series,window,sensor,reference,axis_value,n_pairs,n_pico,n_sensor,record_ids,n_flagged,flags,interpretation,energy_ratio_of_medians_pct,energy_valid_denominators,energy_paired_median_pct,energy_paired_q25_pct,energy_paired_q75_pct,energy_paired_min_pct,energy_paired_max_pct,power_ratio_of_medians_pct,power_valid_denominators,power_paired_median_pct,power_paired_q25_pct,power_paired_q75_pct,power_paired_min_pct,power_paired_max_pct,duration_ratio_of_medians_pct,duration_valid_denominators,duration_paired_median_pct,duration_paired_q25_pct,duration_paired_q75_pct,duration_paired_min_pct,duration_paired_max_pct
historical/durations_without_filter/gemm/fp16/fp16,reported_legacy,firmware,pico,5.0,15,15,15,"0f8c7d9f5beb3044f720,13d57e825b1efdccf602,1967cef3310814ec475b,1db5a049037a41f9283f,43f0b16401d7a285ce16,597b7e37613006cbe268,6070d35400802eedb97f,7528682ba7a8f487386b,7c594cfaf43d0da0cb15,b34a9933fed979fd67c3,b71ddb68f7cb757b0dad,b75956160577081bb0d4,baae203da839a3a7450d,bfeeafce526fd0143ad7,f47c47f1b21a90425e45",12,envelope_energy_sensitive_gt1pct,paired_own_window_setup_difference_not_synchronized_instrument_error,-0.017546149037750425,15,-0.08211852965805955,-0.31221781935233395,0.012277774923774576,-0.990549634092408,0.6914925777830927,-0.017546149037750425,15,-0.08211852965805955,-0.3122178193523395,0.012277774923774576,-0.990549634092408,0.6914925777830927,0.0,15,0.0,0.0,0.0,0.0,0.0
historical/durations_without_filter/gemm/fp16/fp16,reported_legacy,jetson,pico,5.0,15,15,15,"0f8c7d9f5beb3044f720,13d57e825b1efdccf602,1967cef3310814ec475b,1db5a049037a41f9283f,43f0b16401d7a285ce16,597b7e37613006cbe268,6070d35400802eedb97f,7528682ba7a8f487386b,7c594cfaf43d0da0cb15,b34a9933fed979fd67c3,b71ddb68f7cb757b0dad,b75956160577081bb0d4,baae203da839a3a7450d,bfeeafce526fd0143ad7,f47c47f1b21a90425e45",15,envelope_energy_sensitive_gt1pct;timestamp_gap_requires_review,paired_own_window_setup_difference_not_synchronized_instrument_error,-2.170067338342241,15,-1.8361037763888421,-2.852377589605309,-1.3034386525430985,-3.8655774002458565,-0.7156881864126996,-1.6019521345672083,15,-1.722821457896706,-3.4652389872551925,-0.03680680595378738,-4.150103781178849,2.661806945044254,0.3581857142857192,15,0.3581857142857192,-2.8539214285714207,2.4177071428571506,-6.358142857142857,3.298171428571428
historical/durations_without_filter/gemm/fp16/fp16,reported_legacy,shelly,pico,5.0,15,15,15,"0f8c7d9f5beb3044f720,13d57e825b1efdccf602,1967cef3310814ec475b,1db5a049037a41f9283f,43f0b16401d7a285ce16,597b7e37613006cbe268,6070d35400802eedb97f,7528682ba7a8f487386b,7c594cfaf43d0da0cb15,b34a9933fed979fd67c3,b71ddb68f7cb757b0dad,b75956160577081bb0d4,baae203da839a3a7450d,bfeeafce526fd0143ad7,f47c47f1b21a90425e45",15,envelope_energy_sensitive_gt1pct;source_time_resolution_coarser_than_detection_bins,paired_own_window_setup_difference_not_synchronized_instrument_error,-4.057349177894176,15,-3.8756811025368876,-4.424394479955324,-3.3563444649797325,-4.965721885463525,-2.0708884678410366,-3.951860878813651,15,-3.888175639703728,-4.401176308043414,-3.3218284899878103,-5.1424415169175175,-2.0891138799288056,-0.05041428571429529,15,-0.05041428571429529,-0.11471428571429576,0.040314285714282416,-0.31240000000000157,0.186300000000017
historical/durations_without_filter/gemm/fp16/fp16,reported_legacy,firmware,pico,10.0,9,9,9,"2cbb04a2b19dcec4e713,2e1c283b0f436b3ee3e8,716d8b745d6e3bf0369f,7f9d903a1e8d8aafd571,89d6902f27794e8ac786,abd16840062a9b6207e6,ace77121a937ac7685fd,b47c93e6d98dde802f21,d76a05586073a3d4832d",2,envelope_energy_sensitive_gt1pct,paired_own_window_setup_difference_not_synchronized_instrument_error,-0.06205198520561339,9,-0.11900857648404761,-0.2858625109458446,0.4802502267747588,-0.6621911112910106,0.667270877442272,-0.06205198520561339,9,-0.11900857648404761,-0.2858625109458446,0.4802502267747588,-0.6621911112909995,0.667270877442272,0.0,9,0.0,0.0,0.0,0.0,0.0
historical/durations_without_filter/gemm/fp16/fp16,reported_legacy,jetson,pico,10.0,9,9,9,"2cbb04a2b19dcec4e713,2e1c283b0f436b3ee3e8,716d8b745d6e3bf0369f,7f9d903a1e8d8aafd571,89d6902f27794e8ac786,abd16840062a9b6207e6,ace77121a937ac7685fd,b47c93e6d98dde802f21,d76a05586073a3d4832d",9,envelope_energy_sensitive_gt1pct;timestamp_gap_requires_review,paired_own_window_setup_difference_not_synchronized_instrument_error,-1.743248025528965,9,-1.563683697527074,-1.8802345466082948,-1.3021741579044344,-2.1676626225871076,-0.7649484279105057,-1.3386300173489518,9,-1.069263370507234,-1.4706019530824843,-0.9405502287409551,-2.6678646726614574,0.40911788348549916,-0.6225000000000036,9,-0.6225000000000036,-0.7567416666666715,-0.1847166666666733,-1.8320833333333453,1.955074999999984
historical/durations_without_filter/gemm/fp16/fp16,reported_legacy,shelly,pico,10.0,9,9,9,"2cbb04a2b19dcec4e713,2e1c283b0f436b3ee3e8,716d8b745d6e3bf0369f,7f9d903a1e8d8aafd571,89d6902f27794e8ac786,abd16840062a9b6207e6,ace77121a937ac7685fd,b47c93e6d98dde802f21,d76a05586073a3d4832d",9,envelope_energy_sensitive_gt1pct;source_time_resolution_coarser_than_detection_bins,paired_own_window_setup_difference_not_synchronized_instrument_error,-2.4624885369682548,9,-2.619829189294831,-2.8065314809748387,-2.031408260561318,-3.189798857052384,-1.570146881564738,-2.4881494149041727,9,-2.678392862115997,-2.819278352297605,-2.096457006252095,-3.2925444437071905,-1.5959697391723426,0.06644166666667228,9,0.06644166666667228,0.026241666666648733,0.09949999999998571,-0.22564166666666496,0.23732499999999934
historical/durations_without_filter/gemm/fp16/fp16,reported_legacy,firmware,pico,20.0,15,15,15,"036511d2113b6efffe15,18e989fdedafb08a650a,24bb2012b10e6dff8df2,2d30d336a448a5d79b1c,445d5c2591a3eec34720,5b087bfbb9747391ab41,725b01dd7b3e7efbfd4b,72e5b15a1db951d3ec1c,757feffddfd78287f46b,92b28c7b2608039fca64,9a0feee3acea4997dc02,bfc9cd02ba28648749d4,def504a42ff0c4958331,df2c2f821e83cfadf54a,f764caa3fef13a8e93d6",0,,paired_own_window_setup_difference_not_synchronized_instrument_error,0.019201905133203745,15,0.14616856991236382,0.032090498476422535,0.2190098700850518,-0.16391200499686898,0.3839812810026322,0.019201905133203745,15,0.14616856991236382,0.032090498476422535,0.2190098700850407,-0.16391200499688008,0.3839812810026322,0.0,15,0.0,0.0,0.0,0.0,0.0
historical/durations_without_filter/gemm/fp16/fp16,reported_legacy,jetson,pico,20.0,15,15,15,"036511d2113b6efffe15,18e989fdedafb08a650a,24bb2012b10e6dff8df2,2d30d336a448a5d79b1c,445d5c2591a3eec34720,5b087bfbb9747391ab41,725b01dd7b3e7efbfd4b,72e5b15a1db951d3ec1c,757feffddfd78287f46b,92b28c7b2608039fca64,9a0feee3acea4997dc02,bfc9cd02ba28648749d4,def504a42ff0c4958331,df2c2f821e83cfadf54a,f764caa3fef13a8e93d6",15,envelope_energy_sensitive_gt1pct;timestamp_gap_requires_review,paired_own_window_setup_difference_not_synchronized_instrument_error,-1.403186354329311,15,-1.2894667288286255,-1.4421808830684502,-1.1735963421130258,-1.5538347738247915,-0.6865604584095353,-1.110318606374483,15,-0.8955581055296147,-1.0419807034779238,-0.6640328950906327,-1.2991345451996095,-0.4313259659277091,-0.36026818181817966,15,-0.36026818181817966,-0.6064318181818074,-0.15041818181817934,-0.8519454545454441,0.21370454545452944
historical/durations_without_filter/gemm/fp16/fp16,reported_legacy,shelly,pico,20.0,15,15,15,"036511d2113b6efffe15,18e989fdedafb08a650a,24bb2012b10e6dff8df2,2d30d336a448a5d79b1c,445d5c2591a3eec34720,5b087bfbb9747391ab41,725b01dd7b3e7efbfd4b,72e5b15a1db951d3ec1c,757feffddfd78287f46b,92b28c7b2608039fca64,9a0feee3acea4997dc02,bfc9cd02ba28648749d4,def504a42ff0c4958331,df2c2f821e83cfadf54a,f764caa3fef13a8e93d6",15,envelope_energy_sensitive_gt1pct;source_time_resolution_coarser_than_detection_bins,paired_own_window_setup_difference_not_synchronized_instrument_error,-2.307789143378025,15,-2.245610853959523,-2.413273565616525,-2.0057438203646805,-2.548915415641795,-1.7004571225427978,-2.3108758304768107,15,-2.2619419949243658,-2.4016554406509014,-2.0046032113371526,-2.5360324512039956,-1.705787349619703,-0.006413636363622466,15,-0.006413636363622466,-0.015304545454541962,0.02193636363636564,-0.04835000000000811,0.044986363636367876
historical/durations_without_filter/gemm/fp16/fp16,reported_legacy,firmware,pico,50.0,15,15,15,"505047e9a7316adbab37,6093ffb9c6e2056193ea,68b243a63af319845e26,6e639d7d328928225413,6e77a70de165a074c2f4,705d6edb5820fa670d94,8644216e1300d47a57c9,89210ee7dc4475b5804c,8a32680288b6101d4741,9ac4160c77f53197eff7,af9357100f6801b7622d,bc2ecf6759247222130d,c95dfcad7e5ee9585234,d221dcab032bc694adf9,ec1dbaabd6f0fe846942",0,,paired_own_window_setup_difference_not_synchronized_instrument_error,0.060795663767532204,15,0.13040373059443056,-0.06426706401922999,0.18182326655655778,-0.22797683127396828,0.4209895808571007,0.060795663767532204,15,0.13040373059443056,-0.0642670640192411,0.18182326655654668,-0.22797683127396828,0.4209895808571229,0.0,15,0.0,0.0,0.0,0.0,0.0
historical/durations_without_filter/gemm/fp16/fp16,reported_legacy,jetson,pico,50.0,15,15,15,"505047e9a7316adbab37,6093ffb9c6e2056193ea,68b243a63af319845e26,6e639d7d328928225413,6e77a70de165a074c2f4,705d6edb5820fa670d94,8644216e1300d47a57c9,89210ee7dc4475b5804c,8a32680288b6101d4741,9ac4160c77f53197eff7,af9357100f6801b7622d,bc2ecf6759247222130d,c95dfcad7e5ee9585234,d221dcab032bc694adf9,ec1dbaabd6f0fe846942",15,timestamp_gap_requires_review,paired_own_window_setup_difference_not_synchronized_instrument_error,-1.2081874619684574,15,-1.1228068378472678,-1.1677770098084184,-1.0913183315109154,-1.457594738325474,-0.9260002411159984,-1.2883393551847977,15,-1.2146256261368116,-1.3013777517323855,-0.9576042278979569,-1.4849200680670638,-0.7760904067807051,0.06844230769229576,15,0.06844230769229576,-0.21257403846153267,0.1419826923076961,-0.49895384615384897,0.43626153846152427
historical/durations_without_filter/gemm/fp16/fp16,reported_legacy,shelly,pico,50.0,15,15,15,"505047e9a7316adbab37,6093ffb9c6e2056193ea,68b243a63af319845e26,6e639d7d328928225413,6e77a70de165a074c2f4,705d6edb5820fa670d94,8644216e1300d47a57c9,89210ee7dc4475b5804c,8a32680288b6101d4741,9ac4160c77f53197eff7,af9357100f6801b7622d,bc2ecf6759247222130d,c95dfcad7e5ee9585234,d221dcab032bc694adf9,ec1dbaabd6f0fe846942",15,envelope_energy_sensitive_gt1pct;source_time_resolution_coarser_than_detection_bins,paired_own_window_setup_difference_not_synchronized_instrument_error,-2.314784161733674,15,-2.265553187527314,-2.3055636002739854,-2.2133484843091744,-2.5919287861677187,-2.157805758905962,-2.296590459334069,15,-2.2580587754871373,-2.302454596572562,-2.2188608195093495,-2.5699751784593716,-2.160539619212365,-0.002103846153844735,15,-0.002103846153844735,-0.012627884615390439,0.00443557692307861,-0.03108653846154441,0.03726730769231246
historical/durations_without_filter/gemm/fp16/fp16,reported_legacy,firmware,pico,100.0,15,15,15,"49d2473847e9903978a9,4f82e5b7ee6b371ec359,5685672fee80950af29e,6a231353fff0c591d04b,7eb960e0e6cf22840322,7f1fb6fe6de9c91cdb3a,a09b1084c65a3a1dd6ca,b61a70a163be4fb8e779,ba143741fbb55cec6957,bb4da2b471217e87c594,becf5a9c42079b2059d3,e108b772a24e740c75ec,e47eb3a34fd1b37b8421,f546023dce9646a4c84b,fd9836e38cde5e89929e",0,,paired_own_window_setup_difference_not_synchronized_instrument_error,0.1410485536455841,15,0.15807903532647494,0.05169801228657178,0.2400520664496253,-0.038121164671622854,0.4046639108562955,0.1410485536455841,15,0.15807903532645273,0.051698012286582884,0.2400520664496364,-0.038121164671622854,0.4046639108562733,0.0,15,0.0,0.0,0.0,0.0,0.0
historical/durations_without_filter/gemm/fp16/fp16,reported_legacy,jetson,pico,100.0,15,15,15,"49d2473847e9903978a9,4f82e5b7ee6b371ec359,5685672fee80950af29e,6a231353fff0c591d04b,7eb960e0e6cf22840322,7f1fb6fe6de9c91cdb3a,a09b1084c65a3a1dd6ca,b61a70a163be4fb8e779,ba143741fbb55cec6957,bb4da2b471217e87c594,becf5a9c42079b2059d3,e108b772a24e740c75ec,e47eb3a34fd1b37b8421,f546023dce9646a4c84b,fd9836e38cde5e89929e",15,timestamp_gap_requires_review,paired_own_window_setup_difference_not_synchronized_instrument_error,-0.9464329496003621,15,-0.9549090837022378,-0.9857589737664763,-0.9209250818214054,-1.1349974741042268,-0.8091563579332717,-0.9142387715219358,15,-0.9372955527062743,-0.9810054719869954,-0.8893265835487052,-1.0840848330905262,-0.744889736382981,-0.016550000000015164,15,-0.016550000000015164,-0.04166960784314222,0.009419607843130784,-0.1822098039215625,0.0964274509803964
historical/durations_without_filter/gemm/fp16/fp16,reported_legacy,shelly,pico,100.0,15,15,15,"49d2473847e9903978a9,4f82e5b7ee6b371ec359,5685672fee80950af29e,6a231353fff0c591d04b,7eb960e0e6cf22840322,7f1fb6fe6de9c91cdb3a,a09b1084c65a3a1dd6ca,b61a70a163be4fb8e779,ba143741fbb55cec6957,bb4da2b471217e87c594,becf5a9c42079b2059d3,e108b772a24e740c75ec,e47eb3a34fd1b37b8421,f546023dce9646a4c84b,fd9836e38cde5e89929e",15,source_time_resolution_coarser_than_detection_bins,paired_own_window_setup_difference_not_synchronized_instrument_error,-2.0498473839435705,15,-2.0875374128922153,-2.110318162128616,-2.0112143068916897,-2.2389194036630866,-1.9319028734403054,-2.052823249637181,15,-2.088894729586843,-2.1152928669466164,-2.0142768603786223,-2.232246275217664,-1.9343843180880893,0.003038235294106073,15,0.003038235294106073,-0.0018999999999991246,0.0063348039215704866,-0.0072803921568609375,0.02499215686273537
historical/durations_without_filter/gemm/fp16/fp16,reported_legacy,firmware,pico,200.0,15,15,15,"0597fc6fa2d7454afc67,0f0505e1d627476ddf51,324e753f325ad50fc820,3965017a87a6239a7673,58753a16ba512999d13d,58830ca5aaa5cb7e7317,58b0056137d8aadf2727,6eb968584af4e82b66f0,8332fba7c997b44eaa17,8ca0810bf4131f183377,92eaaf93ced709f804d2,94cc75b5ceabb3642ca6,a61e8cf9daadc9451d7c,b3503efd1f5827c1fdcc,baefec752ea104ff2f29",0,,paired_own_window_setup_difference_not_synchronized_instrument_error,0.19870367108931752,15,0.13206733745034782,0.094527014159973,0.22835350902665752,-0.0212844057517092,0.2852143701643328,0.19870367108931752,15,0.13206733745034782,0.0945270141599841,0.22835350902665752,-0.0212844057517092,0.2852143701643328,0.0,15,0.0,0.0,0.0,0.0,0.0
historical/durations_without_filter/gemm/fp16/fp16,reported_legacy,jetson,pico,200.0,15,15,15,"0597fc6fa2d7454afc67,0f0505e1d627476ddf51,324e753f325ad50fc820,3965017a87a6239a7673,58753a16ba512999d13d,58830ca5aaa5cb7e7317,58b0056137d8aadf2727,6eb968584af4e82b66f0,8332fba7c997b44eaa17,8ca0810bf4131f183377,92eaaf93ced709f804d2,94cc75b5ceabb3642ca6,a61e8cf9daadc9451d7c,b3503efd1f5827c1fdcc,baefec752ea104ff2f29",15,timestamp_gap_requires_review,paired_own_window_setup_difference_not_synchronized_instrument_error,-0.953499720365103,15,-0.9517781606262155,-0.9912322878880386,-0.8944274311554645,-1.0688829693724422,-0.8037443973531788,-0.8874786893501296,15,-0.9053479010095788,-0.9334314381131026,-0.8355411159445159,-1.0319220245351035,-0.741203985161154,-0.07374158415841547,15,-0.07374158415841547,-0.08786856435644141,-0.05018564356435995,-0.1120554455445677,0.07232722772276823
historical/durations_without_filter/gemm/fp16/fp16,reported_legacy,shelly,pico,200.0,15,15,15,"0597fc6fa2d7454afc67,0f0505e1d627476ddf51,324e753f325ad50fc820,3965017a87a6239a7673,58753a16ba512999d13d,58830ca5aaa5cb7e7317,58b0056137d8aadf2727,6eb968584af4e82b66f0,8332fba7c997b44eaa17,8ca0810bf4131f183377,92eaaf93ced709f804d2,94cc75b5ceabb3642ca6,a61e8cf9daadc9451d7c,b3503efd1f5827c1fdcc,baefec752ea104ff2f29",15,source_time_resolution_coarser_than_detection_bins,paired_own_window_setup_difference_not_synchronized_instrument_error,-2.201301935172839,15,-2.2465705608585185,-2.3165779728784863,-2.1671461044862337,-2.400193161044084,-2.0258783392302804,-2.205696385142697,15,-2.2429012820343486,-2.3160051677296787,-2.1629990379578077,-2.3976545337020982,-2.0289877063580652,-0.0005841584158394753,15,-0.0005841584158394753,-0.0024346534653441054,0.0020361386138589843,-0.005108415841592606,0.006224752475247897
historical/durations_without_filter/gemm/fp16/fp16,reported_legacy,firmware,pico,300.0,15,15,15,"103aeba0a8be8d12d08a,1aff13fb92fbee869c99,42c8f48265dfa1c89d0b,54622ef16e40cb43b348,65600fb990b2427d114b,65c659d3b005677cd331,7a36d2f745484c1d7d2a,7ee1ff6900d680f2faf6,84b709dd386a35b1b37a,b6f27cf6b2407e8e23b9,c9cfb0f6b31b694dace6,e8243dcdd8003a0e9b91,eb6102dba847ab06313a,fb4172469d4947fb6957,fd01145feab0f6ff06ed",0,,paired_own_window_setup_difference_not_synchronized_instrument_error,0.22163456529435965,15,0.1993294519684552,0.1775151496889893,0.24865128380995305,0.07211217859801611,0.26583124637500344,0.22163456529435965,15,0.199329451968433,0.1775151496889893,0.24865128380994195,0.07211217859801611,0.26583124637502564,0.0,15,0.0,0.0,0.0,0.0,0.0
historical/durations_without_filter/gemm/fp16/fp16,reported_legacy,jetson,pico,300.0,15,15,15,"103aeba0a8be8d12d08a,1aff13fb92fbee869c99,42c8f48265dfa1c89d0b,54622ef16e40cb43b348,65600fb990b2427d114b,65c659d3b005677cd331,7a36d2f745484c1d7d2a,7ee1ff6900d680f2faf6,84b709dd386a35b1b37a,b6f27cf6b2407e8e23b9,c9cfb0f6b31b694dace6,e8243dcdd8003a0e9b91,eb6102dba847ab06313a,fb4172469d4947fb6957,fd01145feab0f6ff06ed",15,terminal_duplicate_power_row_excluded_in_derived_view;timestamp_gap_requires_review,paired_own_window_setup_difference_not_synchronized_instrument_error,-0.9400502220606954,15,-0.9399119999789263,-0.9727818550974432,-0.9115915148230014,-1.018133427515755,-0.8144881388417624,-0.8943539555643643,15,-0.9244075890301184,-0.9681146361615767,-0.8699063663712536,-0.990638816874001,-0.7868670384368337,-0.012809602648999885,15,-0.012809602648999885,-0.061907781456949085,0.019876986754963077,-0.10180463576157095,0.07079900662250171
historical/durations_without_filter/gemm/fp16/fp16,reported_legacy,shelly,pico,300.0,15,15,15,"103aeba0a8be8d12d08a,1aff13fb92fbee869c99,42c8f48265dfa1c89d0b,54622ef16e40cb43b348,65600fb990b2427d114b,65c659d3b005677cd331,7a36d2f745484c1d7d2a,7ee1ff6900d680f2faf6,84b709dd386a35b1b37a,b6f27cf6b2407e8e23b9,c9cfb0f6b31b694dace6,e8243dcdd8003a0e9b91,eb6102dba847ab06313a,fb4172469d4947fb6957,fd01145feab0f6ff06ed",15,source_time_resolution_coarser_than_detection_bins,paired_own_window_setup_difference_not_synchronized_instrument_error,-2.207990234076729,15,-2.220270259444823,-2.2781466868136366,-2.193431283546765,-2.3649977042157433,-2.0902491604845697,-2.208021644083036,15,-2.2404196399388954,-2.2758013505105925,-2.193542792849368,-2.3646178314539967,-2.090323403252592,3.211920531764889e-05,15,3.211920531764889e-05,-0.0010816225165521942,0.002598178807944329,-0.0089940397350885,0.024352649006620375
historical/durations_without_filter/gemm/fp16/fp16,reported_legacy,firmware,pico,400.0,15,15,15,"05151e83b3639eb86338,0813fa75d8df06277787,1ab0470c71689e5cc6aa,26dc7a173afb75412028,3368c5845e4835d7e22d,35ad2c80ee3605f6957d,448e29adc47e5a1cceab,53ca14bc26c2f5513f8c,8f4a7ef08bf7e4d2924c,95ad1b29bc2259c9a69d,a3b4702532bf81e43c8e,b34c4355f0924496ba80,d866ee1cbc7d628c95a6,ded078bb84290c4acc01,e9a9e192f1124d31cc9f",0,,paired_own_window_setup_difference_not_synchronized_instrument_error,0.20393298533514237,15,0.22291017315672068,0.2055973380912901,0.2565274023562436,0.08732528885819768,0.2978485527465047,0.20393298533514237,15,0.22291017315672068,0.2055973380912901,0.2565274023562436,0.08732528885819768,0.2978485527465047,0.0,15,0.0,0.0,0.0,0.0,0.0
historical/durations_without_filter/gemm/fp16/fp16,reported_legacy,jetson,pico,400.0,15,15,15,"05151e83b3639eb86338,0813fa75d8df06277787,1ab0470c71689e5cc6aa,26dc7a173afb75412028,3368c5845e4835d7e22d,35ad2c80ee3605f6957d,448e29adc47e5a1cceab,53ca14bc26c2f5513f8c,8f4a7ef08bf7e4d2924c,95ad1b29bc2259c9a69d,a3b4702532bf81e43c8e,b34c4355f0924496ba80,d866ee1cbc7d628c95a6,ded078bb84290c4acc01,e9a9e192f1124d31cc9f",15,terminal_duplicate_power_row_excluded_in_derived_view;timestamp_gap_requires_review,paired_own_window_setup_difference_not_synchronized_instrument_error,-0.9235612138540183,15,-0.9242956184245532,-0.9490704428080199,-0.9046856262165115,-1.004168576354536,-0.8447283819296492,-0.9026072920257477,15,-0.9064482107269067,-0.9382493617648258,-0.862862049653168,-1.0026614118538668,-0.8232535460501955,-0.04543532338308065,15,-0.04543532338308065,-0.059744402985068,-0.0115656716417889,-0.06885422885571924,0.07288631840796089
historical/durations_without_filter/gemm/fp16/fp16,reported_legacy,shelly,pico,400.0,15,15,15,"05151e83b3639eb86338,0813fa75d8df06277787,1ab0470c71689e5cc6aa,26dc7a173afb75412028,3368c5845e4835d7e22d,35ad2c80ee3605f6957d,448e29adc47e5a1cceab,53ca14bc26c2f5513f8c,8f4a7ef08bf7e4d2924c,95ad1b29bc2259c9a69d,a3b4702532bf81e43c8e,b34c4355f0924496ba80,d866ee1cbc7d628c95a6,ded078bb84290c4acc01,e9a9e192f1124d31cc9f",15,source_time_resolution_coarser_than_detection_bins,paired_own_window_setup_difference_not_synchronized_instrument_error,-2.1612254928428,15,-2.1546265635883244,-2.186602549695654,-2.144523082631067,-2.25130074155514,-2.071782550185697,-2.155095339189106,15,-2.152778906236774,-2.1869479452464646,-2.1427254831695275,-2.2454160128673517,-2.071473661202139,-0.0003154228855661856,15,-0.0003154228855661856,-0.0038422885572153564,0.00031666666666652077,-0.006265174129338469,0.004488805970148668
historical/durations_without_filter/gemm/fp16/fp16,reported_legacy,firmware,pico,500.0,12,12,12,"0873f10360f662ee8c94,18f14c278ea890a79170,2251d148be180410b5e8,378e9156e4bfb20c5707,87c542d82a6061affb2b,88202b1ee195399ddefa,885e74d7fb574756cac9,a9ce580be06c8f08d3e8,abdaeba74a566048f0fa,b72697700703f6a07705,bb390e20ef7008c4a4b5,cf6d9cef65f44cac2ee4",0,,paired_own_window_setup_difference_not_synchronized_instrument_error,0.17190914379483502,12,0.22858079775435192,0.16520317405236962,0.237403265923114,0.15202510263696567,0.2553791366844749,0.17190914379483502,12,0.22858079775435192,0.16520317405235296,0.23740326592309735,0.15202510263696567,0.25537913668445267,0.0,12,0.0,0.0,0.0,0.0,0.0
historical/durations_without_filter/gemm/fp16/fp16,reported_legacy,jetson,pico,500.0,12,12,12,"0873f10360f662ee8c94,18f14c278ea890a79170,2251d148be180410b5e8,378e9156e4bfb20c5707,87c542d82a6061affb2b,88202b1ee195399ddefa,885e74d7fb574756cac9,a9ce580be06c8f08d3e8,abdaeba74a566048f0fa,b72697700703f6a07705,bb390e20ef7008c4a4b5,cf6d9cef65f44cac2ee4",12,timestamp_gap_requires_review,paired_own_window_setup_difference_not_synchronized_instrument_error,-0.9192336311728999,12,-0.9074359084898453,-0.9334122726089522,-0.8913654212873573,-0.9672521321862027,-0.8451401223807053,-0.9243013144417223,12,-0.9010126636431526,-0.9176196828936473,-0.8611161091668623,-1.0175505962264686,-0.8197348736435628,-0.03135119521912033,12,-0.03135119521912033,-0.038417430278886444,0.03338361553784641,-0.05792669322709498,0.05081553784860304
historical/durations_without_filter/gemm/fp16/fp16,reported_legacy,shelly,pico,500.0,12,12,12,"0873f10360f662ee8c94,18f14c278ea890a79170,2251d148be180410b5e8,378e9156e4bfb20c5707,87c542d82a6061affb2b,88202b1ee195399ddefa,885e74d7fb574756cac9,a9ce580be06c8f08d3e8,abdaeba74a566048f0fa,b72697700703f6a07705,bb390e20ef7008c4a4b5,cf6d9cef65f44cac2ee4",12,source_time_resolution_coarser_than_detection_bins,paired_own_window_setup_difference_not_synchronized_instrument_error,-2.2866950872321934,12,-2.259926328216771,-2.2852982250443574,-2.208602067227669,-2.330891763998666,-2.1229599680197997,-2.2846981701731717,12,-2.2595619045018833,-2.2833275183338664,-2.2083801588218406,-2.3340367247483673,-2.1221769454353834,-0.0005606573705185802,12,-0.0005606573705185802,-0.001309063745025263,0.0004513944223072386,-0.002914541832665929,0.003220119521918363
historical/durations_without_filter/gemm/fp16/fp16,reported_legacy,firmware,pico,600.0,15,15,15,"05a4c933897415c14f62,0ea31e7da3ae3a5af1cd,1c57f1e40eaaa8c9dac4,1c88a6414b8a05e557f4,4edc0d9f78bdb7d70b03,64409c5c171d035c65ef,92493033c935758c16d7,b3a98c9e64724da0f4af,b7c858f96ba984b98432,ba623d620a5be0456be6,c187cc8c21e0bc89a8b0,c6b32cb3807dfda8ee93,d3171e01b20dd3b36c9c,e16ddf6a3ee5e3eb7f0c,ef0be0a975df065f9f34",0,,paired_own_window_setup_difference_not_synchronized_instrument_error,0.2871488037679226,15,0.25221311156460313,0.24149712467737006,0.26552513378272913,0.20190074838219996,0.3940031301704616,0.2871488037679226,15,0.25221311156460313,0.24149712467738116,0.26552513378272913,0.20190074838219996,0.39400313017048383,0.0,15,0.0,0.0,0.0,0.0,0.0
historical/durations_without_filter/gemm/fp16/fp16,reported_legacy,jetson,pico,600.0,15,15,15,"05a4c933897415c14f62,0ea31e7da3ae3a5af1cd,1c57f1e40eaaa8c9dac4,1c88a6414b8a05e557f4,4edc0d9f78bdb7d70b03,64409c5c171d035c65ef,92493033c935758c16d7,b3a98c9e64724da0f4af,b7c858f96ba984b98432,ba623d620a5be0456be6,c187cc8c21e0bc89a8b0,c6b32cb3807dfda8ee93,d3171e01b20dd3b36c9c,e16ddf6a3ee5e3eb7f0c,ef0be0a975df065f9f34",15,timestamp_gap_requires_review,paired_own_window_setup_difference_not_synchronized_instrument_error,-0.8032969232157905,15,-0.8460207730223157,-0.8705882256182074,-0.8083846137653006,-0.9350328415147158,-0.7518612423955129,-0.7856364368857172,15,-0.8320255873592419,-0.8563664986084629,-0.798133183288785,-0.9208034559738398,-0.7750574626831486,-0.011732059800650951,15,-0.011732059800650951,-0.01645689368771075,-0.0028150332225918007,-0.041426411960121534,0.02337740863787019
historical/durations_without_filter/gemm/fp16/fp16,reported_legacy,shelly,pico,600.0,15,15,15,"05a4c933897415c14f62,0ea31e7da3ae3a5af1cd,1c57f1e40eaaa8c9dac4,1c88a6414b8a05e557f4,4edc0d9f78bdb7d70b03,64409c5c171d035c65ef,92493033c935758c16d7,b3a98c9e64724da0f4af,b7c858f96ba984b98432,ba623d620a5be0456be6,c187cc8c21e0bc89a8b0,c6b32cb3807dfda8ee93,d3171e01b20dd3b36c9c,e16ddf6a3ee5e3eb7f0c,ef0be0a975df065f9f34",15,source_time_resolution_coarser_than_detection_bins,paired_own_window_setup_difference_not_synchronized_instrument_error,-1.8987321808488722,15,-1.913579160502632,-1.9994878776725122,-1.8840515787735934,-2.0678461546643767,-1.8114450622308431,-1.893551280331851,15,-1.9110585028199845,-2.0009536110052295,-1.8834110502681134,-2.067919197030288,-1.807509859544576,-0.0004307308969941914,15,-0.0004307308969941914,-0.0030063953488312922,0.0006530730896958659,-0.005280897009962704,0.006498837209312214
historical/durations_without_filter/gemm/fp16/fp16,envelope_0.5,firmware,pico,5.0,15,15,15,"0f8c7d9f5beb3044f720,13d57e825b1efdccf602,1967cef3310814ec475b,1db5a049037a41f9283f,43f0b16401d7a285ce16,597b7e37613006cbe268,6070d35400802eedb97f,7528682ba7a8f487386b,7c594cfaf43d0da0cb15,b34a9933fed979fd67c3,b71ddb68f7cb757b0dad,b75956160577081bb0d4,baae203da839a3a7450d,bfeeafce526fd0143ad7,f47c47f1b21a90425e45",12,envelope_energy_sensitive_gt1pct,paired_own_window_setup_difference_not_synchronized_instrument_error,-0.019280790269438075,15,0.1687481583897421,-0.19824044426562382,0.5312397812593628,-1.3825425159160964,2.227709246450904,-0.07279519953438118,15,0.08921305799463042,-0.4032542710726672,0.21249268026367618,-1.3825425159160853,1.0237914826197292,-3.3306690738754696e-14,15,-3.3306690738754696e-14,-3.3306690738754696e-14,-3.3306690738754696e-14,-3.3306690738754696e-14,3.3333333333333215
historical/durations_without_filter/gemm/fp16/fp16,envelope_0.5,jetson,pico,5.0,15,15,15,"0f8c7d9f5beb3044f720,13d57e825b1efdccf602,1967cef3310814ec475b,1db5a049037a41f9283f,43f0b16401d7a285ce16,597b7e37613006cbe268,6070d35400802eedb97f,7528682ba7a8f487386b,7c594cfaf43d0da0cb15,b34a9933fed979fd67c3,b71ddb68f7cb757b0dad,b75956160577081bb0d4,baae203da839a3a7450d,bfeeafce526fd0143ad7,f47c47f1b21a90425e45",15,envelope_energy_sensitive_gt1pct;timestamp_gap_requires_review,paired_own_window_setup_difference_not_synchronized_instrument_error,-5.868647184638642,15,-5.299291664212524,-5.724537375367822,-5.244822235569524,-8.862537409095705,-4.561950663564385,-8.182924776099599,15,-8.328235801823125,-8.374985782433031,-7.902555739298466,-9.068360391397833,-5.8246219893988815,3.3333333333333215,15,3.3333333333333215,3.3333333333333215,3.3333333333333215,-3.2258064516129226,3.44827586206895
historical/durations_without_filter/gemm/fp16/fp16,envelope_0.5,shelly,pico,5.0,15,15,15,"0f8c7d9f5beb3044f720,13d57e825b1efdccf602,1967cef3310814ec475b,1db5a049037a41f9283f,43f0b16401d7a285ce16,597b7e37613006cbe268,6070d35400802eedb97f,7528682ba7a8f487386b,7c594cfaf43d0da0cb15,b34a9933fed979fd67c3,b71ddb68f7cb757b0dad,b75956160577081bb0d4,baae203da839a3a7450d,bfeeafce526fd0143ad7,f47c47f1b21a90425e45",15,envelope_energy_sensitive_gt1pct;source_time_resolution_coarser_than_detection_bins,paired_own_window_setup_difference_not_synchronized_instrument_error,-9.127360987297294,15,-9.176000321296407,-9.585648874766662,-6.704201892803663,-11.256819408281194,-5.602107539095802,-10.847623130689065,15,-11.120131902864427,-12.187242675797943,-9.531790770018166,-14.946810210888927,-6.623467785697246,3.3333333333333215,15,3.3333333333333437,3.3333333333332993,3.3333333333333437,-3.2258064516129226,6.66666666666671
historical/durations_without_filter/gemm/fp16/fp16,envelope_0.5,firmware,pico,10.0,9,9,9,"2cbb04a2b19dcec4e713,2e1c283b0f436b3ee3e8,716d8b745d6e3bf0369f,7f9d903a1e8d8aafd571,89d6902f27794e8ac786,abd16840062a9b6207e6,ace77121a937ac7685fd,b47c93e6d98dde802f21,d76a05586073a3d4832d",2,envelope_energy_sensitive_gt1pct,paired_own_window_setup_difference_not_synchronized_instrument_error,-0.21350921251632737,9,-0.21350921251632737,-0.31200405678384335,0.5161543558779735,-0.9573052839991658,0.6509497193660119,-0.14415458433933992,9,0.2807283999508803,-0.300321103687895,0.5161543558779735,-0.8015011043650322,0.6509497193660341,-1.2345679012345845,9,0.0,-2.220446049250313e-14,0.0,-1.2345679012345845,0.0
historical/durations_without_filter/gemm/fp16/fp16,envelope_0.5,jetson,pico,10.0,9,9,9,"2cbb04a2b19dcec4e713,2e1c283b0f436b3ee3e8,716d8b745d6e3bf0369f,7f9d903a1e8d8aafd571,89d6902f27794e8ac786,abd16840062a9b6207e6,ace77121a937ac7685fd,b47c93e6d98dde802f21,d76a05586073a3d4832d",9,envelope_energy_sensitive_gt1pct;timestamp_gap_requires_review,paired_own_window_setup_difference_not_synchronized_instrument_error,-3.251405091531845,9,-3.044356678087101,-3.589153135933487,-2.424836521537632,-4.2847945607725535,-2.396312282886104,-3.9171164732470176,9,-3.604455748967783,-3.635525026819131,-3.589153135933487,-4.328728725246789,-2.873146716219155,0.0,9,1.2345679012345512,0.0,1.2500000000000178,-1.21951219512193,1.2500000000000178
historical/durations_without_filter/gemm/fp16/fp16,envelope_0.5,shelly,pico,10.0,9,9,9,"2cbb04a2b19dcec4e713,2e1c283b0f436b3ee3e8,716d8b745d6e3bf0369f,7f9d903a1e8d8aafd571,89d6902f27794e8ac786,abd16840062a9b6207e6,ace77121a937ac7685fd,b47c93e6d98dde802f21,d76a05586073a3d4832d",9,envelope_energy_sensitive_gt1pct;source_time_resolution_coarser_than_detection_bins,paired_own_window_setup_difference_not_synchronized_instrument_error,-4.595104904028813,9,-4.599539377574747,-5.407727352021663,-3.5813306550196433,-5.776140951987829,-3.3723917058189667,-5.524255272764311,9,-5.762959629067721,-5.933005517092327,-5.524255272764311,-6.925212403792813,-4.239921516861456,1.2345679012345512,9,1.2345679012345734,1.2345679012345512,2.499999999999991,-1.21951219512193,2.499999999999991
historical/durations_without_filter/gemm/fp16/fp16,envelope_0.5,firmware,pico,20.0,15,15,15,"036511d2113b6efffe15,18e989fdedafb08a650a,24bb2012b10e6dff8df2,2d30d336a448a5d79b1c,445d5c2591a3eec34720,5b087bfbb9747391ab41,725b01dd7b3e7efbfd4b,72e5b15a1db951d3ec1c,757feffddfd78287f46b,92b28c7b2608039fca64,9a0feee3acea4997dc02,bfc9cd02ba28648749d4,def504a42ff0c4958331,df2c2f821e83cfadf54a,f764caa3fef13a8e93d6",0,,paired_own_window_setup_difference_not_synchronized_instrument_error,0.09355296510122901,15,0.14916677626486408,0.05148364511876613,0.23654081360571233,-0.15474591010909977,0.45781843761014684,0.07122330903159835,15,0.1716783488874274,0.09081773032710849,0.30936569694135496,-0.15474591010911087,0.45781843761014684,0.0,15,0.0,0.0,0.0,-0.5524861878452914,2.220446049250313e-14
historical/durations_without_filter/gemm/fp16/fp16,envelope_0.5,jetson,pico,20.0,15,15,15,"036511d2113b6efffe15,18e989fdedafb08a650a,24bb2012b10e6dff8df2,2d30d336a448a5d79b1c,445d5c2591a3eec34720,5b087bfbb9747391ab41,725b01dd7b3e7efbfd4b,72e5b15a1db951d3ec1c,757feffddfd78287f46b,92b28c7b2608039fca64,9a0feee3acea4997dc02,bfc9cd02ba28648749d4,def504a42ff0c4958331,df2c2f821e83cfadf54a,f764caa3fef13a8e93d6",15,envelope_energy_sensitive_gt1pct;timestamp_gap_requires_review,paired_own_window_setup_difference_not_synchronized_instrument_error,-1.8787543931268358,15,-1.7695657748522775,-1.8782236641874561,-1.6560465469502628,-2.183265178724636,-1.2217203046633096,-2.420860722446594,15,-2.291403451682794,-2.404612981593335,-2.1719367764933883,-2.5385543284657697,-1.7674566565712535,0.5555555555555536,15,0.5555555555555536,0.5555555555555536,0.5555555555555536,2.220446049250313e-14,0.5555555555555536
historical/durations_without_filter/gemm/fp16/fp16,envelope_0.5,shelly,pico,20.0,15,15,15,"036511d2113b6efffe15,18e989fdedafb08a650a,24bb2012b10e6dff8df2,2d30d336a448a5d79b1c,445d5c2591a3eec34720,5b087bfbb9747391ab41,725b01dd7b3e7efbfd4b,72e5b15a1db951d3ec1c,757feffddfd78287f46b,92b28c7b2608039fca64,9a0feee3acea4997dc02,bfc9cd02ba28648749d4,def504a42ff0c4958331,df2c2f821e83cfadf54a,f764caa3fef13a8e93d6",15,envelope_energy_sensitive_gt1pct;source_time_resolution_coarser_than_detection_bins,paired_own_window_setup_difference_not_synchronized_instrument_error,-2.9067824997189073,15,-2.956377419305889,-3.441930836311008,-2.8428222194046224,-3.5755043816457666,-2.601758448719149,-3.2465228593282824,15,-3.334413405516512,-3.5195399052382506,-3.0319706058333393,-4.108236401636689,-2.777022900142534,0.5555555555555536,15,0.5555555555555536,1.1102230246251565e-14,0.5555555555555536,-0.5555555555555647,0.5555555555555536
historical/durations_without_filter/gemm/fp16/fp16,envelope_0.5,firmware,pico,50.0,15,15,15,"505047e9a7316adbab37,6093ffb9c6e2056193ea,68b243a63af319845e26,6e639d7d328928225413,6e77a70de165a074c2f4,705d6edb5820fa670d94,8644216e1300d47a57c9,89210ee7dc4475b5804c,8a32680288b6101d4741,9ac4160c77f53197eff7,af9357100f6801b7622d,bc2ecf6759247222130d,c95dfcad7e5ee9585234,d221dcab032bc694adf9,ec1dbaabd6f0fe846942",0,,paired_own_window_setup_difference_not_synchronized_instrument_error,-0.0038077156471749696,15,0.13055802554238216,-0.11571846996164536,0.19860529033723928,-0.22412839676203555,0.4381090129176979,0.1447140353965093,15,0.1306128337215995,-0.030787949529309522,0.2124030408440558,-0.22412839676203555,0.4381090129176757,-0.20790020790021346,15,0.0,0.0,0.0,-0.20790020790021346,0.0
historical/durations_without_filter/gemm/fp16/fp16,envelope_0.5,jetson,pico,50.0,15,15,15,"505047e9a7316adbab37,6093ffb9c6e2056193ea,68b243a63af319845e26,6e639d7d328928225413,6e77a70de165a074c2f4,705d6edb5820fa670d94,8644216e1300d47a57c9,89210ee7dc4475b5804c,8a32680288b6101d4741,9ac4160c77f53197eff7,af9357100f6801b7622d,bc2ecf6759247222130d,c95dfcad7e5ee9585234,d221dcab032bc694adf9,ec1dbaabd6f0fe846942",15,timestamp_gap_requires_review,paired_own_window_setup_difference_not_synchronized_instrument_error,-1.4186169234531532,15,-1.4103662939894068,-1.4983779629534344,-1.3453431694233464,-1.5485893273835094,-1.1314253848002886,-1.5169552775783135,15,-1.4880776748746216,-1.5504464060773604,-1.4701149083639453,-1.7532700148525704,-1.336973356973259,0.0,15,0.20790020790020236,0.0,0.2083333333333437,0.0,0.2083333333333437
historical/durations_without_filter/gemm/fp16/fp16,envelope_0.5,shelly,pico,50.0,15,15,15,"505047e9a7316adbab37,6093ffb9c6e2056193ea,68b243a63af319845e26,6e639d7d328928225413,6e77a70de165a074c2f4,705d6edb5820fa670d94,8644216e1300d47a57c9,89210ee7dc4475b5804c,8a32680288b6101d4741,9ac4160c77f53197eff7,af9357100f6801b7622d,bc2ecf6759247222130d,c95dfcad7e5ee9585234,d221dcab032bc694adf9,ec1dbaabd6f0fe846942",15,envelope_energy_sensitive_gt1pct;source_time_resolution_coarser_than_detection_bins,paired_own_window_setup_difference_not_synchronized_instrument_error,-2.6741433709609796,15,-2.6103470562955478,-2.7968956863227703,-2.5286350853766457,-2.87719898279879,-2.4813614136573015,-2.7686813812591193,15,-2.825109991386454,-2.904196930459657,-2.695651458788628,-3.0371813508164203,-2.4813614136573126,0.0,15,2.220446049250313e-14,0.0,0.2083333333333437,0.0,0.4166666666666652
historical/durations_without_filter/gemm/fp16/fp16,envelope_0.5,firmware,pico,100.0,15,15,15,"49d2473847e9903978a9,4f82e5b7ee6b371ec359,5685672fee80950af29e,6a231353fff0c591d04b,7eb960e0e6cf22840322,7f1fb6fe6de9c91cdb3a,a09b1084c65a3a1dd6ca,b61a70a163be4fb8e779,ba143741fbb55cec6957,bb4da2b471217e87c594,becf5a9c42079b2059d3,e108b772a24e740c75ec,e47eb3a34fd1b37b8421,f546023dce9646a4c84b,fd9836e38cde5e89929e",0,,paired_own_window_setup_difference_not_synchronized_instrument_error,0.09199602056539913,15,0.16244590993874652,0.05707910877793543,0.2493769675722124,-0.04358077283429518,0.3394021630004129,0.15898880920062197,15,0.15144658935304367,0.05707910877793543,0.25059146041670477,-0.04358077283430628,0.4416849378862331,2.220446049250313e-14,15,2.220446049250313e-14,0.0,2.220446049250313e-14,-0.10183299389001643,0.10193679918450993
historical/durations_without_filter/gemm/fp16/fp16,envelope_0.5,jetson,pico,100.0,15,15,15,"49d2473847e9903978a9,4f82e5b7ee6b371ec359,5685672fee80950af29e,6a231353fff0c591d04b,7eb960e0e6cf22840322,7f1fb6fe6de9c91cdb3a,a09b1084c65a3a1dd6ca,b61a70a163be4fb8e779,ba143741fbb55cec6957,bb4da2b471217e87c594,becf5a9c42079b2059d3,e108b772a24e740c75ec,e47eb3a34fd1b37b8421,f546023dce9646a4c84b,fd9836e38cde5e89929e",15,timestamp_gap_requires_review,paired_own_window_setup_difference_not_synchronized_instrument_error,-1.0968910027805978,15,-1.0709495307043015,-1.098929404022203,-1.02929521693495,-1.1379629634293842,-0.9596284371477859,-1.131477358052313,15,-1.1363664806782747,-1.1641324098909833,-1.0787910670346845,-1.328349576440302,-0.9168036053423645,0.10193679918450993,15,0.10193679918450993,2.220446049250313e-14,0.10193679918453213,-0.10183299389001643,0.20387359836901986
historical/durations_without_filter/gemm/fp16/fp16,envelope_0.5,shelly,pico,100.0,15,15,15,"49d2473847e9903978a9,4f82e5b7ee6b371ec359,5685672fee80950af29e,6a231353fff0c591d04b,7eb960e0e6cf22840322,7f1fb6fe6de9c91cdb3a,a09b1084c65a3a1dd6ca,b61a70a163be4fb8e779,ba143741fbb55cec6957,bb4da2b471217e87c594,becf5a9c42079b2059d3,e108b772a24e740c75ec,e47eb3a34fd1b37b8421,f546023dce9646a4c84b,fd9836e38cde5e89929e",15,source_time_resolution_coarser_than_detection_bins,paired_own_window_setup_difference_not_synchronized_instrument_error,-2.247176611169288,15,-2.2085021949683648,-2.2667823442458768,-2.16943970687577,-2.2919587234332517,-2.139628895196133,-2.272344310740526,15,-2.3080862049531303,-2.3727457866615898,-2.1826534501660277,-2.4883885392910976,-2.0638570262984324,0.10193679918450993,15,0.10193679918450993,0.0,0.10193679918450993,-0.10183299389001643,0.20387359836901986
historical/durations_without_filter/gemm/fp16/fp16,envelope_0.5,firmware,pico,200.0,15,15,15,"0597fc6fa2d7454afc67,0f0505e1d627476ddf51,324e753f325ad50fc820,3965017a87a6239a7673,58753a16ba512999d13d,58830ca5aaa5cb7e7317,58b0056137d8aadf2727,6eb968584af4e82b66f0,8332fba7c997b44eaa17,8ca0810bf4131f183377,92eaaf93ced709f804d2,94cc75b5ceabb3642ca6,a61e8cf9daadc9451d7c,b3503efd1f5827c1fdcc,baefec752ea104ff2f29",0,,paired_own_window_setup_difference_not_synchronized_instrument_error,0.20286216704459292,15,0.13475837996284046,0.09675392927694926,0.2235769675162591,-0.02355057392749993,0.2907763787906692,0.2107413802034941,15,0.13475837996284046,0.09529785034367855,0.2307979554470152,-0.02355057392749993,0.2994168058975344,0.0,15,0.0,0.0,0.0,-0.05047955577990315,0.05050505050505638
historical/durations_without_filter/gemm/fp16/fp16,envelope_0.5,jetson,pico,200.0,15,15,15,"0597fc6fa2d7454afc67,0f0505e1d627476ddf51,324e753f325ad50fc820,3965017a87a6239a7673,58753a16ba512999d13d,58830ca5aaa5cb7e7317,58b0056137d8aadf2727,6eb968584af4e82b66f0,8332fba7c997b44eaa17,8ca0810bf4131f183377,92eaaf93ced709f804d2,94cc75b5ceabb3642ca6,a61e8cf9daadc9451d7c,b3503efd1f5827c1fdcc,baefec752ea104ff2f29",15,timestamp_gap_requires_review,paired_own_window_setup_difference_not_synchronized_instrument_error,-0.9602972269450283,15,-0.9868407973002813,-1.0369416190259106,-0.9460948461551544,-1.1094289338073104,-0.8315981310880405,-1.04149791429613,15,-1.036796982569066,-1.073314273348569,-0.9710992002714747,-1.1206310603538605,-0.8816578998255054,0.05050505050505638,15,0.050479555779925356,0.02523977788997378,0.05050505050505638,0.0,0.05050505050505638
historical/durations_without_filter/gemm/fp16/fp16,envelope_0.5,shelly,pico,200.0,15,15,15,"0597fc6fa2d7454afc67,0f0505e1d627476ddf51,324e753f325ad50fc820,3965017a87a6239a7673,58753a16ba512999d13d,58830ca5aaa5cb7e7317,58b0056137d8aadf2727,6eb968584af4e82b66f0,8332fba7c997b44eaa17,8ca0810bf4131f183377,92eaaf93ced709f804d2,94cc75b5ceabb3642ca6,a61e8cf9daadc9451d7c,b3503efd1f5827c1fdcc,baefec752ea104ff2f29",15,source_time_resolution_coarser_than_detection_bins,paired_own_window_setup_difference_not_synchronized_instrument_error,-2.2995538871734444,15,-2.3218317776921737,-2.407129776336847,-2.254455938421296,-2.4818624787447674,-2.113240969542607,-2.3285602007358297,15,-2.3711392831047506,-2.4306639769104024,-2.2849834947404557,-2.53108920137034,-2.113240969542629,0.05050505050505638,15,2.220446049250313e-14,2.220446049250313e-14,0.05050505050505638,-0.05047955577989205,0.10101010101011276
historical/durations_without_filter/gemm/fp16/fp16,envelope_0.5,firmware,pico,300.0,15,15,15,"103aeba0a8be8d12d08a,1aff13fb92fbee869c99,42c8f48265dfa1c89d0b,54622ef16e40cb43b348,65600fb990b2427d114b,65c659d3b005677cd331,7a36d2f745484c1d7d2a,7ee1ff6900d680f2faf6,84b709dd386a35b1b37a,b6f27cf6b2407e8e23b9,c9cfb0f6b31b694dace6,e8243dcdd8003a0e9b91,eb6102dba847ab06313a,fb4172469d4947fb6957,fd01145feab0f6ff06ed",0,,paired_own_window_setup_difference_not_synchronized_instrument_error,0.2022710570127595,15,0.21074354779822002,0.1788227698840017,0.24913858935153854,0.069573914579113,0.26605191033204356,0.2205498762361202,15,0.20104622198489075,0.17565840987674441,0.23969586476025873,0.069573914579113,0.26605191033206577,-2.220446049250313e-14,15,-2.220446049250313e-14,-2.220446049250313e-14,0.0,-2.220446049250313e-14,0.0335683115139096
historical/durations_without_filter/gemm/fp16/fp16,envelope_0.5,jetson,pico,300.0,15,15,15,"103aeba0a8be8d12d08a,1aff13fb92fbee869c99,42c8f48265dfa1c89d0b,54622ef16e40cb43b348,65600fb990b2427d114b,65c659d3b005677cd331,7a36d2f745484c1d7d2a,7ee1ff6900d680f2faf6,84b709dd386a35b1b37a,b6f27cf6b2407e8e23b9,c9cfb0f6b31b694dace6,e8243dcdd8003a0e9b91,eb6102dba847ab06313a,fb4172469d4947fb6957,fd01145feab0f6ff06ed",15,terminal_duplicate_power_row_excluded_in_derived_view;timestamp_gap_requires_review,paired_own_window_setup_difference_not_synchronized_instrument_error,-0.9631529431850749,15,-0.9762183558651105,-0.9977029225575029,-0.9467618568227087,-1.0239076842996742,-0.8528153698885155,-0.9783266234736021,15,-0.99892354656137,-1.0152774359551697,-0.9667009266895399,-1.0629053228417562,-0.8860862372140565,0.0335683115139096,15,0.0335683115139096,0.016778523489946462,0.0335683115139096,0.0,0.0671366230278636
historical/durations_without_filter/gemm/fp16/fp16,envelope_0.5,shelly,pico,300.0,15,15,15,"103aeba0a8be8d12d08a,1aff13fb92fbee869c99,42c8f48265dfa1c89d0b,54622ef16e40cb43b348,65600fb990b2427d114b,65c659d3b005677cd331,7a36d2f745484c1d7d2a,7ee1ff6900d680f2faf6,84b709dd386a35b1b37a,b6f27cf6b2407e8e23b9,c9cfb0f6b31b694dace6,e8243dcdd8003a0e9b91,eb6102dba847ab06313a,fb4172469d4947fb6957,fd01145feab0f6ff06ed",15,source_time_resolution_coarser_than_detection_bins,paired_own_window_setup_difference_not_synchronized_instrument_error,-2.2575366256022633,15,-2.287401569988645,-2.32442376624008,-2.2288041908496092,-2.4554403100724764,-2.113094371227786,-2.3052954480686894,15,-2.3203519532305705,-2.3521347780870174,-2.2653273132530183,-2.4554403100724986,-2.178768242833773,0.0335683115139318,15,0.0335683115139318,0.016778523489946462,0.0671366230278414,-0.03354579000334201,0.0671366230278636
historical/durations_without_filter/gemm/fp16/fp16,envelope_0.5,firmware,pico,400.0,15,15,15,"05151e83b3639eb86338,0813fa75d8df06277787,1ab0470c71689e5cc6aa,26dc7a173afb75412028,3368c5845e4835d7e22d,35ad2c80ee3605f6957d,448e29adc47e5a1cceab,53ca14bc26c2f5513f8c,8f4a7ef08bf7e4d2924c,95ad1b29bc2259c9a69d,a3b4702532bf81e43c8e,b34c4355f0924496ba80,d866ee1cbc7d628c95a6,ded078bb84290c4acc01,e9a9e192f1124d31cc9f",0,,paired_own_window_setup_difference_not_synchronized_instrument_error,0.1906524314558844,15,0.22311667906567134,0.20601203155808934,0.25609768240939523,0.08727069784910668,0.2986087487687472,0.2141900530399532,15,0.22311667906567134,0.20601203155808934,0.25609768240938413,0.08727069784910668,0.2986087487687694,0.0,15,0.0,0.0,0.0,-1.1102230246251565e-14,2.220446049250313e-14
historical/durations_without_filter/gemm/fp16/fp16,envelope_0.5,jetson,pico,400.0,15,15,15,"05151e83b3639eb86338,0813fa75d8df06277787,1ab0470c71689e5cc6aa,26dc7a173afb75412028,3368c5845e4835d7e22d,35ad2c80ee3605f6957d,448e29adc47e5a1cceab,53ca14bc26c2f5513f8c,8f4a7ef08bf7e4d2924c,95ad1b29bc2259c9a69d,a3b4702532bf81e43c8e,b34c4355f0924496ba80,d866ee1cbc7d628c95a6,ded078bb84290c4acc01,e9a9e192f1124d31cc9f",15,terminal_duplicate_power_row_excluded_in_derived_view;timestamp_gap_requires_review,paired_own_window_setup_difference_not_synchronized_instrument_error,-0.9573175713757154,15,-0.9527748432954786,-0.9714602600397471,-0.9203505696779135,-1.0129857931840625,-0.8836974753517413,-0.9716377592462133,15,-0.9652780944043204,-0.9963355526144746,-0.9452387006576579,-1.037850654828576,-0.9085885608677402,0.02512562814069863,15,0.02512562814069863,0.025122472447647315,0.02512562814069863,0.0,0.025131942699152532
historical/durations_without_filter/gemm/fp16/fp16,envelope_0.5,shelly,pico,400.0,15,15,15,"05151e83b3639eb86338,0813fa75d8df06277787,1ab0470c71689e5cc6aa,26dc7a173afb75412028,3368c5845e4835d7e22d,35ad2c80ee3605f6957d,448e29adc47e5a1cceab,53ca14bc26c2f5513f8c,8f4a7ef08bf7e4d2924c,95ad1b29bc2259c9a69d,a3b4702532bf81e43c8e,b34c4355f0924496ba80,d866ee1cbc7d628c95a6,ded078bb84290c4acc01,e9a9e192f1124d31cc9f",15,source_time_resolution_coarser_than_detection_bins,paired_own_window_setup_difference_not_synchronized_instrument_error,-2.2004584314707976,15,-2.196086133356301,-2.2219545722634515,-2.1856566951991674,-2.26691022814689,-2.1052330675330966,-2.214598878544416,15,-2.2206538082788496,-2.252192096514877,-2.187648463907893,-2.2914662808533826,-2.1052330675330855,0.02512562814069863,15,2.220446049250313e-14,2.220446049250313e-14,0.02512562814069863,0.0,0.050251256281419465
historical/durations_without_filter/gemm/fp16/fp16,envelope_0.5,firmware,pico,500.0,12,12,12,"0873f10360f662ee8c94,18f14c278ea890a79170,2251d148be180410b5e8,378e9156e4bfb20c5707,87c542d82a6061affb2b,88202b1ee195399ddefa,885e74d7fb574756cac9,a9ce580be06c8f08d3e8,abdaeba74a566048f0fa,b72697700703f6a07705,bb390e20ef7008c4a4b5,cf6d9cef65f44cac2ee4",0,,paired_own_window_setup_difference_not_synchronized_instrument_error,0.17737956742067684,12,0.22845441579627535,0.1737045381978941,0.2426567674952862,0.15120434106152825,0.2575646314672442,0.16732076544476726,12,0.22800170961281285,0.1595757421347488,0.2316967888443766,0.15120434106155045,0.25756463146722197,-1.1102230246251565e-14,12,-1.1102230246251565e-14,-1.1102230246251565e-14,0.0,-1.1102230246251565e-14,0.02008435428799693
historical/durations_without_filter/gemm/fp16/fp16,envelope_0.5,jetson,pico,500.0,12,12,12,"0873f10360f662ee8c94,18f14c278ea890a79170,2251d148be180410b5e8,378e9156e4bfb20c5707,87c542d82a6061affb2b,88202b1ee195399ddefa,885e74d7fb574756cac9,a9ce580be06c8f08d3e8,abdaeba74a566048f0fa,b72697700703f6a07705,bb390e20ef7008c4a4b5,cf6d9cef65f44cac2ee4",12,timestamp_gap_requires_review,paired_own_window_setup_difference_not_synchronized_instrument_error,-0.9372017881440708,12,-0.9238996436266689,-0.9479484785995862,-0.9080214910403644,-0.9983159664580188,-0.8632430972582483,-0.9570939162990677,12,-0.9338481168859714,-0.9678384487845998,-0.9279164826492575,-1.0181958226896493,-0.8831500765559719,0.02008435428799693,12,0.02008435428799693,0.02008435428799693,0.02008435428799693,0.0,0.02008435428799693
historical/durations_without_filter/gemm/fp16/fp16,envelope_0.5,shelly,pico,500.0,12,12,12,"0873f10360f662ee8c94,18f14c278ea890a79170,2251d148be180410b5e8,378e9156e4bfb20c5707,87c542d82a6061affb2b,88202b1ee195399ddefa,885e74d7fb574756cac9,a9ce580be06c8f08d3e8,abdaeba74a566048f0fa,b72697700703f6a07705,bb390e20ef7008c4a4b5,cf6d9cef65f44cac2ee4",12,source_time_resolution_coarser_than_detection_bins,paired_own_window_setup_difference_not_synchronized_instrument_error,-2.3093153746508666,12,-2.283417315894265,-2.308649895632861,-2.2323290948171843,-2.3579703594122314,-2.127136008892494,-2.3302914361026494,12,-2.313990659518439,-2.332830815281345,-2.251961157247945,-2.377577192673408,-2.146789194432863,0.020084354288019135,12,0.020084354288008033,0.02008435428799693,0.020084354288019135,2.220446049250313e-14,0.040168708576016066
historical/durations_without_filter/gemm/fp16/fp16,envelope_0.5,firmware,pico,600.0,15,15,15,"05a4c933897415c14f62,0ea31e7da3ae3a5af1cd,1c57f1e40eaaa8c9dac4,1c88a6414b8a05e557f4,4edc0d9f78bdb7d70b03,64409c5c171d035c65ef,92493033c935758c16d7,b3a98c9e64724da0f4af,b7c858f96ba984b98432,ba623d620a5be0456be6,c187cc8c21e0bc89a8b0,c6b32cb3807dfda8ee93,d3171e01b20dd3b36c9c,e16ddf6a3ee5e3eb7f0c,ef0be0a975df065f9f34",0,,paired_own_window_setup_difference_not_synchronized_instrument_error,0.27974608956036207,15,0.2521626224009754,0.2436320476306708,0.2762223242944728,0.19992381418210137,0.39338165118940616,0.29651247412640913,15,0.2521626224009532,0.2377772085417229,0.2621814488143914,0.19992381418207916,0.39338165118938395,0.0,15,2.220446049250313e-14,0.0,0.008358408559028252,0.0,0.016719612105009496
historical/durations_without_filter/gemm/fp16/fp16,envelope_0.5,jetson,pico,600.0,15,15,15,"05a4c933897415c14f62,0ea31e7da3ae3a5af1cd,1c57f1e40eaaa8c9dac4,1c88a6414b8a05e557f4,4edc0d9f78bdb7d70b03,64409c5c171d035c65ef,92493033c935758c16d7,b3a98c9e64724da0f4af,b7c858f96ba984b98432,ba623d620a5be0456be6,c187cc8c21e0bc89a8b0,c6b32cb3807dfda8ee93,d3171e01b20dd3b36c9c,e16ddf6a3ee5e3eb7f0c,ef0be0a975df065f9f34",15,timestamp_gap_requires_review,paired_own_window_setup_difference_not_synchronized_instrument_error,-0.8210111063674197,15,-0.8492225071387249,-0.887388603761341,-0.8261901806615513,-0.9480682077002589,-0.7726384301173783,-0.8211814529589301,15,-0.8823666747780012,-0.8956739514161538,-0.8377264699724163,-0.9646237704267091,-0.7892233142173466,0.0167168171180343,15,0.0167196121050317,0.0167168171180343,0.03343642922302159,0.0,0.03343922420999679
historical/durations_without_filter/gemm/fp16/fp16,envelope_0.5,shelly,pico,600.0,15,15,15,"05a4c933897415c14f62,0ea31e7da3ae3a5af1cd,1c57f1e40eaaa8c9dac4,1c88a6414b8a05e557f4,4edc0d9f78bdb7d70b03,64409c5c171d035c65ef,92493033c935758c16d7,b3a98c9e64724da0f4af,b7c858f96ba984b98432,ba623d620a5be0456be6,c187cc8c21e0bc89a8b0,c6b32cb3807dfda8ee93,d3171e01b20dd3b36c9c,e16ddf6a3ee5e3eb7f0c,ef0be0a975df065f9f34",15,source_time_resolution_coarser_than_detection_bins,paired_own_window_setup_difference_not_synchronized_instrument_error,-1.9180369453296486,15,-1.9325729917523127,-2.020171351723876,-1.9040622116541506,-2.1042618843720162,-1.8429928530618644,-1.9508183500939413,15,-1.965355016491821,-2.0365464685608456,-1.9272607069010461,-2.097960403753263,-1.8429928530618978,0.0167168171180343,15,0.0167196121050317,2.220446049250313e-14,0.0334336342360575,-0.016716817118000993,0.05015883631502849
historical/durations_without_filter/gemm/int8/int8,reported_legacy,firmware,pico,5.0,15,15,15,"082c6d081a5c856f852f,0f519251f1d3b629a3ed,116c728e2170a16f2b9d,2865e31e56d09c23095d,3bbd4815e691f4bc4fab,59916e5d41bbba69bad1,6a703f25e283e4d9d4ea,753b3404684930a7202e,84c43611a8a15c5d2eda,9874bdb1c162a818b289,9e9e8df95da28def4cb5,a276585036fbc245eaac,a7b055f264d218424b8f,b448c89e1606015db2b7,f6ae5eeaa60f2780368b",5,envelope_energy_sensitive_gt1pct,paired_own_window_setup_difference_not_synchronized_instrument_error,0.15460843084069698,15,0.005718290125722447,-0.14970083013786661,0.23689077636863676,-0.23556504413669854,0.5499940875350884,0.15460843084069698,15,0.005718290125722447,-0.14970083013787217,0.23689077636863676,-0.23556504413669854,0.5499940875350884,0.0,15,0.0,0.0,0.0,0.0,0.0
historical/durations_without_filter/gemm/int8/int8,reported_legacy,jetson,pico,5.0,15,15,15,"082c6d081a5c856f852f,0f519251f1d3b629a3ed,116c728e2170a16f2b9d,2865e31e56d09c23095d,3bbd4815e691f4bc4fab,59916e5d41bbba69bad1,6a703f25e283e4d9d4ea,753b3404684930a7202e,84c43611a8a15c5d2eda,9874bdb1c162a818b289,9e9e8df95da28def4cb5,a276585036fbc245eaac,a7b055f264d218424b8f,b448c89e1606015db2b7,f6ae5eeaa60f2780368b",15,envelope_energy_sensitive_gt1pct;timestamp_gap_requires_review,paired_own_window_setup_difference_not_synchronized_instrument_error,-2.268517805216097,15,-2.258640229538167,-2.819561653317648,-1.8243316207416316,-3.830622486792168,-0.512044889846186,-1.1330669970857854,15,-0.8115228573746025,-1.329975004045153,-0.3822385387893923,-4.407927131617928,0.8100530959926244,-1.4589571428571424,15,-1.4589571428571424,-2.336592857142855,-0.44576428571428406,-4.603385714285723,4.075528571428566
historical/durations_without_filter/gemm/int8/int8,reported_legacy,shelly,pico,5.0,15,15,15,"082c6d081a5c856f852f,0f519251f1d3b629a3ed,116c728e2170a16f2b9d,2865e31e56d09c23095d,3bbd4815e691f4bc4fab,59916e5d41bbba69bad1,6a703f25e283e4d9d4ea,753b3404684930a7202e,84c43611a8a15c5d2eda,9874bdb1c162a818b289,9e9e8df95da28def4cb5,a276585036fbc245eaac,a7b055f264d218424b8f,b448c89e1606015db2b7,f6ae5eeaa60f2780368b",15,envelope_energy_sensitive_gt1pct;source_time_resolution_coarser_than_detection_bins,paired_own_window_setup_difference_not_synchronized_instrument_error,-5.3075943888465815,15,-5.172639566371407,-5.481580869573843,-5.001858814233767,-7.269814897143567,-3.4956264819877236,-5.221250948460621,15,-5.24832934972358,-5.475540593027512,-5.102503479210374,-7.35360694206495,-3.5344167688954986,0.057071428571431326,15,0.057071428571431326,-0.03810714285714667,0.10184999999999222,-1.5616571428571313,1.8497857142857344
historical/durations_without_filter/gemm/int8/int8,reported_legacy,firmware,pico,10.0,6,6,6,"2f22e81ce965d4cced4a,672c04139b050dc183fc,73cf5f3ebb1a5c916f83,89937053bb04e117925a,8b0104bda6fd6bba4b64,ba41db860db63baf0d7d",2,envelope_energy_sensitive_gt1pct,paired_own_window_setup_difference_not_synchronized_instrument_error,0.3111374212104723,6,0.3109755760718147,0.20678553186017634,0.4161352688893616,-0.059685908726792025,0.5833244932986092,0.3111374212104945,6,0.3109755760718147,0.20678553186017634,0.4161352688893616,-0.059685908726792025,0.5833244932986315,0.0,6,0.0,0.0,0.0,0.0,0.0
historical/durations_without_filter/gemm/int8/int8,reported_legacy,jetson,pico,10.0,6,6,6,"2f22e81ce965d4cced4a,672c04139b050dc183fc,73cf5f3ebb1a5c916f83,89937053bb04e117925a,8b0104bda6fd6bba4b64,ba41db860db63baf0d7d",6,envelope_energy_sensitive_gt1pct;timestamp_gap_requires_review,paired_own_window_setup_difference_not_synchronized_instrument_error,-1.525454424033268,6,-1.6789134277912399,-1.7883274013480666,-1.2263862903268112,-2.163824332644204,-1.0884616052193041,-0.957565470078181,6,-1.5717833234043188,-1.8253809971851416,-1.0595673762374247,-2.029181680241321,-0.6153451537023291,-0.028733333333341715,6,-0.028733333333336164,-0.7096854166666611,0.5065187500000068,-1.5580666666666576,0.9557333333333196
historical/durations_without_filter/gemm/int8/int8,reported_legacy,shelly,pico,10.0,6,6,6,"2f22e81ce965d4cced4a,672c04139b050dc183fc,73cf5f3ebb1a5c916f83,89937053bb04e117925a,8b0104bda6fd6bba4b64,ba41db860db63baf0d7d",6,envelope_energy_sensitive_gt1pct;source_time_resolution_coarser_than_detection_bins,paired_own_window_setup_difference_not_synchronized_instrument_error,-3.427662805599918,6,-3.7559946159232527,-3.9291965688469848,-3.612788269118866,-4.2804611276444415,-3.126028184981988,-3.453993689443291,6,-3.7673298134068,-3.845642907353694,-3.7317880277659894,-4.311177239750508,-3.1798521188582396,0.007733333333348469,6,0.00773333333335402,-0.026745833333322033,0.04971875000000514,-0.12929166666667546,0.24082500000000007
historical/durations_without_filter/gemm/int8/int8,reported_legacy,firmware,pico,20.0,15,15,15,"05003b6223fc844adec9,068492e1620cb15d7c87,094179dcec0399b4f0ae,1235d6c05fda8debe6f0,42ac8ecab0f7e07481af,642c2c7ce8d8a7bd1d4b,64ef499e4176eb24a347,800de2a9acbeae339167,b2ec19b429230bf7ddd7,b6cd0fa8d32bb53baeaa,bd2dc28880b444b850a2,d6f82d1af903a5bd1c76,d78fe719459553d25a16,f33b497e5498ce9a0215,f4fa114ada7523a8c01c",0,,paired_own_window_setup_difference_not_synchronized_instrument_error,0.37148285442480944,15,0.3186720326568526,0.2435991634189283,0.4178097424130667,0.0895453070747898,0.5282738342372806,0.37148285442478723,15,0.3186720326568526,0.2435991634189283,0.4178097424130667,0.0895453070747898,0.5282738342372806,0.0,15,0.0,0.0,0.0,0.0,0.0
historical/durations_without_filter/gemm/int8/int8,reported_legacy,jetson,pico,20.0,15,15,15,"05003b6223fc844adec9,068492e1620cb15d7c87,094179dcec0399b4f0ae,1235d6c05fda8debe6f0,42ac8ecab0f7e07481af,642c2c7ce8d8a7bd1d4b,64ef499e4176eb24a347,800de2a9acbeae339167,b2ec19b429230bf7ddd7,b6cd0fa8d32bb53baeaa,bd2dc28880b444b850a2,d6f82d1af903a5bd1c76,d78fe719459553d25a16,f33b497e5498ce9a0215,f4fa114ada7523a8c01c",15,envelope_energy_sensitive_gt1pct;timestamp_gap_requires_review,paired_own_window_setup_difference_not_synchronized_instrument_error,-1.4574267250426765,15,-1.4244567137904895,-1.4636703177960508,-1.3406689930169302,-1.5111297159967063,-1.1794895596295873,-1.062149024506509,15,-1.016105912431775,-1.1674796205006444,-0.9295642630671841,-1.9030908122399937,-0.7502306732128705,-0.37701818181816726,15,-0.37701818181816726,-0.5489090909090888,-0.26108863636362667,-0.5914409090909012,0.4882409090909201
historical/durations_without_filter/gemm/int8/int8,reported_legacy,shelly,pico,20.0,15,15,15,"05003b6223fc844adec9,068492e1620cb15d7c87,094179dcec0399b4f0ae,1235d6c05fda8debe6f0,42ac8ecab0f7e07481af,642c2c7ce8d8a7bd1d4b,64ef499e4176eb24a347,800de2a9acbeae339167,b2ec19b429230bf7ddd7,b6cd0fa8d32bb53baeaa,bd2dc28880b444b850a2,d6f82d1af903a5bd1c76,d78fe719459553d25a16,f33b497e5498ce9a0215,f4fa114ada7523a8c01c",15,envelope_energy_sensitive_gt1pct;source_time_resolution_coarser_than_detection_bins,paired_own_window_setup_difference_not_synchronized_instrument_error,-3.4492184066524545,15,-3.3878966027023116,-3.549550816036934,-3.299865045108563,-3.701719754936539,-3.0416652838972214,-3.4059003435974566,15,-3.3950508337062035,-3.425708903964342,-3.259361919985515,-3.579624252337976,-3.132707329830897,0.01881363636364597,15,0.01881363636364597,-0.033445454545455444,0.06418863636363792,-0.4582409090909012,0.14760454545454937
historical/durations_without_filter/gemm/int8/int8,reported_legacy,firmware,pico,50.0,15,15,15,"149d147e17684267ca9f,188d61549e6c5884d052,20955666fce0528286b1,2195fb1bce9791c8bd18,3d53a1c76e2278893eb0,550c646a4cee802c0437,5fab3761478ea37145d3,6e30bca9c012739f7327,8a0146691acf5afdbdac,a62ed3e47c4df9be7410,a7d2fee18eb5017e3215,be7a0e821d19ef0474d6,c2c340d60b23fa6e5de3,ccc55ca83b6b8f5ddd61,d471e0ca0aa3b5808e03",0,,paired_own_window_setup_difference_not_synchronized_instrument_error,0.3133758781721063,15,0.3223754559606995,0.2740836930400281,0.3760413832862963,0.20733661292955397,0.44926501344284553,0.3133758781721063,15,0.3223754559606995,0.2740836930400281,0.3760413832862963,0.20733661292953176,0.44926501344284553,0.0,15,0.0,0.0,0.0,0.0,0.0
historical/durations_without_filter/gemm/int8/int8,reported_legacy,jetson,pico,50.0,15,15,15,"149d147e17684267ca9f,188d61549e6c5884d052,20955666fce0528286b1,2195fb1bce9791c8bd18,3d53a1c76e2278893eb0,550c646a4cee802c0437,5fab3761478ea37145d3,6e30bca9c012739f7327,8a0146691acf5afdbdac,a62ed3e47c4df9be7410,a7d2fee18eb5017e3215,be7a0e821d19ef0474d6,c2c340d60b23fa6e5de3,ccc55ca83b6b8f5ddd61,d471e0ca0aa3b5808e03",15,timestamp_gap_requires_review,paired_own_window_setup_difference_not_synchronized_instrument_error,-1.2286182318415384,15,-1.2814822365081802,-1.305341326865661,-1.2480152344660378,-1.3423785294991886,-1.1149264730297426,-1.2724555495190026,15,-1.2486570094048632,-1.3162894496420163,-1.1699908895306255,-1.3463716605484621,-1.024478180224575,-0.022923076923064833,15,-0.022923076923064833,-0.1178836538461625,0.07395192307692033,-0.32082500000000236,0.16553269230770162
historical/durations_without_filter/gemm/int8/int8,reported_legacy,shelly,pico,50.0,15,15,15,"149d147e17684267ca9f,188d61549e6c5884d052,20955666fce0528286b1,2195fb1bce9791c8bd18,3d53a1c76e2278893eb0,550c646a4cee802c0437,5fab3761478ea37145d3,6e30bca9c012739f7327,8a0146691acf5afdbdac,a62ed3e47c4df9be7410,a7d2fee18eb5017e3215,be7a0e821d19ef0474d6,c2c340d60b23fa6e5de3,ccc55ca83b6b8f5ddd61,d471e0ca0aa3b5808e03",15,source_time_resolution_coarser_than_detection_bins,paired_own_window_setup_difference_not_synchronized_instrument_error,-3.3182771267636246,15,-3.2723395358823626,-3.3397328370978085,-3.2023981560026895,-3.458957157066467,-3.0025543498975793,-3.314889429235557,15,-3.287088254923487,-3.3517941232782453,-3.211655631780741,-3.451164552020791,-3.0129450207300845,0.009915384615388767,15,0.009915384615388767,-0.0026124999999987963,0.018632692307696264,-0.015530769230764907,0.04801346153846531
historical/durations_without_filter/gemm/int8/int8,reported_legacy,firmware,pico,100.0,15,15,15,"222443cefb63f1e228d0,336b2ecf763344ff841b,49bbac4fdb22e6b4ae67,604827eb9981c675a656,64a77eceebf0cd53706d,66e56defb508f0fa9a66,86ec96a3757e025d35e4,b58337dc083ec58240a7,bb5191dbd6456369bf38,c276044f041480e44739,c38cf9195cde81892721,cc588a58abd204f8a493,d4950c5298a6b486ac44,de9dd0d7f0bc4c09ec17,e31dcae35fc0621a7e50",0,,paired_own_window_setup_difference_not_synchronized_instrument_error,0.3673717728075232,15,0.3540282979979992,0.32633681077313126,0.37536855841440175,0.13731346922198906,0.41770849106634866,0.3673717728075232,15,0.3540282979979992,0.32633681077314236,0.37536855841440175,0.13731346922198906,0.41770849106634866,0.0,15,0.0,0.0,0.0,0.0,0.0
historical/durations_without_filter/gemm/int8/int8,reported_legacy,jetson,pico,100.0,15,15,15,"222443cefb63f1e228d0,336b2ecf763344ff841b,49bbac4fdb22e6b4ae67,604827eb9981c675a656,64a77eceebf0cd53706d,66e56defb508f0fa9a66,86ec96a3757e025d35e4,b58337dc083ec58240a7,bb5191dbd6456369bf38,c276044f041480e44739,c38cf9195cde81892721,cc588a58abd204f8a493,d4950c5298a6b486ac44,de9dd0d7f0bc4c09ec17,e31dcae35fc0621a7e50",15,timestamp_gap_requires_review,paired_own_window_setup_difference_not_synchronized_instrument_error,-1.2405707534583366,15,-1.2400669012533894,-1.2604394853256429,-1.2129385930994774,-1.3279515076029091,-1.1927754189159256,-1.2653315495881556,15,-1.220746410890572,-1.2746657542854645,-1.1826063821527344,-1.393331595683156,-1.0930128892019053,-0.0023039215686249115,15,-0.0023039215686249115,-0.050089215686272004,0.04731029411765286,-0.17753823529411683,0.13548137254901782
historical/durations_without_filter/gemm/int8/int8,reported_legacy,shelly,pico,100.0,15,15,15,"222443cefb63f1e228d0,336b2ecf763344ff841b,49bbac4fdb22e6b4ae67,604827eb9981c675a656,64a77eceebf0cd53706d,66e56defb508f0fa9a66,86ec96a3757e025d35e4,b58337dc083ec58240a7,bb5191dbd6456369bf38,c276044f041480e44739,c38cf9195cde81892721,cc588a58abd204f8a493,d4950c5298a6b486ac44,de9dd0d7f0bc4c09ec17,e31dcae35fc0621a7e50",15,source_time_resolution_coarser_than_detection_bins,paired_own_window_setup_difference_not_synchronized_instrument_error,-3.0411563976455613,15,-3.0091512815748067,-3.0562940502680327,-2.9898808740666025,-3.136414514410435,-2.9366331549007363,-3.0481264769450234,15,-3.0231273602787545,-3.0536585133210945,-2.9856568859148167,-3.1402119878639723,-2.931660781641765,0.0006686274509837276,15,0.0006686274509837276,-0.005208823529401219,0.01076568627450536,-0.012627450980406962,0.02820588235294963
historical/durations_without_filter/gemm/int8/int8,reported_legacy,firmware,pico,200.0,15,15,15,"095cdc967a6c3d806f2f,5e10f45116de62ab63d7,63c1e05c9fa29ca17c42,758ebcd8fb4b647557e8,9aba7ca1a5a3536f3375,b45623b3c3d74d56d30b,bce966acc0fc0e4231e0,c1bb2d675a14355ecd0a,c68f3dbdc9f71e766798,d2dfc7f230e61373abb8,d4d65fab0230c2e63d76,e8762f5a474a30d353d4,eb6249ab13a9af32cc3d,f693d45b70795ab2736f,f7e024230501fd3b86f0",0,,paired_own_window_setup_difference_not_synchronized_instrument_error,0.3482017231989376,15,0.37377447996203017,0.3344132676343592,0.3964870668105469,0.1859013134448695,0.4726551418766656,0.3482017231989376,15,0.3737744799620524,0.3344132676343703,0.3964870668105469,0.1859013134448695,0.4726551418766656,0.0,15,0.0,0.0,0.0,0.0,0.0
historical/durations_without_filter/gemm/int8/int8,reported_legacy,jetson,pico,200.0,15,15,15,"095cdc967a6c3d806f2f,5e10f45116de62ab63d7,63c1e05c9fa29ca17c42,758ebcd8fb4b647557e8,9aba7ca1a5a3536f3375,b45623b3c3d74d56d30b,bce966acc0fc0e4231e0,c1bb2d675a14355ecd0a,c68f3dbdc9f71e766798,d2dfc7f230e61373abb8,d4d65fab0230c2e63d76,e8762f5a474a30d353d4,eb6249ab13a9af32cc3d,f693d45b70795ab2736f,f7e024230501fd3b86f0",15,timestamp_gap_requires_review,paired_own_window_setup_difference_not_synchronized_instrument_error,-1.236191586693547,15,-1.1994249151938252,-1.213788067785565,-1.1823692789135531,-1.2647583019034236,-1.1531153720723553,-1.235222150014692,15,-1.206006930751824,-1.2401899557140272,-1.1819606155071716,-1.2805594624580308,-1.1360551985709288,0.02362722772277781,15,0.02362722772277781,-0.01862351485147906,0.050208168316823176,-0.10688267326732781,0.08313366336634154
historical/durations_without_filter/gemm/int8/int8,reported_legacy,shelly,pico,200.0,15,15,15,"095cdc967a6c3d806f2f,5e10f45116de62ab63d7,63c1e05c9fa29ca17c42,758ebcd8fb4b647557e8,9aba7ca1a5a3536f3375,b45623b3c3d74d56d30b,bce966acc0fc0e4231e0,c1bb2d675a14355ecd0a,c68f3dbdc9f71e766798,d2dfc7f230e61373abb8,d4d65fab0230c2e63d76,e8762f5a474a30d353d4,eb6249ab13a9af32cc3d,f693d45b70795ab2736f,f7e024230501fd3b86f0",15,source_time_resolution_coarser_than_detection_bins;timestamp_gap_requires_review,paired_own_window_setup_difference_not_synchronized_instrument_error,-3.0170598243316915,15,-3.043616490081713,-3.0600239756153504,-3.015188363346666,-3.065491462240011,-2.961047308084108,-3.0176545371186747,15,-3.051672966042196,-3.0615323112004047,-3.012920797236335,-3.1165382588122514,-2.9531053169157717,0.000453960396029629,15,0.000453960396029629,-0.003612376237627224,0.005760643564367562,-0.014253465346525385,0.06273366336633224
historical/durations_without_filter/gemm/int8/int8,reported_legacy,firmware,pico,300.0,15,15,15,"13d0d4aaa2c23a01c305,18e2942434504b6ed95a,363a73dbd5500022b804,389ac14659b6cdba94ce,41ffadd23fb90652cf91,44b57d3977d1daf41f99,473aa46bcf34b5c6f905,5bed5b741da5e5f3df82,70dac1e75fdbc57be308,991ee8ca2a204ccdcdbd,d867628e29c3696536fb,e14f61b3ca3d77b18975,e9b98f12d1877e9b5bda,f49f741ac6709abb5476,fdd3d9d07042b1b4b2de",0,,paired_own_window_setup_difference_not_synchronized_instrument_error,0.39119713903223996,15,0.37933987197242836,0.3606562277302827,0.40211845019296755,0.24062039121757195,0.4303739509866178,0.39119713903223996,15,0.37933987197242836,0.3606562277302716,0.40211845019296755,0.24062039121757195,0.4303739509866178,0.0,15,0.0,0.0,0.0,0.0,0.0
historical/durations_without_filter/gemm/int8/int8,reported_legacy,jetson,pico,300.0,15,15,15,"13d0d4aaa2c23a01c305,18e2942434504b6ed95a,363a73dbd5500022b804,389ac14659b6cdba94ce,41ffadd23fb90652cf91,44b57d3977d1daf41f99,473aa46bcf34b5c6f905,5bed5b741da5e5f3df82,70dac1e75fdbc57be308,991ee8ca2a204ccdcdbd,d867628e29c3696536fb,e14f61b3ca3d77b18975,e9b98f12d1877e9b5bda,f49f741ac6709abb5476,fdd3d9d07042b1b4b2de",15,timestamp_gap_requires_review,paired_own_window_setup_difference_not_synchronized_instrument_error,-1.1932891625911157,15,-1.1995481241545258,-1.2255244253807362,-1.1792919423671222,-1.29620362241607,-1.1283953931818913,-1.1614706453968338,15,-1.2033856308486524,-1.2376324310930331,-1.167115975196037,-1.264668254434198,-1.1261808815510421,-0.007897019867542099,15,-0.007897019867542099,-0.031149006622510633,0.031014569536425007,-0.048247682119206825,0.050996357615895604
historical/durations_without_filter/gemm/int8/int8,reported_legacy,shelly,pico,300.0,15,15,15,"13d0d4aaa2c23a01c305,18e2942434504b6ed95a,363a73dbd5500022b804,389ac14659b6cdba94ce,41ffadd23fb90652cf91,44b57d3977d1daf41f99,473aa46bcf34b5c6f905,5bed5b741da5e5f3df82,70dac1e75fdbc57be308,991ee8ca2a204ccdcdbd,d867628e29c3696536fb,e14f61b3ca3d77b18975,e9b98f12d1877e9b5bda,f49f741ac6709abb5476,fdd3d9d07042b1b4b2de",15,source_time_resolution_coarser_than_detection_bins,paired_own_window_setup_difference_not_synchronized_instrument_error,-3.1409873219299445,15,-3.1525488907943378,-3.190428079508628,-3.127766228812284,-3.2141284940910952,-3.086350247602432,-3.163911364724026,15,-3.1570034822899995,-3.1911227284288857,-3.1281781399271735,-3.2118318582867733,-3.08283636211234,-5.1655629140778814e-05,15,-5.1655629140778814e-05,-0.004664900662243454,0.00038526490065970975,-0.0065870860927241814,0.06677748344370293
historical/durations_without_filter/gemm/int8/int8,reported_legacy,firmware,pico,400.0,15,15,15,"0229fa82a2c9de2353ce,0d587a14926f1686e446,22ce4db3aa145738cced,24c42a9e0c997044fdf3,2a3f2e72c23c4d8f2b22,2e4475d758795be80740,3cb3e7ecbb19c0f3f254,48544c90c262dad49ac5,881dd25333a5838376ac,8aec65a1fab375b38121,a11469d5a2d06be94799,b319608c8bb5f733df5a,c7a0e050c25975d02f26,d148c54da8bcf26989ba,e3cce1138266753fac55",0,,paired_own_window_setup_difference_not_synchronized_instrument_error,0.3432644529665074,15,0.38358097392783286,0.3732999777660173,0.3961391288156424,0.32511121503451257,0.4147172281422362,0.3432644529665074,15,0.38358097392783286,0.3732999777660062,0.3961391288156424,0.32511121503451257,0.4147172281422584,0.0,15,0.0,0.0,0.0,0.0,0.0
historical/durations_without_filter/gemm/int8/int8,reported_legacy,jetson,pico,400.0,15,15,15,"0229fa82a2c9de2353ce,0d587a14926f1686e446,22ce4db3aa145738cced,24c42a9e0c997044fdf3,2a3f2e72c23c4d8f2b22,2e4475d758795be80740,3cb3e7ecbb19c0f3f254,48544c90c262dad49ac5,881dd25333a5838376ac,8aec65a1fab375b38121,a11469d5a2d06be94799,b319608c8bb5f733df5a,c7a0e050c25975d02f26,d148c54da8bcf26989ba,e3cce1138266753fac55",15,timestamp_gap_requires_review,paired_own_window_setup_difference_not_synchronized_instrument_error,-1.197859433861359,15,-1.1896018157567578,-1.2043497886012278,-1.177268092756073,-1.2115628649585042,-1.1430421572015792,-1.1957098260955479,15,-1.173939861914719,-1.1983579987581094,-1.1599415636959876,-1.238568839754739,-1.1283889909311728,-0.005840796019906946,15,-0.005840796019906946,-0.018613805970141284,0.015548631840800464,-0.048370149253718075,0.03297363184080471
historical/durations_without_filter/gemm/int8/int8,reported_legacy,shelly,pico,400.0,15,15,15,"0229fa82a2c9de2353ce,0d587a14926f1686e446,22ce4db3aa145738cced,24c42a9e0c997044fdf3,2a3f2e72c23c4d8f2b22,2e4475d758795be80740,3cb3e7ecbb19c0f3f254,48544c90c262dad49ac5,881dd25333a5838376ac,8aec65a1fab375b38121,a11469d5a2d06be94799,b319608c8bb5f733df5a,c7a0e050c25975d02f26,d148c54da8bcf26989ba,e3cce1138266753fac55",15,source_time_resolution_coarser_than_detection_bins;timestamp_gap_requires_review,paired_own_window_setup_difference_not_synchronized_instrument_error,-2.932991277673902,15,-2.943294745059166,-2.9693903412822964,-2.8992722386120384,-2.989958377488011,-2.8663042395287497,-2.932248781815705,15,-2.940423097134248,-2.968012610911913,-2.899807006312849,-2.983874533645725,-2.8662010650706726,-0.0001062189054712448,15,-0.0001062189054712448,-0.0015550995024815606,0.0008016169154245745,-0.007568159203974467,0.00247462686566724
historical/durations_without_filter/gemm/int8/int8,reported_legacy,firmware,pico,500.0,15,15,15,"04814b46f70549d6bda6,05e0b53d4a0992c303db,1a9e8c99b5de0eb65f45,410c216668c0547dcc9e,673981b4d7d18b31c074,6c569cc0e71914414702,74a9fe1b271c0884104d,782ca8e95deacdf4f86e,7b93aff386032ddcc856,7d61c82b18090e0d0258,9ad101db9064ac19d6e2,c8864ed537f1ff4e20bd,c9deff7296aa0ab08d2f,dd94ab56243f84d77715,fac5f5946e1e4e61069a",0,,paired_own_window_setup_difference_not_synchronized_instrument_error,0.42530872252370955,15,0.3946662526739031,0.39076642287206864,0.4124887560871038,0.36881224830860315,0.431376333885658,0.42530872252368734,15,0.3946662526738809,0.39076642287205754,0.4124887560871149,0.36881224830862536,0.431376333885658,0.0,15,0.0,0.0,0.0,0.0,0.0
historical/durations_without_filter/gemm/int8/int8,reported_legacy,jetson,pico,500.0,15,15,15,"04814b46f70549d6bda6,05e0b53d4a0992c303db,1a9e8c99b5de0eb65f45,410c216668c0547dcc9e,673981b4d7d18b31c074,6c569cc0e71914414702,74a9fe1b271c0884104d,782ca8e95deacdf4f86e,7b93aff386032ddcc856,7d61c82b18090e0d0258,9ad101db9064ac19d6e2,c8864ed537f1ff4e20bd,c9deff7296aa0ab08d2f,dd94ab56243f84d77715,fac5f5946e1e4e61069a",15,timestamp_gap_requires_review,paired_own_window_setup_difference_not_synchronized_instrument_error,-1.1583204700010508,15,-1.1745810244995325,-1.1816309399303504,-1.1661724885047964,-1.1960421926660803,-1.1337883186749886,-1.1680613120048977,15,-1.1748196590235627,-1.18003274533921,-1.1618203347866285,-1.1938310789204265,-1.1301880346754167,0.001431075697211348,15,0.001431075697211348,-0.006332768924294241,0.007935856573704214,-0.03891513944223046,0.01511952191235455
historical/durations_without_filter/gemm/int8/int8,reported_legacy,shelly,pico,500.0,15,15,15,"04814b46f70549d6bda6,05e0b53d4a0992c303db,1a9e8c99b5de0eb65f45,410c216668c0547dcc9e,673981b4d7d18b31c074,6c569cc0e71914414702,74a9fe1b271c0884104d,782ca8e95deacdf4f86e,7b93aff386032ddcc856,7d61c82b18090e0d0258,9ad101db9064ac19d6e2,c8864ed537f1ff4e20bd,c9deff7296aa0ab08d2f,dd94ab56243f84d77715,fac5f5946e1e4e61069a",15,source_time_resolution_coarser_than_detection_bins;timestamp_gap_requires_review,paired_own_window_setup_difference_not_synchronized_instrument_error,-3.106762361853166,15,-3.121975863806181,-3.131669050678021,-3.103014659244574,-3.161500141769935,-3.0835370383812233,-3.1033759985633624,15,-3.1216385264040802,-3.130312454113099,-3.1025975996648025,-3.1608442590418173,-3.084234947725173,-0.0005344621513914127,15,-0.0005344621513914127,-0.003009661354580473,0.000482370517917996,-0.0035689243027881012,0.0050593625497974415
historical/durations_without_filter/gemm/int8/int8,reported_legacy,firmware,pico,600.0,15,15,15,"2021307635db8b199a30,2f4fdfaa6e25431f354e,2f6c2cdd258761d60fc6,3114a84090afc2b972e3,3a6261d9789f74b827dd,5f75a70cb610c1e7953d,8229a587906d98d0d007,a53029d807302bddfdc1,a7121532292b48982f5d,c92dce27dfb357082d19,d1385261b5a80e3dd102,d6442b1906c1b1ee4338,dce988cc92bb50517f28,e315db28a0240a12905b,e9492068a0c968c5f0a8",0,,paired_own_window_setup_difference_not_synchronized_instrument_error,0.41227829334564703,15,0.39925660353203885,0.39405496132257634,0.4270325535989383,0.37340009129032126,0.5198987165112801,0.41227829334564703,15,0.39925660353203885,0.39405496132257634,0.4270325535989494,0.37340009129032126,0.5198987165112801,0.0,15,0.0,0.0,0.0,0.0,0.0
historical/durations_without_filter/gemm/int8/int8,reported_legacy,jetson,pico,600.0,15,15,15,"2021307635db8b199a30,2f4fdfaa6e25431f354e,2f6c2cdd258761d60fc6,3114a84090afc2b972e3,3a6261d9789f74b827dd,5f75a70cb610c1e7953d,8229a587906d98d0d007,a53029d807302bddfdc1,a7121532292b48982f5d,c92dce27dfb357082d19,d1385261b5a80e3dd102,d6442b1906c1b1ee4338,dce988cc92bb50517f28,e315db28a0240a12905b,e9492068a0c968c5f0a8",15,timestamp_gap_requires_review,paired_own_window_setup_difference_not_synchronized_instrument_error,-1.1461561594073744,15,-1.1491108145932016,-1.1773367774695065,-1.120036797407481,-1.209562599009173,-1.0330475567505215,-1.1403139132408757,15,-1.14551637492607,-1.169170073560588,-1.1114308857381128,-1.2011079084360943,-1.0271565352770629,-0.00590963455149307,15,-0.00590963455149307,-0.008727906976740973,0.0039823089700963266,-0.01659019933555328,0.007157807308977304
historical/durations_without_filter/gemm/int8/int8,reported_legacy,shelly,pico,600.0,15,15,15,"2021307635db8b199a30,2f4fdfaa6e25431f354e,2f6c2cdd258761d60fc6,3114a84090afc2b972e3,3a6261d9789f74b827dd,5f75a70cb610c1e7953d,8229a587906d98d0d007,a53029d807302bddfdc1,a7121532292b48982f5d,c92dce27dfb357082d19,d1385261b5a80e3dd102,d6442b1906c1b1ee4338,dce988cc92bb50517f28,e315db28a0240a12905b,e9492068a0c968c5f0a8",15,source_time_resolution_coarser_than_detection_bins,paired_own_window_setup_difference_not_synchronized_instrument_error,-2.849587519943919,15,-2.859995593433562,-2.870616960936495,-2.821502499154188,-2.926819902578881,-2.7873413571026795,-2.8490341467513725,15,-2.8585498846832036,-2.868829471545642,-2.822926731271125,-2.903921034281398,-2.7858314692691843,-0.0008235880398665962,15,-0.0008235880398665962,-0.001658056478409664,0.0002177740863862354,-0.023583720930231422,0.0026578073089700283
historical/durations_without_filter/gemm/int8/int8,envelope_0.5,firmware,pico,5.0,15,15,15,"082c6d081a5c856f852f,0f519251f1d3b629a3ed,116c728e2170a16f2b9d,2865e31e56d09c23095d,3bbd4815e691f4bc4fab,59916e5d41bbba69bad1,6a703f25e283e4d9d4ea,753b3404684930a7202e,84c43611a8a15c5d2eda,9874bdb1c162a818b289,9e9e8df95da28def4cb5,a276585036fbc245eaac,a7b055f264d218424b8f,b448c89e1606015db2b7,f6ae5eeaa60f2780368b",5,envelope_energy_sensitive_gt1pct,paired_own_window_setup_difference_not_synchronized_instrument_error,0.01015792025764739,15,-0.05130152187182713,-0.17216816262000667,0.2816247800484506,-0.3537836873611866,0.5455024256747265,0.010157920257602981,15,-0.05130152187183823,-0.17216816262003998,0.2816247800484173,-0.3537836873611977,0.5455024256747043,2.220446049250313e-14,15,2.220446049250313e-14,2.220446049250313e-14,2.220446049250313e-14,2.220446049250313e-14,2.220446049250313e-14
historical/durations_without_filter/gemm/int8/int8,envelope_0.5,jetson,pico,5.0,15,15,15,"082c6d081a5c856f852f,0f519251f1d3b629a3ed,116c728e2170a16f2b9d,2865e31e56d09c23095d,3bbd4815e691f4bc4fab,59916e5d41bbba69bad1,6a703f25e283e4d9d4ea,753b3404684930a7202e,84c43611a8a15c5d2eda,9874bdb1c162a818b289,9e9e8df95da28def4cb5,a276585036fbc245eaac,a7b055f264d218424b8f,b448c89e1606015db2b7,f6ae5eeaa60f2780368b",15,envelope_energy_sensitive_gt1pct;timestamp_gap_requires_review,paired_own_window_setup_difference_not_synchronized_instrument_error,-5.271178871513593,15,-5.313815398539001,-5.466968282686146,-5.007549085354018,-7.3172474907445935,-4.778644964272294,-8.193089310826506,15,-8.213587793012989,-8.358518277399636,-7.85430174551141,-8.469331873387986,-7.1613373383167644,3.2258064516129448,15,3.2258064516129448,3.2258064516129448,3.2258064516129448,6.661338147750939e-14,3.2258064516129448
historical/durations_without_filter/gemm/int8/int8,envelope_0.5,shelly,pico,5.0,15,15,15,"082c6d081a5c856f852f,0f519251f1d3b629a3ed,116c728e2170a16f2b9d,2865e31e56d09c23095d,3bbd4815e691f4bc4fab,59916e5d41bbba69bad1,6a703f25e283e4d9d4ea,753b3404684930a7202e,84c43611a8a15c5d2eda,9874bdb1c162a818b289,9e9e8df95da28def4cb5,a276585036fbc245eaac,a7b055f264d218424b8f,b448c89e1606015db2b7,f6ae5eeaa60f2780368b",15,envelope_energy_sensitive_gt1pct;source_time_resolution_coarser_than_detection_bins,paired_own_window_setup_difference_not_synchronized_instrument_error,-9.69229617626537,15,-9.69229617626537,-11.350202496103673,-8.855644074216118,-12.842837108767602,-6.727779884122587,-13.955269603379394,15,-14.12606969266249,-14.682542668442172,-11.44281030294249,-16.09589693810737,-8.986278498884047,3.2258064516129226,15,3.2258064516129226,3.2258064516129004,6.451612903225823,-3.225806451612867,9.677419354838722
historical/durations_without_filter/gemm/int8/int8,envelope_0.5,firmware,pico,10.0,6,6,6,"2f22e81ce965d4cced4a,672c04139b050dc183fc,73cf5f3ebb1a5c916f83,89937053bb04e117925a,8b0104bda6fd6bba4b64,ba41db860db63baf0d7d",2,envelope_energy_sensitive_gt1pct,paired_own_window_setup_difference_not_synchronized_instrument_error,0.2923339075051157,6,0.36962670540793274,0.2157041412555072,0.40063582518621854,-0.07400145309156558,0.4320330681919282,0.29233390750507127,6,0.36962670540791054,0.21570414125548498,0.40063582518619634,-0.07400145309159889,0.432033068191906,2.220446049250313e-14,6,2.220446049250313e-14,2.220446049250313e-14,2.220446049250313e-14,2.220446049250313e-14,2.220446049250313e-14
historical/durations_without_filter/gemm/int8/int8,envelope_0.5,jetson,pico,10.0,6,6,6,"2f22e81ce965d4cced4a,672c04139b050dc183fc,73cf5f3ebb1a5c916f83,89937053bb04e117925a,8b0104bda6fd6bba4b64,ba41db860db63baf0d7d",6,envelope_energy_sensitive_gt1pct;timestamp_gap_requires_review,paired_own_window_setup_difference_not_synchronized_instrument_error,-2.735771971608425,6,-2.71625801838995,-2.819582997568848,-2.638094343335889,-2.8468606875243774,-2.5184590515411553,-3.907630140625229,6,-3.8883512952768484,-3.9904313951885264,-3.811129351247533,-4.017380438277107,-3.692935448510559,1.2195121951219745,6,1.2195121951219745,1.2195121951219745,1.2195121951219745,1.2195121951219745,1.2195121951219745
historical/durations_without_filter/gemm/int8/int8,envelope_0.5,shelly,pico,10.0,6,6,6,"2f22e81ce965d4cced4a,672c04139b050dc183fc,73cf5f3ebb1a5c916f83,89937053bb04e117925a,8b0104bda6fd6bba4b64,ba41db860db63baf0d7d",6,envelope_energy_sensitive_gt1pct;source_time_resolution_coarser_than_detection_bins,paired_own_window_setup_difference_not_synchronized_instrument_error,-5.289833881593542,6,-5.815194588144928,-5.949347146975509,-5.4730098593678775,-6.367195985196794,-3.4758889766878465,-5.998368039841684,6,-6.246526045016093,-6.881235374613235,-5.815404435581345,-7.9653825126558715,-5.211235441804196,0.6097560975609762,6,0.6097560975609984,5.551115123125783e-15,1.2195121951219745,-1.21951219512193,4.878048780487831
historical/durations_without_filter/gemm/int8/int8,envelope_0.5,firmware,pico,20.0,15,15,15,"05003b6223fc844adec9,068492e1620cb15d7c87,094179dcec0399b4f0ae,1235d6c05fda8debe6f0,42ac8ecab0f7e07481af,642c2c7ce8d8a7bd1d4b,64ef499e4176eb24a347,800de2a9acbeae339167,b2ec19b429230bf7ddd7,b6cd0fa8d32bb53baeaa,bd2dc28880b444b850a2,d6f82d1af903a5bd1c76,d78fe719459553d25a16,f33b497e5498ce9a0215,f4fa114ada7523a8c01c",0,,paired_own_window_setup_difference_not_synchronized_instrument_error,0.43938229097064685,15,0.46275990406323686,0.3098917547952551,0.6850189219542613,0.12799056060535108,0.79817465075116,0.2594484459679247,15,0.23378604353361254,0.1549593569741936,0.3645197346830109,-0.08923328222283367,0.5572695330659405,0.0,15,0.0,0.0,0.5524861878453136,0.0,0.5524861878453136
historical/durations_without_filter/gemm/int8/int8,envelope_0.5,jetson,pico,20.0,15,15,15,"05003b6223fc844adec9,068492e1620cb15d7c87,094179dcec0399b4f0ae,1235d6c05fda8debe6f0,42ac8ecab0f7e07481af,642c2c7ce8d8a7bd1d4b,64ef499e4176eb24a347,800de2a9acbeae339167,b2ec19b429230bf7ddd7,b6cd0fa8d32bb53baeaa,bd2dc28880b444b850a2,d6f82d1af903a5bd1c76,d78fe719459553d25a16,f33b497e5498ce9a0215,f4fa114ada7523a8c01c",15,envelope_energy_sensitive_gt1pct;timestamp_gap_requires_review,paired_own_window_setup_difference_not_synchronized_instrument_error,-2.2117408923667314,15,-2.037621278401325,-2.172496478733393,-1.8659732861491918,-2.517066785392752,-1.7581539692217651,-2.288386937241216,15,-2.2645236661207435,-2.3982209171101223,-2.160730699071689,-2.536407029663612,-1.9784870438755875,0.0,15,0.0,0.0,0.5524861878453136,-0.5494505494505364,0.5524861878453136
historical/durations_without_filter/gemm/int8/int8,envelope_0.5,shelly,pico,20.0,15,15,15,"05003b6223fc844adec9,068492e1620cb15d7c87,094179dcec0399b4f0ae,1235d6c05fda8debe6f0,42ac8ecab0f7e07481af,642c2c7ce8d8a7bd1d4b,64ef499e4176eb24a347,800de2a9acbeae339167,b2ec19b429230bf7ddd7,b6cd0fa8d32bb53baeaa,bd2dc28880b444b850a2,d6f82d1af903a5bd1c76,d78fe719459553d25a16,f33b497e5498ce9a0215,f4fa114ada7523a8c01c",15,envelope_energy_sensitive_gt1pct;source_time_resolution_coarser_than_detection_bins,paired_own_window_setup_difference_not_synchronized_instrument_error,-4.37033887485756,15,-4.282571314125128,-4.393081889651423,-4.141119795856285,-4.844708908825812,-3.5244122464303973,-4.534887558651645,15,-4.654570039116301,-5.008484898662408,-4.344663971700324,-5.298760780970113,-3.993145813774812,0.5524861878452914,15,0.5524861878452914,0.0,1.104972375690616,-0.5524861878453136,1.6574585635359185
historical/durations_without_filter/gemm/int8/int8,envelope_0.5,firmware,pico,50.0,15,15,15,"149d147e17684267ca9f,188d61549e6c5884d052,20955666fce0528286b1,2195fb1bce9791c8bd18,3d53a1c76e2278893eb0,550c646a4cee802c0437,5fab3761478ea37145d3,6e30bca9c012739f7327,8a0146691acf5afdbdac,a62ed3e47c4df9be7410,a7d2fee18eb5017e3215,be7a0e821d19ef0474d6,c2c340d60b23fa6e5de3,ccc55ca83b6b8f5ddd61,d471e0ca0aa3b5808e03",0,,paired_own_window_setup_difference_not_synchronized_instrument_error,0.3280236878561382,15,0.32256850777430124,0.2825783537914739,0.37826374388457706,0.2180575061573542,0.45710836337073957,0.32802368785616043,15,0.32256850777432344,0.2825783537914961,0.37826374388457706,0.2180575061573542,0.45710836337076177,-1.1102230246251565e-14,15,-1.1102230246251565e-14,-1.1102230246251565e-14,-1.1102230246251565e-14,-1.1102230246251565e-14,-1.1102230246251565e-14
historical/durations_without_filter/gemm/int8/int8,envelope_0.5,jetson,pico,50.0,15,15,15,"149d147e17684267ca9f,188d61549e6c5884d052,20955666fce0528286b1,2195fb1bce9791c8bd18,3d53a1c76e2278893eb0,550c646a4cee802c0437,5fab3761478ea37145d3,6e30bca9c012739f7327,8a0146691acf5afdbdac,a62ed3e47c4df9be7410,a7d2fee18eb5017e3215,be7a0e821d19ef0474d6,c2c340d60b23fa6e5de3,ccc55ca83b6b8f5ddd61,d471e0ca0aa3b5808e03",15,timestamp_gap_requires_review,paired_own_window_setup_difference_not_synchronized_instrument_error,-1.6216132698127939,15,-1.593865989105503,-1.6155269035332764,-1.560094769200998,-1.7030596431462652,-1.5016584480617934,-1.5731705759577386,15,-1.593865989105514,-1.6155269035332764,-1.5531107126780352,-1.748013504735102,-1.4987000997848332,0.0,15,0.0,0.0,0.0,-0.20746887966804906,0.20790020790020236
historical/durations_without_filter/gemm/int8/int8,envelope_0.5,shelly,pico,50.0,15,15,15,"149d147e17684267ca9f,188d61549e6c5884d052,20955666fce0528286b1,2195fb1bce9791c8bd18,3d53a1c76e2278893eb0,550c646a4cee802c0437,5fab3761478ea37145d3,6e30bca9c012739f7327,8a0146691acf5afdbdac,a62ed3e47c4df9be7410,a7d2fee18eb5017e3215,be7a0e821d19ef0474d6,c2c340d60b23fa6e5de3,ccc55ca83b6b8f5ddd61,d471e0ca0aa3b5808e03",15,source_time_resolution_coarser_than_detection_bins,paired_own_window_setup_difference_not_synchronized_instrument_error,-3.7008840263756837,15,-3.6356461393038275,-3.7542043205326667,-3.54866108163171,-3.934252778822367,-3.4752226279190945,-3.5319987442136713,15,-3.6166256530967056,-3.7765244130892937,-3.517328398063957,-4.047954214091487,-3.3345440775755963,0.0,15,0.0,-0.2074688796680435,0.0,-0.4149377593361092,0.4158004158004269
historical/durations_without_filter/gemm/int8/int8,envelope_0.5,firmware,pico,100.0,15,15,15,"222443cefb63f1e228d0,336b2ecf763344ff841b,49bbac4fdb22e6b4ae67,604827eb9981c675a656,64a77eceebf0cd53706d,66e56defb508f0fa9a66,86ec96a3757e025d35e4,b58337dc083ec58240a7,bb5191dbd6456369bf38,c276044f041480e44739,c38cf9195cde81892721,cc588a58abd204f8a493,d4950c5298a6b486ac44,de9dd0d7f0bc4c09ec17,e31dcae35fc0621a7e50",0,,paired_own_window_setup_difference_not_synchronized_instrument_error,0.3696598785947858,15,0.35686986470286897,0.3263710886293736,0.37574168923513174,0.14369164241800902,0.41964637605416133,0.3752761964834095,15,0.35686986470289117,0.3263710886293736,0.37574168923513174,0.14369164241800902,0.41964637605416133,0.0,15,0.0,0.0,0.0,0.0,0.0
historical/durations_without_filter/gemm/int8/int8,envelope_0.5,jetson,pico,100.0,15,15,15,"222443cefb63f1e228d0,336b2ecf763344ff841b,49bbac4fdb22e6b4ae67,604827eb9981c675a656,64a77eceebf0cd53706d,66e56defb508f0fa9a66,86ec96a3757e025d35e4,b58337dc083ec58240a7,bb5191dbd6456369bf38,c276044f041480e44739,c38cf9195cde81892721,cc588a58abd204f8a493,d4950c5298a6b486ac44,de9dd0d7f0bc4c09ec17,e31dcae35fc0621a7e50",15,timestamp_gap_requires_review,paired_own_window_setup_difference_not_synchronized_instrument_error,-1.3366294751753216,15,-1.3761978968715782,-1.3928627952438766,-1.3162962997711136,-1.45208577809951,-1.2875296286190663,-1.4266199491335896,15,-1.4082937119013539,-1.4285597485843293,-1.3897967564781732,-1.5385092687702606,-1.3579096723957296,0.10183299389001643,15,0.10172939979655737,0.0,0.10183299389001643,0.0,0.10183299389001643
historical/durations_without_filter/gemm/int8/int8,envelope_0.5,shelly,pico,100.0,15,15,15,"222443cefb63f1e228d0,336b2ecf763344ff841b,49bbac4fdb22e6b4ae67,604827eb9981c675a656,64a77eceebf0cd53706d,66e56defb508f0fa9a66,86ec96a3757e025d35e4,b58337dc083ec58240a7,bb5191dbd6456369bf38,c276044f041480e44739,c38cf9195cde81892721,cc588a58abd204f8a493,d4950c5298a6b486ac44,de9dd0d7f0bc4c09ec17,e31dcae35fc0621a7e50",15,source_time_resolution_coarser_than_detection_bins,paired_own_window_setup_difference_not_synchronized_instrument_error,-3.1940859909825203,15,-3.2147708301956124,-3.2314821024554297,-3.174232501268853,-3.279760923000663,-3.0097976336719623,-3.1987407706902227,15,-3.2089381677159245,-3.2700510431219687,-3.1431949713944194,-3.4049341088395746,-3.035126482116157,0.10183299389003864,15,2.220446049250313e-14,-0.050864699898267585,0.101781196843298,-0.20345879959307034,0.3054989816700715
historical/durations_without_filter/gemm/int8/int8,envelope_0.5,firmware,pico,200.0,15,15,15,"095cdc967a6c3d806f2f,5e10f45116de62ab63d7,63c1e05c9fa29ca17c42,758ebcd8fb4b647557e8,9aba7ca1a5a3536f3375,b45623b3c3d74d56d30b,bce966acc0fc0e4231e0,c1bb2d675a14355ecd0a,c68f3dbdc9f71e766798,d2dfc7f230e61373abb8,d4d65fab0230c2e63d76,e8762f5a474a30d353d4,eb6249ab13a9af32cc3d,f693d45b70795ab2736f,f7e024230501fd3b86f0",0,,paired_own_window_setup_difference_not_synchronized_instrument_error,0.3722420771948176,15,0.39882699709998803,0.34770824947151224,0.41253190774691584,0.14101543577540454,0.5010304892200557,0.3573400929325121,15,0.3572467119937528,0.3400549676513487,0.39967057921578286,0.2922523243326758,0.46934894793999593,0.050479555779925356,15,2.220446049250313e-14,2.220446049250313e-14,0.050479555779925356,-0.2019182231196237,0.050479555779925356
historical/durations_without_filter/gemm/int8/int8,envelope_0.5,jetson,pico,200.0,15,15,15,"095cdc967a6c3d806f2f,5e10f45116de62ab63d7,63c1e05c9fa29ca17c42,758ebcd8fb4b647557e8,9aba7ca1a5a3536f3375,b45623b3c3d74d56d30b,bce966acc0fc0e4231e0,c1bb2d675a14355ecd0a,c68f3dbdc9f71e766798,d2dfc7f230e61373abb8,d4d65fab0230c2e63d76,e8762f5a474a30d353d4,eb6249ab13a9af32cc3d,f693d45b70795ab2736f,f7e024230501fd3b86f0",15,timestamp_gap_requires_review,paired_own_window_setup_difference_not_synchronized_instrument_error,-1.279582417336822,15,-1.2678831792968914,-1.2896764615260403,-1.2408973490078468,-1.2973466428895408,-1.2046776603865883,-1.2942391598658176,15,-1.2891251214474653,-1.2927388429004427,-1.2794609680146174,-1.3471461652695305,-1.2499124475483736,0.050479555779925356,15,0.050479555779925356,2.220446049250313e-14,0.050479555779925356,2.220446049250313e-14,0.050479555779925356
historical/durations_without_filter/gemm/int8/int8,envelope_0.5,shelly,pico,200.0,15,15,15,"095cdc967a6c3d806f2f,5e10f45116de62ab63d7,63c1e05c9fa29ca17c42,758ebcd8fb4b647557e8,9aba7ca1a5a3536f3375,b45623b3c3d74d56d30b,bce966acc0fc0e4231e0,c1bb2d675a14355ecd0a,c68f3dbdc9f71e766798,d2dfc7f230e61373abb8,d4d65fab0230c2e63d76,e8762f5a474a30d353d4,eb6249ab13a9af32cc3d,f693d45b70795ab2736f,f7e024230501fd3b86f0",15,source_time_resolution_coarser_than_detection_bins;timestamp_gap_requires_review,paired_own_window_setup_difference_not_synchronized_instrument_error,-3.1010086428812866,15,-3.1128154005062525,-3.1390813311781454,-3.091504723819244,-3.1680466858560297,-3.0465672042640057,-3.148260173332229,15,-3.119166345970059,-3.146119700142008,-3.1036041966620354,-3.2027681322365886,-3.0054279400215766,0.050479555779925356,15,2.220446049250313e-14,0.0,0.05045408678103769,-0.05047955577990315,0.10095911155982851
historical/durations_without_filter/gemm/int8/int8,envelope_0.5,firmware,pico,300.0,15,15,15,"13d0d4aaa2c23a01c305,18e2942434504b6ed95a,363a73dbd5500022b804,389ac14659b6cdba94ce,41ffadd23fb90652cf91,44b57d3977d1daf41f99,473aa46bcf34b5c6f905,5bed5b741da5e5f3df82,70dac1e75fdbc57be308,991ee8ca2a204ccdcdbd,d867628e29c3696536fb,e14f61b3ca3d77b18975,e9b98f12d1877e9b5bda,f49f741ac6709abb5476,fdd3d9d07042b1b4b2de",0,,paired_own_window_setup_difference_not_synchronized_instrument_error,0.39172874299702176,15,0.3818517577137692,0.36445990861857513,0.4021819678003191,0.23973711264180242,0.42868449054127566,0.39172874299699956,15,0.381851757713747,0.36445990861855293,0.402181967800308,0.23973711264178021,0.42868449054125346,2.220446049250313e-14,15,2.220446049250313e-14,2.220446049250313e-14,2.220446049250313e-14,2.220446049250313e-14,2.220446049250313e-14
historical/durations_without_filter/gemm/int8/int8,envelope_0.5,jetson,pico,300.0,15,15,15,"13d0d4aaa2c23a01c305,18e2942434504b6ed95a,363a73dbd5500022b804,389ac14659b6cdba94ce,41ffadd23fb90652cf91,44b57d3977d1daf41f99,473aa46bcf34b5c6f905,5bed5b741da5e5f3df82,70dac1e75fdbc57be308,991ee8ca2a204ccdcdbd,d867628e29c3696536fb,e14f61b3ca3d77b18975,e9b98f12d1877e9b5bda,f49f741ac6709abb5476,fdd3d9d07042b1b4b2de",15,timestamp_gap_requires_review,paired_own_window_setup_difference_not_synchronized_instrument_error,-1.2157660915031232,15,-1.2388970137902855,-1.2623012607912987,-1.2106422094035008,-1.314982297800471,-1.1611598576506732,-1.2488929305066399,15,-1.26757231563136,-1.2836067441989618,-1.2437707666773434,-1.3480758651050584,-1.1943050086038465,0.03354579000336422,15,0.03354579000336422,0.03354579000336422,0.03354579000336422,0.0,0.03354579000336422
historical/durations_without_filter/gemm/int8/int8,envelope_0.5,shelly,pico,300.0,15,15,15,"13d0d4aaa2c23a01c305,18e2942434504b6ed95a,363a73dbd5500022b804,389ac14659b6cdba94ce,41ffadd23fb90652cf91,44b57d3977d1daf41f99,473aa46bcf34b5c6f905,5bed5b741da5e5f3df82,70dac1e75fdbc57be308,991ee8ca2a204ccdcdbd,d867628e29c3696536fb,e14f61b3ca3d77b18975,e9b98f12d1877e9b5bda,f49f741ac6709abb5476,fdd3d9d07042b1b4b2de",15,source_time_resolution_coarser_than_detection_bins,paired_own_window_setup_difference_not_synchronized_instrument_error,-3.2158862050166936,15,-3.212640008214107,-3.2458264573981985,-3.19117822592771,-3.257983152475852,-3.1446320367223723,-3.183408314481473,15,-3.2093124231369674,-3.226000685791602,-3.1853144754305394,-3.275603972728147,-3.1446320367223946,2.220446049250313e-14,15,2.220446049250313e-14,-0.016772895001659904,2.220446049250313e-14,-0.06709158000668403,0.03354579000336422
historical/durations_without_filter/gemm/int8/int8,envelope_0.5,firmware,pico,400.0,15,15,15,"0229fa82a2c9de2353ce,0d587a14926f1686e446,22ce4db3aa145738cced,24c42a9e0c997044fdf3,2a3f2e72c23c4d8f2b22,2e4475d758795be80740,3cb3e7ecbb19c0f3f254,48544c90c262dad49ac5,881dd25333a5838376ac,8aec65a1fab375b38121,a11469d5a2d06be94799,b319608c8bb5f733df5a,c7a0e050c25975d02f26,d148c54da8bcf26989ba,e3cce1138266753fac55",0,,paired_own_window_setup_difference_not_synchronized_instrument_error,0.34394280283980283,15,0.3839500841318344,0.37371115200248717,0.3961878801847507,0.3259948129482604,0.42123160252753866,0.34394280283980283,15,0.3839500841318122,0.37371115200247607,0.39302960352544103,0.3259948129482604,0.41572014027864146,0.0,15,0.0,0.0,0.0,0.0,0.025119316754596
historical/durations_without_filter/gemm/int8/int8,envelope_0.5,jetson,pico,400.0,15,15,15,"0229fa82a2c9de2353ce,0d587a14926f1686e446,22ce4db3aa145738cced,24c42a9e0c997044fdf3,2a3f2e72c23c4d8f2b22,2e4475d758795be80740,3cb3e7ecbb19c0f3f254,48544c90c262dad49ac5,881dd25333a5838376ac,8aec65a1fab375b38121,a11469d5a2d06be94799,b319608c8bb5f733df5a,c7a0e050c25975d02f26,d148c54da8bcf26989ba,e3cce1138266753fac55",15,timestamp_gap_requires_review,paired_own_window_setup_difference_not_synchronized_instrument_error,-1.2366737384007953,15,-1.2187174314853055,-1.235040323734099,-1.2076048874860412,-1.2569388946486848,-1.177684753416075,-1.2366737384008175,15,-1.2334069090674138,-1.2419260968843437,-1.2197447735983136,-1.256938894648696,-1.1776847534160972,2.220446049250313e-14,15,2.220446049250313e-14,2.220446049250313e-14,0.012556504269234381,2.220446049250313e-14,0.025119316754596
historical/durations_without_filter/gemm/int8/int8,envelope_0.5,shelly,pico,400.0,15,15,15,"0229fa82a2c9de2353ce,0d587a14926f1686e446,22ce4db3aa145738cced,24c42a9e0c997044fdf3,2a3f2e72c23c4d8f2b22,2e4475d758795be80740,3cb3e7ecbb19c0f3f254,48544c90c262dad49ac5,881dd25333a5838376ac,8aec65a1fab375b38121,a11469d5a2d06be94799,b319608c8bb5f733df5a,c7a0e050c25975d02f26,d148c54da8bcf26989ba,e3cce1138266753fac55",15,source_time_resolution_coarser_than_detection_bins;timestamp_gap_requires_review,paired_own_window_setup_difference_not_synchronized_instrument_error,-2.9917837790622404,15,-2.985194368714117,-3.0145737234923975,-2.9463289814029237,-3.0405568880122913,-2.9112432970916036,-2.9685100157443634,15,-2.9832409403346305,-3.016170341321561,-2.930300857563367,-3.0549439003934142,-2.8868552647623114,-0.02511300853841325,15,0.0,-0.02511300853841325,0.025113008538424353,-0.02511300853841325,0.025113008538446557
historical/durations_without_filter/gemm/int8/int8,envelope_0.5,firmware,pico,500.0,15,15,15,"04814b46f70549d6bda6,05e0b53d4a0992c303db,1a9e8c99b5de0eb65f45,410c216668c0547dcc9e,673981b4d7d18b31c074,6c569cc0e71914414702,74a9fe1b271c0884104d,782ca8e95deacdf4f86e,7b93aff386032ddcc856,7d61c82b18090e0d0258,9ad101db9064ac19d6e2,c8864ed537f1ff4e20bd,c9deff7296aa0ab08d2f,dd94ab56243f84d77715,fac5f5946e1e4e61069a",0,,paired_own_window_setup_difference_not_synchronized_instrument_error,0.42586956628964945,15,0.39524591424944244,0.39094750283807933,0.4145414452283003,0.37057822719646083,0.4333978321979126,0.42586956628964945,15,0.39524591424944244,0.3909475028380571,0.4145414452282892,0.37057822719648303,0.4333978321978904,2.220446049250313e-14,15,2.220446049250313e-14,2.220446049250313e-14,2.220446049250313e-14,2.220446049250313e-14,2.220446049250313e-14
historical/durations_without_filter/gemm/int8/int8,envelope_0.5,jetson,pico,500.0,15,15,15,"04814b46f70549d6bda6,05e0b53d4a0992c303db,1a9e8c99b5de0eb65f45,410c216668c0547dcc9e,673981b4d7d18b31c074,6c569cc0e71914414702,74a9fe1b271c0884104d,782ca8e95deacdf4f86e,7b93aff386032ddcc856,7d61c82b18090e0d0258,9ad101db9064ac19d6e2,c8864ed537f1ff4e20bd,c9deff7296aa0ab08d2f,dd94ab56243f84d77715,fac5f5946e1e4e61069a",15,timestamp_gap_requires_review,paired_own_window_setup_difference_not_synchronized_instrument_error,-1.1833696068324184,15,-1.1966635884404608,-1.20236138018458,-1.1803570861078416,-1.2164040226546047,-1.158425943853969,-1.2032043379430757,15,-1.2160910938542768,-1.2193669723076006,-1.200192421899482,-1.2362321230113826,-1.1782656817215353,0.020076289901638233,15,0.020076289901638233,0.020076289901638233,0.020076289901638233,2.220446049250313e-14,0.020076289901638233
historical/durations_without_filter/gemm/int8/int8,envelope_0.5,shelly,pico,500.0,15,15,15,"04814b46f70549d6bda6,05e0b53d4a0992c303db,1a9e8c99b5de0eb65f45,410c216668c0547dcc9e,673981b4d7d18b31c074,6c569cc0e71914414702,74a9fe1b271c0884104d,782ca8e95deacdf4f86e,7b93aff386032ddcc856,7d61c82b18090e0d0258,9ad101db9064ac19d6e2,c8864ed537f1ff4e20bd,c9deff7296aa0ab08d2f,dd94ab56243f84d77715,fac5f5946e1e4e61069a",15,source_time_resolution_coarser_than_detection_bins;timestamp_gap_requires_review,paired_own_window_setup_difference_not_synchronized_instrument_error,-3.150028777389835,15,-3.1498467579233913,-3.1716520025888597,-3.134121533040396,-3.2051465103037136,-3.1105064385153702,-3.1511158269341366,15,-3.1511158269341366,-3.181605843143137,-3.1430613344744227,-3.1898624988899837,-3.1105064385153813,2.220446049250313e-14,15,2.220446049250313e-14,2.220446049250313e-14,2.220446049250313e-14,-0.020076289901604927,0.04015257980327647
historical/durations_without_filter/gemm/int8/int8,envelope_0.5,firmware,pico,600.0,15,15,15,"2021307635db8b199a30,2f4fdfaa6e25431f354e,2f6c2cdd258761d60fc6,3114a84090afc2b972e3,3a6261d9789f74b827dd,5f75a70cb610c1e7953d,8229a587906d98d0d007,a53029d807302bddfdc1,a7121532292b48982f5d,c92dce27dfb357082d19,d1385261b5a80e3dd102,d6442b1906c1b1ee4338,dce988cc92bb50517f28,e315db28a0240a12905b,e9492068a0c968c5f0a8",0,,paired_own_window_setup_difference_not_synchronized_instrument_error,0.41787118051310745,15,0.40079800159174006,0.3931960704782633,0.42831759273881387,0.3755078761548347,0.5212210019969854,0.40109011915272497,15,0.40079800159176227,0.39319607047827443,0.42831759273881387,0.3755078761548347,0.5212210019969854,-2.220446049250313e-14,15,-2.220446049250313e-14,-2.220446049250313e-14,-2.220446049250313e-14,-2.220446049250313e-14,0.0
historical/durations_without_filter/gemm/int8/int8,envelope_0.5,jetson,pico,600.0,15,15,15,"2021307635db8b199a30,2f4fdfaa6e25431f354e,2f6c2cdd258761d60fc6,3114a84090afc2b972e3,3a6261d9789f74b827dd,5f75a70cb610c1e7953d,8229a587906d98d0d007,a53029d807302bddfdc1,a7121532292b48982f5d,c92dce27dfb357082d19,d1385261b5a80e3dd102,d6442b1906c1b1ee4338,dce988cc92bb50517f28,e315db28a0240a12905b,e9492068a0c968c5f0a8",15,timestamp_gap_requires_review,paired_own_window_setup_difference_not_synchronized_instrument_error,-1.1645852214628216,15,-1.1699719773923478,-1.1920395851794607,-1.1335548460134681,-1.2265407571133036,-1.0483872712797604,-1.1811018348950708,15,-1.175862175853093,-1.205438221165589,-1.1500752647348178,-1.2430442590753543,-1.064931597099661,0.0,15,0.016711229946508865,0.0,0.016714023065356187,0.0,0.016722408026770275
historical/durations_without_filter/gemm/int8/int8,envelope_0.5,shelly,pico,600.0,15,15,15,"2021307635db8b199a30,2f4fdfaa6e25431f354e,2f6c2cdd258761d60fc6,3114a84090afc2b972e3,3a6261d9789f74b827dd,5f75a70cb610c1e7953d,8229a587906d98d0d007,a53029d807302bddfdc1,a7121532292b48982f5d,c92dce27dfb357082d19,d1385261b5a80e3dd102,d6442b1906c1b1ee4338,dce988cc92bb50517f28,e315db28a0240a12905b,e9492068a0c968c5f0a8",15,source_time_resolution_coarser_than_detection_bins,paired_own_window_setup_difference_not_synchronized_instrument_error,-2.888435907427589,15,-2.8927144588798748,-2.89637670268848,-2.857334574762538,-2.937819591171742,-2.8007430178036308,-2.889452595171027,15,-2.881737412793406,-2.8995917248443193,-2.8569429013531433,-2.9702547391780576,-2.8122860042883446,-0.01671122994653107,15,-2.220446049250313e-14,-0.01671122994653107,0.025072433959905105,-0.03342245989305104,0.033428046130712374
historical/durations_without_filter/static_msmt_37W_vergleich,reported_legacy,firmware,pico,,15,15,15,"132db6f7900ca5da8b79,260803a7f6fd2800ad3e,4a1f0d768820bd6cf15e,4af2950803bd8b3efd49,52977f9f5cbc63332d92,61c6b70612827e7557b2,83fd93c6cef2bf35ab63,992897a4d288305fd74b,9fe55d83d5c46debdf68,a1518eb39ca6015e71c7,c23fc7d08544c902e80e,c47e89faa474ea431201,cb5a0809901509820d67,d4b5f629aac7b752817c,ecbf636632292aad4bb5",0,,paired_own_window_setup_difference_not_synchronized_instrument_error,-0.1891699010199921,15,-0.19293088849439144,-0.20053532198730517,-0.15089277168450765,-0.2214723967189025,-0.0756792306691012,-0.1891699010199921,15,-0.19293088849440254,-0.20053532198729407,-0.1508927716845132,-0.2214723967189025,-0.0756792306691012,0.0,15,0.0,0.0,0.0,0.0,0.0
historical/durations_without_filter/static_msmt_37W_vergleich,reported_legacy,shelly,pico,,15,15,15,"132db6f7900ca5da8b79,260803a7f6fd2800ad3e,4a1f0d768820bd6cf15e,4af2950803bd8b3efd49,52977f9f5cbc63332d92,61c6b70612827e7557b2,83fd93c6cef2bf35ab63,992897a4d288305fd74b,9fe55d83d5c46debdf68,a1518eb39ca6015e71c7,c23fc7d08544c902e80e,c47e89faa474ea431201,cb5a0809901509820d67,d4b5f629aac7b752817c,ecbf636632292aad4bb5",15,source_time_resolution_coarser_than_detection_bins,paired_own_window_setup_difference_not_synchronized_instrument_error,-2.9074731723259806,15,-2.912650411870088,-2.937473040953037,-2.861936277691024,-2.989940777675504,-2.8062614140263675,-2.8946409454522426,15,-2.8987212517545657,-2.915056789966619,-2.847082595014255,-2.9457213997262532,-2.7569770021877993,-0.0060656862745034346,15,-0.0060656862745034346,-0.016057352941173386,-0.0016176470588269432,-0.23956862745098118,0.019107843137255998
historical/durations_without_filter/static_msmt_37W_vergleich,envelope_0.5,firmware,pico,,0,0,0,,0,,paired_own_window_setup_difference_not_synchronized_instrument_error,,0,,,,,,,0,,,,,,,0,,,,,
historical/durations_without_filter/static_msmt_37W_vergleich,envelope_0.5,shelly,pico,,0,0,0,,0,,paired_own_window_setup_difference_not_synchronized_instrument_error,,0,,,,,,,0,,,,,,,0,,,,,
historical/durations_without_filter/static_msmt_37W_vergleich_estimated_voltage,reported_legacy,firmware,pico,,15,15,15,"0e1b90c8035f0c0b8d8d,1a1dff71b01fb76af5f1,2242fae4f5d2b45ae542,2ac4c12f2d372d83556f,2f3aa3f5997fe23cdd90,39656bdc4ef39c8548ee,8062deab2e5928182821,80b321361da7afd82820,8125943233eccd911c63,9f02d07cacf4e82d4545,a98011940ccf40cb1fc3,b0a3e9100e463e8ffc67,d2e54f31a4fd06bc923f,df92ceb9f835d796d5ff,e93c6cb148a9545fd76c",0,,paired_own_window_setup_difference_not_synchronized_instrument_error,-0.188830016193553,15,-0.18892666510140765,-0.1969836864526786,-0.1808249227451264,-0.2112457939679402,-0.15013631267775107,-0.188830016193553,15,-0.18892666510140765,-0.1969836864526786,-0.1808249227451264,-0.21124579396792909,-0.15013631267776217,0.0,15,0.0,0.0,0.0,0.0,0.0
historical/durations_without_filter/static_msmt_37W_vergleich_estimated_voltage,reported_legacy,shelly,pico,,15,15,15,"0e1b90c8035f0c0b8d8d,1a1dff71b01fb76af5f1,2242fae4f5d2b45ae542,2ac4c12f2d372d83556f,2f3aa3f5997fe23cdd90,39656bdc4ef39c8548ee,8062deab2e5928182821,80b321361da7afd82820,8125943233eccd911c63,9f02d07cacf4e82d4545,a98011940ccf40cb1fc3,b0a3e9100e463e8ffc67,d2e54f31a4fd06bc923f,df92ceb9f835d796d5ff,e93c6cb148a9545fd76c",15,source_time_resolution_coarser_than_detection_bins,paired_own_window_setup_difference_not_synchronized_instrument_error,-2.951296018264249,15,-2.9427475090631594,-2.983813899347126,-2.9285832217658623,-3.110902364238377,-2.914823618208373,-2.9447119255278653,15,-2.936557335587342,-2.952949480995315,-2.9277009505049802,-3.0223557621958497,-2.8914713570206363,-0.0026019607843208448,15,-0.0026019607843208448,-0.010798039215687005,0.00107499999999483,-0.1490245098039189,0.017098039215679428
historical/durations_without_filter/static_msmt_37W_vergleich_estimated_voltage,envelope_0.5,firmware,pico,,0,0,0,,0,,paired_own_window_setup_difference_not_synchronized_instrument_error,,0,,,,,,,0,,,,,,,0,,,,,
historical/durations_without_filter/static_msmt_37W_vergleich_estimated_voltage,envelope_0.5,shelly,pico,,0,0,0,,0,,paired_own_window_setup_difference_not_synchronized_instrument_error,,0,,,,,,,0,,,,,,,0,,,,,
historical/durations_without_filter/yolo/fp16/fp16,reported_legacy,firmware,pico,5.0,15,15,15,"02d3e0ede3605e132cc9,3e509acb459db351dbd1,646ef3183499f8396619,67beab3a5f1df14aefb9,71093c7b8dc613443694,7f8fa1c6b70aa09f1507,840fab8a36d77017dc86,96766e835ac7c2919a64,c41673831e74f29ec1f5,ca3d0e3f2bcda8c9f643,d1e5c25fad083504ca44,d96f42e2f6775b8d25ab,e15d59de3a43a5dd5c75,e6e287966602ec4eabe7,f890135e0b483b042c95",0,,paired_own_window_setup_difference_not_synchronized_instrument_error,-0.3942793014326207,15,-0.21616897279880254,-0.5907234999008415,-0.12263353702210988,-1.0392478504804958,0.17687374149051305,-0.3942793014326318,15,-0.21616897279880254,-0.5907234999008415,-0.12263353702210988,-1.0392478504804847,0.17687374149051305,0.0,15,0.0,0.0,0.0,0.0,0.0
historical/durations_without_filter/yolo/fp16/fp16,reported_legacy,jetson,pico,5.0,15,15,15,"02d3e0ede3605e132cc9,3e509acb459db351dbd1,646ef3183499f8396619,67beab3a5f1df14aefb9,71093c7b8dc613443694,7f8fa1c6b70aa09f1507,840fab8a36d77017dc86,96766e835ac7c2919a64,c41673831e74f29ec1f5,ca3d0e3f2bcda8c9f643,d1e5c25fad083504ca44,d96f42e2f6775b8d25ab,e15d59de3a43a5dd5c75,e6e287966602ec4eabe7,f890135e0b483b042c95",15,envelope_energy_sensitive_gt1pct;timestamp_gap_requires_review,paired_own_window_setup_difference_not_synchronized_instrument_error,-1.5019783740879866,15,-1.5502432723272896,-1.8504465914583823,-1.3353305227627288,-2.789697187152973,-0.9807235020737326,-1.5611493622932682,15,-1.328436276985534,-1.904989031194404,-0.8404228121744461,-2.1112159256334695,0.3380845876494787,0.18014285714285094,15,0.18014285714285094,-1.1085785714285645,0.4685500000000009,-3.1172428571428545,1.0870571428571507
historical/durations_without_filter/yolo/fp16/fp16,reported_legacy,shelly,pico,5.0,15,15,15,"02d3e0ede3605e132cc9,3e509acb459db351dbd1,646ef3183499f8396619,67beab3a5f1df14aefb9,71093c7b8dc613443694,7f8fa1c6b70aa09f1507,840fab8a36d77017dc86,96766e835ac7c2919a64,c41673831e74f29ec1f5,ca3d0e3f2bcda8c9f643,d1e5c25fad083504ca44,d96f42e2f6775b8d25ab,e15d59de3a43a5dd5c75,e6e287966602ec4eabe7,f890135e0b483b042c95",15,envelope_energy_sensitive_gt1pct;source_time_resolution_coarser_than_detection_bins,paired_own_window_setup_difference_not_synchronized_instrument_error,-5.188618006572343,15,-5.052256969945324,-5.376308156456799,-4.836890758713763,-5.728518364745039,-4.739937969293628,-5.130957120262836,15,-5.117347180544463,-5.402301105430246,-4.815113727968685,-5.64130396998589,-4.772078170459904,-0.0005714285714497613,15,-0.0005714285714497613,-0.05502142857143899,0.09227857142857232,-0.10578571428572214,0.274242857142859
historical/durations_without_filter/yolo/fp16/fp16,reported_legacy,firmware,pico,10.0,15,15,15,"0e0eee6eb054a5d97193,1845abfbf279e42f76b1,1be7d35b73270aeb3b28,3b0e2765b7d99876b0ac,5387a2047c8640ca9809,6717228482a3bc7c1112,713c124ab11e21fa0c2f,75b9c9ba158357244a15,88587dd2c96894281d0e,aaf4f066fcd0516a0398,ae428ed3b61ed9bc3d61,be624d92f4792e62fb9e,c541471af02bf7006ce1,c89a3e85eb39e29f4745,e4bd92c15d832cc0fdfa",0,,paired_own_window_setup_difference_not_synchronized_instrument_error,-0.34961025376568644,15,-0.3295386077029838,-0.40142245893430295,-0.16378777913644282,-0.7829961664212792,0.44259571376954465,-0.34961025376568644,15,-0.3295386077029838,-0.40142245893430295,-0.16378777913644837,-0.782996166421257,0.44259571376956686,0.0,15,0.0,0.0,0.0,0.0,0.0
historical/durations_without_filter/yolo/fp16/fp16,reported_legacy,jetson,pico,10.0,15,15,15,"0e0eee6eb054a5d97193,1845abfbf279e42f76b1,1be7d35b73270aeb3b28,3b0e2765b7d99876b0ac,5387a2047c8640ca9809,6717228482a3bc7c1112,713c124ab11e21fa0c2f,75b9c9ba158357244a15,88587dd2c96894281d0e,aaf4f066fcd0516a0398,ae428ed3b61ed9bc3d61,be624d92f4792e62fb9e,c541471af02bf7006ce1,c89a3e85eb39e29f4745,e4bd92c15d832cc0fdfa",15,envelope_energy_sensitive_gt1pct;timestamp_gap_requires_review,paired_own_window_setup_difference_not_synchronized_instrument_error,-1.5937166284231696,15,-1.4159113150036151,-1.786373476971409,-1.186174436126891,-2.086385775776345,-0.7979817044679094,-1.2965650296641318,15,-1.2898577258396826,-1.6607776941245933,-0.5999466549131249,-1.960203753813372,-0.3778928565983941,-0.004574999999995555,15,-0.004574999999995555,-0.8611374999999977,0.3394166666666809,-1.5639999999999987,0.7659749999999965
historical/durations_without_filter/yolo/fp16/fp16,reported_legacy,shelly,pico,10.0,15,15,15,"0e0eee6eb054a5d97193,1845abfbf279e42f76b1,1be7d35b73270aeb3b28,3b0e2765b7d99876b0ac,5387a2047c8640ca9809,6717228482a3bc7c1112,713c124ab11e21fa0c2f,75b9c9ba158357244a15,88587dd2c96894281d0e,aaf4f066fcd0516a0398,ae428ed3b61ed9bc3d61,be624d92f4792e62fb9e,c541471af02bf7006ce1,c89a3e85eb39e29f4745,e4bd92c15d832cc0fdfa",15,envelope_energy_sensitive_gt1pct;source_time_resolution_coarser_than_detection_bins,paired_own_window_setup_difference_not_synchronized_instrument_error,-4.8693366368040225,15,-4.941271814964365,-5.204761422782179,-4.469074622368662,-5.959973266034668,-4.070845431933357,-4.998984051706923,15,-5.053206172653979,-5.305516897610274,-4.5527453561420135,-5.9898919829111,-4.081556324810432,0.05445833333332928,15,0.05445833333332928,0.005137500000013118,0.1159333333333179,-0.0951666666666795,0.2130499999999813
historical/durations_without_filter/yolo/fp16/fp16,reported_legacy,firmware,pico,20.0,15,15,15,"04ebe0dace245a20c692,19074898af2131852b57,1cb2342c2018aa892bd7,36d024e19002f411f5fa,3db392eadba7fe571299,59101a222279584ad44d,841e09ede9042a17d8d7,8e72d02140242325a158,a75ea45f5320f93ab073,b83d7cc44da37d6bc1e9,bdbe75d933f32df56c5e,c83895e5aab4d066f6ae,da35c5ea9cb80ca88000,e1ac4009e8c4f829f147,f415b30404dc9f213cd5",0,,paired_own_window_setup_difference_not_synchronized_instrument_error,-0.14441540290137667,15,-0.2520731098383244,-0.32158578740021926,-0.17332641708620034,-0.5440812411812268,0.42650080310897565,-0.14441540290137667,15,-0.2520731098383244,-0.3215857874002248,-0.1733264170862059,-0.5440812411812268,0.42650080310897565,0.0,15,0.0,0.0,0.0,0.0,0.0
historical/durations_without_filter/yolo/fp16/fp16,reported_legacy,jetson,pico,20.0,15,15,15,"04ebe0dace245a20c692,19074898af2131852b57,1cb2342c2018aa892bd7,36d024e19002f411f5fa,3db392eadba7fe571299,59101a222279584ad44d,841e09ede9042a17d8d7,8e72d02140242325a158,a75ea45f5320f93ab073,b83d7cc44da37d6bc1e9,bdbe75d933f32df56c5e,c83895e5aab4d066f6ae,da35c5ea9cb80ca88000,e1ac4009e8c4f829f147,f415b30404dc9f213cd5",15,envelope_energy_sensitive_gt1pct;timestamp_gap_requires_review,paired_own_window_setup_difference_not_synchronized_instrument_error,-1.3234804849214687,15,-1.35470688506667,-1.5185366700065428,-1.188754293315769,-1.877875002790108,-0.8677808902171735,-1.071142560390148,15,-0.9951686066831056,-1.2535879259439053,-0.8539948507520101,-1.5637776395382774,-0.5607045550302558,-0.1015954545454556,15,-0.1015954545454556,-0.6222000000000005,0.08258181818180388,-1.2742227272727225,0.14539545454546055
historical/durations_without_filter/yolo/fp16/fp16,reported_legacy,shelly,pico,20.0,15,15,15,"04ebe0dace245a20c692,19074898af2131852b57,1cb2342c2018aa892bd7,36d024e19002f411f5fa,3db392eadba7fe571299,59101a222279584ad44d,841e09ede9042a17d8d7,8e72d02140242325a158,a75ea45f5320f93ab073,b83d7cc44da37d6bc1e9,bdbe75d933f32df56c5e,c83895e5aab4d066f6ae,da35c5ea9cb80ca88000,e1ac4009e8c4f829f147,f415b30404dc9f213cd5",15,envelope_energy_sensitive_gt1pct;source_time_resolution_coarser_than_detection_bins,paired_own_window_setup_difference_not_synchronized_instrument_error,-4.3259113577236,15,-4.421267600037682,-4.597479634857948,-4.197750969300734,-5.215964242991234,-4.023860016828595,-4.328207480744051,15,-4.413181824191081,-4.65399517766757,-4.200632862003934,-5.239421793396382,-4.031293229389366,0.0024000000000024,15,0.0024000000000024,-0.009449999999999736,0.04624772727273019,-0.025595454545457308,0.09797727272726764
historical/durations_without_filter/yolo/fp16/fp16,reported_legacy,firmware,pico,50.0,15,15,15,"113530eafc9581074654,18b9ac8ebbdbd94200f1,396686f8cfc485393c5b,804d3298b5303ece2294,913947581e2652d1a591,990288756874b0179891,a30846f088630139f701,b02ad0a2ce40af9044d1,b932f436e66b6f5420ee,c49eafa326102fc3adf4,d5a0a10e57519d2e5493,e51119be0aeb38e7dadb,f193a5ab75c81647c612,f4ad13e18321ce2d4346,fb2f04f69b1512e5d1dc",0,,paired_own_window_setup_difference_not_synchronized_instrument_error,-0.17446361823126866,15,-0.20422682700341754,-0.2824223913271584,-0.08454827723987646,-0.4441873432417309,0.028309775866963705,-0.17446361823126866,15,-0.20422682700340644,-0.2824223913271584,-0.08454827723988756,-0.4441873432417309,0.0283097758669415,0.0,15,0.0,0.0,0.0,0.0,0.0
historical/durations_without_filter/yolo/fp16/fp16,reported_legacy,jetson,pico,50.0,15,15,15,"113530eafc9581074654,18b9ac8ebbdbd94200f1,396686f8cfc485393c5b,804d3298b5303ece2294,913947581e2652d1a591,990288756874b0179891,a30846f088630139f701,b02ad0a2ce40af9044d1,b932f436e66b6f5420ee,c49eafa326102fc3adf4,d5a0a10e57519d2e5493,e51119be0aeb38e7dadb,f193a5ab75c81647c612,f4ad13e18321ce2d4346,fb2f04f69b1512e5d1dc",15,timestamp_gap_requires_review,paired_own_window_setup_difference_not_synchronized_instrument_error,-1.2493846681496223,15,-1.2056107202628397,-1.2687393674560898,-1.1485698748034678,-1.34215665757077,-1.0997774706550056,-1.0437828261020243,15,-0.9540379799834353,-1.135219957372846,-0.8859536455388284,-1.3665721235476047,-0.7760734474811959,-0.2949749999999862,15,-0.2949749999999862,-0.32780480769231124,-0.00437596153845532,-0.35301538461538495,0.07933461538462971
historical/durations_without_filter/yolo/fp16/fp16,reported_legacy,shelly,pico,50.0,15,15,15,"113530eafc9581074654,18b9ac8ebbdbd94200f1,396686f8cfc485393c5b,804d3298b5303ece2294,913947581e2652d1a591,990288756874b0179891,a30846f088630139f701,b02ad0a2ce40af9044d1,b932f436e66b6f5420ee,c49eafa326102fc3adf4,d5a0a10e57519d2e5493,e51119be0aeb38e7dadb,f193a5ab75c81647c612,f4ad13e18321ce2d4346,fb2f04f69b1512e5d1dc",15,envelope_energy_sensitive_gt1pct;source_time_resolution_coarser_than_detection_bins,paired_own_window_setup_difference_not_synchronized_instrument_error,-4.487174572539243,15,-4.466403944659614,-4.6292626004525825,-4.357065174237351,-4.820629469917881,-4.186417489376682,-4.517702900902454,15,-4.4684762438672365,-4.627960009061899,-4.388713210219203,-4.815209428285517,-4.237902507830327,0.020309615384617175,15,0.020309615384617175,0.006005769230776892,0.03289230769231155,-0.012563461538472875,0.08586538461539117
historical/durations_without_filter/yolo/fp16/fp16,reported_legacy,firmware,pico,100.0,15,15,15,"17dcf5805bcdce136ea8,20148678ec860e39eee8,3d0dd42aa77969eb6148,3d262393997b9e7b04be,5784a8e35828383b87a8,62703e2c78bf9d62c2ed,68dd5848aca8c6219e44,739413669b9731ef3d96,80a5b49968fee2e52b50,bd3852d3120ac75b9607,c54ce23eb655747225d8,d674afead7ddd6475945,e554b606cb01981b49ca,f64f413600d26fa2ec98,fdb4863e3a99b299746e",0,,paired_own_window_setup_difference_not_synchronized_instrument_error,-0.2596751700522093,15,-0.2615180496801539,-0.30934541100143265,-0.19320780503555013,-0.38437526886965223,-0.058679912706138815,-0.2596751700522093,15,-0.2615180496801539,-0.3093454110014382,-0.19320780503555013,-0.38437526886965223,-0.058679912706138815,0.0,15,0.0,0.0,0.0,0.0,0.0
historical/durations_without_filter/yolo/fp16/fp16,reported_legacy,jetson,pico,100.0,15,15,15,"17dcf5805bcdce136ea8,20148678ec860e39eee8,3d0dd42aa77969eb6148,3d262393997b9e7b04be,5784a8e35828383b87a8,62703e2c78bf9d62c2ed,68dd5848aca8c6219e44,739413669b9731ef3d96,80a5b49968fee2e52b50,bd3852d3120ac75b9607,c54ce23eb655747225d8,d674afead7ddd6475945,e554b606cb01981b49ca,f64f413600d26fa2ec98,fdb4863e3a99b299746e",15,timestamp_gap_requires_review,paired_own_window_setup_difference_not_synchronized_instrument_error,-1.2107382959957058,15,-1.1749856076678888,-1.2474853364572769,-1.1286605254184956,-1.311089374837704,-1.0626024777469323,-1.0452991546655022,15,-1.0705462129838694,-1.097275871454162,-0.9957825834454759,-1.2569194143522866,-0.880353515983745,-0.17487058823529855,15,-0.17487058823529855,-0.21732156862744878,-0.03627843137255504,-0.2287901960784211,0.0009480392156868689
historical/durations_without_filter/yolo/fp16/fp16,reported_legacy,shelly,pico,100.0,15,15,15,"17dcf5805bcdce136ea8,20148678ec860e39eee8,3d0dd42aa77969eb6148,3d262393997b9e7b04be,5784a8e35828383b87a8,62703e2c78bf9d62c2ed,68dd5848aca8c6219e44,739413669b9731ef3d96,80a5b49968fee2e52b50,bd3852d3120ac75b9607,c54ce23eb655747225d8,d674afead7ddd6475945,e554b606cb01981b49ca,f64f413600d26fa2ec98,fdb4863e3a99b299746e",15,source_time_resolution_coarser_than_detection_bins,paired_own_window_setup_difference_not_synchronized_instrument_error,-4.446889614037497,15,-4.458291453686614,-4.487024651711884,-4.3408645225073155,-4.595380386987957,-4.204827520921861,-4.426425140147039,15,-4.4509225197727265,-4.515186235140012,-4.342632836373111,-4.60612809655575,-4.216926237807672,0.0002313725490310503,15,0.0002313725490310503,-0.012628431372552207,0.011434313725489087,-0.03115000000000201,0.21797156862743972
historical/durations_without_filter/yolo/fp16/fp16,reported_legacy,firmware,pico,200.0,15,15,15,"006857cd0faa6d379b2f,03b49702185aa349c8e5,20131dede61ad2084631,23ac5334bf157e3c7e02,2b53b8aa3e6e226a148e,3c027f2e66f049c94446,4d71357c71ee67a21a4d,633429626763e6b747de,7c8b5f5cfd4b52e779ab,99f7716d58d82eb7ec91,b244bad55a595b4e399d,b25d5d68de719dd50a4b,c4bfbc0bea194a2465bb,d88c84197004be0173fe,f9b8e70584182f955e9a",0,,paired_own_window_setup_difference_not_synchronized_instrument_error,-0.26153403974968903,15,-0.2085876659029262,-0.3034701168729337,-0.1976928448670423,-0.3505641130025161,-0.11165046333084794,-0.26153403974970013,15,-0.2085876659029373,-0.3034701168729337,-0.19769284486704786,-0.3505641130025272,-0.11165046333085904,0.0,15,0.0,0.0,0.0,0.0,0.0
historical/durations_without_filter/yolo/fp16/fp16,reported_legacy,jetson,pico,200.0,15,15,15,"006857cd0faa6d379b2f,03b49702185aa349c8e5,20131dede61ad2084631,23ac5334bf157e3c7e02,2b53b8aa3e6e226a148e,3c027f2e66f049c94446,4d71357c71ee67a21a4d,633429626763e6b747de,7c8b5f5cfd4b52e779ab,99f7716d58d82eb7ec91,b244bad55a595b4e399d,b25d5d68de719dd50a4b,c4bfbc0bea194a2465bb,d88c84197004be0173fe,f9b8e70584182f955e9a",15,timestamp_gap_requires_review,paired_own_window_setup_difference_not_synchronized_instrument_error,-1.257381440688965,15,-1.1948780087944089,-1.2488313421367858,-1.1195324926647932,-1.2738766677253932,-1.0745984206172787,-1.1743566563796826,15,-1.1241676313030746,-1.1765272575475105,-1.0851240852655097,-1.2451724207369952,-1.0190254695680578,-0.057097524752480755,15,-0.057097524752480755,-0.08875891089109023,-0.03467772277227499,-0.10675841584159018,-0.0018381188118810066
historical/durations_without_filter/yolo/fp16/fp16,reported_legacy,shelly,pico,200.0,15,15,15,"006857cd0faa6d379b2f,03b49702185aa349c8e5,20131dede61ad2084631,23ac5334bf157e3c7e02,2b53b8aa3e6e226a148e,3c027f2e66f049c94446,4d71357c71ee67a21a4d,633429626763e6b747de,7c8b5f5cfd4b52e779ab,99f7716d58d82eb7ec91,b244bad55a595b4e399d,b25d5d68de719dd50a4b,c4bfbc0bea194a2465bb,d88c84197004be0173fe,f9b8e70584182f955e9a",15,source_time_resolution_coarser_than_detection_bins,paired_own_window_setup_difference_not_synchronized_instrument_error,-4.190977981587496,15,-4.216864764184624,-4.294726933562237,-4.128620151406525,-4.347551240586167,-3.9906097925696993,-4.1838624475309505,15,-4.213837067895909,-4.295473725108656,-4.133872458423005,-4.350784875998192,-3.989226191764972,0.0006445544554312121,15,0.0006445544554312121,-0.0023009900990078602,0.0029556930692953287,-0.0074262376237532735,0.006106930693050572
historical/durations_without_filter/yolo/fp16/fp16,reported_legacy,firmware,pico,300.0,15,15,15,"07e50fbd6f7e1d1716ec,0d7e278072695a164dbd,1cc42101115c25e4421a,1d20c459549efb0caf88,1e72a794daed6e17cd7d,49975d012b4f5a6486ff,4d9017a50a61adf06a44,92b33c047b2c0acf0944,962fb6c200c9522d0f7c,99ae6bc3919ce4a46da0,bd76f27bec19d9c3df53,d15fad859f13e8253544,d9294574445e021a063d,deadd1e7996d3b1082c9,ea580cec52ab2c5f750b",0,,paired_own_window_setup_difference_not_synchronized_instrument_error,-0.21216370170729082,15,-0.20088393629710266,-0.22020473082593472,-0.17046147507447373,-0.24943567229336328,-0.1609022329354448,-0.21216370170729082,15,-0.20088393629710266,-0.22020473082592917,-0.17046147507447929,-0.24943567229336328,-0.1609022329354559,0.0,15,0.0,0.0,0.0,0.0,0.0
historical/durations_without_filter/yolo/fp16/fp16,reported_legacy,jetson,pico,300.0,15,15,15,"07e50fbd6f7e1d1716ec,0d7e278072695a164dbd,1cc42101115c25e4421a,1d20c459549efb0caf88,1e72a794daed6e17cd7d,49975d012b4f5a6486ff,4d9017a50a61adf06a44,92b33c047b2c0acf0944,962fb6c200c9522d0f7c,99ae6bc3919ce4a46da0,bd76f27bec19d9c3df53,d15fad859f13e8253544,d9294574445e021a063d,deadd1e7996d3b1082c9,ea580cec52ab2c5f750b",15,timestamp_gap_requires_review,paired_own_window_setup_difference_not_synchronized_instrument_error,-1.098508282747801,15,-1.1120163823212015,-1.1394608012168739,-1.0389612628129097,-1.2173769250027333,-1.0197158572588183,-1.0729998574891986,15,-1.0834815413203192,-1.117649804603832,-1.0341396998005237,-1.2097095554075898,-0.9934620772259262,-0.022293377483439958,15,-0.022293377483439958,-0.025546688741723278,-0.009687251655637885,-0.05153609271523196,0.0090526490066134
historical/durations_without_filter/yolo/fp16/fp16,reported_legacy,shelly,pico,300.0,15,15,15,"07e50fbd6f7e1d1716ec,0d7e278072695a164dbd,1cc42101115c25e4421a,1d20c459549efb0caf88,1e72a794daed6e17cd7d,49975d012b4f5a6486ff,4d9017a50a61adf06a44,92b33c047b2c0acf0944,962fb6c200c9522d0f7c,99ae6bc3919ce4a46da0,bd76f27bec19d9c3df53,d15fad859f13e8253544,d9294574445e021a063d,deadd1e7996d3b1082c9,ea580cec52ab2c5f750b",15,source_time_resolution_coarser_than_detection_bins,paired_own_window_setup_difference_not_synchronized_instrument_error,-4.200015283571556,15,-4.190905375049536,-4.221278299664793,-4.1697059369698914,-4.392689205754873,-4.065693671363579,-4.20177422781628,15,-4.185260085229037,-4.224261091486776,-4.171446707505677,-4.388654217006527,-4.064149167698849,0.00020960264901503933,15,0.00020960264901503933,-0.0028125827814529103,0.0010690397351131864,-0.0072682119205302875,0.005609602649014889
historical/durations_without_filter/yolo/fp16/fp16,reported_legacy,firmware,pico,400.0,15,15,15,"0420c503c283d58bb02d,08e8038c7969aa3858f4,0e89be171f30fc16e38b,24784a8cbfd059b7731e,358f5583036e08c42f13,3af4f8e054d99d3b4361,42224556cc32871dfb95,73017bac4e77d0341245,88003c45072b37fa0019,b005581b13600aa0018a,be96685565fb01195716,c593aab7ce31d7695ea9,c8f54a76a50b52b731b9,d4263aa0ecd8402e6c2b,e5c5921f7b6aa986a5a7",0,,paired_own_window_setup_difference_not_synchronized_instrument_error,-0.23389774874206237,15,-0.23631217619629608,-0.2555795558418339,-0.1770805891770033,-0.3211122383253162,-0.08110929695744895,-0.23389774874207347,15,-0.23631217619629608,-0.25557955584183945,-0.1770805891770033,-0.3211122383253162,-0.08110929695744895,0.0,15,0.0,0.0,0.0,0.0,0.0
historical/durations_without_filter/yolo/fp16/fp16,reported_legacy,jetson,pico,400.0,15,15,15,"0420c503c283d58bb02d,08e8038c7969aa3858f4,0e89be171f30fc16e38b,24784a8cbfd059b7731e,358f5583036e08c42f13,3af4f8e054d99d3b4361,42224556cc32871dfb95,73017bac4e77d0341245,88003c45072b37fa0019,b005581b13600aa0018a,be96685565fb01195716,c593aab7ce31d7695ea9,c8f54a76a50b52b731b9,d4263aa0ecd8402e6c2b,e5c5921f7b6aa986a5a7",15,timestamp_gap_requires_review,paired_own_window_setup_difference_not_synchronized_instrument_error,-1.0763498886216305,15,-1.0958848689481826,-1.128885900528076,-1.055245821458306,-1.2920697305090156,-0.9925699797052157,-1.0583631850931918,15,-1.076534011746899,-1.0976390128010938,-1.0377345876668775,-1.2643613664871323,-0.9718908412687965,-0.019561442786064642,15,-0.019561442786064642,-0.02567624378108646,-0.017438930348262494,-0.0450079601990061,0.016677611940307813
historical/durations_without_filter/yolo/fp16/fp16,reported_legacy,shelly,pico,400.0,15,15,15,"0420c503c283d58bb02d,08e8038c7969aa3858f4,0e89be171f30fc16e38b,24784a8cbfd059b7731e,358f5583036e08c42f13,3af4f8e054d99d3b4361,42224556cc32871dfb95,73017bac4e77d0341245,88003c45072b37fa0019,b005581b13600aa0018a,be96685565fb01195716,c593aab7ce31d7695ea9,c8f54a76a50b52b731b9,d4263aa0ecd8402e6c2b,e5c5921f7b6aa986a5a7",15,source_time_resolution_coarser_than_detection_bins,paired_own_window_setup_difference_not_synchronized_instrument_error,-4.0944253356065,15,-4.098788760112582,-4.206615448792677,-4.079135757578883,-4.356981715415231,-4.021447374934272,-4.0943382570827636,15,-4.098332153664186,-4.207765166182403,-4.079078427750532,-4.350719780696788,-4.023226765210186,0.0016256218905663644,15,0.0016256218905663644,-0.00028345771144744347,0.001896766169162678,-0.006546766169157614,0.003937810945275899
historical/durations_without_filter/yolo/fp16/fp16,reported_legacy,firmware,pico,500.0,9,9,9,"134a03a9911bad01776a,33d7bed4ac08b4637476,5f607d5f6c04f287d07a,6b08091386162e0bf88a,7f1ae0f76d4e6c6aa9d6,82265913b7386d8da74e,a51fd9a90009768b060b,a9f532db7a7383469b78,e88500d81d7bc48a04eb",0,,paired_own_window_setup_difference_not_synchronized_instrument_error,-0.1714761467545345,9,-0.18334197656152407,-0.2164699326978714,-0.1679977806738897,-0.2370301386329765,-0.10251418021968162,-0.1714761467545456,9,-0.18334197656151296,-0.2164699326978714,-0.1679977806738897,-0.2370301386329876,-0.10251418021967051,0.0,9,0.0,0.0,0.0,0.0,0.0
historical/durations_without_filter/yolo/fp16/fp16,reported_legacy,jetson,pico,500.0,9,9,9,"134a03a9911bad01776a,33d7bed4ac08b4637476,5f607d5f6c04f287d07a,6b08091386162e0bf88a,7f1ae0f76d4e6c6aa9d6,82265913b7386d8da74e,a51fd9a90009768b060b,a9f532db7a7383469b78,e88500d81d7bc48a04eb",9,timestamp_gap_requires_review,paired_own_window_setup_difference_not_synchronized_instrument_error,-0.9817315876230248,9,-1.0455335249382691,-1.1015127814989922,-0.9931102028748806,-1.2467637976421586,-0.920423524178593,-0.98123353506262,9,-1.0308648007642418,-1.0895231372209713,-0.9869664638676889,-1.2110947112864423,-0.9133737673209574,-0.012121713147406066,9,-0.012121713147406066,-0.01330936254980708,-0.006204980079671518,-0.036939243027900304,-0.00025099601592692977
historical/durations_without_filter/yolo/fp16/fp16,reported_legacy,shelly,pico,500.0,9,9,9,"134a03a9911bad01776a,33d7bed4ac08b4637476,5f607d5f6c04f287d07a,6b08091386162e0bf88a,7f1ae0f76d4e6c6aa9d6,82265913b7386d8da74e,a51fd9a90009768b060b,a9f532db7a7383469b78,e88500d81d7bc48a04eb",9,source_time_resolution_coarser_than_detection_bins,paired_own_window_setup_difference_not_synchronized_instrument_error,-4.287342730885724,9,-4.287342730885724,-4.303033664717992,-4.239500531534879,-4.401344866989043,-4.104116436572758,-4.287568856270852,9,-4.287568856270852,-4.307958373673005,-4.242090000913845,-4.397478678173594,-4.104973952054703,0.0007370517928206866,9,0.0007370517928206866,-0.0007099601593729687,0.0015113545816625162,-0.004044023904381522,0.00514641434261609
historical/durations_without_filter/yolo/fp16/fp16,reported_legacy,firmware,pico,600.0,15,15,15,"05c91fa5ebc8aa4d4de1,1582a9bf8d3b408a6547,16f24e942ad2970513fd,23c48e47845d6f015048,27067f1bca6a8ca6b0ee,49cb1207569b8fb2c9c2,87b8564fb758aacb982b,8d2d05c8cec407745a52,8ef5c17833322a22ed17,984a20015f7e5e59f6f8,9e9823f4aea27352edba,ce511fd1b16fc0f6935f,d7e47772d9fa34aba2f8,dbd5cd2c43e225088b9c,e5801e39c258e44b6ebf",0,,paired_own_window_setup_difference_not_synchronized_instrument_error,-0.21830427954285803,15,-0.21194159590560702,-0.22397653675130802,-0.17314662769992162,-0.2600540349484093,-0.11156653978167119,-0.21830427954286913,15,-0.21194159590560702,-0.22397653675131357,-0.17314662769992717,-0.2600540349484093,-0.11156653978167119,0.0,15,0.0,0.0,0.0,0.0,0.0
historical/durations_without_filter/yolo/fp16/fp16,reported_legacy,jetson,pico,600.0,15,15,15,"05c91fa5ebc8aa4d4de1,1582a9bf8d3b408a6547,16f24e942ad2970513fd,23c48e47845d6f015048,27067f1bca6a8ca6b0ee,49cb1207569b8fb2c9c2,87b8564fb758aacb982b,8d2d05c8cec407745a52,8ef5c17833322a22ed17,984a20015f7e5e59f6f8,9e9823f4aea27352edba,ce511fd1b16fc0f6935f,d7e47772d9fa34aba2f8,dbd5cd2c43e225088b9c,e5801e39c258e44b6ebf",15,timestamp_gap_requires_review,paired_own_window_setup_difference_not_synchronized_instrument_error,-1.0251644740186028,15,-1.0623020279456052,-1.1013959287382746,-1.0240941148288107,-1.2202141008105127,-0.9838158344800507,-1.0050206401537642,15,-1.0462287794987146,-1.104328390858611,-1.0281781263863143,-1.209375193870621,-0.9899149475556812,0.0042421926910174435,15,0.0042421926910174435,-0.00856445182723653,0.007295431893694637,-0.020348338870423976,0.012150166112956384
historical/durations_without_filter/yolo/fp16/fp16,reported_legacy,shelly,pico,600.0,15,15,15,"05c91fa5ebc8aa4d4de1,1582a9bf8d3b408a6547,16f24e942ad2970513fd,23c48e47845d6f015048,27067f1bca6a8ca6b0ee,49cb1207569b8fb2c9c2,87b8564fb758aacb982b,8d2d05c8cec407745a52,8ef5c17833322a22ed17,984a20015f7e5e59f6f8,9e9823f4aea27352edba,ce511fd1b16fc0f6935f,d7e47772d9fa34aba2f8,dbd5cd2c43e225088b9c,e5801e39c258e44b6ebf",15,source_time_resolution_coarser_than_detection_bins;timestamp_gap_requires_review,paired_own_window_setup_difference_not_synchronized_instrument_error,-4.2512236072018705,15,-4.208586615958321,-4.224218140126828,-4.176656002162016,-4.3841756117643405,-4.104064726878276,-4.2523200642738175,15,-4.208970734803231,-4.225223377054865,-4.176615291277885,-4.3806804238452735,-4.10522470321335,0.00026245847175587755,15,0.00026245847175587755,-0.0009126245847090875,0.0007213455149646109,-0.0038119601328823194,0.0012096345515022477
historical/durations_without_filter/yolo/fp16/fp16,envelope_0.5,firmware,pico,5.0,15,15,15,"02d3e0ede3605e132cc9,3e509acb459db351dbd1,646ef3183499f8396619,67beab3a5f1df14aefb9,71093c7b8dc613443694,7f8fa1c6b70aa09f1507,840fab8a36d77017dc86,96766e835ac7c2919a64,c41673831e74f29ec1f5,ca3d0e3f2bcda8c9f643,d1e5c25fad083504ca44,d96f42e2f6775b8d25ab,e15d59de3a43a5dd5c75,e6e287966602ec4eabe7,f890135e0b483b042c95",0,,paired_own_window_setup_difference_not_synchronized_instrument_error,-0.32235047046037524,15,-0.19366835951289962,-0.5144174528961543,-0.0946084722652174,-1.288645754021156,0.07851443687243442,-0.32235047046036414,15,-0.19366835951289962,-0.5144174528961543,-0.09460847226521185,-1.288645754021156,0.07851443687243442,0.0,15,0.0,0.0,0.0,0.0,0.0
historical/durations_without_filter/yolo/fp16/fp16,envelope_0.5,jetson,pico,5.0,15,15,15,"02d3e0ede3605e132cc9,3e509acb459db351dbd1,646ef3183499f8396619,67beab3a5f1df14aefb9,71093c7b8dc613443694,7f8fa1c6b70aa09f1507,840fab8a36d77017dc86,96766e835ac7c2919a64,c41673831e74f29ec1f5,ca3d0e3f2bcda8c9f643,d1e5c25fad083504ca44,d96f42e2f6775b8d25ab,e15d59de3a43a5dd5c75,e6e287966602ec4eabe7,f890135e0b483b042c95",15,envelope_energy_sensitive_gt1pct;timestamp_gap_requires_review,paired_own_window_setup_difference_not_synchronized_instrument_error,-3.062201214735505,15,-3.154799227034688,-4.101567765846393,-2.8330890421565447,-4.63529679915291,-2.452318877695492,-4.63529679915291,15,-4.63529679915291,-4.829552276968085,-4.425081724809515,-5.230394312149656,-3.8414289424152814,2.083333333333326,15,2.083333333333326,0.0,2.083333333333326,0.0,2.083333333333326
historical/durations_without_filter/yolo/fp16/fp16,envelope_0.5,shelly,pico,5.0,15,15,15,"02d3e0ede3605e132cc9,3e509acb459db351dbd1,646ef3183499f8396619,67beab3a5f1df14aefb9,71093c7b8dc613443694,7f8fa1c6b70aa09f1507,840fab8a36d77017dc86,96766e835ac7c2919a64,c41673831e74f29ec1f5,ca3d0e3f2bcda8c9f643,d1e5c25fad083504ca44,d96f42e2f6775b8d25ab,e15d59de3a43a5dd5c75,e6e287966602ec4eabe7,f890135e0b483b042c95",15,envelope_energy_sensitive_gt1pct;source_time_resolution_coarser_than_detection_bins,paired_own_window_setup_difference_not_synchronized_instrument_error,-7.121929214852763,15,-6.914292017773227,-7.904072799626698,-6.327610542811573,-10.252677168410374,-4.961857031904682,-9.37381208596687,15,-9.156616790491656,-10.116495812263215,-8.788691547284799,-10.53374142827812,-8.335405904165416,2.083333333333326,15,2.083333333333326,2.083333333333326,3.125,-2.220446049250313e-14,4.166666666666674
historical/durations_without_filter/yolo/fp16/fp16,envelope_0.5,firmware,pico,10.0,15,15,15,"0e0eee6eb054a5d97193,1845abfbf279e42f76b1,1be7d35b73270aeb3b28,3b0e2765b7d99876b0ac,5387a2047c8640ca9809,6717228482a3bc7c1112,713c124ab11e21fa0c2f,75b9c9ba158357244a15,88587dd2c96894281d0e,aaf4f066fcd0516a0398,ae428ed3b61ed9bc3d61,be624d92f4792e62fb9e,c541471af02bf7006ce1,c89a3e85eb39e29f4745,e4bd92c15d832cc0fdfa",0,,paired_own_window_setup_difference_not_synchronized_instrument_error,-0.32059112978350957,15,-0.33013817462339556,-0.3914496800689282,-0.1754692668205715,-0.9072527834896538,0.5692120598531858,-0.32059112978349846,15,-0.33013817462339556,-0.39144968006892267,-0.17546926682057706,-0.9072527834896538,0.5692120598531858,0.0,15,0.0,0.0,0.0,0.0,0.0
historical/durations_without_filter/yolo/fp16/fp16,envelope_0.5,jetson,pico,10.0,15,15,15,"0e0eee6eb054a5d97193,1845abfbf279e42f76b1,1be7d35b73270aeb3b28,3b0e2765b7d99876b0ac,5387a2047c8640ca9809,6717228482a3bc7c1112,713c124ab11e21fa0c2f,75b9c9ba158357244a15,88587dd2c96894281d0e,aaf4f066fcd0516a0398,ae428ed3b61ed9bc3d61,be624d92f4792e62fb9e,c541471af02bf7006ce1,c89a3e85eb39e29f4745,e4bd92c15d832cc0fdfa",15,envelope_energy_sensitive_gt1pct;timestamp_gap_requires_review,paired_own_window_setup_difference_not_synchronized_instrument_error,-2.4120844745217584,15,-2.323905904767931,-2.546176729021854,-1.959388586228139,-2.972553124103361,-1.3591179843901902,-3.1253633057121033,15,-2.912821951004896,-3.1064345985521657,-2.77638588687108,-3.431433201314371,-2.355490530002413,1.0204081632652962,15,1.0204081632652962,0.0,1.0204081632652962,0.0,1.0204081632652962
historical/durations_without_filter/yolo/fp16/fp16,envelope_0.5,shelly,pico,10.0,15,15,15,"0e0eee6eb054a5d97193,1845abfbf279e42f76b1,1be7d35b73270aeb3b28,3b0e2765b7d99876b0ac,5387a2047c8640ca9809,6717228482a3bc7c1112,713c124ab11e21fa0c2f,75b9c9ba158357244a15,88587dd2c96894281d0e,aaf4f066fcd0516a0398,ae428ed3b61ed9bc3d61,be624d92f4792e62fb9e,c541471af02bf7006ce1,c89a3e85eb39e29f4745,e4bd92c15d832cc0fdfa",15,envelope_energy_sensitive_gt1pct;source_time_resolution_coarser_than_detection_bins,paired_own_window_setup_difference_not_synchronized_instrument_error,-5.80370636414016,15,-5.69160084743805,-6.005077831531924,-5.435924378395534,-6.393728792366882,-4.622957091890401,-6.952221718981999,15,-6.824721640374676,-7.0262751556295076,-6.570324216110879,-7.339246683353062,-6.344824560586626,1.0204081632652962,15,1.0204081632652962,1.020408163265285,1.0204081632653073,1.020408163265274,2.0408163265306145
historical/durations_without_filter/yolo/fp16/fp16,envelope_0.5,firmware,pico,20.0,15,15,15,"04ebe0dace245a20c692,19074898af2131852b57,1cb2342c2018aa892bd7,36d024e19002f411f5fa,3db392eadba7fe571299,59101a222279584ad44d,841e09ede9042a17d8d7,8e72d02140242325a158,a75ea45f5320f93ab073,b83d7cc44da37d6bc1e9,bdbe75d933f32df56c5e,c83895e5aab4d066f6ae,da35c5ea9cb80ca88000,e1ac4009e8c4f829f147,f415b30404dc9f213cd5",0,,paired_own_window_setup_difference_not_synchronized_instrument_error,-0.13147126543107124,15,-0.23698411988540835,-0.3136332067530945,-0.17067590382767173,-0.5239939712079589,0.42724726471710106,-0.13147126543104903,15,-0.23698411988539725,-0.31363320675307227,-0.17067590382765507,-0.5239939712079589,0.42724726471712327,-2.220446049250313e-14,15,-2.220446049250313e-14,-2.220446049250313e-14,-2.220446049250313e-14,-2.220446049250313e-14,-2.220446049250313e-14
historical/durations_without_filter/yolo/fp16/fp16,envelope_0.5,jetson,pico,20.0,15,15,15,"04ebe0dace245a20c692,19074898af2131852b57,1cb2342c2018aa892bd7,36d024e19002f411f5fa,3db392eadba7fe571299,59101a222279584ad44d,841e09ede9042a17d8d7,8e72d02140242325a158,a75ea45f5320f93ab073,b83d7cc44da37d6bc1e9,bdbe75d933f32df56c5e,c83895e5aab4d066f6ae,da35c5ea9cb80ca88000,e1ac4009e8c4f829f147,f415b30404dc9f213cd5",15,envelope_energy_sensitive_gt1pct;timestamp_gap_requires_review,paired_own_window_setup_difference_not_synchronized_instrument_error,-1.6595790061598392,15,-1.6581717230739867,-1.886000711701169,-1.5492752897248663,-2.1595698690235254,-1.2457644945885193,-1.958114616631823,15,-1.9660049184836104,-2.1080059444539945,-1.8701299700700114,-2.3699773519475165,-1.65817172307402,0.5050505050504972,15,0.5050505050504972,2.220446049250313e-14,0.5050505050504972,2.220446049250313e-14,0.5050505050504972
historical/durations_without_filter/yolo/fp16/fp16,envelope_0.5,shelly,pico,20.0,15,15,15,"04ebe0dace245a20c692,19074898af2131852b57,1cb2342c2018aa892bd7,36d024e19002f411f5fa,3db392eadba7fe571299,59101a222279584ad44d,841e09ede9042a17d8d7,8e72d02140242325a158,a75ea45f5320f93ab073,b83d7cc44da37d6bc1e9,bdbe75d933f32df56c5e,c83895e5aab4d066f6ae,da35c5ea9cb80ca88000,e1ac4009e8c4f829f147,f415b30404dc9f213cd5",15,envelope_energy_sensitive_gt1pct;source_time_resolution_coarser_than_detection_bins,paired_own_window_setup_difference_not_synchronized_instrument_error,-4.885091652937201,15,-4.73939498780619,-4.966405921179723,-4.476857743763402,-5.358207385829028,-4.090373251621848,-5.373340738868048,15,-5.369749229616039,-5.516115827128248,-5.236999663751874,-5.833794283387672,-5.049469519105642,0.5050505050505194,15,0.5050505050505194,0.5050505050504972,1.0101010101010166,0.5050505050504972,1.0101010101010166
historical/durations_without_filter/yolo/fp16/fp16,envelope_0.5,firmware,pico,50.0,15,15,15,"113530eafc9581074654,18b9ac8ebbdbd94200f1,396686f8cfc485393c5b,804d3298b5303ece2294,913947581e2652d1a591,990288756874b0179891,a30846f088630139f701,b02ad0a2ce40af9044d1,b932f436e66b6f5420ee,c49eafa326102fc3adf4,d5a0a10e57519d2e5493,e51119be0aeb38e7dadb,f193a5ab75c81647c612,f4ad13e18321ce2d4346,fb2f04f69b1512e5d1dc",0,,paired_own_window_setup_difference_not_synchronized_instrument_error,-0.17528580259391635,15,-0.1963099289872261,-0.2786761729643761,-0.07917272009969056,-0.44753370081187516,0.025079030565899885,-0.17528580259391635,15,-0.1963099289872261,-0.27867617296438163,-0.07917272009968501,-0.44753370081188626,0.025079030565899885,0.0,15,0.0,0.0,0.0,0.0,0.0
historical/durations_without_filter/yolo/fp16/fp16,envelope_0.5,jetson,pico,50.0,15,15,15,"113530eafc9581074654,18b9ac8ebbdbd94200f1,396686f8cfc485393c5b,804d3298b5303ece2294,913947581e2652d1a591,990288756874b0179891,a30846f088630139f701,b02ad0a2ce40af9044d1,b932f436e66b6f5420ee,c49eafa326102fc3adf4,d5a0a10e57519d2e5493,e51119be0aeb38e7dadb,f193a5ab75c81647c612,f4ad13e18321ce2d4346,fb2f04f69b1512e5d1dc",15,timestamp_gap_requires_review,paired_own_window_setup_difference_not_synchronized_instrument_error,-1.35659033929717,15,-1.2798414590174723,-1.428416905259422,-1.2377210806378158,-1.5419528799794469,-1.1209065225280868,-1.5395330624473513,15,-1.4489726026436722,-1.488118489864726,-1.4116481378356804,-1.6463095996945176,-1.319061018474954,0.20080321285143032,15,0.20080321285143032,2.220446049250313e-14,0.20080321285143032,2.220446049250313e-14,0.20080321285143032
historical/durations_without_filter/yolo/fp16/fp16,envelope_0.5,shelly,pico,50.0,15,15,15,"113530eafc9581074654,18b9ac8ebbdbd94200f1,396686f8cfc485393c5b,804d3298b5303ece2294,913947581e2652d1a591,990288756874b0179891,a30846f088630139f701,b02ad0a2ce40af9044d1,b932f436e66b6f5420ee,c49eafa326102fc3adf4,d5a0a10e57519d2e5493,e51119be0aeb38e7dadb,f193a5ab75c81647c612,f4ad13e18321ce2d4346,fb2f04f69b1512e5d1dc",15,envelope_energy_sensitive_gt1pct;source_time_resolution_coarser_than_detection_bins,paired_own_window_setup_difference_not_synchronized_instrument_error,-4.664701869674371,15,-4.593066800358258,-4.756342556314669,-4.4589333560559385,-4.898481297896451,-4.420723501855428,-4.9081226139753635,15,-4.835489796847781,-4.896010871469453,-4.7985886916676215,-5.089065503712309,-4.612265138124261,0.20080321285143032,15,0.20080321285143032,0.20080321285140812,0.40160642570281624,2.220446049250313e-14,0.40160642570283844
historical/durations_without_filter/yolo/fp16/fp16,envelope_0.5,firmware,pico,100.0,15,15,15,"17dcf5805bcdce136ea8,20148678ec860e39eee8,3d0dd42aa77969eb6148,3d262393997b9e7b04be,5784a8e35828383b87a8,62703e2c78bf9d62c2ed,68dd5848aca8c6219e44,739413669b9731ef3d96,80a5b49968fee2e52b50,bd3852d3120ac75b9607,c54ce23eb655747225d8,d674afead7ddd6475945,e554b606cb01981b49ca,f64f413600d26fa2ec98,fdb4863e3a99b299746e",0,,paired_own_window_setup_difference_not_synchronized_instrument_error,-0.2632581222288599,15,-0.2623781471577491,-0.3084994295563248,-0.20123932544526268,-0.38563072911382834,-0.057058121401742934,-0.263258122228871,15,-0.2623781471577713,-0.30849942955634146,-0.20123932544526824,-0.38563072911383944,-0.05705812140176514,2.220446049250313e-14,15,2.220446049250313e-14,2.220446049250313e-14,2.220446049250313e-14,2.220446049250313e-14,2.220446049250313e-14
historical/durations_without_filter/yolo/fp16/fp16,envelope_0.5,jetson,pico,100.0,15,15,15,"17dcf5805bcdce136ea8,20148678ec860e39eee8,3d0dd42aa77969eb6148,3d262393997b9e7b04be,5784a8e35828383b87a8,62703e2c78bf9d62c2ed,68dd5848aca8c6219e44,739413669b9731ef3d96,80a5b49968fee2e52b50,bd3852d3120ac75b9607,c54ce23eb655747225d8,d674afead7ddd6475945,e554b606cb01981b49ca,f64f413600d26fa2ec98,fdb4863e3a99b299746e",15,timestamp_gap_requires_review,paired_own_window_setup_difference_not_synchronized_instrument_error,-1.2403902181030046,15,-1.231079107189792,-1.2691839297558238,-1.18645259359626,-1.3248073532058036,-1.0408145554306136,-1.3120752623847598,15,-1.2866600112724669,-1.3281235774068756,-1.239473463714258,-1.4235813198192226,-1.1398727991188684,0.10020040080160886,15,0.10020040080160886,0.05010020040080443,0.10020040080160886,0.0,0.10020040080160886
historical/durations_without_filter/yolo/fp16/fp16,envelope_0.5,shelly,pico,100.0,15,15,15,"17dcf5805bcdce136ea8,20148678ec860e39eee8,3d0dd42aa77969eb6148,3d262393997b9e7b04be,5784a8e35828383b87a8,62703e2c78bf9d62c2ed,68dd5848aca8c6219e44,739413669b9731ef3d96,80a5b49968fee2e52b50,bd3852d3120ac75b9607,c54ce23eb655747225d8,d674afead7ddd6475945,e554b606cb01981b49ca,f64f413600d26fa2ec98,fdb4863e3a99b299746e",15,source_time_resolution_coarser_than_detection_bins,paired_own_window_setup_difference_not_synchronized_instrument_error,-4.449091240917613,15,-4.489545233079594,-4.517051808709128,-4.446673539997348,-4.6628200754815445,-4.28425757946711,-4.615975834883857,15,-4.585151293907352,-4.675805460617077,-4.536881759006556,-4.71834139181585,-4.315131716357601,0.10020040080160886,15,0.10020040080160886,0.10020040080160886,0.20040080160321772,2.220446049250313e-14,0.20040080160321772
historical/durations_without_filter/yolo/fp16/fp16,envelope_0.5,firmware,pico,200.0,15,15,15,"006857cd0faa6d379b2f,03b49702185aa349c8e5,20131dede61ad2084631,23ac5334bf157e3c7e02,2b53b8aa3e6e226a148e,3c027f2e66f049c94446,4d71357c71ee67a21a4d,633429626763e6b747de,7c8b5f5cfd4b52e779ab,99f7716d58d82eb7ec91,b244bad55a595b4e399d,b25d5d68de719dd50a4b,c4bfbc0bea194a2465bb,d88c84197004be0173fe,f9b8e70584182f955e9a",0,,paired_own_window_setup_difference_not_synchronized_instrument_error,-0.26340071906201246,15,-0.20859216514866885,-0.30335377706089406,-0.19728355181143353,-0.3529048708458493,-0.10908245072763778,-0.26340071906201246,15,-0.20859216514866885,-0.3033537770608885,-0.19728355181142798,-0.3529048708458493,-0.10908245072762668,0.0,15,0.0,0.0,0.0,0.0,0.0
historical/durations_without_filter/yolo/fp16/fp16,envelope_0.5,jetson,pico,200.0,15,15,15,"006857cd0faa6d379b2f,03b49702185aa349c8e5,20131dede61ad2084631,23ac5334bf157e3c7e02,2b53b8aa3e6e226a148e,3c027f2e66f049c94446,4d71357c71ee67a21a4d,633429626763e6b747de,7c8b5f5cfd4b52e779ab,99f7716d58d82eb7ec91,b244bad55a595b4e399d,b25d5d68de719dd50a4b,c4bfbc0bea194a2465bb,d88c84197004be0173fe,f9b8e70584182f955e9a",15,timestamp_gap_requires_review,paired_own_window_setup_difference_not_synchronized_instrument_error,-1.2526731307316075,15,-1.2272823857237158,-1.2554128407577747,-1.1478690838684968,-1.2852744525496673,-1.1099933746347879,-1.3020714933475452,15,-1.2362471725032242,-1.3048098328334257,-1.1937785123546985,-1.3346565063502958,-1.1219416960859707,0.05005005005005447,15,0.05005005005005447,0.025025025025027237,0.05005005005005447,0.0,0.05005005005005447
historical/durations_without_filter/yolo/fp16/fp16,envelope_0.5,shelly,pico,200.0,15,15,15,"006857cd0faa6d379b2f,03b49702185aa349c8e5,20131dede61ad2084631,23ac5334bf157e3c7e02,2b53b8aa3e6e226a148e,3c027f2e66f049c94446,4d71357c71ee67a21a4d,633429626763e6b747de,7c8b5f5cfd4b52e779ab,99f7716d58d82eb7ec91,b244bad55a595b4e399d,b25d5d68de719dd50a4b,c4bfbc0bea194a2465bb,d88c84197004be0173fe,f9b8e70584182f955e9a",15,source_time_resolution_coarser_than_detection_bins,paired_own_window_setup_difference_not_synchronized_instrument_error,-4.223040835693858,15,-4.264899375454057,-4.340570459440457,-4.203321972293333,-4.395681045429834,-4.024463497016684,-4.270953271493916,15,-4.337977863588305,-4.3848236685963435,-4.235002105398122,-4.45047480223929,-4.07247527115524,0.05005005005005447,15,0.05005005005005447,0.05005005005005447,0.05005005005005447,0.0,0.15015015015014122
historical/durations_without_filter/yolo/fp16/fp16,envelope_0.5,firmware,pico,300.0,15,15,15,"07e50fbd6f7e1d1716ec,0d7e278072695a164dbd,1cc42101115c25e4421a,1d20c459549efb0caf88,1e72a794daed6e17cd7d,49975d012b4f5a6486ff,4d9017a50a61adf06a44,92b33c047b2c0acf0944,962fb6c200c9522d0f7c,99ae6bc3919ce4a46da0,bd76f27bec19d9c3df53,d15fad859f13e8253544,d9294574445e021a063d,deadd1e7996d3b1082c9,ea580cec52ab2c5f750b",0,,paired_own_window_setup_difference_not_synchronized_instrument_error,-0.2110467819546713,15,-0.20032271603671603,-0.2186023373929924,-0.1730501146545993,-0.24976047739380114,-0.15930033027292678,-0.2110467819546491,15,-0.20032271603669383,-0.2186023373929813,-0.17305011465458264,-0.24976047739379004,-0.15930033027291568,-2.220446049250313e-14,15,-2.220446049250313e-14,-2.220446049250313e-14,-2.220446049250313e-14,-2.220446049250313e-14,-2.220446049250313e-14
historical/durations_without_filter/yolo/fp16/fp16,envelope_0.5,jetson,pico,300.0,15,15,15,"07e50fbd6f7e1d1716ec,0d7e278072695a164dbd,1cc42101115c25e4421a,1d20c459549efb0caf88,1e72a794daed6e17cd7d,49975d012b4f5a6486ff,4d9017a50a61adf06a44,92b33c047b2c0acf0944,962fb6c200c9522d0f7c,99ae6bc3919ce4a46da0,bd76f27bec19d9c3df53,d15fad859f13e8253544,d9294574445e021a063d,deadd1e7996d3b1082c9,ea580cec52ab2c5f750b",15,timestamp_gap_requires_review,paired_own_window_setup_difference_not_synchronized_instrument_error,-1.108910481878067,15,-1.1339915232087883,-1.1572388818559654,-1.0593139842530463,-1.2377766677624358,-1.0327043176662776,-1.1418851699468102,15,-1.1499469295853992,-1.186123812189166,-1.0923052100002162,-1.27070838611264,-1.0657044162599272,0.03335557038026682,15,0.03335557038026682,0.03335557038026682,0.03335557038026682,0.0,0.03335557038026682
historical/durations_without_filter/yolo/fp16/fp16,envelope_0.5,shelly,pico,300.0,15,15,15,"07e50fbd6f7e1d1716ec,0d7e278072695a164dbd,1cc42101115c25e4421a,1d20c459549efb0caf88,1e72a794daed6e17cd7d,49975d012b4f5a6486ff,4d9017a50a61adf06a44,92b33c047b2c0acf0944,962fb6c200c9522d0f7c,99ae6bc3919ce4a46da0,bd76f27bec19d9c3df53,d15fad859f13e8253544,d9294574445e021a063d,deadd1e7996d3b1082c9,ea580cec52ab2c5f750b",15,source_time_resolution_coarser_than_detection_bins,paired_own_window_setup_difference_not_synchronized_instrument_error,-4.193990979966977,15,-4.204408166430862,-4.237803084011388,-4.184649415985731,-4.41579529652687,-4.086769437263326,-4.257861652647,15,-4.243138924290202,-4.279055961850397,-4.225722986537944,-4.4476673221032215,-4.150711590971811,0.03335557038026682,15,0.03335557038026682,0.033355570380244615,0.06671114076051143,0.0,0.06671114076051143
historical/durations_without_filter/yolo/fp16/fp16,envelope_0.5,firmware,pico,400.0,15,15,15,"0420c503c283d58bb02d,08e8038c7969aa3858f4,0e89be171f30fc16e38b,24784a8cbfd059b7731e,358f5583036e08c42f13,3af4f8e054d99d3b4361,42224556cc32871dfb95,73017bac4e77d0341245,88003c45072b37fa0019,b005581b13600aa0018a,be96685565fb01195716,c593aab7ce31d7695ea9,c8f54a76a50b52b731b9,d4263aa0ecd8402e6c2b,e5c5921f7b6aa986a5a7",0,,paired_own_window_setup_difference_not_synchronized_instrument_error,-0.23352848237239154,15,-0.2359550402174837,-0.2555012997632278,-0.17597361863339045,-0.3218520935881042,-0.08119728084006184,-0.23352848237238044,15,-0.2359550402174726,-0.25550129976321667,-0.17597361863336825,-0.3218520935880931,-0.08119728084005073,-1.1102230246251565e-14,15,-1.1102230246251565e-14,-1.1102230246251565e-14,-1.1102230246251565e-14,-1.1102230246251565e-14,-1.1102230246251565e-14
historical/durations_without_filter/yolo/fp16/fp16,envelope_0.5,jetson,pico,400.0,15,15,15,"0420c503c283d58bb02d,08e8038c7969aa3858f4,0e89be171f30fc16e38b,24784a8cbfd059b7731e,358f5583036e08c42f13,3af4f8e054d99d3b4361,42224556cc32871dfb95,73017bac4e77d0341245,88003c45072b37fa0019,b005581b13600aa0018a,be96685565fb01195716,c593aab7ce31d7695ea9,c8f54a76a50b52b731b9,d4263aa0ecd8402e6c2b,e5c5921f7b6aa986a5a7",15,timestamp_gap_requires_review,paired_own_window_setup_difference_not_synchronized_instrument_error,-1.085641636070711,15,-1.1055668049425593,-1.1338599633063162,-1.0652237170627188,-1.2989811366201254,-1.0014854747332214,-1.1103764093550295,15,-1.1259961399082474,-1.1585126145372826,-1.0899635961032217,-1.3236625616922515,-1.0262412923189301,0.02501250625313034,15,0.02501250625313034,0.012506253126576272,0.02501250625313034,2.220446049250313e-14,0.02501250625313034
historical/durations_without_filter/yolo/fp16/fp16,envelope_0.5,shelly,pico,400.0,15,15,15,"0420c503c283d58bb02d,08e8038c7969aa3858f4,0e89be171f30fc16e38b,24784a8cbfd059b7731e,358f5583036e08c42f13,3af4f8e054d99d3b4361,42224556cc32871dfb95,73017bac4e77d0341245,88003c45072b37fa0019,b005581b13600aa0018a,be96685565fb01195716,c593aab7ce31d7695ea9,c8f54a76a50b52b731b9,d4263aa0ecd8402e6c2b,e5c5921f7b6aa986a5a7",15,source_time_resolution_coarser_than_detection_bins,paired_own_window_setup_difference_not_synchronized_instrument_error,-4.118123615789471,15,-4.127490916287391,-4.230262323753009,-4.086167006049507,-4.361377752657436,-4.022752565703824,-4.136453160201703,15,-4.153952057050847,-4.254210745277447,-4.115860171248325,-4.40826139271413,-4.070741189420978,0.02501250625313034,15,0.02501250625313034,0.025012506253108135,0.03751875937969551,0.0,0.05002501250626068
historical/durations_without_filter/yolo/fp16/fp16,envelope_0.5,firmware,pico,500.0,9,9,9,"134a03a9911bad01776a,33d7bed4ac08b4637476,5f607d5f6c04f287d07a,6b08091386162e0bf88a,7f1ae0f76d4e6c6aa9d6,82265913b7386d8da74e,a51fd9a90009768b060b,a9f532db7a7383469b78,e88500d81d7bc48a04eb",0,,paired_own_window_setup_difference_not_synchronized_instrument_error,-0.16825188777623845,9,-0.1825679614004483,-0.21702074300076202,-0.1671490893926153,-0.23557102414729636,-0.10147323706976019,-0.16825188777623845,9,-0.18256796140042608,-0.2170207430007398,-0.1671490893926042,-0.23557102414729636,-0.10147323706976019,-1.1102230246251565e-14,9,-1.1102230246251565e-14,-1.1102230246251565e-14,-1.1102230246251565e-14,-1.1102230246251565e-14,-1.1102230246251565e-14
historical/durations_without_filter/yolo/fp16/fp16,envelope_0.5,jetson,pico,500.0,9,9,9,"134a03a9911bad01776a,33d7bed4ac08b4637476,5f607d5f6c04f287d07a,6b08091386162e0bf88a,7f1ae0f76d4e6c6aa9d6,82265913b7386d8da74e,a51fd9a90009768b060b,a9f532db7a7383469b78,e88500d81d7bc48a04eb",9,timestamp_gap_requires_review,paired_own_window_setup_difference_not_synchronized_instrument_error,-0.9941213821285433,9,-1.0539163766464577,-1.110664120479643,-1.001860575271607,-1.2467827818302912,-0.9302238297201448,-1.0139265188794822,9,-1.0737095520062079,-1.130445944020264,-1.0216641638742918,-1.266537376192789,-0.9500417485379775,0.02000800320127727,9,0.02000800320127727,0.02000800320127727,0.02000800320127727,0.02000800320127727,0.02000800320127727
historical/durations_without_filter/yolo/fp16/fp16,envelope_0.5,shelly,pico,500.0,9,9,9,"134a03a9911bad01776a,33d7bed4ac08b4637476,5f607d5f6c04f287d07a,6b08091386162e0bf88a,7f1ae0f76d4e6c6aa9d6,82265913b7386d8da74e,a51fd9a90009768b060b,a9f532db7a7383469b78,e88500d81d7bc48a04eb",9,source_time_resolution_coarser_than_detection_bins,paired_own_window_setup_difference_not_synchronized_instrument_error,-4.31375367225173,9,-4.291089353935639,-4.31375367225173,-4.27106410737964,-4.403135412107872,-4.106829895402719,-4.332894749732796,9,-4.329372918194052,-4.332894749732796,-4.290213724481595,-4.4222586096649525,-4.126012365917731,0.02000800320127727,9,0.02000800320127727,0.02000800320127727,0.02000800320127727,-0.02000800320128837,0.04001600640255454
historical/durations_without_filter/yolo/fp16/fp16,envelope_0.5,firmware,pico,600.0,15,15,15,"05c91fa5ebc8aa4d4de1,1582a9bf8d3b408a6547,16f24e942ad2970513fd,23c48e47845d6f015048,27067f1bca6a8ca6b0ee,49cb1207569b8fb2c9c2,87b8564fb758aacb982b,8d2d05c8cec407745a52,8ef5c17833322a22ed17,984a20015f7e5e59f6f8,9e9823f4aea27352edba,ce511fd1b16fc0f6935f,d7e47772d9fa34aba2f8,dbd5cd2c43e225088b9c,e5801e39c258e44b6ebf",0,,paired_own_window_setup_difference_not_synchronized_instrument_error,-0.21704661433123995,15,-0.21245151592764744,-0.2242174417202314,-0.17344176883050122,-0.26040580757750176,-0.11140811936389827,-0.21704661433123995,15,-0.21245151592764744,-0.22421744172023694,-0.17344176883049012,-0.26040580757749066,-0.11140811936389827,0.0,15,0.0,0.0,0.0,0.0,2.220446049250313e-14
historical/durations_without_filter/yolo/fp16/fp16,envelope_0.5,jetson,pico,600.0,15,15,15,"05c91fa5ebc8aa4d4de1,1582a9bf8d3b408a6547,16f24e942ad2970513fd,23c48e47845d6f015048,27067f1bca6a8ca6b0ee,49cb1207569b8fb2c9c2,87b8564fb758aacb982b,8d2d05c8cec407745a52,8ef5c17833322a22ed17,984a20015f7e5e59f6f8,9e9823f4aea27352edba,ce511fd1b16fc0f6935f,d7e47772d9fa34aba2f8,dbd5cd2c43e225088b9c,e5801e39c258e44b6ebf",15,timestamp_gap_requires_review,paired_own_window_setup_difference_not_synchronized_instrument_error,-1.0390093815364376,15,-1.067285435358134,-1.1144523027880826,-1.0421425454011257,-1.2286072546278337,-0.9983435170936694,-1.0390093815364598,15,-1.0837769697079946,-1.1309359746829561,-1.0503903660466718,-1.2450773884856825,-1.0148465436785936,0.016672224074709696,15,0.016672224074709696,0.00833611203736595,0.016672224074709696,2.220446049250313e-14,0.016677785190144512
historical/durations_without_filter/yolo/fp16/fp16,envelope_0.5,shelly,pico,600.0,15,15,15,"05c91fa5ebc8aa4d4de1,1582a9bf8d3b408a6547,16f24e942ad2970513fd,23c48e47845d6f015048,27067f1bca6a8ca6b0ee,49cb1207569b8fb2c9c2,87b8564fb758aacb982b,8d2d05c8cec407745a52,8ef5c17833322a22ed17,984a20015f7e5e59f6f8,9e9823f4aea27352edba,ce511fd1b16fc0f6935f,d7e47772d9fa34aba2f8,dbd5cd2c43e225088b9c,e5801e39c258e44b6ebf",15,source_time_resolution_coarser_than_detection_bins;timestamp_gap_requires_review,paired_own_window_setup_difference_not_synchronized_instrument_error,-4.253852848805018,15,-4.222956646463194,-4.2343216577509555,-4.202996400582403,-4.377406903651126,-4.121543305236031,-4.281210872341623,15,-4.241812069253004,-4.253296205813806,-4.219300283057259,-4.425226170077035,-4.153502790800967,0.01667222407468749,15,0.016672224074709696,0.01667222407468749,0.025008336112053442,2.220446049250313e-14,0.050033355570389126
historical/durations_without_filter/yolo/fp32/fp32,reported_legacy,firmware,pico,5.0,15,15,15,"0bedaf496a071fe53ef2,12a83d658b302fd4f72a,20a8cf1ec4cbf4dd9d23,29229318975b4c2a9d7e,3b0992fdfd421b30b98e,3c1913e893046205d623,86f8b1f7fd36faca3196,a9f4c0ac91415f22d3ad,b4b78308c2b547f52509,c7b911b6cd7ce42c4301,cbc3de33bd0b2c970aaf,d1e79cb80f4446ffb725,d9724546d296fdd0dea5,dd3d32b13a2b84ab7b4b,f58721256bcf09a40f7b",15,envelope_energy_sensitive_gt1pct,paired_own_window_setup_difference_not_synchronized_instrument_error,-0.3328776239318265,15,-0.40516539263275586,-0.5047787924190583,-0.108377649678848,-0.8140286745431213,0.08042721738910075,-0.3328776239318376,15,-0.40516539263273366,-0.5047787924190639,-0.10837764967884245,-0.8140286745431102,0.08042721738910075,0.0,15,0.0,0.0,0.0,0.0,0.0
historical/durations_without_filter/yolo/fp32/fp32,reported_legacy,jetson,pico,5.0,15,15,15,"0bedaf496a071fe53ef2,12a83d658b302fd4f72a,20a8cf1ec4cbf4dd9d23,29229318975b4c2a9d7e,3b0992fdfd421b30b98e,3c1913e893046205d623,86f8b1f7fd36faca3196,a9f4c0ac91415f22d3ad,b4b78308c2b547f52509,c7b911b6cd7ce42c4301,cbc3de33bd0b2c970aaf,d1e79cb80f4446ffb725,d9724546d296fdd0dea5,dd3d32b13a2b84ab7b4b,f58721256bcf09a40f7b",15,envelope_energy_sensitive_gt1pct;timestamp_gap_requires_review,paired_own_window_setup_difference_not_synchronized_instrument_error,-1.948685682038942,15,-2.5478257203916055,-2.747147409678968,-1.6457273366789815,-3.2078325903451943,-1.0818990854330246,0.2856568977650298,15,-0.5835371397705513,-1.2585766495577744,0.38015924872689677,-2.1479412625355354,0.8879034402513364,-2.0382857142857147,15,-2.0382857142857147,-3.125800000000001,-0.5547214285714308,-3.7613428571428575,0.5287142857142824
historical/durations_without_filter/yolo/fp32/fp32,reported_legacy,shelly,pico,5.0,15,15,15,"0bedaf496a071fe53ef2,12a83d658b302fd4f72a,20a8cf1ec4cbf4dd9d23,29229318975b4c2a9d7e,3b0992fdfd421b30b98e,3c1913e893046205d623,86f8b1f7fd36faca3196,a9f4c0ac91415f22d3ad,b4b78308c2b547f52509,c7b911b6cd7ce42c4301,cbc3de33bd0b2c970aaf,d1e79cb80f4446ffb725,d9724546d296fdd0dea5,dd3d32b13a2b84ab7b4b,f58721256bcf09a40f7b",15,envelope_energy_sensitive_gt1pct;source_time_resolution_coarser_than_detection_bins,paired_own_window_setup_difference_not_synchronized_instrument_error,-5.541507976290938,15,-5.685299587991432,-6.574613631680326,-5.003941346462575,-8.024171814371861,-4.392933228363615,-5.564469301040886,15,-5.652793096755426,-6.743814020568667,-5.138071997133192,-8.155037764848071,-4.282502584202197,0.13668571428573362,15,0.13668571428573362,0.016700000000002824,0.20133571428571084,-0.2278571428571352,0.6400714285714093
historical/durations_without_filter/yolo/fp32/fp32,reported_legacy,firmware,pico,10.0,15,15,15,"07d3cbe41408f8441c5b,28eee6f8069e0e43ba06,292c2809f0d1050f9f7e,5239f9ed37996238be74,64fa9557763e863f95cf,6b9ac91e1298dc87e7e4,76e2a5e31abd76114084,aeb911daf7a42f1ddbd5,b73c4cfa5f2ab3277b3f,b7ada56f953ee8084518,c1bf6c5d86e1e96f4755,f1ceb1636e8dc0315801,f325883a9d0f53c89a1c,f6c2d512023d5540f6c6,fd4ab26c86b2e88327b0",0,,paired_own_window_setup_difference_not_synchronized_instrument_error,-0.304576724954142,15,-0.16403462431495708,-0.3260570462011392,-0.1308452147095407,-1.0213597349062353,0.22958698800370492,-0.3045767249541309,15,-0.16403462431495708,-0.32605704620114473,-0.1308452147095407,-1.0213597349062353,0.22958698800370492,0.0,15,0.0,0.0,0.0,0.0,0.0
historical/durations_without_filter/yolo/fp32/fp32,reported_legacy,jetson,pico,10.0,15,15,15,"07d3cbe41408f8441c5b,28eee6f8069e0e43ba06,292c2809f0d1050f9f7e,5239f9ed37996238be74,64fa9557763e863f95cf,6b9ac91e1298dc87e7e4,76e2a5e31abd76114084,aeb911daf7a42f1ddbd5,b73c4cfa5f2ab3277b3f,b7ada56f953ee8084518,c1bf6c5d86e1e96f4755,f1ceb1636e8dc0315801,f325883a9d0f53c89a1c,f6c2d512023d5540f6c6,fd4ab26c86b2e88327b0",15,envelope_energy_sensitive_gt1pct;timestamp_gap_requires_review,paired_own_window_setup_difference_not_synchronized_instrument_error,-1.6394491807830591,15,-1.6569727708730886,-1.9339478603911942,-1.4854612324648298,-2.3757349980203846,-1.2288675662917803,-0.8996954351668918,15,-0.7686895331472599,-1.3614697109958662,-0.3808891618210075,-1.7663354225082362,0.09101130831239423,-0.8337583333333232,15,-0.8337583333333232,-1.594558333333329,-0.1125583333333291,-2.144849999999998,0.2846416666666629
historical/durations_without_filter/yolo/fp32/fp32,reported_legacy,shelly,pico,10.0,15,15,15,"07d3cbe41408f8441c5b,28eee6f8069e0e43ba06,292c2809f0d1050f9f7e,5239f9ed37996238be74,64fa9557763e863f95cf,6b9ac91e1298dc87e7e4,76e2a5e31abd76114084,aeb911daf7a42f1ddbd5,b73c4cfa5f2ab3277b3f,b7ada56f953ee8084518,c1bf6c5d86e1e96f4755,f1ceb1636e8dc0315801,f325883a9d0f53c89a1c,f6c2d512023d5540f6c6,fd4ab26c86b2e88327b0",15,envelope_energy_sensitive_gt1pct;source_time_resolution_coarser_than_detection_bins,paired_own_window_setup_difference_not_synchronized_instrument_error,-4.802404232737157,15,-5.0178293979403215,-5.270724800010335,-4.310522654687999,-6.207993203150853,-4.03400309318156,-4.908858765349344,15,-4.725376481371335,-5.259612347135622,-4.408500851839731,-6.1365709556004955,-4.11307495406078,0.00969166666668908,15,0.00969166666668908,-0.05605000000000748,0.08688750000001022,-0.5564666666666551,0.15132500000001325
historical/durations_without_filter/yolo/fp32/fp32,reported_legacy,firmware,pico,20.0,15,15,15,"14686e2231698ba2c333,188d65f7e14a9b782ba8,37b785efc4c20873decf,39674e8619a128262948,3d3d4e3f2b461c1c17b0,620d3696afcddda3f89b,7815e0f742f811b2f2a8,7d126f8132a0bb9e3c24,819bc8096b18a04447b6,953c2e295904f8ef2ee2,a85d5b79ceb8382aef83,b45034632f76c3d9cdd5,db9978dede4a7e3f11ec,f7f7912472a804e2b121,fb1439032fde4ac07843",0,,paired_own_window_setup_difference_not_synchronized_instrument_error,-0.2331667151084793,15,-0.21516560447318867,-0.3349449483194822,-0.02351579750049515,-0.830158663307734,0.2041992537201054,-0.2331667151084793,15,-0.21516560447319977,-0.3349449483194822,-0.0235157975005007,-0.830158663307734,0.2041992537201054,0.0,15,0.0,0.0,0.0,0.0,0.0
historical/durations_without_filter/yolo/fp32/fp32,reported_legacy,jetson,pico,20.0,15,15,15,"14686e2231698ba2c333,188d65f7e14a9b782ba8,37b785efc4c20873decf,39674e8619a128262948,3d3d4e3f2b461c1c17b0,620d3696afcddda3f89b,7815e0f742f811b2f2a8,7d126f8132a0bb9e3c24,819bc8096b18a04447b6,953c2e295904f8ef2ee2,a85d5b79ceb8382aef83,b45034632f76c3d9cdd5,db9978dede4a7e3f11ec,f7f7912472a804e2b121,fb1439032fde4ac07843",15,envelope_energy_sensitive_gt1pct;timestamp_gap_requires_review,paired_own_window_setup_difference_not_synchronized_instrument_error,-1.604138215002937,15,-1.543800567466036,-1.6173318500072031,-1.443769177083043,-1.8922649984519313,-1.1572541928597357,-0.8113374032920118,15,-1.0263163534630415,-1.2650847807108512,-0.7505240791444934,-1.7290873194741208,-0.5077782526834884,-0.5838136363636393,15,-0.5838136363636393,-0.9314522727272734,-0.20407272727272496,-1.0462818181818156,0.37845000000000795
historical/durations_without_filter/yolo/fp32/fp32,reported_legacy,shelly,pico,20.0,15,15,15,"14686e2231698ba2c333,188d65f7e14a9b782ba8,37b785efc4c20873decf,39674e8619a128262948,3d3d4e3f2b461c1c17b0,620d3696afcddda3f89b,7815e0f742f811b2f2a8,7d126f8132a0bb9e3c24,819bc8096b18a04447b6,953c2e295904f8ef2ee2,a85d5b79ceb8382aef83,b45034632f76c3d9cdd5,db9978dede4a7e3f11ec,f7f7912472a804e2b121,fb1439032fde4ac07843",15,envelope_energy_sensitive_gt1pct;source_time_resolution_coarser_than_detection_bins,paired_own_window_setup_difference_not_synchronized_instrument_error,-4.745085481559796,15,-4.866584482759917,-5.0551199822659605,-4.555234712060091,-5.53281423834483,-4.344239762105129,-4.727334451737864,15,-4.8399569725382285,-5.061686227206952,-4.602815067263205,-5.565269738140732,-4.313254654203169,0.006204545454546739,15,0.006204545454546739,-0.013481818181820815,0.03704090909090185,-0.08658636363637617,0.1116818181818191
historical/durations_without_filter/yolo/fp32/fp32,reported_legacy,firmware,pico,50.0,15,15,15,"0f4f44e6abafb3a3608e,26975f8048b5e795b328,3b1019443eccfcdcde5f,562a82043ebb9d7f1534,568d96cac19e0de27623,60c8e7564c358e168be8,63512b998d452601540e,639e8d7fb3eef0d9ea26,87ca0dbb03ee7aba90a0,9a80c42ea9b5e8e799b1,a62402a3a20f5905093c,c3493df3402208696742,c49a1553be31fa6e96d4,cce0abedd022c79e3071,e0b39f4dcb11eb1805c0",0,,paired_own_window_setup_difference_not_synchronized_instrument_error,-0.2435573702993521,15,-0.18543269499292636,-0.2608862594731698,-0.13206476756741914,-0.30134736715971,-0.051221512238130984,-0.2435573702993521,15,-0.18543269499291526,-0.26088625947317534,-0.13206476756741914,-0.3013473671597211,-0.051221512238130984,0.0,15,0.0,0.0,0.0,0.0,0.0
historical/durations_without_filter/yolo/fp32/fp32,reported_legacy,jetson,pico,50.0,15,15,15,"0f4f44e6abafb3a3608e,26975f8048b5e795b328,3b1019443eccfcdcde5f,562a82043ebb9d7f1534,568d96cac19e0de27623,60c8e7564c358e168be8,63512b998d452601540e,639e8d7fb3eef0d9ea26,87ca0dbb03ee7aba90a0,9a80c42ea9b5e8e799b1,a62402a3a20f5905093c,c3493df3402208696742,c49a1553be31fa6e96d4,cce0abedd022c79e3071,e0b39f4dcb11eb1805c0",15,timestamp_gap_requires_review,paired_own_window_setup_difference_not_synchronized_instrument_error,-1.4655492776074697,15,-1.3271631911913162,-1.3902804414763326,-1.2087168756072408,-1.5761616161925063,-1.034164955494421,-1.1246036104470059,15,-0.9386177797513717,-1.12079532291256,-0.8488490839653695,-1.2576506400852838,-0.6517256840589347,-0.3849480769230751,15,-0.3849480769230751,-0.3915711538461486,-0.3692394230769225,-0.4091019230769266,0.04824038461537228
historical/durations_without_filter/yolo/fp32/fp32,reported_legacy,shelly,pico,50.0,15,15,15,"0f4f44e6abafb3a3608e,26975f8048b5e795b328,3b1019443eccfcdcde5f,562a82043ebb9d7f1534,568d96cac19e0de27623,60c8e7564c358e168be8,63512b998d452601540e,639e8d7fb3eef0d9ea26,87ca0dbb03ee7aba90a0,9a80c42ea9b5e8e799b1,a62402a3a20f5905093c,c3493df3402208696742,c49a1553be31fa6e96d4,cce0abedd022c79e3071,e0b39f4dcb11eb1805c0",15,envelope_energy_sensitive_gt1pct;source_time_resolution_coarser_than_detection_bins,paired_own_window_setup_difference_not_synchronized_instrument_error,-4.873317554903533,15,-4.850009895521024,-4.894017299816516,-4.792842203276365,-5.065595020418135,-4.542119711140302,-4.875617003930954,15,-4.87295122083371,-4.892830781036178,-4.791345596304186,-5.0926217215248375,-4.576365785404013,0.008836538461531873,15,0.008836538461531873,-0.0012624999999932829,0.03171730769230274,-0.031398076923072615,0.06361730769230967
historical/durations_without_filter/yolo/fp32/fp32,reported_legacy,firmware,pico,100.0,15,15,15,"094dd88d243e0cef4011,27196d49d13656b478c9,2924cfc06e61f4425275,2e852509372f35438a6f,578f661c605371ddd5a8,5b43edffa85165bb54e6,7141a1e4510a5ddd5d82,73eae7ad87ddcfe84a53,a76df4aaf7674c154efd,a9d46b0c8a3e84febc49,b096b4ae73e687b5929c,bc4a9dc84556dbb8fb4c,d3cdbb1af1585a43321c,e172035c8e7a05dc368f,f997f675d2fe74af1e3d",0,,paired_own_window_setup_difference_not_synchronized_instrument_error,-0.16376199515010237,15,-0.15826210467918544,-0.19605274075193968,-0.1090256861263128,-0.3032066374829778,-0.04355601917843677,-0.16376199515009127,15,-0.15826210467918544,-0.19605274075192858,-0.1090256861263239,-0.3032066374829778,-0.043556019178425665,0.0,15,0.0,0.0,0.0,0.0,0.0
historical/durations_without_filter/yolo/fp32/fp32,reported_legacy,jetson,pico,100.0,15,15,15,"094dd88d243e0cef4011,27196d49d13656b478c9,2924cfc06e61f4425275,2e852509372f35438a6f,578f661c605371ddd5a8,5b43edffa85165bb54e6,7141a1e4510a5ddd5d82,73eae7ad87ddcfe84a53,a76df4aaf7674c154efd,a9d46b0c8a3e84febc49,b096b4ae73e687b5929c,bc4a9dc84556dbb8fb4c,d3cdbb1af1585a43321c,e172035c8e7a05dc368f,f997f675d2fe74af1e3d",15,timestamp_gap_requires_review,paired_own_window_setup_difference_not_synchronized_instrument_error,-1.2003996612581336,15,-1.2003996612581336,-1.2253490775159803,-1.1442858252173005,-1.291133383872356,-1.0816787076613044,-1.008163458822009,15,-0.9993831678327236,-1.0345772303711809,-0.9677300507552555,-1.10434275690654,-0.9100811979805945,-0.18643921568627375,15,-0.18643921568627375,-0.19366568627450786,-0.1849730392156912,-0.2127127450980537,-0.15548235294117196
historical/durations_without_filter/yolo/fp32/fp32,reported_legacy,shelly,pico,100.0,15,15,15,"094dd88d243e0cef4011,27196d49d13656b478c9,2924cfc06e61f4425275,2e852509372f35438a6f,578f661c605371ddd5a8,5b43edffa85165bb54e6,7141a1e4510a5ddd5d82,73eae7ad87ddcfe84a53,a76df4aaf7674c154efd,a9d46b0c8a3e84febc49,b096b4ae73e687b5929c,bc4a9dc84556dbb8fb4c,d3cdbb1af1585a43321c,e172035c8e7a05dc368f,f997f675d2fe74af1e3d",15,source_time_resolution_coarser_than_detection_bins,paired_own_window_setup_difference_not_synchronized_instrument_error,-4.223049277296875,15,-4.202572551102679,-4.25994741933422,-4.161372699346838,-4.4257568278949,-4.076623071856755,-4.21954390040844,15,-4.215131864448773,-4.284312627784553,-4.170863993707568,-4.498868561724523,-4.097496909808774,0.007142156862749438,15,0.007142156862749438,0.0027990196078464535,0.01712843137254838,-0.0186450980392161,0.07655588235295774
historical/durations_without_filter/yolo/fp32/fp32,reported_legacy,firmware,pico,200.0,15,15,15,"16c71101c8f6403b0c47,28c61e9207731302c714,346e89302054627e9ce9,42d6f8649bdc1bbb89aa,4be429db570225235a76,5e9423b6df94aaca2b01,64143c4b997ce36bb312,8547c610b4f23c7a8464,91369389fdf3a9615d44,9c331f3a8c092ca13384,b87a130881f9afae536b,e354a76000923407ea7d,e5a8440fec85a1f9d24b,ea2ba8e73872d8e566ae,f3c8b7a672d0721828d6",0,,paired_own_window_setup_difference_not_synchronized_instrument_error,-0.12653950841751138,15,-0.16639361194177305,-0.1937162763250455,-0.09648476231977621,-0.25376648489208176,-0.028936819037217454,-0.12653950841751138,15,-0.16639361194177305,-0.19371627632505106,-0.09648476231977621,-0.25376648489208176,-0.02893681903720635,0.0,15,0.0,0.0,0.0,0.0,0.0
historical/durations_without_filter/yolo/fp32/fp32,reported_legacy,jetson,pico,200.0,15,15,15,"16c71101c8f6403b0c47,28c61e9207731302c714,346e89302054627e9ce9,42d6f8649bdc1bbb89aa,4be429db570225235a76,5e9423b6df94aaca2b01,64143c4b997ce36bb312,8547c610b4f23c7a8464,91369389fdf3a9615d44,9c331f3a8c092ca13384,b87a130881f9afae536b,e354a76000923407ea7d,e5a8440fec85a1f9d24b,ea2ba8e73872d8e566ae,f3c8b7a672d0721828d6",15,timestamp_gap_requires_review,paired_own_window_setup_difference_not_synchronized_instrument_error,-1.138471515522399,15,-1.165082086033331,-1.1965601257050151,-1.130270916867071,-1.2940959589187617,-0.8306387542071914,-1.1249843574950846,15,-1.1332190845265266,-1.1538405625769133,-1.0572007218219825,-1.2673814539719719,-0.8557693626086493,-0.027057425742571528,15,-0.027057425742571528,-0.09086410891088748,-0.00197054455445822,-0.10598960396039914,0.03264455445544101
historical/durations_without_filter/yolo/fp32/fp32,reported_legacy,shelly,pico,200.0,15,15,15,"16c71101c8f6403b0c47,28c61e9207731302c714,346e89302054627e9ce9,42d6f8649bdc1bbb89aa,4be429db570225235a76,5e9423b6df94aaca2b01,64143c4b997ce36bb312,8547c610b4f23c7a8464,91369389fdf3a9615d44,9c331f3a8c092ca13384,b87a130881f9afae536b,e354a76000923407ea7d,e5a8440fec85a1f9d24b,ea2ba8e73872d8e566ae,f3c8b7a672d0721828d6",15,source_time_resolution_coarser_than_detection_bins,paired_own_window_setup_difference_not_synchronized_instrument_error,-4.481898557593167,15,-4.481898557593167,-4.53390748396571,-4.430720959703349,-4.603034818565321,-4.402964953009702,-4.481986036962404,15,-4.481986036962404,-4.533185788456001,-4.431994569849857,-4.601140537251935,-4.405364756946928,0.0010727722772108095,15,0.0010727722772108095,-0.0007559405940549269,0.0026309405940616593,-0.007851980198014807,0.01257326732673203
historical/durations_without_filter/yolo/fp32/fp32,reported_legacy,firmware,pico,300.0,15,15,15,"09e9d5c28c10f52d2253,0a19c1be0aed26023a88,0e4ebc07a69518fe87d6,4d4772762b5c0a63961d,539e654f45693ae57155,5fd56cf268bb8f55ef4d,8f012fdfe3c1e1f69289,94e8b226bbcfd0cd2d05,a36760b18a08a04ef9e4,b9ea003b3101e928e1e7,dc938b20cfc518656020,ed4dfcdee770b3ea8c26,f177fbb1fa41818ed58c,f81172ba95de9e2f4f2a,fe0083fed84fc25db9d6",0,,paired_own_window_setup_difference_not_synchronized_instrument_error,-0.14523256049405742,15,-0.14321837042224894,-0.15914847269558607,-0.12294958821296165,-0.18310736075977108,-0.057010459158413074,-0.14523256049406852,15,-0.14321837042226004,-0.15914847269559163,-0.12294958821297275,-0.18310736075977108,-0.05701045915840197,0.0,15,0.0,0.0,0.0,0.0,0.0
historical/durations_without_filter/yolo/fp32/fp32,reported_legacy,jetson,pico,300.0,15,15,15,"09e9d5c28c10f52d2253,0a19c1be0aed26023a88,0e4ebc07a69518fe87d6,4d4772762b5c0a63961d,539e654f45693ae57155,5fd56cf268bb8f55ef4d,8f012fdfe3c1e1f69289,94e8b226bbcfd0cd2d05,a36760b18a08a04ef9e4,b9ea003b3101e928e1e7,dc938b20cfc518656020,ed4dfcdee770b3ea8c26,f177fbb1fa41818ed58c,f81172ba95de9e2f4f2a,fe0083fed84fc25db9d6",15,timestamp_gap_requires_review,paired_own_window_setup_difference_not_synchronized_instrument_error,-1.2637640956721374,15,-1.1077161524253754,-1.251695358215299,-1.0158293516443928,-1.305152332162074,-0.9241065887782618,-1.237082936804501,15,-1.061300627876982,-1.2230352354142549,-0.977626822102412,-1.2869623303530697,-0.8872064362711929,-0.03723046357615445,15,-0.03723046357615445,-0.044690066225167024,-0.01080132450330673,-0.0703903973509945,0.01775430463577532
historical/durations_without_filter/yolo/fp32/fp32,reported_legacy,shelly,pico,300.0,15,15,15,"09e9d5c28c10f52d2253,0a19c1be0aed26023a88,0e4ebc07a69518fe87d6,4d4772762b5c0a63961d,539e654f45693ae57155,5fd56cf268bb8f55ef4d,8f012fdfe3c1e1f69289,94e8b226bbcfd0cd2d05,a36760b18a08a04ef9e4,b9ea003b3101e928e1e7,dc938b20cfc518656020,ed4dfcdee770b3ea8c26,f177fbb1fa41818ed58c,f81172ba95de9e2f4f2a,fe0083fed84fc25db9d6",15,source_time_resolution_coarser_than_detection_bins,paired_own_window_setup_difference_not_synchronized_instrument_error,-4.446983528515069,15,-4.430938625193582,-4.510949660529812,-4.367438211051056,-4.574550375770836,-4.228169250842406,-4.449130891921138,15,-4.428325910818454,-4.5085415004398826,-4.367091199698408,-4.549458985933629,-4.2280281298904825,-0.0008976821192163698,15,-0.0008976821192163698,-0.0031587748344386046,0.00146754966886542,-0.031725165562923596,0.004905960264900422
historical/durations_without_filter/yolo/fp32/fp32,reported_legacy,firmware,pico,400.0,15,15,15,"03cf2b8e60394a0d662d,2223cd832d6be795deb2,2383af3b6008c200a24e,24ac8f2147db17ee850c,3f1ab1f6ac834a1fd8d1,49c931a6bee47dca93b9,780c7c715ff9ab3c8250,7f426bf046c4c31f009c,94ff5ba45195addbe7f7,a09f5a5024ab8832f17b,a943f669aa7db29a6022,bfd658fdfcdd1c7ebf13,d52388c3a42e521334dc,e3017d9fc3af8e01ecc1,edb6748be098183058ea",0,,paired_own_window_setup_difference_not_synchronized_instrument_error,-0.1520167178797882,15,-0.14702733462889084,-0.1986713116315708,-0.12265272812490569,-0.23924321659768433,-0.10801548499594915,-0.1520167178797771,15,-0.14702733462889084,-0.19867131163157636,-0.12265272812490569,-0.23924321659767323,-0.10801548499594915,0.0,15,0.0,0.0,0.0,0.0,0.0
historical/durations_without_filter/yolo/fp32/fp32,reported_legacy,jetson,pico,400.0,15,15,15,"03cf2b8e60394a0d662d,2223cd832d6be795deb2,2383af3b6008c200a24e,24ac8f2147db17ee850c,3f1ab1f6ac834a1fd8d1,49c931a6bee47dca93b9,780c7c715ff9ab3c8250,7f426bf046c4c31f009c,94ff5ba45195addbe7f7,a09f5a5024ab8832f17b,a943f669aa7db29a6022,bfd658fdfcdd1c7ebf13,d52388c3a42e521334dc,e3017d9fc3af8e01ecc1,edb6748be098183058ea",15,terminal_duplicate_power_row_excluded_in_derived_view;timestamp_gap_requires_review,paired_own_window_setup_difference_not_synchronized_instrument_error,-1.2211467794847275,15,-1.116191000537159,-1.2101564410423704,-1.0655053881218512,-1.3298914969393505,-0.9429167012591777,-1.21699568174356,15,-1.0982687694012117,-1.2006699361217454,-1.0503472492056243,-1.2872338309222076,-0.9305303066913684,-0.012502736318420471,15,-0.012502736318420471,-0.03409315920397393,-0.005021019900486312,-0.04990099502487633,0.01986517412935207
historical/durations_without_filter/yolo/fp32/fp32,reported_legacy,shelly,pico,400.0,15,15,15,"03cf2b8e60394a0d662d,2223cd832d6be795deb2,2383af3b6008c200a24e,24ac8f2147db17ee850c,3f1ab1f6ac834a1fd8d1,49c931a6bee47dca93b9,780c7c715ff9ab3c8250,7f426bf046c4c31f009c,94ff5ba45195addbe7f7,a09f5a5024ab8832f17b,a943f669aa7db29a6022,bfd658fdfcdd1c7ebf13,d52388c3a42e521334dc,e3017d9fc3af8e01ecc1,edb6748be098183058ea",15,source_time_resolution_coarser_than_detection_bins,paired_own_window_setup_difference_not_synchronized_instrument_error,-4.4196606340326845,15,-4.405819777737385,-4.4963743870228,-4.250687078625942,-4.612014400053366,-3.8884927351190313,-4.419416689558842,15,-4.405843795174624,-4.49728878899035,-4.252755302350691,-4.610967018979794,-3.8935373681240004,2.512437811130752e-05,15,2.512437811130752e-05,-0.0010705223880580483,0.0032633084577127214,-0.003406716417908573,0.005358457711435172
historical/durations_without_filter/yolo/fp32/fp32,reported_legacy,firmware,pico,500.0,15,15,15,"05b2ce07ab70e4e27de1,0e30882708a1a095bcb5,0e75ef466d1d545fb47b,1f80a82f830ecb43795a,229defecfbf7fd754bc2,4e12820cd2ba7f0b791c,5893df9c0ae67ab924b7,6ae83cc72499e711d0a8,7a2edd0d669bcd623aee,847bcf21373ef0c0830c,b40f410c21ce5f75ea77,c72ae347495852999e69,d432b222b51453ff58e2,ec74a12cc0fe278305a5,ef6c74ad8f6a05334092",0,,paired_own_window_setup_difference_not_synchronized_instrument_error,-0.08712495742873028,15,-0.12634397824289323,-0.15879669125857254,-0.11385346636176852,-0.23334909740564402,-0.06568443288619275,-0.08712495742871917,15,-0.12634397824288213,-0.158796691258567,-0.11385346636177407,-0.23334909740563292,-0.06568443288620385,0.0,15,0.0,0.0,0.0,0.0,0.0
historical/durations_without_filter/yolo/fp32/fp32,reported_legacy,jetson,pico,500.0,15,15,15,"05b2ce07ab70e4e27de1,0e30882708a1a095bcb5,0e75ef466d1d545fb47b,1f80a82f830ecb43795a,229defecfbf7fd754bc2,4e12820cd2ba7f0b791c,5893df9c0ae67ab924b7,6ae83cc72499e711d0a8,7a2edd0d669bcd623aee,847bcf21373ef0c0830c,b40f410c21ce5f75ea77,c72ae347495852999e69,d432b222b51453ff58e2,ec74a12cc0fe278305a5,ef6c74ad8f6a05334092",15,timestamp_gap_requires_review,paired_own_window_setup_difference_not_synchronized_instrument_error,-1.1022653910461422,15,-1.101036985066839,-1.110078556167926,-1.0333280206224538,-1.135850468408306,-0.9706130299375726,-1.0766255164959992,15,-1.0500089477488816,-1.0855658146958491,-1.027356773649074,-1.1278171249706093,-0.9468241388458476,-0.025427490039831024,15,-0.025427490039831024,-0.048849203187245616,-0.008193525896421638,-0.055558964143431755,0.009208167330676531
historical/durations_without_filter/yolo/fp32/fp32,reported_legacy,shelly,pico,500.0,15,15,15,"05b2ce07ab70e4e27de1,0e30882708a1a095bcb5,0e75ef466d1d545fb47b,1f80a82f830ecb43795a,229defecfbf7fd754bc2,4e12820cd2ba7f0b791c,5893df9c0ae67ab924b7,6ae83cc72499e711d0a8,7a2edd0d669bcd623aee,847bcf21373ef0c0830c,b40f410c21ce5f75ea77,c72ae347495852999e69,d432b222b51453ff58e2,ec74a12cc0fe278305a5,ef6c74ad8f6a05334092",15,source_time_resolution_coarser_than_detection_bins,paired_own_window_setup_difference_not_synchronized_instrument_error,-4.025008218646409,15,-3.9779141252875627,-4.118841113317329,-3.8400838769097554,-4.287009979361944,-3.740223028619283,-4.025446222038253,15,-3.9763867377339723,-4.117840440079673,-3.84011909473716,-4.2850325691483615,-3.739333863860572,-8.247011952233763e-05,15,-8.247011952233763e-05,-0.001421115537847406,0.0002451195219133062,-0.00362370517927868,0.0011071713147403628
historical/durations_without_filter/yolo/fp32/fp32,reported_legacy,firmware,pico,600.0,15,15,15,"054a6a05782cb1233ced,0c43f941142fc5185031,418bb576f423ac9ee639,424c7a6323d5e4b59348,497b39f367fbc8f47993,54c7272cc367dcb11d9a,5d860c82cdaabb71e570,962538cd7aefe10632a6,9c7e0739f464b9786828,a12ffd3c75abb5535754,ac143f193b6b4cb19416,b51128cb5c189e3eee77,b77e3704e7aa394de6dc,b9400f4ada2cdc67af71,ec1c0194f45810c2bc8b",0,,paired_own_window_setup_difference_not_synchronized_instrument_error,-0.10359124956144106,15,-0.12322125703423392,-0.14605832539055785,-0.09631979241736532,-0.18725385656654936,-0.044216688454667974,-0.10359124956145216,15,-0.12322125703423392,-0.1460583253905523,-0.09631979241735977,-0.18725385656654936,-0.044216688454667974,0.0,15,0.0,0.0,0.0,0.0,0.0
historical/durations_without_filter/yolo/fp32/fp32,reported_legacy,jetson,pico,600.0,15,15,15,"054a6a05782cb1233ced,0c43f941142fc5185031,418bb576f423ac9ee639,424c7a6323d5e4b59348,497b39f367fbc8f47993,54c7272cc367dcb11d9a,5d860c82cdaabb71e570,962538cd7aefe10632a6,9c7e0739f464b9786828,a12ffd3c75abb5535754,ac143f193b6b4cb19416,b51128cb5c189e3eee77,b77e3704e7aa394de6dc,b9400f4ada2cdc67af71,ec1c0194f45810c2bc8b",15,timestamp_gap_requires_review,paired_own_window_setup_difference_not_synchronized_instrument_error,-1.0312479473882252,15,-1.021333538341318,-1.0451504557505542,-0.9943213249100469,-1.1417574621462978,-0.9442941164454322,-1.020321051202866,15,-0.9919913561862947,-1.0430648285358224,-0.974602151126619,-1.1314371936775536,-0.9449593648329313,-0.011039534883727775,15,-0.011039534883727775,-0.01661710963454799,-0.005763538205971752,-0.03804053156146736,0.004957641195990625
historical/durations_without_filter/yolo/fp32/fp32,reported_legacy,shelly,pico,600.0,15,15,15,"054a6a05782cb1233ced,0c43f941142fc5185031,418bb576f423ac9ee639,424c7a6323d5e4b59348,497b39f367fbc8f47993,54c7272cc367dcb11d9a,5d860c82cdaabb71e570,962538cd7aefe10632a6,9c7e0739f464b9786828,a12ffd3c75abb5535754,ac143f193b6b4cb19416,b51128cb5c189e3eee77,b77e3704e7aa394de6dc,b9400f4ada2cdc67af71,ec1c0194f45810c2bc8b",15,source_time_resolution_coarser_than_detection_bins,paired_own_window_setup_difference_not_synchronized_instrument_error,-3.9760836046539794,15,-3.937163241103525,-4.000259964454017,-3.906726285993589,-4.030199986153427,-3.781462492522847,-3.9746491262811934,15,-3.9369326578272634,-4.000644935287235,-3.9074783294099804,-4.028649618408475,-3.7828133690368193,-0.0002765780730884515,15,-0.0002765780730884515,-0.0010904485049922918,0.0009770764119676478,-0.0016154485049879597,0.002076744186063628
historical/durations_without_filter/yolo/fp32/fp32,envelope_0.5,firmware,pico,5.0,15,15,15,"0bedaf496a071fe53ef2,12a83d658b302fd4f72a,20a8cf1ec4cbf4dd9d23,29229318975b4c2a9d7e,3b0992fdfd421b30b98e,3c1913e893046205d623,86f8b1f7fd36faca3196,a9f4c0ac91415f22d3ad,b4b78308c2b547f52509,c7b911b6cd7ce42c4301,cbc3de33bd0b2c970aaf,d1e79cb80f4446ffb725,d9724546d296fdd0dea5,dd3d32b13a2b84ab7b4b,f58721256bcf09a40f7b",15,envelope_energy_sensitive_gt1pct,paired_own_window_setup_difference_not_synchronized_instrument_error,-0.1860484979695154,15,-0.2004868028340545,-0.38299699828155953,0.06176496219657546,-0.7806985850772774,1.4612385411646,-0.34696049910114546,15,-0.37470147129461395,-0.5895005055164604,-0.1929208875615429,-1.5040845705224348,0.07796622156599486,0.0,15,0.0,0.0,0.0,0.0,2.083333333333326
historical/durations_without_filter/yolo/fp32/fp32,envelope_0.5,jetson,pico,5.0,15,15,15,"0bedaf496a071fe53ef2,12a83d658b302fd4f72a,20a8cf1ec4cbf4dd9d23,29229318975b4c2a9d7e,3b0992fdfd421b30b98e,3c1913e893046205d623,86f8b1f7fd36faca3196,a9f4c0ac91415f22d3ad,b4b78308c2b547f52509,c7b911b6cd7ce42c4301,cbc3de33bd0b2c970aaf,d1e79cb80f4446ffb725,d9724546d296fdd0dea5,dd3d32b13a2b84ab7b4b,f58721256bcf09a40f7b",15,envelope_energy_sensitive_gt1pct;timestamp_gap_requires_review,paired_own_window_setup_difference_not_synchronized_instrument_error,-2.8342741223754353,15,-2.865672134572339,-3.592496361620517,-2.296749650294333,-4.833717971447859,-1.1848615527295325,-4.88385972844112,15,-4.833717971447859,-5.160276897864019,-4.548340489069913,-5.981647041684757,-3.936945064967856,2.0408163265306145,15,2.0408163265306145,1.0204081632653073,3.103741496598633,0.0,4.166666666666652
historical/durations_without_filter/yolo/fp32/fp32,envelope_0.5,shelly,pico,5.0,15,15,15,"0bedaf496a071fe53ef2,12a83d658b302fd4f72a,20a8cf1ec4cbf4dd9d23,29229318975b4c2a9d7e,3b0992fdfd421b30b98e,3c1913e893046205d623,86f8b1f7fd36faca3196,a9f4c0ac91415f22d3ad,b4b78308c2b547f52509,c7b911b6cd7ce42c4301,cbc3de33bd0b2c970aaf,d1e79cb80f4446ffb725,d9724546d296fdd0dea5,dd3d32b13a2b84ab7b4b,f58721256bcf09a40f7b",15,envelope_energy_sensitive_gt1pct;source_time_resolution_coarser_than_detection_bins,paired_own_window_setup_difference_not_synchronized_instrument_error,-8.532838504494332,15,-8.528640390002007,-9.008450864076112,-7.215636960932464,-11.525341517324804,-5.515577703668395,-9.521952771512376,15,-9.503447118440478,-10.03876114831239,-9.162475632115157,-11.336220470575519,-7.9141307358032265,2.0408163265306145,15,2.0408163265306145,0.0,2.083333333333315,-2.0408163265306034,4.166666666666652
historical/durations_without_filter/yolo/fp32/fp32,envelope_0.5,firmware,pico,10.0,15,15,15,"07d3cbe41408f8441c5b,28eee6f8069e0e43ba06,292c2809f0d1050f9f7e,5239f9ed37996238be74,64fa9557763e863f95cf,6b9ac91e1298dc87e7e4,76e2a5e31abd76114084,aeb911daf7a42f1ddbd5,b73c4cfa5f2ab3277b3f,b7ada56f953ee8084518,c1bf6c5d86e1e96f4755,f1ceb1636e8dc0315801,f325883a9d0f53c89a1c,f6c2d512023d5540f6c6,fd4ab26c86b2e88327b0",0,,paired_own_window_setup_difference_not_synchronized_instrument_error,-0.3172023331474372,15,-0.17245197299738946,-0.3443546694732791,-0.09140283386750991,-0.9988092991006892,0.23561808238679038,-0.19327763305018175,15,-0.17245197299738946,-0.34435466947328464,-0.09140283386750436,-0.9988092991006892,0.23561808238679038,0.0,15,0.0,0.0,0.0,0.0,0.0
historical/durations_without_filter/yolo/fp32/fp32,envelope_0.5,jetson,pico,10.0,15,15,15,"07d3cbe41408f8441c5b,28eee6f8069e0e43ba06,292c2809f0d1050f9f7e,5239f9ed37996238be74,64fa9557763e863f95cf,6b9ac91e1298dc87e7e4,76e2a5e31abd76114084,aeb911daf7a42f1ddbd5,b73c4cfa5f2ab3277b3f,b7ada56f953ee8084518,c1bf6c5d86e1e96f4755,f1ceb1636e8dc0315801,f325883a9d0f53c89a1c,f6c2d512023d5540f6c6,fd4ab26c86b2e88327b0",15,envelope_energy_sensitive_gt1pct;timestamp_gap_requires_review,paired_own_window_setup_difference_not_synchronized_instrument_error,-2.02096358518018,15,-2.083252347052922,-2.5071740177704305,-1.7788175726818678,-2.988630015670135,-1.3506284473053132,-3.0826425890513764,15,-2.988630015670135,-3.2900864159016607,-2.8378329915101363,-3.4840721126825236,-2.698874873451107,1.0101010101010166,15,1.0101010101010166,0.5050505050505083,1.0101010101010166,0.0,2.0408163265306145
historical/durations_without_filter/yolo/fp32/fp32,envelope_0.5,shelly,pico,10.0,15,15,15,"07d3cbe41408f8441c5b,28eee6f8069e0e43ba06,292c2809f0d1050f9f7e,5239f9ed37996238be74,64fa9557763e863f95cf,6b9ac91e1298dc87e7e4,76e2a5e31abd76114084,aeb911daf7a42f1ddbd5,b73c4cfa5f2ab3277b3f,b7ada56f953ee8084518,c1bf6c5d86e1e96f4755,f1ceb1636e8dc0315801,f325883a9d0f53c89a1c,f6c2d512023d5540f6c6,fd4ab26c86b2e88327b0",15,envelope_energy_sensitive_gt1pct;source_time_resolution_coarser_than_detection_bins,paired_own_window_setup_difference_not_synchronized_instrument_error,-6.015018398670513,15,-6.045184159703609,-6.2848883252365875,-5.464106396959012,-7.207439945624749,-4.178818968805764,-6.403450270281308,15,-6.301143223887873,-6.579286713642241,-6.183361635684442,-7.611765954169691,-5.471641622076062,2.220446049250313e-14,15,2.220446049250313e-14,0.0,1.0101010101010166,-1.0101010101010055,2.0408163265306145
historical/durations_without_filter/yolo/fp32/fp32,envelope_0.5,firmware,pico,20.0,15,15,15,"14686e2231698ba2c333,188d65f7e14a9b782ba8,37b785efc4c20873decf,39674e8619a128262948,3d3d4e3f2b461c1c17b0,620d3696afcddda3f89b,7815e0f742f811b2f2a8,7d126f8132a0bb9e3c24,819bc8096b18a04447b6,953c2e295904f8ef2ee2,a85d5b79ceb8382aef83,b45034632f76c3d9cdd5,db9978dede4a7e3f11ec,f7f7912472a804e2b121,fb1439032fde4ac07843",0,,paired_own_window_setup_difference_not_synchronized_instrument_error,-0.24409894541355115,15,-0.0064973879417506986,-0.30270298294637343,0.1314127658099129,-0.8625580685309941,0.5692714286654521,-0.2736537737368261,15,-0.2750618966470997,-0.3895802654098113,-0.014361485254682504,-0.8625580685309941,0.18928357563603448,0.0,15,0.0,0.0,0.5050505050504972,-2.220446049250313e-14,0.5050505050504972
historical/durations_without_filter/yolo/fp32/fp32,envelope_0.5,jetson,pico,20.0,15,15,15,"14686e2231698ba2c333,188d65f7e14a9b782ba8,37b785efc4c20873decf,39674e8619a128262948,3d3d4e3f2b461c1c17b0,620d3696afcddda3f89b,7815e0f742f811b2f2a8,7d126f8132a0bb9e3c24,819bc8096b18a04447b6,953c2e295904f8ef2ee2,a85d5b79ceb8382aef83,b45034632f76c3d9cdd5,db9978dede4a7e3f11ec,f7f7912472a804e2b121,fb1439032fde4ac07843",15,envelope_energy_sensitive_gt1pct;timestamp_gap_requires_review,paired_own_window_setup_difference_not_synchronized_instrument_error,-1.7169303578216333,15,-1.5352602765553613,-1.8233216092375604,-1.264716897045337,-1.9281125476018346,-1.1684656345979594,-2.2369376437927024,15,-2.2303096365339226,-2.314205001191383,-2.188665407122742,-2.4779487294743774,-1.9281125476018568,0.5025125628140836,15,0.5025125628140836,0.5025125628140836,1.0101010101010166,2.220446049250313e-14,1.0101010101010166
historical/durations_without_filter/yolo/fp32/fp32,envelope_0.5,shelly,pico,20.0,15,15,15,"14686e2231698ba2c333,188d65f7e14a9b782ba8,37b785efc4c20873decf,39674e8619a128262948,3d3d4e3f2b461c1c17b0,620d3696afcddda3f89b,7815e0f742f811b2f2a8,7d126f8132a0bb9e3c24,819bc8096b18a04447b6,953c2e295904f8ef2ee2,a85d5b79ceb8382aef83,b45034632f76c3d9cdd5,db9978dede4a7e3f11ec,f7f7912472a804e2b121,fb1439032fde4ac07843",15,envelope_energy_sensitive_gt1pct;source_time_resolution_coarser_than_detection_bins,paired_own_window_setup_difference_not_synchronized_instrument_error,-5.239529146649346,15,-5.1247858146323155,-5.640907158678238,-4.878141409092806,-5.9678770594165815,-4.415017438972657,-5.583490217377496,15,-5.648054561719384,-5.904768014575423,-5.5359514939608,-6.577422158080748,-5.333690864935181,0.5025125628140836,15,0.5025125628140836,2.220446049250313e-14,1.0101010101010166,2.220446049250313e-14,1.5151515151515138
historical/durations_without_filter/yolo/fp32/fp32,envelope_0.5,firmware,pico,50.0,15,15,15,"0f4f44e6abafb3a3608e,26975f8048b5e795b328,3b1019443eccfcdcde5f,562a82043ebb9d7f1534,568d96cac19e0de27623,60c8e7564c358e168be8,63512b998d452601540e,639e8d7fb3eef0d9ea26,87ca0dbb03ee7aba90a0,9a80c42ea9b5e8e799b1,a62402a3a20f5905093c,c3493df3402208696742,c49a1553be31fa6e96d4,cce0abedd022c79e3071,e0b39f4dcb11eb1805c0",0,,paired_own_window_setup_difference_not_synchronized_instrument_error,-0.1950236176625375,15,-0.1776115365801023,-0.23663918045134236,-0.13030014377365395,-0.3018266520549151,0.034269547580589865,-0.20679224172891475,15,-0.2034003159867792,-0.24975617643859804,-0.1491892301052955,-0.3576734685041716,-0.018116403738555054,0.0,15,0.0,0.0,0.0,0.0,0.20080321285140812
historical/durations_without_filter/yolo/fp32/fp32,envelope_0.5,jetson,pico,50.0,15,15,15,"0f4f44e6abafb3a3608e,26975f8048b5e795b328,3b1019443eccfcdcde5f,562a82043ebb9d7f1534,568d96cac19e0de27623,60c8e7564c358e168be8,63512b998d452601540e,639e8d7fb3eef0d9ea26,87ca0dbb03ee7aba90a0,9a80c42ea9b5e8e799b1,a62402a3a20f5905093c,c3493df3402208696742,c49a1553be31fa6e96d4,cce0abedd022c79e3071,e0b39f4dcb11eb1805c0",15,timestamp_gap_requires_review,paired_own_window_setup_difference_not_synchronized_instrument_error,-1.425867656567248,15,-1.2598416090726983,-1.342975370865146,-1.2075013998340045,-1.4428523147134387,-1.0911951075182391,-1.7179091596727036,15,-1.5244354240051217,-1.6593043116663597,-1.4511793830024322,-1.8370809054545911,-1.1345774992089108,0.20040080160321772,15,0.20040080160321772,0.20040080160321772,0.40160642570281624,2.220446049250313e-14,0.40160642570281624
historical/durations_without_filter/yolo/fp32/fp32,envelope_0.5,shelly,pico,50.0,15,15,15,"0f4f44e6abafb3a3608e,26975f8048b5e795b328,3b1019443eccfcdcde5f,562a82043ebb9d7f1534,568d96cac19e0de27623,60c8e7564c358e168be8,63512b998d452601540e,639e8d7fb3eef0d9ea26,87ca0dbb03ee7aba90a0,9a80c42ea9b5e8e799b1,a62402a3a20f5905093c,c3493df3402208696742,c49a1553be31fa6e96d4,cce0abedd022c79e3071,e0b39f4dcb11eb1805c0",15,envelope_energy_sensitive_gt1pct;source_time_resolution_coarser_than_detection_bins,paired_own_window_setup_difference_not_synchronized_instrument_error,-5.048532921473637,15,-4.980027337852433,-5.091732858655984,-4.945948765414326,-5.258822183619671,-4.748348845097173,-5.219671434674078,15,-5.164655666917084,-5.295782002391764,-5.124839236528345,-5.555196747248026,-4.959406436184333,0.20040080160321772,15,0.20040080160321772,0.20040080160321772,0.20080321285141922,0.0,0.6024096385542244
historical/durations_without_filter/yolo/fp32/fp32,envelope_0.5,firmware,pico,100.0,15,15,15,"094dd88d243e0cef4011,27196d49d13656b478c9,2924cfc06e61f4425275,2e852509372f35438a6f,578f661c605371ddd5a8,5b43edffa85165bb54e6,7141a1e4510a5ddd5d82,73eae7ad87ddcfe84a53,a76df4aaf7674c154efd,a9d46b0c8a3e84febc49,b096b4ae73e687b5929c,bc4a9dc84556dbb8fb4c,d3cdbb1af1585a43321c,e172035c8e7a05dc368f,f997f675d2fe74af1e3d",0,,paired_own_window_setup_difference_not_synchronized_instrument_error,-0.16715295270415265,15,-0.13097286704509825,-0.17959877976586602,-0.0882881709911798,-0.30633787657912137,0.0002461365884443012,-0.16715295270416375,15,-0.17688934958601799,-0.19732021134621913,-0.11812134960365595,-0.3063378765791436,-0.03534086268750514,2.220446049250313e-14,15,2.220446049250313e-14,2.220446049250313e-14,0.10020040080160886,2.220446049250313e-14,0.10020040080160886
historical/durations_without_filter/yolo/fp32/fp32,envelope_0.5,jetson,pico,100.0,15,15,15,"094dd88d243e0cef4011,27196d49d13656b478c9,2924cfc06e61f4425275,2e852509372f35438a6f,578f661c605371ddd5a8,5b43edffa85165bb54e6,7141a1e4510a5ddd5d82,73eae7ad87ddcfe84a53,a76df4aaf7674c154efd,a9d46b0c8a3e84febc49,b096b4ae73e687b5929c,bc4a9dc84556dbb8fb4c,d3cdbb1af1585a43321c,e172035c8e7a05dc368f,f997f675d2fe74af1e3d",15,timestamp_gap_requires_review,paired_own_window_setup_difference_not_synchronized_instrument_error,-1.206238287932293,15,-1.171200403803463,-1.2331547829250833,-1.1061420083793239,-1.3154135685597979,-1.0638082443161112,-1.2870319398324392,15,-1.315413568559809,-1.3265563931042224,-1.2717309533857746,-1.393831527788214,-1.1878263966422442,0.10010010010013115,15,0.10010010010013115,0.10010010010013115,0.20040080160321772,2.220446049250313e-14,0.20040080160321772
historical/durations_without_filter/yolo/fp32/fp32,envelope_0.5,shelly,pico,100.0,15,15,15,"094dd88d243e0cef4011,27196d49d13656b478c9,2924cfc06e61f4425275,2e852509372f35438a6f,578f661c605371ddd5a8,5b43edffa85165bb54e6,7141a1e4510a5ddd5d82,73eae7ad87ddcfe84a53,a76df4aaf7674c154efd,a9d46b0c8a3e84febc49,b096b4ae73e687b5929c,bc4a9dc84556dbb8fb4c,d3cdbb1af1585a43321c,e172035c8e7a05dc368f,f997f675d2fe74af1e3d",15,source_time_resolution_coarser_than_detection_bins,paired_own_window_setup_difference_not_synchronized_instrument_error,-4.391958859437583,15,-4.318108585914815,-4.393119022230579,-4.273443160324352,-4.512597139242846,-4.227803690631438,-4.404438608993056,15,-4.405384839348658,-4.470395119895298,-4.348661613991329,-4.603296784794608,-4.249562453312262,2.220446049250313e-14,15,0.10010010010013115,0.10010010010010895,0.10020040080160886,-0.10010010010009784,0.10020040080160886
historical/durations_without_filter/yolo/fp32/fp32,envelope_0.5,firmware,pico,200.0,15,15,15,"16c71101c8f6403b0c47,28c61e9207731302c714,346e89302054627e9ce9,42d6f8649bdc1bbb89aa,4be429db570225235a76,5e9423b6df94aaca2b01,64143c4b997ce36bb312,8547c610b4f23c7a8464,91369389fdf3a9615d44,9c331f3a8c092ca13384,b87a130881f9afae536b,e354a76000923407ea7d,e5a8440fec85a1f9d24b,ea2ba8e73872d8e566ae,f3c8b7a672d0721828d6",0,,paired_own_window_setup_difference_not_synchronized_instrument_error,-0.09828696753000354,15,-0.1489374982527769,-0.19386527511205953,-0.08963027338915186,-0.218975960630019,-0.028727741770018245,-0.14375919365963163,15,-0.16107124158190045,-0.20017329584489651,-0.09565641773152112,-0.2641163081058773,-0.02872774177004045,0.0,15,0.0,0.0,0.0,0.0,0.05005005005005447
historical/durations_without_filter/yolo/fp32/fp32,envelope_0.5,jetson,pico,200.0,15,15,15,"16c71101c8f6403b0c47,28c61e9207731302c714,346e89302054627e9ce9,42d6f8649bdc1bbb89aa,4be429db570225235a76,5e9423b6df94aaca2b01,64143c4b997ce36bb312,8547c610b4f23c7a8464,91369389fdf3a9615d44,9c331f3a8c092ca13384,b87a130881f9afae536b,e354a76000923407ea7d,e5a8440fec85a1f9d24b,ea2ba8e73872d8e566ae,f3c8b7a672d0721828d6",15,timestamp_gap_requires_review,paired_own_window_setup_difference_not_synchronized_instrument_error,-1.1455546835795194,15,-1.157799039035745,-1.1984873237310845,-1.129818809077987,-1.2833562086107975,-0.8733123189241576,-1.2399549501338036,15,-1.2438528597408238,-1.2743304918735154,-1.1923714342299885,-1.382072852402183,-0.9229004568336641,0.05002501250626068,15,0.05002501250626068,0.05002501250626068,0.10010010010008674,0.05002501250626068,0.10010010010008674
historical/durations_without_filter/yolo/fp32/fp32,envelope_0.5,shelly,pico,200.0,15,15,15,"16c71101c8f6403b0c47,28c61e9207731302c714,346e89302054627e9ce9,42d6f8649bdc1bbb89aa,4be429db570225235a76,5e9423b6df94aaca2b01,64143c4b997ce36bb312,8547c610b4f23c7a8464,91369389fdf3a9615d44,9c331f3a8c092ca13384,b87a130881f9afae536b,e354a76000923407ea7d,e5a8440fec85a1f9d24b,ea2ba8e73872d8e566ae,f3c8b7a672d0721828d6",15,source_time_resolution_coarser_than_detection_bins,paired_own_window_setup_difference_not_synchronized_instrument_error,-4.509914589435948,15,-4.5191794735193636,-4.543397922870135,-4.470954578654157,-4.657363667627923,-4.41149101138868,-4.556216401756941,15,-4.54940848923332,-4.63631660045325,-4.512149895283235,-4.702264785777544,-4.45906364300196,2.220446049250313e-14,15,0.05002501250626068,0.0,0.10010010010008674,0.0,0.10010010010008674
historical/durations_without_filter/yolo/fp32/fp32,envelope_0.5,firmware,pico,300.0,15,15,15,"09e9d5c28c10f52d2253,0a19c1be0aed26023a88,0e4ebc07a69518fe87d6,4d4772762b5c0a63961d,539e654f45693ae57155,5fd56cf268bb8f55ef4d,8f012fdfe3c1e1f69289,94e8b226bbcfd0cd2d05,a36760b18a08a04ef9e4,b9ea003b3101e928e1e7,dc938b20cfc518656020,ed4dfcdee770b3ea8c26,f177fbb1fa41818ed58c,f81172ba95de9e2f4f2a,fe0083fed84fc25db9d6",0,,paired_own_window_setup_difference_not_synchronized_instrument_error,-0.142835995639079,15,-0.13544202903236213,-0.15868173108304906,-0.11679842329213042,-0.18420521100507292,-0.037083751629973793,-0.14655298504061554,15,-0.14768039715001846,-0.16570661022429767,-0.11966053336764926,-0.18420521100506182,-0.0704158344070116,-2.220446049250313e-14,15,-2.220446049250313e-14,-2.220446049250313e-14,0.016677785190111205,-2.220446049250313e-14,0.033355570380244615
historical/durations_without_filter/yolo/fp32/fp32,envelope_0.5,jetson,pico,300.0,15,15,15,"09e9d5c28c10f52d2253,0a19c1be0aed26023a88,0e4ebc07a69518fe87d6,4d4772762b5c0a63961d,539e654f45693ae57155,5fd56cf268bb8f55ef4d,8f012fdfe3c1e1f69289,94e8b226bbcfd0cd2d05,a36760b18a08a04ef9e4,b9ea003b3101e928e1e7,dc938b20cfc518656020,ed4dfcdee770b3ea8c26,f177fbb1fa41818ed58c,f81172ba95de9e2f4f2a,fe0083fed84fc25db9d6",15,timestamp_gap_requires_review,paired_own_window_setup_difference_not_synchronized_instrument_error,-1.2640062900978188,15,-1.1059041580087525,-1.2432940221076605,-1.0015061631979572,-1.322069757462807,-0.9106141887532893,-1.3265520638599426,15,-1.1388798485195806,-1.3091318260929186,-1.0675051590891493,-1.3549733687474252,-0.9766737792941127,0.06671114076051143,15,0.06671114076051143,0.03335557038026682,0.06671114076051143,-2.220446049250313e-14,0.06671114076051143
historical/durations_without_filter/yolo/fp32/fp32,envelope_0.5,shelly,pico,300.0,15,15,15,"09e9d5c28c10f52d2253,0a19c1be0aed26023a88,0e4ebc07a69518fe87d6,4d4772762b5c0a63961d,539e654f45693ae57155,5fd56cf268bb8f55ef4d,8f012fdfe3c1e1f69289,94e8b226bbcfd0cd2d05,a36760b18a08a04ef9e4,b9ea003b3101e928e1e7,dc938b20cfc518656020,ed4dfcdee770b3ea8c26,f177fbb1fa41818ed58c,f81172ba95de9e2f4f2a,fe0083fed84fc25db9d6",15,source_time_resolution_coarser_than_detection_bins,paired_own_window_setup_difference_not_synchronized_instrument_error,-4.460242415709481,15,-4.443997524671451,-4.519181285551044,-4.381812115527033,-4.6105680993296705,-4.247378386725186,-4.488926461969767,15,-4.475860146370447,-4.56693065733465,-4.429325247692894,-4.642375178989788,-4.279306569990715,0.03335557038026682,15,0.03335557038026682,0.03335557038025572,0.06671114076051143,-2.220446049250313e-14,0.06671114076051143
historical/durations_without_filter/yolo/fp32/fp32,envelope_0.5,firmware,pico,400.0,15,15,15,"03cf2b8e60394a0d662d,2223cd832d6be795deb2,2383af3b6008c200a24e,24ac8f2147db17ee850c,3f1ab1f6ac834a1fd8d1,49c931a6bee47dca93b9,780c7c715ff9ab3c8250,7f426bf046c4c31f009c,94ff5ba45195addbe7f7,a09f5a5024ab8832f17b,a943f669aa7db29a6022,bfd658fdfcdd1c7ebf13,d52388c3a42e521334dc,e3017d9fc3af8e01ecc1,edb6748be098183058ea",0,,paired_own_window_setup_difference_not_synchronized_instrument_error,-0.14046937135410165,15,-0.14658399524840604,-0.19497392435282035,-0.11859407713065151,-0.24060207293288283,-0.10352636283972316,-0.1528305316321199,15,-0.14658399524839494,-0.19822121324525876,-0.1257614753992109,-0.24601850010954607,-0.107011453644823,-1.1102230246251565e-14,15,-1.1102230246251565e-14,-1.1102230246251565e-14,0.012506253126548517,-1.1102230246251565e-14,0.025012506253108135
historical/durations_without_filter/yolo/fp32/fp32,envelope_0.5,jetson,pico,400.0,15,15,15,"03cf2b8e60394a0d662d,2223cd832d6be795deb2,2383af3b6008c200a24e,24ac8f2147db17ee850c,3f1ab1f6ac834a1fd8d1,49c931a6bee47dca93b9,780c7c715ff9ab3c8250,7f426bf046c4c31f009c,94ff5ba45195addbe7f7,a09f5a5024ab8832f17b,a943f669aa7db29a6022,bfd658fdfcdd1c7ebf13,d52388c3a42e521334dc,e3017d9fc3af8e01ecc1,edb6748be098183058ea",15,terminal_duplicate_power_row_excluded_in_derived_view;timestamp_gap_requires_review,paired_own_window_setup_difference_not_synchronized_instrument_error,-1.240279064450056,15,-1.123446781328663,-1.2273745446945705,-1.0676128314858258,-1.3323246769271102,-0.9397095047875226,-1.252504084253514,15,-1.148165919633315,-1.245762422570501,-1.1047144312263335,-1.3569915957578726,-0.9892396500351341,0.025006251562875725,15,0.025006251562875725,0.025006251562875725,0.05002501250626068,0.0,0.05002501250626068
historical/durations_without_filter/yolo/fp32/fp32,envelope_0.5,shelly,pico,400.0,15,15,15,"03cf2b8e60394a0d662d,2223cd832d6be795deb2,2383af3b6008c200a24e,24ac8f2147db17ee850c,3f1ab1f6ac834a1fd8d1,49c931a6bee47dca93b9,780c7c715ff9ab3c8250,7f426bf046c4c31f009c,94ff5ba45195addbe7f7,a09f5a5024ab8832f17b,a943f669aa7db29a6022,bfd658fdfcdd1c7ebf13,d52388c3a42e521334dc,e3017d9fc3af8e01ecc1,edb6748be098183058ea",15,source_time_resolution_coarser_than_detection_bins,paired_own_window_setup_difference_not_synchronized_instrument_error,-4.436848049525322,15,-4.4048679475193975,-4.529278996118496,-4.296465168039809,-4.623172231986661,-3.918227164864996,-4.472565211146396,15,-4.452665513545662,-4.553146676369469,-4.308420278155628,-4.647022401471023,-3.966268051282573,0.025006251562875725,15,0.025006251562875725,0.012503125781437863,0.025012506253119238,-1.1102230246251565e-14,0.05002501250626068
historical/durations_without_filter/yolo/fp32/fp32,envelope_0.5,firmware,pico,500.0,15,15,15,"05b2ce07ab70e4e27de1,0e30882708a1a095bcb5,0e75ef466d1d545fb47b,1f80a82f830ecb43795a,229defecfbf7fd754bc2,4e12820cd2ba7f0b791c,5893df9c0ae67ab924b7,6ae83cc72499e711d0a8,7a2edd0d669bcd623aee,847bcf21373ef0c0830c,b40f410c21ce5f75ea77,c72ae347495852999e69,d432b222b51453ff58e2,ec74a12cc0fe278305a5,ef6c74ad8f6a05334092",0,,paired_own_window_setup_difference_not_synchronized_instrument_error,-0.08659134942137214,15,-0.1268905948514698,-0.15942932707615487,-0.11359219841706181,-0.23347979938620478,-0.06603245060370355,-0.08659134942136104,15,-0.1268905948514587,-0.15942932707613822,-0.11359219841706181,-0.23347979938620478,-0.06603245060370355,-1.1102230246251565e-14,15,-1.1102230246251565e-14,-1.1102230246251565e-14,-1.1102230246251565e-14,-1.1102230246251565e-14,-1.1102230246251565e-14
historical/durations_without_filter/yolo/fp32/fp32,envelope_0.5,jetson,pico,500.0,15,15,15,"05b2ce07ab70e4e27de1,0e30882708a1a095bcb5,0e75ef466d1d545fb47b,1f80a82f830ecb43795a,229defecfbf7fd754bc2,4e12820cd2ba7f0b791c,5893df9c0ae67ab924b7,6ae83cc72499e711d0a8,7a2edd0d669bcd623aee,847bcf21373ef0c0830c,b40f410c21ce5f75ea77,c72ae347495852999e69,d432b222b51453ff58e2,ec74a12cc0fe278305a5,ef6c74ad8f6a05334092",15,timestamp_gap_requires_review,paired_own_window_setup_difference_not_synchronized_instrument_error,-1.0931446057047656,15,-1.0931446057047656,-1.1131869859754007,-1.0333985156476766,-1.146557497298084,-0.9836324306396915,-1.1327073478624827,15,-1.1235135069343039,-1.1333828791799838,-1.0729851562414183,-1.1683504861798366,-1.0068960853416131,0.04001600640255454,15,0.04001600640255454,0.02000800320127727,0.04001600640255454,0.02000800320127727,0.04001600640255454
historical/durations_without_filter/yolo/fp32/fp32,envelope_0.5,shelly,pico,500.0,15,15,15,"05b2ce07ab70e4e27de1,0e30882708a1a095bcb5,0e75ef466d1d545fb47b,1f80a82f830ecb43795a,229defecfbf7fd754bc2,4e12820cd2ba7f0b791c,5893df9c0ae67ab924b7,6ae83cc72499e711d0a8,7a2edd0d669bcd623aee,847bcf21373ef0c0830c,b40f410c21ce5f75ea77,c72ae347495852999e69,d432b222b51453ff58e2,ec74a12cc0fe278305a5,ef6c74ad8f6a05334092",15,source_time_resolution_coarser_than_detection_bins,paired_own_window_setup_difference_not_synchronized_instrument_error,-4.026654209891223,15,-3.980892556651139,-4.1326957917580955,-3.8617962394857153,-4.296648524764402,-3.735764587269552,-4.04585271875102,15,-4.019300199628484,-4.1231013034038755,-3.8810277265352244,-4.315793023959302,-3.774270281434655,0.02000800320127727,15,0.02000800320127727,0.02000800320127727,0.04001600640255454,-0.02000800320127727,0.04001600640257674
historical/durations_without_filter/yolo/fp32/fp32,envelope_0.5,firmware,pico,600.0,15,15,15,"054a6a05782cb1233ced,0c43f941142fc5185031,418bb576f423ac9ee639,424c7a6323d5e4b59348,497b39f367fbc8f47993,54c7272cc367dcb11d9a,5d860c82cdaabb71e570,962538cd7aefe10632a6,9c7e0739f464b9786828,a12ffd3c75abb5535754,ac143f193b6b4cb19416,b51128cb5c189e3eee77,b77e3704e7aa394de6dc,b9400f4ada2cdc67af71,ec1c0194f45810c2bc8b",0,,paired_own_window_setup_difference_not_synchronized_instrument_error,-0.11542521836711561,15,-0.12301967847434536,-0.1410732863187325,-0.09130399986992943,-0.17529043137318734,-0.0455173896655614,-0.09877223824346082,15,-0.12301967847435646,-0.14720435604536064,-0.09842597459367997,-0.19193065633877904,-0.0455173896655614,0.01667222407468749,15,0.0,0.0,0.01667222407468749,0.0,0.01667222407468749
historical/durations_without_filter/yolo/fp32/fp32,envelope_0.5,jetson,pico,600.0,15,15,15,"054a6a05782cb1233ced,0c43f941142fc5185031,418bb576f423ac9ee639,424c7a6323d5e4b59348,497b39f367fbc8f47993,54c7272cc367dcb11d9a,5d860c82cdaabb71e570,962538cd7aefe10632a6,9c7e0739f464b9786828,a12ffd3c75abb5535754,ac143f193b6b4cb19416,b51128cb5c189e3eee77,b77e3704e7aa394de6dc,b9400f4ada2cdc67af71,ec1c0194f45810c2bc8b",15,timestamp_gap_requires_review,paired_own_window_setup_difference_not_synchronized_instrument_error,-1.042957796223909,15,-1.0259072235235478,-1.0525708801825961,-0.9899307245962441,-1.139781851578947,-0.9448870021356859,-1.0540571758606565,15,-1.0424056553916317,-1.07502652306668,-1.0170858671746608,-1.1727352576284544,-0.9779053731350018,0.03334444814941939,15,0.03334444814941939,0.016670834491105957,0.03334444814941939,0.016669444907502218,0.03334444814941939
historical/durations_without_filter/yolo/fp32/fp32,envelope_0.5,shelly,pico,600.0,15,15,15,"054a6a05782cb1233ced,0c43f941142fc5185031,418bb576f423ac9ee639,424c7a6323d5e4b59348,497b39f367fbc8f47993,54c7272cc367dcb11d9a,5d860c82cdaabb71e570,962538cd7aefe10632a6,9c7e0739f464b9786828,a12ffd3c75abb5535754,ac143f193b6b4cb19416,b51128cb5c189e3eee77,b77e3704e7aa394de6dc,b9400f4ada2cdc67af71,ec1c0194f45810c2bc8b",15,source_time_resolution_coarser_than_detection_bins,paired_own_window_setup_difference_not_synchronized_instrument_error,-3.9857610147171707,15,-3.9671246783753,-4.011844775384671,-3.9176218280313977,-4.042442126317369,-3.7999410367507314,-3.999509347296004,15,-3.9831301575955713,-4.016422612752557,-3.9336348084861306,-4.058437718561681,-3.818334900070519,0.016672224074709696,15,0.01667222407468749,0.008334722453751109,0.03334444814939719,0.0,0.03334444814941939
historical/durations_without_filter/yolo/int8/int8,reported_legacy,firmware,pico,5.0,15,15,15,"03116a7118ee6f3f16a6,2538165756af782a0613,2612ee2e6eb1e3cb5248,286db23ad1c62b87e6a7,2ea82f0803c465d1d205,3c0474e6c7a10f1ea023,41cde0ea4f6ecae5f677,6127687060afff9a237d,816fff3f09eca4d88e49,8680fb6ecc8af6067c39,90392f322232ae58d36d,9c9694ac6ec17ebfa9cd,b3e8cc109bbe630a33f2,c752461e49d51755e9d1,fc9ad91a56fabeb23917",9,envelope_energy_sensitive_gt1pct,paired_own_window_setup_difference_not_synchronized_instrument_error,-0.4012307597185294,15,-0.2846708643428508,-0.46412082533633936,-0.07864146523882676,-1.0204388608938353,0.2877688377104892,-0.4012307597185183,15,-0.2846708643428508,-0.4641208253363449,-0.07864146523882676,-1.020438860893813,0.2877688377105114,0.0,15,0.0,0.0,0.0,0.0,0.0
historical/durations_without_filter/yolo/int8/int8,reported_legacy,jetson,pico,5.0,15,15,15,"03116a7118ee6f3f16a6,2538165756af782a0613,2612ee2e6eb1e3cb5248,286db23ad1c62b87e6a7,2ea82f0803c465d1d205,3c0474e6c7a10f1ea023,41cde0ea4f6ecae5f677,6127687060afff9a237d,816fff3f09eca4d88e49,8680fb6ecc8af6067c39,90392f322232ae58d36d,9c9694ac6ec17ebfa9cd,b3e8cc109bbe630a33f2,c752461e49d51755e9d1,fc9ad91a56fabeb23917",15,envelope_energy_sensitive_gt1pct;timestamp_gap_requires_review,paired_own_window_setup_difference_not_synchronized_instrument_error,-3.0895121962972283,15,-3.062978221897139,-3.4575008928051485,-2.381183461600428,-4.141944937402853,-1.7267865455580567,-0.14912885801644515,15,-0.14912885801644515,-0.7126323125228151,0.36575280821617984,-1.6305851744036315,1.2406971558497792,-3.2123285714285688,15,-3.2123285714285688,-3.894064285714277,-1.7244928571428564,-4.732385714285725,-0.3514142857142799
historical/durations_without_filter/yolo/int8/int8,reported_legacy,shelly,pico,5.0,15,15,15,"03116a7118ee6f3f16a6,2538165756af782a0613,2612ee2e6eb1e3cb5248,286db23ad1c62b87e6a7,2ea82f0803c465d1d205,3c0474e6c7a10f1ea023,41cde0ea4f6ecae5f677,6127687060afff9a237d,816fff3f09eca4d88e49,8680fb6ecc8af6067c39,90392f322232ae58d36d,9c9694ac6ec17ebfa9cd,b3e8cc109bbe630a33f2,c752461e49d51755e9d1,fc9ad91a56fabeb23917",15,envelope_energy_sensitive_gt1pct;source_time_resolution_coarser_than_detection_bins,paired_own_window_setup_difference_not_synchronized_instrument_error,-6.271031545831141,15,-6.175781849270267,-7.1672387525878785,-5.869586677326961,-8.096122580991672,-5.509620834972884,-6.429616896980406,15,-6.2864190890598355,-7.119731596021089,-5.9825050010281045,-8.134797831104779,-5.702432418514847,0.12084285714286658,15,0.12084285714286658,0.04267857142857823,0.2766714285714289,-0.1455142857142988,0.5064571428571307
historical/durations_without_filter/yolo/int8/int8,reported_legacy,firmware,pico,10.0,15,15,15,"0258dc266a841c7aec54,07369e2cc102d38d69b7,0f4c7793d36baab7ab91,1a50831b702936a07700,20536ec5c785fd38fd82,3c56282b472a243e9c67,436c6cc1e688191703d0,53cc9436d25728d324d2,6a0d99e3c24d36f99cb3,846d3ff0c074f06c5735,877040a5065f0efd44cc,92e47b3f838096983596,95d568e74f3e8e71b364,a254c2c11d2137684618,f3955dc9416ce2add2ab",0,,paired_own_window_setup_difference_not_synchronized_instrument_error,-0.25559636453844625,15,-0.2675006354858511,-0.3718683401275902,-0.1635672366540053,-0.9126600073849689,0.16018501212577974,-0.25559636453843515,15,-0.2675006354858511,-0.37186834012758463,-0.1635672366540053,-0.9126600073849689,0.16018501212577974,0.0,15,0.0,0.0,0.0,0.0,0.0
historical/durations_without_filter/yolo/int8/int8,reported_legacy,jetson,pico,10.0,15,15,15,"0258dc266a841c7aec54,07369e2cc102d38d69b7,0f4c7793d36baab7ab91,1a50831b702936a07700,20536ec5c785fd38fd82,3c56282b472a243e9c67,436c6cc1e688191703d0,53cc9436d25728d324d2,6a0d99e3c24d36f99cb3,846d3ff0c074f06c5735,877040a5065f0efd44cc,92e47b3f838096983596,95d568e74f3e8e71b364,a254c2c11d2137684618,f3955dc9416ce2add2ab",15,envelope_energy_sensitive_gt1pct;timestamp_gap_requires_review,paired_own_window_setup_difference_not_synchronized_instrument_error,-2.1320959736674694,15,-2.200764241269171,-2.3220156920353787,-1.7604476685238568,-2.992669835240036,-1.3381609720885534,-0.9195846311153222,15,-0.6909715998127841,-1.2734805480513978,-0.4592031348900072,-2.1479878117538487,-0.2548683813832109,-1.6220083333333357,15,-1.6220083333333357,-1.8690916666666724,-0.5235541666666732,-2.325333333333346,0.4034916666666666
historical/durations_without_filter/yolo/int8/int8,reported_legacy,shelly,pico,10.0,15,15,15,"0258dc266a841c7aec54,07369e2cc102d38d69b7,0f4c7793d36baab7ab91,1a50831b702936a07700,20536ec5c785fd38fd82,3c56282b472a243e9c67,436c6cc1e688191703d0,53cc9436d25728d324d2,6a0d99e3c24d36f99cb3,846d3ff0c074f06c5735,877040a5065f0efd44cc,92e47b3f838096983596,95d568e74f3e8e71b364,a254c2c11d2137684618,f3955dc9416ce2add2ab",15,envelope_energy_sensitive_gt1pct;source_time_resolution_coarser_than_detection_bins,paired_own_window_setup_difference_not_synchronized_instrument_error,-5.710778161987662,15,-5.739489597766035,-6.290392690524804,-5.5194988368580225,-6.658353812188911,-5.40718004509515,-5.751236517882541,15,-5.803479960212443,-6.395670046539287,-5.590085994420441,-6.727771668124916,-5.3882182671728724,0.05567500000001058,15,0.05567500000001058,0.0006166666666695964,0.10590416666665936,-0.09326666666665817,0.23370000000000335
historical/durations_without_filter/yolo/int8/int8,reported_legacy,firmware,pico,20.0,15,15,15,"2a88109e6677046d8dd1,2b5dad0428ef8c1e4b65,4887c4ee2f551b3a3211,56ee1bd1bd59b5723a5f,5ce549c1013f9227c341,65aed82744a13f742da7,7b673b977a85459a134d,8f1090f04e3f077ba9b1,8f75863f4e9a8ea342d3,9025cf73114c84344a02,9a9a7151fde18ee7ae7d,9db1d4a9af7d7924e34c,9e29c6c1394313d13696,af44a283ae29b58ce515,ca74eb54a6f1a2333bab",0,,paired_own_window_setup_difference_not_synchronized_instrument_error,-0.3277601176918665,15,-0.38788919351255835,-0.45125594007232595,-0.22676844960967113,-0.6759329084802146,-0.12179628486030936,-0.3277601176918554,15,-0.38788919351255835,-0.4512559400723204,-0.22676844960967113,-0.6759329084802035,-0.12179628486030936,0.0,15,0.0,0.0,0.0,0.0,0.0
historical/durations_without_filter/yolo/int8/int8,reported_legacy,jetson,pico,20.0,15,15,15,"2a88109e6677046d8dd1,2b5dad0428ef8c1e4b65,4887c4ee2f551b3a3211,56ee1bd1bd59b5723a5f,5ce549c1013f9227c341,65aed82744a13f742da7,7b673b977a85459a134d,8f1090f04e3f077ba9b1,8f75863f4e9a8ea342d3,9025cf73114c84344a02,9a9a7151fde18ee7ae7d,9db1d4a9af7d7924e34c,9e29c6c1394313d13696,af44a283ae29b58ce515,ca74eb54a6f1a2333bab",15,envelope_energy_sensitive_gt1pct;timestamp_gap_requires_review,paired_own_window_setup_difference_not_synchronized_instrument_error,-1.7786103469411119,15,-1.7947064005118474,-1.867605280055612,-1.6169080222092513,-2.1545039523782172,-1.4322250921321888,-1.0383638134974893,15,-1.1349340351243797,-1.237058738862351,-0.9060560437520737,-1.778816396872851,-0.30348564339138795,-0.7480136363636425,15,-0.7480136363636425,-0.792606818181818,-0.6831181818181764,-1.5817863636363616,0.3528681818181889
historical/durations_without_filter/yolo/int8/int8,reported_legacy,shelly,pico,20.0,15,15,15,"2a88109e6677046d8dd1,2b5dad0428ef8c1e4b65,4887c4ee2f551b3a3211,56ee1bd1bd59b5723a5f,5ce549c1013f9227c341,65aed82744a13f742da7,7b673b977a85459a134d,8f1090f04e3f077ba9b1,8f75863f4e9a8ea342d3,9025cf73114c84344a02,9a9a7151fde18ee7ae7d,9db1d4a9af7d7924e34c,9e29c6c1394313d13696,af44a283ae29b58ce515,ca74eb54a6f1a2333bab",15,envelope_energy_sensitive_gt1pct;source_time_resolution_coarser_than_detection_bins,paired_own_window_setup_difference_not_synchronized_instrument_error,-5.717479616619503,15,-5.560615505263289,-5.771731490790527,-5.423086717630671,-6.372085622348777,-5.321349563571232,-5.774935154321925,15,-5.621243459752323,-5.7876152026420105,-5.471888664867697,-6.395690927200404,-5.335910621682871,0.0329772727272859,15,0.0329772727272859,0.012481818181819815,0.0544204545454563,-0.02156363636364178,0.12569545454546027
historical/durations_without_filter/yolo/int8/int8,reported_legacy,firmware,pico,50.0,15,15,15,"2f2a920add66fb50a115,33f2d8f7d827db935547,3eee4b9fb7aa30e41965,4602534b12eb4b104c2f,6e52924b52952972603e,7156507c748a91b49b08,90c1d3b26e22772d5a53,99e50faf98ce1a102f6f,ab02bc2c32f74c0d62eb,cc7f9a3beebf5df5d2af,d04cb8e6d39ba9ee696b,d71ae27d5c73f9d078cf,eb081e25d4a5ee4cd549,ed1fb37b2ebd6a0b8779,f51095aed8c81743ac9c",0,,paired_own_window_setup_difference_not_synchronized_instrument_error,-0.19210020877855616,15,-0.28401141534443175,-0.345527357101022,-0.1773206646527803,-0.66787429635492,-0.048213570664012995,-0.19210020877855616,15,-0.28401141534443175,-0.34552735710102755,-0.1773206646527803,-0.6678742963549089,-0.048213570664012995,0.0,15,0.0,0.0,0.0,0.0,0.0
historical/durations_without_filter/yolo/int8/int8,reported_legacy,jetson,pico,50.0,15,15,15,"2f2a920add66fb50a115,33f2d8f7d827db935547,3eee4b9fb7aa30e41965,4602534b12eb4b104c2f,6e52924b52952972603e,7156507c748a91b49b08,90c1d3b26e22772d5a53,99e50faf98ce1a102f6f,ab02bc2c32f74c0d62eb,cc7f9a3beebf5df5d2af,d04cb8e6d39ba9ee696b,d71ae27d5c73f9d078cf,eb081e25d4a5ee4cd549,ed1fb37b2ebd6a0b8779,f51095aed8c81743ac9c",15,timestamp_gap_requires_review,paired_own_window_setup_difference_not_synchronized_instrument_error,-1.357787009970124,15,-1.5011646735101025,-1.5951148300571538,-1.3470333506538368,-1.7939797523114809,-1.0935306615545648,-1.0810133991198567,15,-1.18426528134139,-1.3430690723005456,-1.067113374139772,-1.7790048282783744,-0.8471593138448363,-0.176528846153845,15,-0.176528846153845,-0.4138932692307695,-0.09609999999999896,-0.47178461538461836,0.03367115384615982
historical/durations_without_filter/yolo/int8/int8,reported_legacy,shelly,pico,50.0,15,15,15,"2f2a920add66fb50a115,33f2d8f7d827db935547,3eee4b9fb7aa30e41965,4602534b12eb4b104c2f,6e52924b52952972603e,7156507c748a91b49b08,90c1d3b26e22772d5a53,99e50faf98ce1a102f6f,ab02bc2c32f74c0d62eb,cc7f9a3beebf5df5d2af,d04cb8e6d39ba9ee696b,d71ae27d5c73f9d078cf,eb081e25d4a5ee4cd549,ed1fb37b2ebd6a0b8779,f51095aed8c81743ac9c",15,envelope_energy_sensitive_gt1pct;source_time_resolution_coarser_than_detection_bins,paired_own_window_setup_difference_not_synchronized_instrument_error,-5.345019951227048,15,-5.3948108026818815,-5.524231457312751,-5.319674581532308,-5.610146207511413,-5.210211131391251,-5.346661042998358,15,-5.389294270763189,-5.533086284871569,-5.338716616418121,-5.652462626772015,-5.231400653351049,0.011838461538471456,15,0.011838461538471456,-0.006094230769237985,0.024986538461546637,-0.034513461538476786,0.048534615384610014
historical/durations_without_filter/yolo/int8/int8,reported_legacy,firmware,pico,100.0,15,15,15,"19aa78e7687c9b3de19e,19d8a5d8ff44b2d299b9,2fe9df9faeef60d37cbb,3c6e2117c68ce18b8ffd,46197d6cc45ceaba48fb,5f732b9394a99408572d,61f2421294e0bea33a64,71f16e8df8956e757e10,8f9d588284eba194c690,a1cbe337a9e6cb240561,a5f2a54a9b013d485a48,b72ba8b6347e858e8954,c18e9339947e4bde065d,ddb1430751c190fff3f5,e60c90bff38d7ab23b2e",0,,paired_own_window_setup_difference_not_synchronized_instrument_error,-0.27109301630318106,15,-0.30113115589009976,-0.33584745538940974,-0.2580738606745181,-0.432448862751178,-0.04443178093738176,-0.27109301630318106,15,-0.30113115589008865,-0.3358474553894042,-0.2580738606745181,-0.432448862751178,-0.04443178093739286,0.0,15,0.0,0.0,0.0,0.0,0.0
historical/durations_without_filter/yolo/int8/int8,reported_legacy,jetson,pico,100.0,15,15,15,"19aa78e7687c9b3de19e,19d8a5d8ff44b2d299b9,2fe9df9faeef60d37cbb,3c6e2117c68ce18b8ffd,46197d6cc45ceaba48fb,5f732b9394a99408572d,61f2421294e0bea33a64,71f16e8df8956e757e10,8f9d588284eba194c690,a1cbe337a9e6cb240561,a5f2a54a9b013d485a48,b72ba8b6347e858e8954,c18e9339947e4bde065d,ddb1430751c190fff3f5,e60c90bff38d7ab23b2e",15,timestamp_gap_requires_review,paired_own_window_setup_difference_not_synchronized_instrument_error,-1.5346006353964214,15,-1.5271041032408617,-1.5931589724706652,-1.4874328407208648,-1.7850400713794512,-1.2998583510091533,-1.333602533146372,15,-1.344829971745709,-1.384452548141335,-1.2713389550163212,-1.5687080253231511,-1.1314046812851863,-0.18475882352941841,15,-0.18475882352941841,-0.22876666666667433,-0.1715377450980382,-0.2978627450980431,-0.14092549019607548
historical/durations_without_filter/yolo/int8/int8,reported_legacy,shelly,pico,100.0,15,15,15,"19aa78e7687c9b3de19e,19d8a5d8ff44b2d299b9,2fe9df9faeef60d37cbb,3c6e2117c68ce18b8ffd,46197d6cc45ceaba48fb,5f732b9394a99408572d,61f2421294e0bea33a64,71f16e8df8956e757e10,8f9d588284eba194c690,a1cbe337a9e6cb240561,a5f2a54a9b013d485a48,b72ba8b6347e858e8954,c18e9339947e4bde065d,ddb1430751c190fff3f5,e60c90bff38d7ab23b2e",15,source_time_resolution_coarser_than_detection_bins,paired_own_window_setup_difference_not_synchronized_instrument_error,-5.18412650527873,15,-5.197971500673548,-5.299347711717401,-5.093015589219063,-5.452453885144415,-5.0435660221916585,-5.128602753650324,15,-5.202995699958035,-5.283110309710931,-5.095195067591507,-5.4458026462619324,-5.0454426047223055,0.0006627450980456473,15,0.0006627450980456473,-0.0012926470588259242,0.007328431372555233,-0.19793039215685315,0.032329411764697724
historical/durations_without_filter/yolo/int8/int8,reported_legacy,firmware,pico,200.0,15,15,15,"388e2ec53d9710825214,480babdbaefdf71c0fd8,724490b9825fb34450d6,783de559743e78f3f90b,7ba8d05390f601c900ae,95d9e6bb269c68a13b9b,b7f9de33e10041d9bd74,c4388038abc13a095fa7,d174d6a09e5acbad9153,d28fe2091ad578c1bffc,d972e09988c8d9df9c22,e506760d8bf8921cc438,f595a9770cba525db13b,fa615946e288c3d6a832,fda2baa900d206da891e",0,,paired_own_window_setup_difference_not_synchronized_instrument_error,-0.27351049494849233,15,-0.308366486177869,-0.35332651299972984,-0.27055401472118046,-0.4123438681911118,-0.23425205378814207,-0.27351049494849233,15,-0.3083664861778579,-0.35332651299971873,-0.270554014721186,-0.4123438681911007,-0.23425205378814207,0.0,15,0.0,0.0,0.0,0.0,0.0
historical/durations_without_filter/yolo/int8/int8,reported_legacy,jetson,pico,200.0,15,15,15,"388e2ec53d9710825214,480babdbaefdf71c0fd8,724490b9825fb34450d6,783de559743e78f3f90b,7ba8d05390f601c900ae,95d9e6bb269c68a13b9b,b7f9de33e10041d9bd74,c4388038abc13a095fa7,d174d6a09e5acbad9153,d28fe2091ad578c1bffc,d972e09988c8d9df9c22,e506760d8bf8921cc438,f595a9770cba525db13b,fa615946e288c3d6a832,fda2baa900d206da891e",15,timestamp_gap_requires_review,paired_own_window_setup_difference_not_synchronized_instrument_error,-1.234619408452653,15,-1.3246431240114265,-1.4450034481473417,-1.2245034095498153,-1.6652444687491608,-1.119879591835271,-1.1655874855454496,15,-1.283016544742821,-1.3711800071469882,-1.1904750812817388,-1.5366645135447277,-1.1030854276187885,-0.06984603960397129,15,-0.06984603960397129,-0.0910094059405897,-0.04534480198019053,-0.13058663366337653,0.029817326732661797
historical/durations_without_filter/yolo/int8/int8,reported_legacy,shelly,pico,200.0,15,15,15,"388e2ec53d9710825214,480babdbaefdf71c0fd8,724490b9825fb34450d6,783de559743e78f3f90b,7ba8d05390f601c900ae,95d9e6bb269c68a13b9b,b7f9de33e10041d9bd74,c4388038abc13a095fa7,d174d6a09e5acbad9153,d28fe2091ad578c1bffc,d972e09988c8d9df9c22,e506760d8bf8921cc438,f595a9770cba525db13b,fa615946e288c3d6a832,fda2baa900d206da891e",15,source_time_resolution_coarser_than_detection_bins;timestamp_gap_requires_review,paired_own_window_setup_difference_not_synchronized_instrument_error,-5.259359932942398,15,-5.239934562991921,-5.308172153382562,-5.202510617495449,-5.340347419646907,-5.164619141163207,-5.260268402546886,15,-5.245542891263888,-5.308138295051928,-5.203238889483042,-5.347732639378943,-5.162814887190992,0.0005772277227755751,15,0.0005772277227755751,-0.0011099009900927825,0.004385643564364106,-0.003575742574246643,0.030786138613869696
historical/durations_without_filter/yolo/int8/int8,reported_legacy,firmware,pico,300.0,15,15,15,"1b08c86216fb0d7f5d1b,327f4c8744234ad92db3,48aa6c5fc09367bbb035,5932d4aad9bc6712574d,606c808b294d92598fe6,661ebb03e598368db74b,7bf0c7d8e345c0a25510,8fbd51df7590b451c857,9bfd3bc3bde830564547,b3dc664c223bfcb5087d,b8564f72cadad2cd0b18,c7976750d545d3194b36,e9d32845fcc8f98d957d,fcdab38e30c6f36e73ef,fd2d5b777d2689816a64",0,,paired_own_window_setup_difference_not_synchronized_instrument_error,-0.49783952816909727,15,-0.4244781416850585,-0.4975016579435443,-0.32259407852590627,-0.7677858812107807,-0.26358495876666055,-0.49783952816908617,15,-0.4244781416850474,-0.49750165794354984,-0.32259407852591737,-0.7677858812107696,-0.26358495876664945,0.0,15,0.0,0.0,0.0,0.0,0.0
historical/durations_without_filter/yolo/int8/int8,reported_legacy,jetson,pico,300.0,15,15,15,"1b08c86216fb0d7f5d1b,327f4c8744234ad92db3,48aa6c5fc09367bbb035,5932d4aad9bc6712574d,606c808b294d92598fe6,661ebb03e598368db74b,7bf0c7d8e345c0a25510,8fbd51df7590b451c857,9bfd3bc3bde830564547,b3dc664c223bfcb5087d,b8564f72cadad2cd0b18,c7976750d545d3194b36,e9d32845fcc8f98d957d,fcdab38e30c6f36e73ef,fd2d5b777d2689816a64",15,timestamp_gap_requires_review,paired_own_window_setup_difference_not_synchronized_instrument_error,-1.6087422004371632,15,-1.4594283391538787,-1.507670035490477,-1.3994090200575293,-1.6293110183087545,-1.2551354168256257,-1.5360356484230508,15,-1.4631074130952104,-1.4957845239394918,-1.3152724473735777,-1.5782789568572597,-1.2433127702459523,-0.02185231788078834,15,-0.02185231788078834,-0.09308129139072863,0.003114403973503155,-0.10209801324503331,0.018344039735107565
historical/durations_without_filter/yolo/int8/int8,reported_legacy,shelly,pico,300.0,15,15,15,"1b08c86216fb0d7f5d1b,327f4c8744234ad92db3,48aa6c5fc09367bbb035,5932d4aad9bc6712574d,606c808b294d92598fe6,661ebb03e598368db74b,7bf0c7d8e345c0a25510,8fbd51df7590b451c857,9bfd3bc3bde830564547,b3dc664c223bfcb5087d,b8564f72cadad2cd0b18,c7976750d545d3194b36,e9d32845fcc8f98d957d,fcdab38e30c6f36e73ef,fd2d5b777d2689816a64",15,source_time_resolution_coarser_than_detection_bins,paired_own_window_setup_difference_not_synchronized_instrument_error,-6.10072770275737,15,-6.195142657628116,-6.462207384190866,-5.488013186530261,-6.725957562506702,-5.238510700668564,-6.104757425403074,15,-6.196921499451202,-6.466325784987454,-5.487369252630881,-6.7209390254778345,-5.238553688476988,0.0004009933774584695,15,0.0004009933774584695,-0.0014125827814570613,0.0026056291390741393,-0.013070529801317843,0.004514569536429036
historical/durations_without_filter/yolo/int8/int8,reported_legacy,firmware,pico,400.0,15,15,15,"077fd230fb0196ed4192,1b9bd9974f5f643372a1,2d0d79996f9d16bdfab5,30a610c1cd05b8234d78,4012b189f9e6aae7bab3,5c29026611e08b3c64df,5f7c3ebafe6e98306e08,83beb31d3abf3a179c39,8b5a19ca9c006a85eaf4,9560a6f639e5e76758c1,aed73b6b3e0f72d5e8b8,c77f2465c12d23723d6d,e03d9b6a068373f6e84d,ec5085939ecb37d12db3,fc97905b1128347e4113",0,,paired_own_window_setup_difference_not_synchronized_instrument_error,-0.26658121018373615,15,-0.274504631414918,-0.30262779466542766,-0.25796126797595353,-0.8620078447404755,-0.20303804257432168,-0.26658121018373615,15,-0.2745046314149069,-0.30262779466542766,-0.257961267975948,-0.8620078447404866,-0.20303804257429947,0.0,15,0.0,0.0,0.0,0.0,0.0
historical/durations_without_filter/yolo/int8/int8,reported_legacy,jetson,pico,400.0,15,15,15,"077fd230fb0196ed4192,1b9bd9974f5f643372a1,2d0d79996f9d16bdfab5,30a610c1cd05b8234d78,4012b189f9e6aae7bab3,5c29026611e08b3c64df,5f7c3ebafe6e98306e08,83beb31d3abf3a179c39,8b5a19ca9c006a85eaf4,9560a6f639e5e76758c1,aed73b6b3e0f72d5e8b8,c77f2465c12d23723d6d,e03d9b6a068373f6e84d,ec5085939ecb37d12db3,fc97905b1128347e4113",15,timestamp_gap_requires_review,paired_own_window_setup_difference_not_synchronized_instrument_error,-1.2609225601636131,15,-1.3434552091067031,-1.423573397624306,-1.2642350760488752,-1.6848205098722757,-1.141659946027218,-1.2213892827162676,15,-1.2960777217969621,-1.3742961549578492,-1.2209766371205077,-1.6396824218453676,-1.155913445390644,-0.0458905472636828,15,-0.0458905472636828,-0.053715174129354004,-0.036240547263677314,-0.06766517412936102,0.01856641791044833
historical/durations_without_filter/yolo/int8/int8,reported_legacy,shelly,pico,400.0,15,15,15,"077fd230fb0196ed4192,1b9bd9974f5f643372a1,2d0d79996f9d16bdfab5,30a610c1cd05b8234d78,4012b189f9e6aae7bab3,5c29026611e08b3c64df,5f7c3ebafe6e98306e08,83beb31d3abf3a179c39,8b5a19ca9c006a85eaf4,9560a6f639e5e76758c1,aed73b6b3e0f72d5e8b8,c77f2465c12d23723d6d,e03d9b6a068373f6e84d,ec5085939ecb37d12db3,fc97905b1128347e4113",15,source_time_resolution_coarser_than_detection_bins;timestamp_gap_requires_review,paired_own_window_setup_difference_not_synchronized_instrument_error,-5.169107319982547,15,-5.150321763399579,-5.172818371407468,-5.107612903685693,-5.231606151197332,-5.016466734834468,-5.172246815005687,15,-5.149689899890985,-5.1763973033026485,-5.1090605138126355,-5.233747114154308,-5.013328630400482,0.0012191542288597645,15,0.0012191542288597645,-0.00025920398009637857,0.002645273631840528,-0.003303731343284877,0.007780348258701331
historical/durations_without_filter/yolo/int8/int8,reported_legacy,firmware,pico,500.0,11,11,11,"170eb021e3e8fb81c20c,18195372a27f160ce72c,41f3d17c1e3aab154c70,5ce23a7639a4d8f527cb,7f1eacce99811696c25f,90d89efa0778ff1b8f67,a46e7d6a211890849244,b885124fab0853b7b562,c7053c8106d80eb155a5,c8cc2d1bc934cebddd93,e8793f8ad77883f7b4e2",0,,paired_own_window_setup_difference_not_synchronized_instrument_error,-0.3913049791547718,11,-0.42507802014492,-0.43899052087142953,-0.39447820656365873,-0.8629689196253176,-0.3880828974674344,-0.3913049791547718,11,-0.4250780201449089,-0.4389905208714351,-0.3944782065636532,-0.8629689196253176,-0.3880828974674455,0.0,11,0.0,0.0,0.0,0.0,0.0
historical/durations_without_filter/yolo/int8/int8,reported_legacy,jetson,pico,500.0,11,11,11,"170eb021e3e8fb81c20c,18195372a27f160ce72c,41f3d17c1e3aab154c70,5ce23a7639a4d8f527cb,7f1eacce99811696c25f,90d89efa0778ff1b8f67,a46e7d6a211890849244,b885124fab0853b7b562,c7053c8106d80eb155a5,c8cc2d1bc934cebddd93,e8793f8ad77883f7b4e2",11,timestamp_gap_requires_review,paired_own_window_setup_difference_not_synchronized_instrument_error,-1.461158038649768,11,-1.4641756947857187,-1.6308932843683177,-1.3675318447830376,-1.6915631495526995,-1.1519598405577591,-1.40242373744347,11,-1.404018397564577,-1.5757728667228743,-1.333975716938296,-1.6702800379502558,-1.1384002434899676,-0.05289820717130356,11,-0.05289820717130356,-0.05939890438246831,-0.016360557768918538,-0.06101394422310946,0.008898605577689622
historical/durations_without_filter/yolo/int8/int8,reported_legacy,shelly,pico,500.0,11,11,11,"170eb021e3e8fb81c20c,18195372a27f160ce72c,41f3d17c1e3aab154c70,5ce23a7639a4d8f527cb,7f1eacce99811696c25f,90d89efa0778ff1b8f67,a46e7d6a211890849244,b885124fab0853b7b562,c7053c8106d80eb155a5,c8cc2d1bc934cebddd93,e8793f8ad77883f7b4e2",11,source_time_resolution_coarser_than_detection_bins,paired_own_window_setup_difference_not_synchronized_instrument_error,-6.570773765658922,11,-6.570773765658922,-6.633540659794429,-6.391336377016172,-6.706701127335668,-6.3076115582265,-6.568708412984126,11,-6.568708412984126,-6.636088748805863,-6.389640573874667,-6.707738864359925,-6.303815182929329,-0.0010677290836591524,11,-0.0010677290836591524,-0.0019469123505921893,0.0006692231075744459,-0.004051792828696499,0.005232868525895107
historical/durations_without_filter/yolo/int8/int8,reported_legacy,firmware,pico,600.0,15,15,15,"031a1c2e6f64eb21c623,16c4de2d55e7008eda71,4a1e43b47e6cf30f86ad,7a617b5272f7efea9994,7ab4dc0d19bc69f39b8c,826f327844360c83aaa3,919fd6baffe5729bc3c7,9b78d8738bd4f1194a06,9d5b33b749ac8a5b2a19,a5f94a1d189c45f3b785,a9ef8484e8ca433d2942,c1d923e59f5b09091329,d3631d97a30d510d9b23,e7c740163b812bba0a4c,f86c781052b1ee755914",0,,paired_own_window_setup_difference_not_synchronized_instrument_error,-0.25207103465850755,15,-0.26400974449094505,-0.2756421579893975,-0.2508267194437197,-0.6039007003856955,-0.16255360741191938,-0.25207103465851866,15,-0.26400974449093395,-0.27564215798939196,-0.25082671944371415,-0.6039007003856955,-0.16255360741193048,0.0,15,0.0,0.0,0.0,0.0,0.0
historical/durations_without_filter/yolo/int8/int8,reported_legacy,jetson,pico,600.0,15,15,15,"031a1c2e6f64eb21c623,16c4de2d55e7008eda71,4a1e43b47e6cf30f86ad,7a617b5272f7efea9994,7ab4dc0d19bc69f39b8c,826f327844360c83aaa3,919fd6baffe5729bc3c7,9b78d8738bd4f1194a06,9d5b33b749ac8a5b2a19,a5f94a1d189c45f3b785,a9ef8484e8ca433d2942,c1d923e59f5b09091329,d3631d97a30d510d9b23,e7c740163b812bba0a4c,f86c781052b1ee755914",15,timestamp_gap_requires_review,paired_own_window_setup_difference_not_synchronized_instrument_error,-1.455753195424736,15,-1.246852448602409,-1.5789417039606846,-1.1435314381810335,-1.7481751768784637,-1.0257868534443104,-1.43279276679098,15,-1.2180334917004987,-1.5587635723385562,-1.134288845354925,-1.712101885616546,-1.004749211544187,-0.023294186046529664,15,-0.023294186046529664,-0.042010797342195705,-0.0197578073089677,-0.04866843853821301,-0.0012176079734249612
historical/durations_without_filter/yolo/int8/int8,reported_legacy,shelly,pico,600.0,15,15,15,"031a1c2e6f64eb21c623,16c4de2d55e7008eda71,4a1e43b47e6cf30f86ad,7a617b5272f7efea9994,7ab4dc0d19bc69f39b8c,826f327844360c83aaa3,919fd6baffe5729bc3c7,9b78d8738bd4f1194a06,9d5b33b749ac8a5b2a19,a5f94a1d189c45f3b785,a9ef8484e8ca433d2942,c1d923e59f5b09091329,d3631d97a30d510d9b23,e7c740163b812bba0a4c,f86c781052b1ee755914",15,source_time_resolution_coarser_than_detection_bins,paired_own_window_setup_difference_not_synchronized_instrument_error,-5.0707926774337775,15,-5.036885324181206,-5.054868517274663,-4.983477260480356,-5.1197097058173995,-4.856600500182506,-5.07135184186297,15,-5.033924779254518,-5.055845243144358,-4.983443316155716,-5.120598766784779,-4.857188741949137,0.00011926910299386861,15,0.00011926910299386861,-0.001027325581387517,0.000777657807315979,-0.003928405315611894,0.0034009966777492906
historical/durations_without_filter/yolo/int8/int8,envelope_0.5,firmware,pico,5.0,15,15,15,"03116a7118ee6f3f16a6,2538165756af782a0613,2612ee2e6eb1e3cb5248,286db23ad1c62b87e6a7,2ea82f0803c465d1d205,3c0474e6c7a10f1ea023,41cde0ea4f6ecae5f677,6127687060afff9a237d,816fff3f09eca4d88e49,8680fb6ecc8af6067c39,90392f322232ae58d36d,9c9694ac6ec17ebfa9cd,b3e8cc109bbe630a33f2,c752461e49d51755e9d1,fc9ad91a56fabeb23917",9,envelope_energy_sensitive_gt1pct,paired_own_window_setup_difference_not_synchronized_instrument_error,-0.34737571246159504,15,-0.2972278719963972,-0.49492896502404404,-0.13643779872057893,-1.1209047906903247,0.40214291156239756,-0.34737571246160615,15,-0.2972278719964083,-0.49492896502404404,-0.13643779872057893,-1.1209047906903136,0.40214291156239756,0.0,15,0.0,0.0,0.0,0.0,0.0
historical/durations_without_filter/yolo/int8/int8,envelope_0.5,jetson,pico,5.0,15,15,15,"03116a7118ee6f3f16a6,2538165756af782a0613,2612ee2e6eb1e3cb5248,286db23ad1c62b87e6a7,2ea82f0803c465d1d205,3c0474e6c7a10f1ea023,41cde0ea4f6ecae5f677,6127687060afff9a237d,816fff3f09eca4d88e49,8680fb6ecc8af6067c39,90392f322232ae58d36d,9c9694ac6ec17ebfa9cd,b3e8cc109bbe630a33f2,c752461e49d51755e9d1,fc9ad91a56fabeb23917",15,envelope_energy_sensitive_gt1pct;timestamp_gap_requires_review,paired_own_window_setup_difference_not_synchronized_instrument_error,-1.4772425328871797,15,-1.2286589456170671,-1.3855910470438493,-0.8142927000116429,-1.9235851719925257,-0.5972554141733033,-5.4181528315716765,15,-5.179512587792368,-5.330167405162084,-4.781720992011162,-5.846641765112803,-4.5733651976063605,4.166666666666652,15,4.166666666666652,4.166666666666652,4.166666666666652,4.166666666666652,4.166666666666652
historical/durations_without_filter/yolo/int8/int8,envelope_0.5,shelly,pico,5.0,15,15,15,"03116a7118ee6f3f16a6,2538165756af782a0613,2612ee2e6eb1e3cb5248,286db23ad1c62b87e6a7,2ea82f0803c465d1d205,3c0474e6c7a10f1ea023,41cde0ea4f6ecae5f677,6127687060afff9a237d,816fff3f09eca4d88e49,8680fb6ecc8af6067c39,90392f322232ae58d36d,9c9694ac6ec17ebfa9cd,b3e8cc109bbe630a33f2,c752461e49d51755e9d1,fc9ad91a56fabeb23917",15,envelope_energy_sensitive_gt1pct;source_time_resolution_coarser_than_detection_bins,paired_own_window_setup_difference_not_synchronized_instrument_error,-6.533459809854314,15,-6.896461340672754,-7.528483778284572,-6.333352420673371,-8.382654702934767,-5.24034862469851,-10.131647247942311,15,-10.252396443691191,-10.905271417001044,-9.381886411531159,-11.67909474287847,-8.454249626161092,4.166666666666652,15,4.166666666666652,3.125,4.166666666666652,2.0833333333333037,4.166666666666674
historical/durations_without_filter/yolo/int8/int8,envelope_0.5,firmware,pico,10.0,15,15,15,"0258dc266a841c7aec54,07369e2cc102d38d69b7,0f4c7793d36baab7ab91,1a50831b702936a07700,20536ec5c785fd38fd82,3c56282b472a243e9c67,436c6cc1e688191703d0,53cc9436d25728d324d2,6a0d99e3c24d36f99cb3,846d3ff0c074f06c5735,877040a5065f0efd44cc,92e47b3f838096983596,95d568e74f3e8e71b364,a254c2c11d2137684618,f3955dc9416ce2add2ab",0,,paired_own_window_setup_difference_not_synchronized_instrument_error,-0.16989018846953474,15,-0.2743574980576424,-0.3686805087854961,-0.10868696864376193,-0.5635301462610376,0.702336789045721,-0.22947225711973385,15,-0.354663356837992,-0.5116074781617796,-0.18523967370018268,-1.2816872202994767,0.10074598283629221,0.0,15,0.0,0.0,0.0,0.0,1.0204081632652962
historical/durations_without_filter/yolo/int8/int8,envelope_0.5,jetson,pico,10.0,15,15,15,"0258dc266a841c7aec54,07369e2cc102d38d69b7,0f4c7793d36baab7ab91,1a50831b702936a07700,20536ec5c785fd38fd82,3c56282b472a243e9c67,436c6cc1e688191703d0,53cc9436d25728d324d2,6a0d99e3c24d36f99cb3,846d3ff0c074f06c5735,877040a5065f0efd44cc,92e47b3f838096983596,95d568e74f3e8e71b364,a254c2c11d2137684618,f3955dc9416ce2add2ab",15,envelope_energy_sensitive_gt1pct;timestamp_gap_requires_review,paired_own_window_setup_difference_not_synchronized_instrument_error,-1.1031445424085407,15,-1.2974042282970832,-1.3786842624193607,-1.1693246854497685,-1.8298039192416016,-0.957841384526037,-3.0810816515603467,15,-3.271456143731144,-3.351110577170957,-3.1459381917407656,-3.7932078408567715,-2.9386845568355247,2.0408163265306145,15,2.0408163265306145,2.0408163265306145,2.0408163265306145,2.0408163265306145,2.0408163265306145
historical/durations_without_filter/yolo/int8/int8,envelope_0.5,shelly,pico,10.0,15,15,15,"0258dc266a841c7aec54,07369e2cc102d38d69b7,0f4c7793d36baab7ab91,1a50831b702936a07700,20536ec5c785fd38fd82,3c56282b472a243e9c67,436c6cc1e688191703d0,53cc9436d25728d324d2,6a0d99e3c24d36f99cb3,846d3ff0c074f06c5735,877040a5065f0efd44cc,92e47b3f838096983596,95d568e74f3e8e71b364,a254c2c11d2137684618,f3955dc9416ce2add2ab",15,envelope_energy_sensitive_gt1pct;source_time_resolution_coarser_than_detection_bins,paired_own_window_setup_difference_not_synchronized_instrument_error,-5.910727615086831,15,-5.983032284335543,-6.21139023490756,-5.544174777308436,-6.789137765137454,-5.168397555268345,-7.64482104141152,15,-7.730661626095669,-7.945695665255725,-7.266941475424948,-8.504859447514479,-6.646492947199867,2.0408163265306145,15,2.0408163265306145,2.0408163265306145,2.0408163265306145,1.020408163265274,2.0408163265306145
historical/durations_without_filter/yolo/int8/int8,envelope_0.5,firmware,pico,20.0,15,15,15,"2a88109e6677046d8dd1,2b5dad0428ef8c1e4b65,4887c4ee2f551b3a3211,56ee1bd1bd59b5723a5f,5ce549c1013f9227c341,65aed82744a13f742da7,7b673b977a85459a134d,8f1090f04e3f077ba9b1,8f75863f4e9a8ea342d3,9025cf73114c84344a02,9a9a7151fde18ee7ae7d,9db1d4a9af7d7924e34c,9e29c6c1394313d13696,af44a283ae29b58ce515,ca74eb54a6f1a2333bab",0,,paired_own_window_setup_difference_not_synchronized_instrument_error,-0.3063958138253775,15,-0.29334750802315623,-0.4695557020164387,-0.17127172196918505,-0.7133343078591148,0.1529185630669394,-0.3311394210073981,15,-0.3714417032965267,-0.49013253750383456,-0.21816796929454707,-0.7133343078590815,-0.1339632382684086,-2.220446049250313e-14,15,-2.220446049250313e-14,-2.220446049250313e-14,-2.220446049250313e-14,-2.220446049250313e-14,0.5050505050504972
historical/durations_without_filter/yolo/int8/int8,envelope_0.5,jetson,pico,20.0,15,15,15,"2a88109e6677046d8dd1,2b5dad0428ef8c1e4b65,4887c4ee2f551b3a3211,56ee1bd1bd59b5723a5f,5ce549c1013f9227c341,65aed82744a13f742da7,7b673b977a85459a134d,8f1090f04e3f077ba9b1,8f75863f4e9a8ea342d3,9025cf73114c84344a02,9a9a7151fde18ee7ae7d,9db1d4a9af7d7924e34c,9e29c6c1394313d13696,af44a283ae29b58ce515,ca74eb54a6f1a2333bab",15,envelope_energy_sensitive_gt1pct;timestamp_gap_requires_review,paired_own_window_setup_difference_not_synchronized_instrument_error,-1.3356521231472573,15,-1.4138726847153893,-1.4626480408820919,-1.3108802809885745,-1.6647461489178061,-0.9593619794961095,-2.269073770168639,15,-2.3616359375534968,-2.42236534307958,-2.2416385394779303,-2.648098687428635,-1.8045521124167019,1.0101010101010166,15,1.0101010101010166,1.0101010101010166,1.0101010101010166,0.5050505050505194,1.0101010101010166
historical/durations_without_filter/yolo/int8/int8,envelope_0.5,shelly,pico,20.0,15,15,15,"2a88109e6677046d8dd1,2b5dad0428ef8c1e4b65,4887c4ee2f551b3a3211,56ee1bd1bd59b5723a5f,5ce549c1013f9227c341,65aed82744a13f742da7,7b673b977a85459a134d,8f1090f04e3f077ba9b1,8f75863f4e9a8ea342d3,9025cf73114c84344a02,9a9a7151fde18ee7ae7d,9db1d4a9af7d7924e34c,9e29c6c1394313d13696,af44a283ae29b58ce515,ca74eb54a6f1a2333bab",15,envelope_energy_sensitive_gt1pct;source_time_resolution_coarser_than_detection_bins,paired_own_window_setup_difference_not_synchronized_instrument_error,-5.711898446427877,15,-5.524978564184924,-5.775172658815575,-5.389195149816012,-6.093123505432729,-5.20426203606561,-6.5702367889098,15,-6.451592974786779,-6.682249403637702,-6.311602725367682,-7.032192270378412,-6.152219415704952,1.0101010101010166,15,1.0101010101010166,1.0101010101010166,1.0101010101010166,0.5050505050504972,1.0101010101010166
historical/durations_without_filter/yolo/int8/int8,envelope_0.5,firmware,pico,50.0,15,15,15,"2f2a920add66fb50a115,33f2d8f7d827db935547,3eee4b9fb7aa30e41965,4602534b12eb4b104c2f,6e52924b52952972603e,7156507c748a91b49b08,90c1d3b26e22772d5a53,99e50faf98ce1a102f6f,ab02bc2c32f74c0d62eb,cc7f9a3beebf5df5d2af,d04cb8e6d39ba9ee696b,d71ae27d5c73f9d078cf,eb081e25d4a5ee4cd549,ed1fb37b2ebd6a0b8779,f51095aed8c81743ac9c",0,,paired_own_window_setup_difference_not_synchronized_instrument_error,-0.1942650959535719,15,-0.21198789852032718,-0.3457726128359595,-0.1220875557122525,-0.6757085217388159,0.0872077560911011,-0.1942650959535719,15,-0.3174907054148024,-0.3466662370951168,-0.17516019976149821,-0.675708521738827,-0.11296945340993902,0.0,15,0.0,0.0,0.10040160642570406,0.0,0.20080321285140812
historical/durations_without_filter/yolo/int8/int8,envelope_0.5,jetson,pico,50.0,15,15,15,"2f2a920add66fb50a115,33f2d8f7d827db935547,3eee4b9fb7aa30e41965,4602534b12eb4b104c2f,6e52924b52952972603e,7156507c748a91b49b08,90c1d3b26e22772d5a53,99e50faf98ce1a102f6f,ab02bc2c32f74c0d62eb,cc7f9a3beebf5df5d2af,d04cb8e6d39ba9ee696b,d71ae27d5c73f9d078cf,eb081e25d4a5ee4cd549,ed1fb37b2ebd6a0b8779,f51095aed8c81743ac9c",15,timestamp_gap_requires_review,paired_own_window_setup_difference_not_synchronized_instrument_error,-1.192135543494599,15,-1.2997650850545606,-1.412584098590891,-1.208319952274739,-1.7600884267149786,-0.9988554651744086,-1.5873670013206498,15,-1.6945660247143612,-1.8069337621965387,-1.6034866724656482,-2.1530480730081125,-1.394860043313706,0.40160642570281624,15,0.40160642570281624,0.40160642570281624,0.40160642570281624,0.40160642570281624,0.40160642570281624
historical/durations_without_filter/yolo/int8/int8,envelope_0.5,shelly,pico,50.0,15,15,15,"2f2a920add66fb50a115,33f2d8f7d827db935547,3eee4b9fb7aa30e41965,4602534b12eb4b104c2f,6e52924b52952972603e,7156507c748a91b49b08,90c1d3b26e22772d5a53,99e50faf98ce1a102f6f,ab02bc2c32f74c0d62eb,cc7f9a3beebf5df5d2af,d04cb8e6d39ba9ee696b,d71ae27d5c73f9d078cf,eb081e25d4a5ee4cd549,ed1fb37b2ebd6a0b8779,f51095aed8c81743ac9c",15,envelope_energy_sensitive_gt1pct;source_time_resolution_coarser_than_detection_bins,paired_own_window_setup_difference_not_synchronized_instrument_error,-5.411033014830835,15,-5.435524411292192,-5.560735200821848,-5.298312770000136,-5.717307773851754,-5.183574802595203,-5.7703171334379855,15,-5.77801565917524,-5.86839268222426,-5.677119518920154,-5.943660910274129,-5.424752111568476,0.40160642570281624,15,0.40160642570281624,0.3012048192771233,0.40160642570282734,0.20080321285140812,0.40160642570283844
historical/durations_without_filter/yolo/int8/int8,envelope_0.5,firmware,pico,100.0,15,15,15,"19aa78e7687c9b3de19e,19d8a5d8ff44b2d299b9,2fe9df9faeef60d37cbb,3c6e2117c68ce18b8ffd,46197d6cc45ceaba48fb,5f732b9394a99408572d,61f2421294e0bea33a64,71f16e8df8956e757e10,8f9d588284eba194c690,a1cbe337a9e6cb240561,a5f2a54a9b013d485a48,b72ba8b6347e858e8954,c18e9339947e4bde065d,ddb1430751c190fff3f5,e60c90bff38d7ab23b2e",0,,paired_own_window_setup_difference_not_synchronized_instrument_error,-0.24558603367628162,15,-0.28560190999600277,-0.3273440192187227,-0.2040859616802615,-0.43376142483242397,-0.049297565450256986,-0.32096443175487765,15,-0.3023032738321052,-0.34414231957433095,-0.28229664626764905,-0.4337614248324462,-0.04929756545026809,2.220446049250313e-14,15,2.220446049250313e-14,2.220446049250313e-14,2.220446049250313e-14,2.220446049250313e-14,0.10020040080160886
historical/durations_without_filter/yolo/int8/int8,envelope_0.5,jetson,pico,100.0,15,15,15,"19aa78e7687c9b3de19e,19d8a5d8ff44b2d299b9,2fe9df9faeef60d37cbb,3c6e2117c68ce18b8ffd,46197d6cc45ceaba48fb,5f732b9394a99408572d,61f2421294e0bea33a64,71f16e8df8956e757e10,8f9d588284eba194c690,a1cbe337a9e6cb240561,a5f2a54a9b013d485a48,b72ba8b6347e858e8954,c18e9339947e4bde065d,ddb1430751c190fff3f5,e60c90bff38d7ab23b2e",15,timestamp_gap_requires_review,paired_own_window_setup_difference_not_synchronized_instrument_error,-1.4228933367170127,15,-1.4227253730669576,-1.484962541496554,-1.3806634093271264,-1.6546902902674687,-1.1999742905353772,-1.6200475500435907,15,-1.6198799223208327,-1.6819926164135746,-1.5779020825084977,-1.8513809096869505,-1.397574341954333,0.20040080160321772,15,0.20040080160321772,0.20040080160321772,0.20040080160321772,0.20040080160321772,0.20040080160321772
historical/durations_without_filter/yolo/int8/int8,envelope_0.5,shelly,pico,100.0,15,15,15,"19aa78e7687c9b3de19e,19d8a5d8ff44b2d299b9,2fe9df9faeef60d37cbb,3c6e2117c68ce18b8ffd,46197d6cc45ceaba48fb,5f732b9394a99408572d,61f2421294e0bea33a64,71f16e8df8956e757e10,8f9d588284eba194c690,a1cbe337a9e6cb240561,a5f2a54a9b013d485a48,b72ba8b6347e858e8954,c18e9339947e4bde065d,ddb1430751c190fff3f5,e60c90bff38d7ab23b2e",15,source_time_resolution_coarser_than_detection_bins,paired_own_window_setup_difference_not_synchronized_instrument_error,-5.255475909004071,15,-5.2319702145370295,-5.2669291572250865,-5.107598554409265,-5.454992029223005,-5.031153331006754,-5.400832973439429,15,-5.421506274107957,-5.456395298910637,-5.297383357300445,-5.565934177897535,-5.221091024344748,0.20040080160321772,15,0.20040080160321772,0.20040080160321772,0.20040080160321772,0.10020040080160886,0.20040080160321772
historical/durations_without_filter/yolo/int8/int8,envelope_0.5,firmware,pico,200.0,15,15,15,"388e2ec53d9710825214,480babdbaefdf71c0fd8,724490b9825fb34450d6,783de559743e78f3f90b,7ba8d05390f601c900ae,95d9e6bb269c68a13b9b,b7f9de33e10041d9bd74,c4388038abc13a095fa7,d174d6a09e5acbad9153,d28fe2091ad578c1bffc,d972e09988c8d9df9c22,e506760d8bf8921cc438,f595a9770cba525db13b,fa615946e288c3d6a832,fda2baa900d206da891e",0,,paired_own_window_setup_difference_not_synchronized_instrument_error,-0.2748751804861338,15,-0.31071454877462656,-0.35434707604286575,-0.2727725841787709,-0.4110473839701978,-0.23463275148059015,-0.2748751804861338,15,-0.31071454877462656,-0.35434707604286575,-0.27277258417878203,-0.4110473839702089,-0.23463275148059015,0.0,15,0.0,0.0,0.0,0.0,0.0
historical/durations_without_filter/yolo/int8/int8,envelope_0.5,jetson,pico,200.0,15,15,15,"388e2ec53d9710825214,480babdbaefdf71c0fd8,724490b9825fb34450d6,783de559743e78f3f90b,7ba8d05390f601c900ae,95d9e6bb269c68a13b9b,b7f9de33e10041d9bd74,c4388038abc13a095fa7,d174d6a09e5acbad9153,d28fe2091ad578c1bffc,d972e09988c8d9df9c22,e506760d8bf8921cc438,f595a9770cba525db13b,fa615946e288c3d6a832,fda2baa900d206da891e",15,timestamp_gap_requires_review,paired_own_window_setup_difference_not_synchronized_instrument_error,-1.1925404943449402,15,-1.261160939955519,-1.40160423970489,-1.1863442459201623,-1.5993836227244929,-1.1081751998464062,-1.2913479538505857,15,-1.359899779015561,-1.5002026354651754,-1.2851579016742276,-1.6977842391017517,-1.2070670246465687,0.10010010010008674,15,0.10010010010008674,0.10010010010008674,0.10010010010008674,0.10010010010008674,0.10010010010008674
historical/durations_without_filter/yolo/int8/int8,envelope_0.5,shelly,pico,200.0,15,15,15,"388e2ec53d9710825214,480babdbaefdf71c0fd8,724490b9825fb34450d6,783de559743e78f3f90b,7ba8d05390f601c900ae,95d9e6bb269c68a13b9b,b7f9de33e10041d9bd74,c4388038abc13a095fa7,d174d6a09e5acbad9153,d28fe2091ad578c1bffc,d972e09988c8d9df9c22,e506760d8bf8921cc438,f595a9770cba525db13b,fa615946e288c3d6a832,fda2baa900d206da891e",15,source_time_resolution_coarser_than_detection_bins;timestamp_gap_requires_review,paired_own_window_setup_difference_not_synchronized_instrument_error,-5.237523869471228,15,-5.256546595898614,-5.29295328110656,-5.20986302418382,-5.3427328186052225,-5.177577315373616,-5.332286345601755,15,-5.313964979873664,-5.38339128347406,-5.297677509941401,-5.437390085786609,-5.252561522215881,0.10010010010010895,15,0.10010010010010895,0.05005005005005447,0.10010010010010895,0.0,0.15015015015016342
historical/durations_without_filter/yolo/int8/int8,envelope_0.5,firmware,pico,300.0,15,15,15,"1b08c86216fb0d7f5d1b,327f4c8744234ad92db3,48aa6c5fc09367bbb035,5932d4aad9bc6712574d,606c808b294d92598fe6,661ebb03e598368db74b,7bf0c7d8e345c0a25510,8fbd51df7590b451c857,9bfd3bc3bde830564547,b3dc664c223bfcb5087d,b8564f72cadad2cd0b18,c7976750d545d3194b36,e9d32845fcc8f98d957d,fcdab38e30c6f36e73ef,fd2d5b777d2689816a64",0,,paired_own_window_setup_difference_not_synchronized_instrument_error,-0.49286545618794086,15,-0.42545310530759384,-0.4980070385771862,-0.32565478597011976,-0.7642384418504622,-0.23944341184695128,-0.49286545618791866,15,-0.42545310530759384,-0.498007038577164,-0.32565478597009756,-0.76423844185044,-0.2727080189120157,-2.220446049250313e-14,15,-2.220446049250313e-14,-2.220446049250313e-14,-2.220446049250313e-14,-2.220446049250313e-14,0.033355570380244615
historical/durations_without_filter/yolo/int8/int8,envelope_0.5,jetson,pico,300.0,15,15,15,"1b08c86216fb0d7f5d1b,327f4c8744234ad92db3,48aa6c5fc09367bbb035,5932d4aad9bc6712574d,606c808b294d92598fe6,661ebb03e598368db74b,7bf0c7d8e345c0a25510,8fbd51df7590b451c857,9bfd3bc3bde830564547,b3dc664c223bfcb5087d,b8564f72cadad2cd0b18,c7976750d545d3194b36,e9d32845fcc8f98d957d,fcdab38e30c6f36e73ef,fd2d5b777d2689816a64",15,timestamp_gap_requires_review,paired_own_window_setup_difference_not_synchronized_instrument_error,-1.5767824417489917,15,-1.4524874533584309,-1.499501275902071,-1.361663225481119,-1.5896214104552553,-1.2548660329025574,-1.6423979201211414,15,-1.5181857950561928,-1.565168275051465,-1.4274221166641288,-1.6552283295149683,-1.3206961222139713,0.06671114076051143,15,0.06671114076051143,0.06671114076051143,0.06671114076051143,0.06671114076051143,0.06671114076051143
historical/durations_without_filter/yolo/int8/int8,envelope_0.5,shelly,pico,300.0,15,15,15,"1b08c86216fb0d7f5d1b,327f4c8744234ad92db3,48aa6c5fc09367bbb035,5932d4aad9bc6712574d,606c808b294d92598fe6,661ebb03e598368db74b,7bf0c7d8e345c0a25510,8fbd51df7590b451c857,9bfd3bc3bde830564547,b3dc664c223bfcb5087d,b8564f72cadad2cd0b18,c7976750d545d3194b36,e9d32845fcc8f98d957d,fcdab38e30c6f36e73ef,fd2d5b777d2689816a64",15,source_time_resolution_coarser_than_detection_bins,paired_own_window_setup_difference_not_synchronized_instrument_error,-6.094035458858793,15,-6.181225219257702,-6.457106965352921,-5.473938802206635,-6.711796279333148,-5.248342939429406,-6.156639435219546,15,-6.243771069111526,-6.51946889404269,-5.521227726726307,-6.773988415146914,-5.311510710803125,0.06671114076051143,15,0.06671114076051143,0.06671114076051143,0.06671114076051143,0.033355570380244615,0.06671114076051143
historical/durations_without_filter/yolo/int8/int8,envelope_0.5,firmware,pico,400.0,15,15,15,"077fd230fb0196ed4192,1b9bd9974f5f643372a1,2d0d79996f9d16bdfab5,30a610c1cd05b8234d78,4012b189f9e6aae7bab3,5c29026611e08b3c64df,5f7c3ebafe6e98306e08,83beb31d3abf3a179c39,8b5a19ca9c006a85eaf4,9560a6f639e5e76758c1,aed73b6b3e0f72d5e8b8,c77f2465c12d23723d6d,e03d9b6a068373f6e84d,ec5085939ecb37d12db3,fc97905b1128347e4113",0,,paired_own_window_setup_difference_not_synchronized_instrument_error,-0.26237442682712775,15,-0.27407301110912163,-0.3051974559034054,-0.25560073564343533,-1.2576526767209328,-0.20477567071698344,-0.2678178572552259,15,-0.27407301110909943,-0.29822236951168035,-0.2580002252054847,-0.37396224904122644,-0.20477567071697234,-1.1102230246251565e-14,15,-1.1102230246251565e-14,-1.1102230246251565e-14,-1.1102230246251565e-14,-1.0005002501250582,0.025012506253108135
historical/durations_without_filter/yolo/int8/int8,envelope_0.5,jetson,pico,400.0,15,15,15,"077fd230fb0196ed4192,1b9bd9974f5f643372a1,2d0d79996f9d16bdfab5,30a610c1cd05b8234d78,4012b189f9e6aae7bab3,5c29026611e08b3c64df,5f7c3ebafe6e98306e08,83beb31d3abf3a179c39,8b5a19ca9c006a85eaf4,9560a6f639e5e76758c1,aed73b6b3e0f72d5e8b8,c77f2465c12d23723d6d,e03d9b6a068373f6e84d,ec5085939ecb37d12db3,fc97905b1128347e4113",15,timestamp_gap_requires_review,paired_own_window_setup_difference_not_synchronized_instrument_error,-1.2419444471389651,15,-1.323267603994327,-1.3971217555916848,-1.236092475499606,-1.6619286207042672,-1.1403865182526896,-1.2913234749153957,15,-1.371323744008579,-1.4464231947138806,-1.2854744292618514,-1.7110976563939118,-1.1898163249935534,0.05002501250626068,15,0.05002501250626068,0.05002501250626068,0.05002501250626068,0.025006251562875725,0.05002501250626068
historical/durations_without_filter/yolo/int8/int8,envelope_0.5,shelly,pico,400.0,15,15,15,"077fd230fb0196ed4192,1b9bd9974f5f643372a1,2d0d79996f9d16bdfab5,30a610c1cd05b8234d78,4012b189f9e6aae7bab3,5c29026611e08b3c64df,5f7c3ebafe6e98306e08,83beb31d3abf3a179c39,8b5a19ca9c006a85eaf4,9560a6f639e5e76758c1,aed73b6b3e0f72d5e8b8,c77f2465c12d23723d6d,e03d9b6a068373f6e84d,ec5085939ecb37d12db3,fc97905b1128347e4113",15,source_time_resolution_coarser_than_detection_bins;timestamp_gap_requires_review,paired_own_window_setup_difference_not_synchronized_instrument_error,-5.1871345880961535,15,-5.166813972310846,-5.192399764962586,-5.118779962874376,-5.234143394352553,-5.013390620930258,-5.234541020802109,15,-5.214230565324696,-5.231277880247653,-5.15436395292706,-5.281526322655406,-5.060883925619796,0.05002501250626068,15,0.05002501250626068,0.02501250625313034,0.05002501250626068,0.0,0.05002501250626068
historical/durations_without_filter/yolo/int8/int8,envelope_0.5,firmware,pico,500.0,11,11,11,"170eb021e3e8fb81c20c,18195372a27f160ce72c,41f3d17c1e3aab154c70,5ce23a7639a4d8f527cb,7f1eacce99811696c25f,90d89efa0778ff1b8f67,a46e7d6a211890849244,b885124fab0853b7b562,c7053c8106d80eb155a5,c8cc2d1bc934cebddd93,e8793f8ad77883f7b4e2",0,,paired_own_window_setup_difference_not_synchronized_instrument_error,-0.3892108925824256,11,-0.42663773057445287,-0.43995153911329243,-0.395250206937503,-0.863743405303008,-0.3871139275443469,-0.3892108925824145,11,-0.42663773057444176,-0.43995153911328133,-0.3952502069374919,-0.8637434053029858,-0.3871139275443358,-1.1102230246251565e-14,11,-1.1102230246251565e-14,-1.1102230246251565e-14,-1.1102230246251565e-14,-1.1102230246251565e-14,-1.1102230246251565e-14
historical/durations_without_filter/yolo/int8/int8,envelope_0.5,jetson,pico,500.0,11,11,11,"170eb021e3e8fb81c20c,18195372a27f160ce72c,41f3d17c1e3aab154c70,5ce23a7639a4d8f527cb,7f1eacce99811696c25f,90d89efa0778ff1b8f67,a46e7d6a211890849244,b885124fab0853b7b562,c7053c8106d80eb155a5,c8cc2d1bc934cebddd93,e8793f8ad77883f7b4e2",11,timestamp_gap_requires_review,paired_own_window_setup_difference_not_synchronized_instrument_error,-1.4302401567389933,11,-1.448810636936504,-1.605015354642969,-1.3513688690124481,-1.666937585737005,-1.1431089183503884,-1.469668060676299,11,-1.469668060676299,-1.6443733485011214,-1.390828321464832,-1.7062708107027036,-1.1826516747830529,0.04001600640255454,11,0.04001600640255454,0.04001600640255454,0.04001600640255454,0.02000800320127727,0.04001600640255454
historical/durations_without_filter/yolo/int8/int8,envelope_0.5,shelly,pico,500.0,11,11,11,"170eb021e3e8fb81c20c,18195372a27f160ce72c,41f3d17c1e3aab154c70,5ce23a7639a4d8f527cb,7f1eacce99811696c25f,90d89efa0778ff1b8f67,a46e7d6a211890849244,b885124fab0853b7b562,c7053c8106d80eb155a5,c8cc2d1bc934cebddd93,e8793f8ad77883f7b4e2",11,source_time_resolution_coarser_than_detection_bins,paired_own_window_setup_difference_not_synchronized_instrument_error,-6.559525367093045,11,-6.580646434776827,-6.643828638384768,-6.401354172340596,-6.719541112533367,-6.305101450383244,-6.5969015569462,11,-6.618014176202913,-6.681171106929412,-6.438793630671663,-6.7568532960883605,-6.342579409803106,0.04001600640255454,11,0.04001600640255454,0.04001600640255454,0.04001600640257674,0.04001600640255454,0.04001600640257674
historical/durations_without_filter/yolo/int8/int8,envelope_0.5,firmware,pico,600.0,15,15,15,"031a1c2e6f64eb21c623,16c4de2d55e7008eda71,4a1e43b47e6cf30f86ad,7a617b5272f7efea9994,7ab4dc0d19bc69f39b8c,826f327844360c83aaa3,919fd6baffe5729bc3c7,9b78d8738bd4f1194a06,9d5b33b749ac8a5b2a19,a5f94a1d189c45f3b785,a9ef8484e8ca433d2942,c1d923e59f5b09091329,d3631d97a30d510d9b23,e7c740163b812bba0a4c,f86c781052b1ee755914",0,,paired_own_window_setup_difference_not_synchronized_instrument_error,-0.25501518754862396,15,-0.26351348330951874,-0.276497585749097,-0.24538564125378137,-0.8646309716143108,-0.1745662152936922,-0.25501518754861285,15,-0.2595446312650185,-0.27097345499073056,-0.23649469997728545,-0.32442107351288163,-0.15792309528955828,0.0,15,0.0,0.0,0.0,-0.667445352911733,0.01667222407468749
historical/durations_without_filter/yolo/int8/int8,envelope_0.5,jetson,pico,600.0,15,15,15,"031a1c2e6f64eb21c623,16c4de2d55e7008eda71,4a1e43b47e6cf30f86ad,7a617b5272f7efea9994,7ab4dc0d19bc69f39b8c,826f327844360c83aaa3,919fd6baffe5729bc3c7,9b78d8738bd4f1194a06,9d5b33b749ac8a5b2a19,a5f94a1d189c45f3b785,a9ef8484e8ca433d2942,c1d923e59f5b09091329,d3631d97a30d510d9b23,e7c740163b812bba0a4c,f86c781052b1ee755914",15,timestamp_gap_requires_review,paired_own_window_setup_difference_not_synchronized_instrument_error,-1.4433410323474116,15,-1.2332860077440055,-1.5670204024505863,-1.1426172647635346,-1.7317605665946978,-1.013358335787895,-1.4761932520033216,15,-1.2662082457414514,-1.5998313956497923,-1.1673384977104906,-1.7581378799719216,-1.0463538830093322,0.03334444814941939,15,0.03334444814941939,0.03334444814941939,0.03334444814941939,0.016669444907502218,0.03334444814941939
historical/durations_without_filter/yolo/int8/int8,envelope_0.5,shelly,pico,600.0,15,15,15,"031a1c2e6f64eb21c623,16c4de2d55e7008eda71,4a1e43b47e6cf30f86ad,7a617b5272f7efea9994,7ab4dc0d19bc69f39b8c,826f327844360c83aaa3,919fd6baffe5729bc3c7,9b78d8738bd4f1194a06,9d5b33b749ac8a5b2a19,a5f94a1d189c45f3b785,a9ef8484e8ca433d2942,c1d923e59f5b09091329,d3631d97a30d510d9b23,e7c740163b812bba0a4c,f86c781052b1ee755914",15,source_time_resolution_coarser_than_detection_bins,paired_own_window_setup_difference_not_synchronized_instrument_error,-5.0658175793338645,15,-5.0343915215626645,-5.0651655672952876,-4.9895374854843855,-5.1094265245716475,-4.881716645580337,-5.0974623068074205,15,-5.066046724388817,-5.090185827668192,-5.006369825894846,-5.14105671573013,-4.865842432737488,0.03334444814939719,15,0.03334444814939719,0.01667222407468749,0.03334444814939719,-0.016686133822774174,0.03334444814939719
historical/hailo_durations/gemm,reported_legacy,firmware,pico,5.0,15,15,15,"4380423b870b9362f6f9,4bd0bc348a5c4744d024,50cb541985e31509e3c1,54814f00414d3df7e272,5f640912f5ea1ddee656,63882b2d20d29dc24142,9140b116c46f7f50bcec,91c8ea5757f2edb73a70,92d6714a052ea2117ea6,95b090fde56ae5c62df6,a46712529255c55e266f,aa9283a62e607f8c78f9,b8cd5db9f662fb9ecc82,d1c138d4e051a45bc66b,d9b09460156237cdb701",15,different_pre_post_baselines;envelope_energy_sensitive_gt1pct,paired_own_window_setup_difference_not_synchronized_instrument_error,0.32179207080622607,15,0.449521552249732,0.24889471701872168,0.5376041830591594,-0.008766575071839089,0.9482131353191869,0.32179207080622607,15,0.449521552249732,0.24889471701872168,0.5376041830591594,-0.008766575071850191,0.9482131353191869,0.0,15,0.0,0.0,0.0,0.0,0.0
historical/hailo_durations/gemm,reported_legacy,shelly,pico,5.0,15,15,15,"4380423b870b9362f6f9,4bd0bc348a5c4744d024,50cb541985e31509e3c1,54814f00414d3df7e272,5f640912f5ea1ddee656,63882b2d20d29dc24142,9140b116c46f7f50bcec,91c8ea5757f2edb73a70,92d6714a052ea2117ea6,95b090fde56ae5c62df6,a46712529255c55e266f,aa9283a62e607f8c78f9,b8cd5db9f662fb9ecc82,d1c138d4e051a45bc66b,d9b09460156237cdb701",15,different_pre_post_baselines;envelope_energy_sensitive_gt1pct;source_time_resolution_coarser_than_detection_bins,paired_own_window_setup_difference_not_synchronized_instrument_error,33.04885039867473,15,33.58464295929262,33.15431559412842,33.90800562496507,30.805307066714093,34.99841993023001,32.75480930065908,15,33.494214443144955,33.265367625482554,33.923930820829554,30.87747664669356,35.00906635946293,-0.017857142857147235,15,-0.017857142857147235,-0.08312857142857011,0.12189999999999701,-0.2550142857142723,0.2735571428571282
historical/hailo_durations/gemm,reported_legacy,hailo_rt,pico,5.0,15,15,15,"4380423b870b9362f6f9,4bd0bc348a5c4744d024,50cb541985e31509e3c1,54814f00414d3df7e272,5f640912f5ea1ddee656,63882b2d20d29dc24142,9140b116c46f7f50bcec,91c8ea5757f2edb73a70,92d6714a052ea2117ea6,95b090fde56ae5c62df6,a46712529255c55e266f,aa9283a62e607f8c78f9,b8cd5db9f662fb9ecc82,d1c138d4e051a45bc66b,d9b09460156237cdb701",15,different_pre_post_baselines;envelope_energy_sensitive_gt1pct;source_time_resolution_coarser_than_detection_bins,paired_own_window_setup_difference_not_synchronized_instrument_error,-1.1295917823041068,15,-1.0635392204608296,-1.2406612829964192,-0.23533628230682502,-6.987118128099046,7.847801750316097,-1.290741697144815,15,-1.227473393905043,-1.3993102695477544,-0.40255581726475476,-2.123518598373919,3.182112934583614,0.16325714285714277,15,0.16325714285714277,0.16039285714286589,0.16856428571430104,-9.855614285714264,10.187657142857143
historical/hailo_durations/gemm,reported_legacy,firmware,pico,10.0,15,15,15,"06a01fdf76dbc6f0e045,0d54458f3494bb3d3250,1442fdb08e0a3a3a1e01,181866fa20ecee3a43bf,4d7de8d2c4be2f929d05,7165f770fa67b26126cb,76c5c9d0fba00e5f86a9,76f8a8c3d97eb855bf44,80e34fe745bb7f75724c,a5a4fd9adadd411a1e7c,c85cfc5b05894031f1e4,c9569129e81ff6c88d3c,f90c415dccd44aff3db2,fa7fe3ab01d64186d31d,fba5740298674bdf059a",0,,paired_own_window_setup_difference_not_synchronized_instrument_error,0.3018784197762914,15,0.3390409519072435,0.20303571793088837,0.4432423593951351,0.13896313193302312,0.8745324553686373,0.3018784197762914,15,0.3390409519072435,0.20303571793088837,0.4432423593951351,0.13896313193302312,0.8745324553686151,0.0,15,0.0,0.0,0.0,0.0,0.0
historical/hailo_durations/gemm,reported_legacy,shelly,pico,10.0,15,15,15,"06a01fdf76dbc6f0e045,0d54458f3494bb3d3250,1442fdb08e0a3a3a1e01,181866fa20ecee3a43bf,4d7de8d2c4be2f929d05,7165f770fa67b26126cb,76c5c9d0fba00e5f86a9,76f8a8c3d97eb855bf44,80e34fe745bb7f75724c,a5a4fd9adadd411a1e7c,c85cfc5b05894031f1e4,c9569129e81ff6c88d3c,f90c415dccd44aff3db2,fa7fe3ab01d64186d31d,fba5740298674bdf059a",15,envelope_energy_sensitive_gt1pct;source_time_resolution_coarser_than_detection_bins,paired_own_window_setup_difference_not_synchronized_instrument_error,31.47832500984307,15,31.41388499239146,30.881749969827734,31.853083374640704,29.997192779502125,33.18780261412062,31.444543762096245,15,31.219687273065745,30.87761734999478,31.954609901623456,29.970516331025166,33.13455988471339,0.039991666666661096,15,0.039991666666661096,-0.007908333333345174,0.08992500000000181,-0.14002499999999918,0.28639999999999777
historical/hailo_durations/gemm,reported_legacy,hailo_rt,pico,10.0,15,15,15,"06a01fdf76dbc6f0e045,0d54458f3494bb3d3250,1442fdb08e0a3a3a1e01,181866fa20ecee3a43bf,4d7de8d2c4be2f929d05,7165f770fa67b26126cb,76c5c9d0fba00e5f86a9,76f8a8c3d97eb855bf44,80e34fe745bb7f75724c,a5a4fd9adadd411a1e7c,c85cfc5b05894031f1e4,c9569129e81ff6c88d3c,f90c415dccd44aff3db2,fa7fe3ab01d64186d31d,fba5740298674bdf059a",15,envelope_energy_sensitive_gt1pct;source_time_resolution_coarser_than_detection_bins,paired_own_window_setup_difference_not_synchronized_instrument_error,-1.565003448846447,15,-1.6950071317935023,-1.9458431682860267,-1.0584632303769714,-2.901704134779992,2.471069195442377,-1.072393209833833,15,-1.191235105472388,-1.3838070109313927,-0.7680091802991895,-2.5626267067005437,0.0008924344412353236,-0.6707166666666597,15,-0.6707166666666597,-0.6758708333333252,-0.6690708333333351,-0.7544833333333223,5.166083333333327
historical/hailo_durations/gemm,reported_legacy,firmware,pico,20.0,15,15,15,"1b94985c7680ba239583,2ce66455c4207450028f,3b47baff260753fd172f,5b6903dba1f80aa7ce64,8f675f993f66f1e6cdb1,9454403b43c317648de5,a6da367a3cc03f6e4387,a89123e9bc8ba76d5209,ab7f9ebfc723007d4ea6,c30d45a53d5dad03e5a4,d35b4225011209823c7b,d4c9e66cde7126ed9f27,df83c4d32cb1a2337ee8,ec96d01a39f128442c7f,f870d83c637a8b19495a",0,,paired_own_window_setup_difference_not_synchronized_instrument_error,0.34466467912430687,15,0.31141200001756353,0.2605126454530593,0.45266203783187464,0.20508720801319935,0.5859891021213537,0.34466467912430687,15,0.31141200001756353,0.2605126454530593,0.45266203783187464,0.20508720801317715,0.5859891021213537,0.0,15,0.0,0.0,0.0,0.0,0.0
historical/hailo_durations/gemm,reported_legacy,shelly,pico,20.0,15,15,15,"1b94985c7680ba239583,2ce66455c4207450028f,3b47baff260753fd172f,5b6903dba1f80aa7ce64,8f675f993f66f1e6cdb1,9454403b43c317648de5,a6da367a3cc03f6e4387,a89123e9bc8ba76d5209,ab7f9ebfc723007d4ea6,c30d45a53d5dad03e5a4,d35b4225011209823c7b,d4c9e66cde7126ed9f27,df83c4d32cb1a2337ee8,ec96d01a39f128442c7f,f870d83c637a8b19495a",15,envelope_energy_sensitive_gt1pct;source_time_resolution_coarser_than_detection_bins,paired_own_window_setup_difference_not_synchronized_instrument_error,28.69430876562302,15,28.489612265104935,27.83639281598608,29.14206940512789,25.389295879156904,30.267160471419928,28.66012610939077,15,28.628555438909164,27.779943239168716,29.09469463237554,25.444017981000712,30.3073365925157,0.016913636363646845,15,0.016913636363646845,-0.02853636363635559,0.03669999999998952,-0.24869090909089842,0.10298636363634817
historical/hailo_durations/gemm,reported_legacy,hailo_rt,pico,20.0,15,15,15,"1b94985c7680ba239583,2ce66455c4207450028f,3b47baff260753fd172f,5b6903dba1f80aa7ce64,8f675f993f66f1e6cdb1,9454403b43c317648de5,a6da367a3cc03f6e4387,a89123e9bc8ba76d5209,ab7f9ebfc723007d4ea6,c30d45a53d5dad03e5a4,d35b4225011209823c7b,d4c9e66cde7126ed9f27,df83c4d32cb1a2337ee8,ec96d01a39f128442c7f,f870d83c637a8b19495a",15,envelope_energy_sensitive_gt1pct;source_time_resolution_coarser_than_detection_bins,paired_own_window_setup_difference_not_synchronized_instrument_error,-2.283969695275667,15,-2.249844503146037,-2.5412547485258505,-2.127736893709403,-4.777715772732405,-1.4125289575715128,-0.9515134407470538,15,-1.0380637288169736,-1.1358679055408993,-0.6187134984020848,-1.6136293994532869,0.4047944789356883,-1.2056499999999915,15,-1.2056499999999915,-1.2072340909090873,-1.203027272727275,-4.396613636363645,-1.201459090909085
historical/hailo_durations/gemm,reported_legacy,firmware,pico,50.0,15,15,15,"0db74514c10685a81875,15115d26eb9c8469dade,24c51ce57a4fcef34a7b,2e8db82d7bb8f350ee58,56aeb01d76cf3c35f3cb,5b66d6dc91fce123ab85,661b335ed108f52b6673,6811f6c82b803677ec5d,6c16d5ea8538b4a09076,88e979093114fd363e71,a2427c85be51a5a02d54,c32bb5e1def3d0b8ce52,dd68f627f1a8a86c2f9d,f183cb67d4ca821c039d,ffee4113f6392c9094c1",0,,paired_own_window_setup_difference_not_synchronized_instrument_error,0.42502930984975595,15,0.415819583903132,0.3959887433687026,0.4426945899356549,0.3530353178981205,0.5096970245014099,0.42502930984975595,15,0.415819583903132,0.3959887433687137,0.4426945899356549,0.3530353178981205,0.5096970245014099,0.0,15,0.0,0.0,0.0,0.0,0.0
historical/hailo_durations/gemm,reported_legacy,shelly,pico,50.0,15,15,15,"0db74514c10685a81875,15115d26eb9c8469dade,24c51ce57a4fcef34a7b,2e8db82d7bb8f350ee58,56aeb01d76cf3c35f3cb,5b66d6dc91fce123ab85,661b335ed108f52b6673,6811f6c82b803677ec5d,6c16d5ea8538b4a09076,88e979093114fd363e71,a2427c85be51a5a02d54,c32bb5e1def3d0b8ce52,dd68f627f1a8a86c2f9d,f183cb67d4ca821c039d,ffee4113f6392c9094c1",15,envelope_energy_sensitive_gt1pct;source_time_resolution_coarser_than_detection_bins,paired_own_window_setup_difference_not_synchronized_instrument_error,27.43701307153166,15,27.508116728503374,27.313191175165898,27.71371544974538,26.670648452660718,28.35030900249864,27.423545382965784,15,27.490795986404294,27.31109440227238,27.690008940400922,26.680617242771444,28.31182340362073,0.009850000000000136,15,0.009850000000000136,-0.0013961538461559897,0.016901923076928504,-0.00786923076923074,0.2304769230769388
historical/hailo_durations/gemm,reported_legacy,hailo_rt,pico,50.0,15,15,15,"0db74514c10685a81875,15115d26eb9c8469dade,24c51ce57a4fcef34a7b,2e8db82d7bb8f350ee58,56aeb01d76cf3c35f3cb,5b66d6dc91fce123ab85,661b335ed108f52b6673,6811f6c82b803677ec5d,6c16d5ea8538b4a09076,88e979093114fd363e71,a2427c85be51a5a02d54,c32bb5e1def3d0b8ce52,dd68f627f1a8a86c2f9d,f183cb67d4ca821c039d,ffee4113f6392c9094c1",15,envelope_energy_sensitive_gt1pct;source_time_resolution_coarser_than_detection_bins,paired_own_window_setup_difference_not_synchronized_instrument_error,-2.0061918029872894,15,-1.886743803711366,-2.010260232545308,-1.863842341280908,-2.4437548409310783,-0.09676731696169893,-1.8092736888189354,15,-1.6686429628152477,-1.8482899735993263,-1.6450270054123417,-2.993856259888883,-0.909176786228183,-0.22193076923076038,15,-0.22193076923076038,-0.2225038461538542,-0.22115480769230866,-0.2240903846153941,1.1291673076923026
historical/hailo_durations/gemm,reported_legacy,firmware,pico,100.0,15,15,15,"0cad97be0ec9455bbc20,18330bb1206680f7ce7b,249313df5868b43605fd,40e894f18c5e83c8965f,418f5c312b5fa046126d,53f88efcfebe9edda0ce,5a21fe10c145a16a7b8a,829077619a4f1488b0b8,8808e2c8c6aecf10e6a7,a15b6eb2c492ec3b4830,c37e46831051a519b876,c38c4739b22cf554fc4c,c6983921762e3c391bf2,d0d2cf79772d4ba6c6e5,da086da973e5f0515f1a",0,,paired_own_window_setup_difference_not_synchronized_instrument_error,0.44106443186004984,15,0.39063186808969697,0.37671728850556807,0.4271681238055658,0.34571467297219716,0.44106443186004984,0.44106443186004984,15,0.39063186808969697,0.37671728850556807,0.4271681238055658,0.34571467297219716,0.44106443186004984,0.0,15,0.0,0.0,0.0,0.0,0.0
historical/hailo_durations/gemm,reported_legacy,shelly,pico,100.0,15,15,15,"0cad97be0ec9455bbc20,18330bb1206680f7ce7b,249313df5868b43605fd,40e894f18c5e83c8965f,418f5c312b5fa046126d,53f88efcfebe9edda0ce,5a21fe10c145a16a7b8a,829077619a4f1488b0b8,8808e2c8c6aecf10e6a7,a15b6eb2c492ec3b4830,c37e46831051a519b876,c38c4739b22cf554fc4c,c6983921762e3c391bf2,d0d2cf79772d4ba6c6e5,da086da973e5f0515f1a",15,source_time_resolution_coarser_than_detection_bins,paired_own_window_setup_difference_not_synchronized_instrument_error,27.005380313497373,15,27.216067342145944,26.77574139176884,27.44553250976406,26.580444279486535,27.970126163846952,26.992601371727964,15,27.19363593404975,26.77633432140768,27.45288152870946,26.59672064609979,27.974176170128075,-0.003164705882341412,15,-0.003164705882341412,-0.009857352941178288,-0.00026715686275435857,-0.014099999999994672,0.023773529411785788
historical/hailo_durations/gemm,reported_legacy,hailo_rt,pico,100.0,15,15,15,"0cad97be0ec9455bbc20,18330bb1206680f7ce7b,249313df5868b43605fd,40e894f18c5e83c8965f,418f5c312b5fa046126d,53f88efcfebe9edda0ce,5a21fe10c145a16a7b8a,829077619a4f1488b0b8,8808e2c8c6aecf10e6a7,a15b6eb2c492ec3b4830,c37e46831051a519b876,c38c4739b22cf554fc4c,c6983921762e3c391bf2,d0d2cf79772d4ba6c6e5,da086da973e5f0515f1a",15,source_time_resolution_coarser_than_detection_bins,paired_own_window_setup_difference_not_synchronized_instrument_error,-2.099840919966045,15,-2.099840919966045,-2.130015488693282,-1.9313947203574544,-2.226305353251945,-1.3017379046638689,-1.7621086807763864,15,-1.7661367617562984,-1.8098458090716252,-1.697052363139745,-1.906236944845685,-1.060707790379245,-0.3262607843137255,15,-0.3262607843137255,-0.32720147058823423,-0.3247504901960796,-0.34379019607841954,0.36451470588236834
historical/hailo_durations/gemm,reported_legacy,firmware,pico,200.0,15,15,15,"1c829a11841e011f1f1b,1c84d6c23ac0ba7be5c5,313f244be05a7189c96b,55996224e9075ac29a16,63e088aa0a1146135c97,740372299df82225e935,75990b69f8576970e4bc,9730ee4ba3c1da453582,d008b89524b203b9e541,d6ccbfeb8640f1e90175,d7366dac89798c7a1573,f59c26513220e49a2c02,f962d6cbd1774edb5253,fcb3295c49fe3667d449,fe4efa4b882136f57998",0,,paired_own_window_setup_difference_not_synchronized_instrument_error,0.39435562721854556,15,0.39522520287602614,0.3777035824015451,0.40998602649857663,0.3667125405358185,0.4204835732338541,0.39435562721852335,15,0.39522520287602614,0.3777035824015451,0.40998602649857663,0.3667125405358185,0.4204835732338541,0.0,15,0.0,0.0,0.0,0.0,0.0
historical/hailo_durations/gemm,reported_legacy,shelly,pico,200.0,15,15,15,"1c829a11841e011f1f1b,1c84d6c23ac0ba7be5c5,313f244be05a7189c96b,55996224e9075ac29a16,63e088aa0a1146135c97,740372299df82225e935,75990b69f8576970e4bc,9730ee4ba3c1da453582,d008b89524b203b9e541,d6ccbfeb8640f1e90175,d7366dac89798c7a1573,f59c26513220e49a2c02,f962d6cbd1774edb5253,fcb3295c49fe3667d449,fe4efa4b882136f57998",15,source_time_resolution_coarser_than_detection_bins,paired_own_window_setup_difference_not_synchronized_instrument_error,26.381952214873472,15,26.375780850974053,26.31780860852535,26.508961310634206,25.96463287273525,27.20691845199772,26.390435912051657,15,26.372654691788423,26.32608451740137,26.507063558893673,25.959447334299448,27.206879408302065,3.069306930836291e-05,15,3.069306930836291e-05,-0.004158168316836797,0.003295297029703992,-0.010342574257427017,0.010835148514853898
historical/hailo_durations/gemm,reported_legacy,hailo_rt,pico,200.0,15,15,15,"1c829a11841e011f1f1b,1c84d6c23ac0ba7be5c5,313f244be05a7189c96b,55996224e9075ac29a16,63e088aa0a1146135c97,740372299df82225e935,75990b69f8576970e4bc,9730ee4ba3c1da453582,d008b89524b203b9e541,d6ccbfeb8640f1e90175,d7366dac89798c7a1573,f59c26513220e49a2c02,f962d6cbd1774edb5253,fcb3295c49fe3667d449,fe4efa4b882136f57998",15,source_time_resolution_coarser_than_detection_bins,paired_own_window_setup_difference_not_synchronized_instrument_error,-2.0268571478579522,15,-2.0264078148027886,-2.047737036807218,-1.9876421769081998,-2.180901045776784,-1.814917577371311,-1.9939266220243557,15,-1.9916463866115452,-2.0142511439081137,-1.9547603751161768,-2.1481536174641325,-1.7841463559377768,-0.0335717821782211,15,-0.0335717821782211,-0.034099009900995236,-0.03341608910891192,-0.03546782178217578,-0.03133019801980774
historical/hailo_durations/gemm,reported_legacy,firmware,pico,300.0,15,15,15,"0e1c716e7cf5f79e5eec,135095910b38477978fb,30fb4e4c00a64977fa54,6607209e13d83d323b9e,6ad53e77222f19853f22,79bf46a10c82cd4cb04d,967c552ec320b0ee61ba,99e9837bae8b6ac525a8,a56c991fbfc4d0e2a4f7,c25b6115665fa3ae596f,e3e37390f43df3959b24,e44f7e2d4950b2ee848a,e8056afe592f662cd6fb,f0b560a3d8f525eee896,f950893d31d70085641c",0,,paired_own_window_setup_difference_not_synchronized_instrument_error,0.4043029662995856,15,0.39629663908453683,0.3883421485041616,0.40961393607188423,0.36878740610712946,0.4480745549999776,0.4043029662995856,15,0.39629663908453683,0.3883421485041505,0.40961393607188423,0.36878740610712946,0.4480745549999776,0.0,15,0.0,0.0,0.0,0.0,0.0
historical/hailo_durations/gemm,reported_legacy,shelly,pico,300.0,15,15,15,"0e1c716e7cf5f79e5eec,135095910b38477978fb,30fb4e4c00a64977fa54,6607209e13d83d323b9e,6ad53e77222f19853f22,79bf46a10c82cd4cb04d,967c552ec320b0ee61ba,99e9837bae8b6ac525a8,a56c991fbfc4d0e2a4f7,c25b6115665fa3ae596f,e3e37390f43df3959b24,e44f7e2d4950b2ee848a,e8056afe592f662cd6fb,f0b560a3d8f525eee896,f950893d31d70085641c",15,source_time_resolution_coarser_than_detection_bins,paired_own_window_setup_difference_not_synchronized_instrument_error,26.12027424265917,15,26.273486275346713,26.032247041639167,26.362649481099687,25.922530380903176,26.844883401136,26.11637465753813,15,26.266762779279663,26.03179480998785,26.35856961349917,25.921834058178405,26.84427354058907,0.0005529801324399841,15,0.0005529801324399841,-0.0020990066225190507,0.003119205298018901,-0.005193708609274594,0.005324834437070436
historical/hailo_durations/gemm,reported_legacy,hailo_rt,pico,300.0,15,15,15,"0e1c716e7cf5f79e5eec,135095910b38477978fb,30fb4e4c00a64977fa54,6607209e13d83d323b9e,6ad53e77222f19853f22,79bf46a10c82cd4cb04d,967c552ec320b0ee61ba,99e9837bae8b6ac525a8,a56c991fbfc4d0e2a4f7,c25b6115665fa3ae596f,e3e37390f43df3959b24,e44f7e2d4950b2ee848a,e8056afe592f662cd6fb,f0b560a3d8f525eee896,f950893d31d70085641c",15,source_time_resolution_coarser_than_detection_bins,paired_own_window_setup_difference_not_synchronized_instrument_error,-2.046976239021092,15,-1.9764796763263925,-2.053405086540466,-1.9590474930668178,-2.134011494504051,-1.3836916409644462,-2.004095240094983,15,-2.0142845705789614,-2.039977651761582,-1.9460064066489036,-2.0772939978347726,-1.4494956401520986,0.06491357615894255,15,0.06491357615894255,-0.16666738410595627,0.06532168874171518,-0.1699119205298083,0.06677185430463695
historical/hailo_durations/gemm,reported_legacy,firmware,pico,400.0,15,15,15,"02664d3066d7aa560682,1d484896427a0cd186c1,4c95cf0d5107e4a1689e,54245f1622b156e63922,72a12dd184e9518f9518,7370451b26689c9779ee,787776e15509c9d35175,9e50d4e363a400a81cf0,a4b1736239b5897aaa67,b2d796e3da2b333d3fea,b793b5f4e2adbb8b0cc3,bc8fd89a0e6bae188c91,c3edc0aec9367e6a7d27,c4286a75c57662f14fe0,d59a6e755f56b5e4915b",0,,paired_own_window_setup_difference_not_synchronized_instrument_error,0.40490582021346366,15,0.40202424306969853,0.38370667731451036,0.4112925912507004,0.3726732297388402,0.42586311340220284,0.40490582021346366,15,0.40202424306969853,0.38370667731451036,0.4112925912507004,0.3726732297388402,0.42586311340218064,0.0,15,0.0,0.0,0.0,0.0,0.0
historical/hailo_durations/gemm,reported_legacy,shelly,pico,400.0,15,15,15,"02664d3066d7aa560682,1d484896427a0cd186c1,4c95cf0d5107e4a1689e,54245f1622b156e63922,72a12dd184e9518f9518,7370451b26689c9779ee,787776e15509c9d35175,9e50d4e363a400a81cf0,a4b1736239b5897aaa67,b2d796e3da2b333d3fea,b793b5f4e2adbb8b0cc3,bc8fd89a0e6bae188c91,c3edc0aec9367e6a7d27,c4286a75c57662f14fe0,d59a6e755f56b5e4915b",15,source_time_resolution_coarser_than_detection_bins,paired_own_window_setup_difference_not_synchronized_instrument_error,26.405360137295595,15,26.56995420385644,26.42071413294145,27.005515632429102,26.331838175813637,27.596648746545995,26.406690994495776,15,26.570395625982513,26.423576047332432,27.004189654991706,26.27148731525686,27.59730196855459,-0.00044676616915984013,15,-0.00044676616915984013,-0.001973009950251292,0.0004929104477469082,-0.03127139303482629,0.047794527363187456
historical/hailo_durations/gemm,reported_legacy,hailo_rt,pico,400.0,15,15,15,"02664d3066d7aa560682,1d484896427a0cd186c1,4c95cf0d5107e4a1689e,54245f1622b156e63922,72a12dd184e9518f9518,7370451b26689c9779ee,787776e15509c9d35175,9e50d4e363a400a81cf0,a4b1736239b5897aaa67,b2d796e3da2b333d3fea,b793b5f4e2adbb8b0cc3,bc8fd89a0e6bae188c91,c3edc0aec9367e6a7d27,c4286a75c57662f14fe0,d59a6e755f56b5e4915b",15,source_time_resolution_coarser_than_detection_bins;timestamp_gap_requires_review,paired_own_window_setup_difference_not_synchronized_instrument_error,-2.0826679238789003,15,-2.0791847278925246,-2.1111367122184532,-1.9101223738203277,-2.189845187282502,-1.6810303378985925,-2.0349613386739462,15,-2.0349613386739462,-2.068095333842823,-1.8694844634681351,-2.1928339784940243,-1.626017747216213,-0.058295522388052134,15,-0.058295522388052134,-0.0586004975124399,-0.055960945273630935,-0.0600808457711377,0.11679577114429573
historical/hailo_durations/gemm,reported_legacy,firmware,pico,500.0,15,15,15,"10cfdc9a3cca55386791,1510d565aae9c1e403d0,28258d41464c3a647e5f,4de128800acfbd5f6993,4eeb2b99a7642ba580ee,5e5ba0d66a80ff096dd7,6b93f4a19c77ea0c06c1,6ee3febfe45989e5ef43,854ac35ffdd93a93e11d,8ed3382a8f9d8ae18202,98ea182fd4bd58b21021,da3c50cbb6a3941cc997,eaff8f65e3e67fa2df8d,ef4d54af9de1f9df0e18,f873e48ed904168e9fad",0,,paired_own_window_setup_difference_not_synchronized_instrument_error,0.4029072039676729,15,0.40784068963515274,0.3972135365370444,0.4119960270875467,0.3869926308461835,0.4209833111311845,0.4029072039676951,15,0.40784068963515274,0.3972135365370444,0.4119960270875356,0.3869926308462057,0.4209833111311845,0.0,15,0.0,0.0,0.0,0.0,0.0
historical/hailo_durations/gemm,reported_legacy,shelly,pico,500.0,15,15,15,"10cfdc9a3cca55386791,1510d565aae9c1e403d0,28258d41464c3a647e5f,4de128800acfbd5f6993,4eeb2b99a7642ba580ee,5e5ba0d66a80ff096dd7,6b93f4a19c77ea0c06c1,6ee3febfe45989e5ef43,854ac35ffdd93a93e11d,8ed3382a8f9d8ae18202,98ea182fd4bd58b21021,da3c50cbb6a3941cc997,eaff8f65e3e67fa2df8d,ef4d54af9de1f9df0e18,f873e48ed904168e9fad",15,source_time_resolution_coarser_than_detection_bins,paired_own_window_setup_difference_not_synchronized_instrument_error,26.071775554771428,15,26.171697867715782,26.06477237506918,26.21820921682292,25.99470553242018,26.83723561307554,26.070741624007976,15,26.170663117476643,26.067077618615897,26.217847486049507,25.994066024690632,26.834995282591123,-0.0008169322709306037,15,-0.0008169322709306037,-0.0017667330677262338,0.0009436254980066394,-0.005226494023902184,0.0023484063744971806
historical/hailo_durations/gemm,reported_legacy,hailo_rt,pico,500.0,15,15,15,"10cfdc9a3cca55386791,1510d565aae9c1e403d0,28258d41464c3a647e5f,4de128800acfbd5f6993,4eeb2b99a7642ba580ee,5e5ba0d66a80ff096dd7,6b93f4a19c77ea0c06c1,6ee3febfe45989e5ef43,854ac35ffdd93a93e11d,8ed3382a8f9d8ae18202,98ea182fd4bd58b21021,da3c50cbb6a3941cc997,eaff8f65e3e67fa2df8d,ef4d54af9de1f9df0e18,f873e48ed904168e9fad",15,source_time_resolution_coarser_than_detection_bins,paired_own_window_setup_difference_not_synchronized_instrument_error,-2.076883479770686,15,-2.0409834113182312,-2.0643153891175823,-2.0322637762212157,-2.1448394676303106,-1.68109163039043,-2.0693562849494085,15,-2.045588862066894,-2.0646380741128842,-2.0227363119872885,-2.1036365904496646,-1.688598352176407,0.005264940239024796,15,0.005264940239024796,0.004843127490028465,0.0055392430278966565,-0.13457470119522252,0.007635657370519411
historical/hailo_durations/gemm,reported_legacy,firmware,pico,600.0,15,15,15,"0bb47cdd6369720ece5e,2acc6daff1a3e5d45572,35f76a87efef453d30c4,470cdd994b5abbaf8043,5148f456c2a50337f19f,5c96084ad9214806fad0,77a2983fb707a9171296,7adbe721aba14b7e081c,c2e800d215d510b3232b,c6b01ebee2683210db16,c7f98febafe52fc5b4a0,e2228bb27eaadf1a60b9,e6c8989ba4f90e686df4,e864bf6f5b71ab243363,f7580eee3fe2014d4db8",0,,paired_own_window_setup_difference_not_synchronized_instrument_error,0.36651771210158834,15,0.36651771210158834,0.36124386852898205,0.39064689758366855,0.340117560275055,0.40534749459517627,0.36651771210158834,15,0.36651771210158834,0.36124386852898205,0.39064689758366855,0.340117560275055,0.40534749459517627,0.0,15,0.0,0.0,0.0,0.0,0.0
historical/hailo_durations/gemm,reported_legacy,shelly,pico,600.0,15,15,15,"0bb47cdd6369720ece5e,2acc6daff1a3e5d45572,35f76a87efef453d30c4,470cdd994b5abbaf8043,5148f456c2a50337f19f,5c96084ad9214806fad0,77a2983fb707a9171296,7adbe721aba14b7e081c,c2e800d215d510b3232b,c6b01ebee2683210db16,c7f98febafe52fc5b4a0,e2228bb27eaadf1a60b9,e6c8989ba4f90e686df4,e864bf6f5b71ab243363,f7580eee3fe2014d4db8",15,source_time_resolution_coarser_than_detection_bins,paired_own_window_setup_difference_not_synchronized_instrument_error,26.213143889876523,15,26.382823096096033,26.250676219550208,26.52490438666574,25.78719433603669,27.441767004864246,26.215179476550166,15,26.38470312104031,26.2609618894035,26.525222170944673,25.778468820397336,27.440532398244734,-0.00025116279068759795,15,-0.00025116279068759795,-0.002361461794014863,0.0007070598006642115,-0.01743222591361615,0.006937209302337877
historical/hailo_durations/gemm,reported_legacy,hailo_rt,pico,600.0,15,15,15,"0bb47cdd6369720ece5e,2acc6daff1a3e5d45572,35f76a87efef453d30c4,470cdd994b5abbaf8043,5148f456c2a50337f19f,5c96084ad9214806fad0,77a2983fb707a9171296,7adbe721aba14b7e081c,c2e800d215d510b3232b,c6b01ebee2683210db16,c7f98febafe52fc5b4a0,e2228bb27eaadf1a60b9,e6c8989ba4f90e686df4,e864bf6f5b71ab243363,f7580eee3fe2014d4db8",15,source_time_resolution_coarser_than_detection_bins,paired_own_window_setup_difference_not_synchronized_instrument_error,-2.0137604463883685,15,-2.0685683181242642,-2.089989361258915,-1.9805262616014785,-2.1589581148989567,-1.37587046927653,-2.0611932517064613,15,-2.1079495600557996,-2.1366610672937103,-1.9667954249816433,-2.2081201397115113,-1.425576213108859,0.049781561461781365,15,0.049781561461781365,0.04905182724252999,0.05060365448503745,-0.18416096345514887,0.05295813953487549
historical/hailo_durations/gemm,envelope_0.5,firmware,pico,5.0,15,15,15,"4380423b870b9362f6f9,4bd0bc348a5c4744d024,50cb541985e31509e3c1,54814f00414d3df7e272,5f640912f5ea1ddee656,63882b2d20d29dc24142,9140b116c46f7f50bcec,91c8ea5757f2edb73a70,92d6714a052ea2117ea6,95b090fde56ae5c62df6,a46712529255c55e266f,aa9283a62e607f8c78f9,b8cd5db9f662fb9ecc82,d1c138d4e051a45bc66b,d9b09460156237cdb701",15,different_pre_post_baselines;envelope_energy_sensitive_gt1pct,paired_own_window_setup_difference_not_synchronized_instrument_error,1.6139311604086881,15,1.6905541481597286,0.43106352859021424,1.9393961349465139,-1.348146613329959,2.3910582226578603,0.3403981314228588,15,0.13429390092480897,-0.14335871931315802,0.46629459840258347,-0.4896411002224599,1.0038965595395855,2.000000000000024,15,2.000000000000024,0.0,2.000000000000024,-1.9607843137255054,2.000000000000024
historical/hailo_durations/gemm,envelope_0.5,shelly,pico,5.0,15,15,15,"4380423b870b9362f6f9,4bd0bc348a5c4744d024,50cb541985e31509e3c1,54814f00414d3df7e272,5f640912f5ea1ddee656,63882b2d20d29dc24142,9140b116c46f7f50bcec,91c8ea5757f2edb73a70,92d6714a052ea2117ea6,95b090fde56ae5c62df6,a46712529255c55e266f,aa9283a62e607f8c78f9,b8cd5db9f662fb9ecc82,d1c138d4e051a45bc66b,d9b09460156237cdb701",15,different_pre_post_baselines;envelope_energy_sensitive_gt1pct;source_time_resolution_coarser_than_detection_bins,paired_own_window_setup_difference_not_synchronized_instrument_error,31.628980601937084,15,30.249333217785978,29.041296931075422,32.54303432790784,25.48773243591993,36.600323435667526,23.314863341727055,15,23.412634666181866,23.136247495393157,24.672783318558633,21.964574496131696,25.64619281860081,6.0000000000000275,15,6.000000000000005,3.9215686274509887,8.000000000000028,2.220446049250313e-14,12.000000000000032
historical/hailo_durations/gemm,envelope_0.5,hailo_rt,pico,5.0,15,15,15,"4380423b870b9362f6f9,4bd0bc348a5c4744d024,50cb541985e31509e3c1,54814f00414d3df7e272,5f640912f5ea1ddee656,63882b2d20d29dc24142,9140b116c46f7f50bcec,91c8ea5757f2edb73a70,92d6714a052ea2117ea6,95b090fde56ae5c62df6,a46712529255c55e266f,aa9283a62e607f8c78f9,b8cd5db9f662fb9ecc82,d1c138d4e051a45bc66b,d9b09460156237cdb701",15,different_pre_post_baselines;envelope_energy_sensitive_gt1pct;source_time_resolution_coarser_than_detection_bins,paired_own_window_setup_difference_not_synchronized_instrument_error,-3.829526141146433,15,-3.8735639539631883,-4.339751773774014,-3.1403892957149515,-4.943753024795394,3.4736008763444515,-3.5815424201697255,15,-3.784164939979462,-3.9722528935588084,-2.8154505601255932,-7.418357110639173,-2.0436490031263133,2.220446049250313e-14,15,2.220446049250313e-14,-0.9803921568627416,4.440892098500626e-14,-1.9607843137255054,11.764705882352944
historical/hailo_durations/gemm,envelope_0.5,firmware,pico,10.0,15,15,15,"06a01fdf76dbc6f0e045,0d54458f3494bb3d3250,1442fdb08e0a3a3a1e01,181866fa20ecee3a43bf,4d7de8d2c4be2f929d05,7165f770fa67b26126cb,76c5c9d0fba00e5f86a9,76f8a8c3d97eb855bf44,80e34fe745bb7f75724c,a5a4fd9adadd411a1e7c,c85cfc5b05894031f1e4,c9569129e81ff6c88d3c,f90c415dccd44aff3db2,fa7fe3ab01d64186d31d,fba5740298674bdf059a",0,,paired_own_window_setup_difference_not_synchronized_instrument_error,0.18117369408428008,15,0.1405262217136105,-0.2908804114186758,0.3908855222122587,-0.4848503427877793,1.5922844329554042,0.48394222065093473,15,0.4675970128404705,0.19640530947447887,0.5942985004174894,0.11436471375132484,0.8863874482921252,0.0,15,0.0,-0.9900990099010021,0.0,-0.9900990099010021,1.000000000000023
historical/hailo_durations/gemm,envelope_0.5,shelly,pico,10.0,15,15,15,"06a01fdf76dbc6f0e045,0d54458f3494bb3d3250,1442fdb08e0a3a3a1e01,181866fa20ecee3a43bf,4d7de8d2c4be2f929d05,7165f770fa67b26126cb,76c5c9d0fba00e5f86a9,76f8a8c3d97eb855bf44,80e34fe745bb7f75724c,a5a4fd9adadd411a1e7c,c85cfc5b05894031f1e4,c9569129e81ff6c88d3c,f90c415dccd44aff3db2,fa7fe3ab01d64186d31d,fba5740298674bdf059a",15,envelope_energy_sensitive_gt1pct;source_time_resolution_coarser_than_detection_bins,paired_own_window_setup_difference_not_synchronized_instrument_error,28.966142978079645,15,29.30869377273364,28.50469123581547,30.283169490521832,27.28841538980642,32.41245996901361,26.926329223835687,15,26.45308352391318,25.851132782264287,26.855585833893425,25.245288829590827,27.50347833931133,1.980198019801982,15,1.980198019801982,0.9950495049504959,3.9603960396039417,0.9900990099009688,3.9999999999999813
historical/hailo_durations/gemm,envelope_0.5,hailo_rt,pico,10.0,15,15,15,"06a01fdf76dbc6f0e045,0d54458f3494bb3d3250,1442fdb08e0a3a3a1e01,181866fa20ecee3a43bf,4d7de8d2c4be2f929d05,7165f770fa67b26126cb,76c5c9d0fba00e5f86a9,76f8a8c3d97eb855bf44,80e34fe745bb7f75724c,a5a4fd9adadd411a1e7c,c85cfc5b05894031f1e4,c9569129e81ff6c88d3c,f90c415dccd44aff3db2,fa7fe3ab01d64186d31d,fba5740298674bdf059a",15,envelope_energy_sensitive_gt1pct;source_time_resolution_coarser_than_detection_bins,paired_own_window_setup_difference_not_synchronized_instrument_error,-3.0649048585181027,15,-2.9805177548441364,-3.364393426703427,-2.5247873514320283,-5.260081501022428,-1.2894577399045093,-2.4465083783707153,15,-2.5215372482119136,-2.9402744029633388,-2.3632401858625696,-3.3461437535683536,-1.4529799584036773,-0.9900990099010021,15,-0.9900990099010021,-0.9900990099010021,0.0,-1.980198019801993,1.980198019801982
historical/hailo_durations/gemm,envelope_0.5,firmware,pico,20.0,15,15,15,"1b94985c7680ba239583,2ce66455c4207450028f,3b47baff260753fd172f,5b6903dba1f80aa7ce64,8f675f993f66f1e6cdb1,9454403b43c317648de5,a6da367a3cc03f6e4387,a89123e9bc8ba76d5209,ab7f9ebfc723007d4ea6,c30d45a53d5dad03e5a4,d35b4225011209823c7b,d4c9e66cde7126ed9f27,df83c4d32cb1a2337ee8,ec96d01a39f128442c7f,f870d83c637a8b19495a",0,,paired_own_window_setup_difference_not_synchronized_instrument_error,0.24709697169289502,15,0.24846518058398992,0.10251047848769401,0.3676685879396846,-0.15254710794930793,0.47818572390110337,0.44495500097783136,15,0.3674464637649866,0.31219846058447853,0.47376580361606635,0.23455688755189552,0.7338360000488153,-2.220446049250313e-14,15,-2.220446049250313e-14,-0.4975124378109541,-2.220446049250313e-14,-0.4975124378109541,-2.220446049250313e-14
historical/hailo_durations/gemm,envelope_0.5,shelly,pico,20.0,15,15,15,"1b94985c7680ba239583,2ce66455c4207450028f,3b47baff260753fd172f,5b6903dba1f80aa7ce64,8f675f993f66f1e6cdb1,9454403b43c317648de5,a6da367a3cc03f6e4387,a89123e9bc8ba76d5209,ab7f9ebfc723007d4ea6,c30d45a53d5dad03e5a4,d35b4225011209823c7b,d4c9e66cde7126ed9f27,df83c4d32cb1a2337ee8,ec96d01a39f128442c7f,f870d83c637a8b19495a",15,envelope_energy_sensitive_gt1pct;source_time_resolution_coarser_than_detection_bins,paired_own_window_setup_difference_not_synchronized_instrument_error,28.19342011837389,15,28.24199049684699,27.411304099919185,28.632217502419834,27.0850263210596,44.19223684400364,25.699684365948272,15,25.832957096221598,25.6308225848897,26.295432020228596,19.762973577044352,27.49969615390848,1.4925373134328401,15,1.4925373134328401,1.492537313432818,1.9900497512437831,0.995024875621886,20.398009950248763
historical/hailo_durations/gemm,envelope_0.5,hailo_rt,pico,20.0,15,15,15,"1b94985c7680ba239583,2ce66455c4207450028f,3b47baff260753fd172f,5b6903dba1f80aa7ce64,8f675f993f66f1e6cdb1,9454403b43c317648de5,a6da367a3cc03f6e4387,a89123e9bc8ba76d5209,ab7f9ebfc723007d4ea6,c30d45a53d5dad03e5a4,d35b4225011209823c7b,d4c9e66cde7126ed9f27,df83c4d32cb1a2337ee8,ec96d01a39f128442c7f,f870d83c637a8b19495a",15,envelope_energy_sensitive_gt1pct;source_time_resolution_coarser_than_detection_bins,paired_own_window_setup_difference_not_synchronized_instrument_error,-2.540207508874026,15,-2.567768261058978,-2.6642816151669244,-2.118415671719492,-4.360659027782998,-1.6842103579470136,-2.1282277617693968,15,-2.1709221878581597,-2.2858982725188604,-2.0815473025976083,-2.6942009969487812,-1.8058713634143575,-0.4975124378109541,15,-0.4975124378109541,-0.4975124378109541,0.0,-1.9900497512437942,0.4975124378109541
historical/hailo_durations/gemm,envelope_0.5,firmware,pico,50.0,15,15,15,"0db74514c10685a81875,15115d26eb9c8469dade,24c51ce57a4fcef34a7b,2e8db82d7bb8f350ee58,56aeb01d76cf3c35f3cb,5b66d6dc91fce123ab85,661b335ed108f52b6673,6811f6c82b803677ec5d,6c16d5ea8538b4a09076,88e979093114fd363e71,a2427c85be51a5a02d54,c32bb5e1def3d0b8ce52,dd68f627f1a8a86c2f9d,f183cb67d4ca821c039d,ffee4113f6392c9094c1",0,,paired_own_window_setup_difference_not_synchronized_instrument_error,0.32443333663423335,15,0.3872165862707,0.3481841388864093,0.42901016932470615,0.24093056922822598,0.4638852772272717,0.4475689587988052,15,0.4361309238188227,0.4025318416076451,0.4655955894606878,0.35078621042743396,0.5685277200927263,2.220446049250313e-14,15,2.220446049250313e-14,-0.19960079840318778,2.220446049250313e-14,-0.19960079840318778,2.220446049250313e-14
historical/hailo_durations/gemm,envelope_0.5,shelly,pico,50.0,15,15,15,"0db74514c10685a81875,15115d26eb9c8469dade,24c51ce57a4fcef34a7b,2e8db82d7bb8f350ee58,56aeb01d76cf3c35f3cb,5b66d6dc91fce123ab85,661b335ed108f52b6673,6811f6c82b803677ec5d,6c16d5ea8538b4a09076,88e979093114fd363e71,a2427c85be51a5a02d54,c32bb5e1def3d0b8ce52,dd68f627f1a8a86c2f9d,f183cb67d4ca821c039d,ffee4113f6392c9094c1",15,envelope_energy_sensitive_gt1pct;source_time_resolution_coarser_than_detection_bins,paired_own_window_setup_difference_not_synchronized_instrument_error,26.976849789192926,15,27.052615451478744,26.850547038636474,27.48610599040203,26.341914490884854,28.325274722549885,26.236862099658786,15,26.24162755737236,26.11840690945865,26.754821871657263,25.827399429549903,27.42236288740758,0.5988023952095967,15,0.5988023952095967,0.1996007984032211,0.8982035928143839,2.220446049250313e-14,1.1976047904191711
historical/hailo_durations/gemm,envelope_0.5,hailo_rt,pico,50.0,15,15,15,"0db74514c10685a81875,15115d26eb9c8469dade,24c51ce57a4fcef34a7b,2e8db82d7bb8f350ee58,56aeb01d76cf3c35f3cb,5b66d6dc91fce123ab85,661b335ed108f52b6673,6811f6c82b803677ec5d,6c16d5ea8538b4a09076,88e979093114fd363e71,a2427c85be51a5a02d54,c32bb5e1def3d0b8ce52,dd68f627f1a8a86c2f9d,f183cb67d4ca821c039d,ffee4113f6392c9094c1",15,envelope_energy_sensitive_gt1pct;source_time_resolution_coarser_than_detection_bins,paired_own_window_setup_difference_not_synchronized_instrument_error,-2.5991198317991127,15,-2.1704542812228778,-2.611467544428381,-2.013136104868063,-3.3055854661226736,-1.2660068478179576,-2.079126975544543,15,-1.989068383106496,-2.0724713538511077,-1.9327440090832204,-2.4835540360522157,-1.1451792497533808,-0.19960079840318778,15,-0.19960079840318778,-0.4994011976047874,-0.19960079840318778,-0.9980039920159389,0.1996007984032211
historical/hailo_durations/gemm,envelope_0.5,firmware,pico,100.0,15,15,15,"0cad97be0ec9455bbc20,18330bb1206680f7ce7b,249313df5868b43605fd,40e894f18c5e83c8965f,418f5c312b5fa046126d,53f88efcfebe9edda0ce,5a21fe10c145a16a7b8a,829077619a4f1488b0b8,8808e2c8c6aecf10e6a7,a15b6eb2c492ec3b4830,c37e46831051a519b876,c38c4739b22cf554fc4c,c6983921762e3c391bf2,d0d2cf79772d4ba6c6e5,da086da973e5f0515f1a",0,,paired_own_window_setup_difference_not_synchronized_instrument_error,0.44072648425188543,15,0.418590792521667,0.37025145316403885,0.44185072141325055,0.2790506058598874,0.5137240225529638,0.44072648425188543,15,0.3852905035459653,0.3640168586785619,0.42000909252902785,0.33895848914780036,0.46785530611026527,0.0,15,0.0,-0.04990019960080527,0.09990009990010762,-0.09980039920161055,0.10000000000001119
historical/hailo_durations/gemm,envelope_0.5,shelly,pico,100.0,15,15,15,"0cad97be0ec9455bbc20,18330bb1206680f7ce7b,249313df5868b43605fd,40e894f18c5e83c8965f,418f5c312b5fa046126d,53f88efcfebe9edda0ce,5a21fe10c145a16a7b8a,829077619a4f1488b0b8,8808e2c8c6aecf10e6a7,a15b6eb2c492ec3b4830,c37e46831051a519b876,c38c4739b22cf554fc4c,c6983921762e3c391bf2,d0d2cf79772d4ba6c6e5,da086da973e5f0515f1a",15,source_time_resolution_coarser_than_detection_bins,paired_own_window_setup_difference_not_synchronized_instrument_error,26.946246702866006,15,27.124196006315415,26.873582890963565,27.44677275724355,26.456154434341418,27.883045178658783,26.566925248574556,15,26.631071638871305,26.283121693372923,26.907458684375317,26.16878962395923,27.374057934166586,0.3996003996004305,15,0.3996003996004305,0.34960079840320457,0.4495504495504732,0.1996007984031989,0.5994005994006235
historical/hailo_durations/gemm,envelope_0.5,hailo_rt,pico,100.0,15,15,15,"0cad97be0ec9455bbc20,18330bb1206680f7ce7b,249313df5868b43605fd,40e894f18c5e83c8965f,418f5c312b5fa046126d,53f88efcfebe9edda0ce,5a21fe10c145a16a7b8a,829077619a4f1488b0b8,8808e2c8c6aecf10e6a7,a15b6eb2c492ec3b4830,c37e46831051a519b876,c38c4739b22cf554fc4c,c6983921762e3c391bf2,d0d2cf79772d4ba6c6e5,da086da973e5f0515f1a",15,source_time_resolution_coarser_than_detection_bins,paired_own_window_setup_difference_not_synchronized_instrument_error,-1.9638472756908443,15,-1.9775084364363926,-2.054884977643223,-1.8208864902987787,-2.1583199912993845,-1.2502097187039873,-2.0616877474715967,15,-2.0616877474715967,-2.076191301257524,-1.9072181472838179,-2.1345837688848235,-1.3488608578461458,0.09990009990010762,15,0.09990009990010762,2.220446049250313e-14,0.09990009990010762,-0.09980039920158834,0.1996007984031989
historical/hailo_durations/gemm,envelope_0.5,firmware,pico,200.0,15,15,15,"1c829a11841e011f1f1b,1c84d6c23ac0ba7be5c5,313f244be05a7189c96b,55996224e9075ac29a16,63e088aa0a1146135c97,740372299df82225e935,75990b69f8576970e4bc,9730ee4ba3c1da453582,d008b89524b203b9e541,d6ccbfeb8640f1e90175,d7366dac89798c7a1573,f59c26513220e49a2c02,f962d6cbd1774edb5253,fcb3295c49fe3667d449,fe4efa4b882136f57998",0,,paired_own_window_setup_difference_not_synchronized_instrument_error,0.3762919328887504,15,0.4063586990260548,0.37317582561101625,0.4335051396659906,0.3369402039204106,0.44850487776557646,0.40884883786784787,15,0.3963569503917075,0.3699356561703282,0.4071188235979184,0.353018490508461,0.4366621581008978,0.049975012493730375,15,0.049975012493730375,-0.04995004995006491,0.049975012493730375,-0.04997501249376368,0.049975012493730375
historical/hailo_durations/gemm,envelope_0.5,shelly,pico,200.0,15,15,15,"1c829a11841e011f1f1b,1c84d6c23ac0ba7be5c5,313f244be05a7189c96b,55996224e9075ac29a16,63e088aa0a1146135c97,740372299df82225e935,75990b69f8576970e4bc,9730ee4ba3c1da453582,d008b89524b203b9e541,d6ccbfeb8640f1e90175,d7366dac89798c7a1573,f59c26513220e49a2c02,f962d6cbd1774edb5253,fcb3295c49fe3667d449,fe4efa4b882136f57998",15,source_time_resolution_coarser_than_detection_bins,paired_own_window_setup_difference_not_synchronized_instrument_error,26.246099969486814,15,26.24492668554259,26.18919967392861,26.452093758479144,25.986916898546575,27.160374071992187,26.177298039353158,15,26.17408063523685,26.075174698890834,26.271624408082374,25.79831372953676,26.906814004051995,0.09995002498750516,15,0.09995002498750516,0.07496251874062887,0.14992503748125774,0.0,0.24975024975022464
historical/hailo_durations/gemm,envelope_0.5,hailo_rt,pico,200.0,15,15,15,"1c829a11841e011f1f1b,1c84d6c23ac0ba7be5c5,313f244be05a7189c96b,55996224e9075ac29a16,63e088aa0a1146135c97,740372299df82225e935,75990b69f8576970e4bc,9730ee4ba3c1da453582,d008b89524b203b9e541,d6ccbfeb8640f1e90175,d7366dac89798c7a1573,f59c26513220e49a2c02,f962d6cbd1774edb5253,fcb3295c49fe3667d449,fe4efa4b882136f57998",15,source_time_resolution_coarser_than_detection_bins,paired_own_window_setup_difference_not_synchronized_instrument_error,-2.095997528158944,15,-2.058836637536232,-2.118529289026305,-2.0344001208375317,-2.426743500553652,-1.8967628100544087,-2.06492735978957,15,-2.0597399566570807,-2.115673481776348,-2.0426821921131766,-2.133290097547791,-1.8477357050119436,-1.1102230246251565e-14,15,-0.04995004995006491,-0.07493755619693565,0.049962531221903195,-0.2998500749625266,0.09995002498750516
historical/hailo_durations/gemm,envelope_0.5,firmware,pico,300.0,15,15,15,"0e1c716e7cf5f79e5eec,135095910b38477978fb,30fb4e4c00a64977fa54,6607209e13d83d323b9e,6ad53e77222f19853f22,79bf46a10c82cd4cb04d,967c552ec320b0ee61ba,99e9837bae8b6ac525a8,a56c991fbfc4d0e2a4f7,c25b6115665fa3ae596f,e3e37390f43df3959b24,e44f7e2d4950b2ee848a,e8056afe592f662cd6fb,f0b560a3d8f525eee896,f950893d31d70085641c",0,,paired_own_window_setup_difference_not_synchronized_instrument_error,0.40786592879613615,15,0.4045383711253958,0.3899210964578681,0.41433157733951065,0.36824371477794937,0.44707169535223024,0.40220752750721456,15,0.40168864770522283,0.3883390002644038,0.40706272699179147,0.3591728581451292,0.44707169535223024,0.0,15,0.0,-1.1102230246251565e-14,0.03332222592467016,-0.03331112591604679,0.03332222592467016
historical/hailo_durations/gemm,envelope_0.5,shelly,pico,300.0,15,15,15,"0e1c716e7cf5f79e5eec,135095910b38477978fb,30fb4e4c00a64977fa54,6607209e13d83d323b9e,6ad53e77222f19853f22,79bf46a10c82cd4cb04d,967c552ec320b0ee61ba,99e9837bae8b6ac525a8,a56c991fbfc4d0e2a4f7,c25b6115665fa3ae596f,e3e37390f43df3959b24,e44f7e2d4950b2ee848a,e8056afe592f662cd6fb,f0b560a3d8f525eee896,f950893d31d70085641c",15,source_time_resolution_coarser_than_detection_bins,paired_own_window_setup_difference_not_synchronized_instrument_error,26.04362747869051,15,26.180160119939956,25.94389214019933,26.383286406871843,25.89102965139245,26.76603054780886,25.95968233884458,15,26.054147976011954,25.874037419684015,26.249045901104914,25.723454237547028,26.69150057251064,0.06664445184938472,15,0.06664445184938472,0.04998333888703854,0.11662779073641216,0.0,0.19993335554815417
historical/hailo_durations/gemm,envelope_0.5,hailo_rt,pico,300.0,15,15,15,"0e1c716e7cf5f79e5eec,135095910b38477978fb,30fb4e4c00a64977fa54,6607209e13d83d323b9e,6ad53e77222f19853f22,79bf46a10c82cd4cb04d,967c552ec320b0ee61ba,99e9837bae8b6ac525a8,a56c991fbfc4d0e2a4f7,c25b6115665fa3ae596f,e3e37390f43df3959b24,e44f7e2d4950b2ee848a,e8056afe592f662cd6fb,f0b560a3d8f525eee896,f950893d31d70085641c",15,source_time_resolution_coarser_than_detection_bins,paired_own_window_setup_difference_not_synchronized_instrument_error,-2.0715714739131696,15,-2.071046612595706,-2.077977013164273,-2.0255836846477635,-2.1344020082199155,-1.444346033994648,-2.045650029574453,15,-2.0504772171155428,-2.0733298981913673,-2.0413969633197695,-2.089351771408232,-1.444346033994648,0.0,15,0.0,-0.016655562958023395,0.0,-0.06664445184938472,0.13328890369876945
historical/hailo_durations/gemm,envelope_0.5,firmware,pico,400.0,15,15,15,"02664d3066d7aa560682,1d484896427a0cd186c1,4c95cf0d5107e4a1689e,54245f1622b156e63922,72a12dd184e9518f9518,7370451b26689c9779ee,787776e15509c9d35175,9e50d4e363a400a81cf0,a4b1736239b5897aaa67,b2d796e3da2b333d3fea,b793b5f4e2adbb8b0cc3,bc8fd89a0e6bae188c91,c3edc0aec9367e6a7d27,c4286a75c57662f14fe0,d59a6e755f56b5e4915b",0,,paired_own_window_setup_difference_not_synchronized_instrument_error,0.42169934668705444,15,0.40449845639298765,0.37959085703261897,0.4200197220616819,0.3650131502108245,0.4423254675519406,0.39660646828958424,15,0.3941794829171563,0.3883999745147526,0.41017245131712565,0.3749829061503007,0.4295933072943514,0.0,15,0.0,-0.012493753123438145,0.024993751562107924,-0.024987506246865188,0.024993751562107924
historical/hailo_durations/gemm,envelope_0.5,shelly,pico,400.0,15,15,15,"02664d3066d7aa560682,1d484896427a0cd186c1,4c95cf0d5107e4a1689e,54245f1622b156e63922,72a12dd184e9518f9518,7370451b26689c9779ee,787776e15509c9d35175,9e50d4e363a400a81cf0,a4b1736239b5897aaa67,b2d796e3da2b333d3fea,b793b5f4e2adbb8b0cc3,bc8fd89a0e6bae188c91,c3edc0aec9367e6a7d27,c4286a75c57662f14fe0,d59a6e755f56b5e4915b",15,source_time_resolution_coarser_than_detection_bins,paired_own_window_setup_difference_not_synchronized_instrument_error,26.35981645718035,15,26.476863673294847,26.36112790286763,26.9942926439092,26.271884119076727,27.5541561581387,26.2893592652633,15,26.483955069474362,26.28728338540094,26.85151995802748,26.12839820349242,27.458586111067195,0.07498125468632377,15,0.07498125468632377,0.024990628904497658,0.07498125468632377,-0.024987506246865188,0.14996250937264755
historical/hailo_durations/gemm,envelope_0.5,hailo_rt,pico,400.0,15,15,15,"02664d3066d7aa560682,1d484896427a0cd186c1,4c95cf0d5107e4a1689e,54245f1622b156e63922,72a12dd184e9518f9518,7370451b26689c9779ee,787776e15509c9d35175,9e50d4e363a400a81cf0,a4b1736239b5897aaa67,b2d796e3da2b333d3fea,b793b5f4e2adbb8b0cc3,bc8fd89a0e6bae188c91,c3edc0aec9367e6a7d27,c4286a75c57662f14fe0,d59a6e755f56b5e4915b",15,source_time_resolution_coarser_than_detection_bins;timestamp_gap_requires_review,paired_own_window_setup_difference_not_synchronized_instrument_error,-2.0940277818251363,15,-2.0703320205120557,-2.130480130480988,-1.9339251802411528,-2.2400443968800032,-1.6809133963657352,-2.1014762765445005,15,-2.1014762765445005,-2.119373610279951,-1.9166993360732854,-2.1681394292306533,-1.6809133963657352,0.0,15,0.0,-0.024990628904492107,0.012496875781053962,-0.07496251874061777,0.0999750062484539
historical/hailo_durations/gemm,envelope_0.5,firmware,pico,500.0,15,15,15,"10cfdc9a3cca55386791,1510d565aae9c1e403d0,28258d41464c3a647e5f,4de128800acfbd5f6993,4eeb2b99a7642ba580ee,5e5ba0d66a80ff096dd7,6b93f4a19c77ea0c06c1,6ee3febfe45989e5ef43,854ac35ffdd93a93e11d,8ed3382a8f9d8ae18202,98ea182fd4bd58b21021,da3c50cbb6a3941cc997,eaff8f65e3e67fa2df8d,ef4d54af9de1f9df0e18,f873e48ed904168e9fad",0,,paired_own_window_setup_difference_not_synchronized_instrument_error,0.41738569692892913,15,0.40616730314526617,0.401577254765928,0.4135229518668404,0.391499824468422,0.4237054244693006,0.3973102499683412,15,0.4058358796743544,0.39249175879708664,0.41535935174310534,0.38046047934263694,0.4216052747559207,0.0,15,0.0,-5.551115123125783e-15,0.019996000799826774,-0.019992003198709973,0.019996000799826774
historical/hailo_durations/gemm,envelope_0.5,shelly,pico,500.0,15,15,15,"10cfdc9a3cca55386791,1510d565aae9c1e403d0,28258d41464c3a647e5f,4de128800acfbd5f6993,4eeb2b99a7642ba580ee,5e5ba0d66a80ff096dd7,6b93f4a19c77ea0c06c1,6ee3febfe45989e5ef43,854ac35ffdd93a93e11d,8ed3382a8f9d8ae18202,98ea182fd4bd58b21021,da3c50cbb6a3941cc997,eaff8f65e3e67fa2df8d,ef4d54af9de1f9df0e18,f873e48ed904168e9fad",15,source_time_resolution_coarser_than_detection_bins,paired_own_window_setup_difference_not_synchronized_instrument_error,26.02795366968731,15,26.116783412890765,26.011977592204083,26.184276256223825,25.97453201299471,26.775965111723576,25.97757271679115,15,26.06020428994129,25.968622791626483,26.119833261481908,25.873853066330987,26.750620056723218,0.03999200159967575,15,0.03999200159967575,0.01999600079984898,0.05998800239952473,0.0,0.0799840031993515
historical/hailo_durations/gemm,envelope_0.5,hailo_rt,pico,500.0,15,15,15,"10cfdc9a3cca55386791,1510d565aae9c1e403d0,28258d41464c3a647e5f,4de128800acfbd5f6993,4eeb2b99a7642ba580ee,5e5ba0d66a80ff096dd7,6b93f4a19c77ea0c06c1,6ee3febfe45989e5ef43,854ac35ffdd93a93e11d,8ed3382a8f9d8ae18202,98ea182fd4bd58b21021,da3c50cbb6a3941cc997,eaff8f65e3e67fa2df8d,ef4d54af9de1f9df0e18,f873e48ed904168e9fad",15,source_time_resolution_coarser_than_detection_bins,paired_own_window_setup_difference_not_synchronized_instrument_error,-2.0842944429490418,15,-2.0653042862825544,-2.0772203866401826,-2.04711854114516,-2.09459230746889,-1.7147115379800182,-2.0825206258608397,15,-2.0777135732397145,-2.0944767026382873,-2.067212257862966,-2.1133623378189026,-1.7147115379800182,0.01999600079984898,15,0.019992003198732178,0.0,0.01999600079984898,-0.01999600079984898,0.05998800239952473
historical/hailo_durations/gemm,envelope_0.5,firmware,pico,600.0,15,15,15,"0bb47cdd6369720ece5e,2acc6daff1a3e5d45572,35f76a87efef453d30c4,470cdd994b5abbaf8043,5148f456c2a50337f19f,5c96084ad9214806fad0,77a2983fb707a9171296,7adbe721aba14b7e081c,c2e800d215d510b3232b,c6b01ebee2683210db16,c7f98febafe52fc5b4a0,e2228bb27eaadf1a60b9,e6c8989ba4f90e686df4,e864bf6f5b71ab243363,f7580eee3fe2014d4db8",0,,paired_own_window_setup_difference_not_synchronized_instrument_error,0.3671796262594951,15,0.37488130865963587,0.3634488493500676,0.396389154683241,0.35043552926885546,0.41616257909342647,0.36717962625947287,15,0.36717962625947287,0.3577697022901227,0.38902357339469784,0.3337160298470865,0.40260412378352317,0.016663889351797856,15,0.016663889351797856,2.220446049250313e-14,0.016663889351797856,-0.01666111296233508,0.016663889351797856
historical/hailo_durations/gemm,envelope_0.5,shelly,pico,600.0,15,15,15,"0bb47cdd6369720ece5e,2acc6daff1a3e5d45572,35f76a87efef453d30c4,470cdd994b5abbaf8043,5148f456c2a50337f19f,5c96084ad9214806fad0,77a2983fb707a9171296,7adbe721aba14b7e081c,c2e800d215d510b3232b,c6b01ebee2683210db16,c7f98febafe52fc5b4a0,e2228bb27eaadf1a60b9,e6c8989ba4f90e686df4,e864bf6f5b71ab243363,f7580eee3fe2014d4db8",15,source_time_resolution_coarser_than_detection_bins,paired_own_window_setup_difference_not_synchronized_instrument_error,26.197673352100214,15,26.33711366535707,26.225275455479025,26.48422100313436,25.782636440205486,27.414380729092215,26.114442593633136,15,26.311969828241686,26.162202031031878,26.442080666301713,25.677922290654863,27.35071598189245,0.049991668055326954,15,0.03332777870357351,0.03332500231412183,0.05832361273121478,2.220446049250313e-14,0.08331944675890046
historical/hailo_durations/gemm,envelope_0.5,hailo_rt,pico,600.0,15,15,15,"0bb47cdd6369720ece5e,2acc6daff1a3e5d45572,35f76a87efef453d30c4,470cdd994b5abbaf8043,5148f456c2a50337f19f,5c96084ad9214806fad0,77a2983fb707a9171296,7adbe721aba14b7e081c,c2e800d215d510b3232b,c6b01ebee2683210db16,c7f98febafe52fc5b4a0,e2228bb27eaadf1a60b9,e6c8989ba4f90e686df4,e864bf6f5b71ab243363,f7580eee3fe2014d4db8",15,source_time_resolution_coarser_than_detection_bins,paired_own_window_setup_difference_not_synchronized_instrument_error,-2.039830048068003,15,-2.110472776225114,-2.140612501010175,-2.031048626631915,-2.2055405960019203,-1.4640996758219949,-2.088777501408423,15,-2.110472776225114,-2.1461916868471933,-2.006554033409863,-2.2055405960019314,-1.4312489005847584,2.220446049250313e-14,15,2.220446049250313e-14,1.1102230246251565e-14,2.220446049250313e-14,-0.0333277787035402,0.049991668055326954
historical/hailo_durations/random_pattern_yolo,reported_legacy,firmware,pico,5.0,15,15,15,"1482304bc0ab84252e2f,261d971a5004761eaa76,29263398fe344d907505,3915d67d8eca45a3e263,3f3c0c031ea2d686c87e,40d3c0ab6f446d1f4471,5b29bfce32dfdc7bbc40,60d4e7dc9277fd00cc8a,62b2157549eca26e803d,7b9ec9d3276eefd3eb5b,9a5e0fe8cf017352edfb,b44d2544e5aa09786579,bf172cd7d7629fba8153,c7f8a52cfddce50521d9,f9c55b35402d1821d593",15,different_pre_post_baselines;no_quality_eligible_primary_envelope;no_reliable_load_contrast,paired_own_window_setup_difference_not_synchronized_instrument_error,0.18976953807694485,15,0.21830423922188924,0.13276852025235764,0.29182806759198154,-0.15524311551786685,0.6596254453464345,0.18976953807692265,15,0.21830423922188924,0.13276852025235764,0.29182806759198154,-0.15524311551787795,0.6596254453464567,0.0,15,0.0,0.0,0.0,0.0,0.0
historical/hailo_durations/random_pattern_yolo,reported_legacy,shelly,pico,5.0,15,15,15,"1482304bc0ab84252e2f,261d971a5004761eaa76,29263398fe344d907505,3915d67d8eca45a3e263,3f3c0c031ea2d686c87e,40d3c0ab6f446d1f4471,5b29bfce32dfdc7bbc40,60d4e7dc9277fd00cc8a,62b2157549eca26e803d,7b9ec9d3276eefd3eb5b,9a5e0fe8cf017352edfb,b44d2544e5aa09786579,bf172cd7d7629fba8153,c7f8a52cfddce50521d9,f9c55b35402d1821d593",15,different_pre_post_baselines;envelope_energy_sensitive_gt1pct;no_quality_eligible_primary_envelope;no_reliable_load_contrast;source_time_resolution_coarser_than_detection_bins,paired_own_window_setup_difference_not_synchronized_instrument_error,42.57069988981947,15,42.523536779439496,41.67011276529526,42.78937007958169,39.9160757091166,45.27744325029228,42.47001266773738,15,42.49957422311292,42.11068683172182,42.96115392062496,39.644088922207274,45.25295775169984,0.016857142857151786,15,0.016857142857151786,-0.11280000000000179,0.08285714285714008,-3.0426000000000175,0.19477142857142749
historical/hailo_durations/random_pattern_yolo,reported_legacy,hailo_rt,pico,5.0,15,15,15,"1482304bc0ab84252e2f,261d971a5004761eaa76,29263398fe344d907505,3915d67d8eca45a3e263,3f3c0c031ea2d686c87e,40d3c0ab6f446d1f4471,5b29bfce32dfdc7bbc40,60d4e7dc9277fd00cc8a,62b2157549eca26e803d,7b9ec9d3276eefd3eb5b,9a5e0fe8cf017352edfb,b44d2544e5aa09786579,bf172cd7d7629fba8153,c7f8a52cfddce50521d9,f9c55b35402d1821d593",15,different_pre_post_baselines;no_quality_eligible_primary_envelope;no_reliable_load_contrast;source_time_resolution_coarser_than_detection_bins;timestamp_gap_requires_review,paired_own_window_setup_difference_not_synchronized_instrument_error,-10.2035468992152,15,-10.307039354893599,-10.514604629152853,-0.4924353067608078,-31.302017998610676,9.61128220222629,-0.7356405808972677,15,-0.7096798358993794,-0.8409291306599509,-0.5955555399439205,-1.9249553948925802,-0.4962700977183321,-9.692171428571427,15,-9.692171428571427,-9.818742857142855,0.2562642857142805,-29.95365714285715,10.266442857142843
historical/hailo_durations/random_pattern_yolo,reported_legacy,firmware,pico,10.0,15,15,15,"2ba06002c4af827acc4a,6d39c8fdd402f8d2414a,6d6557a46dbaf2539f20,737166d908a67be399ec,75460c84c57e8ac6bc2b,76ab584166070335ceb3,90c69d4413f95e3c8762,99c839a2f7aee092062b,b50361112700e1c2a299,c510157d052d5b2e5310,c751428e0680f5c1d4c7,d7d963dedd2b70b3d10f,e6dc1c182da7531742b7,f3e8ac72f26aebfdcc7f,f98217fd4f832193e6bf",15,different_pre_post_baselines;no_quality_eligible_primary_envelope;no_reliable_load_contrast,paired_own_window_setup_difference_not_synchronized_instrument_error,0.09504851008212967,15,0.06584834535094952,-0.016801472377508953,0.22956471555412028,-0.06707669846189868,0.5458791177226807,0.09504851008212967,15,0.06584834535094952,-0.016801472377520055,0.22956471555410918,-0.06707669846192088,0.5458791177226807,0.0,15,0.0,0.0,0.0,0.0,0.0
historical/hailo_durations/random_pattern_yolo,reported_legacy,shelly,pico,10.0,15,15,15,"2ba06002c4af827acc4a,6d39c8fdd402f8d2414a,6d6557a46dbaf2539f20,737166d908a67be399ec,75460c84c57e8ac6bc2b,76ab584166070335ceb3,90c69d4413f95e3c8762,99c839a2f7aee092062b,b50361112700e1c2a299,c510157d052d5b2e5310,c751428e0680f5c1d4c7,d7d963dedd2b70b3d10f,e6dc1c182da7531742b7,f3e8ac72f26aebfdcc7f,f98217fd4f832193e6bf",15,different_pre_post_baselines;envelope_energy_sensitive_gt1pct;no_quality_eligible_primary_envelope;no_reliable_load_contrast;source_time_resolution_coarser_than_detection_bins,paired_own_window_setup_difference_not_synchronized_instrument_error,41.760064206150574,15,41.75746393762749,41.05020848494271,42.08889270193926,40.837355649186115,42.583130810717805,41.510216127060254,15,41.714134840899874,41.13725048428615,42.041640989764275,40.78287730035144,42.56898083936951,0.009924999999988415,15,0.009924999999988415,-0.05820416666666994,0.0871833333333405,-0.2711083333333364,0.17655833333332094
historical/hailo_durations/random_pattern_yolo,reported_legacy,hailo_rt,pico,10.0,15,15,15,"2ba06002c4af827acc4a,6d39c8fdd402f8d2414a,6d6557a46dbaf2539f20,737166d908a67be399ec,75460c84c57e8ac6bc2b,76ab584166070335ceb3,90c69d4413f95e3c8762,99c839a2f7aee092062b,b50361112700e1c2a299,c510157d052d5b2e5310,c751428e0680f5c1d4c7,d7d963dedd2b70b3d10f,e6dc1c182da7531742b7,f3e8ac72f26aebfdcc7f,f98217fd4f832193e6bf",15,different_pre_post_baselines;no_quality_eligible_primary_envelope;no_reliable_load_contrast;source_time_resolution_coarser_than_detection_bins,paired_own_window_setup_difference_not_synchronized_instrument_error,-1.3127083045652022,15,-1.3248283172909048,-1.4439050247526786,4.284268044974859,-1.7884082798697687,4.489086878873039,-0.8111853829176785,15,-0.811295957255842,-0.9030396451455813,-0.7056065128011824,-0.9828709291688664,-0.5877383259211388,-0.5527333333333329,15,-0.5527333333333329,-0.6746041666666647,5.125662500000006,-0.8135333333333272,5.208341666666638
historical/hailo_durations/random_pattern_yolo,reported_legacy,firmware,pico,20.0,15,15,15,"0a9d3384d6dd525ac95e,0cfb93f04f9528dc7151,0df8cc93092bfa258e8f,0f678f4cf97ff48e013e,27209ce71d4e43d30678,2c9fc30624d97224f53c,6d4c949b579d650059c4,a6ccf8b14504b2468af2,afd44949335ae00b873a,bdc641d348bff9cc3c20,ca31a2c8dc67a97a9998,f0607cd84bf1b89ccfe0,f6d6d50636489f2d3b59,f859c20fb3d5d08443fe,fa72723b117b658cb12e",15,different_pre_post_baselines;no_quality_eligible_primary_envelope;no_reliable_load_contrast,paired_own_window_setup_difference_not_synchronized_instrument_error,0.2019772249002516,15,0.21812697374181678,0.1491420754455075,0.26206758636250216,0.09714169814984963,0.38490411116549605,0.2019772249002516,15,0.21812697374181678,0.1491420754455075,0.26206758636249106,0.09714169814984963,0.38490411116547385,0.0,15,0.0,0.0,0.0,0.0,0.0
historical/hailo_durations/random_pattern_yolo,reported_legacy,shelly,pico,20.0,15,15,15,"0a9d3384d6dd525ac95e,0cfb93f04f9528dc7151,0df8cc93092bfa258e8f,0f678f4cf97ff48e013e,27209ce71d4e43d30678,2c9fc30624d97224f53c,6d4c949b579d650059c4,a6ccf8b14504b2468af2,afd44949335ae00b873a,bdc641d348bff9cc3c20,ca31a2c8dc67a97a9998,f0607cd84bf1b89ccfe0,f6d6d50636489f2d3b59,f859c20fb3d5d08443fe,fa72723b117b658cb12e",15,different_pre_post_baselines;envelope_energy_sensitive_gt1pct;no_quality_eligible_primary_envelope;no_reliable_load_contrast;source_time_resolution_coarser_than_detection_bins,paired_own_window_setup_difference_not_synchronized_instrument_error,40.63675228253334,15,40.75383343158132,40.31551566238486,41.51562738938421,40.11216980580634,43.10449219606334,40.67797092801524,15,40.79508639189415,40.40501042053491,41.45683640776091,40.16189593775723,43.49402629781598,-0.011654545454542475,15,-0.011654545454542475,-0.0452636363636294,0.07928863636362804,-0.5637636363636456,0.19893636363637057
historical/hailo_durations/random_pattern_yolo,reported_legacy,hailo_rt,pico,20.0,15,15,15,"0a9d3384d6dd525ac95e,0cfb93f04f9528dc7151,0df8cc93092bfa258e8f,0f678f4cf97ff48e013e,27209ce71d4e43d30678,2c9fc30624d97224f53c,6d4c949b579d650059c4,a6ccf8b14504b2468af2,afd44949335ae00b873a,bdc641d348bff9cc3c20,ca31a2c8dc67a97a9998,f0607cd84bf1b89ccfe0,f6d6d50636489f2d3b59,f859c20fb3d5d08443fe,fa72723b117b658cb12e",15,different_pre_post_baselines;no_quality_eligible_primary_envelope;no_reliable_load_contrast;source_time_resolution_coarser_than_detection_bins;timestamp_gap_requires_review,paired_own_window_setup_difference_not_synchronized_instrument_error,1.121092352497488,15,1.205276418849044,-2.0218245825373127,4.384002026706035,-11.413914203981147,10.787076228510761,-0.7365164668658775,15,-0.7550646192969079,-0.800381277813278,-0.7190934109784719,-0.9147868022311267,-0.675835874412245,1.9944318181818188,15,1.9944318181818188,-1.178045454545451,5.199484090909101,-10.748609090909088,11.60589090909092
historical/hailo_durations/random_pattern_yolo,reported_legacy,firmware,pico,50.0,15,15,15,"1639313576b5799b39cd,236baba12823f8c8add7,2db7cbfd3820f1570e08,3329cb6ca362bf22a776,4e67e3a83f9a0b60b716,58f6bcfefc9eaa7fb903,694055434041bad8c3da,7578893a02f65e25968c,7c894885dd4c1a7a2700,7eae0ceae9de7fe1c7dc,81a36ae6ba3843a6d3d2,a981a4b1919b1634a0a7,b328f2c8d630b09fddc7,d71fb01c373a11b2d6ca,f6606bbd174c0c680cf8",15,different_pre_post_baselines;no_quality_eligible_primary_envelope;no_reliable_load_contrast,paired_own_window_setup_difference_not_synchronized_instrument_error,0.1984730379469557,15,0.2030616440201527,0.1557561128241125,0.2508162679062953,0.10795034760593403,0.31860863371684367,0.1984730379469557,15,0.2030616440201527,0.1557561128241347,0.2508162679063064,0.10795034760593403,0.31860863371682147,0.0,15,0.0,0.0,0.0,0.0,0.0
historical/hailo_durations/random_pattern_yolo,reported_legacy,shelly,pico,50.0,15,15,15,"1639313576b5799b39cd,236baba12823f8c8add7,2db7cbfd3820f1570e08,3329cb6ca362bf22a776,4e67e3a83f9a0b60b716,58f6bcfefc9eaa7fb903,694055434041bad8c3da,7578893a02f65e25968c,7c894885dd4c1a7a2700,7eae0ceae9de7fe1c7dc,81a36ae6ba3843a6d3d2,a981a4b1919b1634a0a7,b328f2c8d630b09fddc7,d71fb01c373a11b2d6ca,f6606bbd174c0c680cf8",15,different_pre_post_baselines;envelope_energy_sensitive_gt1pct;no_quality_eligible_primary_envelope;no_reliable_load_contrast;source_time_resolution_coarser_than_detection_bins,paired_own_window_setup_difference_not_synchronized_instrument_error,39.878251663536645,15,39.885987211975625,39.47839858199114,39.96857589160935,39.130679493576295,40.614140944330536,39.898946406168115,15,39.92724254157005,39.495625263022035,39.99307862030648,39.14177337419955,40.65070201239016,-0.006394230769235509,15,-0.006394230769235509,-0.02602692307692167,0.0011634615384670255,-0.03390769230768864,0.011742307692319542
historical/hailo_durations/random_pattern_yolo,reported_legacy,hailo_rt,pico,50.0,15,15,15,"1639313576b5799b39cd,236baba12823f8c8add7,2db7cbfd3820f1570e08,3329cb6ca362bf22a776,4e67e3a83f9a0b60b716,58f6bcfefc9eaa7fb903,694055434041bad8c3da,7578893a02f65e25968c,7c894885dd4c1a7a2700,7eae0ceae9de7fe1c7dc,81a36ae6ba3843a6d3d2,a981a4b1919b1634a0a7,b328f2c8d630b09fddc7,d71fb01c373a11b2d6ca,f6606bbd174c0c680cf8",15,different_pre_post_baselines;no_quality_eligible_primary_envelope;no_reliable_load_contrast;source_time_resolution_coarser_than_detection_bins;timestamp_gap_requires_review,paired_own_window_setup_difference_not_synchronized_instrument_error,-0.9664762821767203,15,-0.9456266267870328,-1.6111700471832635,0.3704422234518834,-2.346057584264516,3.032377550246368,-0.8085772350520992,15,-0.7778121010363348,-0.8070042803142885,-0.7457544044806808,-0.8676491880123982,-0.6917258586367825,-0.18523846153846169,15,-0.18523846153846169,-0.866350961538459,1.1592471153846096,-1.5448134615384634,3.864923076923077
historical/hailo_durations/random_pattern_yolo,reported_legacy,firmware,pico,100.0,15,15,15,"0479c23139f253e26a35,0e70d347c8cc80f9128e,23bcb38c4c64e197a047,43a7f9b879bd34798ca7,567335d27a1acbda2a5d,5930b510575f99d25d3a,63a4f8680ebed49b72af,7b6e7af8eba7aaa497f9,8b0b971f1dd41ea8036e,9e8d1f745e3a80fc8fba,a5bc25c1c6781d729421,b61e54160ddde661d5b9,e067da30b333d9c5a97e,f066f7dbd5b279f960b9,f481e31a53b5d2eb8ea2",15,different_pre_post_baselines;no_quality_eligible_primary_envelope;no_reliable_load_contrast,paired_own_window_setup_difference_not_synchronized_instrument_error,0.1257452264030512,15,0.12331429947642913,0.10999528543295112,0.1546106949822934,0.08408198384717291,0.18347768238557993,0.1257452264030512,15,0.12331429947642913,0.10999528543296222,0.1546106949823045,0.08408198384717291,0.18347768238557993,0.0,15,0.0,0.0,0.0,0.0,0.0
historical/hailo_durations/random_pattern_yolo,reported_legacy,shelly,pico,100.0,15,15,15,"0479c23139f253e26a35,0e70d347c8cc80f9128e,23bcb38c4c64e197a047,43a7f9b879bd34798ca7,567335d27a1acbda2a5d,5930b510575f99d25d3a,63a4f8680ebed49b72af,7b6e7af8eba7aaa497f9,8b0b971f1dd41ea8036e,9e8d1f745e3a80fc8fba,a5bc25c1c6781d729421,b61e54160ddde661d5b9,e067da30b333d9c5a97e,f066f7dbd5b279f960b9,f481e31a53b5d2eb8ea2",15,different_pre_post_baselines;no_quality_eligible_primary_envelope;no_reliable_load_contrast;source_time_resolution_coarser_than_detection_bins,paired_own_window_setup_difference_not_synchronized_instrument_error,39.519286039879574,15,39.44602617699064,39.35010386814058,39.59937783864552,38.7982395791755,39.823214642991985,39.52725560343522,15,39.466693378933556,39.29516031892912,39.6497807569706,38.61596909267926,39.816290995091805,-0.008761764705889075,15,-0.008761764705889075,-0.018362745098032818,0.0018848039215813017,-0.14405196078431937,0.1529323529411819
historical/hailo_durations/random_pattern_yolo,reported_legacy,hailo_rt,pico,100.0,15,15,15,"0479c23139f253e26a35,0e70d347c8cc80f9128e,23bcb38c4c64e197a047,43a7f9b879bd34798ca7,567335d27a1acbda2a5d,5930b510575f99d25d3a,63a4f8680ebed49b72af,7b6e7af8eba7aaa497f9,8b0b971f1dd41ea8036e,9e8d1f745e3a80fc8fba,a5bc25c1c6781d729421,b61e54160ddde661d5b9,e067da30b333d9c5a97e,f066f7dbd5b279f960b9,f481e31a53b5d2eb8ea2",15,different_pre_post_baselines;duplicate_timestamps_zero_duration_intervals_retained;no_quality_eligible_primary_envelope;no_reliable_load_contrast;source_time_resolution_coarser_than_detection_bins,paired_own_window_setup_difference_not_synchronized_instrument_error,-1.0634218571591525,15,-1.1224687328254435,-1.1518462345317781,-0.4734115537844641,-1.8308590800707902,-0.4177578680199634,-0.8147266153269772,15,-0.8521659499750478,-0.8616049661314018,-0.8236494145530349,-0.8828825224330927,-0.7899671882493853,-0.2847627450980439,15,-0.2847627450980439,-0.2984171568627514,0.3869372549019645,-0.9871049019607891,0.3969039215686143
historical/hailo_durations/random_pattern_yolo,reported_legacy,firmware,pico,200.0,15,15,15,"0ae1b82a32ee414ea624,1c6eed0047146a3c9abd,219d8b54b3d90b4f21d2,2998f4f10f2b4d0184c7,34d9aa323112322e81c2,4c45a6d7b68326c86ba7,78732bcab1b27693af3a,bb1e36e9e1909376f8ac,bf541851754ca5f279d2,bfc11cb7c506a6cf3793,c92ef2398d7082308faf,d3095c0b628dab5c87be,efc3afcf7386542674de,f03cd53e3bfbf7231d4f,fcb344fc4d97acaaabc9",15,different_pre_post_baselines;no_quality_eligible_primary_envelope;no_reliable_load_contrast,paired_own_window_setup_difference_not_synchronized_instrument_error,0.20617195841201585,15,0.19080639592210513,0.16938900022932524,0.21030575625774484,0.1249590186394256,0.22467404729871188,0.20617195841201585,15,0.19080639592212734,0.16938900022931414,0.21030575625773373,0.1249590186394256,0.22467404729871188,0.0,15,0.0,0.0,0.0,0.0,0.0
historical/hailo_durations/random_pattern_yolo,reported_legacy,shelly,pico,200.0,15,15,15,"0ae1b82a32ee414ea624,1c6eed0047146a3c9abd,219d8b54b3d90b4f21d2,2998f4f10f2b4d0184c7,34d9aa323112322e81c2,4c45a6d7b68326c86ba7,78732bcab1b27693af3a,bb1e36e9e1909376f8ac,bf541851754ca5f279d2,bfc11cb7c506a6cf3793,c92ef2398d7082308faf,d3095c0b628dab5c87be,efc3afcf7386542674de,f03cd53e3bfbf7231d4f,fcb344fc4d97acaaabc9",15,different_pre_post_baselines;no_quality_eligible_primary_envelope;no_reliable_load_contrast;source_time_resolution_coarser_than_detection_bins,paired_own_window_setup_difference_not_synchronized_instrument_error,39.632936370644664,15,39.50773136853974,39.27766158119218,39.76925498901092,39.09283437939,40.143848262634464,39.515963976293065,15,39.51196990794232,39.28514941354666,39.77603839158523,39.09042852811635,40.14470994446491,-0.0006148514851478382,15,-0.0006148514851478382,-0.005025495049509887,0.0014393564356396382,-0.02305049504951473,0.08455990099009991
historical/hailo_durations/random_pattern_yolo,reported_legacy,hailo_rt,pico,200.0,15,15,15,"0ae1b82a32ee414ea624,1c6eed0047146a3c9abd,219d8b54b3d90b4f21d2,2998f4f10f2b4d0184c7,34d9aa323112322e81c2,4c45a6d7b68326c86ba7,78732bcab1b27693af3a,bb1e36e9e1909376f8ac,bf541851754ca5f279d2,bfc11cb7c506a6cf3793,c92ef2398d7082308faf,d3095c0b628dab5c87be,efc3afcf7386542674de,f03cd53e3bfbf7231d4f,fcb344fc4d97acaaabc9",15,different_pre_post_baselines;no_quality_eligible_primary_envelope;no_reliable_load_contrast;source_time_resolution_coarser_than_detection_bins;timestamp_gap_requires_review,paired_own_window_setup_difference_not_synchronized_instrument_error,-0.5989280564340227,15,-0.7901235032792386,-0.9771291373224467,-0.3012473582682418,-1.889791326046919,0.23205093822746825,-0.7987861976220145,15,-0.8071386067039277,-0.8255421841129928,-0.7950772500062098,-0.8546292344437378,-0.7674179294776762,-0.00028613861386972417,15,-0.00028613861386972417,-0.17607326732673734,0.5183133663366202,-1.0440851485148617,1.0391376237623762
historical/hailo_durations/random_pattern_yolo,reported_legacy,firmware,pico,300.0,15,15,15,"226f4aeab41655f4560d,231998be6fae4332525b,337f69647cc17a2a0155,41a8b7d4cef6b4bc1b2d,4aa936c2de163fe7a461,58714eb44a5d3ea355a4,5cdddec005976a2c9cf9,5dd673ec8c8354d38074,7a43db86956d07deb28c,868e6100a7f221e7589b,87ed8554393e486daced,8d69b8f46df2df16b4ba,9931db28ff4c475cee81,b5d16ed9024b69001b49,c14c8ac34de2057aef4b",15,different_pre_post_baselines;no_quality_eligible_primary_envelope;no_reliable_load_contrast,paired_own_window_setup_difference_not_synchronized_instrument_error,0.18537923737731443,15,0.19330151420742236,0.18798307821832339,0.21731812064482714,0.13789013109535286,0.23995999554646819,0.18537923737733664,15,0.19330151420742236,0.1879830782183345,0.21731812064483824,0.13789013109535286,0.23995999554646819,0.0,15,0.0,0.0,0.0,0.0,0.0
historical/hailo_durations/random_pattern_yolo,reported_legacy,shelly,pico,300.0,15,15,15,"226f4aeab41655f4560d,231998be6fae4332525b,337f69647cc17a2a0155,41a8b7d4cef6b4bc1b2d,4aa936c2de163fe7a461,58714eb44a5d3ea355a4,5cdddec005976a2c9cf9,5dd673ec8c8354d38074,7a43db86956d07deb28c,868e6100a7f221e7589b,87ed8554393e486daced,8d69b8f46df2df16b4ba,9931db28ff4c475cee81,b5d16ed9024b69001b49,c14c8ac34de2057aef4b",15,different_pre_post_baselines;no_quality_eligible_primary_envelope;no_reliable_load_contrast;source_time_resolution_coarser_than_detection_bins,paired_own_window_setup_difference_not_synchronized_instrument_error,39.818316093685624,15,39.839807868457065,39.567472156728165,39.97109162052045,39.46019727001448,40.708011890716975,39.819639287490574,15,39.84113126565294,39.573215118151666,39.97623902831678,39.46765705891517,40.71095470657768,-0.0020913907284869637,15,-0.0020913907284869637,-0.005265562913903121,-0.00041605960264812225,-0.06597649006623296,0.002789735099328894
historical/hailo_durations/random_pattern_yolo,reported_legacy,hailo_rt,pico,300.0,15,15,15,"226f4aeab41655f4560d,231998be6fae4332525b,337f69647cc17a2a0155,41a8b7d4cef6b4bc1b2d,4aa936c2de163fe7a461,58714eb44a5d3ea355a4,5cdddec005976a2c9cf9,5dd673ec8c8354d38074,7a43db86956d07deb28c,868e6100a7f221e7589b,87ed8554393e486daced,8d69b8f46df2df16b4ba,9931db28ff4c475cee81,b5d16ed9024b69001b49,c14c8ac34de2057aef4b",15,different_pre_post_baselines;no_quality_eligible_primary_envelope;no_reliable_load_contrast;source_time_resolution_coarser_than_detection_bins;timestamp_gap_requires_review,paired_own_window_setup_difference_not_synchronized_instrument_error,-0.7079366343867854,15,-0.6950053336552187,-0.7259018048389132,-0.5655967973540565,-1.149573526600678,-0.2219994067117037,-0.8048741590376052,15,-0.7897343832677262,-0.8140473601771503,-0.7801559881186804,-0.8250861936051623,-0.7560841509752891,0.0972854304635673,15,0.0972854304635673,0.0958185430463665,0.21396225165563054,-0.3678976821192115,0.5628072847682075
historical/hailo_durations/random_pattern_yolo,reported_legacy,firmware,pico,400.0,15,15,15,"29598eefe01cc0113774,30a332c86f36420953e7,45ab8e6da21ecedf8a1f,594e4a4039620b6c2e32,5eeef75dbf65c2ced60b,6f1df51bd3099cd040ce,7be6775c5a3b35431988,7ef8ac24af3ad8bb2d55,808f57dd4108b0029cd2,91d5bf04579c98dc5090,94a4d4ef5e48d05c5e5c,9539591d3a9b5a5443ea,984023db003f6f93b1fe,e627cfa3b02a263ba4f7,f3443a8f3a2883549cf7",15,different_pre_post_baselines;no_quality_eligible_primary_envelope;no_reliable_load_contrast,paired_own_window_setup_difference_not_synchronized_instrument_error,0.14436463252327503,15,0.14436463252327503,0.1332009891209407,0.170137404442261,0.105060834756876,0.18066757638575126,0.14436463252327503,15,0.14436463252327503,0.1332009891209407,0.1701374044422832,0.105060834756876,0.18066757638575126,0.0,15,0.0,0.0,0.0,0.0,0.0
historical/hailo_durations/random_pattern_yolo,reported_legacy,shelly,pico,400.0,15,15,15,"29598eefe01cc0113774,30a332c86f36420953e7,45ab8e6da21ecedf8a1f,594e4a4039620b6c2e32,5eeef75dbf65c2ced60b,6f1df51bd3099cd040ce,7be6775c5a3b35431988,7ef8ac24af3ad8bb2d55,808f57dd4108b0029cd2,91d5bf04579c98dc5090,94a4d4ef5e48d05c5e5c,9539591d3a9b5a5443ea,984023db003f6f93b1fe,e627cfa3b02a263ba4f7,f3443a8f3a2883549cf7",15,different_pre_post_baselines;no_quality_eligible_primary_envelope;no_reliable_load_contrast;source_time_resolution_coarser_than_detection_bins,paired_own_window_setup_difference_not_synchronized_instrument_error,39.34419586891191,15,39.49578873709099,39.260138047296046,39.58334223619108,39.119556689048984,40.12529756652285,39.342250276745716,15,39.49852075662812,39.26548990408469,39.584943688660005,39.119753948401595,40.13166031079063,-0.001339054726368083,15,-0.001339054726368083,-0.0020228855721393657,-0.00017450248755990216,-0.006628855721380056,0.001396268656717048
historical/hailo_durations/random_pattern_yolo,reported_legacy,hailo_rt,pico,400.0,15,15,15,"29598eefe01cc0113774,30a332c86f36420953e7,45ab8e6da21ecedf8a1f,594e4a4039620b6c2e32,5eeef75dbf65c2ced60b,6f1df51bd3099cd040ce,7be6775c5a3b35431988,7ef8ac24af3ad8bb2d55,808f57dd4108b0029cd2,91d5bf04579c98dc5090,94a4d4ef5e48d05c5e5c,9539591d3a9b5a5443ea,984023db003f6f93b1fe,e627cfa3b02a263ba4f7,f3443a8f3a2883549cf7",15,different_pre_post_baselines;no_quality_eligible_primary_envelope;no_reliable_load_contrast;source_time_resolution_coarser_than_detection_bins;timestamp_gap_requires_review,paired_own_window_setup_difference_not_synchronized_instrument_error,-0.7966485244348731,15,-0.8470981258840382,-0.8732712772602291,-0.7663709919641382,-1.027403881210176,-0.35155133871521693,-0.8592738015257173,15,-0.8350181554366176,-0.8473443806169323,-0.8183621856581891,-0.8805220376250644,-0.8030781290917166,-0.02696766169153486,15,-0.02696766169153486,-0.027672636815923024,0.06119141791044447,-0.2030990049751269,0.4976800995024844
historical/hailo_durations/random_pattern_yolo,reported_legacy,firmware,pico,500.0,15,15,15,"105661661fea7132f776,14889f174d9a8496118e,1f4791ce31a9691be64c,311fc61e7b8e532b8fa9,3295f5ddf827ce0105c0,367dea52ffe01de71d6f,4bc07dfb95a996897813,6a85144585b80968c690,76ef7d99561caee5e7ba,7fb6e811860b9d39f8cd,9e8bcb077773da1250aa,b9b853a5a41120d2f85e,c3d9f7ea26c32928b0fc,d3a13fa96958e9c5801b,e3e00e8b06b645eaa8b5",15,different_pre_post_baselines;no_quality_eligible_primary_envelope;no_reliable_load_contrast,paired_own_window_setup_difference_not_synchronized_instrument_error,0.21073245297076326,15,0.21784733965333203,0.1946339715772849,0.22867461696672864,0.1823431543845233,0.4695685803969285,0.21073245297076326,15,0.20842072255693456,0.194633971577296,0.22446548720945758,0.1823431543845011,0.243154423117109,0.0,15,0.0,0.0,0.0,0.0,0.26844779649100037
historical/hailo_durations/random_pattern_yolo,reported_legacy,shelly,pico,500.0,15,15,15,"105661661fea7132f776,14889f174d9a8496118e,1f4791ce31a9691be64c,311fc61e7b8e532b8fa9,3295f5ddf827ce0105c0,367dea52ffe01de71d6f,4bc07dfb95a996897813,6a85144585b80968c690,76ef7d99561caee5e7ba,7fb6e811860b9d39f8cd,9e8bcb077773da1250aa,b9b853a5a41120d2f85e,c3d9f7ea26c32928b0fc,d3a13fa96958e9c5801b,e3e00e8b06b645eaa8b5",15,different_pre_post_baselines;no_quality_eligible_primary_envelope;no_reliable_load_contrast;source_time_resolution_coarser_than_detection_bins,paired_own_window_setup_difference_not_synchronized_instrument_error,39.31071855624686,15,39.3040606145709,39.14580625173828,39.540601083194886,38.907141142704305,39.93827014182762,39.309482531475545,15,39.30695664524726,39.14774673115933,39.453620916573016,38.91113193223561,39.9459197753707,-0.0018047808764909412,15,-0.0018047808764909412,-0.0023569721115446196,4.930278884596184e-05,-0.005466135458165322,0.2693374292927597
historical/hailo_durations/random_pattern_yolo,reported_legacy,hailo_rt,pico,500.0,15,15,15,"105661661fea7132f776,14889f174d9a8496118e,1f4791ce31a9691be64c,311fc61e7b8e532b8fa9,3295f5ddf827ce0105c0,367dea52ffe01de71d6f,4bc07dfb95a996897813,6a85144585b80968c690,76ef7d99561caee5e7ba,7fb6e811860b9d39f8cd,9e8bcb077773da1250aa,b9b853a5a41120d2f85e,c3d9f7ea26c32928b0fc,d3a13fa96958e9c5801b,e3e00e8b06b645eaa8b5",15,different_pre_post_baselines;no_quality_eligible_primary_envelope;no_reliable_load_contrast;source_time_resolution_coarser_than_detection_bins;timestamp_gap_requires_review,paired_own_window_setup_difference_not_synchronized_instrument_error,-0.7568597957386625,15,-0.7649041955895108,-0.8930407399003082,-0.6319627779447334,-1.1903194828129737,-0.5724735661020497,-0.7795552577230525,15,-0.7850265966475312,-0.795023733307193,-0.7720692640910631,-0.8129028943985039,-0.7470427121916812,0.0358691235059716,15,0.0358691235059716,-0.10883357288624107,0.176031872509963,-0.3824824701195162,0.17780836653387144
historical/hailo_durations/random_pattern_yolo,reported_legacy,firmware,pico,600.0,15,15,15,"18d81fb66400ba49320f,2352d1eb46df6acb1869,38456b1655814a4863bb,411e99bbb751227c103f,4e247f4931f8bfae1bcf,59e8c29812af82ab06a8,666f38c9b9a2632b9b1e,69d27d61814d86ff1f22,8332289da0646e2899d9,993e2c494b26610ec265,a26c656fcc45665723a6,a9fb4bada3189cc3e6e7,c6287ca4b6ccd07db522,ed692712d009419e4b00,f88349ef52fa5bfd03ce",15,different_pre_post_baselines;no_quality_eligible_primary_envelope;no_reliable_load_contrast,paired_own_window_setup_difference_not_synchronized_instrument_error,0.022957011233404323,15,0.09134355321525067,0.051160407266681585,0.15831019769410037,-0.9026677800217375,0.5579160264563399,0.09134355321525067,15,0.092172717827399,0.07557875485605381,0.25608565104230374,0.04090742321585239,0.562192498411429,0.0,15,0.0,-0.09784053156146055,0.0,-0.9431893687707582,0.013709165078412688
historical/hailo_durations/random_pattern_yolo,reported_legacy,shelly,pico,600.0,15,15,15,"18d81fb66400ba49320f,2352d1eb46df6acb1869,38456b1655814a4863bb,411e99bbb751227c103f,4e247f4931f8bfae1bcf,59e8c29812af82ab06a8,666f38c9b9a2632b9b1e,69d27d61814d86ff1f22,8332289da0646e2899d9,993e2c494b26610ec265,a26c656fcc45665723a6,a9fb4bada3189cc3e6e7,c6287ca4b6ccd07db522,ed692712d009419e4b00,f88349ef52fa5bfd03ce",15,different_pre_post_baselines;no_quality_eligible_primary_envelope;no_reliable_load_contrast;source_time_resolution_coarser_than_detection_bins,paired_own_window_setup_difference_not_synchronized_instrument_error,39.577530803068825,15,39.67522233834395,39.47887854840183,40.54850798469842,39.2803575248635,41.65071669051941,39.57800726952223,15,39.679828988385026,39.481022850110676,40.48380931266043,39.284102693917156,40.74682460084773,-0.0026888704318994705,15,-0.0024589700996502373,-0.0029619601328800815,-0.0009657807308938171,-0.015306976744178247,0.6422113552011499
historical/hailo_durations/random_pattern_yolo,reported_legacy,hailo_rt,pico,600.0,15,15,15,"18d81fb66400ba49320f,2352d1eb46df6acb1869,38456b1655814a4863bb,411e99bbb751227c103f,4e247f4931f8bfae1bcf,59e8c29812af82ab06a8,666f38c9b9a2632b9b1e,69d27d61814d86ff1f22,8332289da0646e2899d9,993e2c494b26610ec265,a26c656fcc45665723a6,a9fb4bada3189cc3e6e7,c6287ca4b6ccd07db522,ed692712d009419e4b00,f88349ef52fa5bfd03ce",15,different_pre_post_baselines;no_quality_eligible_primary_envelope;no_reliable_load_contrast;source_time_resolution_coarser_than_detection_bins;terminal_duplicate_power_row_excluded_in_derived_view;timestamp_gap_requires_review,paired_own_window_setup_difference_not_synchronized_instrument_error,-0.9195422804978426,15,-0.8395802044074863,-0.9113587651280286,-0.7913757621793804,-0.9554436384867748,0.1967002352228242,-0.8867741638451165,15,-0.8748741541873106,-0.8866595922786158,-0.7539254050896782,-0.9215016820305899,-0.4046905964159908,-0.033399003322254206,15,-0.03306129568105831,-0.03418779069768174,0.04473907811312072,-0.03980315614618979,0.6082990604206584
historical/hailo_durations/random_pattern_yolo,envelope_0.5,firmware,pico,5.0,0,15,0,,0,,paired_own_window_setup_difference_not_synchronized_instrument_error,,0,,,,,,,0,,,,,,,0,,,,,
historical/hailo_durations/random_pattern_yolo,envelope_0.5,shelly,pico,5.0,8,15,8,"1482304bc0ab84252e2f,261d971a5004761eaa76,3915d67d8eca45a3e263,3f3c0c031ea2d686c87e,7b9ec9d3276eefd3eb5b,b44d2544e5aa09786579,bf172cd7d7629fba8153,f9c55b35402d1821d593",8,different_pre_post_baselines;edge_baseline_above_threshold;envelope_energy_sensitive_gt1pct;load_touches_capture_margin;no_quality_eligible_primary_envelope;source_time_resolution_coarser_than_detection_bins,paired_own_window_setup_difference_not_synchronized_instrument_error,-34.48258433476404,8,-34.519328656524905,-40.9386388780939,-24.26162265757086,-42.601883769564196,-8.657366327024684,43.98006954451756,8,43.91048033451848,43.03073533259623,44.330219199671255,41.94448303455387,45.56959604863269,-54.43037974683544,8,-54.43037974683544,-59.17721518987342,-46.835443037974684,-60.126582278481024,-36.0759493670886
historical/hailo_durations/random_pattern_yolo,envelope_0.5,hailo_rt,pico,5.0,0,15,0,,0,,paired_own_window_setup_difference_not_synchronized_instrument_error,,0,,,,,,,0,,,,,,,0,,,,,
historical/hailo_durations/random_pattern_yolo,envelope_0.5,firmware,pico,10.0,0,15,0,,0,,paired_own_window_setup_difference_not_synchronized_instrument_error,,0,,,,,,,0,,,,,,,0,,,,,
historical/hailo_durations/random_pattern_yolo,envelope_0.5,shelly,pico,10.0,9,15,9,"2ba06002c4af827acc4a,76ab584166070335ceb3,90c69d4413f95e3c8762,99c839a2f7aee092062b,c510157d052d5b2e5310,c751428e0680f5c1d4c7,d7d963dedd2b70b3d10f,e6dc1c182da7531742b7,f3e8ac72f26aebfdcc7f",9,different_pre_post_baselines;edge_baseline_above_threshold;envelope_energy_sensitive_gt1pct;load_touches_capture_margin;no_quality_eligible_primary_envelope;source_time_resolution_coarser_than_detection_bins,paired_own_window_setup_difference_not_synchronized_instrument_error,-16.8890038435622,9,-16.85601131445046,-17.711604695203643,-14.224923455332416,-25.219779062649373,6.447444686839621,42.494135391721265,9,42.43777989838624,41.92992624911949,42.6332185283137,41.7536856278222,42.72972737032688,-41.346153846153854,9,-41.346153846153854,-42.307692307692314,-39.90384615384615,-47.59615384615385,-25.0
historical/hailo_durations/random_pattern_yolo,envelope_0.5,hailo_rt,pico,10.0,1,15,1,c751428e0680f5c1d4c7,1,different_pre_post_baselines;edge_baseline_above_threshold;load_touches_capture_margin;no_quality_eligible_primary_envelope;source_time_resolution_coarser_than_detection_bins,paired_own_window_setup_difference_not_synchronized_instrument_error,-1.6453295061826023,1,-1.6453295061826023,-1.6453295061826023,-1.6453295061826023,-1.6453295061826023,-1.6453295061826023,-0.786363599614448,1,-0.786363599614448,-0.786363599614448,-0.786363599614448,-0.786363599614448,-0.786363599614448,-0.8657740384615309,1,-0.8657740384615309,-0.8657740384615309,-0.8657740384615309,-0.8657740384615309,-0.8657740384615309
historical/hailo_durations/random_pattern_yolo,envelope_0.5,firmware,pico,20.0,0,15,0,,0,,paired_own_window_setup_difference_not_synchronized_instrument_error,,0,,,,,,,0,,,,,,,0,,,,,
historical/hailo_durations/random_pattern_yolo,envelope_0.5,shelly,pico,20.0,8,15,8,"0a9d3384d6dd525ac95e,0cfb93f04f9528dc7151,0df8cc93092bfa258e8f,2c9fc30624d97224f53c,6d4c949b579d650059c4,afd44949335ae00b873a,f0607cd84bf1b89ccfe0,fa72723b117b658cb12e",8,different_pre_post_baselines;edge_baseline_above_threshold;envelope_energy_sensitive_gt1pct;load_touches_capture_margin;no_quality_eligible_primary_envelope;source_time_resolution_coarser_than_detection_bins,paired_own_window_setup_difference_not_synchronized_instrument_error,1.9487323056809336,8,1.941432733924564,0.16037948388457068,9.110758433763788,-87.45256661974868,17.359091060377608,41.300957933942954,8,41.26756627534045,40.759526467293064,42.31172893592973,40.2961011895828,68.02649917901782,-27.5974025974026,8,-27.5974025974026,-29.62662337662338,-22.483766233766232,-92.53246753246755,-16.899847402597402
historical/hailo_durations/random_pattern_yolo,envelope_0.5,hailo_rt,pico,20.0,0,15,0,,0,,paired_own_window_setup_difference_not_synchronized_instrument_error,,0,,,,,,,0,,,,,,,0,,,,,
historical/hailo_durations/random_pattern_yolo,envelope_0.5,firmware,pico,50.0,0,15,0,,0,,paired_own_window_setup_difference_not_synchronized_instrument_error,,0,,,,,,,0,,,,,,,0,,,,,
historical/hailo_durations/random_pattern_yolo,envelope_0.5,shelly,pico,50.0,3,15,3,"2db7cbfd3820f1570e08,3329cb6ca362bf22a776,694055434041bad8c3da",3,different_pre_post_baselines;edge_baseline_above_threshold;envelope_energy_sensitive_gt1pct;load_touches_capture_margin;no_quality_eligible_primary_envelope;source_time_resolution_coarser_than_detection_bins,paired_own_window_setup_difference_not_synchronized_instrument_error,26.281503952512388,3,26.312295900726077,25.947037511418102,27.232437884927897,25.581779122110127,28.152579869129713,40.39057398275829,3,40.39057398275829,40.266341651635955,40.63229963551471,40.14210932051361,40.874025288271135,-9.868421052631582,3,-9.868421052631582,-10.361842105263154,-9.29276315789473,-10.855263157894724,-8.717105263157876
historical/hailo_durations/random_pattern_yolo,envelope_0.5,hailo_rt,pico,50.0,0,15,0,,0,,paired_own_window_setup_difference_not_synchronized_instrument_error,,0,,,,,,,0,,,,,,,0,,,,,
historical/hailo_durations/random_pattern_yolo,envelope_0.5,firmware,pico,100.0,0,15,0,,0,,paired_own_window_setup_difference_not_synchronized_instrument_error,,0,,,,,,,0,,,,,,,0,,,,,
historical/hailo_durations/random_pattern_yolo,envelope_0.5,shelly,pico,100.0,1,15,1,e067da30b333d9c5a97e,1,different_pre_post_baselines;edge_baseline_above_threshold;load_touches_capture_margin;no_quality_eligible_primary_envelope;source_time_resolution_coarser_than_detection_bins,paired_own_window_setup_difference_not_synchronized_instrument_error,30.866316329572264,1,30.866316329572264,30.866316329572264,30.866316329572264,30.866316329572264,30.866316329572264,39.691597777616614,1,39.691597777616614,39.691597777616614,39.691597777616614,39.691597777616614,39.691597777616614,-6.317689530685911,1,-6.317689530685911,-6.317689530685911,-6.317689530685911,-6.317689530685911,-6.317689530685911
historical/hailo_durations/random_pattern_yolo,envelope_0.5,hailo_rt,pico,100.0,0,15,0,,0,,paired_own_window_setup_difference_not_synchronized_instrument_error,,0,,,,,,,0,,,,,,,0,,,,,
historical/hailo_durations/random_pattern_yolo,envelope_0.5,firmware,pico,200.0,0,15,0,,0,,paired_own_window_setup_difference_not_synchronized_instrument_error,,0,,,,,,,0,,,,,,,0,,,,,
historical/hailo_durations/random_pattern_yolo,envelope_0.5,shelly,pico,200.0,5,15,5,"bb1e36e9e1909376f8ac,bfc11cb7c506a6cf3793,d3095c0b628dab5c87be,efc3afcf7386542674de,f03cd53e3bfbf7231d4f",5,different_pre_post_baselines;edge_baseline_above_threshold;load_touches_capture_margin;no_quality_eligible_primary_envelope;source_time_resolution_coarser_than_detection_bins,paired_own_window_setup_difference_not_synchronized_instrument_error,35.177008828569335,5,35.24427832876378,34.41232007126538,35.35161493910803,34.00523442705499,35.56792675055587,39.794808570132176,5,39.53964335457605,39.36015499370098,39.794808570132176,39.206513045426775,39.852502818473546,-3.178368121442132,5,-3.178368121442132,-3.8425047438330306,-2.8462998102466774,-3.8899430740037877,-2.8462998102466774
historical/hailo_durations/random_pattern_yolo,envelope_0.5,hailo_rt,pico,200.0,0,15,0,,0,,paired_own_window_setup_difference_not_synchronized_instrument_error,,0,,,,,,,0,,,,,,,0,,,,,
historical/hailo_durations/random_pattern_yolo,envelope_0.5,firmware,pico,300.0,0,15,0,,0,,paired_own_window_setup_difference_not_synchronized_instrument_error,,0,,,,,,,0,,,,,,,0,,,,,
historical/hailo_durations/random_pattern_yolo,envelope_0.5,shelly,pico,300.0,5,15,5,"226f4aeab41655f4560d,41a8b7d4cef6b4bc1b2d,5cdddec005976a2c9cf9,87ed8554393e486daced,8d69b8f46df2df16b4ba",5,different_pre_post_baselines;edge_baseline_above_threshold;load_touches_capture_margin;no_quality_eligible_primary_envelope;source_time_resolution_coarser_than_detection_bins,paired_own_window_setup_difference_not_synchronized_instrument_error,36.237351212554536,5,36.21350218244408,35.89810463960919,36.83937253662906,35.48641130665733,38.54341988629297,39.882949312394935,5,39.85846210209323,39.57300839943354,40.08998647426378,39.44463151644921,40.73354395891562,-2.767052767052758,5,-2.767052767052758,-2.9279279279279313,-2.6061776061775954,-2.992277992277992,-0.646286357786352
historical/hailo_durations/random_pattern_yolo,envelope_0.5,hailo_rt,pico,300.0,1,15,1,5dd673ec8c8354d38074,1,different_pre_post_baselines;edge_baseline_above_threshold;load_touches_capture_margin;no_quality_eligible_primary_envelope;source_time_resolution_coarser_than_detection_bins;timestamp_gap_requires_review,paired_own_window_setup_difference_not_synchronized_instrument_error,-1.9736915719610337,1,-1.9736915719610337,-1.9736915719610337,-1.9736915719610337,-1.9736915719610337,-1.9736915719610337,-0.7852895986481867,1,-0.7852895986481867,-0.7852895986481867,-0.7852895986481867,-0.7852895986481867,-0.7852895986481867,-1.197808236808251,1,-1.197808236808251,-1.197808236808251,-1.197808236808251,-1.197808236808251,-1.197808236808251
historical/hailo_durations/random_pattern_yolo,envelope_0.5,firmware,pico,400.0,0,15,0,,0,,paired_own_window_setup_difference_not_synchronized_instrument_error,,0,,,,,,,0,,,,,,,0,,,,,
historical/hailo_durations/random_pattern_yolo,envelope_0.5,shelly,pico,400.0,3,15,3,"5eeef75dbf65c2ced60b,7ef8ac24af3ad8bb2d55,f3443a8f3a2883549cf7",3,different_pre_post_baselines;edge_baseline_above_threshold;load_touches_capture_margin;no_quality_eligible_primary_envelope;source_time_resolution_coarser_than_detection_bins,paired_own_window_setup_difference_not_synchronized_instrument_error,37.527573066928376,3,37.527573066928376,37.207353816166915,37.894275324475345,36.88713456540545,38.26097758202231,39.16942002393744,3,39.516370540642875,39.334942679058116,39.56110840769552,39.15351481747336,39.60584627474817,-1.1684518013632017,3,-1.1684518013632017,-1.5579357351509282,-1.0341347370983467,-1.9474196689386547,-0.8998176728334917
historical/hailo_durations/random_pattern_yolo,envelope_0.5,hailo_rt,pico,400.0,2,15,2,"7ef8ac24af3ad8bb2d55,e627cfa3b02a263ba4f7",2,different_pre_post_baselines;edge_baseline_above_threshold;load_touches_capture_margin;no_quality_eligible_primary_envelope;source_time_resolution_coarser_than_detection_bins;timestamp_gap_requires_review,paired_own_window_setup_difference_not_synchronized_instrument_error,-2.3391790953489866,2,-2.3390809969801305,-2.4514254693964648,-2.2267365245637967,-2.563769941812799,-2.1143920521474624,-0.8348160754806155,2,-0.8348022037828084,-0.8506883860937592,-0.8189160214718577,-0.8665745684047099,-0.803029839160907,-1.5170047468354375,2,-1.517004746835443,-1.6145180744888048,-1.4194914191820813,-1.7120314021421668,-1.3219780915287194
historical/hailo_durations/random_pattern_yolo,envelope_0.5,firmware,pico,500.0,0,15,0,,0,,paired_own_window_setup_difference_not_synchronized_instrument_error,,0,,,,,,,0,,,,,,,0,,,,,
historical/hailo_durations/random_pattern_yolo,envelope_0.5,shelly,pico,500.0,5,15,5,"14889f174d9a8496118e,367dea52ffe01de71d6f,4bc07dfb95a996897813,6a85144585b80968c690,9e8bcb077773da1250aa",5,different_pre_post_baselines;edge_baseline_above_threshold;load_touches_capture_margin;no_quality_eligible_primary_envelope;source_time_resolution_coarser_than_detection_bins,paired_own_window_setup_difference_not_synchronized_instrument_error,37.374640991931884,5,37.48249400190746,37.374640991931884,38.092919595111766,37.33000874145984,38.14590579124042,39.35270675287437,5,39.404150367920664,39.36506833930209,39.5881571885395,39.265278043796805,39.954241725834194,-1.3508222396241165,5,-1.3508222396241165,-1.4878621769772837,-1.2920908379013385,-1.585747846515262,-0.8418167580266256
historical/hailo_durations/random_pattern_yolo,envelope_0.5,hailo_rt,pico,500.0,0,15,0,,0,,paired_own_window_setup_difference_not_synchronized_instrument_error,,0,,,,,,,0,,,,,,,0,,,,,
historical/hailo_durations/random_pattern_yolo,envelope_0.5,firmware,pico,600.0,0,15,0,,0,,paired_own_window_setup_difference_not_synchronized_instrument_error,,0,,,,,,,0,,,,,,,0,,,,,
historical/hailo_durations/random_pattern_yolo,envelope_0.5,shelly,pico,600.0,8,15,8,"18d81fb66400ba49320f,38456b1655814a4863bb,411e99bbb751227c103f,4e247f4931f8bfae1bcf,69d27d61814d86ff1f22,8332289da0646e2899d9,993e2c494b26610ec265,a26c656fcc45665723a6",8,different_pre_post_baselines;edge_baseline_above_threshold;load_touches_capture_margin;no_quality_eligible_primary_envelope;source_time_resolution_coarser_than_detection_bins,paired_own_window_setup_difference_not_synchronized_instrument_error,37.90768710692238,8,38.58852319780324,37.695863729381045,38.974756380184,37.63354918605892,39.28901866886936,39.583018308679115,8,39.618947028599926,39.48894676904299,40.5551555923607,39.37971826690227,40.77097849188797,-1.178781925343797,8,-1.1787819253438026,-1.2688277668631232,-0.929109364767508,-1.3261296660117772,-0.5893909626718874
historical/hailo_durations/random_pattern_yolo,envelope_0.5,hailo_rt,pico,600.0,0,15,0,,0,,paired_own_window_setup_difference_not_synchronized_instrument_error,,0,,,,,,,0,,,,,,,0,,,,,
historical/hailo_durations/yolo,reported_legacy,firmware,pico,5.0,15,15,15,"096c928201dc98530b64,11d461c6ffa220e211c7,3046aec4e8307dadfd3b,40f1f7932021f2b28749,4ceceba8df35a9f1c89f,569a4e02ff83e5c108a9,64f6df475f8997c4a3e4,866ec12c15875c048c2c,a9a2b20f143f09aadb13,b1a5645236b083886fb7,b4f1e21d2a519eca07ff,b4ff783627dbb277980b,c6f06f4413ae2fbf8af9,c8ca5ed16150d92a6e2d,d60574b2c258b0b34ff1",11,different_pre_post_baselines;envelope_energy_sensitive_gt1pct,paired_own_window_setup_difference_not_synchronized_instrument_error,0.35540084059304533,15,0.543218862197703,0.2092121695184801,0.6195941662377136,0.07369099264749046,1.2430174369421731,0.35540084059304533,15,0.543218862197703,0.2092121695184801,0.6195941662377025,0.07369099264749046,1.2430174369421731,0.0,15,0.0,0.0,0.0,0.0,0.0
historical/hailo_durations/yolo,reported_legacy,shelly,pico,5.0,15,15,15,"096c928201dc98530b64,11d461c6ffa220e211c7,3046aec4e8307dadfd3b,40f1f7932021f2b28749,4ceceba8df35a9f1c89f,569a4e02ff83e5c108a9,64f6df475f8997c4a3e4,866ec12c15875c048c2c,a9a2b20f143f09aadb13,b1a5645236b083886fb7,b4f1e21d2a519eca07ff,b4ff783627dbb277980b,c6f06f4413ae2fbf8af9,c8ca5ed16150d92a6e2d,d60574b2c258b0b34ff1",15,different_pre_post_baselines;envelope_energy_sensitive_gt1pct;source_time_resolution_coarser_than_detection_bins,paired_own_window_setup_difference_not_synchronized_instrument_error,31.084295762717893,15,31.879487034311293,30.862501874919,32.78136764931059,29.466336947264438,36.30174454028621,31.130022674910652,15,31.525045825104915,30.80825195100585,32.56738722256598,29.545767008979084,33.393928407482456,0.019657142857143484,15,0.019657142857143484,-0.04809285714284517,0.2787285714285659,-0.26445714285714406,2.179871428571434
historical/hailo_durations/yolo,reported_legacy,hailo_rt,pico,5.0,15,15,15,"096c928201dc98530b64,11d461c6ffa220e211c7,3046aec4e8307dadfd3b,40f1f7932021f2b28749,4ceceba8df35a9f1c89f,569a4e02ff83e5c108a9,64f6df475f8997c4a3e4,866ec12c15875c048c2c,a9a2b20f143f09aadb13,b1a5645236b083886fb7,b4f1e21d2a519eca07ff,b4ff783627dbb277980b,c6f06f4413ae2fbf8af9,c8ca5ed16150d92a6e2d,d60574b2c258b0b34ff1",15,different_pre_post_baselines;envelope_energy_sensitive_gt1pct;source_time_resolution_coarser_than_detection_bins,paired_own_window_setup_difference_not_synchronized_instrument_error,-1.0026636127583588,15,-0.2767435725050338,-3.3278334969872314,-0.006101189042523325,-7.341773316389089,0.592921069094654,-0.033156919367183235,15,-0.15358795082132115,-0.40100492776039,1.6028471459964555,-0.6084318868990968,4.035310673075165,0.15370000000001216,15,0.15370000000001216,-4.8569499999999985,0.16529285714286246,-9.861614285714293,0.17277142857141659
historical/hailo_durations/yolo,reported_legacy,firmware,pico,10.0,15,15,15,"1ad25cc3bf37c6b4ef25,27dbd911226559608ea4,396b4a2eb25dd8f469db,477cc241ab28cafaa025,49c6b9fa36c969deaf65,4d9f72fe5fb44a7d13bb,5be0893f3ce76cba22ae,5be87dccca64b63657ac,61c6e87c24bbfda825ba,708e689ddafa4c39ed1c,768103a50a2fe4f2fcc2,860eb801305803d7fa61,8e59e01a00f3e93fa0b2,edd811f9aa17831ef042,f3f6f7c7c7984ce977b6",0,,paired_own_window_setup_difference_not_synchronized_instrument_error,0.6226375002124751,15,0.49182517358470346,0.3104140807231426,0.7067100726518283,0.1174248739262751,1.1963201478262242,0.6226375002124529,15,0.49182517358470346,0.3104140807231426,0.7067100726518283,0.1174248739262751,1.1963201478262242,0.0,15,0.0,0.0,0.0,0.0,0.0
historical/hailo_durations/yolo,reported_legacy,shelly,pico,10.0,15,15,15,"1ad25cc3bf37c6b4ef25,27dbd911226559608ea4,396b4a2eb25dd8f469db,477cc241ab28cafaa025,49c6b9fa36c969deaf65,4d9f72fe5fb44a7d13bb,5be0893f3ce76cba22ae,5be87dccca64b63657ac,61c6e87c24bbfda825ba,708e689ddafa4c39ed1c,768103a50a2fe4f2fcc2,860eb801305803d7fa61,8e59e01a00f3e93fa0b2,edd811f9aa17831ef042,f3f6f7c7c7984ce977b6",15,envelope_energy_sensitive_gt1pct;source_time_resolution_coarser_than_detection_bins,paired_own_window_setup_difference_not_synchronized_instrument_error,29.164798754626496,15,28.871672712483587,27.73932180809001,29.32746748745314,26.285390511751473,29.944461579344495,29.153111500347162,15,28.915706371172732,27.705001333059933,29.508358762500954,26.292673389250254,29.801776976003637,0.0039250000000157215,15,0.0039250000000157215,-0.019370833333320903,0.10001666666666909,-0.5060833333333292,0.182283333333344
historical/hailo_durations/yolo,reported_legacy,hailo_rt,pico,10.0,15,15,15,"1ad25cc3bf37c6b4ef25,27dbd911226559608ea4,396b4a2eb25dd8f469db,477cc241ab28cafaa025,49c6b9fa36c969deaf65,4d9f72fe5fb44a7d13bb,5be0893f3ce76cba22ae,5be87dccca64b63657ac,61c6e87c24bbfda825ba,708e689ddafa4c39ed1c,768103a50a2fe4f2fcc2,860eb801305803d7fa61,8e59e01a00f3e93fa0b2,edd811f9aa17831ef042,f3f6f7c7c7984ce977b6",15,envelope_energy_sensitive_gt1pct;source_time_resolution_coarser_than_detection_bins,paired_own_window_setup_difference_not_synchronized_instrument_error,-0.8080316771055251,15,-0.42329591525608334,-0.7358516614342725,-0.36713775901442425,-4.380855022686103,0.14383593000932837,0.17879048836313416,15,0.279594536900718,0.1776213935406501,0.3951464110066527,-0.3073238783144583,2.794190217950532,-0.6717083333333207,15,-0.6717083333333207,-0.6745791666666612,-0.6694166666666612,-6.517058333333326,-0.6650333333333425
historical/hailo_durations/yolo,reported_legacy,firmware,pico,20.0,15,15,15,"02e180aa09c7b070a5c3,117ab90d1a6e1612ca64,16b0ebc7c2d9764f7bc4,26331e0ab8e2e7f200e9,3b16fe5b4b4e34fa58fd,4352bc939634209cd21f,68d7aa537ca85b7e6791,79306b75a5ca4abba9a2,a30a5d8bfcf54946df31,a6980ecd38c696aa9ca7,baed5c949ee539369b1f,c9fb935bd160dbd44a07,d9d8aeb0e7ad6f740ed9,e5902e732279c54f29b3,ecdc1be1812b506e7f8d",0,,paired_own_window_setup_difference_not_synchronized_instrument_error,0.47183955535159416,15,0.5536507653822298,0.44262905558587473,0.6044638836219751,0.269190236302963,0.7244998235271138,0.47183955535159416,15,0.553650765382252,0.44262905558587473,0.6044638836219751,0.2691902363029408,0.7244998235271138,0.0,15,0.0,0.0,0.0,0.0,0.0
historical/hailo_durations/yolo,reported_legacy,shelly,pico,20.0,15,15,15,"02e180aa09c7b070a5c3,117ab90d1a6e1612ca64,16b0ebc7c2d9764f7bc4,26331e0ab8e2e7f200e9,3b16fe5b4b4e34fa58fd,4352bc939634209cd21f,68d7aa537ca85b7e6791,79306b75a5ca4abba9a2,a30a5d8bfcf54946df31,a6980ecd38c696aa9ca7,baed5c949ee539369b1f,c9fb935bd160dbd44a07,d9d8aeb0e7ad6f740ed9,e5902e732279c54f29b3,ecdc1be1812b506e7f8d",15,envelope_energy_sensitive_gt1pct;source_time_resolution_coarser_than_detection_bins,paired_own_window_setup_difference_not_synchronized_instrument_error,26.517861592406213,15,26.673313856149328,26.05123648153498,26.90862925807479,24.544564962680205,27.651228970147336,26.45497898013156,15,26.61035398012468,26.051106056862885,26.79554431079373,24.56741742162172,27.563882500784075,0.017031818181822977,15,0.017031818181822977,-0.005577272727275151,0.05072272727273397,-0.044054545454552674,0.10465454545454111
historical/hailo_durations/yolo,reported_legacy,hailo_rt,pico,20.0,15,15,15,"02e180aa09c7b070a5c3,117ab90d1a6e1612ca64,16b0ebc7c2d9764f7bc4,26331e0ab8e2e7f200e9,3b16fe5b4b4e34fa58fd,4352bc939634209cd21f,68d7aa537ca85b7e6791,79306b75a5ca4abba9a2,a30a5d8bfcf54946df31,a6980ecd38c696aa9ca7,baed5c949ee539369b1f,c9fb935bd160dbd44a07,d9d8aeb0e7ad6f740ed9,e5902e732279c54f29b3,ecdc1be1812b506e7f8d",15,envelope_energy_sensitive_gt1pct;source_time_resolution_coarser_than_detection_bins,paired_own_window_setup_difference_not_synchronized_instrument_error,-0.9179925039143777,15,-0.8643101205848103,-0.9589706501040018,-0.7895734267849286,-1.156500143031114,-0.7384633832903664,0.28848711319251485,15,0.3424953883837345,0.24411169337557048,0.421618459418982,0.049648393172785354,0.4855418671440681,-1.2056863636363602,15,-1.2056863636363602,-1.2072045454545488,-1.203613636363643,-1.2180909090909187,-1.197399999999993
historical/hailo_durations/yolo,reported_legacy,firmware,pico,50.0,15,15,15,"02f435aa2be23cb1b61d,2993a82fc9a22aba2e64,3079ca576814e234e468,3f3614ae5f18d5739292,55ec90cb5bf378219ed5,5d96bd82a5b1aef6cc87,5e857a0bc1be4973b254,6f5dbcc8362c32ccf7c3,7703c056dd6402490e2f,7733bdca079144457ba3,b05cec52d73561ec69b2,cea686ad2d800407b91e,d87b88ffe2ba92770746,fc7ebbc5f85da6fc09de,fe0239a506c00c6ee657",0,,paired_own_window_setup_difference_not_synchronized_instrument_error,0.46986236061274944,15,0.45984535410559246,0.3842695296262688,0.5065878338839314,0.24411867065798898,0.5871450006839307,0.46986236061277165,15,0.45984535410559246,0.3842695296262688,0.5065878338839314,0.24411867065798898,0.5871450006839307,0.0,15,0.0,0.0,0.0,0.0,0.0
historical/hailo_durations/yolo,reported_legacy,shelly,pico,50.0,15,15,15,"02f435aa2be23cb1b61d,2993a82fc9a22aba2e64,3079ca576814e234e468,3f3614ae5f18d5739292,55ec90cb5bf378219ed5,5d96bd82a5b1aef6cc87,5e857a0bc1be4973b254,6f5dbcc8362c32ccf7c3,7703c056dd6402490e2f,7733bdca079144457ba3,b05cec52d73561ec69b2,cea686ad2d800407b91e,d87b88ffe2ba92770746,fc7ebbc5f85da6fc09de,fe0239a506c00c6ee657",15,envelope_energy_sensitive_gt1pct;source_time_resolution_coarser_than_detection_bins,paired_own_window_setup_difference_not_synchronized_instrument_error,24.994980316787018,15,25.00643204189381,24.78670129421615,25.065794971303124,24.561724014105344,25.4893871715272,24.99752615825519,15,25.01046756289349,24.806104440647815,25.049356954792678,24.525202209126682,25.485113438144523,0.0034057692307687404,15,0.0034057692307687404,-0.007769230769222313,0.013145192307695286,-0.04797307692308017,0.0536826923076994
historical/hailo_durations/yolo,reported_legacy,hailo_rt,pico,50.0,15,15,15,"02f435aa2be23cb1b61d,2993a82fc9a22aba2e64,3079ca576814e234e468,3f3614ae5f18d5739292,55ec90cb5bf378219ed5,5d96bd82a5b1aef6cc87,5e857a0bc1be4973b254,6f5dbcc8362c32ccf7c3,7703c056dd6402490e2f,7733bdca079144457ba3,b05cec52d73561ec69b2,cea686ad2d800407b91e,d87b88ffe2ba92770746,fc7ebbc5f85da6fc09de,fe0239a506c00c6ee657",15,source_time_resolution_coarser_than_detection_bins,paired_own_window_setup_difference_not_synchronized_instrument_error,-0.22216679292912378,15,-0.21376379959289205,-0.2739991892316107,-0.1493381110232339,-0.6725843273610366,-0.08518666142931508,-0.001327416734542286,15,0.006186344901482066,-0.05493396815969276,0.0708430745857358,-0.45510745201654546,0.13483846372503994,-0.2197288461538438,15,-0.2197288461538438,-0.2207500000000029,-0.218559615384617,-0.22292307692308722,-0.21793269230768741
historical/hailo_durations/yolo,reported_legacy,firmware,pico,100.0,15,15,15,"0ca716a247fe7e1ba32f,322f98a1f6cd6591ad60,482407fe5e567145c82a,4abb2a0499f76e1c8ad5,680f8fb05dc4310a7f25,69833fac2c4b43630aef,7a3a61fa34515b274862,8e998938f0d10cb1e7f6,a70b67d4efbdcd09b817,adacf37d85882a2843b1,b6760d1426891ed0ab06,d757637c0629051d216f,dabd89282793381f1e7f,fe1a28c51a76dd616537,ffd5edda63f011d95b2c",0,,paired_own_window_setup_difference_not_synchronized_instrument_error,0.5539888782129854,15,0.5067617128536872,0.486100816329893,0.5480072311082607,0.4510489206255297,0.5784110607354398,0.5539888782129854,15,0.5067617128536872,0.486100816329893,0.5480072311082607,0.4510489206255297,0.5784110607354398,0.0,15,0.0,0.0,0.0,0.0,0.0
historical/hailo_durations/yolo,reported_legacy,shelly,pico,100.0,15,15,15,"0ca716a247fe7e1ba32f,322f98a1f6cd6591ad60,482407fe5e567145c82a,4abb2a0499f76e1c8ad5,680f8fb05dc4310a7f25,69833fac2c4b43630aef,7a3a61fa34515b274862,8e998938f0d10cb1e7f6,a70b67d4efbdcd09b817,adacf37d85882a2843b1,b6760d1426891ed0ab06,d757637c0629051d216f,dabd89282793381f1e7f,fe1a28c51a76dd616537,ffd5edda63f011d95b2c",15,source_time_resolution_coarser_than_detection_bins,paired_own_window_setup_difference_not_synchronized_instrument_error,24.57036481215291,15,24.441303105527833,24.071278798039287,24.7609769904363,23.819155622240306,25.116469673921095,24.565168349952437,15,24.435508314699426,24.07115553635717,24.752420660160766,23.799179046868414,24.986047756745045,0.004656862745089363,15,0.004656862745089363,0.0015745098039254835,0.016388235294118036,-0.010533333333340167,0.16800980392157605
historical/hailo_durations/yolo,reported_legacy,hailo_rt,pico,100.0,15,15,15,"0ca716a247fe7e1ba32f,322f98a1f6cd6591ad60,482407fe5e567145c82a,4abb2a0499f76e1c8ad5,680f8fb05dc4310a7f25,69833fac2c4b43630aef,7a3a61fa34515b274862,8e998938f0d10cb1e7f6,a70b67d4efbdcd09b817,adacf37d85882a2843b1,b6760d1426891ed0ab06,d757637c0629051d216f,dabd89282793381f1e7f,fe1a28c51a76dd616537,ffd5edda63f011d95b2c",15,source_time_resolution_coarser_than_detection_bins,paired_own_window_setup_difference_not_synchronized_instrument_error,-0.18914035021937448,15,-0.23491895606677637,-0.2763848374457645,-0.1701202582422956,-0.33724254387991204,-0.1275915096203062,0.13825578658923643,15,0.09408539605726407,0.050925709988247636,0.15648661766195504,-0.011774989811463854,0.20346009240084229,-0.32694411764705444,15,-0.32694411764705444,-0.3273034313725498,-0.3256602941176523,-0.330379411764703,-0.3245823529411829
historical/hailo_durations/yolo,reported_legacy,firmware,pico,200.0,15,15,15,"02918e92fe1a2a3676fa,0c15f3a7a06c81bfecb3,1266217dec62a905c12e,1710a6a1557c247cd279,1905a79ff7ca07b27a64,193b74c3cdbe742d78df,2550be423d7b73545705,834ecf824cfce662b865,8b2de1b54ea09f89b0f9,94507560728a8fc0a809,a61996e8ecd2c09e5e46,ced6f5eafa2a9b269be8,d1f6497df2dbc1720991,d6340589e080c8a94f4e,d91fa31cadaf9656d875",0,,paired_own_window_setup_difference_not_synchronized_instrument_error,0.43823704410863584,15,0.42794634312406377,0.4106386037597276,0.44525493538464245,0.3889742083867276,0.4686927916276451,0.43823704410865805,15,0.42794634312406377,0.4106386037597276,0.44525493538465355,0.3889742083867276,0.4686927916276451,0.0,15,0.0,0.0,0.0,0.0,0.0
historical/hailo_durations/yolo,reported_legacy,shelly,pico,200.0,15,15,15,"02918e92fe1a2a3676fa,0c15f3a7a06c81bfecb3,1266217dec62a905c12e,1710a6a1557c247cd279,1905a79ff7ca07b27a64,193b74c3cdbe742d78df,2550be423d7b73545705,834ecf824cfce662b865,8b2de1b54ea09f89b0f9,94507560728a8fc0a809,a61996e8ecd2c09e5e46,ced6f5eafa2a9b269be8,d1f6497df2dbc1720991,d6340589e080c8a94f4e,d91fa31cadaf9656d875",15,source_time_resolution_coarser_than_detection_bins,paired_own_window_setup_difference_not_synchronized_instrument_error,23.87277797633953,15,23.81722698286415,23.764471300711755,23.993822337954207,23.48253653589456,24.201940238979258,23.87477162427296,15,23.824062350274833,23.7645275281674,23.991224379907884,23.47482058213113,24.196482356930325,0.002414356435642695,15,0.002414356435642695,-0.0007542079207945029,0.00657821782178436,-0.012900495049505967,0.03367871287127677
historical/hailo_durations/yolo,reported_legacy,hailo_rt,pico,200.0,15,15,15,"02918e92fe1a2a3676fa,0c15f3a7a06c81bfecb3,1266217dec62a905c12e,1710a6a1557c247cd279,1905a79ff7ca07b27a64,193b74c3cdbe742d78df,2550be423d7b73545705,834ecf824cfce662b865,8b2de1b54ea09f89b0f9,94507560728a8fc0a809,a61996e8ecd2c09e5e46,ced6f5eafa2a9b269be8,d1f6497df2dbc1720991,d6340589e080c8a94f4e,d91fa31cadaf9656d875",15,source_time_resolution_coarser_than_detection_bins,paired_own_window_setup_difference_not_synchronized_instrument_error,-0.18277655517996427,15,-0.17891950838399007,-0.18851318565375474,-0.13802000568706174,-0.220754984537741,-0.08352027513988114,-0.15120357486879676,15,-0.14810234573320313,-0.1575271798159139,-0.10682661032078711,-0.19033378884818486,-0.05242519920742872,-0.03111138613861586,15,-0.03111138613861586,-0.031491336633659994,-0.03089653465346287,-0.03212772277227938,-0.030449009900990198
historical/hailo_durations/yolo,reported_legacy,firmware,pico,300.0,15,15,15,"0921f946583972aa5ea7,1970f94dd5609ccac789,20ad7499a2ec233def6f,28c49a2d011466866c94,3949d8a4236d527e19da,4556d98956b88a4196ac,46c4359f4915ba67b49e,4db1307aa9bf60d9c320,7d34e90c85fa5ee7441e,895abb746757269860a1,97411e4df71e1d461154,9aacccd8e3c1b3de5b25,a515c4ca409af7e2c1da,ab2465678479cf3f2f74,ae6c227ccd9066d904c9",0,,paired_own_window_setup_difference_not_synchronized_instrument_error,0.4617836893520133,15,0.452378367011641,0.42503070649148045,0.46359764840312456,0.3674733710372413,0.5550045945051041,0.4617836893519911,15,0.45237836701166323,0.42503070649149155,0.46359764840312456,0.3674733710372191,0.5550045945051041,0.0,15,0.0,0.0,0.0,0.0,0.0
historical/hailo_durations/yolo,reported_legacy,shelly,pico,300.0,15,15,15,"0921f946583972aa5ea7,1970f94dd5609ccac789,20ad7499a2ec233def6f,28c49a2d011466866c94,3949d8a4236d527e19da,4556d98956b88a4196ac,46c4359f4915ba67b49e,4db1307aa9bf60d9c320,7d34e90c85fa5ee7441e,895abb746757269860a1,97411e4df71e1d461154,9aacccd8e3c1b3de5b25,a515c4ca409af7e2c1da,ab2465678479cf3f2f74,ae6c227ccd9066d904c9",15,source_time_resolution_coarser_than_detection_bins,paired_own_window_setup_difference_not_synchronized_instrument_error,23.69290936552535,15,23.662545371676558,23.584985714574703,23.861094890110422,23.380659096386047,24.25418851321435,23.691026742353905,15,23.651265673934674,23.580087320373913,23.862483467009298,23.382094332470118,24.254172055708125,0.002595033112573475,15,0.002595033112573475,8.062913905426683e-05,0.006595198675496405,-0.004634105960255042,0.009122185430454621
historical/hailo_durations/yolo,reported_legacy,hailo_rt,pico,300.0,15,15,15,"0921f946583972aa5ea7,1970f94dd5609ccac789,20ad7499a2ec233def6f,28c49a2d011466866c94,3949d8a4236d527e19da,4556d98956b88a4196ac,46c4359f4915ba67b49e,4db1307aa9bf60d9c320,7d34e90c85fa5ee7441e,895abb746757269860a1,97411e4df71e1d461154,9aacccd8e3c1b3de5b25,a515c4ca409af7e2c1da,ab2465678479cf3f2f74,ae6c227ccd9066d904c9",15,source_time_resolution_coarser_than_detection_bins,paired_own_window_setup_difference_not_synchronized_instrument_error,-0.06969831449943342,15,-0.11269962997242366,-0.14435730778575295,-0.09885478598706254,-0.22674464501671876,-0.06128775351403881,-0.11438990229186707,15,-0.1572282567406602,-0.17912234663755022,-0.09507759857262932,-0.203474283438132,0.014094780397133633,0.06701026490065765,15,0.06701026490065765,-0.0489468543046323,0.06768774834436941,-0.1661139072847706,0.06796158940396424
historical/hailo_durations/yolo,reported_legacy,firmware,pico,400.0,15,15,15,"14f6596e0d1760e54028,17f58ed43134563ab1a5,1ddc7d5d06ee702170af,2409d560d06c25e70ad4,34cb92a25ec920e26242,45525c3a6f98e5265e89,4aa146b8e8364bec6e69,7ab1cba980ad661cdc59,7ce2e19a38f7d25f6b3e,820660d89f59be2b4a1f,bd94f469695ada01b6fd,d37e1b60519d7994e927,d63976fe929f86ea344a,efd2752782113f25c522,f8d2e7504f37b0638115",0,,paired_own_window_setup_difference_not_synchronized_instrument_error,0.412834731358247,15,0.4167735652268245,0.4095914893195274,0.43622239109787353,0.3990037852589001,0.49920134741494593,0.412834731358247,15,0.4167735652268245,0.4095914893195274,0.43622239109787353,0.3990037852588779,0.49920134741494593,0.0,15,0.0,0.0,0.0,0.0,0.0
historical/hailo_durations/yolo,reported_legacy,shelly,pico,400.0,15,15,15,"14f6596e0d1760e54028,17f58ed43134563ab1a5,1ddc7d5d06ee702170af,2409d560d06c25e70ad4,34cb92a25ec920e26242,45525c3a6f98e5265e89,4aa146b8e8364bec6e69,7ab1cba980ad661cdc59,7ce2e19a38f7d25f6b3e,820660d89f59be2b4a1f,bd94f469695ada01b6fd,d37e1b60519d7994e927,d63976fe929f86ea344a,efd2752782113f25c522,f8d2e7504f37b0638115",15,source_time_resolution_coarser_than_detection_bins,paired_own_window_setup_difference_not_synchronized_instrument_error,23.89404508794575,15,23.901677168445488,23.731821026743916,23.955632947428985,23.562203770739988,24.571808117034255,23.90070428848521,15,23.908336779202855,23.731756407828396,23.96051590697882,23.566994297123365,24.574193000092272,-0.0014164179104492192,15,-0.0014164179104492192,-0.004112064676614624,-0.0007751243781106698,-0.007008955223886115,0.0031925373134233936
historical/hailo_durations/yolo,reported_legacy,hailo_rt,pico,400.0,15,15,15,"14f6596e0d1760e54028,17f58ed43134563ab1a5,1ddc7d5d06ee702170af,2409d560d06c25e70ad4,34cb92a25ec920e26242,45525c3a6f98e5265e89,4aa146b8e8364bec6e69,7ab1cba980ad661cdc59,7ce2e19a38f7d25f6b3e,820660d89f59be2b4a1f,bd94f469695ada01b6fd,d37e1b60519d7994e927,d63976fe929f86ea344a,efd2752782113f25c522,f8d2e7504f37b0638115",15,source_time_resolution_coarser_than_detection_bins,paired_own_window_setup_difference_not_synchronized_instrument_error,-0.18410346419127643,15,-0.20692582696147932,-0.21021550620576868,-0.15518260087994395,-0.23339577197496464,-0.05105892307274429,-0.12900473547794444,15,-0.15160559401601326,-0.15625387410547198,-0.09952501792411805,-0.17840246045185415,0.005441165948982807,-0.05534900497512485,15,-0.05534900497512485,-0.05611716417910917,-0.054710447761202596,-0.05799477611939663,-0.053275373134331616
historical/hailo_durations/yolo,reported_legacy,firmware,pico,500.0,15,15,15,"1aa149e7aafe79ea373c,310c7b590d509cd585c2,317b2b0fc1abb7dde260,3bbc0973685975cb999e,426063425d89386f721f,467c20f815d1247a0c02,6e0aef882444ae2af6bf,73e65fd2993c07fd1eee,cb0a830049646a385b1d,d57331f74b9f935c3718,db3d58dc3066c747f387,eeb5592e2c4f0329af0c,eef2dc73de510cdcc795,ef1f0e85c0e352abf51b,fe0b11a8fe385bdf35ab",0,,paired_own_window_setup_difference_not_synchronized_instrument_error,0.45486149734073056,15,0.45624567346744804,0.442391334912573,0.4633117066611292,0.41477320066161116,0.4898914671778165,0.45486149734073056,15,0.45624567346744804,0.4423913349125619,0.4633117066611292,0.41477320066161116,0.4898914671778165,0.0,15,0.0,0.0,0.0,0.0,0.0
historical/hailo_durations/yolo,reported_legacy,shelly,pico,500.0,15,15,15,"1aa149e7aafe79ea373c,310c7b590d509cd585c2,317b2b0fc1abb7dde260,3bbc0973685975cb999e,426063425d89386f721f,467c20f815d1247a0c02,6e0aef882444ae2af6bf,73e65fd2993c07fd1eee,cb0a830049646a385b1d,d57331f74b9f935c3718,db3d58dc3066c747f387,eeb5592e2c4f0329af0c,eef2dc73de510cdcc795,ef1f0e85c0e352abf51b,fe0b11a8fe385bdf35ab",15,different_pre_post_baselines;source_time_resolution_coarser_than_detection_bins,paired_own_window_setup_difference_not_synchronized_instrument_error,23.97717294510533,15,23.685609127929965,23.431737672017874,24.07753778601819,22.059614668370475,24.75295052748838,23.98297322424112,15,23.689274223456035,23.43437442679852,24.078293891495015,22.05937176535775,24.752894612346378,-0.000744223107573827,15,-0.000744223107573827,-0.003629382470121678,0.00019920318725663577,-0.006069920318718669,0.0034085657370619415
historical/hailo_durations/yolo,reported_legacy,hailo_rt,pico,500.0,15,15,15,"1aa149e7aafe79ea373c,310c7b590d509cd585c2,317b2b0fc1abb7dde260,3bbc0973685975cb999e,426063425d89386f721f,467c20f815d1247a0c02,6e0aef882444ae2af6bf,73e65fd2993c07fd1eee,cb0a830049646a385b1d,d57331f74b9f935c3718,db3d58dc3066c747f387,eeb5592e2c4f0329af0c,eef2dc73de510cdcc795,ef1f0e85c0e352abf51b,fe0b11a8fe385bdf35ab",15,source_time_resolution_coarser_than_detection_bins,paired_own_window_setup_difference_not_synchronized_instrument_error,-0.10187101891330208,15,-0.13991384896149262,-0.1798205452636925,-0.10794507877797677,-0.21787491426076278,-0.05431719501723942,-0.10956755683455555,15,-0.10956755683455555,-0.14098511989425466,-0.08305599949252618,-0.21043938694946807,-0.0464210640792162,0.006906573705189878,15,0.006906573705189878,-0.0631665338645504,0.0077418326693279305,-0.13408984063744134,0.009369322709162908
historical/hailo_durations/yolo,reported_legacy,firmware,pico,600.0,15,15,15,"074a42d84db5d2813deb,321e3a4f6595459910df,578e39c3c4519c029e3c,59798d704b5d814ce4ca,607f4a240e88aee7e5f7,821421a722372a12de4e,8363acf10fa258733f17,864c1004cd8904284527,940c3c7bb6a4381adf57,aa5f518abb5984b6c7f8,bf8fe62df9c45b89620b,cd4994285b0cf1a0eee1,d84f73d3e769ad680872,e22f99eb8ebbf13fc5ee,f6816fd470aa6b923f79",0,,paired_own_window_setup_difference_not_synchronized_instrument_error,0.5130461848009027,15,0.5051511494366556,0.4832788766053864,0.542228465296557,0.4645489678321013,0.7351507756120812,0.5130461848009027,15,0.5051511494366334,0.4832788766053864,0.542228465296557,0.4645489678321013,0.7351507756121034,0.0,15,0.0,0.0,0.0,0.0,0.0
historical/hailo_durations/yolo,reported_legacy,shelly,pico,600.0,15,15,15,"074a42d84db5d2813deb,321e3a4f6595459910df,578e39c3c4519c029e3c,59798d704b5d814ce4ca,607f4a240e88aee7e5f7,821421a722372a12de4e,8363acf10fa258733f17,864c1004cd8904284527,940c3c7bb6a4381adf57,aa5f518abb5984b6c7f8,bf8fe62df9c45b89620b,cd4994285b0cf1a0eee1,d84f73d3e769ad680872,e22f99eb8ebbf13fc5ee,f6816fd470aa6b923f79",15,source_time_resolution_coarser_than_detection_bins,paired_own_window_setup_difference_not_synchronized_instrument_error,23.853880714155284,15,23.853880714155284,23.53309157160941,23.99159526845903,23.181261121296835,24.31612686118565,23.85459853590661,15,23.85459853590661,23.534593580186925,23.99267407846173,23.180455332869766,24.314720370221465,-0.0008976744186095509,15,-0.0008976744186095509,-0.002004401993355165,0.0003798172757418783,-0.00309352159468812,0.003264950166115277
historical/hailo_durations/yolo,reported_legacy,hailo_rt,pico,600.0,15,15,15,"074a42d84db5d2813deb,321e3a4f6595459910df,578e39c3c4519c029e3c,59798d704b5d814ce4ca,607f4a240e88aee7e5f7,821421a722372a12de4e,8363acf10fa258733f17,864c1004cd8904284527,940c3c7bb6a4381adf57,aa5f518abb5984b6c7f8,bf8fe62df9c45b89620b,cd4994285b0cf1a0eee1,d84f73d3e769ad680872,e22f99eb8ebbf13fc5ee,f6816fd470aa6b923f79",15,source_time_resolution_coarser_than_detection_bins,paired_own_window_setup_difference_not_synchronized_instrument_error,-0.023767395318730067,15,-0.03783019155700895,-0.07932595870853709,-0.003078924515514947,-0.16505678791386424,0.15068958424249157,-0.07350705211494057,15,-0.07032051795244909,-0.09355656742966456,-0.007012236790643334,-0.1474748137455406,0.20416103618303705,0.04846395348836463,15,0.04846395348836463,-0.008887209302332888,0.0499449335548241,-0.1823264119601209,0.05230431893687992
historical/hailo_durations/yolo,envelope_0.5,firmware,pico,5.0,15,15,15,"096c928201dc98530b64,11d461c6ffa220e211c7,3046aec4e8307dadfd3b,40f1f7932021f2b28749,4ceceba8df35a9f1c89f,569a4e02ff83e5c108a9,64f6df475f8997c4a3e4,866ec12c15875c048c2c,a9a2b20f143f09aadb13,b1a5645236b083886fb7,b4f1e21d2a519eca07ff,b4ff783627dbb277980b,c6f06f4413ae2fbf8af9,c8ca5ed16150d92a6e2d,d60574b2c258b0b34ff1",11,different_pre_post_baselines;envelope_energy_sensitive_gt1pct,paired_own_window_setup_difference_not_synchronized_instrument_error,0.17245107248642366,15,0.7303093620171452,0.28393909133693773,0.7869757828725676,-0.5404256843335453,1.6624169262795307,0.17245107248642366,15,0.7554530069481036,0.36668365213846643,0.8586112356708031,0.17245107248642366,1.6624169262795307,0.0,15,0.0,0.0,0.0,-1.9607843137255054,0.0
historical/hailo_durations/yolo,envelope_0.5,shelly,pico,5.0,15,15,15,"096c928201dc98530b64,11d461c6ffa220e211c7,3046aec4e8307dadfd3b,40f1f7932021f2b28749,4ceceba8df35a9f1c89f,569a4e02ff83e5c108a9,64f6df475f8997c4a3e4,866ec12c15875c048c2c,a9a2b20f143f09aadb13,b1a5645236b083886fb7,b4f1e21d2a519eca07ff,b4ff783627dbb277980b,c6f06f4413ae2fbf8af9,c8ca5ed16150d92a6e2d,d60574b2c258b0b34ff1",15,different_pre_post_baselines;envelope_energy_sensitive_gt1pct;source_time_resolution_coarser_than_detection_bins,paired_own_window_setup_difference_not_synchronized_instrument_error,29.80636416834259,15,29.420950901649178,26.6342284867781,34.43026979296966,24.51106102082077,42.36715545690368,20.858938400718287,15,20.735813541151238,20.338141481723227,21.921223485584584,19.465505555082242,24.11356291998348,8.000000000000007,15,8.000000000000007,4.000000000000014,12.0,1.9607843137255054,18.000000000000014
historical/hailo_durations/yolo,envelope_0.5,hailo_rt,pico,5.0,15,15,15,"096c928201dc98530b64,11d461c6ffa220e211c7,3046aec4e8307dadfd3b,40f1f7932021f2b28749,4ceceba8df35a9f1c89f,569a4e02ff83e5c108a9,64f6df475f8997c4a3e4,866ec12c15875c048c2c,a9a2b20f143f09aadb13,b1a5645236b083886fb7,b4f1e21d2a519eca07ff,b4ff783627dbb277980b,c6f06f4413ae2fbf8af9,c8ca5ed16150d92a6e2d,d60574b2c258b0b34ff1",15,different_pre_post_baselines;envelope_energy_sensitive_gt1pct;source_time_resolution_coarser_than_detection_bins,paired_own_window_setup_difference_not_synchronized_instrument_error,-1.3821518603974736,15,-1.675266303206735,-2.142968644250848,-1.396322552550705,-3.4355239170295038,4.73337618874321,-3.3158351572524114,15,-3.294363801286726,-3.61929054345706,-2.2391901613175613,-4.7878398284152635,-1.5042343953700743,2.0000000000000018,15,2.0000000000000018,0.0,2.0000000000000018,-1.9607843137255054,10.000000000000009
historical/hailo_durations/yolo,envelope_0.5,firmware,pico,10.0,15,15,15,"1ad25cc3bf37c6b4ef25,27dbd911226559608ea4,396b4a2eb25dd8f469db,477cc241ab28cafaa025,49c6b9fa36c969deaf65,4d9f72fe5fb44a7d13bb,5be0893f3ce76cba22ae,5be87dccca64b63657ac,61c6e87c24bbfda825ba,708e689ddafa4c39ed1c,768103a50a2fe4f2fcc2,860eb801305803d7fa61,8e59e01a00f3e93fa0b2,edd811f9aa17831ef042,f3f6f7c7c7984ce977b6",0,,paired_own_window_setup_difference_not_synchronized_instrument_error,0.6681980638540974,15,0.5771413528605773,0.3632488289777802,0.7837087027462886,0.05825172650517629,1.2112049723593588,0.6681980638540752,15,0.5771413528605773,0.3632488289777802,0.7837087027462886,0.05825172650517629,1.2112049723593588,0.0,15,0.0,0.0,0.0,0.0,0.0
historical/hailo_durations/yolo,envelope_0.5,shelly,pico,10.0,15,15,15,"1ad25cc3bf37c6b4ef25,27dbd911226559608ea4,396b4a2eb25dd8f469db,477cc241ab28cafaa025,49c6b9fa36c969deaf65,4d9f72fe5fb44a7d13bb,5be0893f3ce76cba22ae,5be87dccca64b63657ac,61c6e87c24bbfda825ba,708e689ddafa4c39ed1c,768103a50a2fe4f2fcc2,860eb801305803d7fa61,8e59e01a00f3e93fa0b2,edd811f9aa17831ef042,f3f6f7c7c7984ce977b6",15,envelope_energy_sensitive_gt1pct;source_time_resolution_coarser_than_detection_bins,paired_own_window_setup_difference_not_synchronized_instrument_error,28.395615696287855,15,29.290076031852497,27.001327681436358,29.944292100689385,25.645372640070143,31.84346229046504,22.80785905235114,15,23.133405744621438,22.350531843511412,23.269185497392442,21.709099583133074,23.92867337980784,5.000000000000004,15,5.000000000000004,3.499999999999992,6.000000000000005,2.0000000000000018,7.000000000000028
historical/hailo_durations/yolo,envelope_0.5,hailo_rt,pico,10.0,15,15,15,"1ad25cc3bf37c6b4ef25,27dbd911226559608ea4,396b4a2eb25dd8f469db,477cc241ab28cafaa025,49c6b9fa36c969deaf65,4d9f72fe5fb44a7d13bb,5be0893f3ce76cba22ae,5be87dccca64b63657ac,61c6e87c24bbfda825ba,708e689ddafa4c39ed1c,768103a50a2fe4f2fcc2,860eb801305803d7fa61,8e59e01a00f3e93fa0b2,edd811f9aa17831ef042,f3f6f7c7c7984ce977b6",15,envelope_energy_sensitive_gt1pct;source_time_resolution_coarser_than_detection_bins,paired_own_window_setup_difference_not_synchronized_instrument_error,-0.9612942765023225,15,-0.9567148013588822,-1.246504411328525,-0.12477448082886533,-1.3158537665353576,0.21347438118284323,-1.595752141336848,15,-1.4439045341922863,-1.9913009710140706,-1.246504411328525,-2.246560250839169,-0.9567148013588933,1.0000000000000009,15,1.0000000000000009,0.0,2.0000000000000018,0.0,2.0000000000000018
historical/hailo_durations/yolo,envelope_0.5,firmware,pico,20.0,15,15,15,"02e180aa09c7b070a5c3,117ab90d1a6e1612ca64,16b0ebc7c2d9764f7bc4,26331e0ab8e2e7f200e9,3b16fe5b4b4e34fa58fd,4352bc939634209cd21f,68d7aa537ca85b7e6791,79306b75a5ca4abba9a2,a30a5d8bfcf54946df31,a6980ecd38c696aa9ca7,baed5c949ee539369b1f,c9fb935bd160dbd44a07,d9d8aeb0e7ad6f740ed9,e5902e732279c54f29b3,ecdc1be1812b506e7f8d",0,,paired_own_window_setup_difference_not_synchronized_instrument_error,0.48761470584848254,15,0.592785225390724,0.4377012639114053,0.6638608830789705,0.3031146799382878,0.7777341473603983,0.48761470584848254,15,0.592785225390724,0.4377012639114053,0.6638608830789705,0.3031146799382878,0.7777341473603983,0.0,15,0.0,0.0,0.0,0.0,0.0
historical/hailo_durations/yolo,envelope_0.5,shelly,pico,20.0,15,15,15,"02e180aa09c7b070a5c3,117ab90d1a6e1612ca64,16b0ebc7c2d9764f7bc4,26331e0ab8e2e7f200e9,3b16fe5b4b4e34fa58fd,4352bc939634209cd21f,68d7aa537ca85b7e6791,79306b75a5ca4abba9a2,a30a5d8bfcf54946df31,a6980ecd38c696aa9ca7,baed5c949ee539369b1f,c9fb935bd160dbd44a07,d9d8aeb0e7ad6f740ed9,e5902e732279c54f29b3,ecdc1be1812b506e7f8d",15,envelope_energy_sensitive_gt1pct;source_time_resolution_coarser_than_detection_bins,paired_own_window_setup_difference_not_synchronized_instrument_error,25.428024761228627,15,25.57937855066008,25.079073402529097,25.937445630644383,19.93748255491692,26.680515133114536,24.04696595208833,15,24.04578183952475,23.50504152297903,24.37100210072265,21.775371961967704,24.8083892937089,1.5000000000000124,15,1.5000000000000124,1.000000000000023,1.5000000000000124,-2.500000000000002,1.5000000000000124
historical/hailo_durations/yolo,envelope_0.5,hailo_rt,pico,20.0,15,15,15,"02e180aa09c7b070a5c3,117ab90d1a6e1612ca64,16b0ebc7c2d9764f7bc4,26331e0ab8e2e7f200e9,3b16fe5b4b4e34fa58fd,4352bc939634209cd21f,68d7aa537ca85b7e6791,79306b75a5ca4abba9a2,a30a5d8bfcf54946df31,a6980ecd38c696aa9ca7,baed5c949ee539369b1f,c9fb935bd160dbd44a07,d9d8aeb0e7ad6f740ed9,e5902e732279c54f29b3,ecdc1be1812b506e7f8d",15,envelope_energy_sensitive_gt1pct;source_time_resolution_coarser_than_detection_bins,paired_own_window_setup_difference_not_synchronized_instrument_error,-0.8037138525513021,15,-0.556774501140378,-0.887348733008575,-0.373531196226512,-1.076069562681714,-0.06986723278020746,-0.882750285848477,15,-0.9401694818892414,-1.0350109636793448,-0.851405278132128,-1.0937450468036958,-0.6526699242824452,0.5000000000000115,15,0.5000000000000115,0.0,0.5000000000000115,0.0,1.0000000000000009
historical/hailo_durations/yolo,envelope_0.5,firmware,pico,50.0,15,15,15,"02f435aa2be23cb1b61d,2993a82fc9a22aba2e64,3079ca576814e234e468,3f3614ae5f18d5739292,55ec90cb5bf378219ed5,5d96bd82a5b1aef6cc87,5e857a0bc1be4973b254,6f5dbcc8362c32ccf7c3,7703c056dd6402490e2f,7733bdca079144457ba3,b05cec52d73561ec69b2,cea686ad2d800407b91e,d87b88ffe2ba92770746,fc7ebbc5f85da6fc09de,fe0239a506c00c6ee657",0,,paired_own_window_setup_difference_not_synchronized_instrument_error,0.5311866444585922,15,0.477705746429935,0.4036138865999517,0.5330397315933766,0.3487199000051566,0.7360346943340312,0.4287166715447377,15,0.44280829163427793,0.3862707706140611,0.49805369750780537,0.19501285416010372,0.5421514404627903,0.0,15,0.0,0.0,0.10000000000000009,0.0,0.20000000000000018
historical/hailo_durations/yolo,envelope_0.5,shelly,pico,50.0,15,15,15,"02f435aa2be23cb1b61d,2993a82fc9a22aba2e64,3079ca576814e234e468,3f3614ae5f18d5739292,55ec90cb5bf378219ed5,5d96bd82a5b1aef6cc87,5e857a0bc1be4973b254,6f5dbcc8362c32ccf7c3,7703c056dd6402490e2f,7733bdca079144457ba3,b05cec52d73561ec69b2,cea686ad2d800407b91e,d87b88ffe2ba92770746,fc7ebbc5f85da6fc09de,fe0239a506c00c6ee657",15,envelope_energy_sensitive_gt1pct;source_time_resolution_coarser_than_detection_bins,paired_own_window_setup_difference_not_synchronized_instrument_error,24.50632270317479,15,24.49330929194735,24.365515923428728,24.66214240306197,24.054927084564206,25.03668620660924,24.043125376613595,15,23.946596218439844,23.839788517803186,24.098311527941707,23.56068434717549,24.50449547337088,0.40000000000000036,15,0.40000000000000036,0.40000000000000036,0.6000000000000005,0.20000000000000018,0.8000000000000007
historical/hailo_durations/yolo,envelope_0.5,hailo_rt,pico,50.0,15,15,15,"02f435aa2be23cb1b61d,2993a82fc9a22aba2e64,3079ca576814e234e468,3f3614ae5f18d5739292,55ec90cb5bf378219ed5,5d96bd82a5b1aef6cc87,5e857a0bc1be4973b254,6f5dbcc8362c32ccf7c3,7703c056dd6402490e2f,7733bdca079144457ba3,b05cec52d73561ec69b2,cea686ad2d800407b91e,d87b88ffe2ba92770746,fc7ebbc5f85da6fc09de,fe0239a506c00c6ee657",15,source_time_resolution_coarser_than_detection_bins,paired_own_window_setup_difference_not_synchronized_instrument_error,-0.24927618765516746,15,-0.21620553924983632,-0.33271797117465085,-0.07360951990585396,-1.0213800599734202,0.041942371980363546,-0.3485261979143117,15,-0.4467039472504486,-0.49654624651821466,-0.3626175749586402,-0.6238755622223202,-0.21620553924983632,0.20000000000000018,15,0.20000000000000018,2.220446049250313e-14,0.40000000000000036,-0.39999999999998925,0.6000000000000005
historical/hailo_durations/yolo,envelope_0.5,firmware,pico,100.0,15,15,15,"0ca716a247fe7e1ba32f,322f98a1f6cd6591ad60,482407fe5e567145c82a,4abb2a0499f76e1c8ad5,680f8fb05dc4310a7f25,69833fac2c4b43630aef,7a3a61fa34515b274862,8e998938f0d10cb1e7f6,a70b67d4efbdcd09b817,adacf37d85882a2843b1,b6760d1426891ed0ab06,d757637c0629051d216f,dabd89282793381f1e7f,fe1a28c51a76dd616537,ffd5edda63f011d95b2c",0,,paired_own_window_setup_difference_not_synchronized_instrument_error,0.5658012483364727,15,0.5064096971940879,0.48281412848875105,0.5456928757473056,0.4445760433092749,0.5865790074464083,0.5658012483364727,15,0.5038657158397575,0.4750629521391603,0.5415319167465737,0.4411905373124858,0.5865790074464083,0.0,15,0.0,0.0,0.0,0.0,0.09999999999998899
historical/hailo_durations/yolo,envelope_0.5,shelly,pico,100.0,15,15,15,"0ca716a247fe7e1ba32f,322f98a1f6cd6591ad60,482407fe5e567145c82a,4abb2a0499f76e1c8ad5,680f8fb05dc4310a7f25,69833fac2c4b43630aef,7a3a61fa34515b274862,8e998938f0d10cb1e7f6,a70b67d4efbdcd09b817,adacf37d85882a2843b1,b6760d1426891ed0ab06,d757637c0629051d216f,dabd89282793381f1e7f,fe1a28c51a76dd616537,ffd5edda63f011d95b2c",15,source_time_resolution_coarser_than_detection_bins,paired_own_window_setup_difference_not_synchronized_instrument_error,24.530022571312095,15,24.21358196495764,24.119458698630403,24.510282270199646,23.64419948361125,24.79766356765054,24.00534010210851,15,23.79730891928311,23.449158186957565,24.25149409100826,23.177296557834893,24.495801869446755,0.29970029970030065,15,0.29970029970030065,0.24975024975025795,0.4995004995005159,0.09990009990010762,0.5994005994006235
historical/hailo_durations/yolo,envelope_0.5,hailo_rt,pico,100.0,15,15,15,"0ca716a247fe7e1ba32f,322f98a1f6cd6591ad60,482407fe5e567145c82a,4abb2a0499f76e1c8ad5,680f8fb05dc4310a7f25,69833fac2c4b43630aef,7a3a61fa34515b274862,8e998938f0d10cb1e7f6,a70b67d4efbdcd09b817,adacf37d85882a2843b1,b6760d1426891ed0ab06,d757637c0629051d216f,dabd89282793381f1e7f,fe1a28c51a76dd616537,ffd5edda63f011d95b2c",15,source_time_resolution_coarser_than_detection_bins,paired_own_window_setup_difference_not_synchronized_instrument_error,-0.16638686424821358,15,-0.15616660103454638,-0.1909909811249999,-0.11283338925116015,-0.42548366389860703,0.033154777028054916,-0.16638686424821358,15,-0.1847421556350648,-0.19691006277147705,-0.15096349126577646,-0.2635910190206925,-0.10046263642531361,0.0,15,0.0,0.0,0.09990009990010762,-0.19980019980019303,0.19980019980021524
historical/hailo_durations/yolo,envelope_0.5,firmware,pico,200.0,15,15,15,"02918e92fe1a2a3676fa,0c15f3a7a06c81bfecb3,1266217dec62a905c12e,1710a6a1557c247cd279,1905a79ff7ca07b27a64,193b74c3cdbe742d78df,2550be423d7b73545705,834ecf824cfce662b865,8b2de1b54ea09f89b0f9,94507560728a8fc0a809,a61996e8ecd2c09e5e46,ced6f5eafa2a9b269be8,d1f6497df2dbc1720991,d6340589e080c8a94f4e,d91fa31cadaf9656d875",0,,paired_own_window_setup_difference_not_synchronized_instrument_error,0.4418664489810542,15,0.432936425598629,0.41517477978890716,0.4491320018888634,0.39629261780800284,0.47503886446926824,0.4418664489810542,15,0.432936425598629,0.41517477978890716,0.4491320018888745,0.39629261780800284,0.47503886446926824,0.0,15,0.0,0.0,0.0,0.0,0.0
historical/hailo_durations/yolo,envelope_0.5,shelly,pico,200.0,15,15,15,"02918e92fe1a2a3676fa,0c15f3a7a06c81bfecb3,1266217dec62a905c12e,1710a6a1557c247cd279,1905a79ff7ca07b27a64,193b74c3cdbe742d78df,2550be423d7b73545705,834ecf824cfce662b865,8b2de1b54ea09f89b0f9,94507560728a8fc0a809,a61996e8ecd2c09e5e46,ced6f5eafa2a9b269be8,d1f6497df2dbc1720991,d6340589e080c8a94f4e,d91fa31cadaf9656d875",15,source_time_resolution_coarser_than_detection_bins,paired_own_window_setup_difference_not_synchronized_instrument_error,23.745093759613624,15,23.79402406245006,23.673819212261638,23.89429851067425,23.373818849224115,24.136215368467195,23.569244796740673,15,23.578398299704983,23.481480566218572,23.76269052640253,23.250629813927826,23.94734669490022,0.14992503748125774,15,0.14992503748125774,0.09995002498750516,0.19990004997501032,0.049975012493774784,0.2498750624687851
historical/hailo_durations/yolo,envelope_0.5,hailo_rt,pico,200.0,15,15,15,"02918e92fe1a2a3676fa,0c15f3a7a06c81bfecb3,1266217dec62a905c12e,1710a6a1557c247cd279,1905a79ff7ca07b27a64,193b74c3cdbe742d78df,2550be423d7b73545705,834ecf824cfce662b865,8b2de1b54ea09f89b0f9,94507560728a8fc0a809,a61996e8ecd2c09e5e46,ced6f5eafa2a9b269be8,d1f6497df2dbc1720991,d6340589e080c8a94f4e,d91fa31cadaf9656d875",15,source_time_resolution_coarser_than_detection_bins,paired_own_window_setup_difference_not_synchronized_instrument_error,-0.1729957689838968,15,-0.16770194652214743,-0.1925997607876151,-0.15839228796167837,-0.2360868659554538,-0.12730834274770064,-0.2574502754722485,15,-0.22550887464029,-0.2468075190252661,-0.1697818031228815,-0.2874902288510395,-0.12730834274770064,0.0,15,0.0,0.0,0.09995002498750516,-0.04997501249375258,0.09995002498750516
historical/hailo_durations/yolo,envelope_0.5,firmware,pico,300.0,15,15,15,"0921f946583972aa5ea7,1970f94dd5609ccac789,20ad7499a2ec233def6f,28c49a2d011466866c94,3949d8a4236d527e19da,4556d98956b88a4196ac,46c4359f4915ba67b49e,4db1307aa9bf60d9c320,7d34e90c85fa5ee7441e,895abb746757269860a1,97411e4df71e1d461154,9aacccd8e3c1b3de5b25,a515c4ca409af7e2c1da,ab2465678479cf3f2f74,ae6c227ccd9066d904c9",0,,paired_own_window_setup_difference_not_synchronized_instrument_error,0.4653410726373375,15,0.45224863372557156,0.42768618874081676,0.466136023738406,0.3672927303235429,0.5594813760817496,0.4653410726373375,15,0.45224863372557156,0.42768618874081676,0.466136023738406,0.3672927303235429,0.5594813760817496,0.0,15,0.0,0.0,0.0,0.0,0.0
historical/hailo_durations/yolo,envelope_0.5,shelly,pico,300.0,15,15,15,"0921f946583972aa5ea7,1970f94dd5609ccac789,20ad7499a2ec233def6f,28c49a2d011466866c94,3949d8a4236d527e19da,4556d98956b88a4196ac,46c4359f4915ba67b49e,4db1307aa9bf60d9c320,7d34e90c85fa5ee7441e,895abb746757269860a1,97411e4df71e1d461154,9aacccd8e3c1b3de5b25,a515c4ca409af7e2c1da,ab2465678479cf3f2f74,ae6c227ccd9066d904c9",15,source_time_resolution_coarser_than_detection_bins,paired_own_window_setup_difference_not_synchronized_instrument_error,23.618555766735682,15,23.638552606747766,23.523229478581264,23.774856551569012,23.303322353249854,24.197982233758196,23.501956419133663,15,23.465709167504368,23.423509148323905,23.692422414671523,23.22120225844253,24.073949628331693,0.09996667777407708,15,0.09996667777407708,0.06664445184938472,0.14995001666111563,0.06664445184938472,0.16666666666667052
historical/hailo_durations/yolo,envelope_0.5,hailo_rt,pico,300.0,15,15,15,"0921f946583972aa5ea7,1970f94dd5609ccac789,20ad7499a2ec233def6f,28c49a2d011466866c94,3949d8a4236d527e19da,4556d98956b88a4196ac,46c4359f4915ba67b49e,4db1307aa9bf60d9c320,7d34e90c85fa5ee7441e,895abb746757269860a1,97411e4df71e1d461154,9aacccd8e3c1b3de5b25,a515c4ca409af7e2c1da,ab2465678479cf3f2f74,ae6c227ccd9066d904c9",15,source_time_resolution_coarser_than_detection_bins,paired_own_window_setup_difference_not_synchronized_instrument_error,-0.11683767492814967,15,-0.14805811163572935,-0.17986779860106328,-0.13008909754906872,-0.228493168367927,-0.07623654909091337,-0.12437620286837037,15,-0.17519958662292057,-0.19632200441362935,-0.14387840171065647,-0.228493168367927,-0.1095222797541151,0.03332222592467016,15,0.03332222592467016,0.0,0.03332222592467016,0.0,0.03332222592469236
historical/hailo_durations/yolo,envelope_0.5,firmware,pico,400.0,15,15,15,"14f6596e0d1760e54028,17f58ed43134563ab1a5,1ddc7d5d06ee702170af,2409d560d06c25e70ad4,34cb92a25ec920e26242,45525c3a6f98e5265e89,4aa146b8e8364bec6e69,7ab1cba980ad661cdc59,7ce2e19a38f7d25f6b3e,820660d89f59be2b4a1f,bd94f469695ada01b6fd,d37e1b60519d7994e927,d63976fe929f86ea344a,efd2752782113f25c522,f8d2e7504f37b0638115",0,,paired_own_window_setup_difference_not_synchronized_instrument_error,0.4151122322620049,15,0.41808020811391344,0.4131794309362946,0.4381489103575831,0.401046242710712,0.5003236381746046,0.4151122322620049,15,0.41808020811391344,0.4131794309362946,0.4381489103575831,0.401046242710712,0.5003236381745824,0.0,15,0.0,0.0,0.0,0.0,0.0
historical/hailo_durations/yolo,envelope_0.5,shelly,pico,400.0,15,15,15,"14f6596e0d1760e54028,17f58ed43134563ab1a5,1ddc7d5d06ee702170af,2409d560d06c25e70ad4,34cb92a25ec920e26242,45525c3a6f98e5265e89,4aa146b8e8364bec6e69,7ab1cba980ad661cdc59,7ce2e19a38f7d25f6b3e,820660d89f59be2b4a1f,bd94f469695ada01b6fd,d37e1b60519d7994e927,d63976fe929f86ea344a,efd2752782113f25c522,f8d2e7504f37b0638115",15,source_time_resolution_coarser_than_detection_bins,paired_own_window_setup_difference_not_synchronized_instrument_error,23.883201030724432,15,23.83408986182316,23.692219252811952,23.960790533526865,23.48134251633065,24.570021179567636,23.797143203985183,15,23.751463584769116,23.611175775719637,23.836984500534562,23.45048760815567,24.414541872054475,0.0999750062484317,15,0.0999750062484317,0.037490627343161886,0.11247188202949676,0.024993751562107924,0.12499999999999734
historical/hailo_durations/yolo,envelope_0.5,hailo_rt,pico,400.0,15,15,15,"14f6596e0d1760e54028,17f58ed43134563ab1a5,1ddc7d5d06ee702170af,2409d560d06c25e70ad4,34cb92a25ec920e26242,45525c3a6f98e5265e89,4aa146b8e8364bec6e69,7ab1cba980ad661cdc59,7ce2e19a38f7d25f6b3e,820660d89f59be2b4a1f,bd94f469695ada01b6fd,d37e1b60519d7994e927,d63976fe929f86ea344a,efd2752782113f25c522,f8d2e7504f37b0638115",15,source_time_resolution_coarser_than_detection_bins,paired_own_window_setup_difference_not_synchronized_instrument_error,-0.15658803946028144,15,-0.1727805573804586,-0.19863833137051534,-0.15081603610953564,-0.2383878545067386,-0.037405657733124986,-0.1735054243315437,15,-0.20047349013552207,-0.2196264040041418,-0.15783842126534386,-0.2383878545067386,-0.08734949702478012,0.0,15,2.220446049250313e-14,0.0,0.024993751562107924,0.0,0.04998750312421585
historical/hailo_durations/yolo,envelope_0.5,firmware,pico,500.0,15,15,15,"1aa149e7aafe79ea373c,310c7b590d509cd585c2,317b2b0fc1abb7dde260,3bbc0973685975cb999e,426063425d89386f721f,467c20f815d1247a0c02,6e0aef882444ae2af6bf,73e65fd2993c07fd1eee,cb0a830049646a385b1d,d57331f74b9f935c3718,db3d58dc3066c747f387,eeb5592e2c4f0329af0c,eef2dc73de510cdcc795,ef1f0e85c0e352abf51b,fe0b11a8fe385bdf35ab",0,,paired_own_window_setup_difference_not_synchronized_instrument_error,0.45607598444905584,15,0.45783522048103986,0.44275845480953313,0.46510031441062694,0.4167015147277242,0.4897925083408694,0.45607598444905584,15,0.45783522048101766,0.44275845480953313,0.46510031441063804,0.4167015147277464,0.4897925083408916,0.0,15,0.0,0.0,0.0,0.0,0.0
historical/hailo_durations/yolo,envelope_0.5,shelly,pico,500.0,15,15,15,"1aa149e7aafe79ea373c,310c7b590d509cd585c2,317b2b0fc1abb7dde260,3bbc0973685975cb999e,426063425d89386f721f,467c20f815d1247a0c02,6e0aef882444ae2af6bf,73e65fd2993c07fd1eee,cb0a830049646a385b1d,d57331f74b9f935c3718,db3d58dc3066c747f387,eeb5592e2c4f0329af0c,eef2dc73de510cdcc795,ef1f0e85c0e352abf51b,fe0b11a8fe385bdf35ab",15,different_pre_post_baselines;source_time_resolution_coarser_than_detection_bins,paired_own_window_setup_difference_not_synchronized_instrument_error,23.987317294112565,15,23.69607852371376,23.399548959493345,24.067869164643664,22.054827086429828,24.703346079017805,23.888226531040345,15,23.597220518899608,23.325565450936992,23.98110212068375,21.932918549587612,24.653494651442752,0.05998800239952473,15,0.05998800239952473,0.03999200159967575,0.07998400319936261,0.01999600079984898,0.09998000399920048
historical/hailo_durations/yolo,envelope_0.5,hailo_rt,pico,500.0,15,15,15,"1aa149e7aafe79ea373c,310c7b590d509cd585c2,317b2b0fc1abb7dde260,3bbc0973685975cb999e,426063425d89386f721f,467c20f815d1247a0c02,6e0aef882444ae2af6bf,73e65fd2993c07fd1eee,cb0a830049646a385b1d,d57331f74b9f935c3718,db3d58dc3066c747f387,eeb5592e2c4f0329af0c,eef2dc73de510cdcc795,ef1f0e85c0e352abf51b,fe0b11a8fe385bdf35ab",15,source_time_resolution_coarser_than_detection_bins,paired_own_window_setup_difference_not_synchronized_instrument_error,-0.11776695608717302,15,-0.13595273415291098,-0.14564943379882234,-0.1013896961585048,-0.2038279220136885,-0.06933080086477528,-0.13773541531226785,15,-0.15591755767667692,-0.17502061056799967,-0.1375993756051408,-0.24372245412561666,-0.08930894344756357,0.01999600079984898,15,0.01999600079984898,0.01999600079984898,0.03999200159967575,0.0,0.05998800239952473
historical/hailo_durations/yolo,envelope_0.5,firmware,pico,600.0,15,15,15,"074a42d84db5d2813deb,321e3a4f6595459910df,578e39c3c4519c029e3c,59798d704b5d814ce4ca,607f4a240e88aee7e5f7,821421a722372a12de4e,8363acf10fa258733f17,864c1004cd8904284527,940c3c7bb6a4381adf57,aa5f518abb5984b6c7f8,bf8fe62df9c45b89620b,cd4994285b0cf1a0eee1,d84f73d3e769ad680872,e22f99eb8ebbf13fc5ee,f6816fd470aa6b923f79",0,,paired_own_window_setup_difference_not_synchronized_instrument_error,0.5145026392226582,15,0.5071056645268746,0.482969480691986,0.5430240346469217,0.46456681070068395,0.7352738475445264,0.5145026392226582,15,0.5071056645268746,0.4829694806919971,0.5430240346469217,0.46456681070068395,0.7352738475445264,0.0,15,0.0,0.0,0.0,0.0,0.0
historical/hailo_durations/yolo,envelope_0.5,shelly,pico,600.0,15,15,15,"074a42d84db5d2813deb,321e3a4f6595459910df,578e39c3c4519c029e3c,59798d704b5d814ce4ca,607f4a240e88aee7e5f7,821421a722372a12de4e,8363acf10fa258733f17,864c1004cd8904284527,940c3c7bb6a4381adf57,aa5f518abb5984b6c7f8,bf8fe62df9c45b89620b,cd4994285b0cf1a0eee1,d84f73d3e769ad680872,e22f99eb8ebbf13fc5ee,f6816fd470aa6b923f79",15,source_time_resolution_coarser_than_detection_bins,paired_own_window_setup_difference_not_synchronized_instrument_error,23.83826670525817,15,23.83826670525817,23.50255784684382,23.953495256684256,23.144500304576464,24.29557003690599,23.75577660254027,15,23.75577660254027,23.440829214268767,23.915358282322764,23.082969075243696,24.212775319146186,0.049991668055326954,15,0.049991668055326954,0.024995834027663477,0.0666555574071026,0.0,0.0999833361106317
historical/hailo_durations/yolo,envelope_0.5,hailo_rt,pico,600.0,15,15,15,"074a42d84db5d2813deb,321e3a4f6595459910df,578e39c3c4519c029e3c,59798d704b5d814ce4ca,607f4a240e88aee7e5f7,821421a722372a12de4e,8363acf10fa258733f17,864c1004cd8904284527,940c3c7bb6a4381adf57,aa5f518abb5984b6c7f8,bf8fe62df9c45b89620b,cd4994285b0cf1a0eee1,d84f73d3e769ad680872,e22f99eb8ebbf13fc5ee,f6816fd470aa6b923f79",15,source_time_resolution_coarser_than_detection_bins,paired_own_window_setup_difference_not_synchronized_instrument_error,-0.06681895491533751,15,-0.06681895491533751,-0.08124824609956338,0.0015867325191154524,-0.15515454512975424,0.16310353917021736,-0.0816376657080009,15,-0.08250953203166045,-0.10103381656926258,-0.05269876802060369,-0.15515454512975424,0.1464152513429795,0.01666388935177565,15,0.01666388935177565,0.0,0.01666388935177565,0.0,0.14997500416595866
memmert_archive/durations/gemm/fp16,reported_legacy,firmware,pico,5.0,15,15,15,"052ca2f96e2dc4fd7715,0ca0e09786e3bde30b3f,0f68105d8f75980ef0a6,2dda3fb47610391d24cd,3068940e8bb41d1fc359,320d06edff70a45d0c76,353c56ccf55405247ab6,3749a2d25876281e071a,544a55d13ea13bc38f69,5ca97b81af544748e51d,60ce6726bfd7c2a19d03,68da4f756e4ed9a1c3e5,84584d463a1f34dfad87,b458ed0165c3a49cac34,caf94894b4e7dd3aa4b8",12,envelope_energy_sensitive_gt1pct,paired_own_window_setup_difference_not_synchronized_instrument_error,-0.017546149037750425,15,-0.08211852965805955,-0.31221781935233395,0.012277774923774576,-0.990549634092408,0.6914925777830927,-0.017546149037750425,15,-0.08211852965805955,-0.3122178193523395,0.012277774923774576,-0.990549634092408,0.6914925777830927,0.0,15,0.0,0.0,0.0,0.0,0.0
memmert_archive/durations/gemm/fp16,reported_legacy,jetson,pico,5.0,15,15,15,"052ca2f96e2dc4fd7715,0ca0e09786e3bde30b3f,0f68105d8f75980ef0a6,2dda3fb47610391d24cd,3068940e8bb41d1fc359,320d06edff70a45d0c76,353c56ccf55405247ab6,3749a2d25876281e071a,544a55d13ea13bc38f69,5ca97b81af544748e51d,60ce6726bfd7c2a19d03,68da4f756e4ed9a1c3e5,84584d463a1f34dfad87,b458ed0165c3a49cac34,caf94894b4e7dd3aa4b8",15,envelope_energy_sensitive_gt1pct;timestamp_gap_requires_review,paired_own_window_setup_difference_not_synchronized_instrument_error,-2.170067338342241,15,-1.8361037763888421,-2.852377589605309,-1.3034386525430985,-3.8655774002458565,-0.7156881864126996,-1.6019521345672083,15,-1.722821457896706,-3.4652389872551925,-0.03680680595378738,-4.150103781178849,2.661806945044254,0.3581857142857192,15,0.3581857142857192,-2.8539214285714207,2.4177071428571506,-6.358142857142857,3.298171428571428
memmert_archive/durations/gemm/fp16,reported_legacy,shelly,pico,5.0,15,15,15,"052ca2f96e2dc4fd7715,0ca0e09786e3bde30b3f,0f68105d8f75980ef0a6,2dda3fb47610391d24cd,3068940e8bb41d1fc359,320d06edff70a45d0c76,353c56ccf55405247ab6,3749a2d25876281e071a,544a55d13ea13bc38f69,5ca97b81af544748e51d,60ce6726bfd7c2a19d03,68da4f756e4ed9a1c3e5,84584d463a1f34dfad87,b458ed0165c3a49cac34,caf94894b4e7dd3aa4b8",15,envelope_energy_sensitive_gt1pct;source_time_resolution_coarser_than_detection_bins,paired_own_window_setup_difference_not_synchronized_instrument_error,-4.057349177894176,15,-3.8756811025368876,-4.424394479955324,-3.3563444649797325,-4.965721885463525,-2.0708884678410366,-3.951860878813651,15,-3.888175639703728,-4.401176308043414,-3.3218284899878103,-5.1424415169175175,-2.0891138799288056,-0.05041428571429529,15,-0.05041428571429529,-0.11471428571429576,0.040314285714282416,-0.31240000000000157,0.186300000000017
memmert_archive/durations/gemm/fp16,reported_legacy,firmware,pico,10.0,15,15,15,"06110030f5b96295c207,1e6e3aa8a63a11203263,2651c2682b0039c36962,29523cbb4f51184bebab,38ed2f17a3624286ed44,491aaa8a1416a8d68935,5186c1288e7ded173033,565019798aec45246516,7ab40e4300c74167902e,8899c8d59c7f1e0120a2,8ad345b3b39921fca4ec,9553f519f9afd854a51b,9d3f5bb25cbe99e3c880,9d57df27fff3e3df9a50,e53e0eb2166f5522c6bd",4,envelope_energy_sensitive_gt1pct,paired_own_window_setup_difference_not_synchronized_instrument_error,0.21753874890795277,15,0.32415859488452714,0.057824119786120676,0.5122573029841648,-0.3978351015930248,1.048942808502229,0.21753874890795277,15,0.32415859488452714,0.057824119786120676,0.5122573029841537,-0.3978351015930248,1.048942808502229,0.0,15,0.0,0.0,0.0,0.0,0.0
memmert_archive/durations/gemm/fp16,reported_legacy,jetson,pico,10.0,15,15,15,"06110030f5b96295c207,1e6e3aa8a63a11203263,2651c2682b0039c36962,29523cbb4f51184bebab,38ed2f17a3624286ed44,491aaa8a1416a8d68935,5186c1288e7ded173033,565019798aec45246516,7ab40e4300c74167902e,8899c8d59c7f1e0120a2,8ad345b3b39921fca4ec,9553f519f9afd854a51b,9d3f5bb25cbe99e3c880,9d57df27fff3e3df9a50,e53e0eb2166f5522c6bd",15,envelope_energy_sensitive_gt1pct;timestamp_gap_requires_review,paired_own_window_setup_difference_not_synchronized_instrument_error,-1.4265344730343132,15,-1.6371167309442214,-1.93736074725544,-1.3364607394097894,-2.1644324998176367,-0.48035285662441085,0.004781859322955384,15,-0.22772751824960968,-0.7086965753146601,0.28346939487460254,-2.977210099028438,0.7145856735098821,-1.4846333333333406,15,-1.4846333333333406,-1.8370624999999863,-1.2153749999999908,-2.1578666666666635,2.573475000000003
memmert_archive/durations/gemm/fp16,reported_legacy,shelly,pico,10.0,15,15,15,"06110030f5b96295c207,1e6e3aa8a63a11203263,2651c2682b0039c36962,29523cbb4f51184bebab,38ed2f17a3624286ed44,491aaa8a1416a8d68935,5186c1288e7ded173033,565019798aec45246516,7ab40e4300c74167902e,8899c8d59c7f1e0120a2,8ad345b3b39921fca4ec,9553f519f9afd854a51b,9d3f5bb25cbe99e3c880,9d57df27fff3e3df9a50,e53e0eb2166f5522c6bd",15,envelope_energy_sensitive_gt1pct;source_time_resolution_coarser_than_detection_bins,paired_own_window_setup_difference_not_synchronized_instrument_error,-2.43154690829096,15,-2.5229689567306535,-2.911611812179471,-2.172147246211847,-3.143704727053731,-1.8549494059860505,-2.327542019284501,15,-2.409251756791242,-2.8603401555715777,-2.174553750872088,-3.075405195915115,-1.8295478014796696,-0.01103333333333234,15,-0.01103333333333234,-0.06906249999999448,0.028208333333334945,-0.8431666666666615,0.1475333333333273
memmert_archive/durations/gemm/fp16,reported_legacy,firmware,pico,20.0,15,15,15,"0c9827515c27a5ff1d35,20e945fe9306365aa4c9,252161faa8d892f80d8d,3b26f20d8c32a8ef5201,41955ffaad6e87c483b3,5e01b9405f2de349d196,a85f88e29dd7fa4bd592,b491aaa4eaf0697c41d9,cb3833038e0fff5fec3c,d6f9b5e4f17cce5ea969,de2235ecc6a659207541,df3118ec8e669c2b8732,e9fbc0569361e67345fd,eb961acf02cdd7f8aa7e,fdc8fd9040047f268b3b",0,,paired_own_window_setup_difference_not_synchronized_instrument_error,0.019201905133203745,15,0.14616856991236382,0.032090498476422535,0.2190098700850518,-0.16391200499686898,0.3839812810026322,0.019201905133203745,15,0.14616856991236382,0.032090498476422535,0.2190098700850407,-0.16391200499688008,0.3839812810026322,0.0,15,0.0,0.0,0.0,0.0,0.0
memmert_archive/durations/gemm/fp16,reported_legacy,jetson,pico,20.0,15,15,15,"0c9827515c27a5ff1d35,20e945fe9306365aa4c9,252161faa8d892f80d8d,3b26f20d8c32a8ef5201,41955ffaad6e87c483b3,5e01b9405f2de349d196,a85f88e29dd7fa4bd592,b491aaa4eaf0697c41d9,cb3833038e0fff5fec3c,d6f9b5e4f17cce5ea969,de2235ecc6a659207541,df3118ec8e669c2b8732,e9fbc0569361e67345fd,eb961acf02cdd7f8aa7e,fdc8fd9040047f268b3b",15,envelope_energy_sensitive_gt1pct;timestamp_gap_requires_review,paired_own_window_setup_difference_not_synchronized_instrument_error,-1.403186354329311,15,-1.2894667288286255,-1.4421808830684502,-1.1735963421130258,-1.5538347738247915,-0.6865604584095353,-1.110318606374483,15,-0.8955581055296147,-1.0419807034779238,-0.6640328950906327,-1.2991345451996095,-0.4313259659277091,-0.36026818181817966,15,-0.36026818181817966,-0.6064318181818074,-0.15041818181817934,-0.8519454545454441,0.21370454545452944
memmert_archive/durations/gemm/fp16,reported_legacy,shelly,pico,20.0,15,15,15,"0c9827515c27a5ff1d35,20e945fe9306365aa4c9,252161faa8d892f80d8d,3b26f20d8c32a8ef5201,41955ffaad6e87c483b3,5e01b9405f2de349d196,a85f88e29dd7fa4bd592,b491aaa4eaf0697c41d9,cb3833038e0fff5fec3c,d6f9b5e4f17cce5ea969,de2235ecc6a659207541,df3118ec8e669c2b8732,e9fbc0569361e67345fd,eb961acf02cdd7f8aa7e,fdc8fd9040047f268b3b",15,envelope_energy_sensitive_gt1pct;source_time_resolution_coarser_than_detection_bins,paired_own_window_setup_difference_not_synchronized_instrument_error,-2.307789143378025,15,-2.245610853959523,-2.413273565616525,-2.0057438203646805,-2.548915415641795,-1.7004571225427978,-2.3108758304768107,15,-2.2619419949243658,-2.4016554406509014,-2.0046032113371526,-2.5360324512039956,-1.705787349619703,-0.006413636363622466,15,-0.006413636363622466,-0.015304545454541962,0.02193636363636564,-0.04835000000000811,0.044986363636367876
memmert_archive/durations/gemm/fp16,reported_legacy,firmware,pico,50.0,15,15,15,"121045f0163c3e840de0,24f2ff8e0d3f2f2ed039,5a6337b0aefd60995b13,7583825fba86dac1547d,77d6de9609f1b8819098,98304e529ba88a09842a,b52426a11c9705d53529,b79f6fc5ba629c3cb71e,b8115eff415cd86246e4,da325e51c289f1228eac,da35b9e94f3a9f5af0cf,f3c3cd47295a62241509,f43884ba46fd389d358b,f7b03fce704345fc347f,fdf63c8a6605a48f73ca",0,,paired_own_window_setup_difference_not_synchronized_instrument_error,0.060795663767532204,15,0.13040373059443056,-0.06426706401922999,0.18182326655655778,-0.22797683127396828,0.4209895808571007,0.060795663767532204,15,0.13040373059443056,-0.0642670640192411,0.18182326655654668,-0.22797683127396828,0.4209895808571229,0.0,15,0.0,0.0,0.0,0.0,0.0
memmert_archive/durations/gemm/fp16,reported_legacy,jetson,pico,50.0,15,15,15,"121045f0163c3e840de0,24f2ff8e0d3f2f2ed039,5a6337b0aefd60995b13,7583825fba86dac1547d,77d6de9609f1b8819098,98304e529ba88a09842a,b52426a11c9705d53529,b79f6fc5ba629c3cb71e,b8115eff415cd86246e4,da325e51c289f1228eac,da35b9e94f3a9f5af0cf,f3c3cd47295a62241509,f43884ba46fd389d358b,f7b03fce704345fc347f,fdf63c8a6605a48f73ca",15,timestamp_gap_requires_review,paired_own_window_setup_difference_not_synchronized_instrument_error,-1.2081874619684574,15,-1.1228068378472678,-1.1677770098084184,-1.0913183315109154,-1.457594738325474,-0.9260002411159984,-1.2883393551847977,15,-1.2146256261368116,-1.3013777517323855,-0.9576042278979569,-1.4849200680670638,-0.7760904067807051,0.06844230769229576,15,0.06844230769229576,-0.21257403846153267,0.1419826923076961,-0.49895384615384897,0.43626153846152427
memmert_archive/durations/gemm/fp16,reported_legacy,shelly,pico,50.0,15,15,15,"121045f0163c3e840de0,24f2ff8e0d3f2f2ed039,5a6337b0aefd60995b13,7583825fba86dac1547d,77d6de9609f1b8819098,98304e529ba88a09842a,b52426a11c9705d53529,b79f6fc5ba629c3cb71e,b8115eff415cd86246e4,da325e51c289f1228eac,da35b9e94f3a9f5af0cf,f3c3cd47295a62241509,f43884ba46fd389d358b,f7b03fce704345fc347f,fdf63c8a6605a48f73ca",15,envelope_energy_sensitive_gt1pct;source_time_resolution_coarser_than_detection_bins,paired_own_window_setup_difference_not_synchronized_instrument_error,-2.314784161733674,15,-2.265553187527314,-2.3055636002739854,-2.2133484843091744,-2.5919287861677187,-2.157805758905962,-2.296590459334069,15,-2.2580587754871373,-2.302454596572562,-2.2188608195093495,-2.5699751784593716,-2.160539619212365,-0.002103846153844735,15,-0.002103846153844735,-0.012627884615390439,0.00443557692307861,-0.03108653846154441,0.03726730769231246
memmert_archive/durations/gemm/fp16,reported_legacy,firmware,pico,100.0,15,15,15,"00884f2cddfdba16ece0,11a454d35eea5d699731,2d60381c127e9d2674aa,5271074600074ad12752,5cac80835ccd6b777f28,712c65bac283878db489,7b7e971a8c9e51ef77e3,9cef09fe1a327746069a,a929baef2105ab7b030e,ab38ce87fcfd545f9267,bd9ca67f8a5da37873a9,c97d495a5ae646a578ea,d1c553079e89fd0ce546,e904d4f0098cf585ad69,eff1af78d248fc53d7fc",0,,paired_own_window_setup_difference_not_synchronized_instrument_error,0.1410485536455841,15,0.15807903532647494,0.05169801228657178,0.2400520664496253,-0.038121164671622854,0.4046639108562955,0.1410485536455841,15,0.15807903532645273,0.051698012286582884,0.2400520664496364,-0.038121164671622854,0.4046639108562733,0.0,15,0.0,0.0,0.0,0.0,0.0
memmert_archive/durations/gemm/fp16,reported_legacy,jetson,pico,100.0,15,15,15,"00884f2cddfdba16ece0,11a454d35eea5d699731,2d60381c127e9d2674aa,5271074600074ad12752,5cac80835ccd6b777f28,712c65bac283878db489,7b7e971a8c9e51ef77e3,9cef09fe1a327746069a,a929baef2105ab7b030e,ab38ce87fcfd545f9267,bd9ca67f8a5da37873a9,c97d495a5ae646a578ea,d1c553079e89fd0ce546,e904d4f0098cf585ad69,eff1af78d248fc53d7fc",15,timestamp_gap_requires_review,paired_own_window_setup_difference_not_synchronized_instrument_error,-0.9464329496003621,15,-0.9549090837022378,-0.9857589737664763,-0.9209250818214054,-1.1349974741042268,-0.8091563579332717,-0.9142387715219358,15,-0.9372955527062743,-0.9810054719869954,-0.8893265835487052,-1.0840848330905262,-0.744889736382981,-0.016550000000015164,15,-0.016550000000015164,-0.04166960784314222,0.009419607843130784,-0.1822098039215625,0.0964274509803964
memmert_archive/durations/gemm/fp16,reported_legacy,shelly,pico,100.0,15,15,15,"00884f2cddfdba16ece0,11a454d35eea5d699731,2d60381c127e9d2674aa,5271074600074ad12752,5cac80835ccd6b777f28,712c65bac283878db489,7b7e971a8c9e51ef77e3,9cef09fe1a327746069a,a929baef2105ab7b030e,ab38ce87fcfd545f9267,bd9ca67f8a5da37873a9,c97d495a5ae646a578ea,d1c553079e89fd0ce546,e904d4f0098cf585ad69,eff1af78d248fc53d7fc",15,source_time_resolution_coarser_than_detection_bins,paired_own_window_setup_difference_not_synchronized_instrument_error,-2.0498473839435705,15,-2.0875374128922153,-2.110318162128616,-2.0112143068916897,-2.2389194036630866,-1.9319028734403054,-2.052823249637181,15,-2.088894729586843,-2.1152928669466164,-2.0142768603786223,-2.232246275217664,-1.9343843180880893,0.003038235294106073,15,0.003038235294106073,-0.0018999999999991246,0.0063348039215704866,-0.0072803921568609375,0.02499215686273537
memmert_archive/durations/gemm/fp16,reported_legacy,firmware,pico,200.0,15,15,15,"192ea562c45ee242826b,46471a0f0ba52581dfd6,4fd7b4174e860bc4aa09,6ebb14f90e476455ee6b,71ba4c558da993bf7323,9f71aa8e076caf208803,a645698e4c44b43b1c32,a85774dc010a7e80b5b5,afcb4ad7c8b41fd3aa69,aff4b23a0688c29a8b0b,b689e9ce847773274ed6,bdce568d4d553bcb9097,c017df5b0eca2a6ac12f,e310a2c7948183908830,eace720f46c4e4c75daa",0,,paired_own_window_setup_difference_not_synchronized_instrument_error,0.19870367108931752,15,0.13206733745034782,0.094527014159973,0.22835350902665752,-0.0212844057517092,0.2852143701643328,0.19870367108931752,15,0.13206733745034782,0.0945270141599841,0.22835350902665752,-0.0212844057517092,0.2852143701643328,0.0,15,0.0,0.0,0.0,0.0,0.0
memmert_archive/durations/gemm/fp16,reported_legacy,jetson,pico,200.0,15,15,15,"192ea562c45ee242826b,46471a0f0ba52581dfd6,4fd7b4174e860bc4aa09,6ebb14f90e476455ee6b,71ba4c558da993bf7323,9f71aa8e076caf208803,a645698e4c44b43b1c32,a85774dc010a7e80b5b5,afcb4ad7c8b41fd3aa69,aff4b23a0688c29a8b0b,b689e9ce847773274ed6,bdce568d4d553bcb9097,c017df5b0eca2a6ac12f,e310a2c7948183908830,eace720f46c4e4c75daa",15,timestamp_gap_requires_review,paired_own_window_setup_difference_not_synchronized_instrument_error,-0.953499720365103,15,-0.9517781606262155,-0.9912322878880386,-0.8944274311554645,-1.0688829693724422,-0.8037443973531788,-0.8874786893501296,15,-0.9053479010095788,-0.9334314381131026,-0.8355411159445159,-1.0319220245351035,-0.741203985161154,-0.07374158415841547,15,-0.07374158415841547,-0.08786856435644141,-0.05018564356435995,-0.1120554455445677,0.07232722772276823
memmert_archive/durations/gemm/fp16,reported_legacy,shelly,pico,200.0,15,15,15,"192ea562c45ee242826b,46471a0f0ba52581dfd6,4fd7b4174e860bc4aa09,6ebb14f90e476455ee6b,71ba4c558da993bf7323,9f71aa8e076caf208803,a645698e4c44b43b1c32,a85774dc010a7e80b5b5,afcb4ad7c8b41fd3aa69,aff4b23a0688c29a8b0b,b689e9ce847773274ed6,bdce568d4d553bcb9097,c017df5b0eca2a6ac12f,e310a2c7948183908830,eace720f46c4e4c75daa",15,source_time_resolution_coarser_than_detection_bins,paired_own_window_setup_difference_not_synchronized_instrument_error,-2.201301935172839,15,-2.2465705608585185,-2.3165779728784863,-2.1671461044862337,-2.400193161044084,-2.0258783392302804,-2.205696385142697,15,-2.2429012820343486,-2.3160051677296787,-2.1629990379578077,-2.3976545337020982,-2.0289877063580652,-0.0005841584158394753,15,-0.0005841584158394753,-0.0024346534653441054,0.0020361386138589843,-0.005108415841592606,0.006224752475247897
memmert_archive/durations/gemm/fp16,reported_legacy,firmware,pico,300.0,15,15,15,"19e2187ad4dabbccea67,1c2be08136a42e6b5fd2,345be0abc9f73e87bd47,3dbc6e22cd5a9a7fcaec,3f08043d7fb8c74a4efa,4d2143577948078b4966,5ebf329770e78ef83067,748570104584f6f84e35,86770e8faec42f4195a2,9f0364c3b793b80509a3,b8ba21bfaafd22555213,c21ad14a4267d2fb289f,e37df37440b92415ecba,e4877fa6421762792a4e,f92bd1301e769283840b",0,,paired_own_window_setup_difference_not_synchronized_instrument_error,0.22163456529435965,15,0.1993294519684552,0.1775151496889893,0.24865128380995305,0.07211217859801611,0.26583124637500344,0.22163456529435965,15,0.199329451968433,0.1775151496889893,0.24865128380994195,0.07211217859801611,0.26583124637502564,0.0,15,0.0,0.0,0.0,0.0,0.0
memmert_archive/durations/gemm/fp16,reported_legacy,jetson,pico,300.0,15,15,15,"19e2187ad4dabbccea67,1c2be08136a42e6b5fd2,345be0abc9f73e87bd47,3dbc6e22cd5a9a7fcaec,3f08043d7fb8c74a4efa,4d2143577948078b4966,5ebf329770e78ef83067,748570104584f6f84e35,86770e8faec42f4195a2,9f0364c3b793b80509a3,b8ba21bfaafd22555213,c21ad14a4267d2fb289f,e37df37440b92415ecba,e4877fa6421762792a4e,f92bd1301e769283840b",15,terminal_duplicate_power_row_excluded_in_derived_view;timestamp_gap_requires_review,paired_own_window_setup_difference_not_synchronized_instrument_error,-0.9400502220606954,15,-0.9399119999789263,-0.9727818550974432,-0.9115915148230014,-1.018133427515755,-0.8144881388417624,-0.8943539555643643,15,-0.9244075890301184,-0.9681146361615767,-0.8699063663712536,-0.990638816874001,-0.7868670384368337,-0.012809602648999885,15,-0.012809602648999885,-0.061907781456949085,0.019876986754963077,-0.10180463576157095,0.07079900662250171
memmert_archive/durations/gemm/fp16,reported_legacy,shelly,pico,300.0,15,15,15,"19e2187ad4dabbccea67,1c2be08136a42e6b5fd2,345be0abc9f73e87bd47,3dbc6e22cd5a9a7fcaec,3f08043d7fb8c74a4efa,4d2143577948078b4966,5ebf329770e78ef83067,748570104584f6f84e35,86770e8faec42f4195a2,9f0364c3b793b80509a3,b8ba21bfaafd22555213,c21ad14a4267d2fb289f,e37df37440b92415ecba,e4877fa6421762792a4e,f92bd1301e769283840b",15,source_time_resolution_coarser_than_detection_bins,paired_own_window_setup_difference_not_synchronized_instrument_error,-2.207990234076729,15,-2.220270259444823,-2.2781466868136366,-2.193431283546765,-2.3649977042157433,-2.0902491604845697,-2.208021644083036,15,-2.2404196399388954,-2.2758013505105925,-2.193542792849368,-2.3646178314539967,-2.090323403252592,3.211920531764889e-05,15,3.211920531764889e-05,-0.0010816225165521942,0.002598178807944329,-0.0089940397350885,0.024352649006620375
memmert_archive/durations/gemm/fp16,reported_legacy,firmware,pico,400.0,15,15,15,"01351fa23e7e65cd2b84,1a97e9944d5403cf33b5,2e92a1c14b1871811295,31090337de65c32c838d,4c7680db7873d152c88c,4f511be7c26068697ff8,6a4f061a9910102615c0,73735b1f5d9c5461d406,7ac3b019e35845b2b569,8273a3ef6f0f9c340198,8c25d0f537019a261428,9e0c6b7ef2ec75b97bb0,c4cd1488f670e5699d01,e940023165d1d7a53ecc,ea2a1c3976abb7c7a5db",0,,paired_own_window_setup_difference_not_synchronized_instrument_error,0.20393298533514237,15,0.22291017315672068,0.2055973380912901,0.2565274023562436,0.08732528885819768,0.2978485527465047,0.20393298533514237,15,0.22291017315672068,0.2055973380912901,0.2565274023562436,0.08732528885819768,0.2978485527465047,0.0,15,0.0,0.0,0.0,0.0,0.0
memmert_archive/durations/gemm/fp16,reported_legacy,jetson,pico,400.0,15,15,15,"01351fa23e7e65cd2b84,1a97e9944d5403cf33b5,2e92a1c14b1871811295,31090337de65c32c838d,4c7680db7873d152c88c,4f511be7c26068697ff8,6a4f061a9910102615c0,73735b1f5d9c5461d406,7ac3b019e35845b2b569,8273a3ef6f0f9c340198,8c25d0f537019a261428,9e0c6b7ef2ec75b97bb0,c4cd1488f670e5699d01,e940023165d1d7a53ecc,ea2a1c3976abb7c7a5db",15,terminal_duplicate_power_row_excluded_in_derived_view;timestamp_gap_requires_review,paired_own_window_setup_difference_not_synchronized_instrument_error,-0.9235612138540183,15,-0.9242956184245532,-0.9490704428080199,-0.9046856262165115,-1.004168576354536,-0.8447283819296492,-0.9026072920257477,15,-0.9064482107269067,-0.9382493617648258,-0.862862049653168,-1.0026614118538668,-0.8232535460501955,-0.04543532338308065,15,-0.04543532338308065,-0.059744402985068,-0.0115656716417889,-0.06885422885571924,0.07288631840796089
memmert_archive/durations/gemm/fp16,reported_legacy,shelly,pico,400.0,15,15,15,"01351fa23e7e65cd2b84,1a97e9944d5403cf33b5,2e92a1c14b1871811295,31090337de65c32c838d,4c7680db7873d152c88c,4f511be7c26068697ff8,6a4f061a9910102615c0,73735b1f5d9c5461d406,7ac3b019e35845b2b569,8273a3ef6f0f9c340198,8c25d0f537019a261428,9e0c6b7ef2ec75b97bb0,c4cd1488f670e5699d01,e940023165d1d7a53ecc,ea2a1c3976abb7c7a5db",15,source_time_resolution_coarser_than_detection_bins,paired_own_window_setup_difference_not_synchronized_instrument_error,-2.1612254928428,15,-2.1546265635883244,-2.186602549695654,-2.144523082631067,-2.25130074155514,-2.071782550185697,-2.155095339189106,15,-2.152778906236774,-2.1869479452464646,-2.1427254831695275,-2.2454160128673517,-2.071473661202139,-0.0003154228855661856,15,-0.0003154228855661856,-0.0038422885572153564,0.00031666666666652077,-0.006265174129338469,0.004488805970148668
memmert_archive/durations/gemm/fp16,reported_legacy,firmware,pico,500.0,15,15,15,"3144f704bc12bd08ba81,44826df0127035dce1f0,460e01026f39cfeead7e,6315db43eb4b4fec5218,79262d395ed981313269,82c0a0f89593f10dd494,8b82f3af58f7586239d5,9fb7cd84d221a30eeaa2,bc06626ed9ac6b71afaf,be6d0339b74668935bce,be9202354f695b0103b5,c951c9065a6a94845272,d92ab1cd2d842a1a059d,efc437cb3fa0fb0dedfe,fc9a0fff7972c5289f42",0,,paired_own_window_setup_difference_not_synchronized_instrument_error,0.1654706857360022,15,0.20141366279859962,0.15972766629792634,0.23000394076791997,-0.3630018963113324,0.246783534606565,0.1654706857360022,15,0.20141366279859962,0.15972766629793744,0.23000394076790887,-0.3630018963113435,0.246783534606565,0.0,15,0.0,0.0,0.0,0.0,0.0
memmert_archive/durations/gemm/fp16,reported_legacy,jetson,pico,500.0,15,15,15,"3144f704bc12bd08ba81,44826df0127035dce1f0,460e01026f39cfeead7e,6315db43eb4b4fec5218,79262d395ed981313269,82c0a0f89593f10dd494,8b82f3af58f7586239d5,9fb7cd84d221a30eeaa2,bc06626ed9ac6b71afaf,be6d0339b74668935bce,be9202354f695b0103b5,c951c9065a6a94845272,d92ab1cd2d842a1a059d,efc437cb3fa0fb0dedfe,fc9a0fff7972c5289f42",15,timestamp_gap_requires_review,paired_own_window_setup_difference_not_synchronized_instrument_error,-0.8952634871803866,15,-0.9021749830384396,-0.9139145523865466,-0.8599904097356614,-0.9544566179697678,-0.8361746289891947,-0.8842513721127099,15,-0.896692072073213,-0.9154056704810065,-0.8658551896597311,-0.9732230270564135,-0.8232321255863706,0.003836454183270277,15,0.003836454183270277,-0.00548715139442324,0.021220617529882357,-0.05004721115537958,0.04256673306772818
memmert_archive/durations/gemm/fp16,reported_legacy,shelly,pico,500.0,15,15,15,"3144f704bc12bd08ba81,44826df0127035dce1f0,460e01026f39cfeead7e,6315db43eb4b4fec5218,79262d395ed981313269,82c0a0f89593f10dd494,8b82f3af58f7586239d5,9fb7cd84d221a30eeaa2,bc06626ed9ac6b71afaf,be6d0339b74668935bce,be9202354f695b0103b5,c951c9065a6a94845272,d92ab1cd2d842a1a059d,efc437cb3fa0fb0dedfe,fc9a0fff7972c5289f42",15,source_time_resolution_coarser_than_detection_bins;timestamp_gap_requires_review,paired_own_window_setup_difference_not_synchronized_instrument_error,-2.1178724721231723,15,-2.105952487517271,-2.1346168485215475,-2.089299643263265,-2.2373216963471165,-2.03048761169059,-2.117458518665871,15,-2.1056671898899926,-2.1348642037209267,-2.0935168098702386,-2.231725923337613,-2.0288459117938085,-0.00029143426294453434,15,-0.00029143426294453434,-0.0012512948207199504,0.0011317729083692996,-0.005723505976096277,0.03739063745020754
memmert_archive/durations/gemm/fp16,reported_legacy,firmware,pico,600.0,15,15,15,"19b546a6b71cdf476de6,46bc47c330b7e95f1c88,48a4334fa744ada2e9c4,56d77271f34fe5b86748,6236cb40a9efb181e47a,64d6998b429a7105ee02,801807460402e8617280,8291687f40f0bf3ab831,aa34c288d0b8a1d6b920,ba0fa96961a507d83b65,c24254da519aa5905e15,c4c14f345ec1778e772e,d460b4977921909b8d40,d481d0b69b54bc7da3cc,df717b57a1a5d9bb7fbb",0,,paired_own_window_setup_difference_not_synchronized_instrument_error,0.2871488037679226,15,0.25221311156460313,0.24149712467737006,0.26552513378272913,0.20190074838219996,0.3940031301704616,0.2871488037679226,15,0.25221311156460313,0.24149712467738116,0.26552513378272913,0.20190074838219996,0.39400313017048383,0.0,15,0.0,0.0,0.0,0.0,0.0
memmert_archive/durations/gemm/fp16,reported_legacy,jetson,pico,600.0,15,15,15,"19b546a6b71cdf476de6,46bc47c330b7e95f1c88,48a4334fa744ada2e9c4,56d77271f34fe5b86748,6236cb40a9efb181e47a,64d6998b429a7105ee02,801807460402e8617280,8291687f40f0bf3ab831,aa34c288d0b8a1d6b920,ba0fa96961a507d83b65,c24254da519aa5905e15,c4c14f345ec1778e772e,d460b4977921909b8d40,d481d0b69b54bc7da3cc,df717b57a1a5d9bb7fbb",15,timestamp_gap_requires_review,paired_own_window_setup_difference_not_synchronized_instrument_error,-0.8032969232157905,15,-0.8460207730223157,-0.8705882256182074,-0.8083846137653006,-0.9350328415147158,-0.7518612423955129,-0.7856364368857172,15,-0.8320255873592419,-0.8563664986084629,-0.798133183288785,-0.9208034559738398,-0.7750574626831486,-0.011732059800650951,15,-0.011732059800650951,-0.01645689368771075,-0.0028150332225918007,-0.041426411960121534,0.02337740863787019
memmert_archive/durations/gemm/fp16,reported_legacy,shelly,pico,600.0,15,15,15,"19b546a6b71cdf476de6,46bc47c330b7e95f1c88,48a4334fa744ada2e9c4,56d77271f34fe5b86748,6236cb40a9efb181e47a,64d6998b429a7105ee02,801807460402e8617280,8291687f40f0bf3ab831,aa34c288d0b8a1d6b920,ba0fa96961a507d83b65,c24254da519aa5905e15,c4c14f345ec1778e772e,d460b4977921909b8d40,d481d0b69b54bc7da3cc,df717b57a1a5d9bb7fbb",15,source_time_resolution_coarser_than_detection_bins,paired_own_window_setup_difference_not_synchronized_instrument_error,-1.8987321808488722,15,-1.913579160502632,-1.9994878776725122,-1.8840515787735934,-2.0678461546643767,-1.8114450622308431,-1.893551280331851,15,-1.9110585028199845,-2.0009536110052295,-1.8834110502681134,-2.067919197030288,-1.807509859544576,-0.0004307308969941914,15,-0.0004307308969941914,-0.0030063953488312922,0.0006530730896958659,-0.005280897009962704,0.006498837209312214
memmert_archive/durations/gemm/fp16,envelope_0.5,firmware,pico,5.0,15,15,15,"052ca2f96e2dc4fd7715,0ca0e09786e3bde30b3f,0f68105d8f75980ef0a6,2dda3fb47610391d24cd,3068940e8bb41d1fc359,320d06edff70a45d0c76,353c56ccf55405247ab6,3749a2d25876281e071a,544a55d13ea13bc38f69,5ca97b81af544748e51d,60ce6726bfd7c2a19d03,68da4f756e4ed9a1c3e5,84584d463a1f34dfad87,b458ed0165c3a49cac34,caf94894b4e7dd3aa4b8",12,envelope_energy_sensitive_gt1pct,paired_own_window_setup_difference_not_synchronized_instrument_error,-0.019280790269438075,15,0.1687481583897421,-0.19824044426562382,0.5312397812593628,-1.3825425159160964,2.227709246450904,-0.07279519953438118,15,0.08921305799463042,-0.4032542710726672,0.21249268026367618,-1.3825425159160853,1.0237914826197292,-3.3306690738754696e-14,15,-3.3306690738754696e-14,-3.3306690738754696e-14,-3.3306690738754696e-14,-3.3306690738754696e-14,3.3333333333333215
memmert_archive/durations/gemm/fp16,envelope_0.5,jetson,pico,5.0,15,15,15,"052ca2f96e2dc4fd7715,0ca0e09786e3bde30b3f,0f68105d8f75980ef0a6,2dda3fb47610391d24cd,3068940e8bb41d1fc359,320d06edff70a45d0c76,353c56ccf55405247ab6,3749a2d25876281e071a,544a55d13ea13bc38f69,5ca97b81af544748e51d,60ce6726bfd7c2a19d03,68da4f756e4ed9a1c3e5,84584d463a1f34dfad87,b458ed0165c3a49cac34,caf94894b4e7dd3aa4b8",15,envelope_energy_sensitive_gt1pct;timestamp_gap_requires_review,paired_own_window_setup_difference_not_synchronized_instrument_error,-5.868647184638642,15,-5.299291664212524,-5.724537375367822,-5.244822235569524,-8.862537409095705,-4.561950663564385,-8.182924776099599,15,-8.328235801823125,-8.374985782433031,-7.902555739298466,-9.068360391397833,-5.8246219893988815,3.3333333333333215,15,3.3333333333333215,3.3333333333333215,3.3333333333333215,-3.2258064516129226,3.44827586206895
memmert_archive/durations/gemm/fp16,envelope_0.5,shelly,pico,5.0,15,15,15,"052ca2f96e2dc4fd7715,0ca0e09786e3bde30b3f,0f68105d8f75980ef0a6,2dda3fb47610391d24cd,3068940e8bb41d1fc359,320d06edff70a45d0c76,353c56ccf55405247ab6,3749a2d25876281e071a,544a55d13ea13bc38f69,5ca97b81af544748e51d,60ce6726bfd7c2a19d03,68da4f756e4ed9a1c3e5,84584d463a1f34dfad87,b458ed0165c3a49cac34,caf94894b4e7dd3aa4b8",15,envelope_energy_sensitive_gt1pct;source_time_resolution_coarser_than_detection_bins,paired_own_window_setup_difference_not_synchronized_instrument_error,-9.127360987297294,15,-9.176000321296407,-9.585648874766662,-6.704201892803663,-11.256819408281194,-5.602107539095802,-10.847623130689065,15,-11.120131902864427,-12.187242675797943,-9.531790770018166,-14.946810210888927,-6.623467785697246,3.3333333333333215,15,3.3333333333333437,3.3333333333332993,3.3333333333333437,-3.2258064516129226,6.66666666666671
memmert_archive/durations/gemm/fp16,envelope_0.5,firmware,pico,10.0,15,15,15,"06110030f5b96295c207,1e6e3aa8a63a11203263,2651c2682b0039c36962,29523cbb4f51184bebab,38ed2f17a3624286ed44,491aaa8a1416a8d68935,5186c1288e7ded173033,565019798aec45246516,7ab40e4300c74167902e,8899c8d59c7f1e0120a2,8ad345b3b39921fca4ec,9553f519f9afd854a51b,9d3f5bb25cbe99e3c880,9d57df27fff3e3df9a50,e53e0eb2166f5522c6bd",4,envelope_energy_sensitive_gt1pct,paired_own_window_setup_difference_not_synchronized_instrument_error,0.4835001209702039,15,0.48889528803350846,0.04645539675318111,0.8264115508059056,-1.0288029817106192,1.2324375560250678,0.08768143323323319,15,0.1930636481447756,-0.05904713440803566,0.5090330637433693,-0.4763996149326766,0.988725300168869,0.0,15,0.0,0.0,0.0,-1.21951219512193,1.2500000000000178
memmert_archive/durations/gemm/fp16,envelope_0.5,jetson,pico,10.0,15,15,15,"06110030f5b96295c207,1e6e3aa8a63a11203263,2651c2682b0039c36962,29523cbb4f51184bebab,38ed2f17a3624286ed44,491aaa8a1416a8d68935,5186c1288e7ded173033,565019798aec45246516,7ab40e4300c74167902e,8899c8d59c7f1e0120a2,8ad345b3b39921fca4ec,9553f519f9afd854a51b,9d3f5bb25cbe99e3c880,9d57df27fff3e3df9a50,e53e0eb2166f5522c6bd",15,envelope_energy_sensitive_gt1pct;timestamp_gap_requires_review,paired_own_window_setup_difference_not_synchronized_instrument_error,-2.7024727599582854,15,-2.773381766699057,-3.1016463860550845,-2.2878555652451005,-3.65382614829749,-1.7953334166066925,-3.5047296403369232,15,-3.4689141700191883,-3.6714039517532493,-3.1955790142926768,-4.26600707759055,-3.0077367077597117,1.2345679012345512,15,1.2345679012345512,0.0,1.2500000000000178,0.0,1.2500000000000178
memmert_archive/durations/gemm/fp16,envelope_0.5,shelly,pico,10.0,15,15,15,"06110030f5b96295c207,1e6e3aa8a63a11203263,2651c2682b0039c36962,29523cbb4f51184bebab,38ed2f17a3624286ed44,491aaa8a1416a8d68935,5186c1288e7ded173033,565019798aec45246516,7ab40e4300c74167902e,8899c8d59c7f1e0120a2,8ad345b3b39921fca4ec,9553f519f9afd854a51b,9d3f5bb25cbe99e3c880,9d57df27fff3e3df9a50,e53e0eb2166f5522c6bd",15,envelope_energy_sensitive_gt1pct;source_time_resolution_coarser_than_detection_bins,paired_own_window_setup_difference_not_synchronized_instrument_error,-3.957965088451909,15,-4.283562535248464,-4.747550191037053,-3.60865619395348,-5.289822273927792,-2.8935407344238606,-5.2172813204289685,15,-5.417399463044392,-5.985237558874301,-4.798672784151603,-7.002472647147973,-4.032936968828071,1.2345679012345512,15,1.2500000000000178,1.2195121951219745,1.2500000000000178,0.0,3.70370370370372
memmert_archive/durations/gemm/fp16,envelope_0.5,firmware,pico,20.0,15,15,15,"0c9827515c27a5ff1d35,20e945fe9306365aa4c9,252161faa8d892f80d8d,3b26f20d8c32a8ef5201,41955ffaad6e87c483b3,5e01b9405f2de349d196,a85f88e29dd7fa4bd592,b491aaa4eaf0697c41d9,cb3833038e0fff5fec3c,d6f9b5e4f17cce5ea969,de2235ecc6a659207541,df3118ec8e669c2b8732,e9fbc0569361e67345fd,eb961acf02cdd7f8aa7e,fdc8fd9040047f268b3b",0,,paired_own_window_setup_difference_not_synchronized_instrument_error,0.09355296510122901,15,0.14916677626486408,0.05148364511876613,0.23654081360571233,-0.15474591010909977,0.45781843761014684,0.07122330903159835,15,0.1716783488874274,0.09081773032710849,0.30936569694135496,-0.15474591010911087,0.45781843761014684,0.0,15,0.0,0.0,0.0,-0.5524861878452914,2.220446049250313e-14
memmert_archive/durations/gemm/fp16,envelope_0.5,jetson,pico,20.0,15,15,15,"0c9827515c27a5ff1d35,20e945fe9306365aa4c9,252161faa8d892f80d8d,3b26f20d8c32a8ef5201,41955ffaad6e87c483b3,5e01b9405f2de349d196,a85f88e29dd7fa4bd592,b491aaa4eaf0697c41d9,cb3833038e0fff5fec3c,d6f9b5e4f17cce5ea969,de2235ecc6a659207541,df3118ec8e669c2b8732,e9fbc0569361e67345fd,eb961acf02cdd7f8aa7e,fdc8fd9040047f268b3b",15,envelope_energy_sensitive_gt1pct;timestamp_gap_requires_review,paired_own_window_setup_difference_not_synchronized_instrument_error,-1.8787543931268358,15,-1.7695657748522775,-1.8782236641874561,-1.6560465469502628,-2.183265178724636,-1.2217203046633096,-2.420860722446594,15,-2.291403451682794,-2.404612981593335,-2.1719367764933883,-2.5385543284657697,-1.7674566565712535,0.5555555555555536,15,0.5555555555555536,0.5555555555555536,0.5555555555555536,2.220446049250313e-14,0.5555555555555536
memmert_archive/durations/gemm/fp16,envelope_0.5,shelly,pico,20.0,15,15,15,"0c9827515c27a5ff1d35,20e945fe9306365aa4c9,252161faa8d892f80d8d,3b26f20d8c32a8ef5201,41955ffaad6e87c483b3,5e01b9405f2de349d196,a85f88e29dd7fa4bd592,b491aaa4eaf0697c41d9,cb3833038e0fff5fec3c,d6f9b5e4f17cce5ea969,de2235ecc6a659207541,df3118ec8e669c2b8732,e9fbc0569361e67345fd,eb961acf02cdd7f8aa7e,fdc8fd9040047f268b3b",15,envelope_energy_sensitive_gt1pct;source_time_resolution_coarser_than_detection_bins,paired_own_window_setup_difference_not_synchronized_instrument_error,-2.9067824997189073,15,-2.956377419305889,-3.441930836311008,-2.8428222194046224,-3.5755043816457666,-2.601758448719149,-3.2465228593282824,15,-3.334413405516512,-3.5195399052382506,-3.0319706058333393,-4.108236401636689,-2.777022900142534,0.5555555555555536,15,0.5555555555555536,1.1102230246251565e-14,0.5555555555555536,-0.5555555555555647,0.5555555555555536
memmert_archive/durations/gemm/fp16,envelope_0.5,firmware,pico,50.0,15,15,15,"121045f0163c3e840de0,24f2ff8e0d3f2f2ed039,5a6337b0aefd60995b13,7583825fba86dac1547d,77d6de9609f1b8819098,98304e529ba88a09842a,b52426a11c9705d53529,b79f6fc5ba629c3cb71e,b8115eff415cd86246e4,da325e51c289f1228eac,da35b9e94f3a9f5af0cf,f3c3cd47295a62241509,f43884ba46fd389d358b,f7b03fce704345fc347f,fdf63c8a6605a48f73ca",0,,paired_own_window_setup_difference_not_synchronized_instrument_error,-0.0038077156471749696,15,0.13055802554238216,-0.11571846996164536,0.19860529033723928,-0.22412839676203555,0.4381090129176979,0.1447140353965093,15,0.1306128337215995,-0.030787949529309522,0.2124030408440558,-0.22412839676203555,0.4381090129176757,-0.20790020790021346,15,0.0,0.0,0.0,-0.20790020790021346,0.0
memmert_archive/durations/gemm/fp16,envelope_0.5,jetson,pico,50.0,15,15,15,"121045f0163c3e840de0,24f2ff8e0d3f2f2ed039,5a6337b0aefd60995b13,7583825fba86dac1547d,77d6de9609f1b8819098,98304e529ba88a09842a,b52426a11c9705d53529,b79f6fc5ba629c3cb71e,b8115eff415cd86246e4,da325e51c289f1228eac,da35b9e94f3a9f5af0cf,f3c3cd47295a62241509,f43884ba46fd389d358b,f7b03fce704345fc347f,fdf63c8a6605a48f73ca",15,timestamp_gap_requires_review,paired_own_window_setup_difference_not_synchronized_instrument_error,-1.4186169234531532,15,-1.4103662939894068,-1.4983779629534344,-1.3453431694233464,-1.5485893273835094,-1.1314253848002886,-1.5169552775783135,15,-1.4880776748746216,-1.5504464060773604,-1.4701149083639453,-1.7532700148525704,-1.336973356973259,0.0,15,0.20790020790020236,0.0,0.2083333333333437,0.0,0.2083333333333437
memmert_archive/durations/gemm/fp16,envelope_0.5,shelly,pico,50.0,15,15,15,"121045f0163c3e840de0,24f2ff8e0d3f2f2ed039,5a6337b0aefd60995b13,7583825fba86dac1547d,77d6de9609f1b8819098,98304e529ba88a09842a,b52426a11c9705d53529,b79f6fc5ba629c3cb71e,b8115eff415cd86246e4,da325e51c289f1228eac,da35b9e94f3a9f5af0cf,f3c3cd47295a62241509,f43884ba46fd389d358b,f7b03fce704345fc347f,fdf63c8a6605a48f73ca",15,envelope_energy_sensitive_gt1pct;source_time_resolution_coarser_than_detection_bins,paired_own_window_setup_difference_not_synchronized_instrument_error,-2.6741433709609796,15,-2.6103470562955478,-2.7968956863227703,-2.5286350853766457,-2.87719898279879,-2.4813614136573015,-2.7686813812591193,15,-2.825109991386454,-2.904196930459657,-2.695651458788628,-3.0371813508164203,-2.4813614136573126,0.0,15,2.220446049250313e-14,0.0,0.2083333333333437,0.0,0.4166666666666652
memmert_archive/durations/gemm/fp16,envelope_0.5,firmware,pico,100.0,15,15,15,"00884f2cddfdba16ece0,11a454d35eea5d699731,2d60381c127e9d2674aa,5271074600074ad12752,5cac80835ccd6b777f28,712c65bac283878db489,7b7e971a8c9e51ef77e3,9cef09fe1a327746069a,a929baef2105ab7b030e,ab38ce87fcfd545f9267,bd9ca67f8a5da37873a9,c97d495a5ae646a578ea,d1c553079e89fd0ce546,e904d4f0098cf585ad69,eff1af78d248fc53d7fc",0,,paired_own_window_setup_difference_not_synchronized_instrument_error,0.09199602056539913,15,0.16244590993874652,0.05707910877793543,0.2493769675722124,-0.04358077283429518,0.3394021630004129,0.15898880920062197,15,0.15144658935304367,0.05707910877793543,0.25059146041670477,-0.04358077283430628,0.4416849378862331,2.220446049250313e-14,15,2.220446049250313e-14,0.0,2.220446049250313e-14,-0.10183299389001643,0.10193679918450993
memmert_archive/durations/gemm/fp16,envelope_0.5,jetson,pico,100.0,15,15,15,"00884f2cddfdba16ece0,11a454d35eea5d699731,2d60381c127e9d2674aa,5271074600074ad12752,5cac80835ccd6b777f28,712c65bac283878db489,7b7e971a8c9e51ef77e3,9cef09fe1a327746069a,a929baef2105ab7b030e,ab38ce87fcfd545f9267,bd9ca67f8a5da37873a9,c97d495a5ae646a578ea,d1c553079e89fd0ce546,e904d4f0098cf585ad69,eff1af78d248fc53d7fc",15,timestamp_gap_requires_review,paired_own_window_setup_difference_not_synchronized_instrument_error,-1.0968910027805978,15,-1.0709495307043015,-1.098929404022203,-1.02929521693495,-1.1379629634293842,-0.9596284371477859,-1.131477358052313,15,-1.1363664806782747,-1.1641324098909833,-1.0787910670346845,-1.328349576440302,-0.9168036053423645,0.10193679918450993,15,0.10193679918450993,2.220446049250313e-14,0.10193679918453213,-0.10183299389001643,0.20387359836901986
memmert_archive/durations/gemm/fp16,envelope_0.5,shelly,pico,100.0,15,15,15,"00884f2cddfdba16ece0,11a454d35eea5d699731,2d60381c127e9d2674aa,5271074600074ad12752,5cac80835ccd6b777f28,712c65bac283878db489,7b7e971a8c9e51ef77e3,9cef09fe1a327746069a,a929baef2105ab7b030e,ab38ce87fcfd545f9267,bd9ca67f8a5da37873a9,c97d495a5ae646a578ea,d1c553079e89fd0ce546,e904d4f0098cf585ad69,eff1af78d248fc53d7fc",15,source_time_resolution_coarser_than_detection_bins,paired_own_window_setup_difference_not_synchronized_instrument_error,-2.247176611169288,15,-2.2085021949683648,-2.2667823442458768,-2.16943970687577,-2.2919587234332517,-2.139628895196133,-2.272344310740526,15,-2.3080862049531303,-2.3727457866615898,-2.1826534501660277,-2.4883885392910976,-2.0638570262984324,0.10193679918450993,15,0.10193679918450993,0.0,0.10193679918450993,-0.10183299389001643,0.20387359836901986
memmert_archive/durations/gemm/fp16,envelope_0.5,firmware,pico,200.0,15,15,15,"192ea562c45ee242826b,46471a0f0ba52581dfd6,4fd7b4174e860bc4aa09,6ebb14f90e476455ee6b,71ba4c558da993bf7323,9f71aa8e076caf208803,a645698e4c44b43b1c32,a85774dc010a7e80b5b5,afcb4ad7c8b41fd3aa69,aff4b23a0688c29a8b0b,b689e9ce847773274ed6,bdce568d4d553bcb9097,c017df5b0eca2a6ac12f,e310a2c7948183908830,eace720f46c4e4c75daa",0,,paired_own_window_setup_difference_not_synchronized_instrument_error,0.20286216704459292,15,0.13475837996284046,0.09675392927694926,0.2235769675162591,-0.02355057392749993,0.2907763787906692,0.2107413802034941,15,0.13475837996284046,0.09529785034367855,0.2307979554470152,-0.02355057392749993,0.2994168058975344,0.0,15,0.0,0.0,0.0,-0.05047955577990315,0.05050505050505638
memmert_archive/durations/gemm/fp16,envelope_0.5,jetson,pico,200.0,15,15,15,"192ea562c45ee242826b,46471a0f0ba52581dfd6,4fd7b4174e860bc4aa09,6ebb14f90e476455ee6b,71ba4c558da993bf7323,9f71aa8e076caf208803,a645698e4c44b43b1c32,a85774dc010a7e80b5b5,afcb4ad7c8b41fd3aa69,aff4b23a0688c29a8b0b,b689e9ce847773274ed6,bdce568d4d553bcb9097,c017df5b0eca2a6ac12f,e310a2c7948183908830,eace720f46c4e4c75daa",15,timestamp_gap_requires_review,paired_own_window_setup_difference_not_synchronized_instrument_error,-0.9602972269450283,15,-0.9868407973002813,-1.0369416190259106,-0.9460948461551544,-1.1094289338073104,-0.8315981310880405,-1.04149791429613,15,-1.036796982569066,-1.073314273348569,-0.9710992002714747,-1.1206310603538605,-0.8816578998255054,0.05050505050505638,15,0.050479555779925356,0.02523977788997378,0.05050505050505638,0.0,0.05050505050505638
memmert_archive/durations/gemm/fp16,envelope_0.5,shelly,pico,200.0,15,15,15,"192ea562c45ee242826b,46471a0f0ba52581dfd6,4fd7b4174e860bc4aa09,6ebb14f90e476455ee6b,71ba4c558da993bf7323,9f71aa8e076caf208803,a645698e4c44b43b1c32,a85774dc010a7e80b5b5,afcb4ad7c8b41fd3aa69,aff4b23a0688c29a8b0b,b689e9ce847773274ed6,bdce568d4d553bcb9097,c017df5b0eca2a6ac12f,e310a2c7948183908830,eace720f46c4e4c75daa",15,source_time_resolution_coarser_than_detection_bins,paired_own_window_setup_difference_not_synchronized_instrument_error,-2.2995538871734444,15,-2.3218317776921737,-2.407129776336847,-2.254455938421296,-2.4818624787447674,-2.113240969542607,-2.3285602007358297,15,-2.3711392831047506,-2.4306639769104024,-2.2849834947404557,-2.53108920137034,-2.113240969542629,0.05050505050505638,15,2.220446049250313e-14,2.220446049250313e-14,0.05050505050505638,-0.05047955577989205,0.10101010101011276
memmert_archive/durations/gemm/fp16,envelope_0.5,firmware,pico,300.0,15,15,15,"19e2187ad4dabbccea67,1c2be08136a42e6b5fd2,345be0abc9f73e87bd47,3dbc6e22cd5a9a7fcaec,3f08043d7fb8c74a4efa,4d2143577948078b4966,5ebf329770e78ef83067,748570104584f6f84e35,86770e8faec42f4195a2,9f0364c3b793b80509a3,b8ba21bfaafd22555213,c21ad14a4267d2fb289f,e37df37440b92415ecba,e4877fa6421762792a4e,f92bd1301e769283840b",0,,paired_own_window_setup_difference_not_synchronized_instrument_error,0.2022710570127595,15,0.21074354779822002,0.1788227698840017,0.24913858935153854,0.069573914579113,0.26605191033204356,0.2205498762361202,15,0.20104622198489075,0.17565840987674441,0.23969586476025873,0.069573914579113,0.26605191033206577,-2.220446049250313e-14,15,-2.220446049250313e-14,-2.220446049250313e-14,0.0,-2.220446049250313e-14,0.0335683115139096
memmert_archive/durations/gemm/fp16,envelope_0.5,jetson,pico,300.0,15,15,15,"19e2187ad4dabbccea67,1c2be08136a42e6b5fd2,345be0abc9f73e87bd47,3dbc6e22cd5a9a7fcaec,3f08043d7fb8c74a4efa,4d2143577948078b4966,5ebf329770e78ef83067,748570104584f6f84e35,86770e8faec42f4195a2,9f0364c3b793b80509a3,b8ba21bfaafd22555213,c21ad14a4267d2fb289f,e37df37440b92415ecba,e4877fa6421762792a4e,f92bd1301e769283840b",15,terminal_duplicate_power_row_excluded_in_derived_view;timestamp_gap_requires_review,paired_own_window_setup_difference_not_synchronized_instrument_error,-0.9631529431850749,15,-0.9762183558651105,-0.9977029225575029,-0.9467618568227087,-1.0239076842996742,-0.8528153698885155,-0.9783266234736021,15,-0.99892354656137,-1.0152774359551697,-0.9667009266895399,-1.0629053228417562,-0.8860862372140565,0.0335683115139096,15,0.0335683115139096,0.016778523489946462,0.0335683115139096,0.0,0.0671366230278636
memmert_archive/durations/gemm/fp16,envelope_0.5,shelly,pico,300.0,15,15,15,"19e2187ad4dabbccea67,1c2be08136a42e6b5fd2,345be0abc9f73e87bd47,3dbc6e22cd5a9a7fcaec,3f08043d7fb8c74a4efa,4d2143577948078b4966,5ebf329770e78ef83067,748570104584f6f84e35,86770e8faec42f4195a2,9f0364c3b793b80509a3,b8ba21bfaafd22555213,c21ad14a4267d2fb289f,e37df37440b92415ecba,e4877fa6421762792a4e,f92bd1301e769283840b",15,source_time_resolution_coarser_than_detection_bins,paired_own_window_setup_difference_not_synchronized_instrument_error,-2.2575366256022633,15,-2.287401569988645,-2.32442376624008,-2.2288041908496092,-2.4554403100724764,-2.113094371227786,-2.3052954480686894,15,-2.3203519532305705,-2.3521347780870174,-2.2653273132530183,-2.4554403100724986,-2.178768242833773,0.0335683115139318,15,0.0335683115139318,0.016778523489946462,0.0671366230278414,-0.03354579000334201,0.0671366230278636
memmert_archive/durations/gemm/fp16,envelope_0.5,firmware,pico,400.0,15,15,15,"01351fa23e7e65cd2b84,1a97e9944d5403cf33b5,2e92a1c14b1871811295,31090337de65c32c838d,4c7680db7873d152c88c,4f511be7c26068697ff8,6a4f061a9910102615c0,73735b1f5d9c5461d406,7ac3b019e35845b2b569,8273a3ef6f0f9c340198,8c25d0f537019a261428,9e0c6b7ef2ec75b97bb0,c4cd1488f670e5699d01,e940023165d1d7a53ecc,ea2a1c3976abb7c7a5db",0,,paired_own_window_setup_difference_not_synchronized_instrument_error,0.1906524314558844,15,0.22311667906567134,0.20601203155808934,0.25609768240939523,0.08727069784910668,0.2986087487687472,0.2141900530399532,15,0.22311667906567134,0.20601203155808934,0.25609768240938413,0.08727069784910668,0.2986087487687694,0.0,15,0.0,0.0,0.0,-1.1102230246251565e-14,2.220446049250313e-14
memmert_archive/durations/gemm/fp16,envelope_0.5,jetson,pico,400.0,15,15,15,"01351fa23e7e65cd2b84,1a97e9944d5403cf33b5,2e92a1c14b1871811295,31090337de65c32c838d,4c7680db7873d152c88c,4f511be7c26068697ff8,6a4f061a9910102615c0,73735b1f5d9c5461d406,7ac3b019e35845b2b569,8273a3ef6f0f9c340198,8c25d0f537019a261428,9e0c6b7ef2ec75b97bb0,c4cd1488f670e5699d01,e940023165d1d7a53ecc,ea2a1c3976abb7c7a5db",15,terminal_duplicate_power_row_excluded_in_derived_view;timestamp_gap_requires_review,paired_own_window_setup_difference_not_synchronized_instrument_error,-0.9573175713757154,15,-0.9527748432954786,-0.9714602600397471,-0.9203505696779135,-1.0129857931840625,-0.8836974753517413,-0.9716377592462133,15,-0.9652780944043204,-0.9963355526144746,-0.9452387006576579,-1.037850654828576,-0.9085885608677402,0.02512562814069863,15,0.02512562814069863,0.025122472447647315,0.02512562814069863,0.0,0.025131942699152532
memmert_archive/durations/gemm/fp16,envelope_0.5,shelly,pico,400.0,15,15,15,"01351fa23e7e65cd2b84,1a97e9944d5403cf33b5,2e92a1c14b1871811295,31090337de65c32c838d,4c7680db7873d152c88c,4f511be7c26068697ff8,6a4f061a9910102615c0,73735b1f5d9c5461d406,7ac3b019e35845b2b569,8273a3ef6f0f9c340198,8c25d0f537019a261428,9e0c6b7ef2ec75b97bb0,c4cd1488f670e5699d01,e940023165d1d7a53ecc,ea2a1c3976abb7c7a5db",15,source_time_resolution_coarser_than_detection_bins,paired_own_window_setup_difference_not_synchronized_instrument_error,-2.2004584314707976,15,-2.196086133356301,-2.2219545722634515,-2.1856566951991674,-2.26691022814689,-2.1052330675330966,-2.214598878544416,15,-2.2206538082788496,-2.252192096514877,-2.187648463907893,-2.2914662808533826,-2.1052330675330855,0.02512562814069863,15,2.220446049250313e-14,2.220446049250313e-14,0.02512562814069863,0.0,0.050251256281419465
memmert_archive/durations/gemm/fp16,envelope_0.5,firmware,pico,500.0,15,15,15,"3144f704bc12bd08ba81,44826df0127035dce1f0,460e01026f39cfeead7e,6315db43eb4b4fec5218,79262d395ed981313269,82c0a0f89593f10dd494,8b82f3af58f7586239d5,9fb7cd84d221a30eeaa2,bc06626ed9ac6b71afaf,be6d0339b74668935bce,be9202354f695b0103b5,c951c9065a6a94845272,d92ab1cd2d842a1a059d,efc437cb3fa0fb0dedfe,fc9a0fff7972c5289f42",0,,paired_own_window_setup_difference_not_synchronized_instrument_error,0.16502806677503035,15,0.20017189499590415,0.15913368884017398,0.22958257298544282,-0.5591821474101755,0.25642929570184325,0.16502806677503035,15,0.202343150881501,0.1691169411341953,0.23757810839067917,0.0806905994020779,0.24618207762854283,0.0,15,0.0,-1.1102230246251565e-14,0.0,-0.8027292795504626,0.02007628990161603
memmert_archive/durations/gemm/fp16,envelope_0.5,jetson,pico,500.0,15,15,15,"3144f704bc12bd08ba81,44826df0127035dce1f0,460e01026f39cfeead7e,6315db43eb4b4fec5218,79262d395ed981313269,82c0a0f89593f10dd494,8b82f3af58f7586239d5,9fb7cd84d221a30eeaa2,bc06626ed9ac6b71afaf,be6d0339b74668935bce,be9202354f695b0103b5,c951c9065a6a94845272,d92ab1cd2d842a1a059d,efc437cb3fa0fb0dedfe,fc9a0fff7972c5289f42",15,timestamp_gap_requires_review,paired_own_window_setup_difference_not_synchronized_instrument_error,-0.9103181717831532,15,-0.9090189950678118,-0.936550635835709,-0.8703835247572234,-0.9701736826948304,-0.8471082921619688,-0.9302037190093815,15,-0.9357751592955044,-0.9529553037159744,-0.9026370338804046,-0.9900472179782738,-0.8692725628594911,0.020072260136494435,15,0.020072260136494435,0.020070246062631192,0.04014452027298887,0.0,0.04015257980325426
memmert_archive/durations/gemm/fp16,envelope_0.5,shelly,pico,500.0,15,15,15,"3144f704bc12bd08ba81,44826df0127035dce1f0,460e01026f39cfeead7e,6315db43eb4b4fec5218,79262d395ed981313269,82c0a0f89593f10dd494,8b82f3af58f7586239d5,9fb7cd84d221a30eeaa2,bc06626ed9ac6b71afaf,be6d0339b74668935bce,be9202354f695b0103b5,c951c9065a6a94845272,d92ab1cd2d842a1a059d,efc437cb3fa0fb0dedfe,fc9a0fff7972c5289f42",15,source_time_resolution_coarser_than_detection_bins;timestamp_gap_requires_review,paired_own_window_setup_difference_not_synchronized_instrument_error,-2.1560976430786694,15,-2.1200684372748135,-2.1552638040928604,-2.1124504030452576,-2.277730223344654,-2.0770080182525463,-2.1560976430786805,15,-2.1483835530276996,-2.19681896153473,-2.1277486087074635,-2.277730223344665,-2.061640769332118,2.220446049250313e-14,15,0.020072260136494435,1.1102230246251565e-14,0.0501766221935096,-0.020100502512554463,0.08030515960650852
memmert_archive/durations/gemm/fp16,envelope_0.5,firmware,pico,600.0,15,15,15,"19b546a6b71cdf476de6,46bc47c330b7e95f1c88,48a4334fa744ada2e9c4,56d77271f34fe5b86748,6236cb40a9efb181e47a,64d6998b429a7105ee02,801807460402e8617280,8291687f40f0bf3ab831,aa34c288d0b8a1d6b920,ba0fa96961a507d83b65,c24254da519aa5905e15,c4c14f345ec1778e772e,d460b4977921909b8d40,d481d0b69b54bc7da3cc,df717b57a1a5d9bb7fbb",0,,paired_own_window_setup_difference_not_synchronized_instrument_error,0.27974608956036207,15,0.2521626224009754,0.2436320476306708,0.2762223242944728,0.19992381418210137,0.39338165118940616,0.29651247412640913,15,0.2521626224009532,0.2377772085417229,0.2621814488143914,0.19992381418207916,0.39338165118938395,0.0,15,2.220446049250313e-14,0.0,0.008358408559028252,0.0,0.016719612105009496
memmert_archive/durations/gemm/fp16,envelope_0.5,jetson,pico,600.0,15,15,15,"19b546a6b71cdf476de6,46bc47c330b7e95f1c88,48a4334fa744ada2e9c4,56d77271f34fe5b86748,6236cb40a9efb181e47a,64d6998b429a7105ee02,801807460402e8617280,8291687f40f0bf3ab831,aa34c288d0b8a1d6b920,ba0fa96961a507d83b65,c24254da519aa5905e15,c4c14f345ec1778e772e,d460b4977921909b8d40,d481d0b69b54bc7da3cc,df717b57a1a5d9bb7fbb",15,timestamp_gap_requires_review,paired_own_window_setup_difference_not_synchronized_instrument_error,-0.8210111063674197,15,-0.8492225071387249,-0.887388603761341,-0.8261901806615513,-0.9480682077002589,-0.7726384301173783,-0.8211814529589301,15,-0.8823666747780012,-0.8956739514161538,-0.8377264699724163,-0.9646237704267091,-0.7892233142173466,0.0167168171180343,15,0.0167196121050317,0.0167168171180343,0.03343642922302159,0.0,0.03343922420999679
memmert_archive/durations/gemm/fp16,envelope_0.5,shelly,pico,600.0,15,15,15,"19b546a6b71cdf476de6,46bc47c330b7e95f1c88,48a4334fa744ada2e9c4,56d77271f34fe5b86748,6236cb40a9efb181e47a,64d6998b429a7105ee02,801807460402e8617280,8291687f40f0bf3ab831,aa34c288d0b8a1d6b920,ba0fa96961a507d83b65,c24254da519aa5905e15,c4c14f345ec1778e772e,d460b4977921909b8d40,d481d0b69b54bc7da3cc,df717b57a1a5d9bb7fbb",15,source_time_resolution_coarser_than_detection_bins,paired_own_window_setup_difference_not_synchronized_instrument_error,-1.9180369453296486,15,-1.9325729917523127,-2.020171351723876,-1.9040622116541506,-2.1042618843720162,-1.8429928530618644,-1.9508183500939413,15,-1.965355016491821,-2.0365464685608456,-1.9272607069010461,-2.097960403753263,-1.8429928530618978,0.0167168171180343,15,0.0167196121050317,2.220446049250313e-14,0.0334336342360575,-0.016716817118000993,0.05015883631502849
memmert_archive/durations/gemm/fp16_no_adjustment,reported_legacy,firmware,pico,5.0,15,15,15,"1735ed7731b72c07b2f8,178bbcba6299f754a6b0,28152e189aede05285fb,37c48cef6cbddc35c49e,528f3b3bca48515e2d48,5797e5d4618e03cd843a,634cfbe148e20e81a986,8a322e10d9ba882fb6de,93b5434e3174e50d56ce,aebf590c3d3be4b63e00,b0ed9fc4ee7490c199ff,b14cbbd603bad386aba7,d3a1aec267575a352614,d6d999267c296b90a072,f3b4cce29bec515cf502",14,envelope_energy_sensitive_gt1pct,paired_own_window_setup_difference_not_synchronized_instrument_error,3.0940423702033426,15,3.0940423702033426,2.864098781333413,3.546770877402472,2.4066429179002258,4.304303321826697,3.094042370203365,15,3.094042370203365,2.864098781333413,3.546770877402461,2.4066429179002258,4.304303321826697,0.0,15,0.0,0.0,0.0,0.0,0.0
memmert_archive/durations/gemm/fp16_no_adjustment,reported_legacy,jetson,pico,5.0,15,15,15,"1735ed7731b72c07b2f8,178bbcba6299f754a6b0,28152e189aede05285fb,37c48cef6cbddc35c49e,528f3b3bca48515e2d48,5797e5d4618e03cd843a,634cfbe148e20e81a986,8a322e10d9ba882fb6de,93b5434e3174e50d56ce,aebf590c3d3be4b63e00,b0ed9fc4ee7490c199ff,b14cbbd603bad386aba7,d3a1aec267575a352614,d6d999267c296b90a072,f3b4cce29bec515cf502",15,envelope_energy_sensitive_gt1pct;timestamp_gap_requires_review,paired_own_window_setup_difference_not_synchronized_instrument_error,-1.7065982906047883,15,-1.718958869828835,-1.8600110205631626,-1.2151310318959552,-2.466225523612142,-0.4765634829527965,-2.150514709810225,15,-1.8655577074079277,-2.4066974883326653,-1.3271816929989133,-3.826384042117603,1.1416582789818053,0.15247142857142126,15,0.15247142857142126,-0.2726142857142899,1.3260285714285724,-3.024614285714289,2.8783285714285567
memmert_archive/durations/gemm/fp16_no_adjustment,reported_legacy,shelly,pico,5.0,15,15,15,"1735ed7731b72c07b2f8,178bbcba6299f754a6b0,28152e189aede05285fb,37c48cef6cbddc35c49e,528f3b3bca48515e2d48,5797e5d4618e03cd843a,634cfbe148e20e81a986,8a322e10d9ba882fb6de,93b5434e3174e50d56ce,aebf590c3d3be4b63e00,b0ed9fc4ee7490c199ff,b14cbbd603bad386aba7,d3a1aec267575a352614,d6d999267c296b90a072,f3b4cce29bec515cf502",15,envelope_energy_sensitive_gt1pct;source_time_resolution_coarser_than_detection_bins,paired_own_window_setup_difference_not_synchronized_instrument_error,-4.1863794373195535,15,-4.1863794373195535,-4.721579459157866,-3.594401075657294,-6.33581117038553,-2.4100171635871193,-3.9328430746582876,15,-4.13666417541807,-4.4187329244918025,-3.6250949534868626,-5.054584269189711,-2.344699718455945,-0.05139999999999034,15,-0.05139999999999034,-0.15333571428571835,-0.007257142857142185,-1.9771714285714337,0.23418571428570623
memmert_archive/durations/gemm/fp16_no_adjustment,reported_legacy,firmware,pico,10.0,3,3,3,"29f6194ab628da20eb77,44f93e4eae19a997ce92,ef5ab298924d09e6c4a6",0,,paired_own_window_setup_difference_not_synchronized_instrument_error,2.9889641910537224,3,3.0556214011473237,2.4964421258754754,3.3522396782517228,1.9372628506036271,3.648857955356122,2.9889641910537224,3,3.0556214011473237,2.4964421258754754,3.3522396782517117,1.9372628506036271,3.6488579553560996,0.0,3,0.0,0.0,0.0,0.0,0.0
memmert_archive/durations/gemm/fp16_no_adjustment,reported_legacy,jetson,pico,10.0,3,3,3,"29f6194ab628da20eb77,44f93e4eae19a997ce92,ef5ab298924d09e6c4a6",3,envelope_energy_sensitive_gt1pct;timestamp_gap_requires_review,paired_own_window_setup_difference_not_synchronized_instrument_error,-1.8496622326339862,3,-1.8496622326339862,-2.2367106895992417,-1.4425196995035694,-2.623759146564497,-1.0353771663731526,-0.847803652691681,3,-0.847803652691681,-1.0030639387027362,-0.6102716529776564,-1.1583242247137915,-0.3727396532636318,-1.0104250000000037,3,-1.0104250000000037,-1.2465166666666694,-0.8377708333333289,-1.482608333333335,-0.6651166666666541
memmert_archive/durations/gemm/fp16_no_adjustment,reported_legacy,shelly,pico,10.0,3,3,3,"29f6194ab628da20eb77,44f93e4eae19a997ce92,ef5ab298924d09e6c4a6",3,envelope_energy_sensitive_gt1pct;source_time_resolution_coarser_than_detection_bins,paired_own_window_setup_difference_not_synchronized_instrument_error,-2.5391515511647533,3,-2.5391515511647533,-2.9284107761063325,-2.257548100472012,-3.317670001047912,-1.975944649779271,-2.514739617210582,3,-2.514739617210582,-2.8933245854015577,-2.25525281165756,-3.2719095535925335,-1.995766006104538,-0.025041666666647533,3,-0.025041666666647533,-0.0361749999999994,-0.002408333333320245,-0.04730833333335127,0.020225000000007043
memmert_archive/durations/gemm/fp16_no_adjustment,reported_legacy,firmware,pico,20.0,15,15,15,"0d9cba8cf70998211d3a,1954650a8fb9c472fc88,1b741c8c08dc3cc92fc7,362012e99454386c460d,3d757cab86626c15de0a,6b6c8795af1e0694d0e7,6e1feecacad17a89d695,9f0e645829fce5b76620,a0499ab1e826a0073e56,c89a3632bd0869ffbce2,d32a9c300d78201aa084,d69acd547937c4ae6810,d9043fbc73f73c66cb86,e653a9ae7973cb9e0d54,f4243841bfd0b4ec4c11",0,,paired_own_window_setup_difference_not_synchronized_instrument_error,3.1911792499504266,15,3.362352829387971,3.168634886398114,3.434697352360938,2.7292003904303863,3.803560895213076,3.1911792499504266,15,3.362352829387949,3.168634886398114,3.434697352360938,2.7292003904303863,3.803560895213076,0.0,15,0.0,0.0,0.0,0.0,0.0
memmert_archive/durations/gemm/fp16_no_adjustment,reported_legacy,jetson,pico,20.0,15,15,15,"0d9cba8cf70998211d3a,1954650a8fb9c472fc88,1b741c8c08dc3cc92fc7,362012e99454386c460d,3d757cab86626c15de0a,6b6c8795af1e0694d0e7,6e1feecacad17a89d695,9f0e645829fce5b76620,a0499ab1e826a0073e56,c89a3632bd0869ffbce2,d32a9c300d78201aa084,d69acd547937c4ae6810,d9043fbc73f73c66cb86,e653a9ae7973cb9e0d54,f4243841bfd0b4ec4c11",15,envelope_energy_sensitive_gt1pct;timestamp_gap_requires_review,paired_own_window_setup_difference_not_synchronized_instrument_error,-1.548771699097795,15,-1.4629107579906875,-1.6155333849359188,-1.1856584682318816,-1.7971601550953564,-0.6774143648418551,-0.7581841393706434,15,-0.8043149526246518,-0.8957338822679739,-0.4406469476884556,-1.688576282457488,-0.09169193624936067,-0.7797272727272708,15,-0.7797272727272708,-0.906906818181813,-0.5366818181818167,-1.5692999999999957,0.8283863636363797
memmert_archive/durations/gemm/fp16_no_adjustment,reported_legacy,shelly,pico,20.0,15,15,15,"0d9cba8cf70998211d3a,1954650a8fb9c472fc88,1b741c8c08dc3cc92fc7,362012e99454386c460d,3d757cab86626c15de0a,6b6c8795af1e0694d0e7,6e1feecacad17a89d695,9f0e645829fce5b76620,a0499ab1e826a0073e56,c89a3632bd0869ffbce2,d32a9c300d78201aa084,d69acd547937c4ae6810,d9043fbc73f73c66cb86,e653a9ae7973cb9e0d54,f4243841bfd0b4ec4c11",15,envelope_energy_sensitive_gt1pct;source_time_resolution_coarser_than_detection_bins,paired_own_window_setup_difference_not_synchronized_instrument_error,-2.404034954725476,15,-2.2889693972659497,-2.4049055445984235,-2.213616371280891,-2.6782303401289287,-1.8480492961891026,-2.3969076334293904,15,-2.2951831661109146,-2.43235868299882,-2.1963874620361867,-2.5868213555864217,-1.9006884949308023,0.019645454545447194,15,0.019645454545447194,-0.00758636363636378,0.04116136363635503,-0.40178636363638054,0.08038181818184054
memmert_archive/durations/gemm/fp16_no_adjustment,reported_legacy,firmware,pico,50.0,15,15,15,"045015b643695dc514e9,0791bb4bc7dfac6f5334,129ff217e01cc5e658cb,1b4c4baf32d86dacd1b8,66627567480cbcc95b5e,719b22139cc54f9404d6,76315da8ce3a7a18d2c8,7e7256d8d59a017a88f2,820c73118854053151ae,a4390317385e8cb2a0e4,b509d52b609d8e06a7b2,c965b2acf0e186e4ea47,cb68210d45d38a7d4509,e97e8de34aa2fce40751,fd4ca420b0d5df558584",0,,paired_own_window_setup_difference_not_synchronized_instrument_error,3.3519283448592896,15,3.4512468409498176,3.2413382851405492,3.5298037342443522,3.159761408908257,3.8128245756306356,3.3519283448592896,15,3.4512468409498176,3.2413382851405492,3.529803734244341,3.1597614089082793,3.8128245756306356,0.0,15,0.0,0.0,0.0,0.0,0.0
memmert_archive/durations/gemm/fp16_no_adjustment,reported_legacy,jetson,pico,50.0,15,15,15,"045015b643695dc514e9,0791bb4bc7dfac6f5334,129ff217e01cc5e658cb,1b4c4baf32d86dacd1b8,66627567480cbcc95b5e,719b22139cc54f9404d6,76315da8ce3a7a18d2c8,7e7256d8d59a017a88f2,820c73118854053151ae,a4390317385e8cb2a0e4,b509d52b609d8e06a7b2,c965b2acf0e186e4ea47,cb68210d45d38a7d4509,e97e8de34aa2fce40751,fd4ca420b0d5df558584",15,timestamp_gap_requires_review,paired_own_window_setup_difference_not_synchronized_instrument_error,-1.2018426473702881,15,-1.1762755764704202,-1.2379349807016493,-1.0198189402238378,-1.3108412802795066,-0.7396586567813501,-1.2331951532971064,15,-1.1005366544612816,-1.235862088154871,-0.980364808305001,-1.346090241682485,-0.754414740248166,-0.0007442307692340222,15,-0.0007442307692340222,-0.1408067307692218,0.057080769230766215,-0.4515576923076803,0.38923076923076394
memmert_archive/durations/gemm/fp16_no_adjustment,reported_legacy,shelly,pico,50.0,15,15,15,"045015b643695dc514e9,0791bb4bc7dfac6f5334,129ff217e01cc5e658cb,1b4c4baf32d86dacd1b8,66627567480cbcc95b5e,719b22139cc54f9404d6,76315da8ce3a7a18d2c8,7e7256d8d59a017a88f2,820c73118854053151ae,a4390317385e8cb2a0e4,b509d52b609d8e06a7b2,c965b2acf0e186e4ea47,cb68210d45d38a7d4509,e97e8de34aa2fce40751,fd4ca420b0d5df558584",15,envelope_energy_sensitive_gt1pct;source_time_resolution_coarser_than_detection_bins,paired_own_window_setup_difference_not_synchronized_instrument_error,-2.219816238216188,15,-2.202932090970522,-2.2235155910445004,-2.117693899248385,-2.4176130838559517,-1.9309433332262316,-2.215305145451263,15,-2.215305145451263,-2.241726004026817,-2.10972144791039,-2.4173109528379366,-1.9013269665348442,-0.000309615384608275,15,-0.000309615384608275,-0.008144230769235872,0.016075961538464245,-0.030190384615380594,0.03613846153847078
memmert_archive/durations/gemm/fp16_no_adjustment,reported_legacy,firmware,pico,100.0,15,15,15,"0cc7e7ae5853c2ddc8cc,174091e0f4f85c78bd59,1bcb14da1be61d829621,33323f94dbb1d601360a,4b7e88b0b3d83fd2154e,77fdf9d03ae209307281,92db2be0b2957f828190,a682f6e6757fda4f271d,aa5ffcd209df6101c184,c214d983873f6200c31b,d43978bd41aa965e6591,d85d577a02ab64431d42,dd8788361e34e62f9107,e0058526d2b1e8fb289b,e29cf1cd060b59d3cdcd",0,,paired_own_window_setup_difference_not_synchronized_instrument_error,3.345960639833989,15,3.3845202145784903,3.2922112068687004,3.4344053835638433,3.221181980431753,3.4986163837782858,3.345960639833989,15,3.3845202145785125,3.2922112068686893,3.4344053835638433,3.221181980431731,3.4986163837782858,0.0,15,0.0,0.0,0.0,0.0,0.0
memmert_archive/durations/gemm/fp16_no_adjustment,reported_legacy,jetson,pico,100.0,15,15,15,"0cc7e7ae5853c2ddc8cc,174091e0f4f85c78bd59,1bcb14da1be61d829621,33323f94dbb1d601360a,4b7e88b0b3d83fd2154e,77fdf9d03ae209307281,92db2be0b2957f828190,a682f6e6757fda4f271d,aa5ffcd209df6101c184,c214d983873f6200c31b,d43978bd41aa965e6591,d85d577a02ab64431d42,dd8788361e34e62f9107,e0058526d2b1e8fb289b,e29cf1cd060b59d3cdcd",15,timestamp_gap_requires_review,paired_own_window_setup_difference_not_synchronized_instrument_error,-1.0234254175852442,15,-1.008372132614399,-1.0739365204287088,-0.9782988069212573,-1.1589571709382462,-0.8838784059638116,-1.047244897938382,15,-1.0646361243363156,-1.0989067743561176,-0.9469502994119916,-1.178673036332789,-0.8583136189866836,0.015199019607847752,15,0.015199019607847752,-0.03264656862744797,0.06397647058823397,-0.11305882352941055,0.14253921568627703
memmert_archive/durations/gemm/fp16_no_adjustment,reported_legacy,shelly,pico,100.0,15,15,15,"0cc7e7ae5853c2ddc8cc,174091e0f4f85c78bd59,1bcb14da1be61d829621,33323f94dbb1d601360a,4b7e88b0b3d83fd2154e,77fdf9d03ae209307281,92db2be0b2957f828190,a682f6e6757fda4f271d,aa5ffcd209df6101c184,c214d983873f6200c31b,d43978bd41aa965e6591,d85d577a02ab64431d42,dd8788361e34e62f9107,e0058526d2b1e8fb289b,e29cf1cd060b59d3cdcd",15,source_time_resolution_coarser_than_detection_bins,paired_own_window_setup_difference_not_synchronized_instrument_error,-2.111523219840228,15,-2.10902343457704,-2.157858778978933,-2.004184975218415,-2.197811914573855,-1.9188954016555182,-2.105649558813749,15,-2.1052288064106306,-2.1571456899988073,-1.999550492169011,-2.2167531046930367,-1.9205665982756304,-0.0008098039215753694,15,-0.0008098039215753694,-0.010414705882355602,0.0022901960784360575,-0.045889215686278906,0.026663725490205792
memmert_archive/durations/gemm/fp16_no_adjustment,reported_legacy,firmware,pico,200.0,15,15,15,"0347e3d9fc04f4064a4c,0ae42bf73c29de4e9c41,2117275d9f22c0f6835c,3e0383d0c236c19fab80,40c4f07d2276bb566055,56d93dad0e26a50a93b5,6168b5d86c1d907b9ddc,83fa0075a64be0c6fa6d,9358e9ad8ddd57fba544,a867ac8946e00ab69ce1,b2ec9361030fde210177,b7a26eb0ee939f787e68,c58bca3bcae7206e9e19,ec0132a255b6a6e40544,f917978aad9117098435",0,,paired_own_window_setup_difference_not_synchronized_instrument_error,3.4038557006078607,15,3.411937239230145,3.386436247721214,3.448575183393676,3.353913231026273,3.5084783069659897,3.4038557006078607,15,3.411937239230123,3.386436247721214,3.448575183393676,3.353913231026273,3.5084783069659897,0.0,15,0.0,0.0,0.0,0.0,0.0
memmert_archive/durations/gemm/fp16_no_adjustment,reported_legacy,jetson,pico,200.0,15,15,15,"0347e3d9fc04f4064a4c,0ae42bf73c29de4e9c41,2117275d9f22c0f6835c,3e0383d0c236c19fab80,40c4f07d2276bb566055,56d93dad0e26a50a93b5,6168b5d86c1d907b9ddc,83fa0075a64be0c6fa6d,9358e9ad8ddd57fba544,a867ac8946e00ab69ce1,b2ec9361030fde210177,b7a26eb0ee939f787e68,c58bca3bcae7206e9e19,ec0132a255b6a6e40544,f917978aad9117098435",15,timestamp_gap_requires_review,paired_own_window_setup_difference_not_synchronized_instrument_error,-0.9556666528155011,15,-0.9413065532727138,-0.9564425495969919,-0.8978665663467333,-1.000069102440082,-0.7458208836522373,-0.9589902154812258,15,-0.9211999899230272,-0.9708257801112397,-0.8911859545088274,-1.0082452333139869,-0.8508747810315409,0.001469306930701464,15,0.001469306930701464,-0.0007584158415840925,0.017626980198015563,-0.052632178217826286,0.10595544554454772
memmert_archive/durations/gemm/fp16_no_adjustment,reported_legacy,shelly,pico,200.0,15,15,15,"0347e3d9fc04f4064a4c,0ae42bf73c29de4e9c41,2117275d9f22c0f6835c,3e0383d0c236c19fab80,40c4f07d2276bb566055,56d93dad0e26a50a93b5,6168b5d86c1d907b9ddc,83fa0075a64be0c6fa6d,9358e9ad8ddd57fba544,a867ac8946e00ab69ce1,b2ec9361030fde210177,b7a26eb0ee939f787e68,c58bca3bcae7206e9e19,ec0132a255b6a6e40544,f917978aad9117098435",15,source_time_resolution_coarser_than_detection_bins,paired_own_window_setup_difference_not_synchronized_instrument_error,-2.1958311835426514,15,-2.1506133850675346,-2.2289831033051435,-2.115669636328932,-2.274803686616389,-2.032535689700188,-2.1948521636965035,15,-2.1541944446738293,-2.2262675434701396,-2.1135048515761037,-2.276562224716938,-2.031181586031816,-0.0010009900989982334,15,-0.0010009900989982334,-0.005209405940598266,0.0010514851484955123,-0.009975247524751651,0.004126732673270794
memmert_archive/durations/gemm/fp16_no_adjustment,reported_legacy,firmware,pico,300.0,15,15,15,"3e9c583c33bc2fcfd7c9,4e5fdf19866ecc141a27,5f858a3c6294e1b3665e,718b0e8842e6be94b263,7a051d026cd8e0a81127,7be1abfee654c267359b,7e0e68ff809ff5a1923a,81a1b0b83bbacb75cafa,8da17ef58c3fb9a1a6f0,aa90cb5cd7be6c92de93,cb40838ee0432b4188ef,d11ee874f76d91bd846b,d140ecb337a7a52fbdc3,e479c9b8edc49f18cc70,e8d468230c96b5267f73",0,,paired_own_window_setup_difference_not_synchronized_instrument_error,3.435772848845864,15,3.4198303930916607,3.355946038999169,3.4673739534320736,3.2627466880828626,3.495419189799942,3.435772848845864,15,3.4198303930916385,3.355946038999169,3.4673739534320736,3.2627466880828626,3.495419189799942,0.0,15,0.0,0.0,0.0,0.0,0.0
memmert_archive/durations/gemm/fp16_no_adjustment,reported_legacy,jetson,pico,300.0,15,15,15,"3e9c583c33bc2fcfd7c9,4e5fdf19866ecc141a27,5f858a3c6294e1b3665e,718b0e8842e6be94b263,7a051d026cd8e0a81127,7be1abfee654c267359b,7e0e68ff809ff5a1923a,81a1b0b83bbacb75cafa,8da17ef58c3fb9a1a6f0,aa90cb5cd7be6c92de93,cb40838ee0432b4188ef,d11ee874f76d91bd846b,d140ecb337a7a52fbdc3,e479c9b8edc49f18cc70,e8d468230c96b5267f73",15,timestamp_gap_requires_review,paired_own_window_setup_difference_not_synchronized_instrument_error,-0.9325018404916396,15,-0.933073541282492,-0.9776528165383269,-0.9096574959771897,-1.0650669878503827,-0.8610906550799435,-0.9397554567053601,15,-0.9362880662796669,-0.9725446260563819,-0.91971282335368,-1.0725012911059983,-0.8658278394823804,0.003388741721854771,15,0.003388741721854771,-0.011489238410611335,0.018522019867550643,-0.025367218543048686,0.06325927152319721
memmert_archive/durations/gemm/fp16_no_adjustment,reported_legacy,shelly,pico,300.0,15,15,15,"3e9c583c33bc2fcfd7c9,4e5fdf19866ecc141a27,5f858a3c6294e1b3665e,718b0e8842e6be94b263,7a051d026cd8e0a81127,7be1abfee654c267359b,7e0e68ff809ff5a1923a,81a1b0b83bbacb75cafa,8da17ef58c3fb9a1a6f0,aa90cb5cd7be6c92de93,cb40838ee0432b4188ef,d11ee874f76d91bd846b,d140ecb337a7a52fbdc3,e479c9b8edc49f18cc70,e8d468230c96b5267f73",15,source_time_resolution_coarser_than_detection_bins,paired_own_window_setup_difference_not_synchronized_instrument_error,-2.2272444009020287,15,-2.2512323909980037,-2.2754486882492655,-2.1934521687907105,-2.3768300809330456,-2.150898295789039,-2.227459370991347,15,-2.2511650672971117,-2.273824735208091,-2.1934133630898023,-2.3763898049162013,-2.1517180181513273,-0.0003115894039784628,15,-0.0003115894039784628,-0.002775662251658373,7.549668872841586e-05,-0.011062913907289307,0.010985099337768034
memmert_archive/durations/gemm/fp16_no_adjustment,reported_legacy,firmware,pico,400.0,15,15,15,"02c1b317954409fa90f2,0ec5593c6f4165655686,26bded81cd615334ffde,478fe684d81a045b06b6,4cd49ed9ebf41f749f6f,53b3068bdf2c3c5701da,7db46afeafafc3866ea1,903c525dd6ed4a056b84,981118e6e9a81190a4c0,b0d71de66e6f18095cf0,b12ef421c44e91f3dc1b,dde4315892ae2c1f1889,e25ab928dc7f4e38f46d,f26928ba686a4d1b7713,fa8a62f99aba2980635f",0,,paired_own_window_setup_difference_not_synchronized_instrument_error,3.446514651463728,15,3.415838624439882,3.394558989455887,3.444717259711072,3.347997605533237,3.495310334164836,3.446514651463728,15,3.415838624439882,3.394558989455898,3.444717259711072,3.347997605533215,3.495310334164836,0.0,15,0.0,0.0,0.0,0.0,0.0
memmert_archive/durations/gemm/fp16_no_adjustment,reported_legacy,jetson,pico,400.0,15,15,15,"02c1b317954409fa90f2,0ec5593c6f4165655686,26bded81cd615334ffde,478fe684d81a045b06b6,4cd49ed9ebf41f749f6f,53b3068bdf2c3c5701da,7db46afeafafc3866ea1,903c525dd6ed4a056b84,981118e6e9a81190a4c0,b0d71de66e6f18095cf0,b12ef421c44e91f3dc1b,dde4315892ae2c1f1889,e25ab928dc7f4e38f46d,f26928ba686a4d1b7713,fa8a62f99aba2980635f",15,timestamp_gap_requires_review,paired_own_window_setup_difference_not_synchronized_instrument_error,-0.8923194062467332,15,-0.9180324461448452,-0.9375615554589045,-0.8928626447116228,-0.9512293380967263,-0.8542731607369847,-0.9101368172499291,15,-0.9008049631947346,-0.9329586328557959,-0.8796640035862391,-0.985916122825059,-0.7746506179332591,-0.0010920398009983678,15,-0.0010920398009983678,-0.051454104477610674,0.03272164179104475,-0.08389228855723019,0.058830348258709364
memmert_archive/durations/gemm/fp16_no_adjustment,reported_legacy,shelly,pico,400.0,15,15,15,"02c1b317954409fa90f2,0ec5593c6f4165655686,26bded81cd615334ffde,478fe684d81a045b06b6,4cd49ed9ebf41f749f6f,53b3068bdf2c3c5701da,7db46afeafafc3866ea1,903c525dd6ed4a056b84,981118e6e9a81190a4c0,b0d71de66e6f18095cf0,b12ef421c44e91f3dc1b,dde4315892ae2c1f1889,e25ab928dc7f4e38f46d,f26928ba686a4d1b7713,fa8a62f99aba2980635f",15,source_time_resolution_coarser_than_detection_bins,paired_own_window_setup_difference_not_synchronized_instrument_error,-2.1466468534552696,15,-2.1121715418752407,-2.12760692633972,-2.065742801396153,-2.1546039478952284,-1.974044889572646,-2.1502815115119533,15,-2.112708460974355,-2.129502283197321,-2.0659174330348753,-2.1551075326776137,-1.9732389730423239,-0.0008221393034690827,15,-0.0008221393034690827,-0.0014947761194039622,0.0005315920398096807,-0.0025101990049680722,0.0062223880596956604
memmert_archive/durations/gemm/fp16_no_adjustment,reported_legacy,firmware,pico,500.0,15,15,15,"0ff16c3e1d38a306bb01,110faa69c68c8c6ce1c2,1d15fe637df167020752,39e56f068772175b8e81,3fbfbd7e7cc4eb9e1b57,5fb04a59a893ccf12df3,689c19b0840c23f7a5f5,6b6452d8eca4d3982d6f,7e5633035b0b047d6485,a5ce571074e9ca8f52c9,c196737917779baa4be8,cda39a166e170e07df3d,cffa769f513d672f25f3,d921de4d098ba7daaa4a,dc69bb1bd69d51936c4e",0,,paired_own_window_setup_difference_not_synchronized_instrument_error,3.446895374754688,15,3.4296518777902074,3.4206486235326294,3.4411047807761164,3.3660520276607153,3.5272482034820696,3.446895374754666,15,3.429651877790185,3.4206486235326294,3.4411047807761053,3.3660520276607375,3.5272482034820696,0.0,15,0.0,0.0,0.0,0.0,0.0
memmert_archive/durations/gemm/fp16_no_adjustment,reported_legacy,jetson,pico,500.0,15,15,15,"0ff16c3e1d38a306bb01,110faa69c68c8c6ce1c2,1d15fe637df167020752,39e56f068772175b8e81,3fbfbd7e7cc4eb9e1b57,5fb04a59a893ccf12df3,689c19b0840c23f7a5f5,6b6452d8eca4d3982d6f,7e5633035b0b047d6485,a5ce571074e9ca8f52c9,c196737917779baa4be8,cda39a166e170e07df3d,cffa769f513d672f25f3,d921de4d098ba7daaa4a,dc69bb1bd69d51936c4e",15,timestamp_gap_requires_review,paired_own_window_setup_difference_not_synchronized_instrument_error,-0.9573836129614488,15,-0.9177287549955171,-0.9466219404868248,-0.8878210646051765,-0.9650687006075076,-0.8154560270466238,-0.9337646042297032,15,-0.9037037153287852,-0.9355950302622984,-0.8858876839154484,-0.9798772950771917,-0.812314029870731,-0.008903386454184314,15,-0.008903386454184314,-0.02109213147410416,-0.00016982071713300684,-0.03167250996015669,0.06276354581673527
memmert_archive/durations/gemm/fp16_no_adjustment,reported_legacy,shelly,pico,500.0,15,15,15,"0ff16c3e1d38a306bb01,110faa69c68c8c6ce1c2,1d15fe637df167020752,39e56f068772175b8e81,3fbfbd7e7cc4eb9e1b57,5fb04a59a893ccf12df3,689c19b0840c23f7a5f5,6b6452d8eca4d3982d6f,7e5633035b0b047d6485,a5ce571074e9ca8f52c9,c196737917779baa4be8,cda39a166e170e07df3d,cffa769f513d672f25f3,d921de4d098ba7daaa4a,dc69bb1bd69d51936c4e",15,source_time_resolution_coarser_than_detection_bins,paired_own_window_setup_difference_not_synchronized_instrument_error,-2.1174994924300305,15,-2.14912433037564,-2.178163668938887,-2.1113192184716967,-2.235996237743265,-1.9906251632634375,-2.1161889802908562,15,-2.146406261628442,-2.1752007551353536,-2.1111310868776325,-2.2367347204164334,-1.9874831006449933,-0.0013388446215234495,15,-0.0013388446215234495,-0.0029917330677364795,5.547808765160589e-05,-0.007076095617530864,0.004888247011947122
memmert_archive/durations/gemm/fp16_no_adjustment,reported_legacy,firmware,pico,600.0,15,15,15,"3c465a4a2d50de4236e8,458b9e40c0bccbbdb45b,5065d62fcf53198478be,55497fd59590827cf3c4,6790e2ab134b324e4396,6cd6085221a3b0cc672e,731b13d2f5185bd30fa0,7ea4f5a6ab170a12ede9,7fbc6eaef9586e30d4ff,94dced148c2ed7f92ef5,a5b44d42d250f77e2dd9,a98e819e85edbcd78d66,b292ba2e83420ee6ed17,e7c1f08e4fe7d4954f61,e9c5be981116f2bc2990",0,,paired_own_window_setup_difference_not_synchronized_instrument_error,3.496171617426036,15,3.4667865060097114,3.4173627043490473,3.485343738665203,2.9954453037638995,3.523062462188009,3.496171617426036,15,3.4667865060097336,3.417362704349036,3.485343738665203,2.9954453037638995,3.523062462187987,0.0,15,0.0,0.0,0.0,0.0,0.0
memmert_archive/durations/gemm/fp16_no_adjustment,reported_legacy,jetson,pico,600.0,15,15,15,"3c465a4a2d50de4236e8,458b9e40c0bccbbdb45b,5065d62fcf53198478be,55497fd59590827cf3c4,6790e2ab134b324e4396,6cd6085221a3b0cc672e,731b13d2f5185bd30fa0,7ea4f5a6ab170a12ede9,7fbc6eaef9586e30d4ff,94dced148c2ed7f92ef5,a5b44d42d250f77e2dd9,a98e819e85edbcd78d66,b292ba2e83420ee6ed17,e7c1f08e4fe7d4954f61,e9c5be981116f2bc2990",15,timestamp_gap_requires_review,paired_own_window_setup_difference_not_synchronized_instrument_error,-0.8376547368488585,15,-0.85411934728582,-0.8941829932531176,-0.8245009952092264,-0.9324291801676043,-0.7576704685456459,-0.8229341913983723,15,-0.8624725897116714,-0.8840039767818497,-0.8318153056205702,-0.928348152223224,-0.7743804255005204,0.008425913621268322,15,0.008425913621268322,-0.012542691029893138,0.011608637873750105,-0.030947840531547754,0.02828372093024445
memmert_archive/durations/gemm/fp16_no_adjustment,reported_legacy,shelly,pico,600.0,15,15,15,"3c465a4a2d50de4236e8,458b9e40c0bccbbdb45b,5065d62fcf53198478be,55497fd59590827cf3c4,6790e2ab134b324e4396,6cd6085221a3b0cc672e,731b13d2f5185bd30fa0,7ea4f5a6ab170a12ede9,7fbc6eaef9586e30d4ff,94dced148c2ed7f92ef5,a5b44d42d250f77e2dd9,a98e819e85edbcd78d66,b292ba2e83420ee6ed17,e7c1f08e4fe7d4954f61,e9c5be981116f2bc2990",15,source_time_resolution_coarser_than_detection_bins,paired_own_window_setup_difference_not_synchronized_instrument_error,-1.9225112550439905,15,-1.9394244782083847,-1.9562149973244236,-1.8973295377245014,-2.0645016919279557,-1.7405043559733269,-1.9189629047003054,15,-1.9340341080898327,-1.9536489253873024,-1.8973599048900724,-2.065018372163252,-1.7354662582425462,-0.001616777408630643,15,-0.001616777408630643,-0.0021110465116325194,-0.00029551495016599816,-0.005496677740868261,0.0010511627906772958
memmert_archive/durations/gemm/fp16_no_adjustment,envelope_0.5,firmware,pico,5.0,15,15,15,"1735ed7731b72c07b2f8,178bbcba6299f754a6b0,28152e189aede05285fb,37c48cef6cbddc35c49e,528f3b3bca48515e2d48,5797e5d4618e03cd843a,634cfbe148e20e81a986,8a322e10d9ba882fb6de,93b5434e3174e50d56ce,aebf590c3d3be4b63e00,b0ed9fc4ee7490c199ff,b14cbbd603bad386aba7,d3a1aec267575a352614,d6d999267c296b90a072,f3b4cce29bec515cf502",14,envelope_energy_sensitive_gt1pct,paired_own_window_setup_difference_not_synchronized_instrument_error,2.365889823149092,15,3.14768824016165,1.8225807113340209,3.6491950175981724,0.3395350670782671,4.612851736092671,3.678200701226686,15,3.7242026562847252,3.244573906481951,4.13224138442414,2.0658381825736205,5.0820585242356,0.0,15,0.0,-1.6666666666666607,0.0,-3.3333333333333215,0.0
memmert_archive/durations/gemm/fp16_no_adjustment,envelope_0.5,jetson,pico,5.0,15,15,15,"1735ed7731b72c07b2f8,178bbcba6299f754a6b0,28152e189aede05285fb,37c48cef6cbddc35c49e,528f3b3bca48515e2d48,5797e5d4618e03cd843a,634cfbe148e20e81a986,8a322e10d9ba882fb6de,93b5434e3174e50d56ce,aebf590c3d3be4b63e00,b0ed9fc4ee7490c199ff,b14cbbd603bad386aba7,d3a1aec267575a352614,d6d999267c296b90a072,f3b4cce29bec515cf502",15,envelope_energy_sensitive_gt1pct;timestamp_gap_requires_review,paired_own_window_setup_difference_not_synchronized_instrument_error,-6.173454104797072,15,-6.487174585759281,-7.259284951859973,-5.340166148598529,-7.6526809010881935,-4.292253326735295,-7.925973118626118,15,-7.482511549177451,-8.371198081270576,-7.259284951859973,-8.71389666617307,-6.487174585759281,3.44827586206895,15,0.0,0.0,3.44827586206895,0.0,3.44827586206895
memmert_archive/durations/gemm/fp16_no_adjustment,envelope_0.5,shelly,pico,5.0,15,15,15,"1735ed7731b72c07b2f8,178bbcba6299f754a6b0,28152e189aede05285fb,37c48cef6cbddc35c49e,528f3b3bca48515e2d48,5797e5d4618e03cd843a,634cfbe148e20e81a986,8a322e10d9ba882fb6de,93b5434e3174e50d56ce,aebf590c3d3be4b63e00,b0ed9fc4ee7490c199ff,b14cbbd603bad386aba7,d3a1aec267575a352614,d6d999267c296b90a072,f3b4cce29bec515cf502",15,envelope_energy_sensitive_gt1pct;source_time_resolution_coarser_than_detection_bins,paired_own_window_setup_difference_not_synchronized_instrument_error,-10.026928527428257,15,-10.839557416390843,-12.184652821715236,-8.724146266598975,-15.96118429501554,-5.812995094599415,-11.591508806128326,15,-11.466886895388505,-12.99576694356484,-10.356031876474308,-15.060068155228468,-8.952561924779435,3.44827586206895,15,6.661338147750939e-14,1.1102230246251565e-14,3.44827586206895,-3.44827586206895,3.4482758620689724
memmert_archive/durations/gemm/fp16_no_adjustment,envelope_0.5,firmware,pico,10.0,3,3,3,"29f6194ab628da20eb77,44f93e4eae19a997ce92,ef5ab298924d09e6c4a6",0,,paired_own_window_setup_difference_not_synchronized_instrument_error,2.961170209915087,3,3.020357756371106,2.488215432777763,3.379347047480663,1.9560731091844197,3.73833633859022,2.961170209915087,3,3.020357756371106,2.488215432777763,3.379347047480663,1.9560731091844197,3.73833633859022,0.0,3,0.0,0.0,0.0,0.0,0.0
memmert_archive/durations/gemm/fp16_no_adjustment,envelope_0.5,jetson,pico,10.0,3,3,3,"29f6194ab628da20eb77,44f93e4eae19a997ce92,ef5ab298924d09e6c4a6",3,envelope_energy_sensitive_gt1pct;timestamp_gap_requires_review,paired_own_window_setup_difference_not_synchronized_instrument_error,-2.8543746252364444,3,-2.8543746252364444,-3.2181166520791615,-2.5640629389801495,-3.5818586789218787,-2.2737512527238546,-4.053703333566883,3,-4.053703333566883,-4.412954718102902,-3.766975742202644,-4.77220610263892,-3.4802481508384053,1.2500000000000178,3,1.2500000000000178,1.2500000000000178,1.2500000000000178,1.2500000000000178,1.2500000000000178
memmert_archive/durations/gemm/fp16_no_adjustment,envelope_0.5,shelly,pico,10.0,3,3,3,"29f6194ab628da20eb77,44f93e4eae19a997ce92,ef5ab298924d09e6c4a6",3,envelope_energy_sensitive_gt1pct;source_time_resolution_coarser_than_detection_bins,paired_own_window_setup_difference_not_synchronized_instrument_error,-4.308005668911619,3,-4.235622950106254,-4.73888235986823,-3.9780788174931523,-5.242141769630204,-3.7205346848800502,-6.641956750157663,3,-6.068814326712236,-6.8110616851269405,-5.743356768346864,-7.5533090435416455,-5.417899209981492,2.499999999999991,3,2.499999999999991,1.8750000000000044,2.499999999999991,1.2500000000000178,2.499999999999991
memmert_archive/durations/gemm/fp16_no_adjustment,envelope_0.5,firmware,pico,20.0,15,15,15,"0d9cba8cf70998211d3a,1954650a8fb9c472fc88,1b741c8c08dc3cc92fc7,362012e99454386c460d,3d757cab86626c15de0a,6b6c8795af1e0694d0e7,6e1feecacad17a89d695,9f0e645829fce5b76620,a0499ab1e826a0073e56,c89a3632bd0869ffbce2,d32a9c300d78201aa084,d69acd547937c4ae6810,d9043fbc73f73c66cb86,e653a9ae7973cb9e0d54,f4243841bfd0b4ec4c11",0,,paired_own_window_setup_difference_not_synchronized_instrument_error,3.3351114095495626,15,3.238977557809841,3.079299989204032,3.5268401469720656,2.345122668878319,3.7796236557329443,3.2308972944206094,15,3.3687387347218767,3.157679265643054,3.6089655306181134,2.6917793429862114,3.779623655732922,0.0,15,0.0,0.0,0.0,-0.5555555555555647,0.0
memmert_archive/durations/gemm/fp16_no_adjustment,envelope_0.5,jetson,pico,20.0,15,15,15,"0d9cba8cf70998211d3a,1954650a8fb9c472fc88,1b741c8c08dc3cc92fc7,362012e99454386c460d,3d757cab86626c15de0a,6b6c8795af1e0694d0e7,6e1feecacad17a89d695,9f0e645829fce5b76620,a0499ab1e826a0073e56,c89a3632bd0869ffbce2,d32a9c300d78201aa084,d69acd547937c4ae6810,d9043fbc73f73c66cb86,e653a9ae7973cb9e0d54,f4243841bfd0b4ec4c11",15,envelope_energy_sensitive_gt1pct;timestamp_gap_requires_review,paired_own_window_setup_difference_not_synchronized_instrument_error,-1.9109975818204394,15,-1.7470737785187707,-1.9432068952558224,-1.6411345532597599,-2.58158116666658,-1.4551946796410142,-2.4490054852241205,15,-2.285188904911628,-2.424209216199497,-2.1459075388594204,-2.6736005912895378,-1.9745949943804075,0.5586592178770999,15,0.5586592178770999,0.5586592178770999,0.5586592178770999,0.0,0.5586592178770999
memmert_archive/durations/gemm/fp16_no_adjustment,envelope_0.5,shelly,pico,20.0,15,15,15,"0d9cba8cf70998211d3a,1954650a8fb9c472fc88,1b741c8c08dc3cc92fc7,362012e99454386c460d,3d757cab86626c15de0a,6b6c8795af1e0694d0e7,6e1feecacad17a89d695,9f0e645829fce5b76620,a0499ab1e826a0073e56,c89a3632bd0869ffbce2,d32a9c300d78201aa084,d69acd547937c4ae6810,d9043fbc73f73c66cb86,e653a9ae7973cb9e0d54,f4243841bfd0b4ec4c11",15,envelope_energy_sensitive_gt1pct;source_time_resolution_coarser_than_detection_bins,paired_own_window_setup_difference_not_synchronized_instrument_error,-2.9367693056521205,15,-3.124072415494239,-3.35162988636869,-2.628822040020873,-3.6920464643359407,-2.3641157359462373,-3.826122487521444,15,-3.6926600785907704,-3.813712043331657,-3.6407275141762563,-4.1950039622446695,-2.966485412805453,1.1173184357541999,15,0.5586592178770999,0.5571073867163268,1.1173184357541999,2.220446049250313e-14,1.1173184357541999
memmert_archive/durations/gemm/fp16_no_adjustment,envelope_0.5,firmware,pico,50.0,15,15,15,"045015b643695dc514e9,0791bb4bc7dfac6f5334,129ff217e01cc5e658cb,1b4c4baf32d86dacd1b8,66627567480cbcc95b5e,719b22139cc54f9404d6,76315da8ce3a7a18d2c8,7e7256d8d59a017a88f2,820c73118854053151ae,a4390317385e8cb2a0e4,b509d52b609d8e06a7b2,c965b2acf0e186e4ea47,cb68210d45d38a7d4509,e97e8de34aa2fce40751,fd4ca420b0d5df558584",0,,paired_own_window_setup_difference_not_synchronized_instrument_error,3.364823097726477,15,3.4607258364311777,3.204533127330922,3.534378765072388,3.150150565399712,3.829195422812637,3.365495347373404,15,3.4607258364312,3.204533127330922,3.528196799899519,3.1576042366362245,3.8200296658719157,0.0,15,0.0,0.0,0.0,-0.2083333333333326,0.20876826722338038
memmert_archive/durations/gemm/fp16_no_adjustment,envelope_0.5,jetson,pico,50.0,15,15,15,"045015b643695dc514e9,0791bb4bc7dfac6f5334,129ff217e01cc5e658cb,1b4c4baf32d86dacd1b8,66627567480cbcc95b5e,719b22139cc54f9404d6,76315da8ce3a7a18d2c8,7e7256d8d59a017a88f2,820c73118854053151ae,a4390317385e8cb2a0e4,b509d52b609d8e06a7b2,c965b2acf0e186e4ea47,cb68210d45d38a7d4509,e97e8de34aa2fce40751,fd4ca420b0d5df558584",15,timestamp_gap_requires_review,paired_own_window_setup_difference_not_synchronized_instrument_error,-1.3992530243806978,15,-1.3637205016753806,-1.4958779407792167,-1.1891629482549682,-1.5973298340511755,-1.1053380016369685,-1.616486287114216,15,-1.5245529324972251,-1.5905343924073778,-1.3950188587794343,-1.7026778673429832,-1.1434506664657507,0.20876826722338038,15,0.20876826722338038,0.10438413361170129,0.20876826722338038,0.0,0.20920502092052207
memmert_archive/durations/gemm/fp16_no_adjustment,envelope_0.5,shelly,pico,50.0,15,15,15,"045015b643695dc514e9,0791bb4bc7dfac6f5334,129ff217e01cc5e658cb,1b4c4baf32d86dacd1b8,66627567480cbcc95b5e,719b22139cc54f9404d6,76315da8ce3a7a18d2c8,7e7256d8d59a017a88f2,820c73118854053151ae,a4390317385e8cb2a0e4,b509d52b609d8e06a7b2,c965b2acf0e186e4ea47,cb68210d45d38a7d4509,e97e8de34aa2fce40751,fd4ca420b0d5df558584",15,envelope_energy_sensitive_gt1pct;source_time_resolution_coarser_than_detection_bins,paired_own_window_setup_difference_not_synchronized_instrument_error,-2.393107176340681,15,-2.475302495117737,-2.527587182236224,-2.290104026778983,-2.668244985633239,-2.2138934198826288,-2.654324099412475,15,-2.7040029192567205,-2.8289413323138444,-2.493666310056536,-3.0297530714698095,-2.034887184911227,0.20876826722338038,15,0.20876826722338038,0.20855080027836204,0.31315240083508167,-0.20790020790021346,0.4184100418409997
memmert_archive/durations/gemm/fp16_no_adjustment,envelope_0.5,firmware,pico,100.0,15,15,15,"0cc7e7ae5853c2ddc8cc,174091e0f4f85c78bd59,1bcb14da1be61d829621,33323f94dbb1d601360a,4b7e88b0b3d83fd2154e,77fdf9d03ae209307281,92db2be0b2957f828190,a682f6e6757fda4f271d,aa5ffcd209df6101c184,c214d983873f6200c31b,d43978bd41aa965e6591,d85d577a02ab64431d42,dd8788361e34e62f9107,e0058526d2b1e8fb289b,e29cf1cd060b59d3cdcd",0,,paired_own_window_setup_difference_not_synchronized_instrument_error,3.342549232959957,15,3.3693050818770054,3.269151332086162,3.432477139357748,3.1731416867364803,3.4943538627536963,3.3604845603750544,15,3.375168351847835,3.3026718787948495,3.432477139357759,3.1836936578923725,3.4943538627536963,0.0,15,0.0,-1.1102230246251565e-14,1.1102230246251565e-14,-0.10193679918450993,0.10204081632654294
memmert_archive/durations/gemm/fp16_no_adjustment,envelope_0.5,jetson,pico,100.0,15,15,15,"0cc7e7ae5853c2ddc8cc,174091e0f4f85c78bd59,1bcb14da1be61d829621,33323f94dbb1d601360a,4b7e88b0b3d83fd2154e,77fdf9d03ae209307281,92db2be0b2957f828190,a682f6e6757fda4f271d,aa5ffcd209df6101c184,c214d983873f6200c31b,d43978bd41aa965e6591,d85d577a02ab64431d42,dd8788361e34e62f9107,e0058526d2b1e8fb289b,e29cf1cd060b59d3cdcd",15,timestamp_gap_requires_review,paired_own_window_setup_difference_not_synchronized_instrument_error,-1.1494647495913224,15,-1.1375412626551284,-1.194641312056216,-1.0656988794228661,-1.2979501818869532,-0.9897572798024612,-1.2078281639970712,15,-1.2292095562215222,-1.2728261558122678,-1.166446640238128,-1.342575154499337,-1.090685152096249,2.220446049250313e-14,15,0.10193679918453213,0.10188489653727428,0.10204081632654294,0.0,0.10204081632654294
memmert_archive/durations/gemm/fp16_no_adjustment,envelope_0.5,shelly,pico,100.0,15,15,15,"0cc7e7ae5853c2ddc8cc,174091e0f4f85c78bd59,1bcb14da1be61d829621,33323f94dbb1d601360a,4b7e88b0b3d83fd2154e,77fdf9d03ae209307281,92db2be0b2957f828190,a682f6e6757fda4f271d,aa5ffcd209df6101c184,c214d983873f6200c31b,d43978bd41aa965e6591,d85d577a02ab64431d42,dd8788361e34e62f9107,e0058526d2b1e8fb289b,e29cf1cd060b59d3cdcd",15,source_time_resolution_coarser_than_detection_bins,paired_own_window_setup_difference_not_synchronized_instrument_error,-2.234105461206959,15,-2.2458792373312386,-2.3304841967129897,-2.1821654241939936,-2.4227078476044106,-2.0293503529883683,-2.3319735576056266,15,-2.323139182142775,-2.380455319783742,-2.26194483180171,-2.4417654915268816,-2.0552153386313443,2.220446049250313e-14,15,0.10193679918450993,0.0,0.10204081632654294,-0.10193679918450993,0.20408163265306367
memmert_archive/durations/gemm/fp16_no_adjustment,envelope_0.5,firmware,pico,200.0,15,15,15,"0347e3d9fc04f4064a4c,0ae42bf73c29de4e9c41,2117275d9f22c0f6835c,3e0383d0c236c19fab80,40c4f07d2276bb566055,56d93dad0e26a50a93b5,6168b5d86c1d907b9ddc,83fa0075a64be0c6fa6d,9358e9ad8ddd57fba544,a867ac8946e00ab69ce1,b2ec9361030fde210177,b7a26eb0ee939f787e68,c58bca3bcae7206e9e19,ec0132a255b6a6e40544,f917978aad9117098435",0,,paired_own_window_setup_difference_not_synchronized_instrument_error,3.3981147604678297,15,3.411769363180661,3.3876748676554547,3.445145237350322,3.3518097517738044,3.510146373518541,3.4083922066481698,15,3.411769363180661,3.3876748676554547,3.445145237350322,3.3518097517738044,3.510146373518541,0.0,15,0.0,0.0,0.0,0.0,0.0
memmert_archive/durations/gemm/fp16_no_adjustment,envelope_0.5,jetson,pico,200.0,15,15,15,"0347e3d9fc04f4064a4c,0ae42bf73c29de4e9c41,2117275d9f22c0f6835c,3e0383d0c236c19fab80,40c4f07d2276bb566055,56d93dad0e26a50a93b5,6168b5d86c1d907b9ddc,83fa0075a64be0c6fa6d,9358e9ad8ddd57fba544,a867ac8946e00ab69ce1,b2ec9361030fde210177,b7a26eb0ee939f787e68,c58bca3bcae7206e9e19,ec0132a255b6a6e40544,f917978aad9117098435",15,timestamp_gap_requires_review,paired_own_window_setup_difference_not_synchronized_instrument_error,-1.0028568750633404,15,-0.9849545871309706,-1.0067168651104796,-0.9492496832780195,-1.0468654446603831,-0.812232220484399,-1.0499030568426382,15,-1.013118327812168,-1.055218728141194,-0.9855509853541,-1.096841775243862,-0.8623270526962767,0.050530570995444,15,0.050530570995444,0.050530570995444,0.050530570995444,0.0,0.050530570995444
memmert_archive/durations/gemm/fp16_no_adjustment,envelope_0.5,shelly,pico,200.0,15,15,15,"0347e3d9fc04f4064a4c,0ae42bf73c29de4e9c41,2117275d9f22c0f6835c,3e0383d0c236c19fab80,40c4f07d2276bb566055,56d93dad0e26a50a93b5,6168b5d86c1d907b9ddc,83fa0075a64be0c6fa6d,9358e9ad8ddd57fba544,a867ac8946e00ab69ce1,b2ec9361030fde210177,b7a26eb0ee939f787e68,c58bca3bcae7206e9e19,ec0132a255b6a6e40544,f917978aad9117098435",15,source_time_resolution_coarser_than_detection_bins,paired_own_window_setup_difference_not_synchronized_instrument_error,-2.237269236762507,15,-2.211183492333346,-2.332480773100787,-2.1919475152760546,-2.3740216928501257,-2.0701215971434594,-2.359055413793121,15,-2.29218486163959,-2.3713906718565325,-2.2448749184890318,-2.444126598295948,-2.168990732330589,0.050530570995444,15,0.050530570995444,0.050530570995444,0.101061141990888,0.0,0.20212228398182042
memmert_archive/durations/gemm/fp16_no_adjustment,envelope_0.5,firmware,pico,300.0,15,15,15,"3e9c583c33bc2fcfd7c9,4e5fdf19866ecc141a27,5f858a3c6294e1b3665e,718b0e8842e6be94b263,7a051d026cd8e0a81127,7be1abfee654c267359b,7e0e68ff809ff5a1923a,81a1b0b83bbacb75cafa,8da17ef58c3fb9a1a6f0,aa90cb5cd7be6c92de93,cb40838ee0432b4188ef,d11ee874f76d91bd846b,d140ecb337a7a52fbdc3,e479c9b8edc49f18cc70,e8d468230c96b5267f73",0,,paired_own_window_setup_difference_not_synchronized_instrument_error,3.433509206099572,15,3.420394370692237,3.368304269553757,3.468904852030963,3.2623812625494075,3.4896876708955027,3.433509206099572,15,3.4203943706922812,3.352319129573622,3.468904852030974,3.2623812625494297,3.4896876708955027,-2.220446049250313e-14,15,-2.220446049250313e-14,-2.220446049250313e-14,-2.220446049250313e-14,-2.220446049250313e-14,0.033579583613141395
memmert_archive/durations/gemm/fp16_no_adjustment,envelope_0.5,jetson,pico,300.0,15,15,15,"3e9c583c33bc2fcfd7c9,4e5fdf19866ecc141a27,5f858a3c6294e1b3665e,718b0e8842e6be94b263,7a051d026cd8e0a81127,7be1abfee654c267359b,7e0e68ff809ff5a1923a,81a1b0b83bbacb75cafa,8da17ef58c3fb9a1a6f0,aa90cb5cd7be6c92de93,cb40838ee0432b4188ef,d11ee874f76d91bd846b,d140ecb337a7a52fbdc3,e479c9b8edc49f18cc70,e8d468230c96b5267f73",15,timestamp_gap_requires_review,paired_own_window_setup_difference_not_synchronized_instrument_error,-0.9664774373162599,15,-0.9641334560912762,-1.0065566020697636,-0.9502905021982366,-1.0965688593055578,-0.896425742826612,-0.9997101630084271,15,-0.9973669683543185,-1.0397758783777855,-0.9703908060610555,-1.1297579301581373,-0.929670819732753,0.0335683115139096,15,0.0335683115139096,0.0335683115139096,0.0335683115139096,0.0,0.0335795836131636
memmert_archive/durations/gemm/fp16_no_adjustment,envelope_0.5,shelly,pico,300.0,15,15,15,"3e9c583c33bc2fcfd7c9,4e5fdf19866ecc141a27,5f858a3c6294e1b3665e,718b0e8842e6be94b263,7a051d026cd8e0a81127,7be1abfee654c267359b,7e0e68ff809ff5a1923a,81a1b0b83bbacb75cafa,8da17ef58c3fb9a1a6f0,aa90cb5cd7be6c92de93,cb40838ee0432b4188ef,d11ee874f76d91bd846b,d140ecb337a7a52fbdc3,e479c9b8edc49f18cc70,e8d468230c96b5267f73",15,source_time_resolution_coarser_than_detection_bins,paired_own_window_setup_difference_not_synchronized_instrument_error,-2.262316726347957,15,-2.306027812853184,-2.3279322534176305,-2.248472774145532,-2.4230010442108596,-2.1859311650229807,-2.3278904823182067,15,-2.3425427123961007,-2.3607081150775477,-2.2793492099590473,-2.4557450035919914,-2.2187656963539637,0.0335683115139096,15,0.0335683115139096,0.0335683115139096,0.0335739475635477,0.0,0.0671366230278636
memmert_archive/durations/gemm/fp16_no_adjustment,envelope_0.5,firmware,pico,400.0,15,15,15,"02c1b317954409fa90f2,0ec5593c6f4165655686,26bded81cd615334ffde,478fe684d81a045b06b6,4cd49ed9ebf41f749f6f,53b3068bdf2c3c5701da,7db46afeafafc3866ea1,903c525dd6ed4a056b84,981118e6e9a81190a4c0,b0d71de66e6f18095cf0,b12ef421c44e91f3dc1b,dde4315892ae2c1f1889,e25ab928dc7f4e38f46d,f26928ba686a4d1b7713,fa8a62f99aba2980635f",0,,paired_own_window_setup_difference_not_synchronized_instrument_error,3.446213877971571,15,3.421388060849173,3.3931951546394723,3.4444543804459493,3.3485271559228202,3.494419166629492,3.4505428769327384,15,3.413497871766369,3.3931951546394834,3.4444543804459604,3.3485271559228202,3.494419166629492,0.0,15,0.0,-5.551115123125783e-15,0.0,-1.1102230246251565e-14,0.025131942699152532
memmert_archive/durations/gemm/fp16_no_adjustment,envelope_0.5,jetson,pico,400.0,15,15,15,"02c1b317954409fa90f2,0ec5593c6f4165655686,26bded81cd615334ffde,478fe684d81a045b06b6,4cd49ed9ebf41f749f6f,53b3068bdf2c3c5701da,7db46afeafafc3866ea1,903c525dd6ed4a056b84,981118e6e9a81190a4c0,b0d71de66e6f18095cf0,b12ef421c44e91f3dc1b,dde4315892ae2c1f1889,e25ab928dc7f4e38f46d,f26928ba686a4d1b7713,fa8a62f99aba2980635f",15,timestamp_gap_requires_review,paired_own_window_setup_difference_not_synchronized_instrument_error,-0.9433516004713094,15,-0.9440783721801238,-0.9654019563281602,-0.9184172104680255,-0.9869188888611324,-0.857516503792799,-0.9433516004713094,15,-0.9611420002307747,-0.9723441561964197,-0.932353580581502,-0.9949156019430028,-0.882426675525505,0.0,15,0.02512562814069863,0.0,0.025131942699152532,-0.02512562814069863,0.025131942699152532
memmert_archive/durations/gemm/fp16_no_adjustment,envelope_0.5,shelly,pico,400.0,15,15,15,"02c1b317954409fa90f2,0ec5593c6f4165655686,26bded81cd615334ffde,478fe684d81a045b06b6,4cd49ed9ebf41f749f6f,53b3068bdf2c3c5701da,7db46afeafafc3866ea1,903c525dd6ed4a056b84,981118e6e9a81190a4c0,b0d71de66e6f18095cf0,b12ef421c44e91f3dc1b,dde4315892ae2c1f1889,e25ab928dc7f4e38f46d,f26928ba686a4d1b7713,fa8a62f99aba2980635f",15,source_time_resolution_coarser_than_detection_bins,paired_own_window_setup_difference_not_synchronized_instrument_error,-2.1781408650125456,15,-2.1442880570976985,-2.167756610082111,-2.1037470396643334,-2.1923446922322065,-2.0263885227198575,-2.1781408650125567,15,-2.1739943210013157,-2.182121148557681,-2.128337909536321,-2.1934494295884677,-2.050992644135574,2.220446049250313e-14,15,0.02512562814069863,1.1102230246251565e-14,0.02512878541992558,0.0,0.05026388539834947
memmert_archive/durations/gemm/fp16_no_adjustment,envelope_0.5,firmware,pico,500.0,15,15,15,"0ff16c3e1d38a306bb01,110faa69c68c8c6ce1c2,1d15fe637df167020752,39e56f068772175b8e81,3fbfbd7e7cc4eb9e1b57,5fb04a59a893ccf12df3,689c19b0840c23f7a5f5,6b6452d8eca4d3982d6f,7e5633035b0b047d6485,a5ce571074e9ca8f52c9,c196737917779baa4be8,cda39a166e170e07df3d,cffa769f513d672f25f3,d921de4d098ba7daaa4a,dc69bb1bd69d51936c4e",0,,paired_own_window_setup_difference_not_synchronized_instrument_error,3.445326985354513,15,3.42870413323324,3.4203324137533464,3.440277846210238,3.3647449002463636,3.5263323759741505,3.4453269853545354,15,3.4287041332332624,3.4203324137533464,3.44027784621026,3.364744900246386,3.5263323759741505,-1.1102230246251565e-14,15,-1.1102230246251565e-14,-1.1102230246251565e-14,-5.551115123125783e-15,-1.1102230246251565e-14,0.02008838891121023
memmert_archive/durations/gemm/fp16_no_adjustment,envelope_0.5,jetson,pico,500.0,15,15,15,"0ff16c3e1d38a306bb01,110faa69c68c8c6ce1c2,1d15fe637df167020752,39e56f068772175b8e81,3fbfbd7e7cc4eb9e1b57,5fb04a59a893ccf12df3,689c19b0840c23f7a5f5,6b6452d8eca4d3982d6f,7e5633035b0b047d6485,a5ce571074e9ca8f52c9,c196737917779baa4be8,cda39a166e170e07df3d,cffa769f513d672f25f3,d921de4d098ba7daaa4a,dc69bb1bd69d51936c4e",15,timestamp_gap_requires_review,paired_own_window_setup_difference_not_synchronized_instrument_error,-0.9704064934229928,15,-0.9358209943289064,-0.9676092004570758,-0.9073418786323617,-0.9861209251605385,-0.8332808913964596,-0.9902959478328199,15,-0.9557173950129005,-0.9802828824299281,-0.9272400027531158,-1.0059992385664462,-0.8531938872013978,0.02008435428799693,15,0.02008435428799693,0.02008435428799693,0.02008435428799693,0.0,0.02008838891121023
memmert_archive/durations/gemm/fp16_no_adjustment,envelope_0.5,shelly,pico,500.0,15,15,15,"0ff16c3e1d38a306bb01,110faa69c68c8c6ce1c2,1d15fe637df167020752,39e56f068772175b8e81,3fbfbd7e7cc4eb9e1b57,5fb04a59a893ccf12df3,689c19b0840c23f7a5f5,6b6452d8eca4d3982d6f,7e5633035b0b047d6485,a5ce571074e9ca8f52c9,c196737917779baa4be8,cda39a166e170e07df3d,cffa769f513d672f25f3,d921de4d098ba7daaa4a,dc69bb1bd69d51936c4e",15,source_time_resolution_coarser_than_detection_bins,paired_own_window_setup_difference_not_synchronized_instrument_error,-2.144865983668509,15,-2.1733272299121587,-2.207291654085697,-2.148024738671761,-2.289456101616405,-2.0059609212423557,-2.1841652342774687,15,-2.2040933150325404,-2.226801433023784,-2.1578491282999823,-2.289456101616394,-2.02563843912964,0.02008435428799693,15,0.020084354288019135,0.02008435428799693,0.020086371599614683,0.0,0.04017677782242046
memmert_archive/durations/gemm/fp16_no_adjustment,envelope_0.5,firmware,pico,600.0,15,15,15,"3c465a4a2d50de4236e8,458b9e40c0bccbbdb45b,5065d62fcf53198478be,55497fd59590827cf3c4,6790e2ab134b324e4396,6cd6085221a3b0cc672e,731b13d2f5185bd30fa0,7ea4f5a6ab170a12ede9,7fbc6eaef9586e30d4ff,94dced148c2ed7f92ef5,a5b44d42d250f77e2dd9,a98e819e85edbcd78d66,b292ba2e83420ee6ed17,e7c1f08e4fe7d4954f61,e9c5be981116f2bc2990",0,,paired_own_window_setup_difference_not_synchronized_instrument_error,3.498944737299081,15,3.466299888163493,3.4165057299856083,3.485472022795788,2.836091598398016,3.5222993170827444,3.485007612871205,15,3.47906825562061,3.4490142540941404,3.5053958066301294,3.375571357869811,3.576000535692536,0.0,15,0.0,0.0,2.220446049250313e-14,-0.668672684720828,2.220446049250313e-14
memmert_archive/durations/gemm/fp16_no_adjustment,envelope_0.5,jetson,pico,600.0,15,15,15,"3c465a4a2d50de4236e8,458b9e40c0bccbbdb45b,5065d62fcf53198478be,55497fd59590827cf3c4,6790e2ab134b324e4396,6cd6085221a3b0cc672e,731b13d2f5185bd30fa0,7ea4f5a6ab170a12ede9,7fbc6eaef9586e30d4ff,94dced148c2ed7f92ef5,a5b44d42d250f77e2dd9,a98e819e85edbcd78d66,b292ba2e83420ee6ed17,e7c1f08e4fe7d4954f61,e9c5be981116f2bc2990",15,timestamp_gap_requires_review,paired_own_window_setup_difference_not_synchronized_instrument_error,-0.8482822484348729,15,-0.8714538117928439,-0.9086525405004708,-0.8452209147780165,-0.9478477377945382,-0.780108451404371,-0.8782039864663971,15,-0.8880221798670762,-0.9255929642394467,-0.8617936674247206,-0.9644061049396968,-0.7966920869632466,0.0167168171180343,15,0.0167168171180343,0.0167168171180343,0.0167196121050317,0.016714023065356187,0.033433634236046395
memmert_archive/durations/gemm/fp16_no_adjustment,envelope_0.5,shelly,pico,600.0,15,15,15,"3c465a4a2d50de4236e8,458b9e40c0bccbbdb45b,5065d62fcf53198478be,55497fd59590827cf3c4,6790e2ab134b324e4396,6cd6085221a3b0cc672e,731b13d2f5185bd30fa0,7ea4f5a6ab170a12ede9,7fbc6eaef9586e30d4ff,94dced148c2ed7f92ef5,a5b44d42d250f77e2dd9,a98e819e85edbcd78d66,b292ba2e83420ee6ed17,e7c1f08e4fe7d4954f61,e9c5be981116f2bc2990",15,source_time_resolution_coarser_than_detection_bins,paired_own_window_setup_difference_not_synchronized_instrument_error,-1.9302459875432554,15,-1.9589565922136787,-1.9808281561994434,-1.9331756069257688,-2.0891750783795016,-1.7716918197223097,-1.956476713887001,15,-1.9722474988314698,-2.006632408677528,-1.9312647548224315,-2.1055426519204223,-1.7686234216812702,2.220446049250313e-14,15,2.220446049250313e-14,2.220446049250313e-14,0.033433634236046395,-0.016739203213911313,0.0501504513541029
memmert_archive/durations/gemm/fp32,reported_legacy,firmware,pico,5.0,15,15,15,"10daee0f14e4687a6688,3eebdd004f6e72aaeb07,4055df035b7d0172679a,450e16cd70d7987689b8,684e41b79f0d637c72ac,85ca5a2975f5ecf291e2,8a589ca636fa192e5b6e,b3edbcfd578461eddb86,b425209db3cd53151292,b5a1c5ccf3b21e7f7773,be89c4984ca053cc5184,cc7c67b9489b7f1c0276,d52e69265e7d3ed2e7bb,e7c9d5267d729daaf933,fad50372edeffae9980b",5,envelope_energy_sensitive_gt1pct,paired_own_window_setup_difference_not_synchronized_instrument_error,-0.01864061513061621,15,-0.061816580337414884,-0.38722150162018854,0.30690912757748157,-0.5238517013764099,1.4433008770893707,-0.01864061513061621,15,-0.061816580337414884,-0.38722150162018854,0.30690912757748157,-0.523851701376421,1.4433008770893707,0.0,15,0.0,0.0,0.0,0.0,0.0
memmert_archive/durations/gemm/fp32,reported_legacy,jetson,pico,5.0,15,15,15,"10daee0f14e4687a6688,3eebdd004f6e72aaeb07,4055df035b7d0172679a,450e16cd70d7987689b8,684e41b79f0d637c72ac,85ca5a2975f5ecf291e2,8a589ca636fa192e5b6e,b3edbcfd578461eddb86,b425209db3cd53151292,b5a1c5ccf3b21e7f7773,be89c4984ca053cc5184,cc7c67b9489b7f1c0276,d52e69265e7d3ed2e7bb,e7c9d5267d729daaf933,fad50372edeffae9980b",15,envelope_energy_sensitive_gt1pct;timestamp_gap_requires_review,paired_own_window_setup_difference_not_synchronized_instrument_error,-3.632658650185139,15,-3.723745934938716,-3.856803526059233,-3.326402525618133,-4.168505373792497,-0.504717413068323,1.389648178082048,15,1.3879080733058657,1.052504597298265,1.587553363552563,-2.488553992591158,1.9167456909694014,-4.962357142857132,15,-4.962357142857132,-5.4281999999999995,-4.6987357142857125,-5.579800000000013,0.4262142857142992
memmert_archive/durations/gemm/fp32,reported_legacy,shelly,pico,5.0,15,15,15,"10daee0f14e4687a6688,3eebdd004f6e72aaeb07,4055df035b7d0172679a,450e16cd70d7987689b8,684e41b79f0d637c72ac,85ca5a2975f5ecf291e2,8a589ca636fa192e5b6e,b3edbcfd578461eddb86,b425209db3cd53151292,b5a1c5ccf3b21e7f7773,be89c4984ca053cc5184,cc7c67b9489b7f1c0276,d52e69265e7d3ed2e7bb,e7c9d5267d729daaf933,fad50372edeffae9980b",15,envelope_energy_sensitive_gt1pct;source_time_resolution_coarser_than_detection_bins,paired_own_window_setup_difference_not_synchronized_instrument_error,-4.0985760960427715,15,-4.128444740009685,-4.669186642931866,-3.7778894803024707,-6.341010336843378,-1.6612575507814586,-4.143887584143013,15,-4.142505097889315,-4.691990748579878,-3.772829467116262,-6.2784445041530805,-1.8361434728885406,-0.00818571428570225,15,-0.00818571428570225,-0.06938571428571905,0.10042142857142888,-0.33524285714285895,0.30321428571429276
memmert_archive/durations/gemm/fp32,reported_legacy,firmware,pico,10.0,15,15,15,"05a1c34998fbff470c7f,07328f1b5974d8870739,1b675f9ed6ccbff7d07e,22a436ef036430ed1a46,422f95f9a59345020d04,455f75b1fa8732a7ae0f,6421fbe59ef33bdc6fde,714734be015d9e7969c0,7dbc31395edde5cfee26,7dc093f7f1b1c25356ad,b824660e15d51164c29f,d4a02047dc0d9e820147,d8948af4bc5dff6c855a,ed6fea6b3903fc8d6231,ed71a371e0e27597a375",2,envelope_energy_sensitive_gt1pct,paired_own_window_setup_difference_not_synchronized_instrument_error,0.05361689019081073,15,0.16590797511755184,-0.1932059401590358,0.34380353433541844,-0.49630084604979086,0.692299770373439,0.05361689019081073,15,0.16590797511755184,-0.19320594015904136,0.34380353433542954,-0.49630084604979086,0.6922997703734612,0.0,15,0.0,0.0,0.0,0.0,0.0
memmert_archive/durations/gemm/fp32,reported_legacy,jetson,pico,10.0,15,15,15,"05a1c34998fbff470c7f,07328f1b5974d8870739,1b675f9ed6ccbff7d07e,22a436ef036430ed1a46,422f95f9a59345020d04,455f75b1fa8732a7ae0f,6421fbe59ef33bdc6fde,714734be015d9e7969c0,7dbc31395edde5cfee26,7dc093f7f1b1c25356ad,b824660e15d51164c29f,d4a02047dc0d9e820147,d8948af4bc5dff6c855a,ed6fea6b3903fc8d6231,ed71a371e0e27597a375",15,envelope_energy_sensitive_gt1pct;timestamp_gap_requires_review,paired_own_window_setup_difference_not_synchronized_instrument_error,-1.3852139736372449,15,-1.3852139736372449,-1.6509250016071064,-0.9869994440200258,-2.4446434150421026,-0.6498561616081422,-1.4379036276562895,15,-1.4629335133117705,-1.724243676638676,-0.18354537129938175,-2.601423325879426,1.1874955640333251,0.08964166666665108,15,0.08964166666665108,-1.3018833333333146,0.579254166666654,-3.0066333333333084,2.0036916666666515
memmert_archive/durations/gemm/fp32,reported_legacy,shelly,pico,10.0,15,15,15,"05a1c34998fbff470c7f,07328f1b5974d8870739,1b675f9ed6ccbff7d07e,22a436ef036430ed1a46,422f95f9a59345020d04,455f75b1fa8732a7ae0f,6421fbe59ef33bdc6fde,714734be015d9e7969c0,7dbc31395edde5cfee26,7dc093f7f1b1c25356ad,b824660e15d51164c29f,d4a02047dc0d9e820147,d8948af4bc5dff6c855a,ed6fea6b3903fc8d6231,ed71a371e0e27597a375",15,envelope_energy_sensitive_gt1pct;source_time_resolution_coarser_than_detection_bins,paired_own_window_setup_difference_not_synchronized_instrument_error,-3.0654301446702337,15,-2.851593377585615,-3.1773155327115887,-2.7157342322400693,-3.5471502388196408,-2.215646924421044,-2.967192513157091,15,-2.8514798444051914,-3.2192343899298037,-2.6794234658147342,-3.639319229976179,-2.288629175812462,0.007541666666655011,15,0.007541666666655011,-0.08882916666667073,0.08517083333332565,-0.17424166666666352,0.15283333333331317
memmert_archive/durations/gemm/fp32,reported_legacy,firmware,pico,20.0,15,15,15,"18d7059f56c4bbca888b,1b6bcb83993613bba484,27077c475e0e2c24b19f,415f1714f6ba791fc8a0,54982d1b85cafd15139f,56cf6168c19530b67e90,60e4c5da041709be3c53,8149282db3fde868aaaf,a40afe832cd9c27bfc0b,b02bc6f595d8d6c4d277,b34df295a617752ceac1,c22cbbca6edd670fc40e,cd4a2f89c7482084ad81,fb545f6ed4432fb4d672,ffdafee6ab408aec2b89",0,,paired_own_window_setup_difference_not_synchronized_instrument_error,0.15008770785696068,15,0.12175968101997281,0.04763338112363513,0.2876501788552699,-0.005614855254298945,0.4139072135736166,0.15008770785696068,15,0.12175968101999501,0.04763338112363513,0.2876501788552699,-0.005614855254298945,0.4139072135736166,0.0,15,0.0,0.0,0.0,0.0,0.0
memmert_archive/durations/gemm/fp32,reported_legacy,jetson,pico,20.0,15,15,15,"18d7059f56c4bbca888b,1b6bcb83993613bba484,27077c475e0e2c24b19f,415f1714f6ba791fc8a0,54982d1b85cafd15139f,56cf6168c19530b67e90,60e4c5da041709be3c53,8149282db3fde868aaaf,a40afe832cd9c27bfc0b,b02bc6f595d8d6c4d277,b34df295a617752ceac1,c22cbbca6edd670fc40e,cd4a2f89c7482084ad81,fb545f6ed4432fb4d672,ffdafee6ab408aec2b89",15,envelope_energy_sensitive_gt1pct;timestamp_gap_requires_review,paired_own_window_setup_difference_not_synchronized_instrument_error,-1.445145289822214,15,-1.5446141781182754,-1.6132978126109754,-1.3748674816977002,-1.6955263909222862,-0.6390606174359714,0.08040412779906081,15,0.029024244196107496,-0.17068628024377586,0.1252808935796379,-2.4441950761435183,0.3754531901395186,-1.5731818181818125,15,-1.5731818181818125,-1.7465022727272739,-1.3397999999999965,-1.8805409090909109,1.7841636363636448
memmert_archive/durations/gemm/fp32,reported_legacy,shelly,pico,20.0,15,15,15,"18d7059f56c4bbca888b,1b6bcb83993613bba484,27077c475e0e2c24b19f,415f1714f6ba791fc8a0,54982d1b85cafd15139f,56cf6168c19530b67e90,60e4c5da041709be3c53,8149282db3fde868aaaf,a40afe832cd9c27bfc0b,b02bc6f595d8d6c4d277,b34df295a617752ceac1,c22cbbca6edd670fc40e,cd4a2f89c7482084ad81,fb545f6ed4432fb4d672,ffdafee6ab408aec2b89",15,envelope_energy_sensitive_gt1pct;source_time_resolution_coarser_than_detection_bins,paired_own_window_setup_difference_not_synchronized_instrument_error,-3.0890161681779493,15,-3.1043471559320523,-3.168116551483208,-3.0057850314618384,-3.2872462896341714,-2.6506605697337537,-3.0830983609455687,15,-3.110798175851781,-3.138150062337264,-2.983194142376827,-3.338564724362314,-2.339652314315266,-0.0068272727272611355,15,-0.0068272727272611355,-0.04797954545454064,0.022543181818179825,-0.31845909090908453,0.08653181818181199
memmert_archive/durations/gemm/fp32,reported_legacy,firmware,pico,50.0,15,15,15,"033d2b490ec22b3bc3eb,1460ba8c866928745653,175d42327d8444bf330c,238e4aa9534a47edbea8,47f32d515029bc043e26,72b0a13fd1797a6047e7,8d22563136dbf835da95,9ad2197970b7122b23a2,bc261c8aa8e7d28e4cbc,bdae54892d8895f92e1e,d3fdf0957fea2f682eea,d53e0fcb8637e165fbe9,d93319a0550977798698,efa38e72d12360e6a386,f0e70c2a21c20453d86b",0,,paired_own_window_setup_difference_not_synchronized_instrument_error,-0.006802803947592029,15,0.030993091402864437,-0.05164294914129508,0.15100517970080274,-0.08329969237476087,0.28511931087038533,-0.006802803947592029,15,0.03099309140288664,-0.05164294914130063,0.15100517970080274,-0.08329969237476087,0.28511931087038533,0.0,15,0.0,0.0,0.0,0.0,0.0
memmert_archive/durations/gemm/fp32,reported_legacy,jetson,pico,50.0,15,15,15,"033d2b490ec22b3bc3eb,1460ba8c866928745653,175d42327d8444bf330c,238e4aa9534a47edbea8,47f32d515029bc043e26,72b0a13fd1797a6047e7,8d22563136dbf835da95,9ad2197970b7122b23a2,bc261c8aa8e7d28e4cbc,bdae54892d8895f92e1e,d3fdf0957fea2f682eea,d53e0fcb8637e165fbe9,d93319a0550977798698,efa38e72d12360e6a386,f0e70c2a21c20453d86b",15,timestamp_gap_requires_review,paired_own_window_setup_difference_not_synchronized_instrument_error,-1.1001829988561473,15,-1.136581466526343,-1.2554324165594155,-1.0287416111620873,-1.3935240191051745,-0.8887045572365526,-1.221200989194815,15,-0.8207661766383989,-1.5819894449907168,-0.5858259266553534,-1.7250662767881453,-0.5312104077022095,-0.3184288461538398,15,-0.3184288461538398,-0.656095192307693,0.5822971153846113,-0.8154307692307738,0.705698076923067
memmert_archive/durations/gemm/fp32,reported_legacy,shelly,pico,50.0,15,15,15,"033d2b490ec22b3bc3eb,1460ba8c866928745653,175d42327d8444bf330c,238e4aa9534a47edbea8,47f32d515029bc043e26,72b0a13fd1797a6047e7,8d22563136dbf835da95,9ad2197970b7122b23a2,bc261c8aa8e7d28e4cbc,bdae54892d8895f92e1e,d3fdf0957fea2f682eea,d53e0fcb8637e165fbe9,d93319a0550977798698,efa38e72d12360e6a386,f0e70c2a21c20453d86b",15,envelope_energy_sensitive_gt1pct;source_time_resolution_coarser_than_detection_bins,paired_own_window_setup_difference_not_synchronized_instrument_error,-3.035260869547818,15,-3.0574228552665117,-3.1141915749109126,-2.946325524239801,-3.2498119726015906,-2.898371674340139,-3.0193744546613166,15,-3.0772659211704134,-3.1163665601546207,-2.965512664006825,-3.234724033033509,-2.9019839053192387,-0.0023673076922969827,15,-0.0023673076922969827,-0.012675961538460845,0.015494230769230732,-0.0290730769230807,0.04863269230770406
memmert_archive/durations/gemm/fp32,reported_legacy,firmware,pico,100.0,15,15,15,"0db538ac42bf3cd5cdeb,26651420bfa3f7448091,3933e3f0bee2750da901,50a8812befcf7650ecaf,57e3571b1bd397871154,6977ccdac8ec65633bcf,8d08367a8d7fdd3e79c7,98652e3db17144350843,9d6e1cd876717681d1e3,b3e9d723ea949815f072,c845fb4acaaa6ed30b86,e3fefadb597f880a0aa8,e5ddcbf919b1d8b734f3,ec205e31dd7ee446ea78,fbe82c84c7af56bb567d",0,,paired_own_window_setup_difference_not_synchronized_instrument_error,0.0362249769505496,15,0.09445063563482403,0.05264328572548438,0.1048519748260257,-0.043347302717955394,0.2251620168881585,0.0362249769505496,15,0.09445063563482403,0.05264328572549548,0.10485197482603681,-0.043347302717966496,0.2251620168881363,0.0,15,0.0,0.0,0.0,0.0,0.0
memmert_archive/durations/gemm/fp32,reported_legacy,jetson,pico,100.0,15,15,15,"0db538ac42bf3cd5cdeb,26651420bfa3f7448091,3933e3f0bee2750da901,50a8812befcf7650ecaf,57e3571b1bd397871154,6977ccdac8ec65633bcf,8d08367a8d7fdd3e79c7,98652e3db17144350843,9d6e1cd876717681d1e3,b3e9d723ea949815f072,c845fb4acaaa6ed30b86,e3fefadb597f880a0aa8,e5ddcbf919b1d8b734f3,ec205e31dd7ee446ea78,fbe82c84c7af56bb567d",15,timestamp_gap_requires_review,paired_own_window_setup_difference_not_synchronized_instrument_error,-1.1506872235790055,15,-1.1108894428977334,-1.1656292432051574,-1.0686894865697516,-1.2293153921559052,-1.0017267787995388,-0.8579817693777247,15,-0.8579817693777247,-0.9141220323965249,-0.7635010355593219,-1.262020421376353,-0.7217340989786769,-0.31574019607844006,15,-0.31574019607844006,-0.32942156862745264,-0.23774656862745047,-0.34669313725490536,0.26362058823530266
memmert_archive/durations/gemm/fp32,reported_legacy,shelly,pico,100.0,15,15,15,"0db538ac42bf3cd5cdeb,26651420bfa3f7448091,3933e3f0bee2750da901,50a8812befcf7650ecaf,57e3571b1bd397871154,6977ccdac8ec65633bcf,8d08367a8d7fdd3e79c7,98652e3db17144350843,9d6e1cd876717681d1e3,b3e9d723ea949815f072,c845fb4acaaa6ed30b86,e3fefadb597f880a0aa8,e5ddcbf919b1d8b734f3,ec205e31dd7ee446ea78,fbe82c84c7af56bb567d",15,source_time_resolution_coarser_than_detection_bins,paired_own_window_setup_difference_not_synchronized_instrument_error,-2.865153144656496,15,-2.8192408201759056,-2.859966844470463,-2.768485438199042,-2.927688060631195,-2.675475146994666,-2.872663373126827,15,-2.815184250100644,-2.8515397854772475,-2.7780339688561915,-2.9233761185134877,-2.671974200654881,-0.0011156862745109741,15,-0.0011156862745109741,-0.004442647058822136,0.010361274509795848,-0.11576274509803586,0.014388235294116036
memmert_archive/durations/gemm/fp32,reported_legacy,firmware,pico,200.0,15,15,15,"152d422e131d2926993f,15b860cf9cffb87efccf,2d77ee3f02e57b9f78e9,4b5d54f282e5955c3ca2,5171b13fab82a1c5411d,54fb0065583c5a95f5cd,5693645bdfa4938ce85c,59f9ed7baf2dd1d743a7,639e347d6f58abd034cf,6b754ab2fa728a1626ce,6b9a82838b3fda11ba1a,6e8f4b8e9929992e0385,85eeb58c5922edda666b,8d16a84071078163f2a6,a68c17a648df2556b5f5",0,,paired_own_window_setup_difference_not_synchronized_instrument_error,0.09052784499874456,15,0.07239056437982061,0.05769050447212987,0.09584903926828092,-0.035526453573730965,0.15364118217080502,0.09052784499874456,15,0.07239056437984281,0.057690504472118764,0.09584903926828092,-0.03552645357371986,0.15364118217082723,0.0,15,0.0,0.0,0.0,0.0,0.0
memmert_archive/durations/gemm/fp32,reported_legacy,jetson,pico,200.0,15,15,15,"152d422e131d2926993f,15b860cf9cffb87efccf,2d77ee3f02e57b9f78e9,4b5d54f282e5955c3ca2,5171b13fab82a1c5411d,54fb0065583c5a95f5cd,5693645bdfa4938ce85c,59f9ed7baf2dd1d743a7,639e347d6f58abd034cf,6b754ab2fa728a1626ce,6b9a82838b3fda11ba1a,6e8f4b8e9929992e0385,85eeb58c5922edda666b,8d16a84071078163f2a6,a68c17a648df2556b5f5",15,timestamp_gap_requires_review,paired_own_window_setup_difference_not_synchronized_instrument_error,-1.169579163670753,15,-1.0968490139065645,-1.148208227858205,-1.0794538279795818,-1.1779374066563708,-1.0348216537568122,-1.0215315907559641,15,-0.9572552643599241,-0.9795323284577495,-0.9311982322273427,-1.0420833737394775,-0.8764268438552159,-0.1504049504950533,15,-0.1504049504950533,-0.18173019801979717,-0.13886014851485773,-0.19908316831682704,-0.06996138613861724
memmert_archive/durations/gemm/fp32,reported_legacy,shelly,pico,200.0,15,15,15,"152d422e131d2926993f,15b860cf9cffb87efccf,2d77ee3f02e57b9f78e9,4b5d54f282e5955c3ca2,5171b13fab82a1c5411d,54fb0065583c5a95f5cd,5693645bdfa4938ce85c,59f9ed7baf2dd1d743a7,639e347d6f58abd034cf,6b754ab2fa728a1626ce,6b9a82838b3fda11ba1a,6e8f4b8e9929992e0385,85eeb58c5922edda666b,8d16a84071078163f2a6,a68c17a648df2556b5f5",15,source_time_resolution_coarser_than_detection_bins,paired_own_window_setup_difference_not_synchronized_instrument_error,-3.0261092417947166,15,-3.013033520974673,-3.0408637268480696,-2.953065568247615,-3.0618792881532464,-2.9028336390730325,-3.023252748496963,15,-3.012514493886387,-3.035555398500472,-2.9507860599358726,-3.069416840629813,-2.898995745914812,-0.0029455445544446235,15,-0.0029455445544446235,-0.00435717821782311,-0.000943316831675256,-0.008040594059410822,0.007776237623757787
memmert_archive/durations/gemm/fp32,reported_legacy,firmware,pico,300.0,15,15,15,"2b4287ca77f9ecc24b3a,2c93b91bea0a173f9a96,3ead9377ae6a7b5c04fd,504604afc837467eb0b9,6e0f42f7a5a1a93c463b,6f4f6c5e618205d48328,70696e9e93f888e90a75,73a45fe701e4ba8d4533,92f1d5f4b1d5e324daa9,9a27e0aa7e917cf2d3b6,a038948d996660a6577d,a188aaeed6914044d116,a2619d7c7f2839d9a55d,bc833d1097e3b81770d8,ddb49c9ba8291bac05f7",0,,paired_own_window_setup_difference_not_synchronized_instrument_error,0.09040937699960061,15,0.1165816367118433,0.08420813140478378,0.13468425782117155,0.01082121840645378,0.17893225715233108,0.09040937699962281,15,0.1165816367118433,0.08420813140479488,0.13468425782118265,0.01082121840645378,0.17893225715233108,0.0,15,0.0,0.0,0.0,0.0,0.0
memmert_archive/durations/gemm/fp32,reported_legacy,jetson,pico,300.0,15,15,15,"2b4287ca77f9ecc24b3a,2c93b91bea0a173f9a96,3ead9377ae6a7b5c04fd,504604afc837467eb0b9,6e0f42f7a5a1a93c463b,6f4f6c5e618205d48328,70696e9e93f888e90a75,73a45fe701e4ba8d4533,92f1d5f4b1d5e324daa9,9a27e0aa7e917cf2d3b6,a038948d996660a6577d,a188aaeed6914044d116,a2619d7c7f2839d9a55d,bc833d1097e3b81770d8,ddb49c9ba8291bac05f7",15,timestamp_gap_requires_review,paired_own_window_setup_difference_not_synchronized_instrument_error,-1.058830458210025,15,-1.0008462752871372,-1.0354793195031686,-0.9814960337307665,-1.0942327319844236,-0.9582638095634755,-1.0435056946072496,15,-1.065498761041006,-1.0875802271100021,-0.9511131602064515,-1.1366923273448237,-0.8583930701433928,0.08104238410595599,15,0.08104238410595599,-0.12909453642383495,0.1014549668874154,-0.13743145695365167,0.1261013245033249
memmert_archive/durations/gemm/fp32,reported_legacy,shelly,pico,300.0,15,15,15,"2b4287ca77f9ecc24b3a,2c93b91bea0a173f9a96,3ead9377ae6a7b5c04fd,504604afc837467eb0b9,6e0f42f7a5a1a93c463b,6f4f6c5e618205d48328,70696e9e93f888e90a75,73a45fe701e4ba8d4533,92f1d5f4b1d5e324daa9,9a27e0aa7e917cf2d3b6,a038948d996660a6577d,a188aaeed6914044d116,a2619d7c7f2839d9a55d,bc833d1097e3b81770d8,ddb49c9ba8291bac05f7",15,source_time_resolution_coarser_than_detection_bins,paired_own_window_setup_difference_not_synchronized_instrument_error,-2.812198103589325,15,-2.798498072991107,-2.831662586681194,-2.7628367213254457,-2.8845303957965585,-2.6828971385018607,-2.806691877401679,15,-2.7941965552519044,-2.828277193470685,-2.760911911183922,-2.8813685733323657,-2.6880208397622174,-0.0024178807946917402,15,-0.0024178807946917402,-0.006150165562912591,-0.00011903973510252186,-0.02019635761589811,0.005265231788076363
memmert_archive/durations/gemm/fp32,reported_legacy,firmware,pico,400.0,15,15,15,"07f343a6b14ee3d89a54,0a1e2da2135f37cb03a4,288639ff451149a6e9ca,2c20dd23584776246e62,3bb94971fcc370a4bed9,52d8a9a6f42d77ff629d,58d1c8984f9036068b9d,616d416c732791808964,6c2d2068f8d504546fa3,7db8268b20c045b6362d,819fbd17d42ada962556,966085b6e39b78e712da,c3d51da3c37f43be7283,c9fe859e0a12dd662a81,ea81ec2c975632c41a68",0,,paired_own_window_setup_difference_not_synchronized_instrument_error,0.055911231281391416,15,0.11963353525468179,0.09411456308302535,0.1295383843549991,0.055911231281391416,0.15060354111131602,0.055911231281391416,15,0.11963353525465958,0.09411456308301425,0.1295383843550102,0.055911231281391416,0.15060354111131602,0.0,15,0.0,0.0,0.0,0.0,0.0
memmert_archive/durations/gemm/fp32,reported_legacy,jetson,pico,400.0,15,15,15,"07f343a6b14ee3d89a54,0a1e2da2135f37cb03a4,288639ff451149a6e9ca,2c20dd23584776246e62,3bb94971fcc370a4bed9,52d8a9a6f42d77ff629d,58d1c8984f9036068b9d,616d416c732791808964,6c2d2068f8d504546fa3,7db8268b20c045b6362d,819fbd17d42ada962556,966085b6e39b78e712da,c3d51da3c37f43be7283,c9fe859e0a12dd662a81,ea81ec2c975632c41a68",15,timestamp_gap_requires_review,paired_own_window_setup_difference_not_synchronized_instrument_error,-1.0932008241583469,15,-1.0312095233157015,-1.0522438215190888,-1.012155056895797,-1.0936315619155978,-0.9847023575472069,-1.0064817634255152,15,-0.9501042190113385,-0.972595416015859,-0.9268004500681937,-1.0093245909251203,-0.9015002697574381,-0.08656815920398131,15,-0.08656815920398131,-0.08909664179104215,-0.07706007462686681,-0.10079577114426863,-0.06195621890547898
memmert_archive/durations/gemm/fp32,reported_legacy,shelly,pico,400.0,15,15,15,"07f343a6b14ee3d89a54,0a1e2da2135f37cb03a4,288639ff451149a6e9ca,2c20dd23584776246e62,3bb94971fcc370a4bed9,52d8a9a6f42d77ff629d,58d1c8984f9036068b9d,616d416c732791808964,6c2d2068f8d504546fa3,7db8268b20c045b6362d,819fbd17d42ada962556,966085b6e39b78e712da,c3d51da3c37f43be7283,c9fe859e0a12dd662a81,ea81ec2c975632c41a68",15,source_time_resolution_coarser_than_detection_bins,paired_own_window_setup_difference_not_synchronized_instrument_error,-2.9842235733477884,15,-2.8975220793798995,-2.9908864466785867,-2.8541624071884653,-3.0515826781209787,-2.694725714937085,-2.9840302654080886,15,-2.896813356348449,-2.991135872651962,-2.85524907339445,-3.0508080492539613,-2.694464055025747,-0.0003442786069562942,15,-0.0003442786069562942,-0.00103146766168849,-6.305970148279272e-05,-0.0032156716417985898,0.0037286069651809584
memmert_archive/durations/gemm/fp32,reported_legacy,firmware,pico,500.0,15,15,15,"06a6e24b5183c324682a,279bb082ab46f6e0dd5d,2a8fef8dc913aa0aa0bf,3e5ff69728e495c4d435,4c11dcbfb7e63f951a51,6d59f27bc133985df47c,754f56869628b053a4cf,a571e6515dd1970c4bc0,a85997d494daaf6ff2d4,bba8572896cec651f0fc,c3725ee62e9b104367e5,eb0781bc2f28925a786f,f3ecd9e0f1d452900f36,f5551d327394d9ad84b6,ffc86747785ee8f400ed",0,,paired_own_window_setup_difference_not_synchronized_instrument_error,0.09502788811439622,15,0.1095675074711977,0.0845958577620487,0.12345721377383656,0.05526368357273714,0.14696245526835128,0.09502788811439622,15,0.1095675074711977,0.0845958577620487,0.12345721377384766,0.05526368357273714,0.14696245526835128,0.0,15,0.0,0.0,0.0,0.0,0.0
memmert_archive/durations/gemm/fp32,reported_legacy,jetson,pico,500.0,15,15,15,"06a6e24b5183c324682a,279bb082ab46f6e0dd5d,2a8fef8dc913aa0aa0bf,3e5ff69728e495c4d435,4c11dcbfb7e63f951a51,6d59f27bc133985df47c,754f56869628b053a4cf,a571e6515dd1970c4bc0,a85997d494daaf6ff2d4,bba8572896cec651f0fc,c3725ee62e9b104367e5,eb0781bc2f28925a786f,f3ecd9e0f1d452900f36,f5551d327394d9ad84b6,ffc86747785ee8f400ed",15,timestamp_gap_requires_review,paired_own_window_setup_difference_not_synchronized_instrument_error,-1.009519694830674,15,-0.9904681688852168,-1.0150498729231516,-0.9695059887104895,-1.0356293028399688,-0.9415884463080393,-0.9333915451414931,15,-0.9889123423417079,-1.025480156447095,-0.9620772710576597,-1.0913803860890914,-0.9087471806951353,0.02825418326692919,15,0.02825418326692919,-0.06587420318726056,0.04715577689242689,-0.08332171314741066,0.06610478087649696
memmert_archive/durations/gemm/fp32,reported_legacy,shelly,pico,500.0,15,15,15,"06a6e24b5183c324682a,279bb082ab46f6e0dd5d,2a8fef8dc913aa0aa0bf,3e5ff69728e495c4d435,4c11dcbfb7e63f951a51,6d59f27bc133985df47c,754f56869628b053a4cf,a571e6515dd1970c4bc0,a85997d494daaf6ff2d4,bba8572896cec651f0fc,c3725ee62e9b104367e5,eb0781bc2f28925a786f,f3ecd9e0f1d452900f36,f5551d327394d9ad84b6,ffc86747785ee8f400ed",15,source_time_resolution_coarser_than_detection_bins,paired_own_window_setup_difference_not_synchronized_instrument_error,-2.7525450196587586,15,-2.7809796755529637,-2.7914230466763446,-2.73993739662306,-2.8605492433984137,-2.7158009306911146,-2.7514714114009298,15,-2.779578500753077,-2.78963668634053,-2.7391706095101496,-2.8593750415811803,-2.7152609414013873,-0.0008201195219159629,15,-0.0008201195219159629,-0.0013250000000075701,0.00011653386453591708,-0.0019456175298748768,0.002194023904378284
memmert_archive/durations/gemm/fp32,reported_legacy,firmware,pico,600.0,15,15,15,"0cf927c333047fc189fa,0f060ef97a25d72cbd53,52643dcaa2747759814f,69400570787f8a6a42de,6a9f9dd63a2d8477d8e9,7b50c223c11fbf96c673,821dfaf1f3fcc0343ffd,956b89d5fcb592e72aa1,9987844154900fa18323,9fdfb149b20d9a8daadb,adf14b8bd8fe742b0605,b5fa0560a194d297012d,b61327a088150217a969,d0242152bd8f933767e5,fa55958e49efcdb3fc70",0,,paired_own_window_setup_difference_not_synchronized_instrument_error,0.07815103900459253,15,0.09586418630009863,0.07922126812892616,0.12154420811323341,0.02970774426849232,0.19355234788960285,0.07815103900459253,15,0.09586418630009863,0.07922126812891506,0.12154420811323341,0.02970774426849232,0.19355234788958064,0.0,15,0.0,0.0,0.0,0.0,0.0
memmert_archive/durations/gemm/fp32,reported_legacy,jetson,pico,600.0,15,15,15,"0cf927c333047fc189fa,0f060ef97a25d72cbd53,52643dcaa2747759814f,69400570787f8a6a42de,6a9f9dd63a2d8477d8e9,7b50c223c11fbf96c673,821dfaf1f3fcc0343ffd,956b89d5fcb592e72aa1,9987844154900fa18323,9fdfb149b20d9a8daadb,adf14b8bd8fe742b0605,b5fa0560a194d297012d,b61327a088150217a969,d0242152bd8f933767e5,fa55958e49efcdb3fc70",15,timestamp_gap_requires_review,paired_own_window_setup_difference_not_synchronized_instrument_error,-1.025746678595052,15,-1.0268902154647597,-1.0582378080962573,-1.0147760259518412,-1.0728871585787836,-0.983570851612181,-0.9826135866045416,15,-0.9962986643331839,-1.015079503999139,-0.9723370338846682,-1.0581834911131516,-0.9438830804616272,-0.04039186046511656,15,-0.04039186046511656,-0.044759053156151474,-0.013862126245850481,-0.07061411960131991,-0.00706345514951412
memmert_archive/durations/gemm/fp32,reported_legacy,shelly,pico,600.0,15,15,15,"0cf927c333047fc189fa,0f060ef97a25d72cbd53,52643dcaa2747759814f,69400570787f8a6a42de,6a9f9dd63a2d8477d8e9,7b50c223c11fbf96c673,821dfaf1f3fcc0343ffd,956b89d5fcb592e72aa1,9987844154900fa18323,9fdfb149b20d9a8daadb,adf14b8bd8fe742b0605,b5fa0560a194d297012d,b61327a088150217a969,d0242152bd8f933767e5,fa55958e49efcdb3fc70",15,source_time_resolution_coarser_than_detection_bins,paired_own_window_setup_difference_not_synchronized_instrument_error,-2.7862520389242196,15,-2.7862520389242196,-2.8051720033921868,-2.7462903345324308,-2.8337217133976855,-2.4569746517509206,-2.786028220710135,15,-2.786028220710135,-2.804487953465362,-2.74554479981341,-2.8312008125576216,-2.4556751409778643,-0.0013461794019953288,15,-0.0013461794019953288,-0.0021029069767419806,-0.00046818936876302786,-0.003574584717613849,0.00037674418604805027
memmert_archive/durations/gemm/fp32,envelope_0.5,firmware,pico,5.0,15,15,15,"10daee0f14e4687a6688,3eebdd004f6e72aaeb07,4055df035b7d0172679a,450e16cd70d7987689b8,684e41b79f0d637c72ac,85ca5a2975f5ecf291e2,8a589ca636fa192e5b6e,b3edbcfd578461eddb86,b425209db3cd53151292,b5a1c5ccf3b21e7f7773,be89c4984ca053cc5184,cc7c67b9489b7f1c0276,d52e69265e7d3ed2e7bb,e7c9d5267d729daaf933,fad50372edeffae9980b",5,envelope_energy_sensitive_gt1pct,paired_own_window_setup_difference_not_synchronized_instrument_error,0.013190411908747812,15,-0.04524887436410108,-0.2687147652198463,0.6017052009006263,-0.47192046495492246,1.1712869939202841,0.013190411908770017,15,-0.04524887436405667,-0.2687147652198074,0.6017052009006707,-0.47192046495487805,1.1712869939203063,-3.3306690738754696e-14,15,-3.3306690738754696e-14,-3.3306690738754696e-14,-3.3306690738754696e-14,-3.3306690738754696e-14,-3.3306690738754696e-14
memmert_archive/durations/gemm/fp32,envelope_0.5,jetson,pico,5.0,15,15,15,"10daee0f14e4687a6688,3eebdd004f6e72aaeb07,4055df035b7d0172679a,450e16cd70d7987689b8,684e41b79f0d637c72ac,85ca5a2975f5ecf291e2,8a589ca636fa192e5b6e,b3edbcfd578461eddb86,b425209db3cd53151292,b5a1c5ccf3b21e7f7773,be89c4984ca053cc5184,cc7c67b9489b7f1c0276,d52e69265e7d3ed2e7bb,e7c9d5267d729daaf933,fad50372edeffae9980b",15,envelope_energy_sensitive_gt1pct;timestamp_gap_requires_review,paired_own_window_setup_difference_not_synchronized_instrument_error,-6.042715008653044,15,-5.978231785410671,-6.256377637173621,-5.866135377131015,-6.51981582308715,-5.561253734047766,-9.398332329772586,15,-9.336152078788851,-9.604364150131701,-9.228059113662034,-9.858393829405443,-8.934066100688899,3.703703703703698,15,3.703703703703698,3.703703703703698,3.703703703703698,3.703703703703698,3.703703703703698
memmert_archive/durations/gemm/fp32,envelope_0.5,shelly,pico,5.0,15,15,15,"10daee0f14e4687a6688,3eebdd004f6e72aaeb07,4055df035b7d0172679a,450e16cd70d7987689b8,684e41b79f0d637c72ac,85ca5a2975f5ecf291e2,8a589ca636fa192e5b6e,b3edbcfd578461eddb86,b425209db3cd53151292,b5a1c5ccf3b21e7f7773,be89c4984ca053cc5184,cc7c67b9489b7f1c0276,d52e69265e7d3ed2e7bb,e7c9d5267d729daaf933,fad50372edeffae9980b",15,envelope_energy_sensitive_gt1pct;source_time_resolution_coarser_than_detection_bins,paired_own_window_setup_difference_not_synchronized_instrument_error,-8.27509661881165,15,-8.094509721652399,-12.121335717951819,-6.310136461651705,-18.628324202158332,-4.384154698152686,-14.563055174492924,15,-14.30733324214285,-14.845053480132293,-13.945145065243498,-16.124023053118176,-12.69802618317717,7.407407407407374,15,7.407407407407374,3.703703703703698,7.407407407407418,-3.7037037037037535,11.111111111111072
memmert_archive/durations/gemm/fp32,envelope_0.5,firmware,pico,10.0,15,15,15,"05a1c34998fbff470c7f,07328f1b5974d8870739,1b675f9ed6ccbff7d07e,22a436ef036430ed1a46,422f95f9a59345020d04,455f75b1fa8732a7ae0f,6421fbe59ef33bdc6fde,714734be015d9e7969c0,7dbc31395edde5cfee26,7dc093f7f1b1c25356ad,b824660e15d51164c29f,d4a02047dc0d9e820147,d8948af4bc5dff6c855a,ed6fea6b3903fc8d6231,ed71a371e0e27597a375",2,envelope_energy_sensitive_gt1pct,paired_own_window_setup_difference_not_synchronized_instrument_error,0.14610619089572285,15,0.1923695321435659,-0.23235259042421186,0.2914358082291346,-0.8546601493740313,0.6070607544609086,0.23703308120675004,15,0.28106549790134494,-0.001091827402649459,0.40471807235147317,-0.5184871761422793,1.193451029359327,-1.1102230246251565e-14,15,-1.1102230246251565e-14,-1.1102230246251565e-14,-1.1102230246251565e-14,-1.3157894736842146,0.0
memmert_archive/durations/gemm/fp32,envelope_0.5,jetson,pico,10.0,15,15,15,"05a1c34998fbff470c7f,07328f1b5974d8870739,1b675f9ed6ccbff7d07e,22a436ef036430ed1a46,422f95f9a59345020d04,455f75b1fa8732a7ae0f,6421fbe59ef33bdc6fde,714734be015d9e7969c0,7dbc31395edde5cfee26,7dc093f7f1b1c25356ad,b824660e15d51164c29f,d4a02047dc0d9e820147,d8948af4bc5dff6c855a,ed6fea6b3903fc8d6231,ed71a371e0e27597a375",15,envelope_energy_sensitive_gt1pct;timestamp_gap_requires_review,paired_own_window_setup_difference_not_synchronized_instrument_error,-2.772676453159406,15,-2.7979922817893077,-3.0282853011670774,-2.6968767441878763,-4.053859433083973,-2.322469246450065,-3.980830644332789,15,-3.9525468952433696,-4.049667563456666,-3.6526486187224814,-4.334965847782646,-2.807805659487672,1.298701298701288,15,1.298701298701288,1.2903762903762828,1.298701298701288,-1.2820512820512775,1.3157894736842257
memmert_archive/durations/gemm/fp32,envelope_0.5,shelly,pico,10.0,15,15,15,"05a1c34998fbff470c7f,07328f1b5974d8870739,1b675f9ed6ccbff7d07e,22a436ef036430ed1a46,422f95f9a59345020d04,455f75b1fa8732a7ae0f,6421fbe59ef33bdc6fde,714734be015d9e7969c0,7dbc31395edde5cfee26,7dc093f7f1b1c25356ad,b824660e15d51164c29f,d4a02047dc0d9e820147,d8948af4bc5dff6c855a,ed6fea6b3903fc8d6231,ed71a371e0e27597a375",15,envelope_energy_sensitive_gt1pct;source_time_resolution_coarser_than_detection_bins,paired_own_window_setup_difference_not_synchronized_instrument_error,-6.410956525306433,15,-6.512354877759274,-7.339762734887101,-5.184822860664168,-7.632127618693185,-3.869175055999685,-6.275319666680135,15,-6.334068003281734,-6.419539435539928,-5.7844470232190695,-6.5208214866953496,-5.132153872601863,-2.220446049250313e-14,15,-2.220446049250313e-14,-1.2987012987013213,1.298701298701288,-2.564102564102555,2.631578947368407
memmert_archive/durations/gemm/fp32,envelope_0.5,firmware,pico,20.0,15,15,15,"18d7059f56c4bbca888b,1b6bcb83993613bba484,27077c475e0e2c24b19f,415f1714f6ba791fc8a0,54982d1b85cafd15139f,56cf6168c19530b67e90,60e4c5da041709be3c53,8149282db3fde868aaaf,a40afe832cd9c27bfc0b,b02bc6f595d8d6c4d277,b34df295a617752ceac1,c22cbbca6edd670fc40e,cd4a2f89c7482084ad81,fb545f6ed4432fb4d672,ffdafee6ab408aec2b89",0,,paired_own_window_setup_difference_not_synchronized_instrument_error,0.14522802271834667,15,0.16875578045050244,0.10651866594466597,0.3244298677493873,-0.3416036319994653,0.4109232542129915,0.18827688191667136,15,0.20200127801861534,0.11680244076600621,0.3244298677494095,0.03957258448250567,0.4109232542130359,-2.220446049250313e-14,15,-2.220446049250313e-14,-2.220446049250313e-14,-2.220446049250313e-14,-0.561797752808979,-2.220446049250313e-14
memmert_archive/durations/gemm/fp32,envelope_0.5,jetson,pico,20.0,15,15,15,"18d7059f56c4bbca888b,1b6bcb83993613bba484,27077c475e0e2c24b19f,415f1714f6ba791fc8a0,54982d1b85cafd15139f,56cf6168c19530b67e90,60e4c5da041709be3c53,8149282db3fde868aaaf,a40afe832cd9c27bfc0b,b02bc6f595d8d6c4d277,b34df295a617752ceac1,c22cbbca6edd670fc40e,cd4a2f89c7482084ad81,fb545f6ed4432fb4d672,ffdafee6ab408aec2b89",15,envelope_energy_sensitive_gt1pct;timestamp_gap_requires_review,paired_own_window_setup_difference_not_synchronized_instrument_error,-1.7642291057220039,15,-1.7507721756989225,-1.7847058956235173,-1.740110809786799,-2.1500633101355637,-1.4924651977699543,-2.290023651947415,15,-2.297818996083645,-2.3315134384333582,-2.237528780339332,-2.4698116049472585,-2.045878314636418,0.5649717514124131,15,0.5649717514124131,0.5649717514124131,0.5649717514124131,2.220446049250313e-14,0.5681818181818343
memmert_archive/durations/gemm/fp32,envelope_0.5,shelly,pico,20.0,15,15,15,"18d7059f56c4bbca888b,1b6bcb83993613bba484,27077c475e0e2c24b19f,415f1714f6ba791fc8a0,54982d1b85cafd15139f,56cf6168c19530b67e90,60e4c5da041709be3c53,8149282db3fde868aaaf,a40afe832cd9c27bfc0b,b02bc6f595d8d6c4d277,b34df295a617752ceac1,c22cbbca6edd670fc40e,cd4a2f89c7482084ad81,fb545f6ed4432fb4d672,ffdafee6ab408aec2b89",15,envelope_energy_sensitive_gt1pct;source_time_resolution_coarser_than_detection_bins,paired_own_window_setup_difference_not_synchronized_instrument_error,-3.6844575072440433,15,-3.8196385840552183,-4.217320794078244,-3.3061189201789407,-4.910891561898978,-3.115648366861079,-4.39662359512355,15,-4.370612536682483,-4.446953764645167,-4.2710838878275705,-4.626035096010861,-4.197957668766472,0.5649717514124353,15,0.5649717514124353,0.0,1.1299435028248372,-0.5649717514124353,1.1363636363636465
memmert_archive/durations/gemm/fp32,envelope_0.5,firmware,pico,50.0,15,15,15,"033d2b490ec22b3bc3eb,1460ba8c866928745653,175d42327d8444bf330c,238e4aa9534a47edbea8,47f32d515029bc043e26,72b0a13fd1797a6047e7,8d22563136dbf835da95,9ad2197970b7122b23a2,bc261c8aa8e7d28e4cbc,bdae54892d8895f92e1e,d3fdf0957fea2f682eea,d53e0fcb8637e165fbe9,d93319a0550977798698,efa38e72d12360e6a386,f0e70c2a21c20453d86b",0,,paired_own_window_setup_difference_not_synchronized_instrument_error,-0.0029228465284969474,15,0.0737922202710184,-0.01825112947858032,0.18609460752245788,-0.0721387448297417,0.43134690375921103,-0.016347727491894393,15,0.07030013979725247,-0.06066154505259269,0.20022955758652872,-0.1355671776793521,0.28502994423318384,0.0,15,0.0,0.0,1.1102230246251565e-14,-0.20920502092049986,0.20964360587001352
memmert_archive/durations/gemm/fp32,envelope_0.5,jetson,pico,50.0,15,15,15,"033d2b490ec22b3bc3eb,1460ba8c866928745653,175d42327d8444bf330c,238e4aa9534a47edbea8,47f32d515029bc043e26,72b0a13fd1797a6047e7,8d22563136dbf835da95,9ad2197970b7122b23a2,bc261c8aa8e7d28e4cbc,bdae54892d8895f92e1e,d3fdf0957fea2f682eea,d53e0fcb8637e165fbe9,d93319a0550977798698,efa38e72d12360e6a386,f0e70c2a21c20453d86b",15,timestamp_gap_requires_review,paired_own_window_setup_difference_not_synchronized_instrument_error,-1.357767386495301,15,-1.3683365470088638,-1.3933883512931233,-1.2929138914054727,-1.5593476142314766,-1.2150584934055075,-1.5851487124889707,15,-1.5528156683751626,-1.5747295757901458,-1.4401560137568215,-1.6356251292807822,-1.396715232767931,0.20964360587003572,15,0.20964360587003572,0.2094243133952789,0.20964360587003572,2.220446049250313e-14,0.21008403361346684
memmert_archive/durations/gemm/fp32,envelope_0.5,shelly,pico,50.0,15,15,15,"033d2b490ec22b3bc3eb,1460ba8c866928745653,175d42327d8444bf330c,238e4aa9534a47edbea8,47f32d515029bc043e26,72b0a13fd1797a6047e7,8d22563136dbf835da95,9ad2197970b7122b23a2,bc261c8aa8e7d28e4cbc,bdae54892d8895f92e1e,d3fdf0957fea2f682eea,d53e0fcb8637e165fbe9,d93319a0550977798698,efa38e72d12360e6a386,f0e70c2a21c20453d86b",15,envelope_energy_sensitive_gt1pct;source_time_resolution_coarser_than_detection_bins,paired_own_window_setup_difference_not_synchronized_instrument_error,-3.2761995010031186,15,-3.277295787196688,-3.4920674980156443,-3.142397201468544,-3.7542470987247722,-2.8495582035281353,-3.489874642201274,15,-3.4920158760047504,-3.5770421574622846,-3.4654676885966076,-3.7118101168921114,-3.330528984696357,0.20964360587003572,15,0.20964360587003572,0.10460251046026103,0.41928721174007144,-0.20964360587001352,0.6289308176100628
memmert_archive/durations/gemm/fp32,envelope_0.5,firmware,pico,100.0,15,15,15,"0db538ac42bf3cd5cdeb,26651420bfa3f7448091,3933e3f0bee2750da901,50a8812befcf7650ecaf,57e3571b1bd397871154,6977ccdac8ec65633bcf,8d08367a8d7fdd3e79c7,98652e3db17144350843,9d6e1cd876717681d1e3,b3e9d723ea949815f072,c845fb4acaaa6ed30b86,e3fefadb597f880a0aa8,e5ddcbf919b1d8b734f3,ec205e31dd7ee446ea78,fbe82c84c7af56bb567d",0,,paired_own_window_setup_difference_not_synchronized_instrument_error,0.06898892468381046,15,0.0907921628617192,0.0585527635469929,0.10521143281978507,-0.03744752289592812,0.22709890648675568,0.02826294573667898,15,0.09500188302511425,0.0585527635469929,0.10884852316205285,-0.037447522895950325,0.22709890648673348,2.220446049250313e-14,15,2.220446049250313e-14,2.220446049250313e-14,2.220446049250313e-14,-0.10214504596526286,2.220446049250313e-14
memmert_archive/durations/gemm/fp32,envelope_0.5,jetson,pico,100.0,15,15,15,"0db538ac42bf3cd5cdeb,26651420bfa3f7448091,3933e3f0bee2750da901,50a8812befcf7650ecaf,57e3571b1bd397871154,6977ccdac8ec65633bcf,8d08367a8d7fdd3e79c7,98652e3db17144350843,9d6e1cd876717681d1e3,b3e9d723ea949815f072,c845fb4acaaa6ed30b86,e3fefadb597f880a0aa8,e5ddcbf919b1d8b734f3,ec205e31dd7ee446ea78,fbe82c84c7af56bb567d",15,timestamp_gap_requires_review,paired_own_window_setup_difference_not_synchronized_instrument_error,-1.21293366571823,15,-1.1827498573577788,-1.2351000719660943,-1.1476780035367562,-1.3171514183433986,-1.0869551968916258,-1.2531379290670497,15,-1.2482877861058062,-1.3012727930188317,-1.2020867643709854,-1.336230465667576,-1.148041341840822,0.10224948875257045,15,0.10224948875257045,2.220446049250313e-14,0.10224948875257045,0.0,0.10235414534289777
memmert_archive/durations/gemm/fp32,envelope_0.5,shelly,pico,100.0,15,15,15,"0db538ac42bf3cd5cdeb,26651420bfa3f7448091,3933e3f0bee2750da901,50a8812befcf7650ecaf,57e3571b1bd397871154,6977ccdac8ec65633bcf,8d08367a8d7fdd3e79c7,98652e3db17144350843,9d6e1cd876717681d1e3,b3e9d723ea949815f072,c845fb4acaaa6ed30b86,e3fefadb597f880a0aa8,e5ddcbf919b1d8b734f3,ec205e31dd7ee446ea78,fbe82c84c7af56bb567d",15,source_time_resolution_coarser_than_detection_bins,paired_own_window_setup_difference_not_synchronized_instrument_error,-2.9522801824904854,15,-2.9611223239986773,-3.055063414114839,-2.900961402225788,-3.1566044687631245,-2.841204872139802,-2.9962918424379814,15,-3.0546237126998554,-3.1030284598712434,-2.955504393995284,-3.1566044687631356,-2.888220709211786,0.10224948875257045,15,0.10214504596528506,2.220446049250313e-14,0.10224948875257045,0.0,0.2044989775051187
memmert_archive/durations/gemm/fp32,envelope_0.5,firmware,pico,200.0,15,15,15,"152d422e131d2926993f,15b860cf9cffb87efccf,2d77ee3f02e57b9f78e9,4b5d54f282e5955c3ca2,5171b13fab82a1c5411d,54fb0065583c5a95f5cd,5693645bdfa4938ce85c,59f9ed7baf2dd1d743a7,639e347d6f58abd034cf,6b754ab2fa728a1626ce,6b9a82838b3fda11ba1a,6e8f4b8e9929992e0385,85eeb58c5922edda666b,8d16a84071078163f2a6,a68c17a648df2556b5f5",0,,paired_own_window_setup_difference_not_synchronized_instrument_error,0.09298270286999255,15,0.07534216288096474,0.05179557755899955,0.11012551392662884,-0.004117387314361842,0.1449825977880348,0.09298270286999255,15,0.07660819837094213,0.05921867599163466,0.10153304159233878,-0.054671423013397114,0.17335035504515428,0.0,15,0.0,0.0,0.0,-0.05055611729019027,0.05058168942841945
memmert_archive/durations/gemm/fp32,envelope_0.5,jetson,pico,200.0,15,15,15,"152d422e131d2926993f,15b860cf9cffb87efccf,2d77ee3f02e57b9f78e9,4b5d54f282e5955c3ca2,5171b13fab82a1c5411d,54fb0065583c5a95f5cd,5693645bdfa4938ce85c,59f9ed7baf2dd1d743a7,639e347d6f58abd034cf,6b754ab2fa728a1626ce,6b9a82838b3fda11ba1a,6e8f4b8e9929992e0385,85eeb58c5922edda666b,8d16a84071078163f2a6,a68c17a648df2556b5f5",15,timestamp_gap_requires_review,paired_own_window_setup_difference_not_synchronized_instrument_error,-1.1773892566079858,15,-1.149276972272406,-1.1734640032570576,-1.102707844978229,-1.1956337439677278,-1.05395709773628,-1.2273501316046431,15,-1.1500644406424954,-1.2065788971206082,-1.1349663848387481,-1.2419158594986657,-1.1039803752399546,0.05058168942841945,15,0.05058168942841945,0.0,0.05058168942841945,-0.050530570995444,0.05058168942841945
memmert_archive/durations/gemm/fp32,envelope_0.5,shelly,pico,200.0,15,15,15,"152d422e131d2926993f,15b860cf9cffb87efccf,2d77ee3f02e57b9f78e9,4b5d54f282e5955c3ca2,5171b13fab82a1c5411d,54fb0065583c5a95f5cd,5693645bdfa4938ce85c,59f9ed7baf2dd1d743a7,639e347d6f58abd034cf,6b754ab2fa728a1626ce,6b9a82838b3fda11ba1a,6e8f4b8e9929992e0385,85eeb58c5922edda666b,8d16a84071078163f2a6,a68c17a648df2556b5f5",15,source_time_resolution_coarser_than_detection_bins,paired_own_window_setup_difference_not_synchronized_instrument_error,-3.05522765330144,15,-3.0371846784118306,-3.0607107868225016,-2.9987813462560076,-3.0848956725470167,-2.9184712800029655,-3.104239166115752,15,-3.1191773674890455,-3.1365320761084945,-3.063506157789364,-3.1828391837420034,-2.995401073348769,0.1011633788568389,15,0.10111223458040275,0.05058168942841945,0.1011633788568389,0.0,0.15174506828528056
memmert_archive/durations/gemm/fp32,envelope_0.5,firmware,pico,300.0,15,15,15,"2b4287ca77f9ecc24b3a,2c93b91bea0a173f9a96,3ead9377ae6a7b5c04fd,504604afc837467eb0b9,6e0f42f7a5a1a93c463b,6f4f6c5e618205d48328,70696e9e93f888e90a75,73a45fe701e4ba8d4533,92f1d5f4b1d5e324daa9,9a27e0aa7e917cf2d3b6,a038948d996660a6577d,a188aaeed6914044d116,a2619d7c7f2839d9a55d,bc833d1097e3b81770d8,ddb49c9ba8291bac05f7",0,,paired_own_window_setup_difference_not_synchronized_instrument_error,0.09061696803296382,15,0.11590478272474058,0.08530484554316597,0.13646266571022414,0.012753477110827305,0.181142010291091,0.09061696803296382,15,0.11590478272474058,0.08530484554315487,0.13646266571020194,0.0127534771108051,0.1811420102910688,0.0,15,0.0,0.0,0.0,-2.220446049250313e-14,2.220446049250313e-14
memmert_archive/durations/gemm/fp32,envelope_0.5,jetson,pico,300.0,15,15,15,"2b4287ca77f9ecc24b3a,2c93b91bea0a173f9a96,3ead9377ae6a7b5c04fd,504604afc837467eb0b9,6e0f42f7a5a1a93c463b,6f4f6c5e618205d48328,70696e9e93f888e90a75,73a45fe701e4ba8d4533,92f1d5f4b1d5e324daa9,9a27e0aa7e917cf2d3b6,a038948d996660a6577d,a188aaeed6914044d116,a2619d7c7f2839d9a55d,bc833d1097e3b81770d8,ddb49c9ba8291bac05f7",15,timestamp_gap_requires_review,paired_own_window_setup_difference_not_synchronized_instrument_error,-1.0690982392352222,15,-1.0441588502479782,-1.077758153291719,-1.0272620952979927,-1.1058616505325691,-0.9913547047314397,-1.1023188241112591,15,-1.0754496824621373,-1.103905198379218,-1.060496728576954,-1.1354999507458552,-1.0246125634130743,0.03359086328520444,15,0.03359086328520444,0.03359086328520444,0.03359086328520444,-0.0335795836131525,0.03360215053762605
memmert_archive/durations/gemm/fp32,envelope_0.5,shelly,pico,300.0,15,15,15,"2b4287ca77f9ecc24b3a,2c93b91bea0a173f9a96,3ead9377ae6a7b5c04fd,504604afc837467eb0b9,6e0f42f7a5a1a93c463b,6f4f6c5e618205d48328,70696e9e93f888e90a75,73a45fe701e4ba8d4533,92f1d5f4b1d5e324daa9,9a27e0aa7e917cf2d3b6,a038948d996660a6577d,a188aaeed6914044d116,a2619d7c7f2839d9a55d,bc833d1097e3b81770d8,ddb49c9ba8291bac05f7",15,source_time_resolution_coarser_than_detection_bins,paired_own_window_setup_difference_not_synchronized_instrument_error,-2.847823174337738,15,-2.8633590684348342,-2.8919895356641803,-2.819396700843757,-2.961955882817724,-2.7078165363636497,-2.8827606008198448,15,-2.8827606008198448,-2.9089323748123954,-2.8348257878427816,-2.961955882817713,-2.773157156554129,0.03359086328520444,15,0.03359086328520444,0.0,0.03359086328520444,-0.0335795836131525,0.06720430107527431
memmert_archive/durations/gemm/fp32,envelope_0.5,firmware,pico,400.0,15,15,15,"07f343a6b14ee3d89a54,0a1e2da2135f37cb03a4,288639ff451149a6e9ca,2c20dd23584776246e62,3bb94971fcc370a4bed9,52d8a9a6f42d77ff629d,58d1c8984f9036068b9d,616d416c732791808964,6c2d2068f8d504546fa3,7db8268b20c045b6362d,819fbd17d42ada962556,966085b6e39b78e712da,c3d51da3c37f43be7283,c9fe859e0a12dd662a81,ea81ec2c975632c41a68",0,,paired_own_window_setup_difference_not_synchronized_instrument_error,0.05595549143622147,15,0.12127351873860714,0.09770922776612956,0.13039889062819165,0.05595549143622147,0.1517137819947223,0.05595549143622147,15,0.12127351873860714,0.09164141903093004,0.13039889062821386,0.05583635883230631,0.1517137819947223,-1.1102230246251565e-14,15,-1.1102230246251565e-14,-1.1102230246251565e-14,-5.551115123125783e-15,-1.1102230246251565e-14,0.025144581342706473
memmert_archive/durations/gemm/fp32,envelope_0.5,jetson,pico,400.0,15,15,15,"07f343a6b14ee3d89a54,0a1e2da2135f37cb03a4,288639ff451149a6e9ca,2c20dd23584776246e62,3bb94971fcc370a4bed9,52d8a9a6f42d77ff629d,58d1c8984f9036068b9d,616d416c732791808964,6c2d2068f8d504546fa3,7db8268b20c045b6362d,819fbd17d42ada962556,966085b6e39b78e712da,c3d51da3c37f43be7283,c9fe859e0a12dd662a81,ea81ec2c975632c41a68",15,timestamp_gap_requires_review,paired_own_window_setup_difference_not_synchronized_instrument_error,-1.1136191245029736,15,-1.042204129928137,-1.0701561592515452,-1.0263246101288592,-1.1136191245029736,-0.9972508054645113,-1.1136191245029958,15,-1.0596206027966404,-1.0797372060793564,-1.0387648471149924,-1.1230519278989215,-1.0185280021991483,0.0,15,2.220446049250313e-14,0.0,0.025141420887553334,0.0,0.025150905432580473
memmert_archive/durations/gemm/fp32,envelope_0.5,shelly,pico,400.0,15,15,15,"07f343a6b14ee3d89a54,0a1e2da2135f37cb03a4,288639ff451149a6e9ca,2c20dd23584776246e62,3bb94971fcc370a4bed9,52d8a9a6f42d77ff629d,58d1c8984f9036068b9d,616d416c732791808964,6c2d2068f8d504546fa3,7db8268b20c045b6362d,819fbd17d42ada962556,966085b6e39b78e712da,c3d51da3c37f43be7283,c9fe859e0a12dd662a81,ea81ec2c975632c41a68",15,source_time_resolution_coarser_than_detection_bins,paired_own_window_setup_difference_not_synchronized_instrument_error,-3.0149089802949613,15,-2.9543816126750055,-3.011933867349187,-2.8789617215643104,-3.082431865356716,-2.728392256627832,-3.0392832177967954,15,-2.9632837627804,-3.0357545363532914,-2.9016968512751875,-3.1048340680521203,-2.7528385013484646,0.02513826043237799,15,0.02513826043237799,2.220446049250313e-14,0.037707390648566985,0.0,0.07543374402816383
memmert_archive/durations/gemm/fp32,envelope_0.5,firmware,pico,500.0,15,15,15,"06a6e24b5183c324682a,279bb082ab46f6e0dd5d,2a8fef8dc913aa0aa0bf,3e5ff69728e495c4d435,4c11dcbfb7e63f951a51,6d59f27bc133985df47c,754f56869628b053a4cf,a571e6515dd1970c4bc0,a85997d494daaf6ff2d4,bba8572896cec651f0fc,c3725ee62e9b104367e5,eb0781bc2f28925a786f,f3ecd9e0f1d452900f36,f5551d327394d9ad84b6,ffc86747785ee8f400ed",0,,paired_own_window_setup_difference_not_synchronized_instrument_error,0.09536117107480369,15,0.10945900578935852,0.08274372502866667,0.12190775950463584,0.05575335242549162,0.14828183777029214,0.09536117107478148,15,0.10972288626589499,0.0854948321702409,0.12190775950462474,0.05575335242549162,0.14828183777029214,0.0,15,0.0,0.0,0.0,-0.02008838891119913,2.220446049250313e-14
memmert_archive/durations/gemm/fp32,envelope_0.5,jetson,pico,500.0,15,15,15,"06a6e24b5183c324682a,279bb082ab46f6e0dd5d,2a8fef8dc913aa0aa0bf,3e5ff69728e495c4d435,4c11dcbfb7e63f951a51,6d59f27bc133985df47c,754f56869628b053a4cf,a571e6515dd1970c4bc0,a85997d494daaf6ff2d4,bba8572896cec651f0fc,c3725ee62e9b104367e5,eb0781bc2f28925a786f,f3ecd9e0f1d452900f36,f5551d327394d9ad84b6,ffc86747785ee8f400ed",15,timestamp_gap_requires_review,paired_own_window_setup_difference_not_synchronized_instrument_error,-1.0151483899400127,15,-1.0200708810959913,-1.03711285438981,-0.99026230975095,-1.0666734470960004,-0.9721362690562674,-1.035032851894624,15,-1.0200708810960024,-1.0519176666576369,-1.0094289707188286,-1.0865475584967532,-0.9884457296658766,0.020092425155726623,15,0.020092425155726623,0.01004419445562732,0.020092425155726623,-0.02008838891119913,0.020092425155726623
memmert_archive/durations/gemm/fp32,envelope_0.5,shelly,pico,500.0,15,15,15,"06a6e24b5183c324682a,279bb082ab46f6e0dd5d,2a8fef8dc913aa0aa0bf,3e5ff69728e495c4d435,4c11dcbfb7e63f951a51,6d59f27bc133985df47c,754f56869628b053a4cf,a571e6515dd1970c4bc0,a85997d494daaf6ff2d4,bba8572896cec651f0fc,c3725ee62e9b104367e5,eb0781bc2f28925a786f,f3ecd9e0f1d452900f36,f5551d327394d9ad84b6,ffc86747785ee8f400ed",15,source_time_resolution_coarser_than_detection_bins,paired_own_window_setup_difference_not_synchronized_instrument_error,-2.758826240057599,15,-2.80694918523009,-2.8266610907454304,-2.763305813647887,-2.8742284265909968,-2.735428177717336,-2.797886763761137,15,-2.82377898600481,-2.837819864467972,-2.7824888976917537,-2.8937394293176766,-2.756592553627668,0.020092425155726623,15,0.020092425155726623,2.220446049250313e-14,0.030138637733578832,-0.04018485031141994,0.04018485031143104
memmert_archive/durations/gemm/fp32,envelope_0.5,firmware,pico,600.0,15,15,15,"0cf927c333047fc189fa,0f060ef97a25d72cbd53,52643dcaa2747759814f,69400570787f8a6a42de,6a9f9dd63a2d8477d8e9,7b50c223c11fbf96c673,821dfaf1f3fcc0343ffd,956b89d5fcb592e72aa1,9987844154900fa18323,9fdfb149b20d9a8daadb,adf14b8bd8fe742b0605,b5fa0560a194d297012d,b61327a088150217a969,d0242152bd8f933767e5,fa55958e49efcdb3fc70",0,,paired_own_window_setup_difference_not_synchronized_instrument_error,0.06899498963195416,15,0.09580080580455785,0.07786467521417872,0.12002699849753551,0.029181197060257347,0.18287868000834706,0.09426305571407223,15,0.09580080580458006,0.07786467521417872,0.12002699849753551,0.029181197060257347,0.19963166975414115,0.016725204883760725,15,0.0,0.0,0.0,-0.016719612104998394,0.016725204883760725
memmert_archive/durations/gemm/fp32,envelope_0.5,jetson,pico,600.0,15,15,15,"0cf927c333047fc189fa,0f060ef97a25d72cbd53,52643dcaa2747759814f,69400570787f8a6a42de,6a9f9dd63a2d8477d8e9,7b50c223c11fbf96c673,821dfaf1f3fcc0343ffd,956b89d5fcb592e72aa1,9987844154900fa18323,9fdfb149b20d9a8daadb,adf14b8bd8fe742b0605,b5fa0560a194d297012d,b61327a088150217a969,d0242152bd8f933767e5,fa55958e49efcdb3fc70",15,timestamp_gap_requires_review,paired_own_window_setup_difference_not_synchronized_instrument_error,-1.0331969713454625,15,-1.0471147207584797,-1.0673713401552931,-1.0286567258607937,-1.0923890840523587,-1.001205170413788,-1.0441630874603591,15,-1.0523939975867314,-1.0839152579914024,-1.0407345452067618,-1.0923890840523698,-1.002268880641144,0.01672520488378293,15,0.01672520488378293,2.220446049250313e-14,0.01672520488378293,0.0,0.016744809109181524
memmert_archive/durations/gemm/fp32,envelope_0.5,shelly,pico,600.0,15,15,15,"0cf927c333047fc189fa,0f060ef97a25d72cbd53,52643dcaa2747759814f,69400570787f8a6a42de,6a9f9dd63a2d8477d8e9,7b50c223c11fbf96c673,821dfaf1f3fcc0343ffd,956b89d5fcb592e72aa1,9987844154900fa18323,9fdfb149b20d9a8daadb,adf14b8bd8fe742b0605,b5fa0560a194d297012d,b61327a088150217a969,d0242152bd8f933767e5,fa55958e49efcdb3fc70",15,source_time_resolution_coarser_than_detection_bins,paired_own_window_setup_difference_not_synchronized_instrument_error,-2.804978936865299,15,-2.8069490437423017,-2.834444280806098,-2.7756051014407257,-2.8600145981646508,-2.4936355589648906,-2.8212322848691684,15,-2.823202062296859,-2.8434979515466976,-2.781033764794433,-2.8600145981646508,-2.493635558964924,0.016725204883760725,15,2.220446049250313e-14,0.0,0.016725204883760725,0.0,0.03345040976752145
memmert_archive/durations/gemm/int8,reported_legacy,firmware,pico,5.0,15,15,15,"1c73a8d5a6a6a478d4b3,23c49d9bc01cb2678192,3afeefbdb03e1ded5092,4556a0d7842662d8cf6a,51a64ce52a5b810f8268,5275ee33fea120433e7a,643ec0ab5e78ffb7ff3f,7a7ff342e7ad37f80aa4,b74088c51e1058122a53,bf5dd82fd42d4649882f,bf8a7e5afc80c7389a5c,ce8aa027f5950d3727a7,d1c294b61c0b64eaea45,d490b352900f099359f8,e313fef900cf258a2ae0",15,envelope_energy_sensitive_gt1pct,paired_own_window_setup_difference_not_synchronized_instrument_error,0.35429106546851497,15,-0.1425593257186608,-0.2697164446739675,0.11614795172919523,-0.422282679365793,0.7273504790479279,0.35429106546851497,15,-0.14255932571867191,-0.26971644467398415,0.11614795172919523,-0.4222826793658041,0.7273504790479279,0.0,15,0.0,0.0,0.0,0.0,0.0
memmert_archive/durations/gemm/int8,reported_legacy,jetson,pico,5.0,15,15,15,"1c73a8d5a6a6a478d4b3,23c49d9bc01cb2678192,3afeefbdb03e1ded5092,4556a0d7842662d8cf6a,51a64ce52a5b810f8268,5275ee33fea120433e7a,643ec0ab5e78ffb7ff3f,7a7ff342e7ad37f80aa4,b74088c51e1058122a53,bf5dd82fd42d4649882f,bf8a7e5afc80c7389a5c,ce8aa027f5950d3727a7,d1c294b61c0b64eaea45,d490b352900f099359f8,e313fef900cf258a2ae0",15,envelope_energy_sensitive_gt1pct;timestamp_gap_requires_review,paired_own_window_setup_difference_not_synchronized_instrument_error,-1.6004369279466246,15,-2.111189443190997,-2.958824924221559,-1.169154115674298,-3.510512985505354,-0.44147430687155875,-0.11462301210797277,15,-0.9156844974415934,-2.6258669856708328,0.22805662180047648,-4.168854106718156,0.7716486607864725,-0.2282428571428574,15,-0.2282428571428574,-3.4067214285714242,1.2050357142857182,-4.249371428571425,3.889528571428569
memmert_archive/durations/gemm/int8,reported_legacy,shelly,pico,5.0,15,15,15,"1c73a8d5a6a6a478d4b3,23c49d9bc01cb2678192,3afeefbdb03e1ded5092,4556a0d7842662d8cf6a,51a64ce52a5b810f8268,5275ee33fea120433e7a,643ec0ab5e78ffb7ff3f,7a7ff342e7ad37f80aa4,b74088c51e1058122a53,bf5dd82fd42d4649882f,bf8a7e5afc80c7389a5c,ce8aa027f5950d3727a7,d1c294b61c0b64eaea45,d490b352900f099359f8,e313fef900cf258a2ae0",15,envelope_energy_sensitive_gt1pct;source_time_resolution_coarser_than_detection_bins,paired_own_window_setup_difference_not_synchronized_instrument_error,-3.5813250784068607,15,-3.902668348827154,-4.453216499734507,-3.5665485913988437,-5.586109347481427,-2.4940456947610046,-3.9213740245907847,15,-3.9491414578578077,-4.863972846564602,-3.7330852575621023,-6.151143834669293,-2.840461090774782,0.05062857142859034,15,0.05062857142859034,-0.04942857142857249,0.12773571428570385,-0.20578571428571113,3.1419571428571214
memmert_archive/durations/gemm/int8,reported_legacy,firmware,pico,10.0,15,15,15,"019d836122d81c8d469f,03cba869b23ca8338e89,072e3752ac057aba170b,0a016da338cd10f84b6d,0d0f139536009c55df02,1409d249400f60fb9716,19835ea0913e2eb2ca3f,290bf7111418520b94eb,945527254c36799ec762,bdbd1ef6072e4bd8a0a7,be9050bfb3d8379ab9ff,c4578ef6c53899c91742,c9fef32a485dc74fa8db,eaff10199dc23e484fb1,fdd7a41c1cb24d2edb43",0,,paired_own_window_setup_difference_not_synchronized_instrument_error,0.07208870537180889,15,0.05981575263325212,0.017527365221192692,0.1218581319535561,-0.4162964032383698,0.24076315911640833,0.07208870537178669,15,0.05981575263325212,0.017527365221203794,0.1218581319535561,-0.4162964032383698,0.24076315911640833,0.0,15,0.0,0.0,0.0,0.0,0.0
memmert_archive/durations/gemm/int8,reported_legacy,jetson,pico,10.0,15,15,15,"019d836122d81c8d469f,03cba869b23ca8338e89,072e3752ac057aba170b,0a016da338cd10f84b6d,0d0f139536009c55df02,1409d249400f60fb9716,19835ea0913e2eb2ca3f,290bf7111418520b94eb,945527254c36799ec762,bdbd1ef6072e4bd8a0a7,be9050bfb3d8379ab9ff,c4578ef6c53899c91742,c9fef32a485dc74fa8db,eaff10199dc23e484fb1,fdd7a41c1cb24d2edb43",15,envelope_energy_sensitive_gt1pct;timestamp_gap_requires_review,paired_own_window_setup_difference_not_synchronized_instrument_error,-1.9813047817187623,15,-1.8497708795213508,-2.0779565325413083,-1.6488566730698873,-2.4715271433022656,-1.2843672865937017,-0.7617449566518553,15,-1.0108179237507842,-1.3257913789908926,-0.5346688331015814,-1.7833650849989668,0.3689561357375082,-1.1565166666666626,15,-1.1565166666666626,-1.5652500000000014,-0.2653708333333171,-2.8300416666666717,0.5080583333333388
memmert_archive/durations/gemm/int8,reported_legacy,shelly,pico,10.0,15,15,15,"019d836122d81c8d469f,03cba869b23ca8338e89,072e3752ac057aba170b,0a016da338cd10f84b6d,0d0f139536009c55df02,1409d249400f60fb9716,19835ea0913e2eb2ca3f,290bf7111418520b94eb,945527254c36799ec762,bdbd1ef6072e4bd8a0a7,be9050bfb3d8379ab9ff,c4578ef6c53899c91742,c9fef32a485dc74fa8db,eaff10199dc23e484fb1,fdd7a41c1cb24d2edb43",15,envelope_energy_sensitive_gt1pct;source_time_resolution_coarser_than_detection_bins,paired_own_window_setup_difference_not_synchronized_instrument_error,-3.2644595750115912,15,-3.311482198623561,-3.4137768886420616,-3.1433439909947847,-4.143804225089919,-3.01513374767427,-3.26214462337171,15,-3.3474587280467816,-3.5213745293383116,-3.1834778195627633,-4.172520526438839,-3.0284834931133764,0.05185000000000883,15,0.05185000000000883,0.008508333333334672,0.09361249999999544,-0.15086666666666027,0.24889166666666185
memmert_archive/durations/gemm/int8,reported_legacy,firmware,pico,20.0,15,15,15,"05080a2ba12b309e3c25,0f492ec3f83604928b70,127c71e03780fc46dd28,1bc80ab5007b3d5c8b08,35f882c6c05ac183f116,552eed32577e6f223d98,76784fd519528fceb6e9,8c4c80bbe7d1c655681d,8d177859efe4f19ea491,980e431dc26cfd85bcb6,983671ab255f36466e46,a8993ac523f04b1d279c,acb948b875e59850c256,b37262e10cc8b9b6e277,e5098847a942e162c55e",0,,paired_own_window_setup_difference_not_synchronized_instrument_error,0.2597926616072721,15,0.08464051349812429,0.0619617236223835,0.19883611233817433,-0.0043749773479762055,0.31406514406675523,0.2597926616072499,15,0.08464051349812429,0.0619617236223835,0.19883611233818543,-0.0043749773479762055,0.31406514406675523,0.0,15,0.0,0.0,0.0,0.0,0.0
memmert_archive/durations/gemm/int8,reported_legacy,jetson,pico,20.0,15,15,15,"05080a2ba12b309e3c25,0f492ec3f83604928b70,127c71e03780fc46dd28,1bc80ab5007b3d5c8b08,35f882c6c05ac183f116,552eed32577e6f223d98,76784fd519528fceb6e9,8c4c80bbe7d1c655681d,8d177859efe4f19ea491,980e431dc26cfd85bcb6,983671ab255f36466e46,a8993ac523f04b1d279c,acb948b875e59850c256,b37262e10cc8b9b6e277,e5098847a942e162c55e",15,envelope_energy_sensitive_gt1pct;timestamp_gap_requires_review,paired_own_window_setup_difference_not_synchronized_instrument_error,-1.216899005931471,15,-1.3892164767528192,-1.498500472778841,-1.281873938403727,-1.6057772140838145,-0.9857447406068198,-1.0312082431116365,15,-1.045419916749668,-1.3529976185972292,-0.9773722033659282,-1.6690110262620572,-0.46246857720484424,-0.2473227272727363,15,-0.2473227272727363,-0.5942090909090869,0.0001999999999890978,-1.0406636363636368,0.6948636363636407
memmert_archive/durations/gemm/int8,reported_legacy,shelly,pico,20.0,15,15,15,"05080a2ba12b309e3c25,0f492ec3f83604928b70,127c71e03780fc46dd28,1bc80ab5007b3d5c8b08,35f882c6c05ac183f116,552eed32577e6f223d98,76784fd519528fceb6e9,8c4c80bbe7d1c655681d,8d177859efe4f19ea491,980e431dc26cfd85bcb6,983671ab255f36466e46,a8993ac523f04b1d279c,acb948b875e59850c256,b37262e10cc8b9b6e277,e5098847a942e162c55e",15,envelope_energy_sensitive_gt1pct;source_time_resolution_coarser_than_detection_bins,paired_own_window_setup_difference_not_synchronized_instrument_error,-2.6379257373597254,15,-2.7566026546404943,-2.8013643449507297,-2.646083148719197,-2.991096518837011,-2.293712252592073,-2.5830262791357472,15,-2.7085412937060016,-2.8231231225056828,-2.560523188851765,-3.015250129952385,-2.3550687766480505,-0.0025818181818237917,15,-0.0025818181818237917,-0.05028636363636485,0.029306818181817906,-0.39574090909091364,0.12183636363636285
memmert_archive/durations/gemm/int8,reported_legacy,firmware,pico,50.0,15,15,15,"0257317fae876bd15c8b,1b4012596d7ac5aa841b,2f619db73c3015191026,3fce5d462fcf99a4d738,435d3243f17d8b7b96d3,45fddd5e5f4c5adc3a16,504c667b9c4ca1fd7ffd,5722efca1fb4a1eb942b,5a4eb13b9458cab65b66,75fddc8bf0e5f6954514,7acaa6b338d6e88f0066,a8f40b50c684d26f8b95,c4b29830205da199632f,ecf7287cddf4e7c93ec6,f168ba225016f045ebfb",0,,paired_own_window_setup_difference_not_synchronized_instrument_error,0.12495560584449006,15,0.13247303897778728,0.11838356004656436,0.16612797717895367,0.05763722243181668,0.1967431546264109,0.12495560584449006,15,0.13247303897778728,0.11838356004655326,0.16612797717895367,0.05763722243181668,0.1967431546264109,0.0,15,0.0,0.0,0.0,0.0,0.0
memmert_archive/durations/gemm/int8,reported_legacy,jetson,pico,50.0,15,15,15,"0257317fae876bd15c8b,1b4012596d7ac5aa841b,2f619db73c3015191026,3fce5d462fcf99a4d738,435d3243f17d8b7b96d3,45fddd5e5f4c5adc3a16,504c667b9c4ca1fd7ffd,5722efca1fb4a1eb942b,5a4eb13b9458cab65b66,75fddc8bf0e5f6954514,7acaa6b338d6e88f0066,a8f40b50c684d26f8b95,c4b29830205da199632f,ecf7287cddf4e7c93ec6,f168ba225016f045ebfb",15,timestamp_gap_requires_review,paired_own_window_setup_difference_not_synchronized_instrument_error,-1.3454988929072043,15,-1.3151871125927084,-1.356252775437522,-1.1780686397015683,-1.423607506500979,-1.1540877931907723,-1.009760430664286,15,-1.0164768515039557,-1.541323251725385,-0.8839233127831692,-1.5711102120383735,-0.8031980193782928,-0.3439250000000005,15,-0.3439250000000005,-0.47774711538461356,0.3728048076923063,-0.599607692307691,0.4116865384615531
memmert_archive/durations/gemm/int8,reported_legacy,shelly,pico,50.0,15,15,15,"0257317fae876bd15c8b,1b4012596d7ac5aa841b,2f619db73c3015191026,3fce5d462fcf99a4d738,435d3243f17d8b7b96d3,45fddd5e5f4c5adc3a16,504c667b9c4ca1fd7ffd,5722efca1fb4a1eb942b,5a4eb13b9458cab65b66,75fddc8bf0e5f6954514,7acaa6b338d6e88f0066,a8f40b50c684d26f8b95,c4b29830205da199632f,ecf7287cddf4e7c93ec6,f168ba225016f045ebfb",15,envelope_energy_sensitive_gt1pct;source_time_resolution_coarser_than_detection_bins,paired_own_window_setup_difference_not_synchronized_instrument_error,-2.689902790564702,15,-2.6327745850069806,-2.7030151718358875,-2.594286647317312,-2.7800962989603883,-2.3969298639832104,-2.6987468252685165,15,-2.657133526307165,-2.7150385157698578,-2.6218286438862703,-2.760180835996995,-2.4006874375168574,0.008917307692302145,15,0.008917307692302145,-0.011880769230776522,0.023590384615379545,-0.02122692307692242,0.05633846153847433
memmert_archive/durations/gemm/int8,reported_legacy,firmware,pico,100.0,15,15,15,"13fcdd90e61efaa77631,22c290b4de95d33b8bbf,27aaf8f725cf3cd4960d,2ae726c7e9bd8ad8aaa2,372fb6a2d6d4cd373c1a,3cd0b31d7767132b2fcf,7fc950f38641158dab02,83189a31cacc7573a3ca,876d091734d4d65dcbae,8b3c5add191719f701fa,c2be84b9b6184c1d8113,c7f17a07adc91c72eef3,d5ccdd5b4c744c797fac,f94ccab3535ac8e615c7,ffbc33f134f82ad08f42",0,,paired_own_window_setup_difference_not_synchronized_instrument_error,0.13097252055944697,15,0.1565475742780098,0.13359136260659987,0.18727289414330883,0.0879688756490582,0.20566580753638153,0.13097252055944697,15,0.1565475742780098,0.13359136260659987,0.18727289414330883,0.0879688756490582,0.20566580753638153,0.0,15,0.0,0.0,0.0,0.0,0.0
memmert_archive/durations/gemm/int8,reported_legacy,jetson,pico,100.0,15,15,15,"13fcdd90e61efaa77631,22c290b4de95d33b8bbf,27aaf8f725cf3cd4960d,2ae726c7e9bd8ad8aaa2,372fb6a2d6d4cd373c1a,3cd0b31d7767132b2fcf,7fc950f38641158dab02,83189a31cacc7573a3ca,876d091734d4d65dcbae,8b3c5add191719f701fa,c2be84b9b6184c1d8113,c7f17a07adc91c72eef3,d5ccdd5b4c744c797fac,f94ccab3535ac8e615c7,ffbc33f134f82ad08f42",15,terminal_duplicate_power_row_excluded_in_derived_view;timestamp_gap_requires_review,paired_own_window_setup_difference_not_synchronized_instrument_error,-1.2183204974190343,15,-1.218427662688537,-1.2484822657005124,-1.2077574348026032,-1.263349322416174,-1.1095149549732453,-1.0205915995798343,15,-1.1393746451799802,-1.1946836652444837,-1.0568199892411367,-1.2352134797469105,-0.9395542248594846,-0.09899019607841897,15,-0.09899019607841897,-0.19122205882352583,-0.011435784313729158,-0.292364705882342,0.12727058823529536
memmert_archive/durations/gemm/int8,reported_legacy,shelly,pico,100.0,15,15,15,"13fcdd90e61efaa77631,22c290b4de95d33b8bbf,27aaf8f725cf3cd4960d,2ae726c7e9bd8ad8aaa2,372fb6a2d6d4cd373c1a,3cd0b31d7767132b2fcf,7fc950f38641158dab02,83189a31cacc7573a3ca,876d091734d4d65dcbae,8b3c5add191719f701fa,c2be84b9b6184c1d8113,c7f17a07adc91c72eef3,d5ccdd5b4c744c797fac,f94ccab3535ac8e615c7,ffbc33f134f82ad08f42",15,source_time_resolution_coarser_than_detection_bins,paired_own_window_setup_difference_not_synchronized_instrument_error,-2.562630416347489,15,-2.6332169105676817,-2.6543136023304994,-2.5757232254938756,-2.676587971888711,-2.442736573128712,-2.6141105318213564,15,-2.6330535306777647,-2.6574394853771444,-2.6093426234592654,-2.698474883245594,-2.4471015871321944,0.0014127450980394585,15,0.0014127450980394585,-0.0040955882352922135,0.006510784313717988,-0.019277450980381694,0.16949509803920737
memmert_archive/durations/gemm/int8,reported_legacy,firmware,pico,200.0,15,15,15,"0d5767dd129f4d4dede5,0f33242bd26459623a97,1827e5c5eb97c174aea0,1e3fd8375233da0d7eea,278e5fbd25e7d2a878e8,2a6776930f9403ca3f88,2c862f4d51e9304bcf42,53e2110011b47c79b887,775ac6bce69eb8ce7112,8dc6e5b8d144f5bfcc76,9037ec9932e4c5979687,99136df3d26ed4e4982d,b1d69e37d00abbc83ced,c40dcc7a9d299d26951d,db02428fdaa58bdc3f39",0,,paired_own_window_setup_difference_not_synchronized_instrument_error,0.19896247086301777,15,0.18865739960023387,0.1846843601527759,0.19903785889725523,0.1582583593673359,0.21199462611947162,0.19896247086301777,15,0.18865739960023387,0.1846843601527648,0.19903785889726633,0.1582583593673359,0.21199462611947162,0.0,15,0.0,0.0,0.0,0.0,0.0
memmert_archive/durations/gemm/int8,reported_legacy,jetson,pico,200.0,15,15,15,"0d5767dd129f4d4dede5,0f33242bd26459623a97,1827e5c5eb97c174aea0,1e3fd8375233da0d7eea,278e5fbd25e7d2a878e8,2a6776930f9403ca3f88,2c862f4d51e9304bcf42,53e2110011b47c79b887,775ac6bce69eb8ce7112,8dc6e5b8d144f5bfcc76,9037ec9932e4c5979687,99136df3d26ed4e4982d,b1d69e37d00abbc83ced,c40dcc7a9d299d26951d,db02428fdaa58bdc3f39",15,timestamp_gap_requires_review,paired_own_window_setup_difference_not_synchronized_instrument_error,-1.1608377500753497,15,-1.1459819289184603,-1.1668690483735977,-1.1197113785717694,-1.198543309911737,-1.0483462358265805,-1.1032648873163353,15,-1.0724092105877547,-1.1831620796548592,-1.042155305692144,-1.2122658967397615,-1.009749276043459,-0.0867990099009841,15,-0.0867990099009841,-0.13792252475247624,0.06205495049503851,-0.16790198019802638,0.16593118811880636
memmert_archive/durations/gemm/int8,reported_legacy,shelly,pico,200.0,15,15,15,"0d5767dd129f4d4dede5,0f33242bd26459623a97,1827e5c5eb97c174aea0,1e3fd8375233da0d7eea,278e5fbd25e7d2a878e8,2a6776930f9403ca3f88,2c862f4d51e9304bcf42,53e2110011b47c79b887,775ac6bce69eb8ce7112,8dc6e5b8d144f5bfcc76,9037ec9932e4c5979687,99136df3d26ed4e4982d,b1d69e37d00abbc83ced,c40dcc7a9d299d26951d,db02428fdaa58bdc3f39",15,source_time_resolution_coarser_than_detection_bins,paired_own_window_setup_difference_not_synchronized_instrument_error,-2.475430692168945,15,-2.4747559007633035,-2.4840123366169866,-2.444047915178377,-2.546611064644777,-2.3644353515755445,-2.4730321081269158,15,-2.4734808139456166,-2.4878227205658963,-2.442336300535086,-2.545502399122568,-2.3620340376403703,-0.001983663366333932,15,-0.001983663366333932,-0.005261386138616375,-0.0003863861386066425,-0.01874504950495348,0.014402970297022755
memmert_archive/durations/gemm/int8,reported_legacy,firmware,pico,300.0,15,15,15,"09404651666425fceb02,0a0939bd154eea550277,0c21ddb8cc32fe0d1fbd,14fa904fe4ca1ec12bb8,17a664898cd1030eca94,26f1fcb5da5ced48356f,3ee734837166f09ba757,45750051346a9bef380e,5dab330a4e2dcb32790c,8087ad2be39ae976163c,ac180d58228e55ec40dd,c438c055eafe48ce109b,c4b31b6cadb35fedfd6d,daf22289468ac192beaa,e2362cfb9d6d7efc352c",0,,paired_own_window_setup_difference_not_synchronized_instrument_error,0.19651062936159036,15,0.19809021460046594,0.18120850241782893,0.20584484535888237,-0.901566138020915,0.2320037294223587,0.19651062936159036,15,0.19809021460046594,0.18120850241782893,0.20584484535887126,-0.901566138020915,0.2320037294223365,0.0,15,0.0,0.0,0.0,0.0,0.0
memmert_archive/durations/gemm/int8,reported_legacy,jetson,pico,300.0,15,15,15,"09404651666425fceb02,0a0939bd154eea550277,0c21ddb8cc32fe0d1fbd,14fa904fe4ca1ec12bb8,17a664898cd1030eca94,26f1fcb5da5ced48356f,3ee734837166f09ba757,45750051346a9bef380e,5dab330a4e2dcb32790c,8087ad2be39ae976163c,ac180d58228e55ec40dd,c438c055eafe48ce109b,c4b31b6cadb35fedfd6d,daf22289468ac192beaa,e2362cfb9d6d7efc352c",15,timestamp_gap_requires_review,paired_own_window_setup_difference_not_synchronized_instrument_error,-1.1309706046499057,15,-1.1176147567941275,-1.1449803714225881,-1.0961301726980177,-1.1925992625824722,-1.0719916784498573,-1.1042769010658815,15,-1.1276627100107461,-1.1556102477182584,-1.0770641765969202,-1.1875219630019695,-1.039675257440864,-0.011011258278148528,15,-0.011011258278148528,-0.04196241721853844,0.04210943708609083,-0.07444933774833906,0.06907814569536708
memmert_archive/durations/gemm/int8,reported_legacy,shelly,pico,300.0,15,15,15,"09404651666425fceb02,0a0939bd154eea550277,0c21ddb8cc32fe0d1fbd,14fa904fe4ca1ec12bb8,17a664898cd1030eca94,26f1fcb5da5ced48356f,3ee734837166f09ba757,45750051346a9bef380e,5dab330a4e2dcb32790c,8087ad2be39ae976163c,ac180d58228e55ec40dd,c438c055eafe48ce109b,c4b31b6cadb35fedfd6d,daf22289468ac192beaa,e2362cfb9d6d7efc352c",15,source_time_resolution_coarser_than_detection_bins,paired_own_window_setup_difference_not_synchronized_instrument_error,-2.4381168209692605,15,-2.433471957971056,-2.4731983658115353,-2.3992532157201207,-2.5506523162067585,-2.3781727979053424,-2.4371592836848643,15,-2.428807036614178,-2.4730268875463923,-2.399732360709245,-2.5474431583332735,-2.375848567280181,-0.0021450331125882904,15,-0.0021450331125882904,-0.0033971854304704063,5.6291390604368274e-06,-0.006170860927157129,0.008906622516557938
memmert_archive/durations/gemm/int8,reported_legacy,firmware,pico,400.0,15,15,15,"129e21abdf60c00ccdf8,175d5432adc441ce92cc,19927c721b3e8bb4ba72,1bca29edc87ce290632e,2d9ede7739cd163bb7ac,4849e0c13e0c9ee5dabb,69a054d95baf0198c276,7fc41a73cf1783e9112a,93f43055c1a1c3e8a264,97d76b27acde0ef17303,afe24b6cb16a9ff1d214,b550a6e8bbd6e4314776,b5d993e7f7e8a9bb4566,c329f317f949efa69d5f,d45a6d07c4adbaf19ec0",0,,paired_own_window_setup_difference_not_synchronized_instrument_error,0.18436026041390718,15,0.19041777930575154,0.18099853317423698,0.20000663380873585,0.1501345403925436,0.23430156836616867,0.18436026041390718,15,0.19041777930577375,0.18099853317424808,0.20000663380873585,0.1501345403925658,0.23430156836616867,0.0,15,0.0,0.0,0.0,0.0,0.0
memmert_archive/durations/gemm/int8,reported_legacy,jetson,pico,400.0,15,15,15,"129e21abdf60c00ccdf8,175d5432adc441ce92cc,19927c721b3e8bb4ba72,1bca29edc87ce290632e,2d9ede7739cd163bb7ac,4849e0c13e0c9ee5dabb,69a054d95baf0198c276,7fc41a73cf1783e9112a,93f43055c1a1c3e8a264,97d76b27acde0ef17303,afe24b6cb16a9ff1d214,b550a6e8bbd6e4314776,b5d993e7f7e8a9bb4566,c329f317f949efa69d5f,d45a6d07c4adbaf19ec0",15,timestamp_gap_requires_review,paired_own_window_setup_difference_not_synchronized_instrument_error,-1.110262572401588,15,-1.1114836683707607,-1.1249118387057777,-1.0990159091030072,-1.1584393553713546,-1.0583134491758517,-1.14265999166705,15,-1.1195500807181014,-1.1292893910208823,-1.1055816857799494,-1.1571835915702433,-1.031169154692002,-0.002480597014931085,15,-0.002480597014931085,-0.006113308457711408,0.008077363184078035,-0.027427114427858168,0.06849601990048804
memmert_archive/durations/gemm/int8,reported_legacy,shelly,pico,400.0,15,15,15,"129e21abdf60c00ccdf8,175d5432adc441ce92cc,19927c721b3e8bb4ba72,1bca29edc87ce290632e,2d9ede7739cd163bb7ac,4849e0c13e0c9ee5dabb,69a054d95baf0198c276,7fc41a73cf1783e9112a,93f43055c1a1c3e8a264,97d76b27acde0ef17303,afe24b6cb16a9ff1d214,b550a6e8bbd6e4314776,b5d993e7f7e8a9bb4566,c329f317f949efa69d5f,d45a6d07c4adbaf19ec0",15,source_time_resolution_coarser_than_detection_bins,paired_own_window_setup_difference_not_synchronized_instrument_error,-2.498661225415255,15,-2.485725005831818,-2.5153823081524584,-2.4428915460528664,-2.602268758578352,-2.3982965964389313,-2.500880664323324,15,-2.4859476871751496,-2.5152243299479293,-2.444364602092314,-2.6034542344450906,-2.3993439825833685,-1.517412935303497e-05,15,-1.517412935303497e-05,-0.0009761194029900278,0.0009083333333381738,-0.003244029850746344,0.0022763681592152807
memmert_archive/durations/gemm/int8,reported_legacy,firmware,pico,500.0,15,15,15,"0913e8b358a7117eba89,10785047cef2c964e22e,27e63c209ddee3df6d37,55b28a24d68a8389e0f8,631aa4f202a74df67472,63f6b4a1842d728260b1,676fa166356f4230c002,7cec263b60a6ee7b3148,874e1947346205602b33,8f61af928b21693156be,c0cebe78e13c70a2a0b9,e37ec5b55972c048100b,e8de7410e343bf4c93d1,f12fb2023b6dd57888ea,fe48fb20502a1cb34c45",0,,paired_own_window_setup_difference_not_synchronized_instrument_error,0.20986445656250297,15,0.20986445656250297,0.1929088358103126,0.21416203020080404,0.17474670517836355,0.25532877958243105,0.20986445656252517,15,0.20986445656252517,0.1929088358103126,0.21416203020080404,0.17474670517834134,0.25532877958243105,0.0,15,0.0,0.0,0.0,0.0,0.0
memmert_archive/durations/gemm/int8,reported_legacy,jetson,pico,500.0,15,15,15,"0913e8b358a7117eba89,10785047cef2c964e22e,27e63c209ddee3df6d37,55b28a24d68a8389e0f8,631aa4f202a74df67472,63f6b4a1842d728260b1,676fa166356f4230c002,7cec263b60a6ee7b3148,874e1947346205602b33,8f61af928b21693156be,c0cebe78e13c70a2a0b9,e37ec5b55972c048100b,e8de7410e343bf4c93d1,f12fb2023b6dd57888ea,fe48fb20502a1cb34c45",15,timestamp_gap_requires_review,paired_own_window_setup_difference_not_synchronized_instrument_error,-1.1179368798507894,15,-1.1032865746354203,-1.1230215892008955,-1.097634402527986,-1.1547394799042876,-1.0503854754468578,-1.121054324219739,15,-1.101884293344224,-1.114103451316245,-1.072166691965204,-1.1578557640015474,-1.0307430351880642,-0.010490039840638232,15,-0.010490039840638232,-0.029055278884454472,0.003991334661357371,-0.0560093625498137,0.029695617529879037
memmert_archive/durations/gemm/int8,reported_legacy,shelly,pico,500.0,15,15,15,"0913e8b358a7117eba89,10785047cef2c964e22e,27e63c209ddee3df6d37,55b28a24d68a8389e0f8,631aa4f202a74df67472,63f6b4a1842d728260b1,676fa166356f4230c002,7cec263b60a6ee7b3148,874e1947346205602b33,8f61af928b21693156be,c0cebe78e13c70a2a0b9,e37ec5b55972c048100b,e8de7410e343bf4c93d1,f12fb2023b6dd57888ea,fe48fb20502a1cb34c45",15,source_time_resolution_coarser_than_detection_bins,paired_own_window_setup_difference_not_synchronized_instrument_error,-2.4826573401259044,15,-2.478701941587824,-2.5027758345933515,-2.4542505870864098,-2.535952211798098,-2.413955963245107,-2.4789795155047645,15,-2.480706842197633,-2.5018687046065358,-2.4511074649616384,-2.5370332353019664,-2.414786409524894,7.948207172425725e-05,15,7.948207172425725e-05,-0.002268227091639652,0.001016135458165035,-0.0037713147410411985,0.0049800796812826675
memmert_archive/durations/gemm/int8,reported_legacy,firmware,pico,600.0,15,15,15,"16a01abb4ad88f261d45,1c34b8f7432e6f81d102,21c2133729a4d43a0359,3f4ba148e87aefbcf3e4,42a304cd163ce152d4ad,45d7f7839e685bf24f85,4cc46794079e3ee5a336,5cd67300077bae97e0bd,63afd4cf25f91fedc672,7a6df450599f2f312777,9e2e1468e24aa5e91947,c46ff8d616889332dd68,cbeb9156f2d838c596da,cd275272957a0bf97670,f34798fe22674d94c63f",0,,paired_own_window_setup_difference_not_synchronized_instrument_error,0.17314688257734634,15,0.19762984299906972,0.19261284805502932,0.21374985371026556,0.16306757758002277,0.2582304224388876,0.17314688257734634,15,0.19762984299906972,0.19261284805505152,0.21374985371026556,0.16306757758000057,0.2582304224389098,0.0,15,0.0,0.0,0.0,0.0,0.0
memmert_archive/durations/gemm/int8,reported_legacy,jetson,pico,600.0,15,15,15,"16a01abb4ad88f261d45,1c34b8f7432e6f81d102,21c2133729a4d43a0359,3f4ba148e87aefbcf3e4,42a304cd163ce152d4ad,45d7f7839e685bf24f85,4cc46794079e3ee5a336,5cd67300077bae97e0bd,63afd4cf25f91fedc672,7a6df450599f2f312777,9e2e1468e24aa5e91947,c46ff8d616889332dd68,cbeb9156f2d838c596da,cd275272957a0bf97670,f34798fe22674d94c63f",15,timestamp_gap_requires_review,paired_own_window_setup_difference_not_synchronized_instrument_error,-1.094086841797104,15,-1.0886859412585603,-1.0935795472229337,-1.0809736862763986,-1.1224672068404384,-1.0461000310550972,-1.06867749855859,15,-1.0650198190291227,-1.0800636257043916,-1.0510210663292607,-1.0971554717109533,-1.0192059215467064,-0.025592524916950854,15,-0.025592524916950854,-0.03570573089700657,-0.009957392026582745,-0.05222491694354403,0.010176578073073372
memmert_archive/durations/gemm/int8,reported_legacy,shelly,pico,600.0,15,15,15,"16a01abb4ad88f261d45,1c34b8f7432e6f81d102,21c2133729a4d43a0359,3f4ba148e87aefbcf3e4,42a304cd163ce152d4ad,45d7f7839e685bf24f85,4cc46794079e3ee5a336,5cd67300077bae97e0bd,63afd4cf25f91fedc672,7a6df450599f2f312777,9e2e1468e24aa5e91947,c46ff8d616889332dd68,cbeb9156f2d838c596da,cd275272957a0bf97670,f34798fe22674d94c63f",15,source_time_resolution_coarser_than_detection_bins;timestamp_gap_requires_review,paired_own_window_setup_difference_not_synchronized_instrument_error,-2.531962956199041,15,-2.5193705586567194,-2.5292345253255855,-2.483115673797287,-2.556336554320171,-2.4301614515502834,-2.5292677771150407,15,-2.518616359856407,-2.5283730971906335,-2.483045769935077,-2.5544789383738165,-2.4284787480060466,-0.0008863787375523735,15,-0.0008863787375523735,-0.0016062292358898222,-7.192691029445086e-05,-0.0032102990033200385,0.001993189368776349
memmert_archive/durations/gemm/int8,envelope_0.5,firmware,pico,5.0,15,15,15,"1c73a8d5a6a6a478d4b3,23c49d9bc01cb2678192,3afeefbdb03e1ded5092,4556a0d7842662d8cf6a,51a64ce52a5b810f8268,5275ee33fea120433e7a,643ec0ab5e78ffb7ff3f,7a7ff342e7ad37f80aa4,b74088c51e1058122a53,bf5dd82fd42d4649882f,bf8a7e5afc80c7389a5c,ce8aa027f5950d3727a7,d1c294b61c0b64eaea45,d490b352900f099359f8,e313fef900cf258a2ae0",15,envelope_energy_sensitive_gt1pct,paired_own_window_setup_difference_not_synchronized_instrument_error,0.49396206801728404,15,0.18586366207145044,-0.13489181531521344,2.0753203508357077,-2.0477382773035013,2.5337693196048505,-0.24000964777921574,15,-0.13915597505967936,-0.9487668515802739,0.043740951017051666,-1.2753926164422946,1.2173371134530875,0.0,15,0.0,-3.3306690738754696e-14,3.3333333333333215,-3.2258064516129226,3.3333333333333215
memmert_archive/durations/gemm/int8,envelope_0.5,jetson,pico,5.0,15,15,15,"1c73a8d5a6a6a478d4b3,23c49d9bc01cb2678192,3afeefbdb03e1ded5092,4556a0d7842662d8cf6a,51a64ce52a5b810f8268,5275ee33fea120433e7a,643ec0ab5e78ffb7ff3f,7a7ff342e7ad37f80aa4,b74088c51e1058122a53,bf5dd82fd42d4649882f,bf8a7e5afc80c7389a5c,ce8aa027f5950d3727a7,d1c294b61c0b64eaea45,d490b352900f099359f8,e313fef900cf258a2ae0",15,envelope_energy_sensitive_gt1pct;timestamp_gap_requires_review,paired_own_window_setup_difference_not_synchronized_instrument_error,-6.120124108545211,15,-5.083954234111432,-6.838719159253154,-4.707471693338294,-7.08561254065857,-4.365375728230825,-7.796817891166263,15,-7.450363607965304,-7.775035565967869,-6.888226284072591,-8.247822426307716,-6.55991484546723,0.0,15,3.2258064516129004,0.0,3.3333333333333215,0.0,3.44827586206895
memmert_archive/durations/gemm/int8,envelope_0.5,shelly,pico,5.0,15,15,15,"1c73a8d5a6a6a478d4b3,23c49d9bc01cb2678192,3afeefbdb03e1ded5092,4556a0d7842662d8cf6a,51a64ce52a5b810f8268,5275ee33fea120433e7a,643ec0ab5e78ffb7ff3f,7a7ff342e7ad37f80aa4,b74088c51e1058122a53,bf5dd82fd42d4649882f,bf8a7e5afc80c7389a5c,ce8aa027f5950d3727a7,d1c294b61c0b64eaea45,d490b352900f099359f8,e313fef900cf258a2ae0",15,envelope_energy_sensitive_gt1pct;source_time_resolution_coarser_than_detection_bins,paired_own_window_setup_difference_not_synchronized_instrument_error,-10.166991649184688,15,-10.034692067934447,-10.931289038174402,-8.589824865983003,-12.007579574039717,-7.68028156226066,-13.313277734934836,15,-13.520772616243725,-13.914277863941548,-11.587628989275178,-14.846044749070709,-9.584072427573197,3.225806451612856,15,3.3333333333332993,3.2258064516129004,3.390804597701158,-3.3306690738754696e-14,6.666666666666643
memmert_archive/durations/gemm/int8,envelope_0.5,firmware,pico,10.0,15,15,15,"019d836122d81c8d469f,03cba869b23ca8338e89,072e3752ac057aba170b,0a016da338cd10f84b6d,0d0f139536009c55df02,1409d249400f60fb9716,19835ea0913e2eb2ca3f,290bf7111418520b94eb,945527254c36799ec762,bdbd1ef6072e4bd8a0a7,be9050bfb3d8379ab9ff,c4578ef6c53899c91742,c9fef32a485dc74fa8db,eaff10199dc23e484fb1,fdd7a41c1cb24d2edb43",0,,paired_own_window_setup_difference_not_synchronized_instrument_error,0.01861926216948362,15,0.052617455554737624,-0.06933098410324967,0.10927103798722415,-0.6708135007274518,0.39670740881474487,0.08886236111513846,15,0.07092202563223626,0.021131489693249073,0.1675590370808666,-0.3140764656858974,0.5554727523499503,0.0,15,0.0,0.0,0.0,-1.21951219512193,0.0
memmert_archive/durations/gemm/int8,envelope_0.5,jetson,pico,10.0,15,15,15,"019d836122d81c8d469f,03cba869b23ca8338e89,072e3752ac057aba170b,0a016da338cd10f84b6d,0d0f139536009c55df02,1409d249400f60fb9716,19835ea0913e2eb2ca3f,290bf7111418520b94eb,945527254c36799ec762,bdbd1ef6072e4bd8a0a7,be9050bfb3d8379ab9ff,c4578ef6c53899c91742,c9fef32a485dc74fa8db,eaff10199dc23e484fb1,fdd7a41c1cb24d2edb43",15,envelope_energy_sensitive_gt1pct;timestamp_gap_requires_review,paired_own_window_setup_difference_not_synchronized_instrument_error,-2.817025529468542,15,-2.747934961341214,-2.8490236715987605,-2.6466907920797142,-3.5743161906247156,-2.583768434147493,-3.904291449403774,15,-3.8692392013786936,-3.937657093942093,-3.805138220328769,-4.122425010346486,-3.2939607985033814,1.2345679012345512,15,1.2345679012345512,1.2345679012345512,1.2345679012345512,0.0,1.2345679012345512
memmert_archive/durations/gemm/int8,envelope_0.5,shelly,pico,10.0,15,15,15,"019d836122d81c8d469f,03cba869b23ca8338e89,072e3752ac057aba170b,0a016da338cd10f84b6d,0d0f139536009c55df02,1409d249400f60fb9716,19835ea0913e2eb2ca3f,290bf7111418520b94eb,945527254c36799ec762,bdbd1ef6072e4bd8a0a7,be9050bfb3d8379ab9ff,c4578ef6c53899c91742,c9fef32a485dc74fa8db,eaff10199dc23e484fb1,fdd7a41c1cb24d2edb43",15,envelope_energy_sensitive_gt1pct;source_time_resolution_coarser_than_detection_bins,paired_own_window_setup_difference_not_synchronized_instrument_error,-4.792712851120095,15,-5.183093943763728,-5.495554924814294,-4.6936725845878104,-6.482842342294548,-3.9209454680379174,-6.231697716752549,15,-6.609471216090645,-7.286240892927248,-5.689279492400729,-7.731889065965625,-5.201852377366478,2.4691358024691246,15,1.2345679012345734,0.6097560975609873,2.4691358024691246,-1.21951219512193,3.70370370370372
memmert_archive/durations/gemm/int8,envelope_0.5,firmware,pico,20.0,15,15,15,"05080a2ba12b309e3c25,0f492ec3f83604928b70,127c71e03780fc46dd28,1bc80ab5007b3d5c8b08,35f882c6c05ac183f116,552eed32577e6f223d98,76784fd519528fceb6e9,8c4c80bbe7d1c655681d,8d177859efe4f19ea491,980e431dc26cfd85bcb6,983671ab255f36466e46,a8993ac523f04b1d279c,acb948b875e59850c256,b37262e10cc8b9b6e277,e5098847a942e162c55e",0,,paired_own_window_setup_difference_not_synchronized_instrument_error,0.02821324276653936,15,0.08939295351448884,0.03459816810047478,0.20699471574682216,-0.27947874884188817,0.6271436869861535,0.18810222772447371,15,0.08939295351451104,0.05769119046885596,0.20699471574681105,-0.00328681093308969,0.3126339340296047,0.0,15,-2.220446049250313e-14,-2.220446049250313e-14,-2.220446049250313e-14,-0.5434782608695676,0.5555555555555536
memmert_archive/durations/gemm/int8,envelope_0.5,jetson,pico,20.0,15,15,15,"05080a2ba12b309e3c25,0f492ec3f83604928b70,127c71e03780fc46dd28,1bc80ab5007b3d5c8b08,35f882c6c05ac183f116,552eed32577e6f223d98,76784fd519528fceb6e9,8c4c80bbe7d1c655681d,8d177859efe4f19ea491,980e431dc26cfd85bcb6,983671ab255f36466e46,a8993ac523f04b1d279c,acb948b875e59850c256,b37262e10cc8b9b6e277,e5098847a942e162c55e",15,envelope_energy_sensitive_gt1pct;timestamp_gap_requires_review,paired_own_window_setup_difference_not_synchronized_instrument_error,-2.0235051263638226,15,-1.8928600583300814,-2.1676389066395405,-1.832512070229092,-2.2333556031447044,-1.654149915940728,-2.2557343982042233,15,-2.233355603144682,-2.3660463454893756,-2.177840112698121,-2.426051036273924,-1.9997030085999845,2.220446049250313e-14,15,0.5434782608695787,0.0,0.5464480874316724,0.0,0.5555555555555536
memmert_archive/durations/gemm/int8,envelope_0.5,shelly,pico,20.0,15,15,15,"05080a2ba12b309e3c25,0f492ec3f83604928b70,127c71e03780fc46dd28,1bc80ab5007b3d5c8b08,35f882c6c05ac183f116,552eed32577e6f223d98,76784fd519528fceb6e9,8c4c80bbe7d1c655681d,8d177859efe4f19ea491,980e431dc26cfd85bcb6,983671ab255f36466e46,a8993ac523f04b1d279c,acb948b875e59850c256,b37262e10cc8b9b6e277,e5098847a942e162c55e",15,envelope_energy_sensitive_gt1pct;source_time_resolution_coarser_than_detection_bins,paired_own_window_setup_difference_not_synchronized_instrument_error,-3.6073161987058344,15,-3.5641810730953627,-3.7617231063993453,-3.332392128883299,-4.535369952068791,-3.0139524072381407,-3.900417419918123,15,-3.8721996400156278,-4.1447050334998785,-3.7617231063993617,-4.628198663455296,-3.4863080834102167,2.220446049250313e-14,15,0.5494505494505475,1.1102230246251565e-14,0.5540208717004336,-1.086956521739102,1.6393442622950838
memmert_archive/durations/gemm/int8,envelope_0.5,firmware,pico,50.0,15,15,15,"0257317fae876bd15c8b,1b4012596d7ac5aa841b,2f619db73c3015191026,3fce5d462fcf99a4d738,435d3243f17d8b7b96d3,45fddd5e5f4c5adc3a16,504c667b9c4ca1fd7ffd,5722efca1fb4a1eb942b,5a4eb13b9458cab65b66,75fddc8bf0e5f6954514,7acaa6b338d6e88f0066,a8f40b50c684d26f8b95,c4b29830205da199632f,ecf7287cddf4e7c93ec6,f168ba225016f045ebfb",0,,paired_own_window_setup_difference_not_synchronized_instrument_error,0.08581912619378684,15,0.13513560605058483,0.08817254426518595,0.1696301011376744,0.004920477714787097,0.20699347425767733,0.14231481570567972,15,0.14685397657621113,0.12533278284782012,0.18950184420262195,0.060306889006889186,0.24139338501008023,2.220446049250313e-14,15,2.220446049250313e-14,2.220446049250313e-14,2.220446049250313e-14,-0.20746887966803795,2.220446049250313e-14
memmert_archive/durations/gemm/int8,envelope_0.5,jetson,pico,50.0,15,15,15,"0257317fae876bd15c8b,1b4012596d7ac5aa841b,2f619db73c3015191026,3fce5d462fcf99a4d738,435d3243f17d8b7b96d3,45fddd5e5f4c5adc3a16,504c667b9c4ca1fd7ffd,5722efca1fb4a1eb942b,5a4eb13b9458cab65b66,75fddc8bf0e5f6954514,7acaa6b338d6e88f0066,a8f40b50c684d26f8b95,c4b29830205da199632f,ecf7287cddf4e7c93ec6,f168ba225016f045ebfb",15,timestamp_gap_requires_review,paired_own_window_setup_difference_not_synchronized_instrument_error,-1.562326804232339,15,-1.4586831794406119,-1.586131459587059,-1.4354171362620072,-1.6838713596679877,-1.338259166980127,-1.6037531373601532,15,-1.6091554390267326,-1.6571021351982518,-1.563003950684172,-1.6988082127085358,-1.457361599754281,0.20790020790022457,15,0.20790020790022457,2.220446049250313e-14,0.20790020790022457,-0.20746887966803795,0.20790020790022457
memmert_archive/durations/gemm/int8,envelope_0.5,shelly,pico,50.0,15,15,15,"0257317fae876bd15c8b,1b4012596d7ac5aa841b,2f619db73c3015191026,3fce5d462fcf99a4d738,435d3243f17d8b7b96d3,45fddd5e5f4c5adc3a16,504c667b9c4ca1fd7ffd,5722efca1fb4a1eb942b,5a4eb13b9458cab65b66,75fddc8bf0e5f6954514,7acaa6b338d6e88f0066,a8f40b50c684d26f8b95,c4b29830205da199632f,ecf7287cddf4e7c93ec6,f168ba225016f045ebfb",15,envelope_energy_sensitive_gt1pct;source_time_resolution_coarser_than_detection_bins,paired_own_window_setup_difference_not_synchronized_instrument_error,-3.0003023066925594,15,-2.945548647767915,-3.064290650271284,-2.9016381877307262,-3.300675908752304,-2.6401574547952222,-3.16446851542016,15,-3.076825565831287,-3.2387923430191257,-2.9922069660774655,-3.3808504494774683,-2.7427436477080125,0.20790020790022457,15,2.220446049250313e-14,2.220446049250313e-14,0.20790020790022457,-0.20746887966803795,0.4158004158004269
memmert_archive/durations/gemm/int8,envelope_0.5,firmware,pico,100.0,15,15,15,"13fcdd90e61efaa77631,22c290b4de95d33b8bbf,27aaf8f725cf3cd4960d,2ae726c7e9bd8ad8aaa2,372fb6a2d6d4cd373c1a,3cd0b31d7767132b2fcf,7fc950f38641158dab02,83189a31cacc7573a3ca,876d091734d4d65dcbae,8b3c5add191719f701fa,c2be84b9b6184c1d8113,c7f17a07adc91c72eef3,d5ccdd5b4c744c797fac,f94ccab3535ac8e615c7,ffbc33f134f82ad08f42",0,,paired_own_window_setup_difference_not_synchronized_instrument_error,0.11546855148962809,15,0.14173627453584192,0.10858649994862635,0.1880089857145828,0.07481546152365848,0.20161510876097744,0.1268940216577974,15,0.17682852519493863,0.13674159554365461,0.19241564259679933,0.09462215175648492,0.22306766472790507,2.220446049250313e-14,15,2.220446049250313e-14,0.0,2.220446049250313e-14,-0.10183299389001643,2.220446049250313e-14
memmert_archive/durations/gemm/int8,envelope_0.5,jetson,pico,100.0,15,15,15,"13fcdd90e61efaa77631,22c290b4de95d33b8bbf,27aaf8f725cf3cd4960d,2ae726c7e9bd8ad8aaa2,372fb6a2d6d4cd373c1a,3cd0b31d7767132b2fcf,7fc950f38641158dab02,83189a31cacc7573a3ca,876d091734d4d65dcbae,8b3c5add191719f701fa,c2be84b9b6184c1d8113,c7f17a07adc91c72eef3,d5ccdd5b4c744c797fac,f94ccab3535ac8e615c7,ffbc33f134f82ad08f42",15,terminal_duplicate_power_row_excluded_in_derived_view;timestamp_gap_requires_review,paired_own_window_setup_difference_not_synchronized_instrument_error,-1.285710861667655,15,-1.299890877627763,-1.3183741648750524,-1.2694217573676558,-1.3797657384023165,-1.2209152779472654,-1.3787410966047964,15,-1.3797657384023387,-1.4047727719250003,-1.3604022513575509,-1.4251916441249568,-1.3215049772569265,0.10193679918453213,15,0.10193679918453213,0.10183299389003864,0.10193679918453213,2.220446049250313e-14,0.10193679918453213
memmert_archive/durations/gemm/int8,envelope_0.5,shelly,pico,100.0,15,15,15,"13fcdd90e61efaa77631,22c290b4de95d33b8bbf,27aaf8f725cf3cd4960d,2ae726c7e9bd8ad8aaa2,372fb6a2d6d4cd373c1a,3cd0b31d7767132b2fcf,7fc950f38641158dab02,83189a31cacc7573a3ca,876d091734d4d65dcbae,8b3c5add191719f701fa,c2be84b9b6184c1d8113,c7f17a07adc91c72eef3,d5ccdd5b4c744c797fac,f94ccab3535ac8e615c7,ffbc33f134f82ad08f42",15,source_time_resolution_coarser_than_detection_bins,paired_own_window_setup_difference_not_synchronized_instrument_error,-2.7571624890360247,15,-2.783623030822324,-2.804905094351157,-2.7332436941674922,-2.852303637709075,-2.5778436820899864,-2.836683728612832,15,-2.8332146501330313,-2.8907141953136484,-2.7716050378603696,-3.0049227795989175,-2.5778436820899864,0.10193679918450993,15,2.220446049250313e-14,0.0,0.10193679918453213,0.0,0.20387359836901986
memmert_archive/durations/gemm/int8,envelope_0.5,firmware,pico,200.0,15,15,15,"0d5767dd129f4d4dede5,0f33242bd26459623a97,1827e5c5eb97c174aea0,1e3fd8375233da0d7eea,278e5fbd25e7d2a878e8,2a6776930f9403ca3f88,2c862f4d51e9304bcf42,53e2110011b47c79b887,775ac6bce69eb8ce7112,8dc6e5b8d144f5bfcc76,9037ec9932e4c5979687,99136df3d26ed4e4982d,b1d69e37d00abbc83ced,c40dcc7a9d299d26951d,db02428fdaa58bdc3f39",0,,paired_own_window_setup_difference_not_synchronized_instrument_error,0.20416308429649366,15,0.18964775843288706,0.1808028909077497,0.20003480469011903,0.16285069383645823,0.24690078723890174,0.20416308429651586,15,0.18900752958237454,0.17891814213042423,0.19594203282295997,0.16285069383645823,0.22213137321469567,-1.1102230246251565e-14,15,-1.1102230246251565e-14,-1.1102230246251565e-14,-5.551115123125783e-15,-0.05045408678103769,0.05050505050505638
memmert_archive/durations/gemm/int8,envelope_0.5,jetson,pico,200.0,15,15,15,"0d5767dd129f4d4dede5,0f33242bd26459623a97,1827e5c5eb97c174aea0,1e3fd8375233da0d7eea,278e5fbd25e7d2a878e8,2a6776930f9403ca3f88,2c862f4d51e9304bcf42,53e2110011b47c79b887,775ac6bce69eb8ce7112,8dc6e5b8d144f5bfcc76,9037ec9932e4c5979687,99136df3d26ed4e4982d,b1d69e37d00abbc83ced,c40dcc7a9d299d26951d,db02428fdaa58bdc3f39",15,timestamp_gap_requires_review,paired_own_window_setup_difference_not_synchronized_instrument_error,-1.227672371648747,15,-1.210219157464698,-1.2278679021501315,-1.1913792008823476,-1.2334641622422926,-1.1383233245973456,-1.2276723716487359,15,-1.2102219446284868,-1.2278679021501426,-1.1915685948805432,-1.2482095989209463,-1.1824616065437277,0.0,15,0.0,0.0,1.1102230246251565e-14,-0.050454086781026586,0.05050505050505638
memmert_archive/durations/gemm/int8,envelope_0.5,shelly,pico,200.0,15,15,15,"0d5767dd129f4d4dede5,0f33242bd26459623a97,1827e5c5eb97c174aea0,1e3fd8375233da0d7eea,278e5fbd25e7d2a878e8,2a6776930f9403ca3f88,2c862f4d51e9304bcf42,53e2110011b47c79b887,775ac6bce69eb8ce7112,8dc6e5b8d144f5bfcc76,9037ec9932e4c5979687,99136df3d26ed4e4982d,b1d69e37d00abbc83ced,c40dcc7a9d299d26951d,db02428fdaa58bdc3f39",15,source_time_resolution_coarser_than_detection_bins,paired_own_window_setup_difference_not_synchronized_instrument_error,-2.5682177525422567,15,-2.5477772763728646,-2.580796010892178,-2.524585281261893,-2.6226979383265348,-2.448189682850177,-2.57252171086787,15,-2.54946178285389,-2.6073078537430625,-2.51889556418336,-2.6690209639637863,-2.448189682850188,0.0,15,0.0,-1.1102230246251565e-14,0.05047955577990315,-0.050479555779925356,0.10101010101011276
memmert_archive/durations/gemm/int8,envelope_0.5,firmware,pico,300.0,15,15,15,"09404651666425fceb02,0a0939bd154eea550277,0c21ddb8cc32fe0d1fbd,14fa904fe4ca1ec12bb8,17a664898cd1030eca94,26f1fcb5da5ced48356f,3ee734837166f09ba757,45750051346a9bef380e,5dab330a4e2dcb32790c,8087ad2be39ae976163c,ac180d58228e55ec40dd,c438c055eafe48ce109b,c4b31b6cadb35fedfd6d,daf22289468ac192beaa,e2362cfb9d6d7efc352c",0,,paired_own_window_setup_difference_not_synchronized_instrument_error,0.19775894577991338,15,0.20178140105664433,0.18374526757360954,0.21648406001949505,-1.225325391762333,0.2326803544320688,0.18265149347684861,15,0.19298415237158917,0.17846691679994642,0.20046051813406018,0.08539672791147979,0.232680354432091,0.033557046979848515,15,0.0,-1.1102230246251565e-14,0.01677289500169321,-1.3096037609133804,0.033557046979848515
memmert_archive/durations/gemm/int8,envelope_0.5,jetson,pico,300.0,15,15,15,"09404651666425fceb02,0a0939bd154eea550277,0c21ddb8cc32fe0d1fbd,14fa904fe4ca1ec12bb8,17a664898cd1030eca94,26f1fcb5da5ced48356f,3ee734837166f09ba757,45750051346a9bef380e,5dab330a4e2dcb32790c,8087ad2be39ae976163c,ac180d58228e55ec40dd,c438c055eafe48ce109b,c4b31b6cadb35fedfd6d,daf22289468ac192beaa,e2362cfb9d6d7efc352c",15,timestamp_gap_requires_review,paired_own_window_setup_difference_not_synchronized_instrument_error,-1.1398930016341957,15,-1.1398930016341957,-1.1708457542647155,-1.1285103163306498,-1.2189139940572469,-1.1193191370203026,-1.1730564055249748,15,-1.1730564055249748,-1.192496150628275,-1.1605535958051416,-1.252073136724563,-1.1291191232125852,0.03355704697987072,15,0.03355704697987072,0.03352892717328748,0.03355704697987072,0.0,0.0335795836131636
memmert_archive/durations/gemm/int8,envelope_0.5,shelly,pico,300.0,15,15,15,"09404651666425fceb02,0a0939bd154eea550277,0c21ddb8cc32fe0d1fbd,14fa904fe4ca1ec12bb8,17a664898cd1030eca94,26f1fcb5da5ced48356f,3ee734837166f09ba757,45750051346a9bef380e,5dab330a4e2dcb32790c,8087ad2be39ae976163c,ac180d58228e55ec40dd,c438c055eafe48ce109b,c4b31b6cadb35fedfd6d,daf22289468ac192beaa,e2362cfb9d6d7efc352c",15,source_time_resolution_coarser_than_detection_bins,paired_own_window_setup_difference_not_synchronized_instrument_error,-2.4765186647288107,15,-2.4765186647288107,-2.5275276513768317,-2.454131581562946,-2.6037355760850867,-2.4202287266902878,-2.52815780643032,15,-2.529435874054886,-2.5440629148325677,-2.491697700216605,-2.6285055583958106,-2.4610066252226726,0.06711409395971923,15,0.03355704697987072,0.01677289500169321,0.05034683878644142,-0.033512064343155235,0.06711409395974144
memmert_archive/durations/gemm/int8,envelope_0.5,firmware,pico,400.0,15,15,15,"129e21abdf60c00ccdf8,175d5432adc441ce92cc,19927c721b3e8bb4ba72,1bca29edc87ce290632e,2d9ede7739cd163bb7ac,4849e0c13e0c9ee5dabb,69a054d95baf0198c276,7fc41a73cf1783e9112a,93f43055c1a1c3e8a264,97d76b27acde0ef17303,afe24b6cb16a9ff1d214,b550a6e8bbd6e4314776,b5d993e7f7e8a9bb4566,c329f317f949efa69d5f,d45a6d07c4adbaf19ec0",0,,paired_own_window_setup_difference_not_synchronized_instrument_error,0.18527352338122416,15,0.19182619748800978,0.18202731530391203,0.2004652635163029,0.15104580547564694,0.23573320126677455,0.18527352338122416,15,0.19182619748803198,0.18202731530391203,0.2004652635163029,0.15104580547566915,0.23573320126679675,-1.1102230246251565e-14,15,-1.1102230246251565e-14,-1.1102230246251565e-14,0.0,-1.1102230246251565e-14,0.0
memmert_archive/durations/gemm/int8,envelope_0.5,jetson,pico,400.0,15,15,15,"129e21abdf60c00ccdf8,175d5432adc441ce92cc,19927c721b3e8bb4ba72,1bca29edc87ce290632e,2d9ede7739cd163bb7ac,4849e0c13e0c9ee5dabb,69a054d95baf0198c276,7fc41a73cf1783e9112a,93f43055c1a1c3e8a264,97d76b27acde0ef17303,afe24b6cb16a9ff1d214,b550a6e8bbd6e4314776,b5d993e7f7e8a9bb4566,c329f317f949efa69d5f,d45a6d07c4adbaf19ec0",15,timestamp_gap_requires_review,paired_own_window_setup_difference_not_synchronized_instrument_error,-1.170894525753674,15,-1.1474758933115892,-1.1510796838309245,-1.1294044872687148,-1.1957532034495122,-1.073266980527099,-1.1460693297038915,15,-1.1544308605875409,-1.173006923668496,-1.1465100766088088,-1.1957532034495122,-1.0981166999492475,0.025119316754573795,15,0.025119316754573795,2.220446049250313e-14,0.025119316754573795,-0.02511300853841325,0.02512562814069863
memmert_archive/durations/gemm/int8,envelope_0.5,shelly,pico,400.0,15,15,15,"129e21abdf60c00ccdf8,175d5432adc441ce92cc,19927c721b3e8bb4ba72,1bca29edc87ce290632e,2d9ede7739cd163bb7ac,4849e0c13e0c9ee5dabb,69a054d95baf0198c276,7fc41a73cf1783e9112a,93f43055c1a1c3e8a264,97d76b27acde0ef17303,afe24b6cb16a9ff1d214,b550a6e8bbd6e4314776,b5d993e7f7e8a9bb4566,c329f317f949efa69d5f,d45a6d07c4adbaf19ec0",15,source_time_resolution_coarser_than_detection_bins,paired_own_window_setup_difference_not_synchronized_instrument_error,-2.553667387605363,15,-2.5224623530032186,-2.548990391309075,-2.482224442119657,-2.650474282863746,-2.4292719265877394,-2.5291895346507554,15,-2.5370490133677093,-2.5490632981860326,-2.4961416868402253,-2.6260146030353093,-2.453781026832258,0.0,15,0.0,0.0,0.025119316754573795,-0.025119316754584897,0.02512562814069863
memmert_archive/durations/gemm/int8,envelope_0.5,firmware,pico,500.0,15,15,15,"0913e8b358a7117eba89,10785047cef2c964e22e,27e63c209ddee3df6d37,55b28a24d68a8389e0f8,631aa4f202a74df67472,63f6b4a1842d728260b1,676fa166356f4230c002,7cec263b60a6ee7b3148,874e1947346205602b33,8f61af928b21693156be,c0cebe78e13c70a2a0b9,e37ec5b55972c048100b,e8de7410e343bf4c93d1,f12fb2023b6dd57888ea,fe48fb20502a1cb34c45",0,,paired_own_window_setup_difference_not_synchronized_instrument_error,0.21334806556230212,15,0.2073884473697829,0.19266331721509156,0.21396175691474895,0.1758551116386009,0.25239579979146054,0.21334806556227992,15,0.2073884473697829,0.19266331721508045,0.21396175691473784,0.16742144356087785,0.25239579979148274,0.0,15,0.0,0.0,2.220446049250313e-14,0.0,0.020072260136494435
memmert_archive/durations/gemm/int8,envelope_0.5,jetson,pico,500.0,15,15,15,"0913e8b358a7117eba89,10785047cef2c964e22e,27e63c209ddee3df6d37,55b28a24d68a8389e0f8,631aa4f202a74df67472,63f6b4a1842d728260b1,676fa166356f4230c002,7cec263b60a6ee7b3148,874e1947346205602b33,8f61af928b21693156be,c0cebe78e13c70a2a0b9,e37ec5b55972c048100b,e8de7410e343bf4c93d1,f12fb2023b6dd57888ea,fe48fb20502a1cb34c45",15,timestamp_gap_requires_review,paired_own_window_setup_difference_not_synchronized_instrument_error,-1.135456814885305,15,-1.1208510009989014,-1.132577254998618,-1.1087079069186212,-1.175854084415684,-1.0507595375176537,-1.155297180766346,15,-1.1426458402247541,-1.1594880886181325,-1.1320805410135304,-1.1956863432789455,-1.0904662953276523,0.04014452027298887,15,0.020072260136494435,0.02006823198876795,0.04014452027298887,2.220446049250313e-14,0.04014452027298887
memmert_archive/durations/gemm/int8,envelope_0.5,shelly,pico,500.0,15,15,15,"0913e8b358a7117eba89,10785047cef2c964e22e,27e63c209ddee3df6d37,55b28a24d68a8389e0f8,631aa4f202a74df67472,63f6b4a1842d728260b1,676fa166356f4230c002,7cec263b60a6ee7b3148,874e1947346205602b33,8f61af928b21693156be,c0cebe78e13c70a2a0b9,e37ec5b55972c048100b,e8de7410e343bf4c93d1,f12fb2023b6dd57888ea,fe48fb20502a1cb34c45",15,source_time_resolution_coarser_than_detection_bins,paired_own_window_setup_difference_not_synchronized_instrument_error,-2.5094128061088683,15,-2.515893567920613,-2.5399477612301546,-2.4841964572576702,-2.562456566740756,-2.432577357884702,-2.5315059477891255,15,-2.5228982878474637,-2.549291405516252,-2.4881655518731116,-2.5640819828616768,-2.452157414605982,0.020072260136494435,15,2.220446049250313e-14,2.220446049250313e-14,0.020072260136494435,-0.04014452027297777,0.060216780409483306
memmert_archive/durations/gemm/int8,envelope_0.5,firmware,pico,600.0,15,15,15,"16a01abb4ad88f261d45,1c34b8f7432e6f81d102,21c2133729a4d43a0359,3f4ba148e87aefbcf3e4,42a304cd163ce152d4ad,45d7f7839e685bf24f85,4cc46794079e3ee5a336,5cd67300077bae97e0bd,63afd4cf25f91fedc672,7a6df450599f2f312777,9e2e1468e24aa5e91947,c46ff8d616889332dd68,cbeb9156f2d838c596da,cd275272957a0bf97670,f34798fe22674d94c63f",0,,paired_own_window_setup_difference_not_synchronized_instrument_error,0.17834497715165654,15,0.20378956750211064,0.19582213352802302,0.21682223823576985,0.16415446732482852,0.2579849648775223,0.16862199624450014,15,0.1970623095244317,0.18676309703590244,0.21313346410404277,0.15768309796209135,0.2579849648775223,0.016719612105009496,15,2.220446049250313e-14,2.220446049250313e-14,0.016719612105009496,0.0,0.0167196121050317
memmert_archive/durations/gemm/int8,envelope_0.5,jetson,pico,600.0,15,15,15,"16a01abb4ad88f261d45,1c34b8f7432e6f81d102,21c2133729a4d43a0359,3f4ba148e87aefbcf3e4,42a304cd163ce152d4ad,45d7f7839e685bf24f85,4cc46794079e3ee5a336,5cd67300077bae97e0bd,63afd4cf25f91fedc672,7a6df450599f2f312777,9e2e1468e24aa5e91947,c46ff8d616889332dd68,cbeb9156f2d838c596da,cd275272957a0bf97670,f34798fe22674d94c63f",15,timestamp_gap_requires_review,paired_own_window_setup_difference_not_synchronized_instrument_error,-1.0978697837359497,15,-1.0990625825330946,-1.1022328267098314,-1.0913026238289936,-1.120298348006843,-1.0596079450058582,-1.1180239424411154,15,-1.1134191212936684,-1.1203803660828793,-1.1019689285003686,-1.1533519002890014,-1.0761448649548755,0.0167196121050317,15,0.0167196121050317,0.0167168171180343,0.0167196121050317,0.0,0.03343922420999679
memmert_archive/durations/gemm/int8,envelope_0.5,shelly,pico,600.0,15,15,15,"16a01abb4ad88f261d45,1c34b8f7432e6f81d102,21c2133729a4d43a0359,3f4ba148e87aefbcf3e4,42a304cd163ce152d4ad,45d7f7839e685bf24f85,4cc46794079e3ee5a336,5cd67300077bae97e0bd,63afd4cf25f91fedc672,7a6df450599f2f312777,9e2e1468e24aa5e91947,c46ff8d616889332dd68,cbeb9156f2d838c596da,cd275272957a0bf97670,f34798fe22674d94c63f",15,source_time_resolution_coarser_than_detection_bins;timestamp_gap_requires_review,paired_own_window_setup_difference_not_synchronized_instrument_error,-2.5561864105808074,15,-2.53742359951149,-2.5555012568061644,-2.5080531995563096,-2.583958248863416,-2.453460383341144,-2.5555397399525503,15,-2.5587062676333594,-2.5687269450859587,-2.5161997529000835,-2.613179380519426,-2.4697643344721243,0.0167196121050317,15,0.0167168171180343,2.220446049250313e-14,0.0167196121050317,0.0,0.05015883631500628
memmert_archive/durations/idle_jetson_vergleich,reported_legacy,firmware,pico,,15,15,15,"0680cfb728a2f520e81d,10efa3d6a5b356818571,14af5fc9be1bf805e051,180f8b5c34f838cf80aa,27d214cc88bb55a97de4,5261166c30d7380b55fa,55e5be95061ef9553a41,5e43484d304bb8d83232,5f03e1e98777bb52d33f,6957d6b4580f1fcbd871,8650c5502cf988073204,9a8f41b8c05dcbcabca2,9aff2719b5913c992886,d2791992a13260788c1c,f894e7dd01ec22b3fce1",0,,paired_own_window_setup_difference_not_synchronized_instrument_error,3.1141768418397664,15,3.0750752330105824,3.024205248881562,3.1763230866924896,2.87157519537109,4.756595926023066,3.114176841839744,15,3.0750752330105824,3.0242052488815507,3.1763230866924674,2.87157519537109,4.756595926023066,0.0,15,0.0,0.0,0.0,0.0,0.0
memmert_archive/durations/idle_jetson_vergleich,reported_legacy,jetson,pico,,15,15,15,"0680cfb728a2f520e81d,10efa3d6a5b356818571,14af5fc9be1bf805e051,180f8b5c34f838cf80aa,27d214cc88bb55a97de4,5261166c30d7380b55fa,55e5be95061ef9553a41,5e43484d304bb8d83232,5f03e1e98777bb52d33f,6957d6b4580f1fcbd871,8650c5502cf988073204,9a8f41b8c05dcbcabca2,9aff2719b5913c992886,d2791992a13260788c1c,f894e7dd01ec22b3fce1",15,timestamp_gap_requires_review,paired_own_window_setup_difference_not_synchronized_instrument_error,-3.62421195016962,15,-2.927499840168024,-3.904718265088319,-1.933285103768001,-5.242076894157055,-0.051037658684371934,-3.639126440071616,15,-3.5147289814412175,-3.8308218846169586,-3.054544183560559,-3.9517616439909586,-2.241633734183268,0.10369411764705738,15,0.10369411764705738,-0.04718578431373022,1.3240975490196094,-1.755026470588239,3.413305882352935
memmert_archive/durations/idle_jetson_vergleich,reported_legacy,shelly,pico,,15,15,15,"0680cfb728a2f520e81d,10efa3d6a5b356818571,14af5fc9be1bf805e051,180f8b5c34f838cf80aa,27d214cc88bb55a97de4,5261166c30d7380b55fa,55e5be95061ef9553a41,5e43484d304bb8d83232,5f03e1e98777bb52d33f,6957d6b4580f1fcbd871,8650c5502cf988073204,9a8f41b8c05dcbcabca2,9aff2719b5913c992886,d2791992a13260788c1c,f894e7dd01ec22b3fce1",15,source_time_resolution_coarser_than_detection_bins,paired_own_window_setup_difference_not_synchronized_instrument_error,-13.890902182984776,15,-13.918913403875077,-14.03676437271203,-13.839209326318691,-14.234576276289113,-12.611446187071806,-13.906523928623315,15,-13.894207794907686,-14.03092061741788,-13.832431295271896,-14.224353837517045,-12.61906631849432,-0.005773529411756684,15,-0.005773529411756684,-0.011055392156861243,0.0047916666666592,-0.02869215686275295,0.03889117647060125
memmert_archive/durations/idle_jetson_vergleich,envelope_0.5,firmware,pico,,0,0,0,,0,,paired_own_window_setup_difference_not_synchronized_instrument_error,,0,,,,,,,0,,,,,,,0,,,,,
memmert_archive/durations/idle_jetson_vergleich,envelope_0.5,jetson,pico,,0,0,0,,0,,paired_own_window_setup_difference_not_synchronized_instrument_error,,0,,,,,,,0,,,,,,,0,,,,,
memmert_archive/durations/idle_jetson_vergleich,envelope_0.5,shelly,pico,,0,0,0,,0,,paired_own_window_setup_difference_not_synchronized_instrument_error,,0,,,,,,,0,,,,,,,0,,,,,
memmert_archive/durations/idle_jetson_vergleich_pico_voltage,reported_legacy,firmware,pico,,15,15,15,"040987de3c83bb421414,0e33e9521018de75ee45,286e7f6df92dce84323d,2ea1e9832bfb0f88fa99,3fc4a5ccee39b8d5854e,52a5ebcf4ebfd86fc3ac,5db81b61daf90c29c048,68aea053cb614f3f65f2,69eed3e0ccd32e93f57f,6ee22ef6a0f8a535513d,a3a7add0ab7a70c622c4,a5fd57dedc31df5f16c7,cf8fd3210ee2b5d8d470,e822c697309152c270c0,eba7b5e01f41d8b6cb64",0,,paired_own_window_setup_difference_not_synchronized_instrument_error,3.066527865681823,15,3.1262803368644843,2.810774884344258,3.2624408037636776,2.7368018281138884,3.5448460340619325,3.0665278656818007,15,3.1262803368644843,2.810774884344247,3.2624408037636776,2.7368018281138884,3.5448460340619325,0.0,15,0.0,0.0,0.0,0.0,0.0
memmert_archive/durations/idle_jetson_vergleich_pico_voltage,reported_legacy,jetson,pico,,15,15,15,"040987de3c83bb421414,0e33e9521018de75ee45,286e7f6df92dce84323d,2ea1e9832bfb0f88fa99,3fc4a5ccee39b8d5854e,52a5ebcf4ebfd86fc3ac,5db81b61daf90c29c048,68aea053cb614f3f65f2,69eed3e0ccd32e93f57f,6ee22ef6a0f8a535513d,a3a7add0ab7a70c622c4,a5fd57dedc31df5f16c7,cf8fd3210ee2b5d8d470,e822c697309152c270c0,eba7b5e01f41d8b6cb64",15,timestamp_gap_requires_review,paired_own_window_setup_difference_not_synchronized_instrument_error,-3.512256719992768,15,-3.4995557846891345,-3.9342232654882627,-2.7633644498578525,-6.063225988896215,-1.4697430950326607,-3.783719606898084,15,-3.526387391052732,-3.8878149907535686,-3.406787802447042,-4.083238843932991,-3.226726166531113,0.2269431372549091,15,0.2269431372549091,-0.1759441176470644,0.7267142156862749,-2.647250000000012,1.997606862745105
memmert_archive/durations/idle_jetson_vergleich_pico_voltage,reported_legacy,shelly,pico,,15,15,15,"040987de3c83bb421414,0e33e9521018de75ee45,286e7f6df92dce84323d,2ea1e9832bfb0f88fa99,3fc4a5ccee39b8d5854e,52a5ebcf4ebfd86fc3ac,5db81b61daf90c29c048,68aea053cb614f3f65f2,69eed3e0ccd32e93f57f,6ee22ef6a0f8a535513d,a3a7add0ab7a70c622c4,a5fd57dedc31df5f16c7,cf8fd3210ee2b5d8d470,e822c697309152c270c0,eba7b5e01f41d8b6cb64",15,source_time_resolution_coarser_than_detection_bins,paired_own_window_setup_difference_not_synchronized_instrument_error,-13.811570835122033,15,-13.795288762166102,-13.938754502974216,-13.59327278972291,-14.285272596628218,-13.32491968493602,-13.810680212150894,15,-13.8060452606943,-13.950638965451429,-13.589046495993234,-14.28278343588839,-13.33164752821907,-0.0029039215686199604,15,-0.0029039215686199604,-0.010656372549022741,0.0014240196078485479,-0.02647352941177461,0.02865784313725861
memmert_archive/durations/idle_jetson_vergleich_pico_voltage,envelope_0.5,firmware,pico,,0,0,0,,0,,paired_own_window_setup_difference_not_synchronized_instrument_error,,0,,,,,,,0,,,,,,,0,,,,,
memmert_archive/durations/idle_jetson_vergleich_pico_voltage,envelope_0.5,jetson,pico,,0,0,0,,0,,paired_own_window_setup_difference_not_synchronized_instrument_error,,0,,,,,,,0,,,,,,,0,,,,,
memmert_archive/durations/idle_jetson_vergleich_pico_voltage,envelope_0.5,shelly,pico,,0,0,0,,0,,paired_own_window_setup_difference_not_synchronized_instrument_error,,0,,,,,,,0,,,,,,,0,,,,,
memmert_archive/durations/random_pattern_yolo_durations,reported_legacy,firmware,pico,5.0,15,15,15,"095c7dcaaa1caadd5f50,0bf3082c2f8d4c78da92,174b54c66be7c9124e7e,3a61eade667f763eb8f4,9c7197c2bf2c8a5a74df,a910ccad797b49091c52,b1cbaf13f71a670f21cd,caff40e5181afba003fd,d4e01dd97c0012f3ce67,d9ce39179ffba4edc4d7,dbfbb4f585ed8f0fee63,e6f481963336f6e82790,efc030986510351691c2,fd2b67f12cf1c1ea58b3,ffada7541825e0f9dc43",1,envelope_energy_sensitive_gt1pct,paired_own_window_setup_difference_not_synchronized_instrument_error,2.901175107212528,15,2.8438201145498887,2.669352744446729,3.2017453937352225,1.734386291281953,3.7854473242830533,2.901175107212528,15,2.8438201145498665,2.669352744446729,3.2017453937352336,1.734386291281953,3.7854473242830533,0.0,15,0.0,0.0,0.0,0.0,0.0
memmert_archive/durations/random_pattern_yolo_durations,reported_legacy,jetson,pico,5.0,15,15,15,"095c7dcaaa1caadd5f50,0bf3082c2f8d4c78da92,174b54c66be7c9124e7e,3a61eade667f763eb8f4,9c7197c2bf2c8a5a74df,a910ccad797b49091c52,b1cbaf13f71a670f21cd,caff40e5181afba003fd,d4e01dd97c0012f3ce67,d9ce39179ffba4edc4d7,dbfbb4f585ed8f0fee63,e6f481963336f6e82790,efc030986510351691c2,fd2b67f12cf1c1ea58b3,ffada7541825e0f9dc43",15,envelope_energy_sensitive_gt1pct;timestamp_gap_requires_review,paired_own_window_setup_difference_not_synchronized_instrument_error,-1.2296149986329885,15,-1.38084886094475,-2.642950421041718,-0.13423128258577832,-5.887160558288906,6.3665721707370615,-2.1658744861682733,15,-2.333884396499597,-2.8223561208867434,-1.056499774630637,-6.347267859903482,0.9679734554946418,0.8466714285714216,15,0.8466714285714216,-1.2602285714285788,2.749900000000016,-6.78941428571428,13.575514285714307
memmert_archive/durations/random_pattern_yolo_durations,reported_legacy,shelly,pico,5.0,15,15,15,"095c7dcaaa1caadd5f50,0bf3082c2f8d4c78da92,174b54c66be7c9124e7e,3a61eade667f763eb8f4,9c7197c2bf2c8a5a74df,a910ccad797b49091c52,b1cbaf13f71a670f21cd,caff40e5181afba003fd,d4e01dd97c0012f3ce67,d9ce39179ffba4edc4d7,dbfbb4f585ed8f0fee63,e6f481963336f6e82790,efc030986510351691c2,fd2b67f12cf1c1ea58b3,ffada7541825e0f9dc43",15,envelope_energy_sensitive_gt1pct;source_time_resolution_coarser_than_detection_bins,paired_own_window_setup_difference_not_synchronized_instrument_error,-6.658181659446482,15,-6.801103484674254,-7.365925042824733,-6.2419866389597125,-7.7882961143430744,-5.726737058962139,-6.8067382777792895,15,-6.806522019751105,-7.200494369250915,-6.335422959363113,-7.7755691428848195,-6.071868797822666,0.025242857142848685,15,0.025242857142848685,-0.00979285714285405,0.1327500000000037,-0.3634714285714158,0.4765999999999826
memmert_archive/durations/random_pattern_yolo_durations,reported_legacy,firmware,pico,10.0,15,15,15,"20d430657b12e417e46c,2c1811561c147a787c00,44bf4632b733c4d5cdd5,4ae54041ff5c1b26e2f9,60cbe0a49e86db107a17,7316cc3389c333950ce6,739ce65cfba337bc78b6,7d7bee92d18e0cddc505,8ac57909dab7be7c7c9b,90087e7b8cfa6c7c9223,b3447cdf29e66e85d7d6,c3c1b978d2f21f44d7a6,c3f3cf83d5bcbd65b5ea,d7fbe4cf5ca95831721e,f8fd1a745774bb3a9415",5,envelope_energy_sensitive_gt1pct,paired_own_window_setup_difference_not_synchronized_instrument_error,3.053275040404624,15,2.861228496986068,2.8061319432319376,3.1095576274225323,2.305449213738897,3.8248043522790542,3.053275040404624,15,2.861228496986068,2.8061319432319376,3.109557627422521,2.305449213738897,3.8248043522790542,0.0,15,0.0,0.0,0.0,0.0,0.0
memmert_archive/durations/random_pattern_yolo_durations,reported_legacy,jetson,pico,10.0,15,15,15,"20d430657b12e417e46c,2c1811561c147a787c00,44bf4632b733c4d5cdd5,4ae54041ff5c1b26e2f9,60cbe0a49e86db107a17,7316cc3389c333950ce6,739ce65cfba337bc78b6,7d7bee92d18e0cddc505,8ac57909dab7be7c7c9b,90087e7b8cfa6c7c9223,b3447cdf29e66e85d7d6,c3c1b978d2f21f44d7a6,c3f3cf83d5bcbd65b5ea,d7fbe4cf5ca95831721e,f8fd1a745774bb3a9415",15,envelope_energy_sensitive_gt1pct;timestamp_gap_requires_review,paired_own_window_setup_difference_not_synchronized_instrument_error,-2.940827741365748,15,-2.1302404887150184,-2.636164401553498,-1.8417081102814759,-3.2608031101454715,-0.7858927993487197,-1.659577796331535,15,-1.2410581209423843,-1.743302192507723,-0.880116427114852,-2.8367578363804657,-0.3398655657951166,-1.0063750000000038,15,-1.0063750000000038,-1.6889083333333443,0.04172083333331966,-2.7325083333333278,2.110741666666671
memmert_archive/durations/random_pattern_yolo_durations,reported_legacy,shelly,pico,10.0,15,15,15,"20d430657b12e417e46c,2c1811561c147a787c00,44bf4632b733c4d5cdd5,4ae54041ff5c1b26e2f9,60cbe0a49e86db107a17,7316cc3389c333950ce6,739ce65cfba337bc78b6,7d7bee92d18e0cddc505,8ac57909dab7be7c7c9b,90087e7b8cfa6c7c9223,b3447cdf29e66e85d7d6,c3c1b978d2f21f44d7a6,c3f3cf83d5bcbd65b5ea,d7fbe4cf5ca95831721e,f8fd1a745774bb3a9415",15,envelope_energy_sensitive_gt1pct;source_time_resolution_coarser_than_detection_bins,paired_own_window_setup_difference_not_synchronized_instrument_error,-6.851165753603661,15,-6.425588567785889,-6.754483817131423,-6.282537830715507,-7.382502428996107,-5.884117053031135,-6.865640385327099,15,-6.4573520350999285,-6.598100440591608,-6.227082700052151,-7.396894494976669,-5.206324724216637,0.04470000000000862,15,0.04470000000000862,-0.008345833333328612,0.05641250000001374,-1.940716666666653,0.3414000000000028
memmert_archive/durations/random_pattern_yolo_durations,reported_legacy,firmware,pico,20.0,15,15,15,"003f71004ce641bdfa71,3135d4b6d684aeb0f8b8,398c3d920006430e3918,4e05e11d1ab06ab0f1c1,8377ba9cde670b2c6601,994817b2af3fb193f6f2,a3ec1a49f233dc0e7eb4,a5cf903baad2a807e268,a73e21e95905087edd5e,aae97ba71d2bf3e32fe0,b786016e200df8475d51,dc5fa741d6e662768fd7,e122d10b2e1e290889b2,ee261dab673d07ccf1e3,f7da2d7577598e8a87de",0,,paired_own_window_setup_difference_not_synchronized_instrument_error,2.778004926555555,15,2.778004926555555,2.6608888289736288,2.976056930423576,2.4682927444706904,3.3754685565407616,2.778004926555555,15,2.778004926555555,2.6608888289736288,2.976056930423576,2.4682927444706904,3.3754685565407616,0.0,15,0.0,0.0,0.0,0.0,0.0
memmert_archive/durations/random_pattern_yolo_durations,reported_legacy,jetson,pico,20.0,15,15,15,"003f71004ce641bdfa71,3135d4b6d684aeb0f8b8,398c3d920006430e3918,4e05e11d1ab06ab0f1c1,8377ba9cde670b2c6601,994817b2af3fb193f6f2,a3ec1a49f233dc0e7eb4,a5cf903baad2a807e268,a73e21e95905087edd5e,aae97ba71d2bf3e32fe0,b786016e200df8475d51,dc5fa741d6e662768fd7,e122d10b2e1e290889b2,ee261dab673d07ccf1e3,f7da2d7577598e8a87de",15,envelope_energy_sensitive_gt1pct;timestamp_gap_requires_review,paired_own_window_setup_difference_not_synchronized_instrument_error,-1.7735938282186114,15,-1.8343120550753378,-1.9488534322790074,-1.645428618956718,-3.3098134882575514,-1.3508997796378819,-1.6935232028673641,15,-1.594589294899651,-1.8308201212536512,-1.483791484981295,-1.9618158118441809,-0.3876862648365287,-0.09850000000000136,15,-0.09850000000000136,-0.28610000000000024,-0.06212499999999621,-2.9335,0.6231409090909024
memmert_archive/durations/random_pattern_yolo_durations,reported_legacy,shelly,pico,20.0,15,15,15,"003f71004ce641bdfa71,3135d4b6d684aeb0f8b8,398c3d920006430e3918,4e05e11d1ab06ab0f1c1,8377ba9cde670b2c6601,994817b2af3fb193f6f2,a3ec1a49f233dc0e7eb4,a5cf903baad2a807e268,a73e21e95905087edd5e,aae97ba71d2bf3e32fe0,b786016e200df8475d51,dc5fa741d6e662768fd7,e122d10b2e1e290889b2,ee261dab673d07ccf1e3,f7da2d7577598e8a87de",15,envelope_energy_sensitive_gt1pct;source_time_resolution_coarser_than_detection_bins,paired_own_window_setup_difference_not_synchronized_instrument_error,-7.361823272476997,15,-6.517983881611677,-6.7510471169569595,-6.1697614670668806,-7.6601466692922004,-5.534580204970208,-7.369705268465065,15,-6.506923132295994,-6.7062175728084314,-6.258498824039532,-7.668003282831037,-5.645220627153147,0.008509090909081252,15,0.008509090909081252,-0.05120227272727984,0.043009090909096326,-0.08686818181817824,0.15064090909091554
memmert_archive/durations/random_pattern_yolo_durations,reported_legacy,firmware,pico,50.0,15,15,15,"22c86ed684c447dcd27b,24120b9c1fe1aebbe872,25ab5118d1d777e5e5cb,2959a0af8c9448b54cd9,29d6b4c4b2822da021ad,32a54854b6660f64d435,3c5915dd514cd5cffa73,48abdb096173cbea4f00,5eff0be2300a6693a054,6f06f734156c5e6032ed,6f6e1adebabd9dcc0d36,7e174cb1344e8433a285,83fd0516e0df7c38bb5d,eb03a85bd15b6969d110,ed4e43859c55700848e2",0,,paired_own_window_setup_difference_not_synchronized_instrument_error,2.825358767033803,15,2.841904534778994,2.754581491812824,2.991905012616558,2.6220777495900682,3.133944630350882,2.825358767033803,15,2.8419045347789718,2.754581491812824,2.991905012616558,2.6220777495900682,3.133944630350882,0.0,15,0.0,0.0,0.0,0.0,0.0
memmert_archive/durations/random_pattern_yolo_durations,reported_legacy,jetson,pico,50.0,15,15,15,"22c86ed684c447dcd27b,24120b9c1fe1aebbe872,25ab5118d1d777e5e5cb,2959a0af8c9448b54cd9,29d6b4c4b2822da021ad,32a54854b6660f64d435,3c5915dd514cd5cffa73,48abdb096173cbea4f00,5eff0be2300a6693a054,6f06f734156c5e6032ed,6f6e1adebabd9dcc0d36,7e174cb1344e8433a285,83fd0516e0df7c38bb5d,eb03a85bd15b6969d110,ed4e43859c55700848e2",15,envelope_energy_sensitive_gt1pct;timestamp_gap_requires_review,paired_own_window_setup_difference_not_synchronized_instrument_error,-1.6241393271915094,15,-1.5918377670914197,-1.68446202050751,-1.5162159683221654,-1.806536094376332,-1.4516279724325343,-1.572626693338619,15,-1.5238280486568723,-1.6188911989983235,-1.4092982950784705,-1.6887337802128477,-1.2171097923958207,-0.04155769230769213,15,-0.04155769230769213,-0.2622451923076863,0.020552884615387956,-0.3564153846153828,0.07167500000000437
memmert_archive/durations/random_pattern_yolo_durations,reported_legacy,shelly,pico,50.0,15,15,15,"22c86ed684c447dcd27b,24120b9c1fe1aebbe872,25ab5118d1d777e5e5cb,2959a0af8c9448b54cd9,29d6b4c4b2822da021ad,32a54854b6660f64d435,3c5915dd514cd5cffa73,48abdb096173cbea4f00,5eff0be2300a6693a054,6f06f734156c5e6032ed,6f6e1adebabd9dcc0d36,7e174cb1344e8433a285,83fd0516e0df7c38bb5d,eb03a85bd15b6969d110,ed4e43859c55700848e2",15,envelope_energy_sensitive_gt1pct;source_time_resolution_coarser_than_detection_bins,paired_own_window_setup_difference_not_synchronized_instrument_error,-5.833080952320624,15,-5.8538679790318575,-6.00906179102339,-5.750599884583979,-6.079445937231576,-5.553275059906115,-5.841225686298768,15,-5.873949641170184,-5.9944095271920075,-5.753158592286562,-6.083034877144611,-5.5460874804476585,0.002734615384625272,15,0.002734615384625272,-0.011961538461535692,0.01564519230768946,-0.026924999999999866,0.045807692307686665
memmert_archive/durations/random_pattern_yolo_durations,reported_legacy,firmware,pico,100.0,15,15,15,"1a72893493525895733f,2e1f11d78a348415a2e3,2f329abbb50e13e98e71,3c207843e0078b84a0af,4a8225c91e575e33866b,73f25b13e7ce090cc72f,82f893d5d59cd590287a,907f745e31e2ccec41f9,959a6150f0197d4ae19c,a89abfa8d3ec85bff9f8,af33e2c4439ee189f520,c8dd9cfe9b02d9ebc988,e1b6be3c97d7c203de25,e5465dbd39ccc75f509c,f26a1bfd538d67299f8c",0,,paired_own_window_setup_difference_not_synchronized_instrument_error,2.9259242589066092,15,2.9251775447811434,2.8021325630825933,3.0125176376520013,2.6596028488450774,3.070407113742779,2.9259242589066092,15,2.9251775447811434,2.8021325630825933,3.0125176376520013,2.6596028488450774,3.070407113742779,0.0,15,0.0,0.0,0.0,0.0,0.0
memmert_archive/durations/random_pattern_yolo_durations,reported_legacy,jetson,pico,100.0,15,15,15,"1a72893493525895733f,2e1f11d78a348415a2e3,2f329abbb50e13e98e71,3c207843e0078b84a0af,4a8225c91e575e33866b,73f25b13e7ce090cc72f,82f893d5d59cd590287a,907f745e31e2ccec41f9,959a6150f0197d4ae19c,a89abfa8d3ec85bff9f8,af33e2c4439ee189f520,c8dd9cfe9b02d9ebc988,e1b6be3c97d7c203de25,e5465dbd39ccc75f509c,f26a1bfd538d67299f8c",15,envelope_energy_sensitive_gt1pct;timestamp_gap_requires_review,paired_own_window_setup_difference_not_synchronized_instrument_error,-1.5427938941172115,15,-1.539952730895977,-1.6042589069403368,-1.4963438427230524,-1.7800994427263794,-1.4532260314085832,-1.4916649085039757,15,-1.4790002326264373,-1.5243700108223734,-1.443297434369617,-1.6571247065380157,-1.2863247400105249,-0.05540784313725622,15,-0.05540784313725622,-0.08379019607842597,-0.012213725490189953,-0.37084411764705116,0.06970294117647491
memmert_archive/durations/random_pattern_yolo_durations,reported_legacy,shelly,pico,100.0,15,15,15,"1a72893493525895733f,2e1f11d78a348415a2e3,2f329abbb50e13e98e71,3c207843e0078b84a0af,4a8225c91e575e33866b,73f25b13e7ce090cc72f,82f893d5d59cd590287a,907f745e31e2ccec41f9,959a6150f0197d4ae19c,a89abfa8d3ec85bff9f8,af33e2c4439ee189f520,c8dd9cfe9b02d9ebc988,e1b6be3c97d7c203de25,e5465dbd39ccc75f509c,f26a1bfd538d67299f8c",15,envelope_energy_sensitive_gt1pct;source_time_resolution_coarser_than_detection_bins,paired_own_window_setup_difference_not_synchronized_instrument_error,-5.809352123730527,15,-5.803431294728978,-5.8767790935007564,-5.746171100644526,-6.143507460099295,-5.548355310012965,-5.814581261243445,15,-5.79148050699545,-5.884297812167244,-5.720979561204059,-6.147166800468251,-5.55077395097806,0.001926470588231588,15,0.001926470588231588,5.833333333038482e-05,0.005346078431378576,-0.13106764705882457,0.018597058823521806
memmert_archive/durations/random_pattern_yolo_durations,reported_legacy,firmware,pico,200.0,15,15,15,"4ef6cb47bac36703488e,53b38720eb95cad889c1,548b0c52ecc18f0e9da2,6165cdfaca8a8a0b0b4e,65314f8f2ded30fc86ef,9cf08f2f9c47afee5320,a5bc9ae7fb5bab40519a,adba6f069c9637413df3,b0ef6432aa2b737f1476,c4732724975d1008ef22,d8083289f0b920b94864,db9ec7e94933e7cd8f78,dc049ad8142854624fd2,f60b4de0ae583d49e352,fc815a1a2d46ecaa05c2",0,,paired_own_window_setup_difference_not_synchronized_instrument_error,2.881462104091792,15,2.8706447123571843,2.8430286683456596,2.9432019007796906,2.7876762846121173,2.99108869269733,2.881462104091792,15,2.8706447123571843,2.8430286683456596,2.9432019007796906,2.7876762846121173,2.99108869269733,0.0,15,0.0,0.0,0.0,0.0,0.0
memmert_archive/durations/random_pattern_yolo_durations,reported_legacy,jetson,pico,200.0,15,15,15,"4ef6cb47bac36703488e,53b38720eb95cad889c1,548b0c52ecc18f0e9da2,6165cdfaca8a8a0b0b4e,65314f8f2ded30fc86ef,9cf08f2f9c47afee5320,a5bc9ae7fb5bab40519a,adba6f069c9637413df3,b0ef6432aa2b737f1476,c4732724975d1008ef22,d8083289f0b920b94864,db9ec7e94933e7cd8f78,dc049ad8142854624fd2,f60b4de0ae583d49e352,fc815a1a2d46ecaa05c2",15,timestamp_gap_requires_review,paired_own_window_setup_difference_not_synchronized_instrument_error,-1.5538386454143294,15,-1.5396422276858668,-1.6078292320745424,-1.5063994402149172,-1.7105060225749869,-1.457585622180202,-1.4958431039309272,15,-1.5228000978081635,-1.5552297894379674,-1.4389803288768377,-1.6419655484949613,-1.2782977384776073,-0.008486633663373766,15,-0.008486633663373766,-0.22723217821782327,0.010814356435639993,-0.3031188118811867,0.187457920792089
memmert_archive/durations/random_pattern_yolo_durations,reported_legacy,shelly,pico,200.0,15,15,15,"4ef6cb47bac36703488e,53b38720eb95cad889c1,548b0c52ecc18f0e9da2,6165cdfaca8a8a0b0b4e,65314f8f2ded30fc86ef,9cf08f2f9c47afee5320,a5bc9ae7fb5bab40519a,adba6f069c9637413df3,b0ef6432aa2b737f1476,c4732724975d1008ef22,d8083289f0b920b94864,db9ec7e94933e7cd8f78,dc049ad8142854624fd2,f60b4de0ae583d49e352,fc815a1a2d46ecaa05c2",15,source_time_resolution_coarser_than_detection_bins,paired_own_window_setup_difference_not_synchronized_instrument_error,-5.849541118338997,15,-5.808898482302616,-5.859698294169391,-5.781130963780323,-5.950100789029444,-5.60520020531996,-5.84797455914341,15,-5.81371563792562,-5.86179613418481,-5.780757498480366,-5.944177134680473,-5.611620016966434,0.0006559405940631535,15,0.0006559405940631535,-0.0027591584158492832,0.004024009900993608,-0.006298019801997956,0.10358267326731063
memmert_archive/durations/random_pattern_yolo_durations,reported_legacy,firmware,pico,300.0,15,15,15,"030747edffa844070e92,1f2ade63a3f0e0e7939b,4b0d439c7214654ec41d,51ea521f01144c01520b,6612b12a9c8e2af6e2cd,78b7a05005bed4bec916,7e782019b6eadb853d0b,95c81af285ba7e511bc1,95cd140875e41aef4651,a4624fa44b9c24bd2932,bdf0b131bef4b747a400,ca1869f377f6e4ab7dce,ef9b2bf0885f788bb961,f73287420bb538b5c685,f922b0e9cb4bda3205a9",0,,paired_own_window_setup_difference_not_synchronized_instrument_error,2.9199198402545035,15,2.9402173046146007,2.8923333175398414,2.9759458137113337,2.8528441991997555,3.1244918050454373,2.9199198402545035,15,2.940217304614623,2.8923333175398414,2.9759458137113337,2.8528441991997555,3.1244918050454373,0.0,15,0.0,0.0,0.0,0.0,0.0
memmert_archive/durations/random_pattern_yolo_durations,reported_legacy,jetson,pico,300.0,15,15,15,"030747edffa844070e92,1f2ade63a3f0e0e7939b,4b0d439c7214654ec41d,51ea521f01144c01520b,6612b12a9c8e2af6e2cd,78b7a05005bed4bec916,7e782019b6eadb853d0b,95c81af285ba7e511bc1,95cd140875e41aef4651,a4624fa44b9c24bd2932,bdf0b131bef4b747a400,ca1869f377f6e4ab7dce,ef9b2bf0885f788bb961,f73287420bb538b5c685,f922b0e9cb4bda3205a9",15,timestamp_gap_requires_review,paired_own_window_setup_difference_not_synchronized_instrument_error,-1.4779913226324992,15,-1.4906781397941105,-1.521979903200138,-1.4519124244782078,-1.676482578215932,-1.3838229391204382,-1.4807590469142373,15,-1.4807590469142373,-1.5250451872922677,-1.442043488532857,-1.652489112007871,-1.3770410684055379,0.00011887417219469398,15,0.00011887417219469398,-0.0040062913907346065,0.002788576158940792,-0.30362251655629,0.24784205298014061
memmert_archive/durations/random_pattern_yolo_durations,reported_legacy,shelly,pico,300.0,15,15,15,"030747edffa844070e92,1f2ade63a3f0e0e7939b,4b0d439c7214654ec41d,51ea521f01144c01520b,6612b12a9c8e2af6e2cd,78b7a05005bed4bec916,7e782019b6eadb853d0b,95c81af285ba7e511bc1,95cd140875e41aef4651,a4624fa44b9c24bd2932,bdf0b131bef4b747a400,ca1869f377f6e4ab7dce,ef9b2bf0885f788bb961,f73287420bb538b5c685,f922b0e9cb4bda3205a9",15,envelope_energy_sensitive_gt1pct;source_time_resolution_coarser_than_detection_bins,paired_own_window_setup_difference_not_synchronized_instrument_error,-5.8228673500657635,15,-5.739044886656652,-5.891765361714402,-5.694896975650987,-5.96759473847065,-5.175878790168276,-5.824933900274532,15,-5.741766515120172,-5.8945209245797825,-5.694903617016733,-5.97130793774725,-5.174347764074572,0.0017543046357593184,15,0.0017543046357593184,-0.0014279801324457164,0.0030743377483433143,-0.001924834437083689,0.004648675496699006
memmert_archive/durations/random_pattern_yolo_durations,reported_legacy,firmware,pico,400.0,15,15,15,"01eab8e2dc26ee1627bd,08aa4b2699647ec71fb4,0e1ead090524b4dc3e3f,164b798ef411483e6be6,42d63c5ec4b9c50272df,81b4f11809150548fd06,99990009e2338efe262b,b670b86ed0dfeeecb2f5,b7378369ea749622584a,b8736073e763b4ce0f57,bff46ea8b19f74e105cb,c17465e5efc6f192240b,cdd21b736815dcc9873f,d8bfb396e51ec6dc2d2d,f1307c76360f662a8475",0,,paired_own_window_setup_difference_not_synchronized_instrument_error,2.8720819989263013,15,2.9156071850564125,2.8781691112429564,2.9255003246472566,2.863489094202709,2.960625231286884,2.8720819989263013,15,2.9156071850564125,2.8781691112429675,2.9255003246472677,2.863489094202709,2.960625231286884,0.0,15,0.0,0.0,0.0,0.0,0.0
memmert_archive/durations/random_pattern_yolo_durations,reported_legacy,jetson,pico,400.0,15,15,15,"01eab8e2dc26ee1627bd,08aa4b2699647ec71fb4,0e1ead090524b4dc3e3f,164b798ef411483e6be6,42d63c5ec4b9c50272df,81b4f11809150548fd06,99990009e2338efe262b,b670b86ed0dfeeecb2f5,b7378369ea749622584a,b8736073e763b4ce0f57,bff46ea8b19f74e105cb,c17465e5efc6f192240b,cdd21b736815dcc9873f,d8bfb396e51ec6dc2d2d,f1307c76360f662a8475",15,timestamp_gap_requires_review,paired_own_window_setup_difference_not_synchronized_instrument_error,-1.553738706710106,15,-1.537171341869381,-1.565766784104694,-1.523856249400224,-1.6231132899248935,-1.459035335943315,-1.5327311164016977,15,-1.4987965492372135,-1.5293073206746388,-1.4826464661498506,-1.556176877674631,-1.4415169333337419,-0.058143034825863804,15,-0.058143034825863804,-0.07024863184079688,-0.001981218905461324,-0.08096492537312816,0.0254524875621831
memmert_archive/durations/random_pattern_yolo_durations,reported_legacy,shelly,pico,400.0,15,15,15,"01eab8e2dc26ee1627bd,08aa4b2699647ec71fb4,0e1ead090524b4dc3e3f,164b798ef411483e6be6,42d63c5ec4b9c50272df,81b4f11809150548fd06,99990009e2338efe262b,b670b86ed0dfeeecb2f5,b7378369ea749622584a,b8736073e763b4ce0f57,bff46ea8b19f74e105cb,c17465e5efc6f192240b,cdd21b736815dcc9873f,d8bfb396e51ec6dc2d2d,f1307c76360f662a8475",15,source_time_resolution_coarser_than_detection_bins,paired_own_window_setup_difference_not_synchronized_instrument_error,-5.853727695501599,15,-5.831412683830761,-5.854641146821077,-5.79405429874577,-5.9333468511282295,-5.7554720565600075,-5.852100014146133,15,-5.826268970865067,-5.853743987650928,-5.79378589181136,-5.934018650711447,-5.753842676476939,0.0004748756218919681,15,0.0004748756218919681,-0.0013364427860595995,0.0020751243781091944,-0.005461940298523427,0.0049345771144349015
memmert_archive/durations/random_pattern_yolo_durations,reported_legacy,firmware,pico,500.0,15,15,15,"0a3e40bceb001120b2f7,20922ea1f161690f8eb0,3a70b909d645ec57236b,426c3f89d39bab444436,5917f58fdbfd3d02ab59,62cb79cfb4921dfbef82,6751e0a013709240e41e,7f9980842364f38b9d13,91d1e642c598bcf31da7,9e42a196835935be048f,a777a919a1753ea1bd41,c70ba9eb6c580f4d26f1,d97afc8ed9936c83dbb6,dd486a2d1f4e525cd625,e69e028df77df759486a",0,,paired_own_window_setup_difference_not_synchronized_instrument_error,2.8386621234822718,15,2.8597517536253614,2.847442037008441,2.9037361116431737,2.765141001728866,2.967269881641288,2.8386621234822496,15,2.859751753625339,2.847442037008452,2.9037361116431737,2.765141001728888,2.96726988164131,0.0,15,0.0,0.0,0.0,0.0,0.0
memmert_archive/durations/random_pattern_yolo_durations,reported_legacy,jetson,pico,500.0,15,15,15,"0a3e40bceb001120b2f7,20922ea1f161690f8eb0,3a70b909d645ec57236b,426c3f89d39bab444436,5917f58fdbfd3d02ab59,62cb79cfb4921dfbef82,6751e0a013709240e41e,7f9980842364f38b9d13,91d1e642c598bcf31da7,9e42a196835935be048f,a777a919a1753ea1bd41,c70ba9eb6c580f4d26f1,d97afc8ed9936c83dbb6,dd486a2d1f4e525cd625,e69e028df77df759486a",14,timestamp_gap_requires_review,paired_own_window_setup_difference_not_synchronized_instrument_error,-1.6465305098929628,15,-1.611120357085516,-1.6353697438822035,-1.561870424266687,-1.7008183583108516,-1.5073795815488733,-1.6457023724742892,15,-1.6014674821365316,-1.6259965198024695,-1.566475748398688,-1.6929506712147213,-1.4677158227401788,-0.014564741035849593,15,-0.014564741035849593,-0.03613904382470112,-0.0016290836653332086,-0.04101653386454629,0.013223306772913723
memmert_archive/durations/random_pattern_yolo_durations,reported_legacy,shelly,pico,500.0,15,15,15,"0a3e40bceb001120b2f7,20922ea1f161690f8eb0,3a70b909d645ec57236b,426c3f89d39bab444436,5917f58fdbfd3d02ab59,62cb79cfb4921dfbef82,6751e0a013709240e41e,7f9980842364f38b9d13,91d1e642c598bcf31da7,9e42a196835935be048f,a777a919a1753ea1bd41,c70ba9eb6c580f4d26f1,d97afc8ed9936c83dbb6,dd486a2d1f4e525cd625,e69e028df77df759486a",15,source_time_resolution_coarser_than_detection_bins,paired_own_window_setup_difference_not_synchronized_instrument_error,-6.275701817971957,15,-6.305046251943591,-6.356146504037275,-6.146604138902245,-6.4341130257449475,-5.983702981121953,-6.276699168316668,15,-6.306043290024766,-6.356625072155387,-6.1466686038248515,-6.43444292820714,-5.984103016890785,0.00042549800796098936,15,0.00042549800796098936,4.750996016045228e-05,0.0007125498007964914,-0.003482470119520187,0.0015882470119521486
memmert_archive/durations/random_pattern_yolo_durations,reported_legacy,firmware,pico,600.0,15,15,15,"04a242efc88a824c7435,0a9d5c805a533b062f14,297801473952f4aa1f31,3d943bc9fa93eef0df27,5c30b25e0f3359a84fd5,80b2f322bc9d8f8e58a3,917c1d89bdec34fa8071,b263a7d3d02a8af1c67f,bc6a175f14b0d70fbbfe,bfe6151347d487ddeba8,d56bc4af7755c9a4ccae,d8ee9fc3aad8d1bf554c,f0bd9b35adb728d66831,f76ceb28af9f57f1e299,fedba955fea54cd50c14",0,,paired_own_window_setup_difference_not_synchronized_instrument_error,3.0258579952626707,15,3.02807979681059,2.996776887202479,3.0873696450359978,2.93424886339122,3.394160048299266,3.0258579952626707,15,3.02807979681059,2.996776887202479,3.0873696450359978,2.93424886339122,3.3941600482992884,0.0,15,0.0,0.0,0.0,0.0,0.0
memmert_archive/durations/random_pattern_yolo_durations,reported_legacy,jetson,pico,600.0,15,15,15,"04a242efc88a824c7435,0a9d5c805a533b062f14,297801473952f4aa1f31,3d943bc9fa93eef0df27,5c30b25e0f3359a84fd5,80b2f322bc9d8f8e58a3,917c1d89bdec34fa8071,b263a7d3d02a8af1c67f,bc6a175f14b0d70fbbfe,bfe6151347d487ddeba8,d56bc4af7755c9a4ccae,d8ee9fc3aad8d1bf554c,f0bd9b35adb728d66831,f76ceb28af9f57f1e299,fedba955fea54cd50c14",15,timestamp_gap_requires_review,paired_own_window_setup_difference_not_synchronized_instrument_error,-1.3982458624315797,15,-1.4073055215349295,-1.4393334278731074,-1.326800579068077,-1.5042454962098661,-1.0000950745953308,-1.400074219527081,15,-1.4094355705145611,-1.4419755475339302,-1.3306883505929124,-1.5051579642066049,-1.0009485714008282,0.0008621262458374801,15,0.0008621262458374801,-0.00316528239203695,0.004858637873750293,-0.008227740863786526,0.0069657807308942665
memmert_archive/durations/random_pattern_yolo_durations,reported_legacy,shelly,pico,600.0,15,15,15,"04a242efc88a824c7435,0a9d5c805a533b062f14,297801473952f4aa1f31,3d943bc9fa93eef0df27,5c30b25e0f3359a84fd5,80b2f322bc9d8f8e58a3,917c1d89bdec34fa8071,b263a7d3d02a8af1c67f,bc6a175f14b0d70fbbfe,bfe6151347d487ddeba8,d56bc4af7755c9a4ccae,d8ee9fc3aad8d1bf554c,f0bd9b35adb728d66831,f76ceb28af9f57f1e299,fedba955fea54cd50c14",15,source_time_resolution_coarser_than_detection_bins,paired_own_window_setup_difference_not_synchronized_instrument_error,-5.4692315468429005,15,-5.4775267023007945,-5.5570714396587615,-5.431452728498293,-5.654624692028776,-5.259797806061672,-5.467554594616686,15,-5.477647759997772,-5.556853907768061,-5.428419535760271,-5.655319269478953,-5.257154134425712,0.0001280730896890958,15,0.0001280730896890958,-0.0017392026577967012,0.0006785714285806321,-0.007218604651160199,0.0022360465116388895
memmert_archive/durations/random_pattern_yolo_durations,envelope_0.5,firmware,pico,5.0,15,15,15,"095c7dcaaa1caadd5f50,0bf3082c2f8d4c78da92,174b54c66be7c9124e7e,3a61eade667f763eb8f4,9c7197c2bf2c8a5a74df,a910ccad797b49091c52,b1cbaf13f71a670f21cd,caff40e5181afba003fd,d4e01dd97c0012f3ce67,d9ce39179ffba4edc4d7,dbfbb4f585ed8f0fee63,e6f481963336f6e82790,efc030986510351691c2,fd2b67f12cf1c1ea58b3,ffada7541825e0f9dc43",1,envelope_energy_sensitive_gt1pct,paired_own_window_setup_difference_not_synchronized_instrument_error,3.023098602264329,15,2.825922232389111,2.704749917809246,3.568526361973623,1.3813199554771227,4.362813408317523,2.9084503402726947,15,2.825922232389111,2.704749917809235,3.568526361973623,1.3813199554771227,4.362813408317523,0.0,15,0.0,0.0,0.0,0.0,0.0
memmert_archive/durations/random_pattern_yolo_durations,envelope_0.5,jetson,pico,5.0,15,15,15,"095c7dcaaa1caadd5f50,0bf3082c2f8d4c78da92,174b54c66be7c9124e7e,3a61eade667f763eb8f4,9c7197c2bf2c8a5a74df,a910ccad797b49091c52,b1cbaf13f71a670f21cd,caff40e5181afba003fd,d4e01dd97c0012f3ce67,d9ce39179ffba4edc4d7,dbfbb4f585ed8f0fee63,e6f481963336f6e82790,efc030986510351691c2,fd2b67f12cf1c1ea58b3,ffada7541825e0f9dc43",15,envelope_energy_sensitive_gt1pct;timestamp_gap_requires_review,paired_own_window_setup_difference_not_synchronized_instrument_error,-4.304253661431523,15,-4.134647973965356,-4.586082678903558,-3.62715050528109,-5.4748968656043395,1.4940134467343436,-4.5755309361157686,15,-4.522210663016535,-5.194108249723378,-4.131532806572974,-7.608434952180698,-3.534012387568941,2.220446049250313e-14,15,2.220446049250313e-14,2.220446049250313e-14,2.220446049250313e-14,2.220446049250313e-14,9.09090909090915
memmert_archive/durations/random_pattern_yolo_durations,envelope_0.5,shelly,pico,5.0,15,15,15,"095c7dcaaa1caadd5f50,0bf3082c2f8d4c78da92,174b54c66be7c9124e7e,3a61eade667f763eb8f4,9c7197c2bf2c8a5a74df,a910ccad797b49091c52,b1cbaf13f71a670f21cd,caff40e5181afba003fd,d4e01dd97c0012f3ce67,d9ce39179ffba4edc4d7,dbfbb4f585ed8f0fee63,e6f481963336f6e82790,efc030986510351691c2,fd2b67f12cf1c1ea58b3,ffada7541825e0f9dc43",15,envelope_energy_sensitive_gt1pct;source_time_resolution_coarser_than_detection_bins,paired_own_window_setup_difference_not_synchronized_instrument_error,-14.097578629501683,15,-13.445611353591413,-15.367958950994515,-10.120749350407522,-31.278745421263963,-0.4112597592485945,-8.665824326443229,15,-9.751229577170895,-10.774043813336455,-6.9555756825128485,-14.59610729279649,0.32177008148310815,-7.14285714285714,15,-4.761904761904745,-7.142857142857151,0.0,-30.95238095238093,15.15151515151516
memmert_archive/durations/random_pattern_yolo_durations,envelope_0.5,firmware,pico,10.0,15,15,15,"20d430657b12e417e46c,2c1811561c147a787c00,44bf4632b733c4d5cdd5,4ae54041ff5c1b26e2f9,60cbe0a49e86db107a17,7316cc3389c333950ce6,739ce65cfba337bc78b6,7d7bee92d18e0cddc505,8ac57909dab7be7c7c9b,90087e7b8cfa6c7c9223,b3447cdf29e66e85d7d6,c3c1b978d2f21f44d7a6,c3f3cf83d5bcbd65b5ea,d7fbe4cf5ca95831721e,f8fd1a745774bb3a9415",5,envelope_energy_sensitive_gt1pct,paired_own_window_setup_difference_not_synchronized_instrument_error,3.0648033107376627,15,3.083941462195172,2.792096214993167,3.3060997789819857,2.3678916143594186,3.679168075195882,2.85737931138359,15,3.07328393679287,2.7192094798194844,3.1676220653242493,2.2165615250522075,3.679168075195882,0.0,15,0.0,0.0,0.0,0.0,1.2195121951219745
memmert_archive/durations/random_pattern_yolo_durations,envelope_0.5,jetson,pico,10.0,15,15,15,"20d430657b12e417e46c,2c1811561c147a787c00,44bf4632b733c4d5cdd5,4ae54041ff5c1b26e2f9,60cbe0a49e86db107a17,7316cc3389c333950ce6,739ce65cfba337bc78b6,7d7bee92d18e0cddc505,8ac57909dab7be7c7c9b,90087e7b8cfa6c7c9223,b3447cdf29e66e85d7d6,c3c1b978d2f21f44d7a6,c3f3cf83d5bcbd65b5ea,d7fbe4cf5ca95831721e,f8fd1a745774bb3a9415",15,envelope_energy_sensitive_gt1pct;timestamp_gap_requires_review,paired_own_window_setup_difference_not_synchronized_instrument_error,-3.6360948134556037,15,-2.8029191514601814,-3.1609978773128047,-2.6879935408008873,-4.3277588300889125,-1.9825109077695968,-2.991669459410562,15,-3.2397073412084865,-3.9317073145970713,-2.7857778210781614,-4.365752528768763,-2.4705188016657442,-1.0309278350515205,15,2.220446049250313e-14,2.220446049250313e-14,1.2048192771084043,-1.0309278350515205,2.4390243902439046
memmert_archive/durations/random_pattern_yolo_durations,envelope_0.5,shelly,pico,10.0,15,15,15,"20d430657b12e417e46c,2c1811561c147a787c00,44bf4632b733c4d5cdd5,4ae54041ff5c1b26e2f9,60cbe0a49e86db107a17,7316cc3389c333950ce6,739ce65cfba337bc78b6,7d7bee92d18e0cddc505,8ac57909dab7be7c7c9b,90087e7b8cfa6c7c9223,b3447cdf29e66e85d7d6,c3c1b978d2f21f44d7a6,c3f3cf83d5bcbd65b5ea,d7fbe4cf5ca95831721e,f8fd1a745774bb3a9415",15,envelope_energy_sensitive_gt1pct;source_time_resolution_coarser_than_detection_bins,paired_own_window_setup_difference_not_synchronized_instrument_error,-13.574725330021343,15,-13.366697649774128,-14.852710754270664,-11.710156632237972,-22.874649301198524,-10.079530032654615,-6.1257067413077575,15,-5.841387437581503,-6.226176384972298,-5.584522514937074,-8.199935104907741,-4.460941409136265,-8.247422680412363,15,-7.216494845360821,-9.704672347928295,-5.670103092783496,-18.07228915662652,-3.614457831325313
memmert_archive/durations/random_pattern_yolo_durations,envelope_0.5,firmware,pico,20.0,15,15,15,"003f71004ce641bdfa71,3135d4b6d684aeb0f8b8,398c3d920006430e3918,4e05e11d1ab06ab0f1c1,8377ba9cde670b2c6601,994817b2af3fb193f6f2,a3ec1a49f233dc0e7eb4,a5cf903baad2a807e268,a73e21e95905087edd5e,aae97ba71d2bf3e32fe0,b786016e200df8475d51,dc5fa741d6e662768fd7,e122d10b2e1e290889b2,ee261dab673d07ccf1e3,f7da2d7577598e8a87de",0,,paired_own_window_setup_difference_not_synchronized_instrument_error,2.9123680502144644,15,2.8374367381435617,2.6806225177673393,2.986624737211485,2.3623820314168764,3.4240758715503805,2.966112894530859,15,2.8374367381435617,2.6806225177673393,2.9866247372114962,2.3623820314168764,3.4240758715504027,-2.220446049250313e-14,15,-2.220446049250313e-14,-2.220446049250313e-14,0.0,-2.220446049250313e-14,0.0
memmert_archive/durations/random_pattern_yolo_durations,envelope_0.5,jetson,pico,20.0,15,15,15,"003f71004ce641bdfa71,3135d4b6d684aeb0f8b8,398c3d920006430e3918,4e05e11d1ab06ab0f1c1,8377ba9cde670b2c6601,994817b2af3fb193f6f2,a3ec1a49f233dc0e7eb4,a5cf903baad2a807e268,a73e21e95905087edd5e,aae97ba71d2bf3e32fe0,b786016e200df8475d51,dc5fa741d6e662768fd7,e122d10b2e1e290889b2,ee261dab673d07ccf1e3,f7da2d7577598e8a87de",15,envelope_energy_sensitive_gt1pct;timestamp_gap_requires_review,paired_own_window_setup_difference_not_synchronized_instrument_error,-2.0156365800515608,15,-2.0150436004678474,-2.2045013874851085,-1.8472266436327933,-2.784384693715425,-1.6855550235444938,-2.573493320101927,15,-2.7309921962473616,-2.8485912972422978,-2.509320571420287,-3.0633970833471857,-2.3210997337465566,0.4975124378109319,15,0.5347593582887722,0.4975124378109319,0.995024875621886,0.0,1.0695187165775444
memmert_archive/durations/random_pattern_yolo_durations,envelope_0.5,shelly,pico,20.0,15,15,15,"003f71004ce641bdfa71,3135d4b6d684aeb0f8b8,398c3d920006430e3918,4e05e11d1ab06ab0f1c1,8377ba9cde670b2c6601,994817b2af3fb193f6f2,a3ec1a49f233dc0e7eb4,a5cf903baad2a807e268,a73e21e95905087edd5e,aae97ba71d2bf3e32fe0,b786016e200df8475d51,dc5fa741d6e662768fd7,e122d10b2e1e290889b2,ee261dab673d07ccf1e3,f7da2d7577598e8a87de",15,envelope_energy_sensitive_gt1pct;source_time_resolution_coarser_than_detection_bins,paired_own_window_setup_difference_not_synchronized_instrument_error,-10.622264844929074,15,-6.720504733596522,-10.412789115679082,-5.08858824998113,-11.027841513954595,-4.170860737660598,-6.88547570443202,15,-7.272110904832674,-7.5404655873034905,-6.637392947550946,-7.95921560433277,-5.602319538955869,-4.975124378109452,15,0.5347593582887722,-4.62659962220981,2.736318407960192,-4.975124378109452,3.482587064676612
memmert_archive/durations/random_pattern_yolo_durations,envelope_0.5,firmware,pico,50.0,15,15,15,"22c86ed684c447dcd27b,24120b9c1fe1aebbe872,25ab5118d1d777e5e5cb,2959a0af8c9448b54cd9,29d6b4c4b2822da021ad,32a54854b6660f64d435,3c5915dd514cd5cffa73,48abdb096173cbea4f00,5eff0be2300a6693a054,6f06f734156c5e6032ed,6f6e1adebabd9dcc0d36,7e174cb1344e8433a285,83fd0516e0df7c38bb5d,eb03a85bd15b6969d110,ed4e43859c55700848e2",0,,paired_own_window_setup_difference_not_synchronized_instrument_error,2.8911604589374473,15,2.8341130287018457,2.737248999340225,3.0072166723435045,2.6357282669165594,3.1440136325792345,2.8329099320509643,15,2.842655138422434,2.774891877009833,3.0072166723434823,2.645665703010547,3.1440136325792123,2.220446049250313e-14,15,2.220446049250313e-14,2.220446049250313e-14,2.220446049250313e-14,-0.2012072434607548,2.220446049250313e-14
memmert_archive/durations/random_pattern_yolo_durations,envelope_0.5,jetson,pico,50.0,15,15,15,"22c86ed684c447dcd27b,24120b9c1fe1aebbe872,25ab5118d1d777e5e5cb,2959a0af8c9448b54cd9,29d6b4c4b2822da021ad,32a54854b6660f64d435,3c5915dd514cd5cffa73,48abdb096173cbea4f00,5eff0be2300a6693a054,6f06f734156c5e6032ed,6f6e1adebabd9dcc0d36,7e174cb1344e8433a285,83fd0516e0df7c38bb5d,eb03a85bd15b6969d110,ed4e43859c55700848e2",15,envelope_energy_sensitive_gt1pct;timestamp_gap_requires_review,paired_own_window_setup_difference_not_synchronized_instrument_error,-1.8095149021196244,15,-1.8084994806024657,-1.9175636157237441,-1.6907254942305772,-2.038233416683155,-1.503310285199877,-1.9438955300277838,15,-1.9494835308108138,-1.994646739733974,-1.872273058407059,-2.042671102847393,-1.7014927594751428,0.20161290322582293,15,0.20161290322582293,2.220446049250313e-14,0.20161290322582293,2.220446049250313e-14,0.20161290322582293
memmert_archive/durations/random_pattern_yolo_durations,envelope_0.5,shelly,pico,50.0,15,15,15,"22c86ed684c447dcd27b,24120b9c1fe1aebbe872,25ab5118d1d777e5e5cb,2959a0af8c9448b54cd9,29d6b4c4b2822da021ad,32a54854b6660f64d435,3c5915dd514cd5cffa73,48abdb096173cbea4f00,5eff0be2300a6693a054,6f06f734156c5e6032ed,6f6e1adebabd9dcc0d36,7e174cb1344e8433a285,83fd0516e0df7c38bb5d,eb03a85bd15b6969d110,ed4e43859c55700848e2",15,envelope_energy_sensitive_gt1pct;source_time_resolution_coarser_than_detection_bins,paired_own_window_setup_difference_not_synchronized_instrument_error,-7.479384434342117,15,-7.37488094133184,-7.803157428128205,-6.182818347253388,-8.068115299065404,-5.655192430785316,-5.896361112348414,15,-5.84502101744373,-6.0786831892885145,-5.785008643909078,-6.294134547613083,-5.598709850373352,-1.612903225806428,15,-1.612903225806428,-2.1169354838709573,2.220446049250313e-14,-2.6156941649899235,0.40322580645162365
memmert_archive/durations/random_pattern_yolo_durations,envelope_0.5,firmware,pico,100.0,15,15,15,"1a72893493525895733f,2e1f11d78a348415a2e3,2f329abbb50e13e98e71,3c207843e0078b84a0af,4a8225c91e575e33866b,73f25b13e7ce090cc72f,82f893d5d59cd590287a,907f745e31e2ccec41f9,959a6150f0197d4ae19c,a89abfa8d3ec85bff9f8,af33e2c4439ee189f520,c8dd9cfe9b02d9ebc988,e1b6be3c97d7c203de25,e5465dbd39ccc75f509c,f26a1bfd538d67299f8c",0,,paired_own_window_setup_difference_not_synchronized_instrument_error,2.9388667733073026,15,2.9388667733073026,2.8072547137109716,3.0156525571550796,2.653907662096344,3.0776205606872553,2.9388667733072804,15,2.9388667733072804,2.8072547137109716,3.0156525571550685,2.653907662096322,3.0776205606872553,0.0,15,0.0,0.0,0.0,0.0,0.0
memmert_archive/durations/random_pattern_yolo_durations,envelope_0.5,jetson,pico,100.0,15,15,15,"1a72893493525895733f,2e1f11d78a348415a2e3,2f329abbb50e13e98e71,3c207843e0078b84a0af,4a8225c91e575e33866b,73f25b13e7ce090cc72f,82f893d5d59cd590287a,907f745e31e2ccec41f9,959a6150f0197d4ae19c,a89abfa8d3ec85bff9f8,af33e2c4439ee189f520,c8dd9cfe9b02d9ebc988,e1b6be3c97d7c203de25,e5465dbd39ccc75f509c,f26a1bfd538d67299f8c",15,envelope_energy_sensitive_gt1pct;timestamp_gap_requires_review,paired_own_window_setup_difference_not_synchronized_instrument_error,-1.6821148788066287,15,-1.6903893968395534,-1.7202646898017093,-1.6699149132769875,-1.8762704393229024,-1.607796886756474,-1.6954165217975659,15,-1.696401219580479,-1.7599714973105862,-1.6771212279959424,-1.8762704393229246,-1.6622880806169027,2.220446049250313e-14,15,2.220446049250313e-14,2.220446049250313e-14,2.220446049250313e-14,2.220446049250313e-14,0.10070493454179541
memmert_archive/durations/random_pattern_yolo_durations,envelope_0.5,shelly,pico,100.0,15,15,15,"1a72893493525895733f,2e1f11d78a348415a2e3,2f329abbb50e13e98e71,3c207843e0078b84a0af,4a8225c91e575e33866b,73f25b13e7ce090cc72f,82f893d5d59cd590287a,907f745e31e2ccec41f9,959a6150f0197d4ae19c,a89abfa8d3ec85bff9f8,af33e2c4439ee189f520,c8dd9cfe9b02d9ebc988,e1b6be3c97d7c203de25,e5465dbd39ccc75f509c,f26a1bfd538d67299f8c",15,envelope_energy_sensitive_gt1pct;source_time_resolution_coarser_than_detection_bins,paired_own_window_setup_difference_not_synchronized_instrument_error,-6.57053783270416,15,-6.539232049462984,-6.762105536860435,-5.906680033167633,-7.109627992147438,-5.7715070663991845,-5.917021149716028,15,-5.974822811125269,-6.056676495150699,-5.70989343017615,-6.3936570924547524,-5.512126180837806,-0.8056394763343189,15,-0.8056394763343189,-1.1077542799597107,0.2517623363544774,-1.5105740181268867,0.302114803625364
memmert_archive/durations/random_pattern_yolo_durations,envelope_0.5,firmware,pico,200.0,15,15,15,"4ef6cb47bac36703488e,53b38720eb95cad889c1,548b0c52ecc18f0e9da2,6165cdfaca8a8a0b0b4e,65314f8f2ded30fc86ef,9cf08f2f9c47afee5320,a5bc9ae7fb5bab40519a,adba6f069c9637413df3,b0ef6432aa2b737f1476,c4732724975d1008ef22,d8083289f0b920b94864,db9ec7e94933e7cd8f78,dc049ad8142854624fd2,f60b4de0ae583d49e352,fc815a1a2d46ecaa05c2",0,,paired_own_window_setup_difference_not_synchronized_instrument_error,2.8858903575604833,15,2.872243919449513,2.8431332554955557,2.9405976839045556,2.8006766817003648,2.9970406892721124,2.881465595248245,15,2.872243919449513,2.843133255495589,2.9376655931765083,2.800676681700387,2.9909476577066885,-1.1102230246251565e-14,15,-1.1102230246251565e-14,-1.1102230246251565e-14,-1.1102230246251565e-14,-1.1102230246251565e-14,0.05037783375314575
memmert_archive/durations/random_pattern_yolo_durations,envelope_0.5,jetson,pico,200.0,15,15,15,"4ef6cb47bac36703488e,53b38720eb95cad889c1,548b0c52ecc18f0e9da2,6165cdfaca8a8a0b0b4e,65314f8f2ded30fc86ef,9cf08f2f9c47afee5320,a5bc9ae7fb5bab40519a,adba6f069c9637413df3,b0ef6432aa2b737f1476,c4732724975d1008ef22,d8083289f0b920b94864,db9ec7e94933e7cd8f78,dc049ad8142854624fd2,f60b4de0ae583d49e352,fc815a1a2d46ecaa05c2",15,timestamp_gap_requires_review,paired_own_window_setup_difference_not_synchronized_instrument_error,-1.5749958880986292,15,-1.5953951217783757,-1.6046386359008236,-1.5578816892318603,-1.6371244527812912,-1.4516287820399376,-1.623359827041393,15,-1.6415523096630857,-1.6517653914826957,-1.6134786032626247,-1.6779683627583641,-1.5012253453101754,0.050352467270897705,15,0.050352467270897705,0.050352467270897705,0.050352467270897705,0.0,0.1007556675063137
memmert_archive/durations/random_pattern_yolo_durations,envelope_0.5,shelly,pico,200.0,15,15,15,"4ef6cb47bac36703488e,53b38720eb95cad889c1,548b0c52ecc18f0e9da2,6165cdfaca8a8a0b0b4e,65314f8f2ded30fc86ef,9cf08f2f9c47afee5320,a5bc9ae7fb5bab40519a,adba6f069c9637413df3,b0ef6432aa2b737f1476,c4732724975d1008ef22,d8083289f0b920b94864,db9ec7e94933e7cd8f78,dc049ad8142854624fd2,f60b4de0ae583d49e352,fc815a1a2d46ecaa05c2",15,source_time_resolution_coarser_than_detection_bins,paired_own_window_setup_difference_not_synchronized_instrument_error,-5.938081859935407,15,-5.919222091104714,-5.99341874804643,-5.866707279703482,-6.33846580230909,-5.713630244872981,-5.89640608909593,15,-5.9032458703232145,-5.99917499180394,-5.8489131005365955,-6.027768455688043,-5.621809763822084,0.050352467270897705,15,0.050352467270897705,-0.17623363544814197,0.10027757960239247,-0.6545820745216591,0.2015113350126052
memmert_archive/durations/random_pattern_yolo_durations,envelope_0.5,firmware,pico,300.0,15,15,15,"030747edffa844070e92,1f2ade63a3f0e0e7939b,4b0d439c7214654ec41d,51ea521f01144c01520b,6612b12a9c8e2af6e2cd,78b7a05005bed4bec916,7e782019b6eadb853d0b,95c81af285ba7e511bc1,95cd140875e41aef4651,a4624fa44b9c24bd2932,bdf0b131bef4b747a400,ca1869f377f6e4ab7dce,ef9b2bf0885f788bb961,f73287420bb538b5c685,f922b0e9cb4bda3205a9",0,,paired_own_window_setup_difference_not_synchronized_instrument_error,2.9091630584594075,15,2.9411477841320366,2.8858242150758495,2.9767947069682887,2.836895678140472,3.126735378670742,2.925284255412741,15,2.941147784132059,2.896805972019323,2.976794706968311,2.852183277000697,3.126735378670764,-0.033322225924703464,15,-2.220446049250313e-14,-2.220446049250313e-14,-2.220446049250313e-14,-0.033322225924703464,0.0
memmert_archive/durations/random_pattern_yolo_durations,envelope_0.5,jetson,pico,300.0,15,15,15,"030747edffa844070e92,1f2ade63a3f0e0e7939b,4b0d439c7214654ec41d,51ea521f01144c01520b,6612b12a9c8e2af6e2cd,78b7a05005bed4bec916,7e782019b6eadb853d0b,95c81af285ba7e511bc1,95cd140875e41aef4651,a4624fa44b9c24bd2932,bdf0b131bef4b747a400,ca1869f377f6e4ab7dce,ef9b2bf0885f788bb961,f73287420bb538b5c685,f922b0e9cb4bda3205a9",15,timestamp_gap_requires_review,paired_own_window_setup_difference_not_synchronized_instrument_error,-1.5364821013037377,15,-1.5364821013037377,-1.582003082654987,-1.5163851887371516,-1.6235872025629594,-1.4409387514070504,-1.5565010990289951,15,-1.5551698550556048,-1.5820030826549591,-1.516385188737135,-1.6235872025629483,-1.4409387514070393,-2.220446049250313e-14,15,-2.220446049250313e-14,-2.220446049250313e-14,-2.220446049250313e-14,-2.220446049250313e-14,0.03333333333332966
memmert_archive/durations/random_pattern_yolo_durations,envelope_0.5,shelly,pico,300.0,15,15,15,"030747edffa844070e92,1f2ade63a3f0e0e7939b,4b0d439c7214654ec41d,51ea521f01144c01520b,6612b12a9c8e2af6e2cd,78b7a05005bed4bec916,7e782019b6eadb853d0b,95c81af285ba7e511bc1,95cd140875e41aef4651,a4624fa44b9c24bd2932,bdf0b131bef4b747a400,ca1869f377f6e4ab7dce,ef9b2bf0885f788bb961,f73287420bb538b5c685,f922b0e9cb4bda3205a9",15,envelope_energy_sensitive_gt1pct;source_time_resolution_coarser_than_detection_bins,paired_own_window_setup_difference_not_synchronized_instrument_error,-5.945505146846319,15,-5.932644061562165,-6.10782739822352,-5.852645606665796,-6.357628034787865,-5.454927900924334,-5.764782426089454,15,-5.7412744042828585,-5.913227393445486,-5.675544480593963,-6.0891100561370815,-5.200774481303161,-0.29990003332224235,15,-0.2665778073975389,-0.3332222592469125,0.11662779073642326,-0.7037533512064376,0.1666111296234618
memmert_archive/durations/random_pattern_yolo_durations,envelope_0.5,firmware,pico,400.0,15,15,15,"01eab8e2dc26ee1627bd,08aa4b2699647ec71fb4,0e1ead090524b4dc3e3f,164b798ef411483e6be6,42d63c5ec4b9c50272df,81b4f11809150548fd06,99990009e2338efe262b,b670b86ed0dfeeecb2f5,b7378369ea749622584a,b8736073e763b4ce0f57,bff46ea8b19f74e105cb,c17465e5efc6f192240b,cdd21b736815dcc9873f,d8bfb396e51ec6dc2d2d,f1307c76360f662a8475",0,,paired_own_window_setup_difference_not_synchronized_instrument_error,2.8727490518674292,15,2.9076256736360273,2.878379514029239,2.929054698987954,2.8642262356969095,2.9661551125423458,2.8727490518674514,15,2.914584905237194,2.878379514029261,2.929054698987954,2.8642262356969095,2.966155112542368,-1.1102230246251565e-14,15,-1.1102230246251565e-14,-1.1102230246251565e-14,-1.1102230246251565e-14,-0.025037556334506217,0.0
memmert_archive/durations/random_pattern_yolo_durations,envelope_0.5,jetson,pico,400.0,15,15,15,"01eab8e2dc26ee1627bd,08aa4b2699647ec71fb4,0e1ead090524b4dc3e3f,164b798ef411483e6be6,42d63c5ec4b9c50272df,81b4f11809150548fd06,99990009e2338efe262b,b670b86ed0dfeeecb2f5,b7378369ea749622584a,b8736073e763b4ce0f57,bff46ea8b19f74e105cb,c17465e5efc6f192240b,cdd21b736815dcc9873f,d8bfb396e51ec6dc2d2d,f1307c76360f662a8475",15,timestamp_gap_requires_review,paired_own_window_setup_difference_not_synchronized_instrument_error,-1.5967574249143746,15,-1.5648482751253412,-1.5845748617998867,-1.5471369601321339,-1.6348556977652473,-1.4988145879625159,-1.5967574249143524,15,-1.56484827512533,-1.58457486179987,-1.5594636380604932,-1.6348556977652362,-1.4988145879624937,-1.1102230246251565e-14,15,-1.1102230246251565e-14,-1.1102230246251565e-14,-1.1102230246251565e-14,-1.1102230246251565e-14,0.025043826696702354
memmert_archive/durations/random_pattern_yolo_durations,envelope_0.5,shelly,pico,400.0,15,15,15,"01eab8e2dc26ee1627bd,08aa4b2699647ec71fb4,0e1ead090524b4dc3e3f,164b798ef411483e6be6,42d63c5ec4b9c50272df,81b4f11809150548fd06,99990009e2338efe262b,b670b86ed0dfeeecb2f5,b7378369ea749622584a,b8736073e763b4ce0f57,bff46ea8b19f74e105cb,c17465e5efc6f192240b,cdd21b736815dcc9873f,d8bfb396e51ec6dc2d2d,f1307c76360f662a8475",15,source_time_resolution_coarser_than_detection_bins,paired_own_window_setup_difference_not_synchronized_instrument_error,-5.926696927577158,15,-5.874891377567937,-6.089898370423996,-5.817750037651992,-6.196231104798089,-5.754314299630736,-5.851247243392033,15,-5.851056573827984,-5.8884390807153295,-5.830913823759081,-5.931804475892277,-5.727625055820928,-0.025037556334495115,15,-0.025037556334495115,-0.2754131196795184,0.07511266900350755,-0.37556334501752664,0.10015022533800266
memmert_archive/durations/random_pattern_yolo_durations,envelope_0.5,firmware,pico,500.0,15,15,15,"0a3e40bceb001120b2f7,20922ea1f161690f8eb0,3a70b909d645ec57236b,426c3f89d39bab444436,5917f58fdbfd3d02ab59,62cb79cfb4921dfbef82,6751e0a013709240e41e,7f9980842364f38b9d13,91d1e642c598bcf31da7,9e42a196835935be048f,a777a919a1753ea1bd41,c70ba9eb6c580f4d26f1,d97afc8ed9936c83dbb6,dd486a2d1f4e525cd625,e69e028df77df759486a",0,,paired_own_window_setup_difference_not_synchronized_instrument_error,2.8293287828754288,15,2.8655776521745446,2.8463660288439607,2.906549344578213,2.7395793735995877,2.9690330535144804,2.840460933473432,15,2.8655776521745446,2.8463660288439607,2.906551342692776,2.760139625625535,2.9690330535144804,0.0,15,0.0,0.0,0.0,-0.02000800320128837,0.020012007204317506
memmert_archive/durations/random_pattern_yolo_durations,envelope_0.5,jetson,pico,500.0,15,15,15,"0a3e40bceb001120b2f7,20922ea1f161690f8eb0,3a70b909d645ec57236b,426c3f89d39bab444436,5917f58fdbfd3d02ab59,62cb79cfb4921dfbef82,6751e0a013709240e41e,7f9980842364f38b9d13,91d1e642c598bcf31da7,9e42a196835935be048f,a777a919a1753ea1bd41,c70ba9eb6c580f4d26f1,d97afc8ed9936c83dbb6,dd486a2d1f4e525cd625,e69e028df77df759486a",14,timestamp_gap_requires_review,paired_own_window_setup_difference_not_synchronized_instrument_error,-1.6710859456564475,15,-1.6148456621706386,-1.6467627164923004,-1.5872998544333439,-1.7257030291059405,-1.5027186209120358,-1.6801167853932708,15,-1.6345305670001364,-1.6645002211224835,-1.5971466884507846,-1.7257030291059405,-1.5224259601235413,0.020012007204317506,15,0.020012007204317506,0.010006003602158753,0.020012007204317506,0.0,0.020012007204317506
memmert_archive/durations/random_pattern_yolo_durations,envelope_0.5,shelly,pico,500.0,15,15,15,"0a3e40bceb001120b2f7,20922ea1f161690f8eb0,3a70b909d645ec57236b,426c3f89d39bab444436,5917f58fdbfd3d02ab59,62cb79cfb4921dfbef82,6751e0a013709240e41e,7f9980842364f38b9d13,91d1e642c598bcf31da7,9e42a196835935be048f,a777a919a1753ea1bd41,c70ba9eb6c580f4d26f1,d97afc8ed9936c83dbb6,dd486a2d1f4e525cd625,e69e028df77df759486a",15,source_time_resolution_coarser_than_detection_bins,paired_own_window_setup_difference_not_synchronized_instrument_error,-6.376621058509668,15,-6.356211289427105,-6.399544154823806,-6.262084027350385,-6.656353462582687,-6.059791041599194,-6.284726350509684,15,-6.325455068554675,-6.35857286116448,-6.136175387576682,-6.490111243920326,-6.003359198011848,-0.020012007204317506,15,-0.020012007204317506,-0.050030018010804866,-0.020012007204317506,-0.3401360544217691,-0.020012007204317506
memmert_archive/durations/random_pattern_yolo_durations,envelope_0.5,firmware,pico,600.0,15,15,15,"04a242efc88a824c7435,0a9d5c805a533b062f14,297801473952f4aa1f31,3d943bc9fa93eef0df27,5c30b25e0f3359a84fd5,80b2f322bc9d8f8e58a3,917c1d89bdec34fa8071,b263a7d3d02a8af1c67f,bc6a175f14b0d70fbbfe,bfe6151347d487ddeba8,d56bc4af7755c9a4ccae,d8ee9fc3aad8d1bf554c,f0bd9b35adb728d66831,f76ceb28af9f57f1e299,fedba955fea54cd50c14",0,,paired_own_window_setup_difference_not_synchronized_instrument_error,3.024448686808845,15,3.0326247777281212,2.9967332809315628,3.08709236119985,2.934301273416673,3.3927695305529415,3.0233536663246907,15,3.0245627041843193,2.9967332809315406,3.0884125467762757,2.9343012734166507,3.3927695305529637,2.220446049250313e-14,15,2.220446049250313e-14,2.220446049250313e-14,2.220446049250313e-14,-0.01667222407467639,0.016675004168775764
memmert_archive/durations/random_pattern_yolo_durations,envelope_0.5,jetson,pico,600.0,15,15,15,"04a242efc88a824c7435,0a9d5c805a533b062f14,297801473952f4aa1f31,3d943bc9fa93eef0df27,5c30b25e0f3359a84fd5,80b2f322bc9d8f8e58a3,917c1d89bdec34fa8071,b263a7d3d02a8af1c67f,bc6a175f14b0d70fbbfe,bfe6151347d487ddeba8,d56bc4af7755c9a4ccae,d8ee9fc3aad8d1bf554c,f0bd9b35adb728d66831,f76ceb28af9f57f1e299,fedba955fea54cd50c14",15,timestamp_gap_requires_review,paired_own_window_setup_difference_not_synchronized_instrument_error,-1.4285028158987245,15,-1.4334467452050248,-1.4727803934934836,-1.359240766237041,-1.536791478514643,-1.031230799351579,-1.4295505071015735,15,-1.4416615729768267,-1.472780393493489,-1.359240766237041,-1.5367914785146541,-1.0312307993515901,0.0,15,0.0,0.0,0.0,0.0,0.01667500416875356
memmert_archive/durations/random_pattern_yolo_durations,envelope_0.5,shelly,pico,600.0,15,15,15,"04a242efc88a824c7435,0a9d5c805a533b062f14,297801473952f4aa1f31,3d943bc9fa93eef0df27,5c30b25e0f3359a84fd5,80b2f322bc9d8f8e58a3,917c1d89bdec34fa8071,b263a7d3d02a8af1c67f,bc6a175f14b0d70fbbfe,bfe6151347d487ddeba8,d56bc4af7755c9a4ccae,d8ee9fc3aad8d1bf554c,f0bd9b35adb728d66831,f76ceb28af9f57f1e299,fedba955fea54cd50c14",15,source_time_resolution_coarser_than_detection_bins,paired_own_window_setup_difference_not_synchronized_instrument_error,-5.582016814850577,15,-5.61826169641858,-5.6603223666870655,-5.504149903256788,-5.758199604632286,-5.331933138819956,-5.491284469736235,15,-5.4827993316378665,-5.574113093344901,-5.4172453424267015,-5.666174236733723,-5.219378085045346,-0.10003334444813605,15,-0.10003334444813605,-0.17505835278424642,2.220446049250313e-14,-0.2667555851950665,0.05001667222408468
memmert_archive/durations/random_pattern_yolo_durations_adjusted,reported_legacy,firmware,pico,5.0,15,15,15,"1a5d3aa06c43498df23d,1dcec7f9825ed2992478,2812c811fd4ae5e009c7,519bbfdb29ecebf2b956,577fe1bf072a3ac9a551,6b85a4af4fe2d1524ece,70303037b613f78f0087,7ded33209ac1c28638c3,7f19a3080842f3dd40d9,82328fdd60153879052d,a4b28184050ac9e9936f,a5a747da7ac482666698,cbb5061a9991d835542b,e70e34456da26f1818c5,f25961b1c231fb1d40f3",1,envelope_energy_sensitive_gt1pct,paired_own_window_setup_difference_not_synchronized_instrument_error,-0.4863792808674994,15,-0.27372679238522046,-0.6080352596712746,-0.09535967313413773,-1.3585954970805059,0.08039955053171788,-0.4863792808674883,15,-0.27372679238522046,-0.6080352596712801,-0.09535967313413773,-1.3585954970805059,0.08039955053171788,0.0,15,0.0,0.0,0.0,0.0,0.0
memmert_archive/durations/random_pattern_yolo_durations_adjusted,reported_legacy,jetson,pico,5.0,15,15,15,"1a5d3aa06c43498df23d,1dcec7f9825ed2992478,2812c811fd4ae5e009c7,519bbfdb29ecebf2b956,577fe1bf072a3ac9a551,6b85a4af4fe2d1524ece,70303037b613f78f0087,7ded33209ac1c28638c3,7f19a3080842f3dd40d9,82328fdd60153879052d,a4b28184050ac9e9936f,a5a747da7ac482666698,cbb5061a9991d835542b,e70e34456da26f1818c5,f25961b1c231fb1d40f3",15,envelope_energy_sensitive_gt1pct;timestamp_gap_requires_review,paired_own_window_setup_difference_not_synchronized_instrument_error,-4.343110403844919,15,-4.343110403844919,-6.005668340231868,-3.0471824903843094,-8.615515667739427,-0.4904972570771382,-0.4371470895384699,15,-0.32338603613087935,-1.1441525502465522,0.6918291272036803,-3.2206160276836204,3.683813814271053,-3.950485714285712,15,-3.950485714285712,-6.653942857142864,-1.799478571428581,-11.86234285714286,2.8209714285714282
memmert_archive/durations/random_pattern_yolo_durations_adjusted,reported_legacy,shelly,pico,5.0,15,15,15,"1a5d3aa06c43498df23d,1dcec7f9825ed2992478,2812c811fd4ae5e009c7,519bbfdb29ecebf2b956,577fe1bf072a3ac9a551,6b85a4af4fe2d1524ece,70303037b613f78f0087,7ded33209ac1c28638c3,7f19a3080842f3dd40d9,82328fdd60153879052d,a4b28184050ac9e9936f,a5a747da7ac482666698,cbb5061a9991d835542b,e70e34456da26f1818c5,f25961b1c231fb1d40f3",15,envelope_energy_sensitive_gt1pct;source_time_resolution_coarser_than_detection_bins,paired_own_window_setup_difference_not_synchronized_instrument_error,-7.767475349185704,15,-7.8169227448417145,-8.096463441179864,-7.657658815926865,-9.419595317304253,-6.6612576951427975,-7.853342869822866,15,-7.911836311664732,-8.2578739236979,-7.61219323904051,-9.489934568154135,-6.94833537361016,0.07771428571428096,15,0.07771428571428096,0.011371428571416153,0.12379999999999614,-0.262342857142861,0.30851428571427864
memmert_archive/durations/random_pattern_yolo_durations_adjusted,reported_legacy,firmware,pico,10.0,15,15,15,"0cac75c99768206dac73,1b66971a09351e93e94b,2811af858ba8cb3f71d1,3c1c5ed4285fca656edd,489f71ab5c5845a138c4,5f24d21236901032358d,6c2e3ad375370366628c,908acbafceb576af4728,908d00b07a77b5062705,95f162b97dd41fb104b4,b47cd604ff0065309aa8,bd9374d60246af3f4b43,d9c3900cb81e2691a8f6,ebd1db7542754f226fd6,f2c01038c8a84c11a16a",3,envelope_energy_sensitive_gt1pct,paired_own_window_setup_difference_not_synchronized_instrument_error,-0.41319659039962264,15,-0.44401453152046466,-0.5785312227311046,-0.19789472496833937,-0.7251626981610415,0.36850807722930146,-0.41319659039962264,15,-0.44401453152046466,-0.5785312227311046,-0.19789472496835048,-0.7251626981610304,0.36850807722927925,0.0,15,0.0,0.0,0.0,0.0,0.0
memmert_archive/durations/random_pattern_yolo_durations_adjusted,reported_legacy,jetson,pico,10.0,15,15,15,"0cac75c99768206dac73,1b66971a09351e93e94b,2811af858ba8cb3f71d1,3c1c5ed4285fca656edd,489f71ab5c5845a138c4,5f24d21236901032358d,6c2e3ad375370366628c,908acbafceb576af4728,908d00b07a77b5062705,95f162b97dd41fb104b4,b47cd604ff0065309aa8,bd9374d60246af3f4b43,d9c3900cb81e2691a8f6,ebd1db7542754f226fd6,f2c01038c8a84c11a16a",15,envelope_energy_sensitive_gt1pct;timestamp_gap_requires_review,paired_own_window_setup_difference_not_synchronized_instrument_error,-1.8720879367532084,15,-1.840687983619782,-2.120279150002374,-1.5391569891235857,-3.069581852389247,1.0576350111827004,-1.3354991641985614,15,-1.409341592804536,-1.735635620546394,-1.2251425495281743,-3.8493569680764117,-0.8083759542698465,-0.445883333333319,15,-0.445883333333319,-0.8194749999999917,0.014575000000011107,-1.9034583333333521,5.103441666666675
memmert_archive/durations/random_pattern_yolo_durations_adjusted,reported_legacy,shelly,pico,10.0,15,15,15,"0cac75c99768206dac73,1b66971a09351e93e94b,2811af858ba8cb3f71d1,3c1c5ed4285fca656edd,489f71ab5c5845a138c4,5f24d21236901032358d,6c2e3ad375370366628c,908acbafceb576af4728,908d00b07a77b5062705,95f162b97dd41fb104b4,b47cd604ff0065309aa8,bd9374d60246af3f4b43,d9c3900cb81e2691a8f6,ebd1db7542754f226fd6,f2c01038c8a84c11a16a",15,envelope_energy_sensitive_gt1pct;source_time_resolution_coarser_than_detection_bins,paired_own_window_setup_difference_not_synchronized_instrument_error,-6.850595347621091,15,-6.756141855318276,-6.987252154794771,-6.473209768580768,-7.416564145700066,-5.818539585728444,-6.845905875736968,15,-6.70673939610984,-6.870868791566648,-6.442596536485945,-7.392760439417589,-5.977106155067768,0.029125000000007617,15,0.029125000000007617,-0.0711916666666701,0.05770000000000497,-0.9580000000000033,1.3949083333333556
memmert_archive/durations/random_pattern_yolo_durations_adjusted,reported_legacy,firmware,pico,20.0,15,15,15,"001525dcf7ed0714522e,0984831902c9497086c6,0d51dc7e8d03f33bef52,53bbf1599e57fc06f727,5b03a466fffd3d09101f,6b734508acfce7cbdbd3,7a7729d61328ec35e904,7c9f63ef9cbf3a746b4f,81bebf846781fa1d2d66,a85b563b2f13690e2746,b2a8a87f18b87c85491e,b47b12f019c66079906e,bc65cd1b34daff0384aa,df41b8669a09a9740253,f33c96b1d32ace447a23",0,,paired_own_window_setup_difference_not_synchronized_instrument_error,-0.37174301916080843,15,-0.41372172560313336,-0.5998607942944156,-0.16203711083707661,-0.8427673853699136,0.04059595461918253,-0.37174301916080843,15,-0.41372172560313336,-0.5998607942944156,-0.16203711083707106,-0.8427673853699136,0.04059595461918253,0.0,15,0.0,0.0,0.0,0.0,0.0
memmert_archive/durations/random_pattern_yolo_durations_adjusted,reported_legacy,jetson,pico,20.0,15,15,15,"001525dcf7ed0714522e,0984831902c9497086c6,0d51dc7e8d03f33bef52,53bbf1599e57fc06f727,5b03a466fffd3d09101f,6b734508acfce7cbdbd3,7a7729d61328ec35e904,7c9f63ef9cbf3a746b4f,81bebf846781fa1d2d66,a85b563b2f13690e2746,b2a8a87f18b87c85491e,b47b12f019c66079906e,bc65cd1b34daff0384aa,df41b8669a09a9740253,f33c96b1d32ace447a23",15,envelope_energy_sensitive_gt1pct;timestamp_gap_requires_review,paired_own_window_setup_difference_not_synchronized_instrument_error,-1.660831337526203,15,-1.830678851948886,-1.9517853269926166,-1.6220228773347,-3.574145072324475,-1.110273102570447,-1.6907993406265587,15,-1.6907993406265587,-1.8503249791351428,-1.5556023087332116,-2.0795608243954433,-0.5300293908750309,-0.015931818181824653,15,-0.015931818181824653,-0.17396818181818485,0.05061590909091196,-3.0603363636363623,0.9898727272727337
memmert_archive/durations/random_pattern_yolo_durations_adjusted,reported_legacy,shelly,pico,20.0,15,15,15,"001525dcf7ed0714522e,0984831902c9497086c6,0d51dc7e8d03f33bef52,53bbf1599e57fc06f727,5b03a466fffd3d09101f,6b734508acfce7cbdbd3,7a7729d61328ec35e904,7c9f63ef9cbf3a746b4f,81bebf846781fa1d2d66,a85b563b2f13690e2746,b2a8a87f18b87c85491e,b47b12f019c66079906e,bc65cd1b34daff0384aa,df41b8669a09a9740253,f33c96b1d32ace447a23",15,envelope_energy_sensitive_gt1pct;source_time_resolution_coarser_than_detection_bins,paired_own_window_setup_difference_not_synchronized_instrument_error,-8.047206552861063,15,-7.072041976552312,-7.753695317208219,-6.964837559611714,-8.945161678647606,-6.541033904167781,-8.010335422759141,15,-7.098041578986036,-7.739526706048156,-6.9943838628923505,-9.011141008987778,-6.580308391789802,0.030163636363633728,15,0.030163636363633728,-0.005477272727272275,0.05727727272726302,-0.04232272727272557,0.15819999999999723
memmert_archive/durations/random_pattern_yolo_durations_adjusted,reported_legacy,firmware,pico,50.0,15,15,15,"0731f963463886a9a503,0fecb1aa629b59ce04bc,2f55f56bc61711ba53b8,3352c4663d06e7cb15c0,4bd69e0ac074c49e6cdf,993890bdcd0717787a6b,9c0d4da82291373e15f5,a1db2025f0d2cebdc4a6,bc151fa3319aa2eaa77f,bf3c83cd9af447f2141f,c0e2df7abef09052f00b,d53645def608c6d77127,dc07c1afe352a604a6a3,f562a04631649247776a,f7be984676efc2b28c61",0,,paired_own_window_setup_difference_not_synchronized_instrument_error,-0.3163221686375173,15,-0.24276852814556493,-0.35382687078645003,-0.190337803620505,-0.6471393336271003,-0.10260442869046704,-0.3163221686375062,15,-0.24276852814555383,-0.35382687078645003,-0.1903378036205161,-0.6471393336270892,-0.10260442869045594,0.0,15,0.0,0.0,0.0,0.0,0.0
memmert_archive/durations/random_pattern_yolo_durations_adjusted,reported_legacy,jetson,pico,50.0,15,15,15,"0731f963463886a9a503,0fecb1aa629b59ce04bc,2f55f56bc61711ba53b8,3352c4663d06e7cb15c0,4bd69e0ac074c49e6cdf,993890bdcd0717787a6b,9c0d4da82291373e15f5,a1db2025f0d2cebdc4a6,bc151fa3319aa2eaa77f,bf3c83cd9af447f2141f,c0e2df7abef09052f00b,d53645def608c6d77127,dc07c1afe352a604a6a3,f562a04631649247776a,f7be984676efc2b28c61",15,timestamp_gap_requires_review,paired_own_window_setup_difference_not_synchronized_instrument_error,-1.5252471104172716,15,-1.570750662150433,-1.6045681333155093,-1.4060751399334936,-1.7649596800059952,-1.2910536780914028,-1.4575063123108078,15,-1.5067926362065887,-1.5237140907927549,-1.3954199904771092,-1.6665011575491384,-1.1316760380414181,-0.06549807692307619,15,-0.06549807692307619,-0.16371057692307067,-0.02615192307692804,-0.3581346153846088,0.30829038461539504
memmert_archive/durations/random_pattern_yolo_durations_adjusted,reported_legacy,shelly,pico,50.0,15,15,15,"0731f963463886a9a503,0fecb1aa629b59ce04bc,2f55f56bc61711ba53b8,3352c4663d06e7cb15c0,4bd69e0ac074c49e6cdf,993890bdcd0717787a6b,9c0d4da82291373e15f5,a1db2025f0d2cebdc4a6,bc151fa3319aa2eaa77f,bf3c83cd9af447f2141f,c0e2df7abef09052f00b,d53645def608c6d77127,dc07c1afe352a604a6a3,f562a04631649247776a,f7be984676efc2b28c61",15,envelope_energy_sensitive_gt1pct;source_time_resolution_coarser_than_detection_bins,paired_own_window_setup_difference_not_synchronized_instrument_error,-6.20174459956242,15,-6.2498160412462145,-6.390304084119686,-6.038117033052293,-6.544773986254704,-5.558370979474548,-6.241830888894073,15,-6.263655303531934,-6.476848379687533,-6.047568843012046,-6.5408809777557035,-5.583031965240859,0.022661538461532515,15,0.022661538461532515,0.001820192307683266,0.026166346153844167,-0.029444230769226643,0.2668211538461529
memmert_archive/durations/random_pattern_yolo_durations_adjusted,reported_legacy,firmware,pico,100.0,15,15,15,"047067cbfb85d58e8a4f,0be31c4a6f01b8201d37,226db44fda72c1b558c8,25edae6466abd9d2d5a9,2b0acce0efc6dc728eee,339ebb791fa49d469a20,653525ab29eb7b578a82,71134b9836f1abce84dd,7e84d3f9d5c8201cb63c,85b9064e16514947387b,99406748cdd5fb9a8573,9c532245b7796f9d0d08,ae8dd4ec758eace8e6c2,ca5780661d2702d9449f,f7a2ab8edec57365aa16",0,,paired_own_window_setup_difference_not_synchronized_instrument_error,-0.38388231486424784,15,-0.4023704281585161,-0.445087147328338,-0.32044870736475106,-0.5290422678691287,-0.17881201744101016,-0.38388231486424784,15,-0.4023704281585161,-0.44508714732834354,-0.3204487073647566,-0.5290422678691176,-0.17881201744101016,0.0,15,0.0,0.0,0.0,0.0,0.0
memmert_archive/durations/random_pattern_yolo_durations_adjusted,reported_legacy,jetson,pico,100.0,15,15,15,"047067cbfb85d58e8a4f,0be31c4a6f01b8201d37,226db44fda72c1b558c8,25edae6466abd9d2d5a9,2b0acce0efc6dc728eee,339ebb791fa49d469a20,653525ab29eb7b578a82,71134b9836f1abce84dd,7e84d3f9d5c8201cb63c,85b9064e16514947387b,99406748cdd5fb9a8573,9c532245b7796f9d0d08,ae8dd4ec758eace8e6c2,ca5780661d2702d9449f,f7a2ab8edec57365aa16",15,timestamp_gap_requires_review,paired_own_window_setup_difference_not_synchronized_instrument_error,-1.4963161633450461,15,-1.4713112244915783,-1.512615617017482,-1.4016391817459062,-1.6601278706751765,-1.340097123828754,-1.5551053331402942,15,-1.5253967350928876,-1.5923764121908435,-1.4270153183282563,-1.716350419659718,-1.2953882023916785,0.08385392156862181,15,0.08385392156862181,0.028367156862740828,0.12629313725489588,-0.36952647058822174,0.36646862745097764
memmert_archive/durations/random_pattern_yolo_durations_adjusted,reported_legacy,shelly,pico,100.0,15,15,15,"047067cbfb85d58e8a4f,0be31c4a6f01b8201d37,226db44fda72c1b558c8,25edae6466abd9d2d5a9,2b0acce0efc6dc728eee,339ebb791fa49d469a20,653525ab29eb7b578a82,71134b9836f1abce84dd,7e84d3f9d5c8201cb63c,85b9064e16514947387b,99406748cdd5fb9a8573,9c532245b7796f9d0d08,ae8dd4ec758eace8e6c2,ca5780661d2702d9449f,f7a2ab8edec57365aa16",15,envelope_energy_sensitive_gt1pct;source_time_resolution_coarser_than_detection_bins,paired_own_window_setup_difference_not_synchronized_instrument_error,-6.1195297614178745,15,-6.113546431364513,-6.176329702447825,-6.028972102644909,-6.300842366646342,-5.894574650119278,-6.133172546216059,15,-6.1214783835415565,-6.188880641268968,-6.03099994105864,-6.3027010585864796,-5.884622410289064,0.0024127450980460097,15,0.0024127450980460097,-0.00251666666666317,0.011245098039214252,-0.010574509803917831,0.015493137254884992
memmert_archive/durations/random_pattern_yolo_durations_adjusted,reported_legacy,firmware,pico,200.0,15,15,15,"37b25e8a9f303bd6c3a0,3d807e7a7baaea935d1b,6964511bea2f0b6899ea,6dd10a9d6268a66ce37e,89d1d53df1ca56a4fe15,93dfea31476d73c4264c,94394aa2d5ce48a69bb4,94957dd90740d84374c6,96dee6a285f94d291634,a1ba52f8b5debbeb031b,a2193dbdbee7d13faf0e,a83143eeb703f6c24e2d,e542ec7e3c670de847e0,f66ab38e069747ee35b4,fdf5ec96e613e88ce902",0,,paired_own_window_setup_difference_not_synchronized_instrument_error,-0.36214990524431334,15,-0.3605729778722533,-0.385785497717106,-0.331720234324101,-0.5253897336361391,-0.2366674778966904,-0.36214990524431334,15,-0.3605729778722533,-0.385785497717106,-0.331720234324101,-0.525389733636128,-0.2366674778967015,0.0,15,0.0,0.0,0.0,0.0,0.0
memmert_archive/durations/random_pattern_yolo_durations_adjusted,reported_legacy,jetson,pico,200.0,15,15,15,"37b25e8a9f303bd6c3a0,3d807e7a7baaea935d1b,6964511bea2f0b6899ea,6dd10a9d6268a66ce37e,89d1d53df1ca56a4fe15,93dfea31476d73c4264c,94394aa2d5ce48a69bb4,94957dd90740d84374c6,96dee6a285f94d291634,a1ba52f8b5debbeb031b,a2193dbdbee7d13faf0e,a83143eeb703f6c24e2d,e542ec7e3c670de847e0,f66ab38e069747ee35b4,fdf5ec96e613e88ce902",15,timestamp_gap_requires_review,paired_own_window_setup_difference_not_synchronized_instrument_error,-1.5689925157315932,15,-1.5442924194925878,-1.6003476680752637,-1.4896459876488188,-1.6757938988291698,-1.3881957714570792,-1.4428988057221592,15,-1.4534264867078317,-1.4874901618565695,-1.3811323124390318,-1.6545785330728702,-1.274539305317568,-0.04499801980197837,15,-0.04499801980197837,-0.2406299504950471,-0.007715841584154948,-0.31835841584159086,0.11214158415842057
memmert_archive/durations/random_pattern_yolo_durations_adjusted,reported_legacy,shelly,pico,200.0,15,15,15,"37b25e8a9f303bd6c3a0,3d807e7a7baaea935d1b,6964511bea2f0b6899ea,6dd10a9d6268a66ce37e,89d1d53df1ca56a4fe15,93dfea31476d73c4264c,94394aa2d5ce48a69bb4,94957dd90740d84374c6,96dee6a285f94d291634,a1ba52f8b5debbeb031b,a2193dbdbee7d13faf0e,a83143eeb703f6c24e2d,e542ec7e3c670de847e0,f66ab38e069747ee35b4,fdf5ec96e613e88ce902",15,envelope_energy_sensitive_gt1pct;source_time_resolution_coarser_than_detection_bins,paired_own_window_setup_difference_not_synchronized_instrument_error,-6.404128723928515,15,-6.364753151033553,-6.478629228314797,-6.2868508651063415,-6.607760451043731,-6.101567552428044,-6.401145478008763,15,-6.368640243028212,-6.466216646364381,-6.282257024170391,-6.609496034963957,-6.10255626462024,-0.00027722772277805063,15,-0.00027722772277805063,-0.004705445544556097,0.0014556930693077064,-0.026979207920785342,0.008191089108922078
memmert_archive/durations/random_pattern_yolo_durations_adjusted,reported_legacy,firmware,pico,300.0,15,15,15,"1a1a1356278af0edbac8,305afde80d28723d6364,3cc6462ed18cdbc32879,5226571b38d2c7077d61,5edf023df01c2f8d4f04,662eceaa0e44b2aa0ad2,8563fbfc758655211de1,8bf84357c1b56e44e32f,909ee14eb5bec3067e00,9e9463fdfb454ca1f00f,ab1a766f30a30e163016,b2f759f210a73ba44581,d7ed918c74515529a8d1,e9e22c96283e45acbaf7,f47a72404c31c2d396bf",0,,paired_own_window_setup_difference_not_synchronized_instrument_error,-0.453404479809294,15,-0.453404479809294,-0.4960271702157293,-0.3709414107915032,-0.5714253263200963,-0.3218331418425868,-0.4534044798093051,15,-0.4534044798093051,-0.4960271702157293,-0.3709414107915032,-0.5714253263200852,-0.3218331418425979,0.0,15,0.0,0.0,0.0,0.0,0.0
memmert_archive/durations/random_pattern_yolo_durations_adjusted,reported_legacy,jetson,pico,300.0,15,15,15,"1a1a1356278af0edbac8,305afde80d28723d6364,3cc6462ed18cdbc32879,5226571b38d2c7077d61,5edf023df01c2f8d4f04,662eceaa0e44b2aa0ad2,8563fbfc758655211de1,8bf84357c1b56e44e32f,909ee14eb5bec3067e00,9e9463fdfb454ca1f00f,ab1a766f30a30e163016,b2f759f210a73ba44581,d7ed918c74515529a8d1,e9e22c96283e45acbaf7,f47a72404c31c2d396bf",15,timestamp_gap_requires_review,paired_own_window_setup_difference_not_synchronized_instrument_error,-1.5856146121498216,15,-1.5787630945582665,-1.6189949379012858,-1.5448661352456206,-1.7076395899287,-1.4498726794046735,-1.5795096086845928,15,-1.5810089268642136,-1.6130534473339064,-1.5437403283406814,-1.709817921679202,-1.4864903466650037,-0.007877152317870006,15,-0.007877152317870006,-0.012017052980134446,-0.00351175496688394,-0.0233718543046324,0.037170198675484656
memmert_archive/durations/random_pattern_yolo_durations_adjusted,reported_legacy,shelly,pico,300.0,15,15,15,"1a1a1356278af0edbac8,305afde80d28723d6364,3cc6462ed18cdbc32879,5226571b38d2c7077d61,5edf023df01c2f8d4f04,662eceaa0e44b2aa0ad2,8563fbfc758655211de1,8bf84357c1b56e44e32f,909ee14eb5bec3067e00,9e9463fdfb454ca1f00f,ab1a766f30a30e163016,b2f759f210a73ba44581,d7ed918c74515529a8d1,e9e22c96283e45acbaf7,f47a72404c31c2d396bf",15,source_time_resolution_coarser_than_detection_bins,paired_own_window_setup_difference_not_synchronized_instrument_error,-6.808771453825302,15,-6.792463875163845,-6.826974864426127,-6.712640660321128,-6.931637950621495,-6.5129752560248,-6.806772119641735,15,-6.788072427957204,-6.815456368495109,-6.715939663287857,-6.931058889229613,-6.511462722934935,0.001055629139079528,15,0.001055629139079528,-0.0008309602649025916,0.004288245033112759,-0.045454966887414905,0.006782781456959874
memmert_archive/durations/random_pattern_yolo_durations_adjusted,reported_legacy,firmware,pico,400.0,15,15,15,"1b1265a176848e9bf47f,1cbcd4785e4707a4151b,38baf369a0919b075ef2,443ff5a16bb93936a294,6308b66367ee30fb1ddc,6ef95316078884f530eb,6f214dba4bf565715637,835528bd6514bac845b6,98d298201534cc6f7163,a26289880a0cb5952cc4,cd5c62b887721a7378d5,e4a9abe28fb6c411c967,ebbbffc9a0259cc2e658,ec1ec70701cd96d1ff0c,f8909c4a1d2569bb5673",0,,paired_own_window_setup_difference_not_synchronized_instrument_error,-0.3670548469528745,15,-0.3883518110955664,-0.40031239061621426,-0.3317983119067336,-0.4284307833812062,-0.2754442085670217,-0.3670548469528745,15,-0.3883518110955664,-0.4003123906162198,-0.33179831190672804,-0.4284307833811951,-0.2754442085670106,0.0,15,0.0,0.0,0.0,0.0,0.0
memmert_archive/durations/random_pattern_yolo_durations_adjusted,reported_legacy,jetson,pico,400.0,15,15,15,"1b1265a176848e9bf47f,1cbcd4785e4707a4151b,38baf369a0919b075ef2,443ff5a16bb93936a294,6308b66367ee30fb1ddc,6ef95316078884f530eb,6f214dba4bf565715637,835528bd6514bac845b6,98d298201534cc6f7163,a26289880a0cb5952cc4,cd5c62b887721a7378d5,e4a9abe28fb6c411c967,ebbbffc9a0259cc2e658,ec1ec70701cd96d1ff0c,f8909c4a1d2569bb5673",15,timestamp_gap_requires_review,paired_own_window_setup_difference_not_synchronized_instrument_error,-1.491952204221425,15,-1.486240499854996,-1.5019834865531045,-1.4709479282453586,-1.5468172662695623,-1.4129662187864378,-1.4609570164436536,15,-1.4728483922118007,-1.4964490937819985,-1.4424069116306837,-1.5467148944457554,-1.4040861310238295,-0.006074875621897569,15,-0.006074875621897569,-0.040706716417915345,0.0010820895522400953,-0.08468656716418277,0.04427213930349172
memmert_archive/durations/random_pattern_yolo_durations_adjusted,reported_legacy,shelly,pico,400.0,15,15,15,"1b1265a176848e9bf47f,1cbcd4785e4707a4151b,38baf369a0919b075ef2,443ff5a16bb93936a294,6308b66367ee30fb1ddc,6ef95316078884f530eb,6f214dba4bf565715637,835528bd6514bac845b6,98d298201534cc6f7163,a26289880a0cb5952cc4,cd5c62b887721a7378d5,e4a9abe28fb6c411c967,ebbbffc9a0259cc2e658,ec1ec70701cd96d1ff0c,f8909c4a1d2569bb5673",15,source_time_resolution_coarser_than_detection_bins,paired_own_window_setup_difference_not_synchronized_instrument_error,-6.146071392386121,15,-6.1381024214136275,-6.1581067897392705,-6.10422520815137,-6.225111151024631,-6.043800812366651,-6.147468674475631,15,-6.141523270699811,-6.15828529159792,-6.1032386525354525,-6.227072684720625,-6.045265290893232,0.001488805970151219,15,0.001488805970151219,-0.0004834577114531946,0.0020776119402987625,-0.007174626865669165,0.0043288557213916334
memmert_archive/durations/random_pattern_yolo_durations_adjusted,reported_legacy,firmware,pico,500.0,15,15,15,"016be0209cd78c53c234,228eb85fb65e12ac51f3,239aa9d69755aeec4674,26126caef66b64af27b3,3b92f6cde841894a2358,4629dfe7657b1591993b,5f88a136fdac768332ab,6083891ff9531b63c4d3,75edf7529ba19f435ae1,8146ba43f7282cef619b,87acf9e760c2ca6df06f,a235360e448184d0e03c,b357d0b1f06b79d17dd1,dd9c09156315f19cc06b,faf604d109dda3195afb",0,,paired_own_window_setup_difference_not_synchronized_instrument_error,-0.4192353956701811,15,-0.39491340365543914,-0.4532404729123862,-0.3357136194684751,-0.5114673529285407,-0.289840352044779,-0.4192353956701922,15,-0.39491340365542804,-0.4532404729123807,-0.3357136194684751,-0.5114673529285296,-0.2898403520447901,0.0,15,0.0,0.0,0.0,0.0,0.0
memmert_archive/durations/random_pattern_yolo_durations_adjusted,reported_legacy,jetson,pico,500.0,15,15,15,"016be0209cd78c53c234,228eb85fb65e12ac51f3,239aa9d69755aeec4674,26126caef66b64af27b3,3b92f6cde841894a2358,4629dfe7657b1591993b,5f88a136fdac768332ab,6083891ff9531b63c4d3,75edf7529ba19f435ae1,8146ba43f7282cef619b,87acf9e760c2ca6df06f,a235360e448184d0e03c,b357d0b1f06b79d17dd1,dd9c09156315f19cc06b,faf604d109dda3195afb",15,timestamp_gap_requires_review,paired_own_window_setup_difference_not_synchronized_instrument_error,-1.556843638752059,15,-1.5474256543146936,-1.5824984689682242,-1.5013275698852857,-1.6724564984098245,-1.3582192129947712,-1.5398400145754998,15,-1.5446642914518804,-1.5844869002056727,-1.4995083388054942,-1.6009646264651956,-1.4398813435190339,-0.0011707171314712106,15,-0.0011707171314712106,-0.021231175298808136,0.001076394422305782,-0.204732868525892,0.23445099601593355
memmert_archive/durations/random_pattern_yolo_durations_adjusted,reported_legacy,shelly,pico,500.0,15,15,15,"016be0209cd78c53c234,228eb85fb65e12ac51f3,239aa9d69755aeec4674,26126caef66b64af27b3,3b92f6cde841894a2358,4629dfe7657b1591993b,5f88a136fdac768332ab,6083891ff9531b63c4d3,75edf7529ba19f435ae1,8146ba43f7282cef619b,87acf9e760c2ca6df06f,a235360e448184d0e03c,b357d0b1f06b79d17dd1,dd9c09156315f19cc06b,faf604d109dda3195afb",15,envelope_energy_sensitive_gt1pct;source_time_resolution_coarser_than_detection_bins,paired_own_window_setup_difference_not_synchronized_instrument_error,-6.433530242978303,15,-6.424351048684185,-6.606892943007542,-6.273371004498429,-6.761682522672574,-6.142084007181148,-6.4345587172910506,15,-6.417490444069285,-6.601946018471472,-6.2711701978094725,-6.76194867830514,-6.1370866484458,-0.0009075697211091693,15,-0.0009075697211091693,-0.0039027888446285797,0.0007276892430296833,-0.007331075697203371,0.02172908366533388
memmert_archive/durations/random_pattern_yolo_durations_adjusted,reported_legacy,firmware,pico,600.0,15,15,15,"05d899ecbb6b89b10613,1b9e95c145ac76ba35a2,1cf724c28573bfddfb40,2df6f84eba8f6da6f9ed,30ac277266e1ecb0a6f1,5a5c25715a98ebe9db0f,6b401136f2d85efc6349,7589e09dfffd910b5547,83277b310d8538be501f,abda5082bfbd66547ae3,b0483f3161a407462c5a,c63de5ea7d11e48c2a31,cedd315c95f74c891d1e,d2d7a103243c89bb8308,f57f4b4ce99aa01c9d4f",0,,paired_own_window_setup_difference_not_synchronized_instrument_error,-0.29251344423190107,15,-0.2842268092465905,-0.3282205240546343,-0.23894867045549106,-0.37412199528239487,-0.03341156614542484,-0.29251344423190107,15,-0.2842268092465905,-0.32822052405463986,-0.2389486704554855,-0.37412199528239487,-0.03341156614542484,0.0,15,0.0,0.0,0.0,0.0,0.0
memmert_archive/durations/random_pattern_yolo_durations_adjusted,reported_legacy,jetson,pico,600.0,15,15,15,"05d899ecbb6b89b10613,1b9e95c145ac76ba35a2,1cf724c28573bfddfb40,2df6f84eba8f6da6f9ed,30ac277266e1ecb0a6f1,5a5c25715a98ebe9db0f,6b401136f2d85efc6349,7589e09dfffd910b5547,83277b310d8538be501f,abda5082bfbd66547ae3,b0483f3161a407462c5a,c63de5ea7d11e48c2a31,cedd315c95f74c891d1e,d2d7a103243c89bb8308,f57f4b4ce99aa01c9d4f",15,timestamp_gap_requires_review,paired_own_window_setup_difference_not_synchronized_instrument_error,-1.4187114386396193,15,-1.416678816452377,-1.4577587695577932,-1.3855428709012962,-1.4922059399884668,-1.1001569027181968,-1.4068035779408627,15,-1.4146669767239883,-1.4484227899493607,-1.383787615710258,-1.492196121934919,-1.1070212582160455,-9.966777425596263e-06,15,-9.966777425596263e-06,-0.007427906976742449,0.002227159468437545,-0.024666943521600704,0.006941196013299233
memmert_archive/durations/random_pattern_yolo_durations_adjusted,reported_legacy,shelly,pico,600.0,15,15,15,"05d899ecbb6b89b10613,1b9e95c145ac76ba35a2,1cf724c28573bfddfb40,2df6f84eba8f6da6f9ed,30ac277266e1ecb0a6f1,5a5c25715a98ebe9db0f,6b401136f2d85efc6349,7589e09dfffd910b5547,83277b310d8538be501f,abda5082bfbd66547ae3,b0483f3161a407462c5a,c63de5ea7d11e48c2a31,cedd315c95f74c891d1e,d2d7a103243c89bb8308,f57f4b4ce99aa01c9d4f",15,source_time_resolution_coarser_than_detection_bins,paired_own_window_setup_difference_not_synchronized_instrument_error,-6.017295688499457,15,-6.050728101472047,-6.11076850464789,-5.9712427527566785,-6.252984895957003,-5.494491119680145,-6.016681206202479,15,-6.050465760662982,-6.110045154912952,-5.97143720392585,-6.252345480891453,-5.4953207828523425,-0.00027923588039602265,15,-0.00027923588039602265,-0.0007546511627931629,0.0006645348837319709,-0.0016229235880405035,0.0024051495016719215
memmert_archive/durations/random_pattern_yolo_durations_adjusted,envelope_0.5,firmware,pico,5.0,15,15,15,"1a5d3aa06c43498df23d,1dcec7f9825ed2992478,2812c811fd4ae5e009c7,519bbfdb29ecebf2b956,577fe1bf072a3ac9a551,6b85a4af4fe2d1524ece,70303037b613f78f0087,7ded33209ac1c28638c3,7f19a3080842f3dd40d9,82328fdd60153879052d,a4b28184050ac9e9936f,a5a747da7ac482666698,cbb5061a9991d835542b,e70e34456da26f1818c5,f25961b1c231fb1d40f3",1,envelope_energy_sensitive_gt1pct,paired_own_window_setup_difference_not_synchronized_instrument_error,-0.28190381191549596,15,-0.17847577770341294,-0.47524094643416337,0.1798471260191281,-1.5286248073562603,0.38912653471181446,-0.3872620883154543,15,-0.17847577770342404,-0.47524094643416337,0.17984712601913921,-1.5286248073562603,0.38912653471181446,0.0,15,0.0,0.0,0.0,0.0,0.0
memmert_archive/durations/random_pattern_yolo_durations_adjusted,envelope_0.5,jetson,pico,5.0,15,15,15,"1a5d3aa06c43498df23d,1dcec7f9825ed2992478,2812c811fd4ae5e009c7,519bbfdb29ecebf2b956,577fe1bf072a3ac9a551,6b85a4af4fe2d1524ece,70303037b613f78f0087,7ded33209ac1c28638c3,7f19a3080842f3dd40d9,82328fdd60153879052d,a4b28184050ac9e9936f,a5a747da7ac482666698,cbb5061a9991d835542b,e70e34456da26f1818c5,f25961b1c231fb1d40f3",15,envelope_energy_sensitive_gt1pct;timestamp_gap_requires_review,paired_own_window_setup_difference_not_synchronized_instrument_error,-2.770878569950863,15,-2.653684382108068,-3.3146225675157295,-2.2807243011163933,-4.919057936826155,0.6254681333502043,-4.914419159330952,15,-4.917552187175334,-5.2638670257488975,-4.700583496596167,-7.759987544429025,-4.252112825436827,2.3809523809523947,15,2.3809523809523947,2.3809523809523947,2.3809523809523947,2.220446049250313e-14,9.09090909090915
memmert_archive/durations/random_pattern_yolo_durations_adjusted,envelope_0.5,shelly,pico,5.0,15,15,15,"1a5d3aa06c43498df23d,1dcec7f9825ed2992478,2812c811fd4ae5e009c7,519bbfdb29ecebf2b956,577fe1bf072a3ac9a551,6b85a4af4fe2d1524ece,70303037b613f78f0087,7ded33209ac1c28638c3,7f19a3080842f3dd40d9,82328fdd60153879052d,a4b28184050ac9e9936f,a5a747da7ac482666698,cbb5061a9991d835542b,e70e34456da26f1818c5,f25961b1c231fb1d40f3",15,envelope_energy_sensitive_gt1pct;source_time_resolution_coarser_than_detection_bins,paired_own_window_setup_difference_not_synchronized_instrument_error,-15.790958763003605,15,-14.238501576689899,-23.527615785764198,-10.703433669240603,-35.68581799098776,-2.2130208757490055,-9.420644201616401,15,-9.555675351834104,-10.703433669240603,-6.300595209364607,-13.95405667092403,0.04428312513018451,-7.14285714285714,15,-4.761904761904745,-17.85714285714286,0.0,-35.71428571428573,12.121212121212132
memmert_archive/durations/random_pattern_yolo_durations_adjusted,envelope_0.5,firmware,pico,10.0,15,15,15,"0cac75c99768206dac73,1b66971a09351e93e94b,2811af858ba8cb3f71d1,3c1c5ed4285fca656edd,489f71ab5c5845a138c4,5f24d21236901032358d,6c2e3ad375370366628c,908acbafceb576af4728,908d00b07a77b5062705,95f162b97dd41fb104b4,b47cd604ff0065309aa8,bd9374d60246af3f4b43,d9c3900cb81e2691a8f6,ebd1db7542754f226fd6,f2c01038c8a84c11a16a",3,envelope_energy_sensitive_gt1pct,paired_own_window_setup_difference_not_synchronized_instrument_error,-0.3975494635254706,15,-0.4375546207544101,-0.7942429728809208,-0.23576161865559442,-1.5608367265161904,0.37566379515292514,0.13200559323989225,15,-0.34991192196539567,-0.45684887013530684,-0.16876971075378555,-0.8092155592988259,0.37566379515292514,0.0,15,0.0,0.0,0.0,-1.2048192771084487,0.0
memmert_archive/durations/random_pattern_yolo_durations_adjusted,envelope_0.5,jetson,pico,10.0,15,15,15,"0cac75c99768206dac73,1b66971a09351e93e94b,2811af858ba8cb3f71d1,3c1c5ed4285fca656edd,489f71ab5c5845a138c4,5f24d21236901032358d,6c2e3ad375370366628c,908acbafceb576af4728,908d00b07a77b5062705,95f162b97dd41fb104b4,b47cd604ff0065309aa8,bd9374d60246af3f4b43,d9c3900cb81e2691a8f6,ebd1db7542754f226fd6,f2c01038c8a84c11a16a",15,envelope_energy_sensitive_gt1pct;timestamp_gap_requires_review,paired_own_window_setup_difference_not_synchronized_instrument_error,-2.7793446003836597,15,-2.599531975790026,-2.9094702425577044,-1.8745382391810672,-3.117619737906918,-1.3840770685243364,-3.0649120401641805,15,-3.1176197379069404,-4.123114739075662,-2.9094702425577266,-4.658439079441957,-2.599531975790048,2.220446049250313e-14,15,2.220446049250313e-14,2.220446049250313e-14,2.409638554216853,2.220446049250313e-14,2.409638554216853
memmert_archive/durations/random_pattern_yolo_durations_adjusted,envelope_0.5,shelly,pico,10.0,15,15,15,"0cac75c99768206dac73,1b66971a09351e93e94b,2811af858ba8cb3f71d1,3c1c5ed4285fca656edd,489f71ab5c5845a138c4,5f24d21236901032358d,6c2e3ad375370366628c,908acbafceb576af4728,908d00b07a77b5062705,95f162b97dd41fb104b4,b47cd604ff0065309aa8,bd9374d60246af3f4b43,d9c3900cb81e2691a8f6,ebd1db7542754f226fd6,f2c01038c8a84c11a16a",15,envelope_energy_sensitive_gt1pct;source_time_resolution_coarser_than_detection_bins,paired_own_window_setup_difference_not_synchronized_instrument_error,-15.523897980439994,15,-10.414130211198946,-22.196696904363183,-4.955834214045868,-24.690719522905724,-3.876725334862363,-6.357665756755393,15,-6.5771008973268374,-9.849001421942937,-4.2246105818858855,-10.625610595025147,-1.817350075943247,-10.309278350515449,15,-4.123711340206171,-18.556701030927826,6.024096385542177,-22.680412371134008,6.024096385542177
memmert_archive/durations/random_pattern_yolo_durations_adjusted,envelope_0.5,firmware,pico,20.0,15,15,15,"001525dcf7ed0714522e,0984831902c9497086c6,0d51dc7e8d03f33bef52,53bbf1599e57fc06f727,5b03a466fffd3d09101f,6b734508acfce7cbdbd3,7a7729d61328ec35e904,7c9f63ef9cbf3a746b4f,81bebf846781fa1d2d66,a85b563b2f13690e2746,b2a8a87f18b87c85491e,b47b12f019c66079906e,bc65cd1b34daff0384aa,df41b8669a09a9740253,f33c96b1d32ace447a23",0,,paired_own_window_setup_difference_not_synchronized_instrument_error,-0.3579060951149682,15,-0.41972305592244963,-0.6045518673487682,-0.13330197080327344,-0.8429739155577876,0.08993675395618794,-0.3579060951149571,15,-0.4197230559224385,-0.6045518673487627,-0.1333019708032568,-0.8429739155577654,0.08993675395621015,-2.220446049250313e-14,15,-2.220446049250313e-14,-2.220446049250313e-14,0.0,-2.220446049250313e-14,0.0
memmert_archive/durations/random_pattern_yolo_durations_adjusted,envelope_0.5,jetson,pico,20.0,15,15,15,"001525dcf7ed0714522e,0984831902c9497086c6,0d51dc7e8d03f33bef52,53bbf1599e57fc06f727,5b03a466fffd3d09101f,6b734508acfce7cbdbd3,7a7729d61328ec35e904,7c9f63ef9cbf3a746b4f,81bebf846781fa1d2d66,a85b563b2f13690e2746,b2a8a87f18b87c85491e,b47b12f019c66079906e,bc65cd1b34daff0384aa,df41b8669a09a9740253,f33c96b1d32ace447a23",15,envelope_energy_sensitive_gt1pct;timestamp_gap_requires_review,paired_own_window_setup_difference_not_synchronized_instrument_error,-1.6458337952119928,15,-1.8753022034082134,-1.9560847982217466,-1.6329433296258355,-2.520044440562297,-1.5130694215303109,-2.6148403588059588,15,-2.8072354935707033,-2.9135858565597306,-2.602076892880756,-3.038554842474206,-2.483384008510303,0.995024875621886,15,0.995024875621886,0.995024875621886,0.995024875621886,0.5347593582887722,1.0695187165775444
memmert_archive/durations/random_pattern_yolo_durations_adjusted,envelope_0.5,shelly,pico,20.0,15,15,15,"001525dcf7ed0714522e,0984831902c9497086c6,0d51dc7e8d03f33bef52,53bbf1599e57fc06f727,5b03a466fffd3d09101f,6b734508acfce7cbdbd3,7a7729d61328ec35e904,7c9f63ef9cbf3a746b4f,81bebf846781fa1d2d66,a85b563b2f13690e2746,b2a8a87f18b87c85491e,b47b12f019c66079906e,bc65cd1b34daff0384aa,df41b8669a09a9740253,f33c96b1d32ace447a23",15,envelope_energy_sensitive_gt1pct;source_time_resolution_coarser_than_detection_bins,paired_own_window_setup_difference_not_synchronized_instrument_error,-6.056561207344657,15,-6.370214032541011,-7.9828791732728615,-5.736143458433524,-11.448545808166056,-5.43800499464303,-8.407760700815725,15,-8.480607953414943,-8.64701669449417,-8.120476308806467,-9.084120872177493,-7.409405983752826,2.985074626865658,15,2.985074626865658,0.7648921169553291,2.9850746268656803,-4.278074866310167,3.482587064676612
memmert_archive/durations/random_pattern_yolo_durations_adjusted,envelope_0.5,firmware,pico,50.0,15,15,15,"0731f963463886a9a503,0fecb1aa629b59ce04bc,2f55f56bc61711ba53b8,3352c4663d06e7cb15c0,4bd69e0ac074c49e6cdf,993890bdcd0717787a6b,9c0d4da82291373e15f5,a1db2025f0d2cebdc4a6,bc151fa3319aa2eaa77f,bf3c83cd9af447f2141f,c0e2df7abef09052f00b,d53645def608c6d77127,dc07c1afe352a604a6a3,f562a04631649247776a,f7be984676efc2b28c61",0,,paired_own_window_setup_difference_not_synchronized_instrument_error,-0.3411805418142455,15,-0.23926854875584436,-0.4230999591284812,-0.1601342433769415,-0.5876072989547065,-0.1208660491771485,-0.3269484962269753,15,-0.23926854875586656,-0.36241961588842075,-0.1601342433769526,-0.5876072989547287,-0.1208660491771707,2.220446049250313e-14,15,2.220446049250313e-14,2.220446049250313e-14,2.220446049250313e-14,-0.2012072434607548,2.220446049250313e-14
memmert_archive/durations/random_pattern_yolo_durations_adjusted,envelope_0.5,jetson,pico,50.0,15,15,15,"0731f963463886a9a503,0fecb1aa629b59ce04bc,2f55f56bc61711ba53b8,3352c4663d06e7cb15c0,4bd69e0ac074c49e6cdf,993890bdcd0717787a6b,9c0d4da82291373e15f5,a1db2025f0d2cebdc4a6,bc151fa3319aa2eaa77f,bf3c83cd9af447f2141f,c0e2df7abef09052f00b,d53645def608c6d77127,dc07c1afe352a604a6a3,f562a04631649247776a,f7be984676efc2b28c61",15,timestamp_gap_requires_review,paired_own_window_setup_difference_not_synchronized_instrument_error,-1.7336077353556356,15,-1.7632424520659162,-1.8046815639397473,-1.6029401523771525,-1.9557458029987318,-1.429188412308513,-1.9144742959669725,15,-1.9025589954731248,-1.9583238634960531,-1.8210344905998321,-2.0096112886194284,-1.6275200251610333,0.20161290322582293,15,0.20161290322582293,2.220446049250313e-14,0.20161290322582293,2.220446049250313e-14,0.40322580645162365
memmert_archive/durations/random_pattern_yolo_durations_adjusted,envelope_0.5,shelly,pico,50.0,15,15,15,"0731f963463886a9a503,0fecb1aa629b59ce04bc,2f55f56bc61711ba53b8,3352c4663d06e7cb15c0,4bd69e0ac074c49e6cdf,993890bdcd0717787a6b,9c0d4da82291373e15f5,a1db2025f0d2cebdc4a6,bc151fa3319aa2eaa77f,bf3c83cd9af447f2141f,c0e2df7abef09052f00b,d53645def608c6d77127,dc07c1afe352a604a6a3,f562a04631649247776a,f7be984676efc2b28c61",15,envelope_energy_sensitive_gt1pct;source_time_resolution_coarser_than_detection_bins,paired_own_window_setup_difference_not_synchronized_instrument_error,-6.44366912644907,15,-6.415990396421467,-7.851237848164544,-6.243979133265248,-8.935235644617146,-5.416756432763292,-6.398934060342077,15,-6.328510607232651,-6.445452398357282,-6.2402350194456835,-6.728703816963478,-6.111367002966461,2.220446049250313e-14,15,2.220446049250313e-14,-1.7137096774193339,0.30201369507368847,-2.8169014084506894,1.008064516129048
memmert_archive/durations/random_pattern_yolo_durations_adjusted,envelope_0.5,firmware,pico,100.0,15,15,15,"047067cbfb85d58e8a4f,0be31c4a6f01b8201d37,226db44fda72c1b558c8,25edae6466abd9d2d5a9,2b0acce0efc6dc728eee,339ebb791fa49d469a20,653525ab29eb7b578a82,71134b9836f1abce84dd,7e84d3f9d5c8201cb63c,85b9064e16514947387b,99406748cdd5fb9a8573,9c532245b7796f9d0d08,ae8dd4ec758eace8e6c2,ca5780661d2702d9449f,f7a2ab8edec57365aa16",0,,paired_own_window_setup_difference_not_synchronized_instrument_error,-0.3836643827932029,15,-0.3810012788307393,-0.4417094408394384,-0.3250436319204797,-0.5334458457188163,-0.17357395928253583,-0.3836643827932029,15,-0.3810012788307504,-0.44170944083944397,-0.3250436319204797,-0.5334458457188163,-0.17357395928253583,0.0,15,0.0,0.0,0.0,0.0,0.0
memmert_archive/durations/random_pattern_yolo_durations_adjusted,envelope_0.5,jetson,pico,100.0,15,15,15,"047067cbfb85d58e8a4f,0be31c4a6f01b8201d37,226db44fda72c1b558c8,25edae6466abd9d2d5a9,2b0acce0efc6dc728eee,339ebb791fa49d469a20,653525ab29eb7b578a82,71134b9836f1abce84dd,7e84d3f9d5c8201cb63c,85b9064e16514947387b,99406748cdd5fb9a8573,9c532245b7796f9d0d08,ae8dd4ec758eace8e6c2,ca5780661d2702d9449f,f7a2ab8edec57365aa16",15,timestamp_gap_requires_review,paired_own_window_setup_difference_not_synchronized_instrument_error,-1.706513374315155,15,-1.6811989570685526,-1.7205271415997148,-1.6308006597185454,-1.8017284774116682,-1.5903770416746288,-1.7065133743151661,15,-1.704431782410587,-1.7297636369220548,-1.6684956881150403,-1.8017284774116793,-1.590377041674651,2.220446049250313e-14,15,2.220446049250313e-14,2.220446049250313e-14,2.220446049250313e-14,2.220446049250313e-14,0.10070493454179541
memmert_archive/durations/random_pattern_yolo_durations_adjusted,envelope_0.5,shelly,pico,100.0,15,15,15,"047067cbfb85d58e8a4f,0be31c4a6f01b8201d37,226db44fda72c1b558c8,25edae6466abd9d2d5a9,2b0acce0efc6dc728eee,339ebb791fa49d469a20,653525ab29eb7b578a82,71134b9836f1abce84dd,7e84d3f9d5c8201cb63c,85b9064e16514947387b,99406748cdd5fb9a8573,9c532245b7796f9d0d08,ae8dd4ec758eace8e6c2,ca5780661d2702d9449f,f7a2ab8edec57365aa16",15,envelope_energy_sensitive_gt1pct;source_time_resolution_coarser_than_detection_bins,paired_own_window_setup_difference_not_synchronized_instrument_error,-6.432438776248295,15,-6.421505597864153,-7.065022042292712,-6.089057764973949,-7.2279299914655315,-5.865995561422322,-6.264297865470958,15,-6.24366458625113,-6.307656379451799,-6.02756585299733,-6.579142118014181,-5.922273484725116,-0.10070493454178431,15,-0.10070493454178431,-1.1581067472306084,0.30211480362537513,-1.2084592145015005,0.40281973816718164
memmert_archive/durations/random_pattern_yolo_durations_adjusted,envelope_0.5,firmware,pico,200.0,15,15,15,"37b25e8a9f303bd6c3a0,3d807e7a7baaea935d1b,6964511bea2f0b6899ea,6dd10a9d6268a66ce37e,89d1d53df1ca56a4fe15,93dfea31476d73c4264c,94394aa2d5ce48a69bb4,94957dd90740d84374c6,96dee6a285f94d291634,a1ba52f8b5debbeb031b,a2193dbdbee7d13faf0e,a83143eeb703f6c24e2d,e542ec7e3c670de847e0,f66ab38e069747ee35b4,fdf5ec96e613e88ce902",0,,paired_own_window_setup_difference_not_synchronized_instrument_error,-0.3555141055973987,15,-0.3654431943539427,-0.3878869942659069,-0.33296480000305495,-0.5273535769103277,-0.23407267525334952,-0.35898058135724886,15,-0.35477715059707426,-0.38788699426589024,-0.32890495151347565,-0.5273535769103055,-0.2340726752533384,-1.1102230246251565e-14,15,-1.1102230246251565e-14,-1.1102230246251565e-14,-1.1102230246251565e-14,-0.049925112331516974,0.0
memmert_archive/durations/random_pattern_yolo_durations_adjusted,envelope_0.5,jetson,pico,200.0,15,15,15,"37b25e8a9f303bd6c3a0,3d807e7a7baaea935d1b,6964511bea2f0b6899ea,6dd10a9d6268a66ce37e,89d1d53df1ca56a4fe15,93dfea31476d73c4264c,94394aa2d5ce48a69bb4,94957dd90740d84374c6,96dee6a285f94d291634,a1ba52f8b5debbeb031b,a2193dbdbee7d13faf0e,a83143eeb703f6c24e2d,e542ec7e3c670de847e0,f66ab38e069747ee35b4,fdf5ec96e613e88ce902",15,timestamp_gap_requires_review,paired_own_window_setup_difference_not_synchronized_instrument_error,-1.6077643221075855,15,-1.5915735533113429,-1.621419513088157,-1.5473333894132468,-1.7039219919617987,-1.4619379095202945,-1.5929645563205863,15,-1.5955874114714885,-1.6214195130881515,-1.5517695773158646,-1.7039219919618098,-1.4740914359282598,0.0,15,0.0,0.0,0.0,-0.04992511233149477,0.1007556675063137
memmert_archive/durations/random_pattern_yolo_durations_adjusted,envelope_0.5,shelly,pico,200.0,15,15,15,"37b25e8a9f303bd6c3a0,3d807e7a7baaea935d1b,6964511bea2f0b6899ea,6dd10a9d6268a66ce37e,89d1d53df1ca56a4fe15,93dfea31476d73c4264c,94394aa2d5ce48a69bb4,94957dd90740d84374c6,96dee6a285f94d291634,a1ba52f8b5debbeb031b,a2193dbdbee7d13faf0e,a83143eeb703f6c24e2d,e542ec7e3c670de847e0,f66ab38e069747ee35b4,fdf5ec96e613e88ce902",15,envelope_energy_sensitive_gt1pct;source_time_resolution_coarser_than_detection_bins,paired_own_window_setup_difference_not_synchronized_instrument_error,-6.441143014844453,15,-6.502592309233057,-6.953507651378732,-6.365579386460996,-7.201744018677325,-6.21588402733817,-6.458900603668905,15,-6.426576247393578,-6.5317556028291035,-6.355763317182395,-6.59665408759399,-6.168637621306594,0.050352467270897705,15,-0.04992511233149477,-0.5538771399798637,0.050352467270897705,-0.6545820745216591,0.1007556675063137
memmert_archive/durations/random_pattern_yolo_durations_adjusted,envelope_0.5,firmware,pico,300.0,15,15,15,"1a1a1356278af0edbac8,305afde80d28723d6364,3cc6462ed18cdbc32879,5226571b38d2c7077d61,5edf023df01c2f8d4f04,662eceaa0e44b2aa0ad2,8563fbfc758655211de1,8bf84357c1b56e44e32f,909ee14eb5bec3067e00,9e9463fdfb454ca1f00f,ab1a766f30a30e163016,b2f759f210a73ba44581,d7ed918c74515529a8d1,e9e22c96283e45acbaf7,f47a72404c31c2d396bf",0,,paired_own_window_setup_difference_not_synchronized_instrument_error,-0.45290489572031856,15,-0.45290489572031856,-0.4957416060612341,-0.3683974213742114,-0.5988673852314941,-0.32123602470315316,-0.4530410585095068,15,-0.45290489572030745,-0.4957416060612341,-0.3683974213742114,-0.5655448466412194,-0.32123602470314205,0.0,15,0.0,-1.1102230246251565e-14,0.0,-0.03351206434316634,0.0
memmert_archive/durations/random_pattern_yolo_durations_adjusted,envelope_0.5,jetson,pico,300.0,15,15,15,"1a1a1356278af0edbac8,305afde80d28723d6364,3cc6462ed18cdbc32879,5226571b38d2c7077d61,5edf023df01c2f8d4f04,662eceaa0e44b2aa0ad2,8563fbfc758655211de1,8bf84357c1b56e44e32f,909ee14eb5bec3067e00,9e9463fdfb454ca1f00f,ab1a766f30a30e163016,b2f759f210a73ba44581,d7ed918c74515529a8d1,e9e22c96283e45acbaf7,f47a72404c31c2d396bf",15,timestamp_gap_requires_review,paired_own_window_setup_difference_not_synchronized_instrument_error,-1.609192583326824,15,-1.6237879107699027,-1.6464006183084023,-1.5772665114200835,-1.7648138598757246,-1.5210388274676134,-1.6405582146220565,15,-1.6293522318337583,-1.672359526456746,-1.6085161769927636,-1.7648138598757024,-1.5269056320767915,0.0,15,0.0,-1.1102230246251565e-14,0.03333333333332966,-2.220446049250313e-14,0.06666666666665932
memmert_archive/durations/random_pattern_yolo_durations_adjusted,envelope_0.5,shelly,pico,300.0,15,15,15,"1a1a1356278af0edbac8,305afde80d28723d6364,3cc6462ed18cdbc32879,5226571b38d2c7077d61,5edf023df01c2f8d4f04,662eceaa0e44b2aa0ad2,8563fbfc758655211de1,8bf84357c1b56e44e32f,909ee14eb5bec3067e00,9e9463fdfb454ca1f00f,ab1a766f30a30e163016,b2f759f210a73ba44581,d7ed918c74515529a8d1,e9e22c96283e45acbaf7,f47a72404c31c2d396bf",15,source_time_resolution_coarser_than_detection_bins,paired_own_window_setup_difference_not_synchronized_instrument_error,-7.066651775519716,15,-7.05748314857294,-7.113270914794456,-7.0012354920218955,-7.376461350123964,-6.70148152234381,-6.758282894538203,15,-6.746638610608291,-6.823377405570358,-6.6824781322450395,-6.96842289496743,-6.4604067968737855,-0.3666666666666596,15,-0.3666666666666596,-0.4346738159070551,-0.33333333333332993,-0.6367292225201049,0.16666666666669272
memmert_archive/durations/random_pattern_yolo_durations_adjusted,envelope_0.5,firmware,pico,400.0,15,15,15,"1b1265a176848e9bf47f,1cbcd4785e4707a4151b,38baf369a0919b075ef2,443ff5a16bb93936a294,6308b66367ee30fb1ddc,6ef95316078884f530eb,6f214dba4bf565715637,835528bd6514bac845b6,98d298201534cc6f7163,a26289880a0cb5952cc4,cd5c62b887721a7378d5,e4a9abe28fb6c411c967,ebbbffc9a0259cc2e658,ec1ec70701cd96d1ff0c,f8909c4a1d2569bb5673",0,,paired_own_window_setup_difference_not_synchronized_instrument_error,-0.3671399537315101,15,-0.3886564432420192,-0.4008113891624143,-0.32658697801135617,-0.42852694357989884,-0.2733405210170181,-0.3671399537315101,15,-0.3886564432420081,-0.4008113891624032,-0.32658697801135617,-0.42852694357989884,-0.2733405210170292,0.0,15,0.0,0.0,0.0,-1.1102230246251565e-14,0.0
memmert_archive/durations/random_pattern_yolo_durations_adjusted,envelope_0.5,jetson,pico,400.0,15,15,15,"1b1265a176848e9bf47f,1cbcd4785e4707a4151b,38baf369a0919b075ef2,443ff5a16bb93936a294,6308b66367ee30fb1ddc,6ef95316078884f530eb,6f214dba4bf565715637,835528bd6514bac845b6,98d298201534cc6f7163,a26289880a0cb5952cc4,cd5c62b887721a7378d5,e4a9abe28fb6c411c967,ebbbffc9a0259cc2e658,ec1ec70701cd96d1ff0c,f8909c4a1d2569bb5673",15,timestamp_gap_requires_review,paired_own_window_setup_difference_not_synchronized_instrument_error,-1.494474951224356,15,-1.5028906164727407,-1.5242078185167984,-1.4715142620964405,-1.5712029331673927,-1.43427556728013,-1.5191383275510284,15,-1.527551885722489,-1.5465379846267724,-1.506482796127151,-1.595847098682368,-1.4589540160614867,0.025043826696702354,15,0.025043826696702354,0.025043826696702354,0.025043826696702354,-1.1102230246251565e-14,0.05008765339342691
memmert_archive/durations/random_pattern_yolo_durations_adjusted,envelope_0.5,shelly,pico,400.0,15,15,15,"1b1265a176848e9bf47f,1cbcd4785e4707a4151b,38baf369a0919b075ef2,443ff5a16bb93936a294,6308b66367ee30fb1ddc,6ef95316078884f530eb,6f214dba4bf565715637,835528bd6514bac845b6,98d298201534cc6f7163,a26289880a0cb5952cc4,cd5c62b887721a7378d5,e4a9abe28fb6c411c967,ebbbffc9a0259cc2e658,ec1ec70701cd96d1ff0c,f8909c4a1d2569bb5673",15,source_time_resolution_coarser_than_detection_bins,paired_own_window_setup_difference_not_synchronized_instrument_error,-6.2214788245402275,15,-6.2214788245402275,-6.346470649801189,-6.114681983872671,-6.468873223395555,-6.087919925260554,-6.164158013239485,15,-6.158424489881231,-6.208561381895011,-6.1287824478315605,-6.291883119717001,-6.041826101095116,0.025043826696724558,15,0.025043826696724558,-0.25043826696717897,0.07513148009015147,-0.3505257886830315,0.1252191334836006
memmert_archive/durations/random_pattern_yolo_durations_adjusted,envelope_0.5,firmware,pico,500.0,15,15,15,"016be0209cd78c53c234,228eb85fb65e12ac51f3,239aa9d69755aeec4674,26126caef66b64af27b3,3b92f6cde841894a2358,4629dfe7657b1591993b,5f88a136fdac768332ab,6083891ff9531b63c4d3,75edf7529ba19f435ae1,8146ba43f7282cef619b,87acf9e760c2ca6df06f,a235360e448184d0e03c,b357d0b1f06b79d17dd1,dd9c09156315f19cc06b,faf604d109dda3195afb",0,,paired_own_window_setup_difference_not_synchronized_instrument_error,-0.38392646120558593,15,-0.3944117331964758,-0.4530063062991141,-0.336283294755485,-0.5097623295849507,-0.28991043144446227,-0.388831581718041,15,-0.3944117331964647,-0.4530063062991252,-0.33628329475549057,-0.5097623295849507,-0.28991043144446227,0.0,15,0.0,0.0,0.0,0.0,0.0
memmert_archive/durations/random_pattern_yolo_durations_adjusted,envelope_0.5,jetson,pico,500.0,15,15,15,"016be0209cd78c53c234,228eb85fb65e12ac51f3,239aa9d69755aeec4674,26126caef66b64af27b3,3b92f6cde841894a2358,4629dfe7657b1591993b,5f88a136fdac768332ab,6083891ff9531b63c4d3,75edf7529ba19f435ae1,8146ba43f7282cef619b,87acf9e760c2ca6df06f,a235360e448184d0e03c,b357d0b1f06b79d17dd1,dd9c09156315f19cc06b,faf604d109dda3195afb",15,timestamp_gap_requires_review,paired_own_window_setup_difference_not_synchronized_instrument_error,-1.5544899495646192,15,-1.583761119189575,-1.6135158611892908,-1.5389676679062325,-1.637181090775952,-1.4762077387005523,-1.580402340502307,15,-1.583761119189575,-1.6135158611892852,-1.5389676679062325,-1.637181090775952,-1.4762077387005412,0.0,15,0.0,0.0,0.0,0.0,0.020012007204317506
memmert_archive/durations/random_pattern_yolo_durations_adjusted,envelope_0.5,shelly,pico,500.0,15,15,15,"016be0209cd78c53c234,228eb85fb65e12ac51f3,239aa9d69755aeec4674,26126caef66b64af27b3,3b92f6cde841894a2358,4629dfe7657b1591993b,5f88a136fdac768332ab,6083891ff9531b63c4d3,75edf7529ba19f435ae1,8146ba43f7282cef619b,87acf9e760c2ca6df06f,a235360e448184d0e03c,b357d0b1f06b79d17dd1,dd9c09156315f19cc06b,faf604d109dda3195afb",15,envelope_energy_sensitive_gt1pct;source_time_resolution_coarser_than_detection_bins,paired_own_window_setup_difference_not_synchronized_instrument_error,-6.589415356907969,15,-6.589415356907969,-6.786786860189926,-6.415180370535606,-6.9250447788411496,-6.253786282076379,-6.44565003403792,15,-6.414977772671582,-6.605719336004722,-6.276762425096077,-6.775796504283282,-6.1404134589737485,-0.16009605763457335,15,-0.16009605763457335,-0.22013207924753697,-0.05003001801081042,-0.261044176706815,-0.020012007204317506
memmert_archive/durations/random_pattern_yolo_durations_adjusted,envelope_0.5,firmware,pico,600.0,15,15,15,"05d899ecbb6b89b10613,1b9e95c145ac76ba35a2,1cf724c28573bfddfb40,2df6f84eba8f6da6f9ed,30ac277266e1ecb0a6f1,5a5c25715a98ebe9db0f,6b401136f2d85efc6349,7589e09dfffd910b5547,83277b310d8538be501f,abda5082bfbd66547ae3,b0483f3161a407462c5a,c63de5ea7d11e48c2a31,cedd315c95f74c891d1e,d2d7a103243c89bb8308,f57f4b4ce99aa01c9d4f",0,,paired_own_window_setup_difference_not_synchronized_instrument_error,-0.2912378705545282,15,-0.2801434274141812,-0.3264573355243994,-0.24219685751717956,-0.37390287121834564,-0.030973060091465943,-0.2912378705545504,15,-0.2809775821060789,-0.326457335524416,-0.24219685751719622,-0.37390287121836785,-0.030973060091465943,2.220446049250313e-14,15,2.220446049250313e-14,2.220446049250313e-14,2.220446049250313e-14,0.0,0.016677785190122307
memmert_archive/durations/random_pattern_yolo_durations_adjusted,envelope_0.5,jetson,pico,600.0,15,15,15,"05d899ecbb6b89b10613,1b9e95c145ac76ba35a2,1cf724c28573bfddfb40,2df6f84eba8f6da6f9ed,30ac277266e1ecb0a6f1,5a5c25715a98ebe9db0f,6b401136f2d85efc6349,7589e09dfffd910b5547,83277b310d8538be501f,abda5082bfbd66547ae3,b0483f3161a407462c5a,c63de5ea7d11e48c2a31,cedd315c95f74c891d1e,d2d7a103243c89bb8308,f57f4b4ce99aa01c9d4f",15,timestamp_gap_requires_review,paired_own_window_setup_difference_not_synchronized_instrument_error,-1.4193604486558598,15,-1.4320051616325769,-1.4744981774516108,-1.40170325090056,-1.5113292228479902,-1.1166105590059372,-1.4466996721059666,15,-1.4488470683833632,-1.4909245698861873,-1.4181417798684037,-1.527749474728135,-1.1330966192661829,0.01667500416875356,15,0.01667500416875356,0.01667500416875356,0.01667500416875356,0.016675004168731355,0.033355570380244615
memmert_archive/durations/random_pattern_yolo_durations_adjusted,envelope_0.5,shelly,pico,600.0,15,15,15,"05d899ecbb6b89b10613,1b9e95c145ac76ba35a2,1cf724c28573bfddfb40,2df6f84eba8f6da6f9ed,30ac277266e1ecb0a6f1,5a5c25715a98ebe9db0f,6b401136f2d85efc6349,7589e09dfffd910b5547,83277b310d8538be501f,abda5082bfbd66547ae3,b0483f3161a407462c5a,c63de5ea7d11e48c2a31,cedd315c95f74c891d1e,d2d7a103243c89bb8308,f57f4b4ce99aa01c9d4f",15,source_time_resolution_coarser_than_detection_bins,paired_own_window_setup_difference_not_synchronized_instrument_error,-6.112955113730967,15,-6.139299488803774,-6.22997772989805,-5.970995690590398,-6.4054968440258815,-5.58701501741905,-6.026755380189119,15,-6.028333247927287,-6.129495449171346,-5.984406129440728,-6.2648237430900755,-5.508232486559073,-0.0833750208437567,15,-0.0833750208437789,-0.1584125396031144,0.016675004168775764,-0.2334889926617678,0.050025012506282884
memmert_archive/durations/static_msmt_37W_vergleich,reported_legacy,firmware,pico,,15,15,15,"036d6e608135f5ceac1a,1e6017fda68234ea6e8e,31a25e71915199692b29,429a7f34085e986ef0b5,469ae17b12ab64e56356,4f75575840a99f675d96,5fa4d5187f5a3387ef91,6d3c0707244329c65ea6,7c3299a7e90724560d67,8ab29e0f4bf86b2e7321,8beaaeb81d02def033e0,94cea31729c89e68e498,9543872f46b566bd7b87,bc1dc1065a70947fb2f2,fc46a7b0d893d926deb9",0,,paired_own_window_setup_difference_not_synchronized_instrument_error,-0.1891699010199921,15,-0.19293088849439144,-0.20053532198730517,-0.15089277168450765,-0.2214723967189025,-0.0756792306691012,-0.1891699010199921,15,-0.19293088849440254,-0.20053532198729407,-0.1508927716845132,-0.2214723967189025,-0.0756792306691012,0.0,15,0.0,0.0,0.0,0.0,0.0
memmert_archive/durations/static_msmt_37W_vergleich,reported_legacy,shelly,pico,,15,15,15,"036d6e608135f5ceac1a,1e6017fda68234ea6e8e,31a25e71915199692b29,429a7f34085e986ef0b5,469ae17b12ab64e56356,4f75575840a99f675d96,5fa4d5187f5a3387ef91,6d3c0707244329c65ea6,7c3299a7e90724560d67,8ab29e0f4bf86b2e7321,8beaaeb81d02def033e0,94cea31729c89e68e498,9543872f46b566bd7b87,bc1dc1065a70947fb2f2,fc46a7b0d893d926deb9",15,source_time_resolution_coarser_than_detection_bins,paired_own_window_setup_difference_not_synchronized_instrument_error,-2.9074731723259806,15,-2.912650411870088,-2.937473040953037,-2.861936277691024,-2.989940777675504,-2.8062614140263675,-2.8946409454522426,15,-2.8987212517545657,-2.915056789966619,-2.847082595014255,-2.9457213997262532,-2.7569770021877993,-0.0060656862745034346,15,-0.0060656862745034346,-0.016057352941173386,-0.0016176470588269432,-0.23956862745098118,0.019107843137255998
memmert_archive/durations/static_msmt_37W_vergleich,envelope_0.5,firmware,pico,,0,0,0,,0,,paired_own_window_setup_difference_not_synchronized_instrument_error,,0,,,,,,,0,,,,,,,0,,,,,
memmert_archive/durations/static_msmt_37W_vergleich,envelope_0.5,shelly,pico,,0,0,0,,0,,paired_own_window_setup_difference_not_synchronized_instrument_error,,0,,,,,,,0,,,,,,,0,,,,,
memmert_archive/durations/static_msmt_37W_vergleich_estimated_voltage,reported_legacy,firmware,pico,,15,15,15,"05837a527bebde86a9b7,1f57838dc4736d6cad51,3a1c7e5496eac76019f5,3b2bd1b181c22cce3a2b,4f5e13b15cc2528f671e,5d9b566872abd7cf5d11,6304da98d7e97cd7be0a,71e05eba370ae89821b3,7ce9147cb73fadad74b1,8d9887c9c62ca1f35c81,8ecd3a29e4f1f59ba7e3,92c9193bca6a80137c3d,c199512b702020f1860e,d0695cd38484b5d5befe,f87f741a29ae0ce8dcc3",0,,paired_own_window_setup_difference_not_synchronized_instrument_error,-0.188830016193553,15,-0.18892666510140765,-0.1969836864526786,-0.1808249227451264,-0.2112457939679402,-0.15013631267775107,-0.188830016193553,15,-0.18892666510140765,-0.1969836864526786,-0.1808249227451264,-0.21124579396792909,-0.15013631267776217,0.0,15,0.0,0.0,0.0,0.0,0.0
memmert_archive/durations/static_msmt_37W_vergleich_estimated_voltage,reported_legacy,shelly,pico,,15,15,15,"05837a527bebde86a9b7,1f57838dc4736d6cad51,3a1c7e5496eac76019f5,3b2bd1b181c22cce3a2b,4f5e13b15cc2528f671e,5d9b566872abd7cf5d11,6304da98d7e97cd7be0a,71e05eba370ae89821b3,7ce9147cb73fadad74b1,8d9887c9c62ca1f35c81,8ecd3a29e4f1f59ba7e3,92c9193bca6a80137c3d,c199512b702020f1860e,d0695cd38484b5d5befe,f87f741a29ae0ce8dcc3",15,source_time_resolution_coarser_than_detection_bins,paired_own_window_setup_difference_not_synchronized_instrument_error,-2.951296018264249,15,-2.9427475090631594,-2.983813899347126,-2.9285832217658623,-3.110902364238377,-2.914823618208373,-2.9447119255278653,15,-2.936557335587342,-2.952949480995315,-2.9277009505049802,-3.0223557621958497,-2.8914713570206363,-0.0026019607843208448,15,-0.0026019607843208448,-0.010798039215687005,0.00107499999999483,-0.1490245098039189,0.017098039215679428
memmert_archive/durations/static_msmt_37W_vergleich_estimated_voltage,envelope_0.5,firmware,pico,,0,0,0,,0,,paired_own_window_setup_difference_not_synchronized_instrument_error,,0,,,,,,,0,,,,,,,0,,,,,
memmert_archive/durations/static_msmt_37W_vergleich_estimated_voltage,envelope_0.5,shelly,pico,,0,0,0,,0,,paired_own_window_setup_difference_not_synchronized_instrument_error,,0,,,,,,,0,,,,,,,0,,,,,
memmert_archive/durations/yolo/fp16,reported_legacy,firmware,pico,5.0,15,15,15,"0d9d6eb46ed3f2cd3b05,0ec40e65e05f64303cb2,2aefec115f72c2369ca8,2d227df5a7f05a0b7a8e,34e6f2a21baaa3a96caa,53e611c911404b3da43b,5ff907cbe6eb8cd805b2,6053a490844c08ec57c4,86936a76ce1779ab9ae5,88905c4d4fc4c7c4cc27,8d5e1c877639adce2a27,9701d91db0cedb04819c,b1048bdb370586c53b02,cd599960fdc75aca4661,da31b8eea35c86b5550c",0,,paired_own_window_setup_difference_not_synchronized_instrument_error,-0.3942793014326207,15,-0.21616897279880254,-0.5907234999008415,-0.12263353702210988,-1.0392478504804958,0.17687374149051305,-0.3942793014326318,15,-0.21616897279880254,-0.5907234999008415,-0.12263353702210988,-1.0392478504804847,0.17687374149051305,0.0,15,0.0,0.0,0.0,0.0,0.0
memmert_archive/durations/yolo/fp16,reported_legacy,jetson,pico,5.0,15,15,15,"0d9d6eb46ed3f2cd3b05,0ec40e65e05f64303cb2,2aefec115f72c2369ca8,2d227df5a7f05a0b7a8e,34e6f2a21baaa3a96caa,53e611c911404b3da43b,5ff907cbe6eb8cd805b2,6053a490844c08ec57c4,86936a76ce1779ab9ae5,88905c4d4fc4c7c4cc27,8d5e1c877639adce2a27,9701d91db0cedb04819c,b1048bdb370586c53b02,cd599960fdc75aca4661,da31b8eea35c86b5550c",15,envelope_energy_sensitive_gt1pct;timestamp_gap_requires_review,paired_own_window_setup_difference_not_synchronized_instrument_error,-1.5019783740879866,15,-1.5502432723272896,-1.8504465914583823,-1.3353305227627288,-2.789697187152973,-0.9807235020737326,-1.5611493622932682,15,-1.328436276985534,-1.904989031194404,-0.8404228121744461,-2.1112159256334695,0.3380845876494787,0.18014285714285094,15,0.18014285714285094,-1.1085785714285645,0.4685500000000009,-3.1172428571428545,1.0870571428571507
memmert_archive/durations/yolo/fp16,reported_legacy,shelly,pico,5.0,15,15,15,"0d9d6eb46ed3f2cd3b05,0ec40e65e05f64303cb2,2aefec115f72c2369ca8,2d227df5a7f05a0b7a8e,34e6f2a21baaa3a96caa,53e611c911404b3da43b,5ff907cbe6eb8cd805b2,6053a490844c08ec57c4,86936a76ce1779ab9ae5,88905c4d4fc4c7c4cc27,8d5e1c877639adce2a27,9701d91db0cedb04819c,b1048bdb370586c53b02,cd599960fdc75aca4661,da31b8eea35c86b5550c",15,envelope_energy_sensitive_gt1pct;source_time_resolution_coarser_than_detection_bins,paired_own_window_setup_difference_not_synchronized_instrument_error,-5.188618006572343,15,-5.052256969945324,-5.376308156456799,-4.836890758713763,-5.728518364745039,-4.739937969293628,-5.130957120262836,15,-5.117347180544463,-5.402301105430246,-4.815113727968685,-5.64130396998589,-4.772078170459904,-0.0005714285714497613,15,-0.0005714285714497613,-0.05502142857143899,0.09227857142857232,-0.10578571428572214,0.274242857142859
memmert_archive/durations/yolo/fp16,reported_legacy,firmware,pico,10.0,15,15,15,"21665d605b223d9e5872,25155ddaf61a6f6d90a3,3832dd4dc3c4412d7c8c,43ffa1c4d28561bf32b9,4406a2f65904858ef283,4423766177a47dbf170e,555adeb23dce6970c6d8,55f0c1e3b421b00894fa,5ae32412c5308c7fc90c,646aa0af23130624fbba,7fc74fb4b8dfb2ace867,8dfb409541518ea7955d,d173ca7e06954098eb83,d5020ee178cd57e039a2,fa52375903f61d87e6c3",0,,paired_own_window_setup_difference_not_synchronized_instrument_error,-0.34961025376568644,15,-0.3295386077029838,-0.40142245893430295,-0.16378777913644282,-0.7829961664212792,0.44259571376954465,-0.34961025376568644,15,-0.3295386077029838,-0.40142245893430295,-0.16378777913644837,-0.782996166421257,0.44259571376956686,0.0,15,0.0,0.0,0.0,0.0,0.0
memmert_archive/durations/yolo/fp16,reported_legacy,jetson,pico,10.0,15,15,15,"21665d605b223d9e5872,25155ddaf61a6f6d90a3,3832dd4dc3c4412d7c8c,43ffa1c4d28561bf32b9,4406a2f65904858ef283,4423766177a47dbf170e,555adeb23dce6970c6d8,55f0c1e3b421b00894fa,5ae32412c5308c7fc90c,646aa0af23130624fbba,7fc74fb4b8dfb2ace867,8dfb409541518ea7955d,d173ca7e06954098eb83,d5020ee178cd57e039a2,fa52375903f61d87e6c3",15,envelope_energy_sensitive_gt1pct;timestamp_gap_requires_review,paired_own_window_setup_difference_not_synchronized_instrument_error,-1.5937166284231696,15,-1.4159113150036151,-1.786373476971409,-1.186174436126891,-2.086385775776345,-0.7979817044679094,-1.2965650296641318,15,-1.2898577258396826,-1.6607776941245933,-0.5999466549131249,-1.960203753813372,-0.3778928565983941,-0.004574999999995555,15,-0.004574999999995555,-0.8611374999999977,0.3394166666666809,-1.5639999999999987,0.7659749999999965
memmert_archive/durations/yolo/fp16,reported_legacy,shelly,pico,10.0,15,15,15,"21665d605b223d9e5872,25155ddaf61a6f6d90a3,3832dd4dc3c4412d7c8c,43ffa1c4d28561bf32b9,4406a2f65904858ef283,4423766177a47dbf170e,555adeb23dce6970c6d8,55f0c1e3b421b00894fa,5ae32412c5308c7fc90c,646aa0af23130624fbba,7fc74fb4b8dfb2ace867,8dfb409541518ea7955d,d173ca7e06954098eb83,d5020ee178cd57e039a2,fa52375903f61d87e6c3",15,envelope_energy_sensitive_gt1pct;source_time_resolution_coarser_than_detection_bins,paired_own_window_setup_difference_not_synchronized_instrument_error,-4.8693366368040225,15,-4.941271814964365,-5.204761422782179,-4.469074622368662,-5.959973266034668,-4.070845431933357,-4.998984051706923,15,-5.053206172653979,-5.305516897610274,-4.5527453561420135,-5.9898919829111,-4.081556324810432,0.05445833333332928,15,0.05445833333332928,0.005137500000013118,0.1159333333333179,-0.0951666666666795,0.2130499999999813
memmert_archive/durations/yolo/fp16,reported_legacy,firmware,pico,20.0,15,15,15,"0b9bed2afbf4bcb19eab,1a4d14adab209535d293,208794e1e31a67e1ddb3,3700c75c006091cec7ac,5b85538ee49a660cde7d,6c198c847c35909d61fb,9b14fdaefa34e0c53871,b32836f76bd3025d9423,bd32dba402d1d7726243,cf3bc6f9e39cc1d6f207,d3a96fc4cd30426b5189,d43d5ee9a921795a0d66,ddf11679005391784c6e,e1198d9ba951ea1ce301,f39b780e583aa9806846",0,,paired_own_window_setup_difference_not_synchronized_instrument_error,-0.14441540290137667,15,-0.2520731098383244,-0.32158578740021926,-0.17332641708620034,-0.5440812411812268,0.42650080310897565,-0.14441540290137667,15,-0.2520731098383244,-0.3215857874002248,-0.1733264170862059,-0.5440812411812268,0.42650080310897565,0.0,15,0.0,0.0,0.0,0.0,0.0
memmert_archive/durations/yolo/fp16,reported_legacy,jetson,pico,20.0,15,15,15,"0b9bed2afbf4bcb19eab,1a4d14adab209535d293,208794e1e31a67e1ddb3,3700c75c006091cec7ac,5b85538ee49a660cde7d,6c198c847c35909d61fb,9b14fdaefa34e0c53871,b32836f76bd3025d9423,bd32dba402d1d7726243,cf3bc6f9e39cc1d6f207,d3a96fc4cd30426b5189,d43d5ee9a921795a0d66,ddf11679005391784c6e,e1198d9ba951ea1ce301,f39b780e583aa9806846",15,envelope_energy_sensitive_gt1pct;timestamp_gap_requires_review,paired_own_window_setup_difference_not_synchronized_instrument_error,-1.3234804849214687,15,-1.35470688506667,-1.5185366700065428,-1.188754293315769,-1.877875002790108,-0.8677808902171735,-1.071142560390148,15,-0.9951686066831056,-1.2535879259439053,-0.8539948507520101,-1.5637776395382774,-0.5607045550302558,-0.1015954545454556,15,-0.1015954545454556,-0.6222000000000005,0.08258181818180388,-1.2742227272727225,0.14539545454546055
memmert_archive/durations/yolo/fp16,reported_legacy,shelly,pico,20.0,15,15,15,"0b9bed2afbf4bcb19eab,1a4d14adab209535d293,208794e1e31a67e1ddb3,3700c75c006091cec7ac,5b85538ee49a660cde7d,6c198c847c35909d61fb,9b14fdaefa34e0c53871,b32836f76bd3025d9423,bd32dba402d1d7726243,cf3bc6f9e39cc1d6f207,d3a96fc4cd30426b5189,d43d5ee9a921795a0d66,ddf11679005391784c6e,e1198d9ba951ea1ce301,f39b780e583aa9806846",15,envelope_energy_sensitive_gt1pct;source_time_resolution_coarser_than_detection_bins,paired_own_window_setup_difference_not_synchronized_instrument_error,-4.3259113577236,15,-4.421267600037682,-4.597479634857948,-4.197750969300734,-5.215964242991234,-4.023860016828595,-4.328207480744051,15,-4.413181824191081,-4.65399517766757,-4.200632862003934,-5.239421793396382,-4.031293229389366,0.0024000000000024,15,0.0024000000000024,-0.009449999999999736,0.04624772727273019,-0.025595454545457308,0.09797727272726764
memmert_archive/durations/yolo/fp16,reported_legacy,firmware,pico,50.0,15,15,15,"0d7ebab5777d35dcdb05,38f9f5421eadd57b08c1,46ca798e0910ab7e893c,53261d7861742902e19a,5a93a180b34bb2dc6b9b,5d673b6e937136a53560,8cda676b3b3cfd27b914,91ed40b8ac71908625f4,9f864bc4e4fa9ba903d7,a3782b782cd6e349f8bf,ae5c1ed9aaac8bb09d5a,b4e230af1bcdb214e42a,bc5da18f5e0a74f2afe0,e991c10f4b1ef926f644,eb6ca91de225502d00e9",0,,paired_own_window_setup_difference_not_synchronized_instrument_error,-0.17446361823126866,15,-0.20422682700341754,-0.2824223913271584,-0.08454827723987646,-0.4441873432417309,0.028309775866963705,-0.17446361823126866,15,-0.20422682700340644,-0.2824223913271584,-0.08454827723988756,-0.4441873432417309,0.0283097758669415,0.0,15,0.0,0.0,0.0,0.0,0.0
memmert_archive/durations/yolo/fp16,reported_legacy,jetson,pico,50.0,15,15,15,"0d7ebab5777d35dcdb05,38f9f5421eadd57b08c1,46ca798e0910ab7e893c,53261d7861742902e19a,5a93a180b34bb2dc6b9b,5d673b6e937136a53560,8cda676b3b3cfd27b914,91ed40b8ac71908625f4,9f864bc4e4fa9ba903d7,a3782b782cd6e349f8bf,ae5c1ed9aaac8bb09d5a,b4e230af1bcdb214e42a,bc5da18f5e0a74f2afe0,e991c10f4b1ef926f644,eb6ca91de225502d00e9",15,timestamp_gap_requires_review,paired_own_window_setup_difference_not_synchronized_instrument_error,-1.2493846681496223,15,-1.2056107202628397,-1.2687393674560898,-1.1485698748034678,-1.34215665757077,-1.0997774706550056,-1.0437828261020243,15,-0.9540379799834353,-1.135219957372846,-0.8859536455388284,-1.3665721235476047,-0.7760734474811959,-0.2949749999999862,15,-0.2949749999999862,-0.32780480769231124,-0.00437596153845532,-0.35301538461538495,0.07933461538462971
memmert_archive/durations/yolo/fp16,reported_legacy,shelly,pico,50.0,15,15,15,"0d7ebab5777d35dcdb05,38f9f5421eadd57b08c1,46ca798e0910ab7e893c,53261d7861742902e19a,5a93a180b34bb2dc6b9b,5d673b6e937136a53560,8cda676b3b3cfd27b914,91ed40b8ac71908625f4,9f864bc4e4fa9ba903d7,a3782b782cd6e349f8bf,ae5c1ed9aaac8bb09d5a,b4e230af1bcdb214e42a,bc5da18f5e0a74f2afe0,e991c10f4b1ef926f644,eb6ca91de225502d00e9",15,envelope_energy_sensitive_gt1pct;source_time_resolution_coarser_than_detection_bins,paired_own_window_setup_difference_not_synchronized_instrument_error,-4.487174572539243,15,-4.466403944659614,-4.6292626004525825,-4.357065174237351,-4.820629469917881,-4.186417489376682,-4.517702900902454,15,-4.4684762438672365,-4.627960009061899,-4.388713210219203,-4.815209428285517,-4.237902507830327,0.020309615384617175,15,0.020309615384617175,0.006005769230776892,0.03289230769231155,-0.012563461538472875,0.08586538461539117
memmert_archive/durations/yolo/fp16,reported_legacy,firmware,pico,100.0,15,15,15,"0531635cc4a8bfe9d62d,13908e6bb4f8361d5cba,1e9dac6c5fd13d7ff082,3e49d8862b67fc197227,41c4a0365eebe9bfde48,797d68022e0b8e5cb193,7a677aedbb8a45b6d950,83993fbd60d5cc517127,ae077bede1fc89202a51,b5f2b0e180ee9aed7f11,b910a3b00d2ba1482a3b,c4c5d2d886b1ed561971,d5ed14e1974136f286f5,f118f54d0c56c177e345,fda49cf7eb9900b002a3",0,,paired_own_window_setup_difference_not_synchronized_instrument_error,-0.2596751700522093,15,-0.2615180496801539,-0.30934541100143265,-0.19320780503555013,-0.38437526886965223,-0.058679912706138815,-0.2596751700522093,15,-0.2615180496801539,-0.3093454110014382,-0.19320780503555013,-0.38437526886965223,-0.058679912706138815,0.0,15,0.0,0.0,0.0,0.0,0.0
memmert_archive/durations/yolo/fp16,reported_legacy,jetson,pico,100.0,15,15,15,"0531635cc4a8bfe9d62d,13908e6bb4f8361d5cba,1e9dac6c5fd13d7ff082,3e49d8862b67fc197227,41c4a0365eebe9bfde48,797d68022e0b8e5cb193,7a677aedbb8a45b6d950,83993fbd60d5cc517127,ae077bede1fc89202a51,b5f2b0e180ee9aed7f11,b910a3b00d2ba1482a3b,c4c5d2d886b1ed561971,d5ed14e1974136f286f5,f118f54d0c56c177e345,fda49cf7eb9900b002a3",15,timestamp_gap_requires_review,paired_own_window_setup_difference_not_synchronized_instrument_error,-1.2107382959957058,15,-1.1749856076678888,-1.2474853364572769,-1.1286605254184956,-1.311089374837704,-1.0626024777469323,-1.0452991546655022,15,-1.0705462129838694,-1.097275871454162,-0.9957825834454759,-1.2569194143522866,-0.880353515983745,-0.17487058823529855,15,-0.17487058823529855,-0.21732156862744878,-0.03627843137255504,-0.2287901960784211,0.0009480392156868689
memmert_archive/durations/yolo/fp16,reported_legacy,shelly,pico,100.0,15,15,15,"0531635cc4a8bfe9d62d,13908e6bb4f8361d5cba,1e9dac6c5fd13d7ff082,3e49d8862b67fc197227,41c4a0365eebe9bfde48,797d68022e0b8e5cb193,7a677aedbb8a45b6d950,83993fbd60d5cc517127,ae077bede1fc89202a51,b5f2b0e180ee9aed7f11,b910a3b00d2ba1482a3b,c4c5d2d886b1ed561971,d5ed14e1974136f286f5,f118f54d0c56c177e345,fda49cf7eb9900b002a3",15,source_time_resolution_coarser_than_detection_bins,paired_own_window_setup_difference_not_synchronized_instrument_error,-4.446889614037497,15,-4.458291453686614,-4.487024651711884,-4.3408645225073155,-4.595380386987957,-4.204827520921861,-4.426425140147039,15,-4.4509225197727265,-4.515186235140012,-4.342632836373111,-4.60612809655575,-4.216926237807672,0.0002313725490310503,15,0.0002313725490310503,-0.012628431372552207,0.011434313725489087,-0.03115000000000201,0.21797156862743972
memmert_archive/durations/yolo/fp16,reported_legacy,firmware,pico,200.0,15,15,15,"174c0abbfa05078076b9,205b250bc73e3152c7b5,249287faaf796e598e36,45ba068b39fc89fff234,49804f233781425fcc94,516d09618bc56de93fef,56ab4b15358f34629ca6,596e18ac752db7154cd6,5fb2d184e50112414af9,7f132a5e7ee65696105c,83d08d04d40e14ae5567,b4fea8db5e887167910f,be3b56cfa88aeaee02a5,c6550760b83d255519a0,f026ca88790e48f96622",0,,paired_own_window_setup_difference_not_synchronized_instrument_error,-0.26153403974968903,15,-0.2085876659029262,-0.3034701168729337,-0.1976928448670423,-0.3505641130025161,-0.11165046333084794,-0.26153403974970013,15,-0.2085876659029373,-0.3034701168729337,-0.19769284486704786,-0.3505641130025272,-0.11165046333085904,0.0,15,0.0,0.0,0.0,0.0,0.0
memmert_archive/durations/yolo/fp16,reported_legacy,jetson,pico,200.0,15,15,15,"174c0abbfa05078076b9,205b250bc73e3152c7b5,249287faaf796e598e36,45ba068b39fc89fff234,49804f233781425fcc94,516d09618bc56de93fef,56ab4b15358f34629ca6,596e18ac752db7154cd6,5fb2d184e50112414af9,7f132a5e7ee65696105c,83d08d04d40e14ae5567,b4fea8db5e887167910f,be3b56cfa88aeaee02a5,c6550760b83d255519a0,f026ca88790e48f96622",15,timestamp_gap_requires_review,paired_own_window_setup_difference_not_synchronized_instrument_error,-1.257381440688965,15,-1.1948780087944089,-1.2488313421367858,-1.1195324926647932,-1.2738766677253932,-1.0745984206172787,-1.1743566563796826,15,-1.1241676313030746,-1.1765272575475105,-1.0851240852655097,-1.2451724207369952,-1.0190254695680578,-0.057097524752480755,15,-0.057097524752480755,-0.08875891089109023,-0.03467772277227499,-0.10675841584159018,-0.0018381188118810066
memmert_archive/durations/yolo/fp16,reported_legacy,shelly,pico,200.0,15,15,15,"174c0abbfa05078076b9,205b250bc73e3152c7b5,249287faaf796e598e36,45ba068b39fc89fff234,49804f233781425fcc94,516d09618bc56de93fef,56ab4b15358f34629ca6,596e18ac752db7154cd6,5fb2d184e50112414af9,7f132a5e7ee65696105c,83d08d04d40e14ae5567,b4fea8db5e887167910f,be3b56cfa88aeaee02a5,c6550760b83d255519a0,f026ca88790e48f96622",15,source_time_resolution_coarser_than_detection_bins,paired_own_window_setup_difference_not_synchronized_instrument_error,-4.190977981587496,15,-4.216864764184624,-4.294726933562237,-4.128620151406525,-4.347551240586167,-3.9906097925696993,-4.1838624475309505,15,-4.213837067895909,-4.295473725108656,-4.133872458423005,-4.350784875998192,-3.989226191764972,0.0006445544554312121,15,0.0006445544554312121,-0.0023009900990078602,0.0029556930692953287,-0.0074262376237532735,0.006106930693050572
memmert_archive/durations/yolo/fp16,reported_legacy,firmware,pico,300.0,15,15,15,"053d3db355fbd276022d,11d5f071c0024449e0ed,42c8de7a09171a78535e,4fdf156c2e230abbbbbf,5281263687377a598eb4,5ac24c3dd498a6cc29f9,61c67dcaf08b25ccba90,6b98c6628ec07c095604,7f015f1a3bdf3bec6ead,8868861738826a7191d8,94bea34300e9497b37f1,a25cb83b1012ed1c43d7,a56bf92b920cb5f5ec0c,db7a8481683456c22ed7,e0279f94d93015146563",0,,paired_own_window_setup_difference_not_synchronized_instrument_error,-0.21216370170729082,15,-0.20088393629710266,-0.22020473082593472,-0.17046147507447373,-0.24943567229336328,-0.1609022329354448,-0.21216370170729082,15,-0.20088393629710266,-0.22020473082592917,-0.17046147507447929,-0.24943567229336328,-0.1609022329354559,0.0,15,0.0,0.0,0.0,0.0,0.0
memmert_archive/durations/yolo/fp16,reported_legacy,jetson,pico,300.0,15,15,15,"053d3db355fbd276022d,11d5f071c0024449e0ed,42c8de7a09171a78535e,4fdf156c2e230abbbbbf,5281263687377a598eb4,5ac24c3dd498a6cc29f9,61c67dcaf08b25ccba90,6b98c6628ec07c095604,7f015f1a3bdf3bec6ead,8868861738826a7191d8,94bea34300e9497b37f1,a25cb83b1012ed1c43d7,a56bf92b920cb5f5ec0c,db7a8481683456c22ed7,e0279f94d93015146563",15,timestamp_gap_requires_review,paired_own_window_setup_difference_not_synchronized_instrument_error,-1.098508282747801,15,-1.1120163823212015,-1.1394608012168739,-1.0389612628129097,-1.2173769250027333,-1.0197158572588183,-1.0729998574891986,15,-1.0834815413203192,-1.117649804603832,-1.0341396998005237,-1.2097095554075898,-0.9934620772259262,-0.022293377483439958,15,-0.022293377483439958,-0.025546688741723278,-0.009687251655637885,-0.05153609271523196,0.0090526490066134
memmert_archive/durations/yolo/fp16,reported_legacy,shelly,pico,300.0,15,15,15,"053d3db355fbd276022d,11d5f071c0024449e0ed,42c8de7a09171a78535e,4fdf156c2e230abbbbbf,5281263687377a598eb4,5ac24c3dd498a6cc29f9,61c67dcaf08b25ccba90,6b98c6628ec07c095604,7f015f1a3bdf3bec6ead,8868861738826a7191d8,94bea34300e9497b37f1,a25cb83b1012ed1c43d7,a56bf92b920cb5f5ec0c,db7a8481683456c22ed7,e0279f94d93015146563",15,source_time_resolution_coarser_than_detection_bins,paired_own_window_setup_difference_not_synchronized_instrument_error,-4.200015283571556,15,-4.190905375049536,-4.221278299664793,-4.1697059369698914,-4.392689205754873,-4.065693671363579,-4.20177422781628,15,-4.185260085229037,-4.224261091486776,-4.171446707505677,-4.388654217006527,-4.064149167698849,0.00020960264901503933,15,0.00020960264901503933,-0.0028125827814529103,0.0010690397351131864,-0.0072682119205302875,0.005609602649014889
memmert_archive/durations/yolo/fp16,reported_legacy,firmware,pico,400.0,15,15,15,"04520586051ae7f63d3d,15717a022bf860aa048f,210a22ddf5b3897854f6,4a71f9dd705faf3e0a2b,6a1779c785fb9c430cc4,6b40e6289221739ed318,6d1cac71cbb1343193c5,807e74b48cff77ac539c,980e0f07f55ae1ad4136,9f3154396036485887c2,b264a4c7543d8c94a05f,c447a0eac459803aab85,ca849cf97bd76e72c563,e90c9afec11431555925,f7e406d5a172f0a51209",0,,paired_own_window_setup_difference_not_synchronized_instrument_error,-0.23389774874206237,15,-0.23631217619629608,-0.2555795558418339,-0.1770805891770033,-0.3211122383253162,-0.08110929695744895,-0.23389774874207347,15,-0.23631217619629608,-0.25557955584183945,-0.1770805891770033,-0.3211122383253162,-0.08110929695744895,0.0,15,0.0,0.0,0.0,0.0,0.0
memmert_archive/durations/yolo/fp16,reported_legacy,jetson,pico,400.0,15,15,15,"04520586051ae7f63d3d,15717a022bf860aa048f,210a22ddf5b3897854f6,4a71f9dd705faf3e0a2b,6a1779c785fb9c430cc4,6b40e6289221739ed318,6d1cac71cbb1343193c5,807e74b48cff77ac539c,980e0f07f55ae1ad4136,9f3154396036485887c2,b264a4c7543d8c94a05f,c447a0eac459803aab85,ca849cf97bd76e72c563,e90c9afec11431555925,f7e406d5a172f0a51209",15,timestamp_gap_requires_review,paired_own_window_setup_difference_not_synchronized_instrument_error,-1.0763498886216305,15,-1.0958848689481826,-1.128885900528076,-1.055245821458306,-1.2920697305090156,-0.9925699797052157,-1.0583631850931918,15,-1.076534011746899,-1.0976390128010938,-1.0377345876668775,-1.2643613664871323,-0.9718908412687965,-0.019561442786064642,15,-0.019561442786064642,-0.02567624378108646,-0.017438930348262494,-0.0450079601990061,0.016677611940307813
memmert_archive/durations/yolo/fp16,reported_legacy,shelly,pico,400.0,15,15,15,"04520586051ae7f63d3d,15717a022bf860aa048f,210a22ddf5b3897854f6,4a71f9dd705faf3e0a2b,6a1779c785fb9c430cc4,6b40e6289221739ed318,6d1cac71cbb1343193c5,807e74b48cff77ac539c,980e0f07f55ae1ad4136,9f3154396036485887c2,b264a4c7543d8c94a05f,c447a0eac459803aab85,ca849cf97bd76e72c563,e90c9afec11431555925,f7e406d5a172f0a51209",15,source_time_resolution_coarser_than_detection_bins,paired_own_window_setup_difference_not_synchronized_instrument_error,-4.0944253356065,15,-4.098788760112582,-4.206615448792677,-4.079135757578883,-4.356981715415231,-4.021447374934272,-4.0943382570827636,15,-4.098332153664186,-4.207765166182403,-4.079078427750532,-4.350719780696788,-4.023226765210186,0.0016256218905663644,15,0.0016256218905663644,-0.00028345771144744347,0.001896766169162678,-0.006546766169157614,0.003937810945275899
memmert_archive/durations/yolo/fp16,reported_legacy,firmware,pico,500.0,15,15,15,"077ed548c34ac6f4f528,0e5cea11e4bef03b9802,1387c4d2d7ad73bf4280,1f78dd5df0f2f7c80e4d,2462d4867e653d87d60a,3b9f1da2f05fb08cf987,65e928f30472d61941a1,74cc22baf2d6249f0a7f,7f024cd6b977315a828b,8609c8b042b7e4e48052,884fef27c2d790422dd7,a986617f3f0d2a22bdba,d8c948063d4a94426a6f,eb39df07a1bfa03ea464,ff47cd13765e91020244",0,,paired_own_window_setup_difference_not_synchronized_instrument_error,-0.12970609459215243,15,-0.18334197656152407,-0.21615896015822478,-0.1416979873795965,-0.2512123401811839,-0.049929946060534025,-0.12970609459215243,15,-0.18334197656151296,-0.21615896015822478,-0.14169798737959094,-0.2512123401811839,-0.04992994606052292,0.0,15,0.0,0.0,0.0,0.0,0.0
memmert_archive/durations/yolo/fp16,reported_legacy,jetson,pico,500.0,15,15,15,"077ed548c34ac6f4f528,0e5cea11e4bef03b9802,1387c4d2d7ad73bf4280,1f78dd5df0f2f7c80e4d,2462d4867e653d87d60a,3b9f1da2f05fb08cf987,65e928f30472d61941a1,74cc22baf2d6249f0a7f,7f024cd6b977315a828b,8609c8b042b7e4e48052,884fef27c2d790422dd7,a986617f3f0d2a22bdba,d8c948063d4a94426a6f,eb39df07a1bfa03ea464,ff47cd13765e91020244",15,timestamp_gap_requires_review,paired_own_window_setup_difference_not_synchronized_instrument_error,-0.9413247061434427,15,-1.0581118328081618,-1.155896416379365,-0.9995072298305818,-1.2467637976421586,-0.920423524178593,-0.9330626814466725,15,-1.044994380917874,-1.1309936357879469,-0.9961863948399041,-1.2110947112864423,-0.9133737673209574,-0.010347808764932243,15,-0.010347808764932243,-0.013282669322711715,-0.006261055776890512,-0.040029282868525584,0.0020294820717081663
memmert_archive/durations/yolo/fp16,reported_legacy,shelly,pico,500.0,15,15,15,"077ed548c34ac6f4f528,0e5cea11e4bef03b9802,1387c4d2d7ad73bf4280,1f78dd5df0f2f7c80e4d,2462d4867e653d87d60a,3b9f1da2f05fb08cf987,65e928f30472d61941a1,74cc22baf2d6249f0a7f,7f024cd6b977315a828b,8609c8b042b7e4e48052,884fef27c2d790422dd7,a986617f3f0d2a22bdba,d8c948063d4a94426a6f,eb39df07a1bfa03ea464,ff47cd13765e91020244",15,source_time_resolution_coarser_than_detection_bins,paired_own_window_setup_difference_not_synchronized_instrument_error,-4.275132079428401,15,-4.295827064706503,-4.306183768213395,-4.258333089062316,-4.401344866989043,-4.104116436572758,-4.271260786331233,15,-4.295792557811007,-4.308856811801876,-4.25833130884466,-4.397478678173594,-4.104973952054703,0.0007370517928206866,15,0.0007370517928206866,-0.0003730079681352194,0.0016663346613432495,-0.004044023904381522,0.00514641434261609
memmert_archive/durations/yolo/fp16,reported_legacy,firmware,pico,600.0,15,15,15,"0406a2d5e42c369113ab,0de4a1e84cced943a88b,0f1c03815d7ecc1fca88,12bb9b0d295f0288b849,34122dae439e16b53ca4,3b4ef2745c2fd0cd78ca,6a3e1b919896e6714689,701568fac592e4ac02e5,733f20d20a4ddeb82a93,a6f1cc09b606fef7fc79,d53c28c20c9680bceac7,dccc34bcecd760a1a6b7,e8fd0799c86442607272,f2bcce5fcd9b660a1eec,f42b958f839714132cac",0,,paired_own_window_setup_difference_not_synchronized_instrument_error,-0.21830427954285803,15,-0.21194159590560702,-0.22397653675130802,-0.17314662769992162,-0.2600540349484093,-0.11156653978167119,-0.21830427954286913,15,-0.21194159590560702,-0.22397653675131357,-0.17314662769992717,-0.2600540349484093,-0.11156653978167119,0.0,15,0.0,0.0,0.0,0.0,0.0
memmert_archive/durations/yolo/fp16,reported_legacy,jetson,pico,600.0,15,15,15,"0406a2d5e42c369113ab,0de4a1e84cced943a88b,0f1c03815d7ecc1fca88,12bb9b0d295f0288b849,34122dae439e16b53ca4,3b4ef2745c2fd0cd78ca,6a3e1b919896e6714689,701568fac592e4ac02e5,733f20d20a4ddeb82a93,a6f1cc09b606fef7fc79,d53c28c20c9680bceac7,dccc34bcecd760a1a6b7,e8fd0799c86442607272,f2bcce5fcd9b660a1eec,f42b958f839714132cac",15,timestamp_gap_requires_review,paired_own_window_setup_difference_not_synchronized_instrument_error,-1.0251644740186028,15,-1.0623020279456052,-1.1013959287382746,-1.0240941148288107,-1.2202141008105127,-0.9838158344800507,-1.0050206401537642,15,-1.0462287794987146,-1.104328390858611,-1.0281781263863143,-1.209375193870621,-0.9899149475556812,0.0042421926910174435,15,0.0042421926910174435,-0.00856445182723653,0.007295431893694637,-0.020348338870423976,0.012150166112956384
memmert_archive/durations/yolo/fp16,reported_legacy,shelly,pico,600.0,15,15,15,"0406a2d5e42c369113ab,0de4a1e84cced943a88b,0f1c03815d7ecc1fca88,12bb9b0d295f0288b849,34122dae439e16b53ca4,3b4ef2745c2fd0cd78ca,6a3e1b919896e6714689,701568fac592e4ac02e5,733f20d20a4ddeb82a93,a6f1cc09b606fef7fc79,d53c28c20c9680bceac7,dccc34bcecd760a1a6b7,e8fd0799c86442607272,f2bcce5fcd9b660a1eec,f42b958f839714132cac",15,source_time_resolution_coarser_than_detection_bins;timestamp_gap_requires_review,paired_own_window_setup_difference_not_synchronized_instrument_error,-4.2512236072018705,15,-4.208586615958321,-4.224218140126828,-4.176656002162016,-4.3841756117643405,-4.104064726878276,-4.2523200642738175,15,-4.208970734803231,-4.225223377054865,-4.176615291277885,-4.3806804238452735,-4.10522470321335,0.00026245847175587755,15,0.00026245847175587755,-0.0009126245847090875,0.0007213455149646109,-0.0038119601328823194,0.0012096345515022477
memmert_archive/durations/yolo/fp16,envelope_0.5,firmware,pico,5.0,15,15,15,"0d9d6eb46ed3f2cd3b05,0ec40e65e05f64303cb2,2aefec115f72c2369ca8,2d227df5a7f05a0b7a8e,34e6f2a21baaa3a96caa,53e611c911404b3da43b,5ff907cbe6eb8cd805b2,6053a490844c08ec57c4,86936a76ce1779ab9ae5,88905c4d4fc4c7c4cc27,8d5e1c877639adce2a27,9701d91db0cedb04819c,b1048bdb370586c53b02,cd599960fdc75aca4661,da31b8eea35c86b5550c",0,,paired_own_window_setup_difference_not_synchronized_instrument_error,-0.32235047046037524,15,-0.19366835951289962,-0.5144174528961543,-0.0946084722652174,-1.288645754021156,0.07851443687243442,-0.32235047046036414,15,-0.19366835951289962,-0.5144174528961543,-0.09460847226521185,-1.288645754021156,0.07851443687243442,0.0,15,0.0,0.0,0.0,0.0,0.0
memmert_archive/durations/yolo/fp16,envelope_0.5,jetson,pico,5.0,15,15,15,"0d9d6eb46ed3f2cd3b05,0ec40e65e05f64303cb2,2aefec115f72c2369ca8,2d227df5a7f05a0b7a8e,34e6f2a21baaa3a96caa,53e611c911404b3da43b,5ff907cbe6eb8cd805b2,6053a490844c08ec57c4,86936a76ce1779ab9ae5,88905c4d4fc4c7c4cc27,8d5e1c877639adce2a27,9701d91db0cedb04819c,b1048bdb370586c53b02,cd599960fdc75aca4661,da31b8eea35c86b5550c",15,envelope_energy_sensitive_gt1pct;timestamp_gap_requires_review,paired_own_window_setup_difference_not_synchronized_instrument_error,-3.062201214735505,15,-3.154799227034688,-4.101567765846393,-2.8330890421565447,-4.63529679915291,-2.452318877695492,-4.63529679915291,15,-4.63529679915291,-4.829552276968085,-4.425081724809515,-5.230394312149656,-3.8414289424152814,2.083333333333326,15,2.083333333333326,0.0,2.083333333333326,0.0,2.083333333333326
memmert_archive/durations/yolo/fp16,envelope_0.5,shelly,pico,5.0,15,15,15,"0d9d6eb46ed3f2cd3b05,0ec40e65e05f64303cb2,2aefec115f72c2369ca8,2d227df5a7f05a0b7a8e,34e6f2a21baaa3a96caa,53e611c911404b3da43b,5ff907cbe6eb8cd805b2,6053a490844c08ec57c4,86936a76ce1779ab9ae5,88905c4d4fc4c7c4cc27,8d5e1c877639adce2a27,9701d91db0cedb04819c,b1048bdb370586c53b02,cd599960fdc75aca4661,da31b8eea35c86b5550c",15,envelope_energy_sensitive_gt1pct;source_time_resolution_coarser_than_detection_bins,paired_own_window_setup_difference_not_synchronized_instrument_error,-7.121929214852763,15,-6.914292017773227,-7.904072799626698,-6.327610542811573,-10.252677168410374,-4.961857031904682,-9.37381208596687,15,-9.156616790491656,-10.116495812263215,-8.788691547284799,-10.53374142827812,-8.335405904165416,2.083333333333326,15,2.083333333333326,2.083333333333326,3.125,-2.220446049250313e-14,4.166666666666674
memmert_archive/durations/yolo/fp16,envelope_0.5,firmware,pico,10.0,15,15,15,"21665d605b223d9e5872,25155ddaf61a6f6d90a3,3832dd4dc3c4412d7c8c,43ffa1c4d28561bf32b9,4406a2f65904858ef283,4423766177a47dbf170e,555adeb23dce6970c6d8,55f0c1e3b421b00894fa,5ae32412c5308c7fc90c,646aa0af23130624fbba,7fc74fb4b8dfb2ace867,8dfb409541518ea7955d,d173ca7e06954098eb83,d5020ee178cd57e039a2,fa52375903f61d87e6c3",0,,paired_own_window_setup_difference_not_synchronized_instrument_error,-0.32059112978350957,15,-0.33013817462339556,-0.3914496800689282,-0.1754692668205715,-0.9072527834896538,0.5692120598531858,-0.32059112978349846,15,-0.33013817462339556,-0.39144968006892267,-0.17546926682057706,-0.9072527834896538,0.5692120598531858,0.0,15,0.0,0.0,0.0,0.0,0.0
memmert_archive/durations/yolo/fp16,envelope_0.5,jetson,pico,10.0,15,15,15,"21665d605b223d9e5872,25155ddaf61a6f6d90a3,3832dd4dc3c4412d7c8c,43ffa1c4d28561bf32b9,4406a2f65904858ef283,4423766177a47dbf170e,555adeb23dce6970c6d8,55f0c1e3b421b00894fa,5ae32412c5308c7fc90c,646aa0af23130624fbba,7fc74fb4b8dfb2ace867,8dfb409541518ea7955d,d173ca7e06954098eb83,d5020ee178cd57e039a2,fa52375903f61d87e6c3",15,envelope_energy_sensitive_gt1pct;timestamp_gap_requires_review,paired_own_window_setup_difference_not_synchronized_instrument_error,-2.4120844745217584,15,-2.323905904767931,-2.546176729021854,-1.959388586228139,-2.972553124103361,-1.3591179843901902,-3.1253633057121033,15,-2.912821951004896,-3.1064345985521657,-2.77638588687108,-3.431433201314371,-2.355490530002413,1.0204081632652962,15,1.0204081632652962,0.0,1.0204081632652962,0.0,1.0204081632652962
memmert_archive/durations/yolo/fp16,envelope_0.5,shelly,pico,10.0,15,15,15,"21665d605b223d9e5872,25155ddaf61a6f6d90a3,3832dd4dc3c4412d7c8c,43ffa1c4d28561bf32b9,4406a2f65904858ef283,4423766177a47dbf170e,555adeb23dce6970c6d8,55f0c1e3b421b00894fa,5ae32412c5308c7fc90c,646aa0af23130624fbba,7fc74fb4b8dfb2ace867,8dfb409541518ea7955d,d173ca7e06954098eb83,d5020ee178cd57e039a2,fa52375903f61d87e6c3",15,envelope_energy_sensitive_gt1pct;source_time_resolution_coarser_than_detection_bins,paired_own_window_setup_difference_not_synchronized_instrument_error,-5.80370636414016,15,-5.69160084743805,-6.005077831531924,-5.435924378395534,-6.393728792366882,-4.622957091890401,-6.952221718981999,15,-6.824721640374676,-7.0262751556295076,-6.570324216110879,-7.339246683353062,-6.344824560586626,1.0204081632652962,15,1.0204081632652962,1.020408163265285,1.0204081632653073,1.020408163265274,2.0408163265306145
memmert_archive/durations/yolo/fp16,envelope_0.5,firmware,pico,20.0,15,15,15,"0b9bed2afbf4bcb19eab,1a4d14adab209535d293,208794e1e31a67e1ddb3,3700c75c006091cec7ac,5b85538ee49a660cde7d,6c198c847c35909d61fb,9b14fdaefa34e0c53871,b32836f76bd3025d9423,bd32dba402d1d7726243,cf3bc6f9e39cc1d6f207,d3a96fc4cd30426b5189,d43d5ee9a921795a0d66,ddf11679005391784c6e,e1198d9ba951ea1ce301,f39b780e583aa9806846",0,,paired_own_window_setup_difference_not_synchronized_instrument_error,-0.13147126543107124,15,-0.23698411988540835,-0.3136332067530945,-0.17067590382767173,-0.5239939712079589,0.42724726471710106,-0.13147126543104903,15,-0.23698411988539725,-0.31363320675307227,-0.17067590382765507,-0.5239939712079589,0.42724726471712327,-2.220446049250313e-14,15,-2.220446049250313e-14,-2.220446049250313e-14,-2.220446049250313e-14,-2.220446049250313e-14,-2.220446049250313e-14
memmert_archive/durations/yolo/fp16,envelope_0.5,jetson,pico,20.0,15,15,15,"0b9bed2afbf4bcb19eab,1a4d14adab209535d293,208794e1e31a67e1ddb3,3700c75c006091cec7ac,5b85538ee49a660cde7d,6c198c847c35909d61fb,9b14fdaefa34e0c53871,b32836f76bd3025d9423,bd32dba402d1d7726243,cf3bc6f9e39cc1d6f207,d3a96fc4cd30426b5189,d43d5ee9a921795a0d66,ddf11679005391784c6e,e1198d9ba951ea1ce301,f39b780e583aa9806846",15,envelope_energy_sensitive_gt1pct;timestamp_gap_requires_review,paired_own_window_setup_difference_not_synchronized_instrument_error,-1.6595790061598392,15,-1.6581717230739867,-1.886000711701169,-1.5492752897248663,-2.1595698690235254,-1.2457644945885193,-1.958114616631823,15,-1.9660049184836104,-2.1080059444539945,-1.8701299700700114,-2.3699773519475165,-1.65817172307402,0.5050505050504972,15,0.5050505050504972,2.220446049250313e-14,0.5050505050504972,2.220446049250313e-14,0.5050505050504972
memmert_archive/durations/yolo/fp16,envelope_0.5,shelly,pico,20.0,15,15,15,"0b9bed2afbf4bcb19eab,1a4d14adab209535d293,208794e1e31a67e1ddb3,3700c75c006091cec7ac,5b85538ee49a660cde7d,6c198c847c35909d61fb,9b14fdaefa34e0c53871,b32836f76bd3025d9423,bd32dba402d1d7726243,cf3bc6f9e39cc1d6f207,d3a96fc4cd30426b5189,d43d5ee9a921795a0d66,ddf11679005391784c6e,e1198d9ba951ea1ce301,f39b780e583aa9806846",15,envelope_energy_sensitive_gt1pct;source_time_resolution_coarser_than_detection_bins,paired_own_window_setup_difference_not_synchronized_instrument_error,-4.885091652937201,15,-4.73939498780619,-4.966405921179723,-4.476857743763402,-5.358207385829028,-4.090373251621848,-5.373340738868048,15,-5.369749229616039,-5.516115827128248,-5.236999663751874,-5.833794283387672,-5.049469519105642,0.5050505050505194,15,0.5050505050505194,0.5050505050504972,1.0101010101010166,0.5050505050504972,1.0101010101010166
memmert_archive/durations/yolo/fp16,envelope_0.5,firmware,pico,50.0,15,15,15,"0d7ebab5777d35dcdb05,38f9f5421eadd57b08c1,46ca798e0910ab7e893c,53261d7861742902e19a,5a93a180b34bb2dc6b9b,5d673b6e937136a53560,8cda676b3b3cfd27b914,91ed40b8ac71908625f4,9f864bc4e4fa9ba903d7,a3782b782cd6e349f8bf,ae5c1ed9aaac8bb09d5a,b4e230af1bcdb214e42a,bc5da18f5e0a74f2afe0,e991c10f4b1ef926f644,eb6ca91de225502d00e9",0,,paired_own_window_setup_difference_not_synchronized_instrument_error,-0.17528580259391635,15,-0.1963099289872261,-0.2786761729643761,-0.07917272009969056,-0.44753370081187516,0.025079030565899885,-0.17528580259391635,15,-0.1963099289872261,-0.27867617296438163,-0.07917272009968501,-0.44753370081188626,0.025079030565899885,0.0,15,0.0,0.0,0.0,0.0,0.0
memmert_archive/durations/yolo/fp16,envelope_0.5,jetson,pico,50.0,15,15,15,"0d7ebab5777d35dcdb05,38f9f5421eadd57b08c1,46ca798e0910ab7e893c,53261d7861742902e19a,5a93a180b34bb2dc6b9b,5d673b6e937136a53560,8cda676b3b3cfd27b914,91ed40b8ac71908625f4,9f864bc4e4fa9ba903d7,a3782b782cd6e349f8bf,ae5c1ed9aaac8bb09d5a,b4e230af1bcdb214e42a,bc5da18f5e0a74f2afe0,e991c10f4b1ef926f644,eb6ca91de225502d00e9",15,timestamp_gap_requires_review,paired_own_window_setup_difference_not_synchronized_instrument_error,-1.35659033929717,15,-1.2798414590174723,-1.428416905259422,-1.2377210806378158,-1.5419528799794469,-1.1209065225280868,-1.5395330624473513,15,-1.4489726026436722,-1.488118489864726,-1.4116481378356804,-1.6463095996945176,-1.319061018474954,0.20080321285143032,15,0.20080321285143032,2.220446049250313e-14,0.20080321285143032,2.220446049250313e-14,0.20080321285143032
memmert_archive/durations/yolo/fp16,envelope_0.5,shelly,pico,50.0,15,15,15,"0d7ebab5777d35dcdb05,38f9f5421eadd57b08c1,46ca798e0910ab7e893c,53261d7861742902e19a,5a93a180b34bb2dc6b9b,5d673b6e937136a53560,8cda676b3b3cfd27b914,91ed40b8ac71908625f4,9f864bc4e4fa9ba903d7,a3782b782cd6e349f8bf,ae5c1ed9aaac8bb09d5a,b4e230af1bcdb214e42a,bc5da18f5e0a74f2afe0,e991c10f4b1ef926f644,eb6ca91de225502d00e9",15,envelope_energy_sensitive_gt1pct;source_time_resolution_coarser_than_detection_bins,paired_own_window_setup_difference_not_synchronized_instrument_error,-4.664701869674371,15,-4.593066800358258,-4.756342556314669,-4.4589333560559385,-4.898481297896451,-4.420723501855428,-4.9081226139753635,15,-4.835489796847781,-4.896010871469453,-4.7985886916676215,-5.089065503712309,-4.612265138124261,0.20080321285143032,15,0.20080321285143032,0.20080321285140812,0.40160642570281624,2.220446049250313e-14,0.40160642570283844
memmert_archive/durations/yolo/fp16,envelope_0.5,firmware,pico,100.0,15,15,15,"0531635cc4a8bfe9d62d,13908e6bb4f8361d5cba,1e9dac6c5fd13d7ff082,3e49d8862b67fc197227,41c4a0365eebe9bfde48,797d68022e0b8e5cb193,7a677aedbb8a45b6d950,83993fbd60d5cc517127,ae077bede1fc89202a51,b5f2b0e180ee9aed7f11,b910a3b00d2ba1482a3b,c4c5d2d886b1ed561971,d5ed14e1974136f286f5,f118f54d0c56c177e345,fda49cf7eb9900b002a3",0,,paired_own_window_setup_difference_not_synchronized_instrument_error,-0.2632581222288599,15,-0.2623781471577491,-0.3084994295563248,-0.20123932544526268,-0.38563072911382834,-0.057058121401742934,-0.263258122228871,15,-0.2623781471577713,-0.30849942955634146,-0.20123932544526824,-0.38563072911383944,-0.05705812140176514,2.220446049250313e-14,15,2.220446049250313e-14,2.220446049250313e-14,2.220446049250313e-14,2.220446049250313e-14,2.220446049250313e-14
memmert_archive/durations/yolo/fp16,envelope_0.5,jetson,pico,100.0,15,15,15,"0531635cc4a8bfe9d62d,13908e6bb4f8361d5cba,1e9dac6c5fd13d7ff082,3e49d8862b67fc197227,41c4a0365eebe9bfde48,797d68022e0b8e5cb193,7a677aedbb8a45b6d950,83993fbd60d5cc517127,ae077bede1fc89202a51,b5f2b0e180ee9aed7f11,b910a3b00d2ba1482a3b,c4c5d2d886b1ed561971,d5ed14e1974136f286f5,f118f54d0c56c177e345,fda49cf7eb9900b002a3",15,timestamp_gap_requires_review,paired_own_window_setup_difference_not_synchronized_instrument_error,-1.2403902181030046,15,-1.231079107189792,-1.2691839297558238,-1.18645259359626,-1.3248073532058036,-1.0408145554306136,-1.3120752623847598,15,-1.2866600112724669,-1.3281235774068756,-1.239473463714258,-1.4235813198192226,-1.1398727991188684,0.10020040080160886,15,0.10020040080160886,0.05010020040080443,0.10020040080160886,0.0,0.10020040080160886
memmert_archive/durations/yolo/fp16,envelope_0.5,shelly,pico,100.0,15,15,15,"0531635cc4a8bfe9d62d,13908e6bb4f8361d5cba,1e9dac6c5fd13d7ff082,3e49d8862b67fc197227,41c4a0365eebe9bfde48,797d68022e0b8e5cb193,7a677aedbb8a45b6d950,83993fbd60d5cc517127,ae077bede1fc89202a51,b5f2b0e180ee9aed7f11,b910a3b00d2ba1482a3b,c4c5d2d886b1ed561971,d5ed14e1974136f286f5,f118f54d0c56c177e345,fda49cf7eb9900b002a3",15,source_time_resolution_coarser_than_detection_bins,paired_own_window_setup_difference_not_synchronized_instrument_error,-4.449091240917613,15,-4.489545233079594,-4.517051808709128,-4.446673539997348,-4.6628200754815445,-4.28425757946711,-4.615975834883857,15,-4.585151293907352,-4.675805460617077,-4.536881759006556,-4.71834139181585,-4.315131716357601,0.10020040080160886,15,0.10020040080160886,0.10020040080160886,0.20040080160321772,2.220446049250313e-14,0.20040080160321772
memmert_archive/durations/yolo/fp16,envelope_0.5,firmware,pico,200.0,15,15,15,"174c0abbfa05078076b9,205b250bc73e3152c7b5,249287faaf796e598e36,45ba068b39fc89fff234,49804f233781425fcc94,516d09618bc56de93fef,56ab4b15358f34629ca6,596e18ac752db7154cd6,5fb2d184e50112414af9,7f132a5e7ee65696105c,83d08d04d40e14ae5567,b4fea8db5e887167910f,be3b56cfa88aeaee02a5,c6550760b83d255519a0,f026ca88790e48f96622",0,,paired_own_window_setup_difference_not_synchronized_instrument_error,-0.26340071906201246,15,-0.20859216514866885,-0.30335377706089406,-0.19728355181143353,-0.3529048708458493,-0.10908245072763778,-0.26340071906201246,15,-0.20859216514866885,-0.3033537770608885,-0.19728355181142798,-0.3529048708458493,-0.10908245072762668,0.0,15,0.0,0.0,0.0,0.0,0.0
memmert_archive/durations/yolo/fp16,envelope_0.5,jetson,pico,200.0,15,15,15,"174c0abbfa05078076b9,205b250bc73e3152c7b5,249287faaf796e598e36,45ba068b39fc89fff234,49804f233781425fcc94,516d09618bc56de93fef,56ab4b15358f34629ca6,596e18ac752db7154cd6,5fb2d184e50112414af9,7f132a5e7ee65696105c,83d08d04d40e14ae5567,b4fea8db5e887167910f,be3b56cfa88aeaee02a5,c6550760b83d255519a0,f026ca88790e48f96622",15,timestamp_gap_requires_review,paired_own_window_setup_difference_not_synchronized_instrument_error,-1.2526731307316075,15,-1.2272823857237158,-1.2554128407577747,-1.1478690838684968,-1.2852744525496673,-1.1099933746347879,-1.3020714933475452,15,-1.2362471725032242,-1.3048098328334257,-1.1937785123546985,-1.3346565063502958,-1.1219416960859707,0.05005005005005447,15,0.05005005005005447,0.025025025025027237,0.05005005005005447,0.0,0.05005005005005447
memmert_archive/durations/yolo/fp16,envelope_0.5,shelly,pico,200.0,15,15,15,"174c0abbfa05078076b9,205b250bc73e3152c7b5,249287faaf796e598e36,45ba068b39fc89fff234,49804f233781425fcc94,516d09618bc56de93fef,56ab4b15358f34629ca6,596e18ac752db7154cd6,5fb2d184e50112414af9,7f132a5e7ee65696105c,83d08d04d40e14ae5567,b4fea8db5e887167910f,be3b56cfa88aeaee02a5,c6550760b83d255519a0,f026ca88790e48f96622",15,source_time_resolution_coarser_than_detection_bins,paired_own_window_setup_difference_not_synchronized_instrument_error,-4.223040835693858,15,-4.264899375454057,-4.340570459440457,-4.203321972293333,-4.395681045429834,-4.024463497016684,-4.270953271493916,15,-4.337977863588305,-4.3848236685963435,-4.235002105398122,-4.45047480223929,-4.07247527115524,0.05005005005005447,15,0.05005005005005447,0.05005005005005447,0.05005005005005447,0.0,0.15015015015014122
memmert_archive/durations/yolo/fp16,envelope_0.5,firmware,pico,300.0,15,15,15,"053d3db355fbd276022d,11d5f071c0024449e0ed,42c8de7a09171a78535e,4fdf156c2e230abbbbbf,5281263687377a598eb4,5ac24c3dd498a6cc29f9,61c67dcaf08b25ccba90,6b98c6628ec07c095604,7f015f1a3bdf3bec6ead,8868861738826a7191d8,94bea34300e9497b37f1,a25cb83b1012ed1c43d7,a56bf92b920cb5f5ec0c,db7a8481683456c22ed7,e0279f94d93015146563",0,,paired_own_window_setup_difference_not_synchronized_instrument_error,-0.2110467819546713,15,-0.20032271603671603,-0.2186023373929924,-0.1730501146545993,-0.24976047739380114,-0.15930033027292678,-0.2110467819546491,15,-0.20032271603669383,-0.2186023373929813,-0.17305011465458264,-0.24976047739379004,-0.15930033027291568,-2.220446049250313e-14,15,-2.220446049250313e-14,-2.220446049250313e-14,-2.220446049250313e-14,-2.220446049250313e-14,-2.220446049250313e-14
memmert_archive/durations/yolo/fp16,envelope_0.5,jetson,pico,300.0,15,15,15,"053d3db355fbd276022d,11d5f071c0024449e0ed,42c8de7a09171a78535e,4fdf156c2e230abbbbbf,5281263687377a598eb4,5ac24c3dd498a6cc29f9,61c67dcaf08b25ccba90,6b98c6628ec07c095604,7f015f1a3bdf3bec6ead,8868861738826a7191d8,94bea34300e9497b37f1,a25cb83b1012ed1c43d7,a56bf92b920cb5f5ec0c,db7a8481683456c22ed7,e0279f94d93015146563",15,timestamp_gap_requires_review,paired_own_window_setup_difference_not_synchronized_instrument_error,-1.108910481878067,15,-1.1339915232087883,-1.1572388818559654,-1.0593139842530463,-1.2377766677624358,-1.0327043176662776,-1.1418851699468102,15,-1.1499469295853992,-1.186123812189166,-1.0923052100002162,-1.27070838611264,-1.0657044162599272,0.03335557038026682,15,0.03335557038026682,0.03335557038026682,0.03335557038026682,0.0,0.03335557038026682
memmert_archive/durations/yolo/fp16,envelope_0.5,shelly,pico,300.0,15,15,15,"053d3db355fbd276022d,11d5f071c0024449e0ed,42c8de7a09171a78535e,4fdf156c2e230abbbbbf,5281263687377a598eb4,5ac24c3dd498a6cc29f9,61c67dcaf08b25ccba90,6b98c6628ec07c095604,7f015f1a3bdf3bec6ead,8868861738826a7191d8,94bea34300e9497b37f1,a25cb83b1012ed1c43d7,a56bf92b920cb5f5ec0c,db7a8481683456c22ed7,e0279f94d93015146563",15,source_time_resolution_coarser_than_detection_bins,paired_own_window_setup_difference_not_synchronized_instrument_error,-4.193990979966977,15,-4.204408166430862,-4.237803084011388,-4.184649415985731,-4.41579529652687,-4.086769437263326,-4.257861652647,15,-4.243138924290202,-4.279055961850397,-4.225722986537944,-4.4476673221032215,-4.150711590971811,0.03335557038026682,15,0.03335557038026682,0.033355570380244615,0.06671114076051143,0.0,0.06671114076051143
memmert_archive/durations/yolo/fp16,envelope_0.5,firmware,pico,400.0,15,15,15,"04520586051ae7f63d3d,15717a022bf860aa048f,210a22ddf5b3897854f6,4a71f9dd705faf3e0a2b,6a1779c785fb9c430cc4,6b40e6289221739ed318,6d1cac71cbb1343193c5,807e74b48cff77ac539c,980e0f07f55ae1ad4136,9f3154396036485887c2,b264a4c7543d8c94a05f,c447a0eac459803aab85,ca849cf97bd76e72c563,e90c9afec11431555925,f7e406d5a172f0a51209",0,,paired_own_window_setup_difference_not_synchronized_instrument_error,-0.23352848237239154,15,-0.2359550402174837,-0.2555012997632278,-0.17597361863339045,-0.3218520935881042,-0.08119728084006184,-0.23352848237238044,15,-0.2359550402174726,-0.25550129976321667,-0.17597361863336825,-0.3218520935880931,-0.08119728084005073,-1.1102230246251565e-14,15,-1.1102230246251565e-14,-1.1102230246251565e-14,-1.1102230246251565e-14,-1.1102230246251565e-14,-1.1102230246251565e-14
memmert_archive/durations/yolo/fp16,envelope_0.5,jetson,pico,400.0,15,15,15,"04520586051ae7f63d3d,15717a022bf860aa048f,210a22ddf5b3897854f6,4a71f9dd705faf3e0a2b,6a1779c785fb9c430cc4,6b40e6289221739ed318,6d1cac71cbb1343193c5,807e74b48cff77ac539c,980e0f07f55ae1ad4136,9f3154396036485887c2,b264a4c7543d8c94a05f,c447a0eac459803aab85,ca849cf97bd76e72c563,e90c9afec11431555925,f7e406d5a172f0a51209",15,timestamp_gap_requires_review,paired_own_window_setup_difference_not_synchronized_instrument_error,-1.085641636070711,15,-1.1055668049425593,-1.1338599633063162,-1.0652237170627188,-1.2989811366201254,-1.0014854747332214,-1.1103764093550295,15,-1.1259961399082474,-1.1585126145372826,-1.0899635961032217,-1.3236625616922515,-1.0262412923189301,0.02501250625313034,15,0.02501250625313034,0.012506253126576272,0.02501250625313034,2.220446049250313e-14,0.02501250625313034
memmert_archive/durations/yolo/fp16,envelope_0.5,shelly,pico,400.0,15,15,15,"04520586051ae7f63d3d,15717a022bf860aa048f,210a22ddf5b3897854f6,4a71f9dd705faf3e0a2b,6a1779c785fb9c430cc4,6b40e6289221739ed318,6d1cac71cbb1343193c5,807e74b48cff77ac539c,980e0f07f55ae1ad4136,9f3154396036485887c2,b264a4c7543d8c94a05f,c447a0eac459803aab85,ca849cf97bd76e72c563,e90c9afec11431555925,f7e406d5a172f0a51209",15,source_time_resolution_coarser_than_detection_bins,paired_own_window_setup_difference_not_synchronized_instrument_error,-4.118123615789471,15,-4.127490916287391,-4.230262323753009,-4.086167006049507,-4.361377752657436,-4.022752565703824,-4.136453160201703,15,-4.153952057050847,-4.254210745277447,-4.115860171248325,-4.40826139271413,-4.070741189420978,0.02501250625313034,15,0.02501250625313034,0.025012506253108135,0.03751875937969551,0.0,0.05002501250626068
memmert_archive/durations/yolo/fp16,envelope_0.5,firmware,pico,500.0,15,15,15,"077ed548c34ac6f4f528,0e5cea11e4bef03b9802,1387c4d2d7ad73bf4280,1f78dd5df0f2f7c80e4d,2462d4867e653d87d60a,3b9f1da2f05fb08cf987,65e928f30472d61941a1,74cc22baf2d6249f0a7f,7f024cd6b977315a828b,8609c8b042b7e4e48052,884fef27c2d790422dd7,a986617f3f0d2a22bdba,d8c948063d4a94426a6f,eb39df07a1bfa03ea464,ff47cd13765e91020244",0,,paired_own_window_setup_difference_not_synchronized_instrument_error,-0.13043134589801886,15,-0.1825679614004483,-0.21653253000458172,-0.14212201194892526,-0.2526600175010829,-0.049220728358334576,-0.13043134589801886,15,-0.18256796140042608,-0.21653253000457062,-0.1421220119489086,-0.2526600175010829,-0.04922072835831237,-1.1102230246251565e-14,15,-1.1102230246251565e-14,-1.1102230246251565e-14,-1.1102230246251565e-14,-1.1102230246251565e-14,-1.1102230246251565e-14
memmert_archive/durations/yolo/fp16,envelope_0.5,jetson,pico,500.0,15,15,15,"077ed548c34ac6f4f528,0e5cea11e4bef03b9802,1387c4d2d7ad73bf4280,1f78dd5df0f2f7c80e4d,2462d4867e653d87d60a,3b9f1da2f05fb08cf987,65e928f30472d61941a1,74cc22baf2d6249f0a7f,7f024cd6b977315a828b,8609c8b042b7e4e48052,884fef27c2d790422dd7,a986617f3f0d2a22bdba,d8c948063d4a94426a6f,eb39df07a1bfa03ea464,ff47cd13765e91020244",15,timestamp_gap_requires_review,paired_own_window_setup_difference_not_synchronized_instrument_error,-0.9394279295154462,15,-1.0665830266430087,-1.161434588189758,-1.0098963347997092,-1.2467827818302912,-0.9302238297201448,-0.9790521583436407,15,-1.0868165442705413,-1.1812062556056102,-1.0296983159289785,-1.266537376192789,-0.9500417485379775,0.02000800320127727,15,0.02000800320127727,0.02000800320127727,0.02000800320127727,0.02000800320127727,0.04001600640255454
memmert_archive/durations/yolo/fp16,envelope_0.5,shelly,pico,500.0,15,15,15,"077ed548c34ac6f4f528,0e5cea11e4bef03b9802,1387c4d2d7ad73bf4280,1f78dd5df0f2f7c80e4d,2462d4867e653d87d60a,3b9f1da2f05fb08cf987,65e928f30472d61941a1,74cc22baf2d6249f0a7f,7f024cd6b977315a828b,8609c8b042b7e4e48052,884fef27c2d790422dd7,a986617f3f0d2a22bdba,d8c948063d4a94426a6f,eb39df07a1bfa03ea464,ff47cd13765e91020244",15,source_time_resolution_coarser_than_detection_bins,paired_own_window_setup_difference_not_synchronized_instrument_error,-4.277698342761893,15,-4.291089353935639,-4.327747828141115,-4.2665034920863265,-4.405177657148862,-4.106829895402719,-4.298515183068641,15,-4.3178782788993,-4.33524450570999,-4.295225912061951,-4.4222586096649525,-4.126012365917731,0.02000800320127727,15,0.02000800320127727,0.02000800320127727,0.02000800320127727,-0.020028039254960106,0.04001600640257674
memmert_archive/durations/yolo/fp16,envelope_0.5,firmware,pico,600.0,15,15,15,"0406a2d5e42c369113ab,0de4a1e84cced943a88b,0f1c03815d7ecc1fca88,12bb9b0d295f0288b849,34122dae439e16b53ca4,3b4ef2745c2fd0cd78ca,6a3e1b919896e6714689,701568fac592e4ac02e5,733f20d20a4ddeb82a93,a6f1cc09b606fef7fc79,d53c28c20c9680bceac7,dccc34bcecd760a1a6b7,e8fd0799c86442607272,f2bcce5fcd9b660a1eec,f42b958f839714132cac",0,,paired_own_window_setup_difference_not_synchronized_instrument_error,-0.21704661433123995,15,-0.21245151592764744,-0.2242174417202314,-0.17344176883050122,-0.26040580757750176,-0.11140811936389827,-0.21704661433123995,15,-0.21245151592764744,-0.22421744172023694,-0.17344176883049012,-0.26040580757749066,-0.11140811936389827,0.0,15,0.0,0.0,0.0,0.0,2.220446049250313e-14
memmert_archive/durations/yolo/fp16,envelope_0.5,jetson,pico,600.0,15,15,15,"0406a2d5e42c369113ab,0de4a1e84cced943a88b,0f1c03815d7ecc1fca88,12bb9b0d295f0288b849,34122dae439e16b53ca4,3b4ef2745c2fd0cd78ca,6a3e1b919896e6714689,701568fac592e4ac02e5,733f20d20a4ddeb82a93,a6f1cc09b606fef7fc79,d53c28c20c9680bceac7,dccc34bcecd760a1a6b7,e8fd0799c86442607272,f2bcce5fcd9b660a1eec,f42b958f839714132cac",15,timestamp_gap_requires_review,paired_own_window_setup_difference_not_synchronized_instrument_error,-1.0390093815364376,15,-1.067285435358134,-1.1144523027880826,-1.0421425454011257,-1.2286072546278337,-0.9983435170936694,-1.0390093815364598,15,-1.0837769697079946,-1.1309359746829561,-1.0503903660466718,-1.2450773884856825,-1.0148465436785936,0.016672224074709696,15,0.016672224074709696,0.00833611203736595,0.016672224074709696,2.220446049250313e-14,0.016677785190144512
memmert_archive/durations/yolo/fp16,envelope_0.5,shelly,pico,600.0,15,15,15,"0406a2d5e42c369113ab,0de4a1e84cced943a88b,0f1c03815d7ecc1fca88,12bb9b0d295f0288b849,34122dae439e16b53ca4,3b4ef2745c2fd0cd78ca,6a3e1b919896e6714689,701568fac592e4ac02e5,733f20d20a4ddeb82a93,a6f1cc09b606fef7fc79,d53c28c20c9680bceac7,dccc34bcecd760a1a6b7,e8fd0799c86442607272,f2bcce5fcd9b660a1eec,f42b958f839714132cac",15,source_time_resolution_coarser_than_detection_bins;timestamp_gap_requires_review,paired_own_window_setup_difference_not_synchronized_instrument_error,-4.253852848805018,15,-4.222956646463194,-4.2343216577509555,-4.202996400582403,-4.377406903651126,-4.121543305236031,-4.281210872341623,15,-4.241812069253004,-4.253296205813806,-4.219300283057259,-4.425226170077035,-4.153502790800967,0.01667222407468749,15,0.016672224074709696,0.01667222407468749,0.025008336112053442,2.220446049250313e-14,0.050033355570389126
memmert_archive/durations/yolo/fp32,reported_legacy,firmware,pico,5.0,15,15,15,"0710f22f1414f9cc511f,13c5cfdb806dc5dd90f3,3676743cbb26287ee07d,5311fcec404ca9181c5e,5559d2700750ce75e780,6ac3b4f621fb8a3cd378,7c40e59786ba83410b7c,7dd6db4ff2b548193255,8b581479fa9cce468089,98b652257fca719b0fc8,abeed54d50db84f150c6,b4964bbc66a2b56f8a5e,cfd7276f29efb78a2e49,e3bc91be6e092611fccb,fbcb9e6aa0d83c566297",15,envelope_energy_sensitive_gt1pct,paired_own_window_setup_difference_not_synchronized_instrument_error,-0.3328776239318265,15,-0.40516539263275586,-0.5047787924190583,-0.108377649678848,-0.8140286745431213,0.08042721738910075,-0.3328776239318376,15,-0.40516539263273366,-0.5047787924190639,-0.10837764967884245,-0.8140286745431102,0.08042721738910075,0.0,15,0.0,0.0,0.0,0.0,0.0
memmert_archive/durations/yolo/fp32,reported_legacy,jetson,pico,5.0,15,15,15,"0710f22f1414f9cc511f,13c5cfdb806dc5dd90f3,3676743cbb26287ee07d,5311fcec404ca9181c5e,5559d2700750ce75e780,6ac3b4f621fb8a3cd378,7c40e59786ba83410b7c,7dd6db4ff2b548193255,8b581479fa9cce468089,98b652257fca719b0fc8,abeed54d50db84f150c6,b4964bbc66a2b56f8a5e,cfd7276f29efb78a2e49,e3bc91be6e092611fccb,fbcb9e6aa0d83c566297",15,envelope_energy_sensitive_gt1pct;timestamp_gap_requires_review,paired_own_window_setup_difference_not_synchronized_instrument_error,-1.948685682038942,15,-2.5478257203916055,-2.747147409678968,-1.6457273366789815,-3.2078325903451943,-1.0818990854330246,0.2856568977650298,15,-0.5835371397705513,-1.2585766495577744,0.38015924872689677,-2.1479412625355354,0.8879034402513364,-2.0382857142857147,15,-2.0382857142857147,-3.125800000000001,-0.5547214285714308,-3.7613428571428575,0.5287142857142824
memmert_archive/durations/yolo/fp32,reported_legacy,shelly,pico,5.0,15,15,15,"0710f22f1414f9cc511f,13c5cfdb806dc5dd90f3,3676743cbb26287ee07d,5311fcec404ca9181c5e,5559d2700750ce75e780,6ac3b4f621fb8a3cd378,7c40e59786ba83410b7c,7dd6db4ff2b548193255,8b581479fa9cce468089,98b652257fca719b0fc8,abeed54d50db84f150c6,b4964bbc66a2b56f8a5e,cfd7276f29efb78a2e49,e3bc91be6e092611fccb,fbcb9e6aa0d83c566297",15,envelope_energy_sensitive_gt1pct;source_time_resolution_coarser_than_detection_bins,paired_own_window_setup_difference_not_synchronized_instrument_error,-5.541507976290938,15,-5.685299587991432,-6.574613631680326,-5.003941346462575,-8.024171814371861,-4.392933228363615,-5.564469301040886,15,-5.652793096755426,-6.743814020568667,-5.138071997133192,-8.155037764848071,-4.282502584202197,0.13668571428573362,15,0.13668571428573362,0.016700000000002824,0.20133571428571084,-0.2278571428571352,0.6400714285714093
memmert_archive/durations/yolo/fp32,reported_legacy,firmware,pico,10.0,15,15,15,"113163a504a23c88b449,1f245cb614c08ca8f9fc,59dcb8e65965e98372b1,5a4e5cbfd512a8a08822,5e88347f520fed4c151e,7d6467aeae2bd8b551f2,7f0a19eb18085e59d3ba,8a1997e8d6867d09e683,b83cf3e4a1b0bc832093,cb92f6384f836119cd01,cfce8b189efc2f25cf57,dd93946476970595abeb,e5aa2e5a03ea516d68f5,f3a8a47f7392df19e788,f83f87d97d935edf7956",0,,paired_own_window_setup_difference_not_synchronized_instrument_error,-0.304576724954142,15,-0.16403462431495708,-0.3260570462011392,-0.1308452147095407,-1.0213597349062353,0.22958698800370492,-0.3045767249541309,15,-0.16403462431495708,-0.32605704620114473,-0.1308452147095407,-1.0213597349062353,0.22958698800370492,0.0,15,0.0,0.0,0.0,0.0,0.0
memmert_archive/durations/yolo/fp32,reported_legacy,jetson,pico,10.0,15,15,15,"113163a504a23c88b449,1f245cb614c08ca8f9fc,59dcb8e65965e98372b1,5a4e5cbfd512a8a08822,5e88347f520fed4c151e,7d6467aeae2bd8b551f2,7f0a19eb18085e59d3ba,8a1997e8d6867d09e683,b83cf3e4a1b0bc832093,cb92f6384f836119cd01,cfce8b189efc2f25cf57,dd93946476970595abeb,e5aa2e5a03ea516d68f5,f3a8a47f7392df19e788,f83f87d97d935edf7956",15,envelope_energy_sensitive_gt1pct;timestamp_gap_requires_review,paired_own_window_setup_difference_not_synchronized_instrument_error,-1.6394491807830591,15,-1.6569727708730886,-1.9339478603911942,-1.4854612324648298,-2.3757349980203846,-1.2288675662917803,-0.8996954351668918,15,-0.7686895331472599,-1.3614697109958662,-0.3808891618210075,-1.7663354225082362,0.09101130831239423,-0.8337583333333232,15,-0.8337583333333232,-1.594558333333329,-0.1125583333333291,-2.144849999999998,0.2846416666666629
memmert_archive/durations/yolo/fp32,reported_legacy,shelly,pico,10.0,15,15,15,"113163a504a23c88b449,1f245cb614c08ca8f9fc,59dcb8e65965e98372b1,5a4e5cbfd512a8a08822,5e88347f520fed4c151e,7d6467aeae2bd8b551f2,7f0a19eb18085e59d3ba,8a1997e8d6867d09e683,b83cf3e4a1b0bc832093,cb92f6384f836119cd01,cfce8b189efc2f25cf57,dd93946476970595abeb,e5aa2e5a03ea516d68f5,f3a8a47f7392df19e788,f83f87d97d935edf7956",15,envelope_energy_sensitive_gt1pct;source_time_resolution_coarser_than_detection_bins,paired_own_window_setup_difference_not_synchronized_instrument_error,-4.802404232737157,15,-5.0178293979403215,-5.270724800010335,-4.310522654687999,-6.207993203150853,-4.03400309318156,-4.908858765349344,15,-4.725376481371335,-5.259612347135622,-4.408500851839731,-6.1365709556004955,-4.11307495406078,0.00969166666668908,15,0.00969166666668908,-0.05605000000000748,0.08688750000001022,-0.5564666666666551,0.15132500000001325
memmert_archive/durations/yolo/fp32,reported_legacy,firmware,pico,20.0,15,15,15,"014c0873db921382149f,0ba0dcaccb1b65349770,1b9a0c0e24807e8499a0,30062add6c918ca42323,452a0d53e4e99db7a6ae,687564744557bdda3bbe,8957b5c248d7459e9594,8a190e4e09efbbdbdc78,8cdb184f77de0cf3e8a6,9bdd379d99c4051b2e4b,a4cd6813f332d55eca97,ac7b898381580b5fc060,e931084ac6fa1e4442fc,eff5338076a5f058e959,fb42d73713193b1390ff",0,,paired_own_window_setup_difference_not_synchronized_instrument_error,-0.2331667151084793,15,-0.21516560447318867,-0.3349449483194822,-0.02351579750049515,-0.830158663307734,0.2041992537201054,-0.2331667151084793,15,-0.21516560447319977,-0.3349449483194822,-0.0235157975005007,-0.830158663307734,0.2041992537201054,0.0,15,0.0,0.0,0.0,0.0,0.0
memmert_archive/durations/yolo/fp32,reported_legacy,jetson,pico,20.0,15,15,15,"014c0873db921382149f,0ba0dcaccb1b65349770,1b9a0c0e24807e8499a0,30062add6c918ca42323,452a0d53e4e99db7a6ae,687564744557bdda3bbe,8957b5c248d7459e9594,8a190e4e09efbbdbdc78,8cdb184f77de0cf3e8a6,9bdd379d99c4051b2e4b,a4cd6813f332d55eca97,ac7b898381580b5fc060,e931084ac6fa1e4442fc,eff5338076a5f058e959,fb42d73713193b1390ff",15,envelope_energy_sensitive_gt1pct;timestamp_gap_requires_review,paired_own_window_setup_difference_not_synchronized_instrument_error,-1.604138215002937,15,-1.543800567466036,-1.6173318500072031,-1.443769177083043,-1.8922649984519313,-1.1572541928597357,-0.8113374032920118,15,-1.0263163534630415,-1.2650847807108512,-0.7505240791444934,-1.7290873194741208,-0.5077782526834884,-0.5838136363636393,15,-0.5838136363636393,-0.9314522727272734,-0.20407272727272496,-1.0462818181818156,0.37845000000000795
memmert_archive/durations/yolo/fp32,reported_legacy,shelly,pico,20.0,15,15,15,"014c0873db921382149f,0ba0dcaccb1b65349770,1b9a0c0e24807e8499a0,30062add6c918ca42323,452a0d53e4e99db7a6ae,687564744557bdda3bbe,8957b5c248d7459e9594,8a190e4e09efbbdbdc78,8cdb184f77de0cf3e8a6,9bdd379d99c4051b2e4b,a4cd6813f332d55eca97,ac7b898381580b5fc060,e931084ac6fa1e4442fc,eff5338076a5f058e959,fb42d73713193b1390ff",15,envelope_energy_sensitive_gt1pct;source_time_resolution_coarser_than_detection_bins,paired_own_window_setup_difference_not_synchronized_instrument_error,-4.745085481559796,15,-4.866584482759917,-5.0551199822659605,-4.555234712060091,-5.53281423834483,-4.344239762105129,-4.727334451737864,15,-4.8399569725382285,-5.061686227206952,-4.602815067263205,-5.565269738140732,-4.313254654203169,0.006204545454546739,15,0.006204545454546739,-0.013481818181820815,0.03704090909090185,-0.08658636363637617,0.1116818181818191
memmert_archive/durations/yolo/fp32,reported_legacy,firmware,pico,50.0,15,15,15,"075572570ae6e76dfc74,0c20f6241d1e0d426243,3c8e8bccbbcf627c2e1c,46e02586d613227c5488,5030dec21b6ee6a4529c,655cf938400df8c7d019,67bb8b67ba05ed72ea3f,6a5399d2828852063a74,757245ba91a7898df1d3,7e1b8343cacc48ca64d7,86f84fb4a376c8ac27e1,be541518d7a2cb75e591,d6296bf7b193acc2da1a,dab43e433d62587679df,e037c9fddcf55d60196c",0,,paired_own_window_setup_difference_not_synchronized_instrument_error,-0.2435573702993521,15,-0.18543269499292636,-0.2608862594731698,-0.13206476756741914,-0.30134736715971,-0.051221512238130984,-0.2435573702993521,15,-0.18543269499291526,-0.26088625947317534,-0.13206476756741914,-0.3013473671597211,-0.051221512238130984,0.0,15,0.0,0.0,0.0,0.0,0.0
memmert_archive/durations/yolo/fp32,reported_legacy,jetson,pico,50.0,15,15,15,"075572570ae6e76dfc74,0c20f6241d1e0d426243,3c8e8bccbbcf627c2e1c,46e02586d613227c5488,5030dec21b6ee6a4529c,655cf938400df8c7d019,67bb8b67ba05ed72ea3f,6a5399d2828852063a74,757245ba91a7898df1d3,7e1b8343cacc48ca64d7,86f84fb4a376c8ac27e1,be541518d7a2cb75e591,d6296bf7b193acc2da1a,dab43e433d62587679df,e037c9fddcf55d60196c",15,timestamp_gap_requires_review,paired_own_window_setup_difference_not_synchronized_instrument_error,-1.4655492776074697,15,-1.3271631911913162,-1.3902804414763326,-1.2087168756072408,-1.5761616161925063,-1.034164955494421,-1.1246036104470059,15,-0.9386177797513717,-1.12079532291256,-0.8488490839653695,-1.2576506400852838,-0.6517256840589347,-0.3849480769230751,15,-0.3849480769230751,-0.3915711538461486,-0.3692394230769225,-0.4091019230769266,0.04824038461537228
memmert_archive/durations/yolo/fp32,reported_legacy,shelly,pico,50.0,15,15,15,"075572570ae6e76dfc74,0c20f6241d1e0d426243,3c8e8bccbbcf627c2e1c,46e02586d613227c5488,5030dec21b6ee6a4529c,655cf938400df8c7d019,67bb8b67ba05ed72ea3f,6a5399d2828852063a74,757245ba91a7898df1d3,7e1b8343cacc48ca64d7,86f84fb4a376c8ac27e1,be541518d7a2cb75e591,d6296bf7b193acc2da1a,dab43e433d62587679df,e037c9fddcf55d60196c",15,envelope_energy_sensitive_gt1pct;source_time_resolution_coarser_than_detection_bins,paired_own_window_setup_difference_not_synchronized_instrument_error,-4.873317554903533,15,-4.850009895521024,-4.894017299816516,-4.792842203276365,-5.065595020418135,-4.542119711140302,-4.875617003930954,15,-4.87295122083371,-4.892830781036178,-4.791345596304186,-5.0926217215248375,-4.576365785404013,0.008836538461531873,15,0.008836538461531873,-0.0012624999999932829,0.03171730769230274,-0.031398076923072615,0.06361730769230967
memmert_archive/durations/yolo/fp32,reported_legacy,firmware,pico,100.0,15,15,15,"14a35926802a884c1447,232106e6361dfd828cf1,3043a43baa9908b55e0f,3310a53c43042525e5d0,3ac719e727419cdf54ee,40abb02362166c297c16,4de6759aa830b6e82243,7c92920937fd7b50ea4d,980474f34d5a1ee2988d,aca3486eb5b79aa3312e,af30003f3c275f41ab4e,c4f33e0eb0343d08085d,c80b9c75162a37896643,ead008f066c6a0bde007,ffe20de518ba9819f1b2",0,,paired_own_window_setup_difference_not_synchronized_instrument_error,-0.16376199515010237,15,-0.15826210467918544,-0.19605274075193968,-0.1090256861263128,-0.3032066374829778,-0.04355601917843677,-0.16376199515009127,15,-0.15826210467918544,-0.19605274075192858,-0.1090256861263239,-0.3032066374829778,-0.043556019178425665,0.0,15,0.0,0.0,0.0,0.0,0.0
memmert_archive/durations/yolo/fp32,reported_legacy,jetson,pico,100.0,15,15,15,"14a35926802a884c1447,232106e6361dfd828cf1,3043a43baa9908b55e0f,3310a53c43042525e5d0,3ac719e727419cdf54ee,40abb02362166c297c16,4de6759aa830b6e82243,7c92920937fd7b50ea4d,980474f34d5a1ee2988d,aca3486eb5b79aa3312e,af30003f3c275f41ab4e,c4f33e0eb0343d08085d,c80b9c75162a37896643,ead008f066c6a0bde007,ffe20de518ba9819f1b2",15,timestamp_gap_requires_review,paired_own_window_setup_difference_not_synchronized_instrument_error,-1.2003996612581336,15,-1.2003996612581336,-1.2253490775159803,-1.1442858252173005,-1.291133383872356,-1.0816787076613044,-1.008163458822009,15,-0.9993831678327236,-1.0345772303711809,-0.9677300507552555,-1.10434275690654,-0.9100811979805945,-0.18643921568627375,15,-0.18643921568627375,-0.19366568627450786,-0.1849730392156912,-0.2127127450980537,-0.15548235294117196
memmert_archive/durations/yolo/fp32,reported_legacy,shelly,pico,100.0,15,15,15,"14a35926802a884c1447,232106e6361dfd828cf1,3043a43baa9908b55e0f,3310a53c43042525e5d0,3ac719e727419cdf54ee,40abb02362166c297c16,4de6759aa830b6e82243,7c92920937fd7b50ea4d,980474f34d5a1ee2988d,aca3486eb5b79aa3312e,af30003f3c275f41ab4e,c4f33e0eb0343d08085d,c80b9c75162a37896643,ead008f066c6a0bde007,ffe20de518ba9819f1b2",15,source_time_resolution_coarser_than_detection_bins,paired_own_window_setup_difference_not_synchronized_instrument_error,-4.223049277296875,15,-4.202572551102679,-4.25994741933422,-4.161372699346838,-4.4257568278949,-4.076623071856755,-4.21954390040844,15,-4.215131864448773,-4.284312627784553,-4.170863993707568,-4.498868561724523,-4.097496909808774,0.007142156862749438,15,0.007142156862749438,0.0027990196078464535,0.01712843137254838,-0.0186450980392161,0.07655588235295774
memmert_archive/durations/yolo/fp32,reported_legacy,firmware,pico,200.0,15,15,15,"2ac0bbcdac4a69db8d01,2d7dcf887852a97759a0,40a490d24c90e24ff2dc,44659adec364bf8fa5dd,5783a05d1281ceccf148,656e7f752806adc170c0,745e29d3460e309b60d8,8d846f07567588e6e423,98bac9b6eeb2e0fcf689,bfe03b80d8795a5e5d79,de0071d41e45e314c978,e4d77275e83f1d4e42c0,ecce82870b055f348348,f2f6b9f372ab95190e45,f3386ac5de720e062be1",0,,paired_own_window_setup_difference_not_synchronized_instrument_error,-0.12653950841751138,15,-0.16639361194177305,-0.1937162763250455,-0.09648476231977621,-0.25376648489208176,-0.028936819037217454,-0.12653950841751138,15,-0.16639361194177305,-0.19371627632505106,-0.09648476231977621,-0.25376648489208176,-0.02893681903720635,0.0,15,0.0,0.0,0.0,0.0,0.0
memmert_archive/durations/yolo/fp32,reported_legacy,jetson,pico,200.0,15,15,15,"2ac0bbcdac4a69db8d01,2d7dcf887852a97759a0,40a490d24c90e24ff2dc,44659adec364bf8fa5dd,5783a05d1281ceccf148,656e7f752806adc170c0,745e29d3460e309b60d8,8d846f07567588e6e423,98bac9b6eeb2e0fcf689,bfe03b80d8795a5e5d79,de0071d41e45e314c978,e4d77275e83f1d4e42c0,ecce82870b055f348348,f2f6b9f372ab95190e45,f3386ac5de720e062be1",15,timestamp_gap_requires_review,paired_own_window_setup_difference_not_synchronized_instrument_error,-1.138471515522399,15,-1.165082086033331,-1.1965601257050151,-1.130270916867071,-1.2940959589187617,-0.8306387542071914,-1.1249843574950846,15,-1.1332190845265266,-1.1538405625769133,-1.0572007218219825,-1.2673814539719719,-0.8557693626086493,-0.027057425742571528,15,-0.027057425742571528,-0.09086410891088748,-0.00197054455445822,-0.10598960396039914,0.03264455445544101
memmert_archive/durations/yolo/fp32,reported_legacy,shelly,pico,200.0,15,15,15,"2ac0bbcdac4a69db8d01,2d7dcf887852a97759a0,40a490d24c90e24ff2dc,44659adec364bf8fa5dd,5783a05d1281ceccf148,656e7f752806adc170c0,745e29d3460e309b60d8,8d846f07567588e6e423,98bac9b6eeb2e0fcf689,bfe03b80d8795a5e5d79,de0071d41e45e314c978,e4d77275e83f1d4e42c0,ecce82870b055f348348,f2f6b9f372ab95190e45,f3386ac5de720e062be1",15,source_time_resolution_coarser_than_detection_bins,paired_own_window_setup_difference_not_synchronized_instrument_error,-4.481898557593167,15,-4.481898557593167,-4.53390748396571,-4.430720959703349,-4.603034818565321,-4.402964953009702,-4.481986036962404,15,-4.481986036962404,-4.533185788456001,-4.431994569849857,-4.601140537251935,-4.405364756946928,0.0010727722772108095,15,0.0010727722772108095,-0.0007559405940549269,0.0026309405940616593,-0.007851980198014807,0.01257326732673203
memmert_archive/durations/yolo/fp32,reported_legacy,firmware,pico,300.0,15,15,15,"2521bb4c75cd99b977c5,40af7a0a1324e8c10d3a,457adacbd21e3752b8b4,521eb70619f041328fa6,548b01440b53d1cddd3b,57bf657ad02df09cd1d1,744fe3dc679a4de8f0de,8612dbd79f55aed65724,8ce45bf7cef5299b05f8,a271e3030c7ea0a0c936,b75fd93b4740628cb575,bdccd0093d94a7ae59e5,e8d1816ea0d24ba6e59e,f345b672e40e283a906b,f9fd486469fc4c2b1d5c",0,,paired_own_window_setup_difference_not_synchronized_instrument_error,-0.14523256049405742,15,-0.14321837042224894,-0.15914847269558607,-0.12294958821296165,-0.18310736075977108,-0.057010459158413074,-0.14523256049406852,15,-0.14321837042226004,-0.15914847269559163,-0.12294958821297275,-0.18310736075977108,-0.05701045915840197,0.0,15,0.0,0.0,0.0,0.0,0.0
memmert_archive/durations/yolo/fp32,reported_legacy,jetson,pico,300.0,15,15,15,"2521bb4c75cd99b977c5,40af7a0a1324e8c10d3a,457adacbd21e3752b8b4,521eb70619f041328fa6,548b01440b53d1cddd3b,57bf657ad02df09cd1d1,744fe3dc679a4de8f0de,8612dbd79f55aed65724,8ce45bf7cef5299b05f8,a271e3030c7ea0a0c936,b75fd93b4740628cb575,bdccd0093d94a7ae59e5,e8d1816ea0d24ba6e59e,f345b672e40e283a906b,f9fd486469fc4c2b1d5c",15,timestamp_gap_requires_review,paired_own_window_setup_difference_not_synchronized_instrument_error,-1.2637640956721374,15,-1.1077161524253754,-1.251695358215299,-1.0158293516443928,-1.305152332162074,-0.9241065887782618,-1.237082936804501,15,-1.061300627876982,-1.2230352354142549,-0.977626822102412,-1.2869623303530697,-0.8872064362711929,-0.03723046357615445,15,-0.03723046357615445,-0.044690066225167024,-0.01080132450330673,-0.0703903973509945,0.01775430463577532
memmert_archive/durations/yolo/fp32,reported_legacy,shelly,pico,300.0,15,15,15,"2521bb4c75cd99b977c5,40af7a0a1324e8c10d3a,457adacbd21e3752b8b4,521eb70619f041328fa6,548b01440b53d1cddd3b,57bf657ad02df09cd1d1,744fe3dc679a4de8f0de,8612dbd79f55aed65724,8ce45bf7cef5299b05f8,a271e3030c7ea0a0c936,b75fd93b4740628cb575,bdccd0093d94a7ae59e5,e8d1816ea0d24ba6e59e,f345b672e40e283a906b,f9fd486469fc4c2b1d5c",15,source_time_resolution_coarser_than_detection_bins,paired_own_window_setup_difference_not_synchronized_instrument_error,-4.446983528515069,15,-4.430938625193582,-4.510949660529812,-4.367438211051056,-4.574550375770836,-4.228169250842406,-4.449130891921138,15,-4.428325910818454,-4.5085415004398826,-4.367091199698408,-4.549458985933629,-4.2280281298904825,-0.0008976821192163698,15,-0.0008976821192163698,-0.0031587748344386046,0.00146754966886542,-0.031725165562923596,0.004905960264900422
memmert_archive/durations/yolo/fp32,reported_legacy,firmware,pico,400.0,15,15,15,"047cb3467bc5a9685164,1c9cce0e0a32b112b1ce,210e6021108c9b0fefda,27e66229af36a2cddca5,350fcb7719533799fc7c,3703956976e47e4018c4,39c48749c330bbed4ae5,746a65811c1f3a1b23a0,7b9b4122d08dc5286475,7d02e950c7c5acad581a,7e229891f46fda3498a6,a0d66fa6fca6f1c8f553,bf685ccbcabf5575056c,c889fab501cfde860d14,f833ae5b2c5738088c3a",0,,paired_own_window_setup_difference_not_synchronized_instrument_error,-0.1520167178797882,15,-0.14702733462889084,-0.1986713116315708,-0.12265272812490569,-0.23924321659768433,-0.10801548499594915,-0.1520167178797771,15,-0.14702733462889084,-0.19867131163157636,-0.12265272812490569,-0.23924321659767323,-0.10801548499594915,0.0,15,0.0,0.0,0.0,0.0,0.0
memmert_archive/durations/yolo/fp32,reported_legacy,jetson,pico,400.0,15,15,15,"047cb3467bc5a9685164,1c9cce0e0a32b112b1ce,210e6021108c9b0fefda,27e66229af36a2cddca5,350fcb7719533799fc7c,3703956976e47e4018c4,39c48749c330bbed4ae5,746a65811c1f3a1b23a0,7b9b4122d08dc5286475,7d02e950c7c5acad581a,7e229891f46fda3498a6,a0d66fa6fca6f1c8f553,bf685ccbcabf5575056c,c889fab501cfde860d14,f833ae5b2c5738088c3a",15,terminal_duplicate_power_row_excluded_in_derived_view;timestamp_gap_requires_review,paired_own_window_setup_difference_not_synchronized_instrument_error,-1.2211467794847275,15,-1.116191000537159,-1.2101564410423704,-1.0655053881218512,-1.3298914969393505,-0.9429167012591777,-1.21699568174356,15,-1.0982687694012117,-1.2006699361217454,-1.0503472492056243,-1.2872338309222076,-0.9305303066913684,-0.012502736318420471,15,-0.012502736318420471,-0.03409315920397393,-0.005021019900486312,-0.04990099502487633,0.01986517412935207
memmert_archive/durations/yolo/fp32,reported_legacy,shelly,pico,400.0,15,15,15,"047cb3467bc5a9685164,1c9cce0e0a32b112b1ce,210e6021108c9b0fefda,27e66229af36a2cddca5,350fcb7719533799fc7c,3703956976e47e4018c4,39c48749c330bbed4ae5,746a65811c1f3a1b23a0,7b9b4122d08dc5286475,7d02e950c7c5acad581a,7e229891f46fda3498a6,a0d66fa6fca6f1c8f553,bf685ccbcabf5575056c,c889fab501cfde860d14,f833ae5b2c5738088c3a",15,source_time_resolution_coarser_than_detection_bins,paired_own_window_setup_difference_not_synchronized_instrument_error,-4.4196606340326845,15,-4.405819777737385,-4.4963743870228,-4.250687078625942,-4.612014400053366,-3.8884927351190313,-4.419416689558842,15,-4.405843795174624,-4.49728878899035,-4.252755302350691,-4.610967018979794,-3.8935373681240004,2.512437811130752e-05,15,2.512437811130752e-05,-0.0010705223880580483,0.0032633084577127214,-0.003406716417908573,0.005358457711435172
memmert_archive/durations/yolo/fp32,reported_legacy,firmware,pico,500.0,15,15,15,"0c295058aba0ef928eed,10ddac1a42f8cec38b52,1cab5414c3bbbcac0c41,4a19cfa70871d0a773d4,50d0f2d5f32690eece65,593efc656f0ae68aee77,6acc2396006377696698,6c29dbf074a27c1fdef8,77fae5ee19a64d8a147f,91638aad8ad0ce47af84,92d21cac3087abc31eeb,981b3ee248de058498c1,c6c280bf8981ce5a5604,cdc5f04507340928188c,f6afb60b940a34d4d239",0,,paired_own_window_setup_difference_not_synchronized_instrument_error,-0.08712495742873028,15,-0.12634397824289323,-0.15879669125857254,-0.11385346636176852,-0.23334909740564402,-0.06568443288619275,-0.08712495742871917,15,-0.12634397824288213,-0.158796691258567,-0.11385346636177407,-0.23334909740563292,-0.06568443288620385,0.0,15,0.0,0.0,0.0,0.0,0.0
memmert_archive/durations/yolo/fp32,reported_legacy,jetson,pico,500.0,15,15,15,"0c295058aba0ef928eed,10ddac1a42f8cec38b52,1cab5414c3bbbcac0c41,4a19cfa70871d0a773d4,50d0f2d5f32690eece65,593efc656f0ae68aee77,6acc2396006377696698,6c29dbf074a27c1fdef8,77fae5ee19a64d8a147f,91638aad8ad0ce47af84,92d21cac3087abc31eeb,981b3ee248de058498c1,c6c280bf8981ce5a5604,cdc5f04507340928188c,f6afb60b940a34d4d239",15,timestamp_gap_requires_review,paired_own_window_setup_difference_not_synchronized_instrument_error,-1.1022653910461422,15,-1.101036985066839,-1.110078556167926,-1.0333280206224538,-1.135850468408306,-0.9706130299375726,-1.0766255164959992,15,-1.0500089477488816,-1.0855658146958491,-1.027356773649074,-1.1278171249706093,-0.9468241388458476,-0.025427490039831024,15,-0.025427490039831024,-0.048849203187245616,-0.008193525896421638,-0.055558964143431755,0.009208167330676531
memmert_archive/durations/yolo/fp32,reported_legacy,shelly,pico,500.0,15,15,15,"0c295058aba0ef928eed,10ddac1a42f8cec38b52,1cab5414c3bbbcac0c41,4a19cfa70871d0a773d4,50d0f2d5f32690eece65,593efc656f0ae68aee77,6acc2396006377696698,6c29dbf074a27c1fdef8,77fae5ee19a64d8a147f,91638aad8ad0ce47af84,92d21cac3087abc31eeb,981b3ee248de058498c1,c6c280bf8981ce5a5604,cdc5f04507340928188c,f6afb60b940a34d4d239",15,source_time_resolution_coarser_than_detection_bins,paired_own_window_setup_difference_not_synchronized_instrument_error,-4.025008218646409,15,-3.9779141252875627,-4.118841113317329,-3.8400838769097554,-4.287009979361944,-3.740223028619283,-4.025446222038253,15,-3.9763867377339723,-4.117840440079673,-3.84011909473716,-4.2850325691483615,-3.739333863860572,-8.247011952233763e-05,15,-8.247011952233763e-05,-0.001421115537847406,0.0002451195219133062,-0.00362370517927868,0.0011071713147403628
memmert_archive/durations/yolo/fp32,reported_legacy,firmware,pico,600.0,15,15,15,"0a5eeb9e81bcefff58a3,1d51ae196aca68d4e817,1f4b045f1ab7f12d9c65,450ddc27188a02940598,5e91e731f0045d1c8db2,672ebf762a3d0cbbe3f6,68df3feb8abb3ecca1ec,704725a154814d7ea721,71c741469f9f883c62f1,b9d4905b0ae328cb24fe,bb1e9df9bf0e46aa0d5e,be64f65f1cffcfa60455,bf6118aea9a68bedd53b,ccaf0b40a9bc0cf78323,ea81bbac6d7fdb628458",0,,paired_own_window_setup_difference_not_synchronized_instrument_error,-0.10359124956144106,15,-0.12322125703423392,-0.14605832539055785,-0.09631979241736532,-0.18725385656654936,-0.044216688454667974,-0.10359124956145216,15,-0.12322125703423392,-0.1460583253905523,-0.09631979241735977,-0.18725385656654936,-0.044216688454667974,0.0,15,0.0,0.0,0.0,0.0,0.0
memmert_archive/durations/yolo/fp32,reported_legacy,jetson,pico,600.0,15,15,15,"0a5eeb9e81bcefff58a3,1d51ae196aca68d4e817,1f4b045f1ab7f12d9c65,450ddc27188a02940598,5e91e731f0045d1c8db2,672ebf762a3d0cbbe3f6,68df3feb8abb3ecca1ec,704725a154814d7ea721,71c741469f9f883c62f1,b9d4905b0ae328cb24fe,bb1e9df9bf0e46aa0d5e,be64f65f1cffcfa60455,bf6118aea9a68bedd53b,ccaf0b40a9bc0cf78323,ea81bbac6d7fdb628458",15,timestamp_gap_requires_review,paired_own_window_setup_difference_not_synchronized_instrument_error,-1.0312479473882252,15,-1.021333538341318,-1.0451504557505542,-0.9943213249100469,-1.1417574621462978,-0.9442941164454322,-1.020321051202866,15,-0.9919913561862947,-1.0430648285358224,-0.974602151126619,-1.1314371936775536,-0.9449593648329313,-0.011039534883727775,15,-0.011039534883727775,-0.01661710963454799,-0.005763538205971752,-0.03804053156146736,0.004957641195990625
memmert_archive/durations/yolo/fp32,reported_legacy,shelly,pico,600.0,15,15,15,"0a5eeb9e81bcefff58a3,1d51ae196aca68d4e817,1f4b045f1ab7f12d9c65,450ddc27188a02940598,5e91e731f0045d1c8db2,672ebf762a3d0cbbe3f6,68df3feb8abb3ecca1ec,704725a154814d7ea721,71c741469f9f883c62f1,b9d4905b0ae328cb24fe,bb1e9df9bf0e46aa0d5e,be64f65f1cffcfa60455,bf6118aea9a68bedd53b,ccaf0b40a9bc0cf78323,ea81bbac6d7fdb628458",15,source_time_resolution_coarser_than_detection_bins,paired_own_window_setup_difference_not_synchronized_instrument_error,-3.9760836046539794,15,-3.937163241103525,-4.000259964454017,-3.906726285993589,-4.030199986153427,-3.781462492522847,-3.9746491262811934,15,-3.9369326578272634,-4.000644935287235,-3.9074783294099804,-4.028649618408475,-3.7828133690368193,-0.0002765780730884515,15,-0.0002765780730884515,-0.0010904485049922918,0.0009770764119676478,-0.0016154485049879597,0.002076744186063628
memmert_archive/durations/yolo/fp32,envelope_0.5,firmware,pico,5.0,15,15,15,"0710f22f1414f9cc511f,13c5cfdb806dc5dd90f3,3676743cbb26287ee07d,5311fcec404ca9181c5e,5559d2700750ce75e780,6ac3b4f621fb8a3cd378,7c40e59786ba83410b7c,7dd6db4ff2b548193255,8b581479fa9cce468089,98b652257fca719b0fc8,abeed54d50db84f150c6,b4964bbc66a2b56f8a5e,cfd7276f29efb78a2e49,e3bc91be6e092611fccb,fbcb9e6aa0d83c566297",15,envelope_energy_sensitive_gt1pct,paired_own_window_setup_difference_not_synchronized_instrument_error,-0.1860484979695154,15,-0.2004868028340545,-0.38299699828155953,0.06176496219657546,-0.7806985850772774,1.4612385411646,-0.34696049910114546,15,-0.37470147129461395,-0.5895005055164604,-0.1929208875615429,-1.5040845705224348,0.07796622156599486,0.0,15,0.0,0.0,0.0,0.0,2.083333333333326
memmert_archive/durations/yolo/fp32,envelope_0.5,jetson,pico,5.0,15,15,15,"0710f22f1414f9cc511f,13c5cfdb806dc5dd90f3,3676743cbb26287ee07d,5311fcec404ca9181c5e,5559d2700750ce75e780,6ac3b4f621fb8a3cd378,7c40e59786ba83410b7c,7dd6db4ff2b548193255,8b581479fa9cce468089,98b652257fca719b0fc8,abeed54d50db84f150c6,b4964bbc66a2b56f8a5e,cfd7276f29efb78a2e49,e3bc91be6e092611fccb,fbcb9e6aa0d83c566297",15,envelope_energy_sensitive_gt1pct;timestamp_gap_requires_review,paired_own_window_setup_difference_not_synchronized_instrument_error,-2.8342741223754353,15,-2.865672134572339,-3.592496361620517,-2.296749650294333,-4.833717971447859,-1.1848615527295325,-4.88385972844112,15,-4.833717971447859,-5.160276897864019,-4.548340489069913,-5.981647041684757,-3.936945064967856,2.0408163265306145,15,2.0408163265306145,1.0204081632653073,3.103741496598633,0.0,4.166666666666652
memmert_archive/durations/yolo/fp32,envelope_0.5,shelly,pico,5.0,15,15,15,"0710f22f1414f9cc511f,13c5cfdb806dc5dd90f3,3676743cbb26287ee07d,5311fcec404ca9181c5e,5559d2700750ce75e780,6ac3b4f621fb8a3cd378,7c40e59786ba83410b7c,7dd6db4ff2b548193255,8b581479fa9cce468089,98b652257fca719b0fc8,abeed54d50db84f150c6,b4964bbc66a2b56f8a5e,cfd7276f29efb78a2e49,e3bc91be6e092611fccb,fbcb9e6aa0d83c566297",15,envelope_energy_sensitive_gt1pct;source_time_resolution_coarser_than_detection_bins,paired_own_window_setup_difference_not_synchronized_instrument_error,-8.532838504494332,15,-8.528640390002007,-9.008450864076112,-7.215636960932464,-11.525341517324804,-5.515577703668395,-9.521952771512376,15,-9.503447118440478,-10.03876114831239,-9.162475632115157,-11.336220470575519,-7.9141307358032265,2.0408163265306145,15,2.0408163265306145,0.0,2.083333333333315,-2.0408163265306034,4.166666666666652
memmert_archive/durations/yolo/fp32,envelope_0.5,firmware,pico,10.0,15,15,15,"113163a504a23c88b449,1f245cb614c08ca8f9fc,59dcb8e65965e98372b1,5a4e5cbfd512a8a08822,5e88347f520fed4c151e,7d6467aeae2bd8b551f2,7f0a19eb18085e59d3ba,8a1997e8d6867d09e683,b83cf3e4a1b0bc832093,cb92f6384f836119cd01,cfce8b189efc2f25cf57,dd93946476970595abeb,e5aa2e5a03ea516d68f5,f3a8a47f7392df19e788,f83f87d97d935edf7956",0,,paired_own_window_setup_difference_not_synchronized_instrument_error,-0.3172023331474372,15,-0.17245197299738946,-0.3443546694732791,-0.09140283386750991,-0.9988092991006892,0.23561808238679038,-0.19327763305018175,15,-0.17245197299738946,-0.34435466947328464,-0.09140283386750436,-0.9988092991006892,0.23561808238679038,0.0,15,0.0,0.0,0.0,0.0,0.0
memmert_archive/durations/yolo/fp32,envelope_0.5,jetson,pico,10.0,15,15,15,"113163a504a23c88b449,1f245cb614c08ca8f9fc,59dcb8e65965e98372b1,5a4e5cbfd512a8a08822,5e88347f520fed4c151e,7d6467aeae2bd8b551f2,7f0a19eb18085e59d3ba,8a1997e8d6867d09e683,b83cf3e4a1b0bc832093,cb92f6384f836119cd01,cfce8b189efc2f25cf57,dd93946476970595abeb,e5aa2e5a03ea516d68f5,f3a8a47f7392df19e788,f83f87d97d935edf7956",15,envelope_energy_sensitive_gt1pct;timestamp_gap_requires_review,paired_own_window_setup_difference_not_synchronized_instrument_error,-2.02096358518018,15,-2.083252347052922,-2.5071740177704305,-1.7788175726818678,-2.988630015670135,-1.3506284473053132,-3.0826425890513764,15,-2.988630015670135,-3.2900864159016607,-2.8378329915101363,-3.4840721126825236,-2.698874873451107,1.0101010101010166,15,1.0101010101010166,0.5050505050505083,1.0101010101010166,0.0,2.0408163265306145
memmert_archive/durations/yolo/fp32,envelope_0.5,shelly,pico,10.0,15,15,15,"113163a504a23c88b449,1f245cb614c08ca8f9fc,59dcb8e65965e98372b1,5a4e5cbfd512a8a08822,5e88347f520fed4c151e,7d6467aeae2bd8b551f2,7f0a19eb18085e59d3ba,8a1997e8d6867d09e683,b83cf3e4a1b0bc832093,cb92f6384f836119cd01,cfce8b189efc2f25cf57,dd93946476970595abeb,e5aa2e5a03ea516d68f5,f3a8a47f7392df19e788,f83f87d97d935edf7956",15,envelope_energy_sensitive_gt1pct;source_time_resolution_coarser_than_detection_bins,paired_own_window_setup_difference_not_synchronized_instrument_error,-6.015018398670513,15,-6.045184159703609,-6.2848883252365875,-5.464106396959012,-7.207439945624749,-4.178818968805764,-6.403450270281308,15,-6.301143223887873,-6.579286713642241,-6.183361635684442,-7.611765954169691,-5.471641622076062,2.220446049250313e-14,15,2.220446049250313e-14,0.0,1.0101010101010166,-1.0101010101010055,2.0408163265306145
memmert_archive/durations/yolo/fp32,envelope_0.5,firmware,pico,20.0,15,15,15,"014c0873db921382149f,0ba0dcaccb1b65349770,1b9a0c0e24807e8499a0,30062add6c918ca42323,452a0d53e4e99db7a6ae,687564744557bdda3bbe,8957b5c248d7459e9594,8a190e4e09efbbdbdc78,8cdb184f77de0cf3e8a6,9bdd379d99c4051b2e4b,a4cd6813f332d55eca97,ac7b898381580b5fc060,e931084ac6fa1e4442fc,eff5338076a5f058e959,fb42d73713193b1390ff",0,,paired_own_window_setup_difference_not_synchronized_instrument_error,-0.24409894541355115,15,-0.0064973879417506986,-0.30270298294637343,0.1314127658099129,-0.8625580685309941,0.5692714286654521,-0.2736537737368261,15,-0.2750618966470997,-0.3895802654098113,-0.014361485254682504,-0.8625580685309941,0.18928357563603448,0.0,15,0.0,0.0,0.5050505050504972,-2.220446049250313e-14,0.5050505050504972
memmert_archive/durations/yolo/fp32,envelope_0.5,jetson,pico,20.0,15,15,15,"014c0873db921382149f,0ba0dcaccb1b65349770,1b9a0c0e24807e8499a0,30062add6c918ca42323,452a0d53e4e99db7a6ae,687564744557bdda3bbe,8957b5c248d7459e9594,8a190e4e09efbbdbdc78,8cdb184f77de0cf3e8a6,9bdd379d99c4051b2e4b,a4cd6813f332d55eca97,ac7b898381580b5fc060,e931084ac6fa1e4442fc,eff5338076a5f058e959,fb42d73713193b1390ff",15,envelope_energy_sensitive_gt1pct;timestamp_gap_requires_review,paired_own_window_setup_difference_not_synchronized_instrument_error,-1.7169303578216333,15,-1.5352602765553613,-1.8233216092375604,-1.264716897045337,-1.9281125476018346,-1.1684656345979594,-2.2369376437927024,15,-2.2303096365339226,-2.314205001191383,-2.188665407122742,-2.4779487294743774,-1.9281125476018568,0.5025125628140836,15,0.5025125628140836,0.5025125628140836,1.0101010101010166,2.220446049250313e-14,1.0101010101010166
memmert_archive/durations/yolo/fp32,envelope_0.5,shelly,pico,20.0,15,15,15,"014c0873db921382149f,0ba0dcaccb1b65349770,1b9a0c0e24807e8499a0,30062add6c918ca42323,452a0d53e4e99db7a6ae,687564744557bdda3bbe,8957b5c248d7459e9594,8a190e4e09efbbdbdc78,8cdb184f77de0cf3e8a6,9bdd379d99c4051b2e4b,a4cd6813f332d55eca97,ac7b898381580b5fc060,e931084ac6fa1e4442fc,eff5338076a5f058e959,fb42d73713193b1390ff",15,envelope_energy_sensitive_gt1pct;source_time_resolution_coarser_than_detection_bins,paired_own_window_setup_difference_not_synchronized_instrument_error,-5.239529146649346,15,-5.1247858146323155,-5.640907158678238,-4.878141409092806,-5.9678770594165815,-4.415017438972657,-5.583490217377496,15,-5.648054561719384,-5.904768014575423,-5.5359514939608,-6.577422158080748,-5.333690864935181,0.5025125628140836,15,0.5025125628140836,2.220446049250313e-14,1.0101010101010166,2.220446049250313e-14,1.5151515151515138
memmert_archive/durations/yolo/fp32,envelope_0.5,firmware,pico,50.0,15,15,15,"075572570ae6e76dfc74,0c20f6241d1e0d426243,3c8e8bccbbcf627c2e1c,46e02586d613227c5488,5030dec21b6ee6a4529c,655cf938400df8c7d019,67bb8b67ba05ed72ea3f,6a5399d2828852063a74,757245ba91a7898df1d3,7e1b8343cacc48ca64d7,86f84fb4a376c8ac27e1,be541518d7a2cb75e591,d6296bf7b193acc2da1a,dab43e433d62587679df,e037c9fddcf55d60196c",0,,paired_own_window_setup_difference_not_synchronized_instrument_error,-0.1950236176625375,15,-0.1776115365801023,-0.23663918045134236,-0.13030014377365395,-0.3018266520549151,0.034269547580589865,-0.20679224172891475,15,-0.2034003159867792,-0.24975617643859804,-0.1491892301052955,-0.3576734685041716,-0.018116403738555054,0.0,15,0.0,0.0,0.0,0.0,0.20080321285140812
memmert_archive/durations/yolo/fp32,envelope_0.5,jetson,pico,50.0,15,15,15,"075572570ae6e76dfc74,0c20f6241d1e0d426243,3c8e8bccbbcf627c2e1c,46e02586d613227c5488,5030dec21b6ee6a4529c,655cf938400df8c7d019,67bb8b67ba05ed72ea3f,6a5399d2828852063a74,757245ba91a7898df1d3,7e1b8343cacc48ca64d7,86f84fb4a376c8ac27e1,be541518d7a2cb75e591,d6296bf7b193acc2da1a,dab43e433d62587679df,e037c9fddcf55d60196c",15,timestamp_gap_requires_review,paired_own_window_setup_difference_not_synchronized_instrument_error,-1.425867656567248,15,-1.2598416090726983,-1.342975370865146,-1.2075013998340045,-1.4428523147134387,-1.0911951075182391,-1.7179091596727036,15,-1.5244354240051217,-1.6593043116663597,-1.4511793830024322,-1.8370809054545911,-1.1345774992089108,0.20040080160321772,15,0.20040080160321772,0.20040080160321772,0.40160642570281624,2.220446049250313e-14,0.40160642570281624
memmert_archive/durations/yolo/fp32,envelope_0.5,shelly,pico,50.0,15,15,15,"075572570ae6e76dfc74,0c20f6241d1e0d426243,3c8e8bccbbcf627c2e1c,46e02586d613227c5488,5030dec21b6ee6a4529c,655cf938400df8c7d019,67bb8b67ba05ed72ea3f,6a5399d2828852063a74,757245ba91a7898df1d3,7e1b8343cacc48ca64d7,86f84fb4a376c8ac27e1,be541518d7a2cb75e591,d6296bf7b193acc2da1a,dab43e433d62587679df,e037c9fddcf55d60196c",15,envelope_energy_sensitive_gt1pct;source_time_resolution_coarser_than_detection_bins,paired_own_window_setup_difference_not_synchronized_instrument_error,-5.048532921473637,15,-4.980027337852433,-5.091732858655984,-4.945948765414326,-5.258822183619671,-4.748348845097173,-5.219671434674078,15,-5.164655666917084,-5.295782002391764,-5.124839236528345,-5.555196747248026,-4.959406436184333,0.20040080160321772,15,0.20040080160321772,0.20040080160321772,0.20080321285141922,0.0,0.6024096385542244
memmert_archive/durations/yolo/fp32,envelope_0.5,firmware,pico,100.0,15,15,15,"14a35926802a884c1447,232106e6361dfd828cf1,3043a43baa9908b55e0f,3310a53c43042525e5d0,3ac719e727419cdf54ee,40abb02362166c297c16,4de6759aa830b6e82243,7c92920937fd7b50ea4d,980474f34d5a1ee2988d,aca3486eb5b79aa3312e,af30003f3c275f41ab4e,c4f33e0eb0343d08085d,c80b9c75162a37896643,ead008f066c6a0bde007,ffe20de518ba9819f1b2",0,,paired_own_window_setup_difference_not_synchronized_instrument_error,-0.16715295270415265,15,-0.13097286704509825,-0.17959877976586602,-0.0882881709911798,-0.30633787657912137,0.0002461365884443012,-0.16715295270416375,15,-0.17688934958601799,-0.19732021134621913,-0.11812134960365595,-0.3063378765791436,-0.03534086268750514,2.220446049250313e-14,15,2.220446049250313e-14,2.220446049250313e-14,0.10020040080160886,2.220446049250313e-14,0.10020040080160886
memmert_archive/durations/yolo/fp32,envelope_0.5,jetson,pico,100.0,15,15,15,"14a35926802a884c1447,232106e6361dfd828cf1,3043a43baa9908b55e0f,3310a53c43042525e5d0,3ac719e727419cdf54ee,40abb02362166c297c16,4de6759aa830b6e82243,7c92920937fd7b50ea4d,980474f34d5a1ee2988d,aca3486eb5b79aa3312e,af30003f3c275f41ab4e,c4f33e0eb0343d08085d,c80b9c75162a37896643,ead008f066c6a0bde007,ffe20de518ba9819f1b2",15,timestamp_gap_requires_review,paired_own_window_setup_difference_not_synchronized_instrument_error,-1.206238287932293,15,-1.171200403803463,-1.2331547829250833,-1.1061420083793239,-1.3154135685597979,-1.0638082443161112,-1.2870319398324392,15,-1.315413568559809,-1.3265563931042224,-1.2717309533857746,-1.393831527788214,-1.1878263966422442,0.10010010010013115,15,0.10010010010013115,0.10010010010013115,0.20040080160321772,2.220446049250313e-14,0.20040080160321772
memmert_archive/durations/yolo/fp32,envelope_0.5,shelly,pico,100.0,15,15,15,"14a35926802a884c1447,232106e6361dfd828cf1,3043a43baa9908b55e0f,3310a53c43042525e5d0,3ac719e727419cdf54ee,40abb02362166c297c16,4de6759aa830b6e82243,7c92920937fd7b50ea4d,980474f34d5a1ee2988d,aca3486eb5b79aa3312e,af30003f3c275f41ab4e,c4f33e0eb0343d08085d,c80b9c75162a37896643,ead008f066c6a0bde007,ffe20de518ba9819f1b2",15,source_time_resolution_coarser_than_detection_bins,paired_own_window_setup_difference_not_synchronized_instrument_error,-4.391958859437583,15,-4.318108585914815,-4.393119022230579,-4.273443160324352,-4.512597139242846,-4.227803690631438,-4.404438608993056,15,-4.405384839348658,-4.470395119895298,-4.348661613991329,-4.603296784794608,-4.249562453312262,2.220446049250313e-14,15,0.10010010010013115,0.10010010010010895,0.10020040080160886,-0.10010010010009784,0.10020040080160886
memmert_archive/durations/yolo/fp32,envelope_0.5,firmware,pico,200.0,15,15,15,"2ac0bbcdac4a69db8d01,2d7dcf887852a97759a0,40a490d24c90e24ff2dc,44659adec364bf8fa5dd,5783a05d1281ceccf148,656e7f752806adc170c0,745e29d3460e309b60d8,8d846f07567588e6e423,98bac9b6eeb2e0fcf689,bfe03b80d8795a5e5d79,de0071d41e45e314c978,e4d77275e83f1d4e42c0,ecce82870b055f348348,f2f6b9f372ab95190e45,f3386ac5de720e062be1",0,,paired_own_window_setup_difference_not_synchronized_instrument_error,-0.09828696753000354,15,-0.1489374982527769,-0.19386527511205953,-0.08963027338915186,-0.218975960630019,-0.028727741770018245,-0.14375919365963163,15,-0.16107124158190045,-0.20017329584489651,-0.09565641773152112,-0.2641163081058773,-0.02872774177004045,0.0,15,0.0,0.0,0.0,0.0,0.05005005005005447
memmert_archive/durations/yolo/fp32,envelope_0.5,jetson,pico,200.0,15,15,15,"2ac0bbcdac4a69db8d01,2d7dcf887852a97759a0,40a490d24c90e24ff2dc,44659adec364bf8fa5dd,5783a05d1281ceccf148,656e7f752806adc170c0,745e29d3460e309b60d8,8d846f07567588e6e423,98bac9b6eeb2e0fcf689,bfe03b80d8795a5e5d79,de0071d41e45e314c978,e4d77275e83f1d4e42c0,ecce82870b055f348348,f2f6b9f372ab95190e45,f3386ac5de720e062be1",15,timestamp_gap_requires_review,paired_own_window_setup_difference_not_synchronized_instrument_error,-1.1455546835795194,15,-1.157799039035745,-1.1984873237310845,-1.129818809077987,-1.2833562086107975,-0.8733123189241576,-1.2399549501338036,15,-1.2438528597408238,-1.2743304918735154,-1.1923714342299885,-1.382072852402183,-0.9229004568336641,0.05002501250626068,15,0.05002501250626068,0.05002501250626068,0.10010010010008674,0.05002501250626068,0.10010010010008674
memmert_archive/durations/yolo/fp32,envelope_0.5,shelly,pico,200.0,15,15,15,"2ac0bbcdac4a69db8d01,2d7dcf887852a97759a0,40a490d24c90e24ff2dc,44659adec364bf8fa5dd,5783a05d1281ceccf148,656e7f752806adc170c0,745e29d3460e309b60d8,8d846f07567588e6e423,98bac9b6eeb2e0fcf689,bfe03b80d8795a5e5d79,de0071d41e45e314c978,e4d77275e83f1d4e42c0,ecce82870b055f348348,f2f6b9f372ab95190e45,f3386ac5de720e062be1",15,source_time_resolution_coarser_than_detection_bins,paired_own_window_setup_difference_not_synchronized_instrument_error,-4.509914589435948,15,-4.5191794735193636,-4.543397922870135,-4.470954578654157,-4.657363667627923,-4.41149101138868,-4.556216401756941,15,-4.54940848923332,-4.63631660045325,-4.512149895283235,-4.702264785777544,-4.45906364300196,2.220446049250313e-14,15,0.05002501250626068,0.0,0.10010010010008674,0.0,0.10010010010008674
memmert_archive/durations/yolo/fp32,envelope_0.5,firmware,pico,300.0,15,15,15,"2521bb4c75cd99b977c5,40af7a0a1324e8c10d3a,457adacbd21e3752b8b4,521eb70619f041328fa6,548b01440b53d1cddd3b,57bf657ad02df09cd1d1,744fe3dc679a4de8f0de,8612dbd79f55aed65724,8ce45bf7cef5299b05f8,a271e3030c7ea0a0c936,b75fd93b4740628cb575,bdccd0093d94a7ae59e5,e8d1816ea0d24ba6e59e,f345b672e40e283a906b,f9fd486469fc4c2b1d5c",0,,paired_own_window_setup_difference_not_synchronized_instrument_error,-0.142835995639079,15,-0.13544202903236213,-0.15868173108304906,-0.11679842329213042,-0.18420521100507292,-0.037083751629973793,-0.14655298504061554,15,-0.14768039715001846,-0.16570661022429767,-0.11966053336764926,-0.18420521100506182,-0.0704158344070116,-2.220446049250313e-14,15,-2.220446049250313e-14,-2.220446049250313e-14,0.016677785190111205,-2.220446049250313e-14,0.033355570380244615
memmert_archive/durations/yolo/fp32,envelope_0.5,jetson,pico,300.0,15,15,15,"2521bb4c75cd99b977c5,40af7a0a1324e8c10d3a,457adacbd21e3752b8b4,521eb70619f041328fa6,548b01440b53d1cddd3b,57bf657ad02df09cd1d1,744fe3dc679a4de8f0de,8612dbd79f55aed65724,8ce45bf7cef5299b05f8,a271e3030c7ea0a0c936,b75fd93b4740628cb575,bdccd0093d94a7ae59e5,e8d1816ea0d24ba6e59e,f345b672e40e283a906b,f9fd486469fc4c2b1d5c",15,timestamp_gap_requires_review,paired_own_window_setup_difference_not_synchronized_instrument_error,-1.2640062900978188,15,-1.1059041580087525,-1.2432940221076605,-1.0015061631979572,-1.322069757462807,-0.9106141887532893,-1.3265520638599426,15,-1.1388798485195806,-1.3091318260929186,-1.0675051590891493,-1.3549733687474252,-0.9766737792941127,0.06671114076051143,15,0.06671114076051143,0.03335557038026682,0.06671114076051143,-2.220446049250313e-14,0.06671114076051143
memmert_archive/durations/yolo/fp32,envelope_0.5,shelly,pico,300.0,15,15,15,"2521bb4c75cd99b977c5,40af7a0a1324e8c10d3a,457adacbd21e3752b8b4,521eb70619f041328fa6,548b01440b53d1cddd3b,57bf657ad02df09cd1d1,744fe3dc679a4de8f0de,8612dbd79f55aed65724,8ce45bf7cef5299b05f8,a271e3030c7ea0a0c936,b75fd93b4740628cb575,bdccd0093d94a7ae59e5,e8d1816ea0d24ba6e59e,f345b672e40e283a906b,f9fd486469fc4c2b1d5c",15,source_time_resolution_coarser_than_detection_bins,paired_own_window_setup_difference_not_synchronized_instrument_error,-4.460242415709481,15,-4.443997524671451,-4.519181285551044,-4.381812115527033,-4.6105680993296705,-4.247378386725186,-4.488926461969767,15,-4.475860146370447,-4.56693065733465,-4.429325247692894,-4.642375178989788,-4.279306569990715,0.03335557038026682,15,0.03335557038026682,0.03335557038025572,0.06671114076051143,-2.220446049250313e-14,0.06671114076051143
memmert_archive/durations/yolo/fp32,envelope_0.5,firmware,pico,400.0,15,15,15,"047cb3467bc5a9685164,1c9cce0e0a32b112b1ce,210e6021108c9b0fefda,27e66229af36a2cddca5,350fcb7719533799fc7c,3703956976e47e4018c4,39c48749c330bbed4ae5,746a65811c1f3a1b23a0,7b9b4122d08dc5286475,7d02e950c7c5acad581a,7e229891f46fda3498a6,a0d66fa6fca6f1c8f553,bf685ccbcabf5575056c,c889fab501cfde860d14,f833ae5b2c5738088c3a",0,,paired_own_window_setup_difference_not_synchronized_instrument_error,-0.14046937135410165,15,-0.14658399524840604,-0.19497392435282035,-0.11859407713065151,-0.24060207293288283,-0.10352636283972316,-0.1528305316321199,15,-0.14658399524839494,-0.19822121324525876,-0.1257614753992109,-0.24601850010954607,-0.107011453644823,-1.1102230246251565e-14,15,-1.1102230246251565e-14,-1.1102230246251565e-14,0.012506253126548517,-1.1102230246251565e-14,0.025012506253108135
memmert_archive/durations/yolo/fp32,envelope_0.5,jetson,pico,400.0,15,15,15,"047cb3467bc5a9685164,1c9cce0e0a32b112b1ce,210e6021108c9b0fefda,27e66229af36a2cddca5,350fcb7719533799fc7c,3703956976e47e4018c4,39c48749c330bbed4ae5,746a65811c1f3a1b23a0,7b9b4122d08dc5286475,7d02e950c7c5acad581a,7e229891f46fda3498a6,a0d66fa6fca6f1c8f553,bf685ccbcabf5575056c,c889fab501cfde860d14,f833ae5b2c5738088c3a",15,terminal_duplicate_power_row_excluded_in_derived_view;timestamp_gap_requires_review,paired_own_window_setup_difference_not_synchronized_instrument_error,-1.240279064450056,15,-1.123446781328663,-1.2273745446945705,-1.0676128314858258,-1.3323246769271102,-0.9397095047875226,-1.252504084253514,15,-1.148165919633315,-1.245762422570501,-1.1047144312263335,-1.3569915957578726,-0.9892396500351341,0.025006251562875725,15,0.025006251562875725,0.025006251562875725,0.05002501250626068,0.0,0.05002501250626068
memmert_archive/durations/yolo/fp32,envelope_0.5,shelly,pico,400.0,15,15,15,"047cb3467bc5a9685164,1c9cce0e0a32b112b1ce,210e6021108c9b0fefda,27e66229af36a2cddca5,350fcb7719533799fc7c,3703956976e47e4018c4,39c48749c330bbed4ae5,746a65811c1f3a1b23a0,7b9b4122d08dc5286475,7d02e950c7c5acad581a,7e229891f46fda3498a6,a0d66fa6fca6f1c8f553,bf685ccbcabf5575056c,c889fab501cfde860d14,f833ae5b2c5738088c3a",15,source_time_resolution_coarser_than_detection_bins,paired_own_window_setup_difference_not_synchronized_instrument_error,-4.436848049525322,15,-4.4048679475193975,-4.529278996118496,-4.296465168039809,-4.623172231986661,-3.918227164864996,-4.472565211146396,15,-4.452665513545662,-4.553146676369469,-4.308420278155628,-4.647022401471023,-3.966268051282573,0.025006251562875725,15,0.025006251562875725,0.012503125781437863,0.025012506253119238,-1.1102230246251565e-14,0.05002501250626068
memmert_archive/durations/yolo/fp32,envelope_0.5,firmware,pico,500.0,15,15,15,"0c295058aba0ef928eed,10ddac1a42f8cec38b52,1cab5414c3bbbcac0c41,4a19cfa70871d0a773d4,50d0f2d5f32690eece65,593efc656f0ae68aee77,6acc2396006377696698,6c29dbf074a27c1fdef8,77fae5ee19a64d8a147f,91638aad8ad0ce47af84,92d21cac3087abc31eeb,981b3ee248de058498c1,c6c280bf8981ce5a5604,cdc5f04507340928188c,f6afb60b940a34d4d239",0,,paired_own_window_setup_difference_not_synchronized_instrument_error,-0.08659134942137214,15,-0.1268905948514698,-0.15942932707615487,-0.11359219841706181,-0.23347979938620478,-0.06603245060370355,-0.08659134942136104,15,-0.1268905948514587,-0.15942932707613822,-0.11359219841706181,-0.23347979938620478,-0.06603245060370355,-1.1102230246251565e-14,15,-1.1102230246251565e-14,-1.1102230246251565e-14,-1.1102230246251565e-14,-1.1102230246251565e-14,-1.1102230246251565e-14
memmert_archive/durations/yolo/fp32,envelope_0.5,jetson,pico,500.0,15,15,15,"0c295058aba0ef928eed,10ddac1a42f8cec38b52,1cab5414c3bbbcac0c41,4a19cfa70871d0a773d4,50d0f2d5f32690eece65,593efc656f0ae68aee77,6acc2396006377696698,6c29dbf074a27c1fdef8,77fae5ee19a64d8a147f,91638aad8ad0ce47af84,92d21cac3087abc31eeb,981b3ee248de058498c1,c6c280bf8981ce5a5604,cdc5f04507340928188c,f6afb60b940a34d4d239",15,timestamp_gap_requires_review,paired_own_window_setup_difference_not_synchronized_instrument_error,-1.0931446057047656,15,-1.0931446057047656,-1.1131869859754007,-1.0333985156476766,-1.146557497298084,-0.9836324306396915,-1.1327073478624827,15,-1.1235135069343039,-1.1333828791799838,-1.0729851562414183,-1.1683504861798366,-1.0068960853416131,0.04001600640255454,15,0.04001600640255454,0.02000800320127727,0.04001600640255454,0.02000800320127727,0.04001600640255454
memmert_archive/durations/yolo/fp32,envelope_0.5,shelly,pico,500.0,15,15,15,"0c295058aba0ef928eed,10ddac1a42f8cec38b52,1cab5414c3bbbcac0c41,4a19cfa70871d0a773d4,50d0f2d5f32690eece65,593efc656f0ae68aee77,6acc2396006377696698,6c29dbf074a27c1fdef8,77fae5ee19a64d8a147f,91638aad8ad0ce47af84,92d21cac3087abc31eeb,981b3ee248de058498c1,c6c280bf8981ce5a5604,cdc5f04507340928188c,f6afb60b940a34d4d239",15,source_time_resolution_coarser_than_detection_bins,paired_own_window_setup_difference_not_synchronized_instrument_error,-4.026654209891223,15,-3.980892556651139,-4.1326957917580955,-3.8617962394857153,-4.296648524764402,-3.735764587269552,-4.04585271875102,15,-4.019300199628484,-4.1231013034038755,-3.8810277265352244,-4.315793023959302,-3.774270281434655,0.02000800320127727,15,0.02000800320127727,0.02000800320127727,0.04001600640255454,-0.02000800320127727,0.04001600640257674
memmert_archive/durations/yolo/fp32,envelope_0.5,firmware,pico,600.0,15,15,15,"0a5eeb9e81bcefff58a3,1d51ae196aca68d4e817,1f4b045f1ab7f12d9c65,450ddc27188a02940598,5e91e731f0045d1c8db2,672ebf762a3d0cbbe3f6,68df3feb8abb3ecca1ec,704725a154814d7ea721,71c741469f9f883c62f1,b9d4905b0ae328cb24fe,bb1e9df9bf0e46aa0d5e,be64f65f1cffcfa60455,bf6118aea9a68bedd53b,ccaf0b40a9bc0cf78323,ea81bbac6d7fdb628458",0,,paired_own_window_setup_difference_not_synchronized_instrument_error,-0.11542521836711561,15,-0.12301967847434536,-0.1410732863187325,-0.09130399986992943,-0.17529043137318734,-0.0455173896655614,-0.09877223824346082,15,-0.12301967847435646,-0.14720435604536064,-0.09842597459367997,-0.19193065633877904,-0.0455173896655614,0.01667222407468749,15,0.0,0.0,0.01667222407468749,0.0,0.01667222407468749
memmert_archive/durations/yolo/fp32,envelope_0.5,jetson,pico,600.0,15,15,15,"0a5eeb9e81bcefff58a3,1d51ae196aca68d4e817,1f4b045f1ab7f12d9c65,450ddc27188a02940598,5e91e731f0045d1c8db2,672ebf762a3d0cbbe3f6,68df3feb8abb3ecca1ec,704725a154814d7ea721,71c741469f9f883c62f1,b9d4905b0ae328cb24fe,bb1e9df9bf0e46aa0d5e,be64f65f1cffcfa60455,bf6118aea9a68bedd53b,ccaf0b40a9bc0cf78323,ea81bbac6d7fdb628458",15,timestamp_gap_requires_review,paired_own_window_setup_difference_not_synchronized_instrument_error,-1.042957796223909,15,-1.0259072235235478,-1.0525708801825961,-0.9899307245962441,-1.139781851578947,-0.9448870021356859,-1.0540571758606565,15,-1.0424056553916317,-1.07502652306668,-1.0170858671746608,-1.1727352576284544,-0.9779053731350018,0.03334444814941939,15,0.03334444814941939,0.016670834491105957,0.03334444814941939,0.016669444907502218,0.03334444814941939
memmert_archive/durations/yolo/fp32,envelope_0.5,shelly,pico,600.0,15,15,15,"0a5eeb9e81bcefff58a3,1d51ae196aca68d4e817,1f4b045f1ab7f12d9c65,450ddc27188a02940598,5e91e731f0045d1c8db2,672ebf762a3d0cbbe3f6,68df3feb8abb3ecca1ec,704725a154814d7ea721,71c741469f9f883c62f1,b9d4905b0ae328cb24fe,bb1e9df9bf0e46aa0d5e,be64f65f1cffcfa60455,bf6118aea9a68bedd53b,ccaf0b40a9bc0cf78323,ea81bbac6d7fdb628458",15,source_time_resolution_coarser_than_detection_bins,paired_own_window_setup_difference_not_synchronized_instrument_error,-3.9857610147171707,15,-3.9671246783753,-4.011844775384671,-3.9176218280313977,-4.042442126317369,-3.7999410367507314,-3.999509347296004,15,-3.9831301575955713,-4.016422612752557,-3.9336348084861306,-4.058437718561681,-3.818334900070519,0.016672224074709696,15,0.01667222407468749,0.008334722453751109,0.03334444814939719,0.0,0.03334444814941939
memmert_archive/durations/yolo/int8,reported_legacy,firmware,pico,5.0,15,15,15,"2468c5d2ebbc6e103fe9,33994c0bd4520beb6f51,4d36bf453cc8b525f14a,4e0492d8129480b8df45,553ed458c40ec2b91abc,6a2f3de86e26c74988a2,924723a4f5212fb1083e,9ca054049e3fb4779f2e,a05169c18fd3da5b2217,be306afbf14e44399710,c762c9917bc385badccf,cbdd21c9be29120ef62c,e1a2224b47968d265476,f3e6ee6f031538a7880a,fe33ec969d28b0576593",9,envelope_energy_sensitive_gt1pct,paired_own_window_setup_difference_not_synchronized_instrument_error,-0.4012307597185294,15,-0.2846708643428508,-0.46412082533633936,-0.07864146523882676,-1.0204388608938353,0.2877688377104892,-0.4012307597185183,15,-0.2846708643428508,-0.4641208253363449,-0.07864146523882676,-1.020438860893813,0.2877688377105114,0.0,15,0.0,0.0,0.0,0.0,0.0
memmert_archive/durations/yolo/int8,reported_legacy,jetson,pico,5.0,15,15,15,"2468c5d2ebbc6e103fe9,33994c0bd4520beb6f51,4d36bf453cc8b525f14a,4e0492d8129480b8df45,553ed458c40ec2b91abc,6a2f3de86e26c74988a2,924723a4f5212fb1083e,9ca054049e3fb4779f2e,a05169c18fd3da5b2217,be306afbf14e44399710,c762c9917bc385badccf,cbdd21c9be29120ef62c,e1a2224b47968d265476,f3e6ee6f031538a7880a,fe33ec969d28b0576593",15,envelope_energy_sensitive_gt1pct;timestamp_gap_requires_review,paired_own_window_setup_difference_not_synchronized_instrument_error,-3.0895121962972283,15,-3.062978221897139,-3.4575008928051485,-2.381183461600428,-4.141944937402853,-1.7267865455580567,-0.14912885801644515,15,-0.14912885801644515,-0.7126323125228151,0.36575280821617984,-1.6305851744036315,1.2406971558497792,-3.2123285714285688,15,-3.2123285714285688,-3.894064285714277,-1.7244928571428564,-4.732385714285725,-0.3514142857142799
memmert_archive/durations/yolo/int8,reported_legacy,shelly,pico,5.0,15,15,15,"2468c5d2ebbc6e103fe9,33994c0bd4520beb6f51,4d36bf453cc8b525f14a,4e0492d8129480b8df45,553ed458c40ec2b91abc,6a2f3de86e26c74988a2,924723a4f5212fb1083e,9ca054049e3fb4779f2e,a05169c18fd3da5b2217,be306afbf14e44399710,c762c9917bc385badccf,cbdd21c9be29120ef62c,e1a2224b47968d265476,f3e6ee6f031538a7880a,fe33ec969d28b0576593",15,envelope_energy_sensitive_gt1pct;source_time_resolution_coarser_than_detection_bins,paired_own_window_setup_difference_not_synchronized_instrument_error,-6.271031545831141,15,-6.175781849270267,-7.1672387525878785,-5.869586677326961,-8.096122580991672,-5.509620834972884,-6.429616896980406,15,-6.2864190890598355,-7.119731596021089,-5.9825050010281045,-8.134797831104779,-5.702432418514847,0.12084285714286658,15,0.12084285714286658,0.04267857142857823,0.2766714285714289,-0.1455142857142988,0.5064571428571307
memmert_archive/durations/yolo/int8,reported_legacy,firmware,pico,10.0,15,15,15,"1a4a3eb35da0c746d47f,21278c1b9d117167e040,3f35689610ec03ca7948,4986c057233d06a62eb5,587cd35e35a8861c4c5d,67c4b7bd5c974849807d,72efaa0de9aad533a57b,81eb862adc0c265be6dc,87e15ffcca3c2caafef4,95e846bff3040d438443,a1a8bde8f31a62ede908,b66834fe48c7f4b8cb1d,ce700fd9fce7d4d377cf,f9e531914ac45496de45,fa5c281eb87cfc780f2c",0,,paired_own_window_setup_difference_not_synchronized_instrument_error,-0.25559636453844625,15,-0.2675006354858511,-0.3718683401275902,-0.1635672366540053,-0.9126600073849689,0.16018501212577974,-0.25559636453843515,15,-0.2675006354858511,-0.37186834012758463,-0.1635672366540053,-0.9126600073849689,0.16018501212577974,0.0,15,0.0,0.0,0.0,0.0,0.0
memmert_archive/durations/yolo/int8,reported_legacy,jetson,pico,10.0,15,15,15,"1a4a3eb35da0c746d47f,21278c1b9d117167e040,3f35689610ec03ca7948,4986c057233d06a62eb5,587cd35e35a8861c4c5d,67c4b7bd5c974849807d,72efaa0de9aad533a57b,81eb862adc0c265be6dc,87e15ffcca3c2caafef4,95e846bff3040d438443,a1a8bde8f31a62ede908,b66834fe48c7f4b8cb1d,ce700fd9fce7d4d377cf,f9e531914ac45496de45,fa5c281eb87cfc780f2c",15,envelope_energy_sensitive_gt1pct;timestamp_gap_requires_review,paired_own_window_setup_difference_not_synchronized_instrument_error,-2.1320959736674694,15,-2.200764241269171,-2.3220156920353787,-1.7604476685238568,-2.992669835240036,-1.3381609720885534,-0.9195846311153222,15,-0.6909715998127841,-1.2734805480513978,-0.4592031348900072,-2.1479878117538487,-0.2548683813832109,-1.6220083333333357,15,-1.6220083333333357,-1.8690916666666724,-0.5235541666666732,-2.325333333333346,0.4034916666666666
memmert_archive/durations/yolo/int8,reported_legacy,shelly,pico,10.0,15,15,15,"1a4a3eb35da0c746d47f,21278c1b9d117167e040,3f35689610ec03ca7948,4986c057233d06a62eb5,587cd35e35a8861c4c5d,67c4b7bd5c974849807d,72efaa0de9aad533a57b,81eb862adc0c265be6dc,87e15ffcca3c2caafef4,95e846bff3040d438443,a1a8bde8f31a62ede908,b66834fe48c7f4b8cb1d,ce700fd9fce7d4d377cf,f9e531914ac45496de45,fa5c281eb87cfc780f2c",15,envelope_energy_sensitive_gt1pct;source_time_resolution_coarser_than_detection_bins,paired_own_window_setup_difference_not_synchronized_instrument_error,-5.710778161987662,15,-5.739489597766035,-6.290392690524804,-5.5194988368580225,-6.658353812188911,-5.40718004509515,-5.751236517882541,15,-5.803479960212443,-6.395670046539287,-5.590085994420441,-6.727771668124916,-5.3882182671728724,0.05567500000001058,15,0.05567500000001058,0.0006166666666695964,0.10590416666665936,-0.09326666666665817,0.23370000000000335
memmert_archive/durations/yolo/int8,reported_legacy,firmware,pico,20.0,15,15,15,"07f90399cc4b6018d442,1a28bb090aa327020926,2204f7aad8b9e68806d9,3dcb6adc2aaf61627a3e,5cace70a0582d937b6d6,5eb0beae051a033a18b2,69f64f55bc9143de66ac,81097a66ea39f6413b79,862b9c29ba6bc71b6c9f,9b5ca7099f268128fecd,a6543c4e6e973ece7416,bc1764d86306e4d6df0a,c2b00d18ef68b569e477,ca5e1a9e0beca6910b40,fb44b7d527ffa5492020",0,,paired_own_window_setup_difference_not_synchronized_instrument_error,-0.3277601176918665,15,-0.38788919351255835,-0.45125594007232595,-0.22676844960967113,-0.6759329084802146,-0.12179628486030936,-0.3277601176918554,15,-0.38788919351255835,-0.4512559400723204,-0.22676844960967113,-0.6759329084802035,-0.12179628486030936,0.0,15,0.0,0.0,0.0,0.0,0.0
memmert_archive/durations/yolo/int8,reported_legacy,jetson,pico,20.0,15,15,15,"07f90399cc4b6018d442,1a28bb090aa327020926,2204f7aad8b9e68806d9,3dcb6adc2aaf61627a3e,5cace70a0582d937b6d6,5eb0beae051a033a18b2,69f64f55bc9143de66ac,81097a66ea39f6413b79,862b9c29ba6bc71b6c9f,9b5ca7099f268128fecd,a6543c4e6e973ece7416,bc1764d86306e4d6df0a,c2b00d18ef68b569e477,ca5e1a9e0beca6910b40,fb44b7d527ffa5492020",15,envelope_energy_sensitive_gt1pct;timestamp_gap_requires_review,paired_own_window_setup_difference_not_synchronized_instrument_error,-1.7786103469411119,15,-1.7947064005118474,-1.867605280055612,-1.6169080222092513,-2.1545039523782172,-1.4322250921321888,-1.0383638134974893,15,-1.1349340351243797,-1.237058738862351,-0.9060560437520737,-1.778816396872851,-0.30348564339138795,-0.7480136363636425,15,-0.7480136363636425,-0.792606818181818,-0.6831181818181764,-1.5817863636363616,0.3528681818181889
memmert_archive/durations/yolo/int8,reported_legacy,shelly,pico,20.0,15,15,15,"07f90399cc4b6018d442,1a28bb090aa327020926,2204f7aad8b9e68806d9,3dcb6adc2aaf61627a3e,5cace70a0582d937b6d6,5eb0beae051a033a18b2,69f64f55bc9143de66ac,81097a66ea39f6413b79,862b9c29ba6bc71b6c9f,9b5ca7099f268128fecd,a6543c4e6e973ece7416,bc1764d86306e4d6df0a,c2b00d18ef68b569e477,ca5e1a9e0beca6910b40,fb44b7d527ffa5492020",15,envelope_energy_sensitive_gt1pct;source_time_resolution_coarser_than_detection_bins,paired_own_window_setup_difference_not_synchronized_instrument_error,-5.717479616619503,15,-5.560615505263289,-5.771731490790527,-5.423086717630671,-6.372085622348777,-5.321349563571232,-5.774935154321925,15,-5.621243459752323,-5.7876152026420105,-5.471888664867697,-6.395690927200404,-5.335910621682871,0.0329772727272859,15,0.0329772727272859,0.012481818181819815,0.0544204545454563,-0.02156363636364178,0.12569545454546027
memmert_archive/durations/yolo/int8,reported_legacy,firmware,pico,50.0,15,15,15,"1f7fe2bff67a7567bcb3,46ddc59bd14675799a1b,5d8eb9cd816314237c8b,6328832833558e2ead2f,72f22163a060dc954a4e,775c648b5f169f9470ea,7f3f7dfd7a63323d78f9,83ddbeb801bf7f922aef,942f04f7cf14cec7f1ff,a7646e2eab01161bcb96,c3d2cfab8bb47a97f7ae,d39ec79f51c78b214fc9,dfeacc2c39102cbfdfce,f429017ca201f203c24c,f762f95d9cf53c7fe023",0,,paired_own_window_setup_difference_not_synchronized_instrument_error,-0.19210020877855616,15,-0.28401141534443175,-0.345527357101022,-0.1773206646527803,-0.66787429635492,-0.048213570664012995,-0.19210020877855616,15,-0.28401141534443175,-0.34552735710102755,-0.1773206646527803,-0.6678742963549089,-0.048213570664012995,0.0,15,0.0,0.0,0.0,0.0,0.0
memmert_archive/durations/yolo/int8,reported_legacy,jetson,pico,50.0,15,15,15,"1f7fe2bff67a7567bcb3,46ddc59bd14675799a1b,5d8eb9cd816314237c8b,6328832833558e2ead2f,72f22163a060dc954a4e,775c648b5f169f9470ea,7f3f7dfd7a63323d78f9,83ddbeb801bf7f922aef,942f04f7cf14cec7f1ff,a7646e2eab01161bcb96,c3d2cfab8bb47a97f7ae,d39ec79f51c78b214fc9,dfeacc2c39102cbfdfce,f429017ca201f203c24c,f762f95d9cf53c7fe023",15,timestamp_gap_requires_review,paired_own_window_setup_difference_not_synchronized_instrument_error,-1.357787009970124,15,-1.5011646735101025,-1.5951148300571538,-1.3470333506538368,-1.7939797523114809,-1.0935306615545648,-1.0810133991198567,15,-1.18426528134139,-1.3430690723005456,-1.067113374139772,-1.7790048282783744,-0.8471593138448363,-0.176528846153845,15,-0.176528846153845,-0.4138932692307695,-0.09609999999999896,-0.47178461538461836,0.03367115384615982
memmert_archive/durations/yolo/int8,reported_legacy,shelly,pico,50.0,15,15,15,"1f7fe2bff67a7567bcb3,46ddc59bd14675799a1b,5d8eb9cd816314237c8b,6328832833558e2ead2f,72f22163a060dc954a4e,775c648b5f169f9470ea,7f3f7dfd7a63323d78f9,83ddbeb801bf7f922aef,942f04f7cf14cec7f1ff,a7646e2eab01161bcb96,c3d2cfab8bb47a97f7ae,d39ec79f51c78b214fc9,dfeacc2c39102cbfdfce,f429017ca201f203c24c,f762f95d9cf53c7fe023",15,envelope_energy_sensitive_gt1pct;source_time_resolution_coarser_than_detection_bins,paired_own_window_setup_difference_not_synchronized_instrument_error,-5.345019951227048,15,-5.3948108026818815,-5.524231457312751,-5.319674581532308,-5.610146207511413,-5.210211131391251,-5.346661042998358,15,-5.389294270763189,-5.533086284871569,-5.338716616418121,-5.652462626772015,-5.231400653351049,0.011838461538471456,15,0.011838461538471456,-0.006094230769237985,0.024986538461546637,-0.034513461538476786,0.048534615384610014
memmert_archive/durations/yolo/int8,reported_legacy,firmware,pico,100.0,15,15,15,"170242ecf1902f4244f8,2468caadbf7803db6cf1,367479c3067fbbcebf57,3fdb9b3d595cf0d5ed5f,51ba090e40e5661be437,5bc74405e559a1e7215c,6754e24c4293f9cbf014,8440cc6f9e14f40899d2,bc02ba29f3851c9fe25a,be922588694ba14f5d08,c8f40a63b94f37d996fa,ceebe9e3c9b2c18540c0,db752afe2bbde5369bdc,df024430a7c92f20f21f,e817af4f915978f76cd6",0,,paired_own_window_setup_difference_not_synchronized_instrument_error,-0.27109301630318106,15,-0.30113115589009976,-0.33584745538940974,-0.2580738606745181,-0.432448862751178,-0.04443178093738176,-0.27109301630318106,15,-0.30113115589008865,-0.3358474553894042,-0.2580738606745181,-0.432448862751178,-0.04443178093739286,0.0,15,0.0,0.0,0.0,0.0,0.0
memmert_archive/durations/yolo/int8,reported_legacy,jetson,pico,100.0,15,15,15,"170242ecf1902f4244f8,2468caadbf7803db6cf1,367479c3067fbbcebf57,3fdb9b3d595cf0d5ed5f,51ba090e40e5661be437,5bc74405e559a1e7215c,6754e24c4293f9cbf014,8440cc6f9e14f40899d2,bc02ba29f3851c9fe25a,be922588694ba14f5d08,c8f40a63b94f37d996fa,ceebe9e3c9b2c18540c0,db752afe2bbde5369bdc,df024430a7c92f20f21f,e817af4f915978f76cd6",15,timestamp_gap_requires_review,paired_own_window_setup_difference_not_synchronized_instrument_error,-1.5346006353964214,15,-1.5271041032408617,-1.5931589724706652,-1.4874328407208648,-1.7850400713794512,-1.2998583510091533,-1.333602533146372,15,-1.344829971745709,-1.384452548141335,-1.2713389550163212,-1.5687080253231511,-1.1314046812851863,-0.18475882352941841,15,-0.18475882352941841,-0.22876666666667433,-0.1715377450980382,-0.2978627450980431,-0.14092549019607548
memmert_archive/durations/yolo/int8,reported_legacy,shelly,pico,100.0,15,15,15,"170242ecf1902f4244f8,2468caadbf7803db6cf1,367479c3067fbbcebf57,3fdb9b3d595cf0d5ed5f,51ba090e40e5661be437,5bc74405e559a1e7215c,6754e24c4293f9cbf014,8440cc6f9e14f40899d2,bc02ba29f3851c9fe25a,be922588694ba14f5d08,c8f40a63b94f37d996fa,ceebe9e3c9b2c18540c0,db752afe2bbde5369bdc,df024430a7c92f20f21f,e817af4f915978f76cd6",15,source_time_resolution_coarser_than_detection_bins,paired_own_window_setup_difference_not_synchronized_instrument_error,-5.18412650527873,15,-5.197971500673548,-5.299347711717401,-5.093015589219063,-5.452453885144415,-5.0435660221916585,-5.128602753650324,15,-5.202995699958035,-5.283110309710931,-5.095195067591507,-5.4458026462619324,-5.0454426047223055,0.0006627450980456473,15,0.0006627450980456473,-0.0012926470588259242,0.007328431372555233,-0.19793039215685315,0.032329411764697724
memmert_archive/durations/yolo/int8,reported_legacy,firmware,pico,200.0,15,15,15,"0eb740e426a7291771ba,25d50ffc04d2ff60ff5a,507e9b81b8ff241ce340,53010a8ac15de41f0b29,6501a7452af45b5ee5f5,6bf861fb91cc05e9f413,80292d2bda3b40a784e7,a51323b9def84b0566ac,ae4f0e4452258b730cf3,b3b69166f7f90c054eea,bc8a0f86330094182051,d7b9ad473ab49c66fc31,e36778bf4ef87a500630,eb4b65e693cbd54771b7,ee9518424bfe88bf7609",0,,paired_own_window_setup_difference_not_synchronized_instrument_error,-0.27351049494849233,15,-0.308366486177869,-0.35332651299972984,-0.27055401472118046,-0.4123438681911118,-0.23425205378814207,-0.27351049494849233,15,-0.3083664861778579,-0.35332651299971873,-0.270554014721186,-0.4123438681911007,-0.23425205378814207,0.0,15,0.0,0.0,0.0,0.0,0.0
memmert_archive/durations/yolo/int8,reported_legacy,jetson,pico,200.0,15,15,15,"0eb740e426a7291771ba,25d50ffc04d2ff60ff5a,507e9b81b8ff241ce340,53010a8ac15de41f0b29,6501a7452af45b5ee5f5,6bf861fb91cc05e9f413,80292d2bda3b40a784e7,a51323b9def84b0566ac,ae4f0e4452258b730cf3,b3b69166f7f90c054eea,bc8a0f86330094182051,d7b9ad473ab49c66fc31,e36778bf4ef87a500630,eb4b65e693cbd54771b7,ee9518424bfe88bf7609",15,timestamp_gap_requires_review,paired_own_window_setup_difference_not_synchronized_instrument_error,-1.234619408452653,15,-1.3246431240114265,-1.4450034481473417,-1.2245034095498153,-1.6652444687491608,-1.119879591835271,-1.1655874855454496,15,-1.283016544742821,-1.3711800071469882,-1.1904750812817388,-1.5366645135447277,-1.1030854276187885,-0.06984603960397129,15,-0.06984603960397129,-0.0910094059405897,-0.04534480198019053,-0.13058663366337653,0.029817326732661797
memmert_archive/durations/yolo/int8,reported_legacy,shelly,pico,200.0,15,15,15,"0eb740e426a7291771ba,25d50ffc04d2ff60ff5a,507e9b81b8ff241ce340,53010a8ac15de41f0b29,6501a7452af45b5ee5f5,6bf861fb91cc05e9f413,80292d2bda3b40a784e7,a51323b9def84b0566ac,ae4f0e4452258b730cf3,b3b69166f7f90c054eea,bc8a0f86330094182051,d7b9ad473ab49c66fc31,e36778bf4ef87a500630,eb4b65e693cbd54771b7,ee9518424bfe88bf7609",15,source_time_resolution_coarser_than_detection_bins;timestamp_gap_requires_review,paired_own_window_setup_difference_not_synchronized_instrument_error,-5.259359932942398,15,-5.239934562991921,-5.308172153382562,-5.202510617495449,-5.340347419646907,-5.164619141163207,-5.260268402546886,15,-5.245542891263888,-5.308138295051928,-5.203238889483042,-5.347732639378943,-5.162814887190992,0.0005772277227755751,15,0.0005772277227755751,-0.0011099009900927825,0.004385643564364106,-0.003575742574246643,0.030786138613869696
memmert_archive/durations/yolo/int8,reported_legacy,firmware,pico,300.0,15,15,15,"12bec8924182f4fc51b3,225ee840eca0adf2cf9b,41e7b877987a0be11cc5,44d28d0195f82729ac37,479ce3a11dac24609397,52216715b854bb05f109,5397dfc0a881d19990ec,70d445b5fcc5221e2602,98db4f49dc7353233545,a5d6dbf9ea5be8e5887f,a690a0dfcae1073e9479,cce2ddafde903e438da8,d29997e5bf0bf687102b,e70ecd497b6cf9057f93,fc79d3bc99dce3c8696d",0,,paired_own_window_setup_difference_not_synchronized_instrument_error,-0.49783952816909727,15,-0.4244781416850585,-0.4975016579435443,-0.32259407852590627,-0.7677858812107807,-0.26358495876666055,-0.49783952816908617,15,-0.4244781416850474,-0.49750165794354984,-0.32259407852591737,-0.7677858812107696,-0.26358495876664945,0.0,15,0.0,0.0,0.0,0.0,0.0
memmert_archive/durations/yolo/int8,reported_legacy,jetson,pico,300.0,15,15,15,"12bec8924182f4fc51b3,225ee840eca0adf2cf9b,41e7b877987a0be11cc5,44d28d0195f82729ac37,479ce3a11dac24609397,52216715b854bb05f109,5397dfc0a881d19990ec,70d445b5fcc5221e2602,98db4f49dc7353233545,a5d6dbf9ea5be8e5887f,a690a0dfcae1073e9479,cce2ddafde903e438da8,d29997e5bf0bf687102b,e70ecd497b6cf9057f93,fc79d3bc99dce3c8696d",15,timestamp_gap_requires_review,paired_own_window_setup_difference_not_synchronized_instrument_error,-1.6087422004371632,15,-1.4594283391538787,-1.507670035490477,-1.3994090200575293,-1.6293110183087545,-1.2551354168256257,-1.5360356484230508,15,-1.4631074130952104,-1.4957845239394918,-1.3152724473735777,-1.5782789568572597,-1.2433127702459523,-0.02185231788078834,15,-0.02185231788078834,-0.09308129139072863,0.003114403973503155,-0.10209801324503331,0.018344039735107565
memmert_archive/durations/yolo/int8,reported_legacy,shelly,pico,300.0,15,15,15,"12bec8924182f4fc51b3,225ee840eca0adf2cf9b,41e7b877987a0be11cc5,44d28d0195f82729ac37,479ce3a11dac24609397,52216715b854bb05f109,5397dfc0a881d19990ec,70d445b5fcc5221e2602,98db4f49dc7353233545,a5d6dbf9ea5be8e5887f,a690a0dfcae1073e9479,cce2ddafde903e438da8,d29997e5bf0bf687102b,e70ecd497b6cf9057f93,fc79d3bc99dce3c8696d",15,source_time_resolution_coarser_than_detection_bins,paired_own_window_setup_difference_not_synchronized_instrument_error,-6.10072770275737,15,-6.195142657628116,-6.462207384190866,-5.488013186530261,-6.725957562506702,-5.238510700668564,-6.104757425403074,15,-6.196921499451202,-6.466325784987454,-5.487369252630881,-6.7209390254778345,-5.238553688476988,0.0004009933774584695,15,0.0004009933774584695,-0.0014125827814570613,0.0026056291390741393,-0.013070529801317843,0.004514569536429036
memmert_archive/durations/yolo/int8,reported_legacy,firmware,pico,400.0,15,15,15,"1874181abe2ea4d9eb96,211ce7dbcd32b188d2ba,36c0d79deba31c5d0e4b,4c4ef27ed32a7da8bb43,51082c802306a07dac0b,617012b088a0b6a22401,80a2c9ce6542ed9f0c9f,888a5b4cb1b76cc06010,9492576199941f2267ef,a3265dfdb924660b15df,a491a069c239e0d582a8,ae31b5b81fd32711925a,afc90dc6dc25e9daeab7,bb1ea05ce4f0dbe4321d,d55f429613f0714a83e2",0,,paired_own_window_setup_difference_not_synchronized_instrument_error,-0.26658121018373615,15,-0.274504631414918,-0.30262779466542766,-0.25796126797595353,-0.8620078447404755,-0.20303804257432168,-0.26658121018373615,15,-0.2745046314149069,-0.30262779466542766,-0.257961267975948,-0.8620078447404866,-0.20303804257429947,0.0,15,0.0,0.0,0.0,0.0,0.0
memmert_archive/durations/yolo/int8,reported_legacy,jetson,pico,400.0,15,15,15,"1874181abe2ea4d9eb96,211ce7dbcd32b188d2ba,36c0d79deba31c5d0e4b,4c4ef27ed32a7da8bb43,51082c802306a07dac0b,617012b088a0b6a22401,80a2c9ce6542ed9f0c9f,888a5b4cb1b76cc06010,9492576199941f2267ef,a3265dfdb924660b15df,a491a069c239e0d582a8,ae31b5b81fd32711925a,afc90dc6dc25e9daeab7,bb1ea05ce4f0dbe4321d,d55f429613f0714a83e2",15,timestamp_gap_requires_review,paired_own_window_setup_difference_not_synchronized_instrument_error,-1.2609225601636131,15,-1.3434552091067031,-1.423573397624306,-1.2642350760488752,-1.6848205098722757,-1.141659946027218,-1.2213892827162676,15,-1.2960777217969621,-1.3742961549578492,-1.2209766371205077,-1.6396824218453676,-1.155913445390644,-0.0458905472636828,15,-0.0458905472636828,-0.053715174129354004,-0.036240547263677314,-0.06766517412936102,0.01856641791044833
memmert_archive/durations/yolo/int8,reported_legacy,shelly,pico,400.0,15,15,15,"1874181abe2ea4d9eb96,211ce7dbcd32b188d2ba,36c0d79deba31c5d0e4b,4c4ef27ed32a7da8bb43,51082c802306a07dac0b,617012b088a0b6a22401,80a2c9ce6542ed9f0c9f,888a5b4cb1b76cc06010,9492576199941f2267ef,a3265dfdb924660b15df,a491a069c239e0d582a8,ae31b5b81fd32711925a,afc90dc6dc25e9daeab7,bb1ea05ce4f0dbe4321d,d55f429613f0714a83e2",15,source_time_resolution_coarser_than_detection_bins;timestamp_gap_requires_review,paired_own_window_setup_difference_not_synchronized_instrument_error,-5.169107319982547,15,-5.150321763399579,-5.172818371407468,-5.107612903685693,-5.231606151197332,-5.016466734834468,-5.172246815005687,15,-5.149689899890985,-5.1763973033026485,-5.1090605138126355,-5.233747114154308,-5.013328630400482,0.0012191542288597645,15,0.0012191542288597645,-0.00025920398009637857,0.002645273631840528,-0.003303731343284877,0.007780348258701331
memmert_archive/durations/yolo/int8,reported_legacy,firmware,pico,500.0,11,11,11,"04b880746518c8135242,1180a076e3b52fa5adfe,14484b4240ee21800a24,3e783e97b2595b747571,7db8a428466f1a7c3998,a8637aff6c101c53de2e,b3bc3b8f1eafbbb8422d,c64722be85e7a5c9c915,c7b5f4dabf7572844003,cd2d42ac6ca34dbb5651,dc226599d914fc37d676",0,,paired_own_window_setup_difference_not_synchronized_instrument_error,-0.3913049791547718,11,-0.42507802014492,-0.43899052087142953,-0.39447820656365873,-0.8629689196253176,-0.3880828974674344,-0.3913049791547718,11,-0.4250780201449089,-0.4389905208714351,-0.3944782065636532,-0.8629689196253176,-0.3880828974674455,0.0,11,0.0,0.0,0.0,0.0,0.0
memmert_archive/durations/yolo/int8,reported_legacy,jetson,pico,500.0,11,11,11,"04b880746518c8135242,1180a076e3b52fa5adfe,14484b4240ee21800a24,3e783e97b2595b747571,7db8a428466f1a7c3998,a8637aff6c101c53de2e,b3bc3b8f1eafbbb8422d,c64722be85e7a5c9c915,c7b5f4dabf7572844003,cd2d42ac6ca34dbb5651,dc226599d914fc37d676",11,timestamp_gap_requires_review,paired_own_window_setup_difference_not_synchronized_instrument_error,-1.461158038649768,11,-1.4641756947857187,-1.6308932843683177,-1.3675318447830376,-1.6915631495526995,-1.1519598405577591,-1.40242373744347,11,-1.404018397564577,-1.5757728667228743,-1.333975716938296,-1.6702800379502558,-1.1384002434899676,-0.05289820717130356,11,-0.05289820717130356,-0.05939890438246831,-0.016360557768918538,-0.06101394422310946,0.008898605577689622
memmert_archive/durations/yolo/int8,reported_legacy,shelly,pico,500.0,11,11,11,"04b880746518c8135242,1180a076e3b52fa5adfe,14484b4240ee21800a24,3e783e97b2595b747571,7db8a428466f1a7c3998,a8637aff6c101c53de2e,b3bc3b8f1eafbbb8422d,c64722be85e7a5c9c915,c7b5f4dabf7572844003,cd2d42ac6ca34dbb5651,dc226599d914fc37d676",11,source_time_resolution_coarser_than_detection_bins,paired_own_window_setup_difference_not_synchronized_instrument_error,-6.570773765658922,11,-6.570773765658922,-6.633540659794429,-6.391336377016172,-6.706701127335668,-6.3076115582265,-6.568708412984126,11,-6.568708412984126,-6.636088748805863,-6.389640573874667,-6.707738864359925,-6.303815182929329,-0.0010677290836591524,11,-0.0010677290836591524,-0.0019469123505921893,0.0006692231075744459,-0.004051792828696499,0.005232868525895107
memmert_archive/durations/yolo/int8,reported_legacy,firmware,pico,600.0,15,15,15,"06f0c1d69d3dbc99ec07,089cbbb5ea2d30691b83,10bd2929ed038898e940,2bb787b0e0e9a1882f58,4a00e6f58f0611bacbe0,614525e7d98fa4eea71b,6d9e16a2fb43624d6d1a,82a300df25ac9a849540,b0318c364582dc8c6f7f,b184f152500cb46e574a,b2e4059ba5376ed255cb,befaa4da98ac944bb137,dcae0a04a9f13c62aea7,e4291a4243fbf3c40f93,e98319e23197e27948d5",0,,paired_own_window_setup_difference_not_synchronized_instrument_error,-0.25207103465850755,15,-0.26400974449094505,-0.2756421579893975,-0.2508267194437197,-0.6039007003856955,-0.16255360741191938,-0.25207103465851866,15,-0.26400974449093395,-0.27564215798939196,-0.25082671944371415,-0.6039007003856955,-0.16255360741193048,0.0,15,0.0,0.0,0.0,0.0,0.0
memmert_archive/durations/yolo/int8,reported_legacy,jetson,pico,600.0,15,15,15,"06f0c1d69d3dbc99ec07,089cbbb5ea2d30691b83,10bd2929ed038898e940,2bb787b0e0e9a1882f58,4a00e6f58f0611bacbe0,614525e7d98fa4eea71b,6d9e16a2fb43624d6d1a,82a300df25ac9a849540,b0318c364582dc8c6f7f,b184f152500cb46e574a,b2e4059ba5376ed255cb,befaa4da98ac944bb137,dcae0a04a9f13c62aea7,e4291a4243fbf3c40f93,e98319e23197e27948d5",15,timestamp_gap_requires_review,paired_own_window_setup_difference_not_synchronized_instrument_error,-1.455753195424736,15,-1.246852448602409,-1.5789417039606846,-1.1435314381810335,-1.7481751768784637,-1.0257868534443104,-1.43279276679098,15,-1.2180334917004987,-1.5587635723385562,-1.134288845354925,-1.712101885616546,-1.004749211544187,-0.023294186046529664,15,-0.023294186046529664,-0.042010797342195705,-0.0197578073089677,-0.04866843853821301,-0.0012176079734249612
memmert_archive/durations/yolo/int8,reported_legacy,shelly,pico,600.0,15,15,15,"06f0c1d69d3dbc99ec07,089cbbb5ea2d30691b83,10bd2929ed038898e940,2bb787b0e0e9a1882f58,4a00e6f58f0611bacbe0,614525e7d98fa4eea71b,6d9e16a2fb43624d6d1a,82a300df25ac9a849540,b0318c364582dc8c6f7f,b184f152500cb46e574a,b2e4059ba5376ed255cb,befaa4da98ac944bb137,dcae0a04a9f13c62aea7,e4291a4243fbf3c40f93,e98319e23197e27948d5",15,source_time_resolution_coarser_than_detection_bins,paired_own_window_setup_difference_not_synchronized_instrument_error,-5.0707926774337775,15,-5.036885324181206,-5.054868517274663,-4.983477260480356,-5.1197097058173995,-4.856600500182506,-5.07135184186297,15,-5.033924779254518,-5.055845243144358,-4.983443316155716,-5.120598766784779,-4.857188741949137,0.00011926910299386861,15,0.00011926910299386861,-0.001027325581387517,0.000777657807315979,-0.003928405315611894,0.0034009966777492906
memmert_archive/durations/yolo/int8,envelope_0.5,firmware,pico,5.0,15,15,15,"2468c5d2ebbc6e103fe9,33994c0bd4520beb6f51,4d36bf453cc8b525f14a,4e0492d8129480b8df45,553ed458c40ec2b91abc,6a2f3de86e26c74988a2,924723a4f5212fb1083e,9ca054049e3fb4779f2e,a05169c18fd3da5b2217,be306afbf14e44399710,c762c9917bc385badccf,cbdd21c9be29120ef62c,e1a2224b47968d265476,f3e6ee6f031538a7880a,fe33ec969d28b0576593",9,envelope_energy_sensitive_gt1pct,paired_own_window_setup_difference_not_synchronized_instrument_error,-0.34737571246159504,15,-0.2972278719963972,-0.49492896502404404,-0.13643779872057893,-1.1209047906903247,0.40214291156239756,-0.34737571246160615,15,-0.2972278719964083,-0.49492896502404404,-0.13643779872057893,-1.1209047906903136,0.40214291156239756,0.0,15,0.0,0.0,0.0,0.0,0.0
memmert_archive/durations/yolo/int8,envelope_0.5,jetson,pico,5.0,15,15,15,"2468c5d2ebbc6e103fe9,33994c0bd4520beb6f51,4d36bf453cc8b525f14a,4e0492d8129480b8df45,553ed458c40ec2b91abc,6a2f3de86e26c74988a2,924723a4f5212fb1083e,9ca054049e3fb4779f2e,a05169c18fd3da5b2217,be306afbf14e44399710,c762c9917bc385badccf,cbdd21c9be29120ef62c,e1a2224b47968d265476,f3e6ee6f031538a7880a,fe33ec969d28b0576593",15,envelope_energy_sensitive_gt1pct;timestamp_gap_requires_review,paired_own_window_setup_difference_not_synchronized_instrument_error,-1.4772425328871797,15,-1.2286589456170671,-1.3855910470438493,-0.8142927000116429,-1.9235851719925257,-0.5972554141733033,-5.4181528315716765,15,-5.179512587792368,-5.330167405162084,-4.781720992011162,-5.846641765112803,-4.5733651976063605,4.166666666666652,15,4.166666666666652,4.166666666666652,4.166666666666652,4.166666666666652,4.166666666666652
memmert_archive/durations/yolo/int8,envelope_0.5,shelly,pico,5.0,15,15,15,"2468c5d2ebbc6e103fe9,33994c0bd4520beb6f51,4d36bf453cc8b525f14a,4e0492d8129480b8df45,553ed458c40ec2b91abc,6a2f3de86e26c74988a2,924723a4f5212fb1083e,9ca054049e3fb4779f2e,a05169c18fd3da5b2217,be306afbf14e44399710,c762c9917bc385badccf,cbdd21c9be29120ef62c,e1a2224b47968d265476,f3e6ee6f031538a7880a,fe33ec969d28b0576593",15,envelope_energy_sensitive_gt1pct;source_time_resolution_coarser_than_detection_bins,paired_own_window_setup_difference_not_synchronized_instrument_error,-6.533459809854314,15,-6.896461340672754,-7.528483778284572,-6.333352420673371,-8.382654702934767,-5.24034862469851,-10.131647247942311,15,-10.252396443691191,-10.905271417001044,-9.381886411531159,-11.67909474287847,-8.454249626161092,4.166666666666652,15,4.166666666666652,3.125,4.166666666666652,2.0833333333333037,4.166666666666674
memmert_archive/durations/yolo/int8,envelope_0.5,firmware,pico,10.0,15,15,15,"1a4a3eb35da0c746d47f,21278c1b9d117167e040,3f35689610ec03ca7948,4986c057233d06a62eb5,587cd35e35a8861c4c5d,67c4b7bd5c974849807d,72efaa0de9aad533a57b,81eb862adc0c265be6dc,87e15ffcca3c2caafef4,95e846bff3040d438443,a1a8bde8f31a62ede908,b66834fe48c7f4b8cb1d,ce700fd9fce7d4d377cf,f9e531914ac45496de45,fa5c281eb87cfc780f2c",0,,paired_own_window_setup_difference_not_synchronized_instrument_error,-0.16989018846953474,15,-0.2743574980576424,-0.3686805087854961,-0.10868696864376193,-0.5635301462610376,0.702336789045721,-0.22947225711973385,15,-0.354663356837992,-0.5116074781617796,-0.18523967370018268,-1.2816872202994767,0.10074598283629221,0.0,15,0.0,0.0,0.0,0.0,1.0204081632652962
memmert_archive/durations/yolo/int8,envelope_0.5,jetson,pico,10.0,15,15,15,"1a4a3eb35da0c746d47f,21278c1b9d117167e040,3f35689610ec03ca7948,4986c057233d06a62eb5,587cd35e35a8861c4c5d,67c4b7bd5c974849807d,72efaa0de9aad533a57b,81eb862adc0c265be6dc,87e15ffcca3c2caafef4,95e846bff3040d438443,a1a8bde8f31a62ede908,b66834fe48c7f4b8cb1d,ce700fd9fce7d4d377cf,f9e531914ac45496de45,fa5c281eb87cfc780f2c",15,envelope_energy_sensitive_gt1pct;timestamp_gap_requires_review,paired_own_window_setup_difference_not_synchronized_instrument_error,-1.1031445424085407,15,-1.2974042282970832,-1.3786842624193607,-1.1693246854497685,-1.8298039192416016,-0.957841384526037,-3.0810816515603467,15,-3.271456143731144,-3.351110577170957,-3.1459381917407656,-3.7932078408567715,-2.9386845568355247,2.0408163265306145,15,2.0408163265306145,2.0408163265306145,2.0408163265306145,2.0408163265306145,2.0408163265306145
memmert_archive/durations/yolo/int8,envelope_0.5,shelly,pico,10.0,15,15,15,"1a4a3eb35da0c746d47f,21278c1b9d117167e040,3f35689610ec03ca7948,4986c057233d06a62eb5,587cd35e35a8861c4c5d,67c4b7bd5c974849807d,72efaa0de9aad533a57b,81eb862adc0c265be6dc,87e15ffcca3c2caafef4,95e846bff3040d438443,a1a8bde8f31a62ede908,b66834fe48c7f4b8cb1d,ce700fd9fce7d4d377cf,f9e531914ac45496de45,fa5c281eb87cfc780f2c",15,envelope_energy_sensitive_gt1pct;source_time_resolution_coarser_than_detection_bins,paired_own_window_setup_difference_not_synchronized_instrument_error,-5.910727615086831,15,-5.983032284335543,-6.21139023490756,-5.544174777308436,-6.789137765137454,-5.168397555268345,-7.64482104141152,15,-7.730661626095669,-7.945695665255725,-7.266941475424948,-8.504859447514479,-6.646492947199867,2.0408163265306145,15,2.0408163265306145,2.0408163265306145,2.0408163265306145,1.020408163265274,2.0408163265306145
memmert_archive/durations/yolo/int8,envelope_0.5,firmware,pico,20.0,15,15,15,"07f90399cc4b6018d442,1a28bb090aa327020926,2204f7aad8b9e68806d9,3dcb6adc2aaf61627a3e,5cace70a0582d937b6d6,5eb0beae051a033a18b2,69f64f55bc9143de66ac,81097a66ea39f6413b79,862b9c29ba6bc71b6c9f,9b5ca7099f268128fecd,a6543c4e6e973ece7416,bc1764d86306e4d6df0a,c2b00d18ef68b569e477,ca5e1a9e0beca6910b40,fb44b7d527ffa5492020",0,,paired_own_window_setup_difference_not_synchronized_instrument_error,-0.3063958138253775,15,-0.29334750802315623,-0.4695557020164387,-0.17127172196918505,-0.7133343078591148,0.1529185630669394,-0.3311394210073981,15,-0.3714417032965267,-0.49013253750383456,-0.21816796929454707,-0.7133343078590815,-0.1339632382684086,-2.220446049250313e-14,15,-2.220446049250313e-14,-2.220446049250313e-14,-2.220446049250313e-14,-2.220446049250313e-14,0.5050505050504972
memmert_archive/durations/yolo/int8,envelope_0.5,jetson,pico,20.0,15,15,15,"07f90399cc4b6018d442,1a28bb090aa327020926,2204f7aad8b9e68806d9,3dcb6adc2aaf61627a3e,5cace70a0582d937b6d6,5eb0beae051a033a18b2,69f64f55bc9143de66ac,81097a66ea39f6413b79,862b9c29ba6bc71b6c9f,9b5ca7099f268128fecd,a6543c4e6e973ece7416,bc1764d86306e4d6df0a,c2b00d18ef68b569e477,ca5e1a9e0beca6910b40,fb44b7d527ffa5492020",15,envelope_energy_sensitive_gt1pct;timestamp_gap_requires_review,paired_own_window_setup_difference_not_synchronized_instrument_error,-1.3356521231472573,15,-1.4138726847153893,-1.4626480408820919,-1.3108802809885745,-1.6647461489178061,-0.9593619794961095,-2.269073770168639,15,-2.3616359375534968,-2.42236534307958,-2.2416385394779303,-2.648098687428635,-1.8045521124167019,1.0101010101010166,15,1.0101010101010166,1.0101010101010166,1.0101010101010166,0.5050505050505194,1.0101010101010166
memmert_archive/durations/yolo/int8,envelope_0.5,shelly,pico,20.0,15,15,15,"07f90399cc4b6018d442,1a28bb090aa327020926,2204f7aad8b9e68806d9,3dcb6adc2aaf61627a3e,5cace70a0582d937b6d6,5eb0beae051a033a18b2,69f64f55bc9143de66ac,81097a66ea39f6413b79,862b9c29ba6bc71b6c9f,9b5ca7099f268128fecd,a6543c4e6e973ece7416,bc1764d86306e4d6df0a,c2b00d18ef68b569e477,ca5e1a9e0beca6910b40,fb44b7d527ffa5492020",15,envelope_energy_sensitive_gt1pct;source_time_resolution_coarser_than_detection_bins,paired_own_window_setup_difference_not_synchronized_instrument_error,-5.711898446427877,15,-5.524978564184924,-5.775172658815575,-5.389195149816012,-6.093123505432729,-5.20426203606561,-6.5702367889098,15,-6.451592974786779,-6.682249403637702,-6.311602725367682,-7.032192270378412,-6.152219415704952,1.0101010101010166,15,1.0101010101010166,1.0101010101010166,1.0101010101010166,0.5050505050504972,1.0101010101010166
memmert_archive/durations/yolo/int8,envelope_0.5,firmware,pico,50.0,15,15,15,"1f7fe2bff67a7567bcb3,46ddc59bd14675799a1b,5d8eb9cd816314237c8b,6328832833558e2ead2f,72f22163a060dc954a4e,775c648b5f169f9470ea,7f3f7dfd7a63323d78f9,83ddbeb801bf7f922aef,942f04f7cf14cec7f1ff,a7646e2eab01161bcb96,c3d2cfab8bb47a97f7ae,d39ec79f51c78b214fc9,dfeacc2c39102cbfdfce,f429017ca201f203c24c,f762f95d9cf53c7fe023",0,,paired_own_window_setup_difference_not_synchronized_instrument_error,-0.1942650959535719,15,-0.21198789852032718,-0.3457726128359595,-0.1220875557122525,-0.6757085217388159,0.0872077560911011,-0.1942650959535719,15,-0.3174907054148024,-0.3466662370951168,-0.17516019976149821,-0.675708521738827,-0.11296945340993902,0.0,15,0.0,0.0,0.10040160642570406,0.0,0.20080321285140812
memmert_archive/durations/yolo/int8,envelope_0.5,jetson,pico,50.0,15,15,15,"1f7fe2bff67a7567bcb3,46ddc59bd14675799a1b,5d8eb9cd816314237c8b,6328832833558e2ead2f,72f22163a060dc954a4e,775c648b5f169f9470ea,7f3f7dfd7a63323d78f9,83ddbeb801bf7f922aef,942f04f7cf14cec7f1ff,a7646e2eab01161bcb96,c3d2cfab8bb47a97f7ae,d39ec79f51c78b214fc9,dfeacc2c39102cbfdfce,f429017ca201f203c24c,f762f95d9cf53c7fe023",15,timestamp_gap_requires_review,paired_own_window_setup_difference_not_synchronized_instrument_error,-1.192135543494599,15,-1.2997650850545606,-1.412584098590891,-1.208319952274739,-1.7600884267149786,-0.9988554651744086,-1.5873670013206498,15,-1.6945660247143612,-1.8069337621965387,-1.6034866724656482,-2.1530480730081125,-1.394860043313706,0.40160642570281624,15,0.40160642570281624,0.40160642570281624,0.40160642570281624,0.40160642570281624,0.40160642570281624
memmert_archive/durations/yolo/int8,envelope_0.5,shelly,pico,50.0,15,15,15,"1f7fe2bff67a7567bcb3,46ddc59bd14675799a1b,5d8eb9cd816314237c8b,6328832833558e2ead2f,72f22163a060dc954a4e,775c648b5f169f9470ea,7f3f7dfd7a63323d78f9,83ddbeb801bf7f922aef,942f04f7cf14cec7f1ff,a7646e2eab01161bcb96,c3d2cfab8bb47a97f7ae,d39ec79f51c78b214fc9,dfeacc2c39102cbfdfce,f429017ca201f203c24c,f762f95d9cf53c7fe023",15,envelope_energy_sensitive_gt1pct;source_time_resolution_coarser_than_detection_bins,paired_own_window_setup_difference_not_synchronized_instrument_error,-5.411033014830835,15,-5.435524411292192,-5.560735200821848,-5.298312770000136,-5.717307773851754,-5.183574802595203,-5.7703171334379855,15,-5.77801565917524,-5.86839268222426,-5.677119518920154,-5.943660910274129,-5.424752111568476,0.40160642570281624,15,0.40160642570281624,0.3012048192771233,0.40160642570282734,0.20080321285140812,0.40160642570283844
memmert_archive/durations/yolo/int8,envelope_0.5,firmware,pico,100.0,15,15,15,"170242ecf1902f4244f8,2468caadbf7803db6cf1,367479c3067fbbcebf57,3fdb9b3d595cf0d5ed5f,51ba090e40e5661be437,5bc74405e559a1e7215c,6754e24c4293f9cbf014,8440cc6f9e14f40899d2,bc02ba29f3851c9fe25a,be922588694ba14f5d08,c8f40a63b94f37d996fa,ceebe9e3c9b2c18540c0,db752afe2bbde5369bdc,df024430a7c92f20f21f,e817af4f915978f76cd6",0,,paired_own_window_setup_difference_not_synchronized_instrument_error,-0.24558603367628162,15,-0.28560190999600277,-0.3273440192187227,-0.2040859616802615,-0.43376142483242397,-0.049297565450256986,-0.32096443175487765,15,-0.3023032738321052,-0.34414231957433095,-0.28229664626764905,-0.4337614248324462,-0.04929756545026809,2.220446049250313e-14,15,2.220446049250313e-14,2.220446049250313e-14,2.220446049250313e-14,2.220446049250313e-14,0.10020040080160886
memmert_archive/durations/yolo/int8,envelope_0.5,jetson,pico,100.0,15,15,15,"170242ecf1902f4244f8,2468caadbf7803db6cf1,367479c3067fbbcebf57,3fdb9b3d595cf0d5ed5f,51ba090e40e5661be437,5bc74405e559a1e7215c,6754e24c4293f9cbf014,8440cc6f9e14f40899d2,bc02ba29f3851c9fe25a,be922588694ba14f5d08,c8f40a63b94f37d996fa,ceebe9e3c9b2c18540c0,db752afe2bbde5369bdc,df024430a7c92f20f21f,e817af4f915978f76cd6",15,timestamp_gap_requires_review,paired_own_window_setup_difference_not_synchronized_instrument_error,-1.4228933367170127,15,-1.4227253730669576,-1.484962541496554,-1.3806634093271264,-1.6546902902674687,-1.1999742905353772,-1.6200475500435907,15,-1.6198799223208327,-1.6819926164135746,-1.5779020825084977,-1.8513809096869505,-1.397574341954333,0.20040080160321772,15,0.20040080160321772,0.20040080160321772,0.20040080160321772,0.20040080160321772,0.20040080160321772
memmert_archive/durations/yolo/int8,envelope_0.5,shelly,pico,100.0,15,15,15,"170242ecf1902f4244f8,2468caadbf7803db6cf1,367479c3067fbbcebf57,3fdb9b3d595cf0d5ed5f,51ba090e40e5661be437,5bc74405e559a1e7215c,6754e24c4293f9cbf014,8440cc6f9e14f40899d2,bc02ba29f3851c9fe25a,be922588694ba14f5d08,c8f40a63b94f37d996fa,ceebe9e3c9b2c18540c0,db752afe2bbde5369bdc,df024430a7c92f20f21f,e817af4f915978f76cd6",15,source_time_resolution_coarser_than_detection_bins,paired_own_window_setup_difference_not_synchronized_instrument_error,-5.255475909004071,15,-5.2319702145370295,-5.2669291572250865,-5.107598554409265,-5.454992029223005,-5.031153331006754,-5.400832973439429,15,-5.421506274107957,-5.456395298910637,-5.297383357300445,-5.565934177897535,-5.221091024344748,0.20040080160321772,15,0.20040080160321772,0.20040080160321772,0.20040080160321772,0.10020040080160886,0.20040080160321772
memmert_archive/durations/yolo/int8,envelope_0.5,firmware,pico,200.0,15,15,15,"0eb740e426a7291771ba,25d50ffc04d2ff60ff5a,507e9b81b8ff241ce340,53010a8ac15de41f0b29,6501a7452af45b5ee5f5,6bf861fb91cc05e9f413,80292d2bda3b40a784e7,a51323b9def84b0566ac,ae4f0e4452258b730cf3,b3b69166f7f90c054eea,bc8a0f86330094182051,d7b9ad473ab49c66fc31,e36778bf4ef87a500630,eb4b65e693cbd54771b7,ee9518424bfe88bf7609",0,,paired_own_window_setup_difference_not_synchronized_instrument_error,-0.2748751804861338,15,-0.31071454877462656,-0.35434707604286575,-0.2727725841787709,-0.4110473839701978,-0.23463275148059015,-0.2748751804861338,15,-0.31071454877462656,-0.35434707604286575,-0.27277258417878203,-0.4110473839702089,-0.23463275148059015,0.0,15,0.0,0.0,0.0,0.0,0.0
memmert_archive/durations/yolo/int8,envelope_0.5,jetson,pico,200.0,15,15,15,"0eb740e426a7291771ba,25d50ffc04d2ff60ff5a,507e9b81b8ff241ce340,53010a8ac15de41f0b29,6501a7452af45b5ee5f5,6bf861fb91cc05e9f413,80292d2bda3b40a784e7,a51323b9def84b0566ac,ae4f0e4452258b730cf3,b3b69166f7f90c054eea,bc8a0f86330094182051,d7b9ad473ab49c66fc31,e36778bf4ef87a500630,eb4b65e693cbd54771b7,ee9518424bfe88bf7609",15,timestamp_gap_requires_review,paired_own_window_setup_difference_not_synchronized_instrument_error,-1.1925404943449402,15,-1.261160939955519,-1.40160423970489,-1.1863442459201623,-1.5993836227244929,-1.1081751998464062,-1.2913479538505857,15,-1.359899779015561,-1.5002026354651754,-1.2851579016742276,-1.6977842391017517,-1.2070670246465687,0.10010010010008674,15,0.10010010010008674,0.10010010010008674,0.10010010010008674,0.10010010010008674,0.10010010010008674
memmert_archive/durations/yolo/int8,envelope_0.5,shelly,pico,200.0,15,15,15,"0eb740e426a7291771ba,25d50ffc04d2ff60ff5a,507e9b81b8ff241ce340,53010a8ac15de41f0b29,6501a7452af45b5ee5f5,6bf861fb91cc05e9f413,80292d2bda3b40a784e7,a51323b9def84b0566ac,ae4f0e4452258b730cf3,b3b69166f7f90c054eea,bc8a0f86330094182051,d7b9ad473ab49c66fc31,e36778bf4ef87a500630,eb4b65e693cbd54771b7,ee9518424bfe88bf7609",15,source_time_resolution_coarser_than_detection_bins;timestamp_gap_requires_review,paired_own_window_setup_difference_not_synchronized_instrument_error,-5.237523869471228,15,-5.256546595898614,-5.29295328110656,-5.20986302418382,-5.3427328186052225,-5.177577315373616,-5.332286345601755,15,-5.313964979873664,-5.38339128347406,-5.297677509941401,-5.437390085786609,-5.252561522215881,0.10010010010010895,15,0.10010010010010895,0.05005005005005447,0.10010010010010895,0.0,0.15015015015016342
memmert_archive/durations/yolo/int8,envelope_0.5,firmware,pico,300.0,15,15,15,"12bec8924182f4fc51b3,225ee840eca0adf2cf9b,41e7b877987a0be11cc5,44d28d0195f82729ac37,479ce3a11dac24609397,52216715b854bb05f109,5397dfc0a881d19990ec,70d445b5fcc5221e2602,98db4f49dc7353233545,a5d6dbf9ea5be8e5887f,a690a0dfcae1073e9479,cce2ddafde903e438da8,d29997e5bf0bf687102b,e70ecd497b6cf9057f93,fc79d3bc99dce3c8696d",0,,paired_own_window_setup_difference_not_synchronized_instrument_error,-0.49286545618794086,15,-0.42545310530759384,-0.4980070385771862,-0.32565478597011976,-0.7642384418504622,-0.23944341184695128,-0.49286545618791866,15,-0.42545310530759384,-0.498007038577164,-0.32565478597009756,-0.76423844185044,-0.2727080189120157,-2.220446049250313e-14,15,-2.220446049250313e-14,-2.220446049250313e-14,-2.220446049250313e-14,-2.220446049250313e-14,0.033355570380244615
memmert_archive/durations/yolo/int8,envelope_0.5,jetson,pico,300.0,15,15,15,"12bec8924182f4fc51b3,225ee840eca0adf2cf9b,41e7b877987a0be11cc5,44d28d0195f82729ac37,479ce3a11dac24609397,52216715b854bb05f109,5397dfc0a881d19990ec,70d445b5fcc5221e2602,98db4f49dc7353233545,a5d6dbf9ea5be8e5887f,a690a0dfcae1073e9479,cce2ddafde903e438da8,d29997e5bf0bf687102b,e70ecd497b6cf9057f93,fc79d3bc99dce3c8696d",15,timestamp_gap_requires_review,paired_own_window_setup_difference_not_synchronized_instrument_error,-1.5767824417489917,15,-1.4524874533584309,-1.499501275902071,-1.361663225481119,-1.5896214104552553,-1.2548660329025574,-1.6423979201211414,15,-1.5181857950561928,-1.565168275051465,-1.4274221166641288,-1.6552283295149683,-1.3206961222139713,0.06671114076051143,15,0.06671114076051143,0.06671114076051143,0.06671114076051143,0.06671114076051143,0.06671114076051143
memmert_archive/durations/yolo/int8,envelope_0.5,shelly,pico,300.0,15,15,15,"12bec8924182f4fc51b3,225ee840eca0adf2cf9b,41e7b877987a0be11cc5,44d28d0195f82729ac37,479ce3a11dac24609397,52216715b854bb05f109,5397dfc0a881d19990ec,70d445b5fcc5221e2602,98db4f49dc7353233545,a5d6dbf9ea5be8e5887f,a690a0dfcae1073e9479,cce2ddafde903e438da8,d29997e5bf0bf687102b,e70ecd497b6cf9057f93,fc79d3bc99dce3c8696d",15,source_time_resolution_coarser_than_detection_bins,paired_own_window_setup_difference_not_synchronized_instrument_error,-6.094035458858793,15,-6.181225219257702,-6.457106965352921,-5.473938802206635,-6.711796279333148,-5.248342939429406,-6.156639435219546,15,-6.243771069111526,-6.51946889404269,-5.521227726726307,-6.773988415146914,-5.311510710803125,0.06671114076051143,15,0.06671114076051143,0.06671114076051143,0.06671114076051143,0.033355570380244615,0.06671114076051143
memmert_archive/durations/yolo/int8,envelope_0.5,firmware,pico,400.0,15,15,15,"1874181abe2ea4d9eb96,211ce7dbcd32b188d2ba,36c0d79deba31c5d0e4b,4c4ef27ed32a7da8bb43,51082c802306a07dac0b,617012b088a0b6a22401,80a2c9ce6542ed9f0c9f,888a5b4cb1b76cc06010,9492576199941f2267ef,a3265dfdb924660b15df,a491a069c239e0d582a8,ae31b5b81fd32711925a,afc90dc6dc25e9daeab7,bb1ea05ce4f0dbe4321d,d55f429613f0714a83e2",0,,paired_own_window_setup_difference_not_synchronized_instrument_error,-0.26237442682712775,15,-0.27407301110912163,-0.3051974559034054,-0.25560073564343533,-1.2576526767209328,-0.20477567071698344,-0.2678178572552259,15,-0.27407301110909943,-0.29822236951168035,-0.2580002252054847,-0.37396224904122644,-0.20477567071697234,-1.1102230246251565e-14,15,-1.1102230246251565e-14,-1.1102230246251565e-14,-1.1102230246251565e-14,-1.0005002501250582,0.025012506253108135
memmert_archive/durations/yolo/int8,envelope_0.5,jetson,pico,400.0,15,15,15,"1874181abe2ea4d9eb96,211ce7dbcd32b188d2ba,36c0d79deba31c5d0e4b,4c4ef27ed32a7da8bb43,51082c802306a07dac0b,617012b088a0b6a22401,80a2c9ce6542ed9f0c9f,888a5b4cb1b76cc06010,9492576199941f2267ef,a3265dfdb924660b15df,a491a069c239e0d582a8,ae31b5b81fd32711925a,afc90dc6dc25e9daeab7,bb1ea05ce4f0dbe4321d,d55f429613f0714a83e2",15,timestamp_gap_requires_review,paired_own_window_setup_difference_not_synchronized_instrument_error,-1.2419444471389651,15,-1.323267603994327,-1.3971217555916848,-1.236092475499606,-1.6619286207042672,-1.1403865182526896,-1.2913234749153957,15,-1.371323744008579,-1.4464231947138806,-1.2854744292618514,-1.7110976563939118,-1.1898163249935534,0.05002501250626068,15,0.05002501250626068,0.05002501250626068,0.05002501250626068,0.025006251562875725,0.05002501250626068
memmert_archive/durations/yolo/int8,envelope_0.5,shelly,pico,400.0,15,15,15,"1874181abe2ea4d9eb96,211ce7dbcd32b188d2ba,36c0d79deba31c5d0e4b,4c4ef27ed32a7da8bb43,51082c802306a07dac0b,617012b088a0b6a22401,80a2c9ce6542ed9f0c9f,888a5b4cb1b76cc06010,9492576199941f2267ef,a3265dfdb924660b15df,a491a069c239e0d582a8,ae31b5b81fd32711925a,afc90dc6dc25e9daeab7,bb1ea05ce4f0dbe4321d,d55f429613f0714a83e2",15,source_time_resolution_coarser_than_detection_bins;timestamp_gap_requires_review,paired_own_window_setup_difference_not_synchronized_instrument_error,-5.1871345880961535,15,-5.166813972310846,-5.192399764962586,-5.118779962874376,-5.234143394352553,-5.013390620930258,-5.234541020802109,15,-5.214230565324696,-5.231277880247653,-5.15436395292706,-5.281526322655406,-5.060883925619796,0.05002501250626068,15,0.05002501250626068,0.02501250625313034,0.05002501250626068,0.0,0.05002501250626068
memmert_archive/durations/yolo/int8,envelope_0.5,firmware,pico,500.0,11,11,11,"04b880746518c8135242,1180a076e3b52fa5adfe,14484b4240ee21800a24,3e783e97b2595b747571,7db8a428466f1a7c3998,a8637aff6c101c53de2e,b3bc3b8f1eafbbb8422d,c64722be85e7a5c9c915,c7b5f4dabf7572844003,cd2d42ac6ca34dbb5651,dc226599d914fc37d676",0,,paired_own_window_setup_difference_not_synchronized_instrument_error,-0.3892108925824256,11,-0.42663773057445287,-0.43995153911329243,-0.395250206937503,-0.863743405303008,-0.3871139275443469,-0.3892108925824145,11,-0.42663773057444176,-0.43995153911328133,-0.3952502069374919,-0.8637434053029858,-0.3871139275443358,-1.1102230246251565e-14,11,-1.1102230246251565e-14,-1.1102230246251565e-14,-1.1102230246251565e-14,-1.1102230246251565e-14,-1.1102230246251565e-14
memmert_archive/durations/yolo/int8,envelope_0.5,jetson,pico,500.0,11,11,11,"04b880746518c8135242,1180a076e3b52fa5adfe,14484b4240ee21800a24,3e783e97b2595b747571,7db8a428466f1a7c3998,a8637aff6c101c53de2e,b3bc3b8f1eafbbb8422d,c64722be85e7a5c9c915,c7b5f4dabf7572844003,cd2d42ac6ca34dbb5651,dc226599d914fc37d676",11,timestamp_gap_requires_review,paired_own_window_setup_difference_not_synchronized_instrument_error,-1.4302401567389933,11,-1.448810636936504,-1.605015354642969,-1.3513688690124481,-1.666937585737005,-1.1431089183503884,-1.469668060676299,11,-1.469668060676299,-1.6443733485011214,-1.390828321464832,-1.7062708107027036,-1.1826516747830529,0.04001600640255454,11,0.04001600640255454,0.04001600640255454,0.04001600640255454,0.02000800320127727,0.04001600640255454
memmert_archive/durations/yolo/int8,envelope_0.5,shelly,pico,500.0,11,11,11,"04b880746518c8135242,1180a076e3b52fa5adfe,14484b4240ee21800a24,3e783e97b2595b747571,7db8a428466f1a7c3998,a8637aff6c101c53de2e,b3bc3b8f1eafbbb8422d,c64722be85e7a5c9c915,c7b5f4dabf7572844003,cd2d42ac6ca34dbb5651,dc226599d914fc37d676",11,source_time_resolution_coarser_than_detection_bins,paired_own_window_setup_difference_not_synchronized_instrument_error,-6.559525367093045,11,-6.580646434776827,-6.643828638384768,-6.401354172340596,-6.719541112533367,-6.305101450383244,-6.5969015569462,11,-6.618014176202913,-6.681171106929412,-6.438793630671663,-6.7568532960883605,-6.342579409803106,0.04001600640255454,11,0.04001600640255454,0.04001600640255454,0.04001600640257674,0.04001600640255454,0.04001600640257674
memmert_archive/durations/yolo/int8,envelope_0.5,firmware,pico,600.0,15,15,15,"06f0c1d69d3dbc99ec07,089cbbb5ea2d30691b83,10bd2929ed038898e940,2bb787b0e0e9a1882f58,4a00e6f58f0611bacbe0,614525e7d98fa4eea71b,6d9e16a2fb43624d6d1a,82a300df25ac9a849540,b0318c364582dc8c6f7f,b184f152500cb46e574a,b2e4059ba5376ed255cb,befaa4da98ac944bb137,dcae0a04a9f13c62aea7,e4291a4243fbf3c40f93,e98319e23197e27948d5",0,,paired_own_window_setup_difference_not_synchronized_instrument_error,-0.25501518754862396,15,-0.26351348330951874,-0.276497585749097,-0.24538564125378137,-0.8646309716143108,-0.1745662152936922,-0.25501518754861285,15,-0.2595446312650185,-0.27097345499073056,-0.23649469997728545,-0.32442107351288163,-0.15792309528955828,0.0,15,0.0,0.0,0.0,-0.667445352911733,0.01667222407468749
memmert_archive/durations/yolo/int8,envelope_0.5,jetson,pico,600.0,15,15,15,"06f0c1d69d3dbc99ec07,089cbbb5ea2d30691b83,10bd2929ed038898e940,2bb787b0e0e9a1882f58,4a00e6f58f0611bacbe0,614525e7d98fa4eea71b,6d9e16a2fb43624d6d1a,82a300df25ac9a849540,b0318c364582dc8c6f7f,b184f152500cb46e574a,b2e4059ba5376ed255cb,befaa4da98ac944bb137,dcae0a04a9f13c62aea7,e4291a4243fbf3c40f93,e98319e23197e27948d5",15,timestamp_gap_requires_review,paired_own_window_setup_difference_not_synchronized_instrument_error,-1.4433410323474116,15,-1.2332860077440055,-1.5670204024505863,-1.1426172647635346,-1.7317605665946978,-1.013358335787895,-1.4761932520033216,15,-1.2662082457414514,-1.5998313956497923,-1.1673384977104906,-1.7581378799719216,-1.0463538830093322,0.03334444814941939,15,0.03334444814941939,0.03334444814941939,0.03334444814941939,0.016669444907502218,0.03334444814941939
memmert_archive/durations/yolo/int8,envelope_0.5,shelly,pico,600.0,15,15,15,"06f0c1d69d3dbc99ec07,089cbbb5ea2d30691b83,10bd2929ed038898e940,2bb787b0e0e9a1882f58,4a00e6f58f0611bacbe0,614525e7d98fa4eea71b,6d9e16a2fb43624d6d1a,82a300df25ac9a849540,b0318c364582dc8c6f7f,b184f152500cb46e574a,b2e4059ba5376ed255cb,befaa4da98ac944bb137,dcae0a04a9f13c62aea7,e4291a4243fbf3c40f93,e98319e23197e27948d5",15,source_time_resolution_coarser_than_detection_bins,paired_own_window_setup_difference_not_synchronized_instrument_error,-5.0658175793338645,15,-5.0343915215626645,-5.0651655672952876,-4.9895374854843855,-5.1094265245716475,-4.881716645580337,-5.0974623068074205,15,-5.066046724388817,-5.090185827668192,-5.006369825894846,-5.14105671573013,-4.865842432737488,0.03334444814939719,15,0.03334444814939719,0.01667222407468749,0.03334444814939719,-0.016686133822774174,0.03334444814939719
