frequency_hz,density,normalised_density_per_hz,cumulative_variance_pct
0.0,2.5246305760608213e-05,1.1604242837926563e-05,0.0
4.76837158203125,0.00014738366170524283,6.774360641068513e-05,0.018918001472618982
9.5367431640625,6.030139557088858e-05,2.7717007165550646e-05,0.04167758532162844
14.30511474609375,3.662393439932369e-05,1.683386997210342e-05,0.052299342146516214
19.073486328125,3.6992851604432413e-05,1.700343952718068e-05,0.06036678539795533
23.84185791015625,4.5012025439464475e-05,2.0689382390411576e-05,0.0693534544418759
28.6102294921875,5.333631297242774e-05,2.4515568086694736e-05,0.0801311545029841
33.37860107421875,6.36519952137805e-05,2.925708088078918e-05,0.09295155306433871
38.14697265625,7.500679467116154e-05,3.447621478215376e-05,0.10814675485775734
42.91534423828125,8.397233774215011e-05,3.8597147957730374e-05,0.1255688021723736
47.6837158203125,9.302269970271324e-05,4.275706739138368e-05,0.1449651585998319
52.45208740234375,0.0001081884419775319,4.972786770740445e-05,0.16701528541438515
57.220458984375,0.00011634789089772591,5.347828678223498e-05,0.19162155012234133
61.98883056640625,0.00012192861363298221,5.604341700148856e-05,0.21773355911923892
66.7572021484375,0.00012237445902206533,5.6248345921075795e-05,0.24450600168004621
71.52557373046875,0.0001233523741515655,5.669783602648791e-05,0.2714344698949309
76.2939453125,0.00012231693746477288,5.6221906642174296e-05,0.29835663449450744
81.06231689453125,0.00011297222751927118,5.192669274094739e-05,0.3241412698912554
85.8306884765625,9.964945596009201e-05,4.5802997737294225e-05,0.3474418438311133
90.59906005859375,8.982919571457378e-05,4.128920131491086e-05,0.36820624217997044
95.367431640625,8.21628945098317e-05,3.7765453258776535e-05,0.3870543405947938
100.13580322265625,7.807083403896573e-05,3.5884573582293326e-05,0.4046138753450336
104.9041748046875,7.464453371846455e-05,3.430970471507086e-05,0.42134949543775085
109.67254638671875,7.416658778173016e-05,3.409002106052525e-05,0.43765726086810497
114.44091796875,7.325331707207312e-05,3.367024419526358e-05,0.45381256702993505
119.20928955078125,7.350399469770822e-05,3.37854659655094e-05,0.4698952615987534
123.9776611328125,7.7074467357854e-05,3.542660238314546e-05,0.4863967045911199
128.74603271484375,8.069251922069477e-05,3.708960816366348e-05,0.5036859164715198
133.514404296875,8.255463801356479e-05,3.794551472165368e-05,0.5215756838525483
138.28277587890625,9.179335889129416e-05,4.219201167822112e-05,0.5406819590295203
143.0511474609375,0.00010228096200551902,4.701254639245838e-05,0.5619499830141146
147.81951904296875,0.0001131150636399424,5.1992346110038815e-05,0.585554588808663
152.587890625,0.00012102596592217918,5.562852290440445e-05,0.6112134034807618
157.35626220703125,0.00012527494732978721,5.758152991205351e-05,0.6382047834132747
162.1246337890625,0.00012979798233090216,5.966050324839303e-05,0.6661574623703665
166.89300537109375,0.00012574361329716028,5.779694811013913e-05,0.6941615010281587
171.661376953125,0.00011875417195561097,5.4584312748836775e-05,0.7209552815597976
176.42974853515625,0.0001125813984059508,5.174705156959718e-05,0.7463066543545293
181.1981201171875,0.00010734674215845299,4.9340987773767964e-05,0.7704079210589372
185.96649169921875,0.00010118469482196227,4.650865680426004e-05,0.7932602571266205
190.73486328125,9.34097819726192e-05,4.2934986359047186e-05,0.8145852834392833
195.50323486328125,9.158791653776547e-05,4.2097581903736575e-05,0.8348586275418528
200.2716064453125,8.932167235411414e-05,4.1055922657172214e-05,0.8546839679465799
205.03997802734375,8.420712654359571e-05,3.87050665694051e-05,0.8737004696657156
209.808349609375,8.192377713815096e-05,3.7655545057788195e-05,0.891906258189197
214.57672119140625,8.720770439418936e-05,4.00842558402061e-05,0.9104408710589352
219.3450927734375,0.00040903798363990093,0.00018801071876026,0.9648229508033854
224.11346435546875,0.0038801798862233244,0.0017834906255801038,1.4348655000178352
228.8818359375,0.0027385885183208282,0.0012587681738901188,2.160196520246751
233.65020751953125,0.0002947735391590658,0.00013549006983564504,2.4926135896164876
238.4185791015625,7.161590847603097e-05,3.291762370680271e-05,2.5327651126206496
243.18695068359375,1.7574862887472346e-05,8.078131459047144e-06,2.5425392623164873
247.955322265625,1.0882186225787026e-05,5.001901377927777e-06,2.5456577851600803
252.72369384765625,9.663934291631908e-06,4.441942569864559e-06,2.54790937301537
257.4920654296875,1.1807241946277683e-05,5.427095119973627e-06,2.5502623349584805
262.26043701171875,1.6240695109486247e-05,7.464892950843533e-06,2.553336024436119
267.02880859375,2.4634166767244e-05,1.1322878522809788e-05,2.557815378215353
271.79718017578125,3.611514802597031e-05,1.6600010781574533e-05,2.564472713807714
276.5655517578125,4.972869666539219e-05,2.285735891780223e-05,2.5738800838265243
281.33392333984375,6.742321616951863e-05,3.099048949038246e-05,2.58671841133168
286.102294921875,8.921068770891891e-05,4.1004909539200075e-05,2.6038834520701637
290.87066650390625,0.00011056521494628246,5.082033053984923e-05,2.6257762953354704
295.6390380859375,0.00012924312694036978,5.940546883849863e-05,2.65205617380359
300.40740966796875,0.00014643881784746579,6.730931722503028e-05,2.6822673330480153
305.17578125,0.0001538681531903707,7.072414600279051e-05,2.7151770752192603
309.94415283203125,0.0001566156035159714,7.198698742861038e-05,2.749202060873948
314.7125244140625,0.00015817258075371486,7.2702638349233e-05,2.7836987558626385
319.48089599609375,0.0001570174040941474,7.217167153747706e-05,2.8182394829741475
324.249267578125,0.00016310252023122714,7.496864175645606e-05,2.853320467398245
329.01763916015625,0.00015526572743036556,7.136652873469244e-05,2.88820949081933
333.7860107421875,0.00015800181570896203,7.262414769533966e-05,2.922539543297651
338.55438232421875,0.00016604902206874482,7.632297546251064e-05,2.958051304762211
343.32275390625,0.00017397649080099498,7.996676688020932e-05,2.995313683059711
348.09112548828125,0.0001875074712630544,8.618616327847248e-05,3.034927628581705
352.8594970703125,0.00020559604406471713,9.450041699037679e-05,3.0780066663121253
357.62786865234375,0.00022754434999293943,0.00010458876315425764,3.125473225756704
362.396240234375,0.00026150454193063483,0.00012019826728545213,3.1790666301545993
367.16461181640625,0.0003049416928286634,0.00014016377241669634,3.24114177771237
371.9329833984375,0.00036210449480279447,0.00016643815258518497,3.314241373021123
376.70135498046875,0.0004254672644546301,0.00019556229347516643,3.400549005004963
381.4697265625,0.0004714757755792685,0.0002167097017638985,3.4988423083132276
386.23809814453125,0.0005230236659581339,0.00024040323710373038,3.607826525686987
391.0064697265625,0.0005533868403404396,0.0002543594036891935,3.7257871314973725
395.77484130859375,0.0005622441859136507,0.00025843060483464377,3.848045796707104
400.543212890625,0.0005714347437167165,0.00026265496405670396,3.9722822776325084
405.31158447265625,0.0005827743238397455,0.0002678671025246246,4.0987685949288535
410.0799560546875,0.0006150428609138193,0.0002826990523466238,4.230033795274667
414.84832763671875,0.0006348786894926469,0.00029181641683958447,4.367008957109911
419.61669921875,0.0006891634301985212,0.00031676792140892737,4.512106770298585
424.38507080078125,0.0007710547275077235,0.00035440853739843805,4.672127707933856
429.1534423828125,0.0008777259428132832,0.0004034390251838574,4.8528126469803095
433.92181396484375,0.0010280673462194142,0.00047254213160513505,5.0616628297016835
438.690185546875,0.0013177057652026892,0.0006056718885266115,5.3187290843488775
443.45855712890625,0.003087133182318704,0.0014189736692701855,5.801442201423081
448.2269287109375,0.04257661095109861,0.0195699654982143,10.805595254583864
452.99530029296875,0.07112253586599641,0.03269084931728566,23.265544465585254
457.763671875,0.009680385663373751,0.004449504298480206,32.120494801985735
462.53204345703125,0.0030507574496622036,0.0014022538830505262,33.51566267287223
467.3004150390625,0.005920199813900796,0.002721167878618667,34.49876303032586
472.06878662109375,0.002453392987457286,0.0011276805514944613,35.416400004210715
476.837158203125,0.0014246758464968022,0.0006548397474403082,35.84138596110243
481.60552978515625,0.0012898729375491675,0.0005928787736043655,36.138865238008606
486.3739013671875,0.0012433781284405879,0.000571507842715901,36.416476640596564
491.14227294921875,0.0011277221654480455,0.0005183475945217362,36.67631842536887
495.91064453125,0.0011038202280939625,0.0005073612788213829,36.9208664775232
500.67901611328125,0.0010731421726420385,0.0004932603799162067,37.159433271617665
505.4473876953125,0.001041975125371134,0.0004789347202136682,37.39122264600013
510.21575927734375,0.0010529568457783812,0.0004839823716044212,37.62079997082401
514.984130859375,0.0010471162927123993,0.00048129781265436686,37.850940700789884
519.7525024414062,0.0010102999931132348,0.0004643755237066839,38.07640679393931
524.5208740234375,0.0009475223436861055,0.0004355203281919688,38.290958684288384
529.2892456054688,0.0008529628674036521,0.00039205689493509803,38.488268469923156
534.0576171875,0.0007392747015260781,0.0003398011274120613,38.662757019715244
538.8259887695312,0.0006075079596858735,0.000279235701136432,38.81034690078932
543.5943603515625,0.0005215398429298501,0.0002397212108733589,38.934075870365625
548.3627319335938,0.00044642880002628314,0.00020519707930624154,39.040152656926544
553.131103515625,0.0003806784552444764,0.00017497551046522858,39.130792865593214
557.8994750976562,0.0003334553070552289,0.00015326980491148985,39.20905264728207
562.6678466796875,0.00030091934762410043,0.0001383149367504284,39.278571867076806
567.4362182617188,0.0002731780677262336,0.00012556390095048878,39.34148548461643
572.20458984375,0.0002490065877218596,0.00011445369233689854,39.39871013816738
576.9729614257812,0.00023262838944253076,0.00010692559726100083,39.451491073835825
581.7413330078125,0.0002145960085733457,9.863717167762298e-05,39.50050105712236
586.5097045898438,0.00019586080402331026,9.002569935852989e-05,39.545481790764015
591.278076171875,0.00018755137159364994,8.620634168008603e-05,39.587498783580614
596.0464477539062,0.0001814655881337836,8.340906473204575e-05,39.62793824777112
600.8148193359375,0.0001765355400262548,8.114301139398911e-05,39.6671705199493
605.5831909179688,0.00016095510410246965,7.398160078228457e-05,39.70415510956805
610.3515625,0.0001463913886701455,6.728751681999492e-05,39.73783629185771
615.1199340820312,0.0001320154735986565,6.0679753645104656e-05,39.76834606665351
619.8883056640625,0.00011774143197030383,5.411881570413572e-05,39.79571617844064
624.6566772460938,0.00010282489000429081,4.726255812264759e-05,39.819887381535786
629.425048828125,9.219180552903625e-05,4.2375154177807294e-05,39.84125867753637
634.1934204101562,8.632012398318372e-05,3.9676287295217365e-05,39.86082126562561
638.9617919921875,8.345771913361869e-05,3.836060803149561e-05,39.8794267113269
643.7301635742188,8.43156927459356e-05,3.875496807134719e-05,39.897812497407934
648.49853515625,8.93525855528048e-05,4.107013163760306e-05,39.91684428425719
653.2669067382812,0.00010732902932253292,4.9332846224215566e-05,39.938398033785546
658.0352783203125,0.000125776625215706,5.781212174872938e-05,39.96394338480754
662.8036499023438,0.00016374180396588528,7.526248291363971e-05,39.995670842965644
667.572021484375,0.0002888339961596532,0.00013276001103159488,40.04526727039323
672.3403930664062,0.0019612032683459305,0.0009014498674071813,40.291842120103404
677.1087646484375,0.006611522001615373,0.0030389280539708857,41.23130142524153
681.8771362304688,0.002556052672723631,0.0011748671747094327,42.23594849628844
686.6455078125,0.00043381115920247226,0.00019939749145566208,42.563598725305
691.4138793945312,0.00042337141796503375,0.00019459895603297163,42.6575347984863
696.1822509765625,0.0007583442208389787,0.00034856626457738487,42.78703547860161
700.9506225585938,0.0013290637347212106,0.0006108924795187534,43.01578826907558
705.718994140625,0.0008067634424990414,0.0003708217348031889,43.24984717713802
710.4873657226562,0.0006524436106255055,0.00029988997865838937,43.409757310848306
715.2557373046875,0.0006754522925394933,0.0003104657173364466,43.55527744863394
720.0241088867188,0.000744483281571107,0.00034219520551031525,43.71088393849418
724.79248046875,0.0008345355383432495,0.0003835869348823706,43.88392388514389
729.5608520507812,0.0009037458154182032,0.00041539883123162074,44.07441693622316
734.3292236328125,0.0009832982835502133,0.0004519644249194166,44.2812124513196
739.0975952148438,0.001111600112954572,0.0005109372346079315,44.51078609679865
743.865966796875,0.0012008107967196237,0.0005519421423343676,44.76419628760558
748.6343383789062,0.0012955531830862333,0.0005954896486058877,45.037765344817515
753.4027099609375,0.001318903442391159,0.0006062223903334198,45.324275821630664
758.1710815429688,0.0012958378179400115,0.0005956204785179826,45.610817490725566
762.939453125,0.0012147775769119529,0.0005583618502533224,45.88594831785953
767.7078247070312,0.0011289031598094813,0.0005188904282135353,46.14278527542552
772.4761962890625,0.001040021487009516,0.00047803674748923586,46.38047123612431
777.2445678710938,0.0009974259607558233,0.00045845808773821743,46.60374900407519
782.012939453125,0.0009372711032736453,0.0004308084355188727,46.81576666499273
786.7813110351562,0.0009188424778689831,0.0004223378796128853,47.019172597212176
791.5496826171875,0.0009095908756688858,0.00041808546186956,47.21954513613221
796.3180541992188,0.0008999950328646939,0.00041367481695420947,47.41785223996249
801.08642578125,0.0009033580004591772,0.0004152205754898346,47.61547630165283
805.8547973632812,0.000943565239795032,0.0004337014801227765,47.817875091919966
810.6231689453125,0.0009297395142011037,0.00042734660671183924,48.02316495332119
815.3915405273438,0.0009546978584556242,0.0004388184905711373,48.229674805082766
820.159912109375,0.0009998916116822707,0.00045959140254377194,48.44387241525002
824.9282836914062,0.0010606094349239472,0.0004874998170329159,48.66967655810105
829.6966552734375,0.0011634354347420544,0.0005347628852717426,48.91340297905305
834.4650268554688,0.0011992456224494182,0.0005512227237197251,49.172322124873546
839.2333984375,0.0012204528907254475,0.0005609704584313945,49.437489643048465
844.0017700195312,0.0012233356516926086,0.000562295494205889,49.70529711542941
848.7701416015625,0.0011774613619654495,0.0005412097796043508,49.968393274842335
853.5385131835938,0.0011609761032417372,0.0005336324751349386,50.22465563797559
858.306884765625,0.0011564778443833613,0.0005315648899351311,50.47861848021833
863.0752563476562,0.0011555555426979594,0.0005311409620611397,50.7319872994542
867.8436279296875,0.0011752847175446409,0.0005402093041022957,50.98741710763296
872.6119995117188,0.001235702897304814,0.0005679799900953524,51.25163002453114
877.38037109375,0.00136905327799531,0.0006292733220677839,51.5370774580417
882.1487426757812,0.0014925553704225691,0.0006860399747855096,51.850672585350864
886.9171142578125,0.001740969751138705,0.0008002214643704531,52.205024925847866
891.6854858398438,0.002335540413356013,0.0010735106502854,52.65175747424108
896.453857421875,0.00542798409852194,0.0024949252455752184,53.50253889014718
901.2222290039062,0.020086569084180085,0.009232615165316704,56.298602411268185
905.9906005859375,0.015465099983041315,0.007108397458927946,60.19460342222129
910.7589721679688,0.0030053787838486045,0.0013813959776304092,62.21872791023131
915.52734375,0.0018700122403106274,0.0008595347118198264,62.753007421075125
920.2957153320312,0.0018419957743125042,0.0008466571891444098,63.15979526977762
925.0640869140625,0.0021052539869725207,0.0009676615157873962,63.59236255744484
929.8324584960938,0.0027068490943687553,0.001244179426270242,64.11970653204888
934.600830078125,0.0034212867742945724,0.0015725644347160997,64.7912706010783
939.3692016601562,0.0022608205843784443,0.0010391663367654022,65.41395574061075
944.1375732421875,0.0017084394846078417,0.0007852692129010278,65.84893507202459
948.9059448242188,0.0016009495580382972,0.0007358624116695339,66.21160111258116
953.67431640625,0.0015087253593222658,0.0006934723682476625,66.55238107986946
958.4426879882812,0.0014175540501579424,0.0006515662762662668,66.87306328233117
963.2110595703125,0.0013770948741263706,0.0006329695711425677,67.17932049387541
967.9794311523438,0.0013585278224101836,0.000624435388797555,67.47910919777958
972.747802734375,0.0012813371239928763,0.0005889553618281752,67.76840409643874
977.5161743164062,0.0011985798472547702,0.0005509167059954916,68.04017077520683
982.2845458984375,0.0010305229771168007,0.00047367084079228474,68.28445148227713
987.0529174804688,0.0008828760631994264,0.0004058062328130469,68.49413515651852
991.8212890625,0.000724278784872194,0.00033290838595202184,68.67025844628604
996.5896606445312,0.0005958091856330661,0.0002738584623315915,68.81492293609975
1001.3580322265625,0.0004961390583906036,0.00022804596322080234,68.93458627608474
1006.1264038085938,0.0003926265465574733,0.00018046734576027877,69.0319834387561
1010.894775390625,0.0003234499187537186,0.00014867091600317148,69.11045611545369
1015.6631469726562,0.0002774996133308391,0.0001275502614543397,69.17631237610087
1020.4315185546875,0.00022932556930002924,0.00010540748497372179,69.23185383099495
1025.1998901367188,0.0001961497214867697,9.015849773457317e-05,69.27848039471286
1029.96826171875,0.0001655353693626421,7.608687950484882e-05,69.3181163813365
1034.7366333007812,0.00013926981421813554,6.401414763429642e-05,69.35151906915767
1039.5050048828125,0.0001146837505338133,5.2713379271316354e-05,69.37934908026455
1044.2733764648438,9.774290607853014e-05,4.4926668819390356e-05,69.40262828179375
1049.041748046875,8.279104257723646e-05,3.805417600425292e-05,69.42241245690926
1053.8101196289062,7.062602287637413e-05,3.246263147985648e-05,69.43922497395239
1058.5784912109375,6.162597522231117e-05,2.8325838575541205e-05,69.45371807460876
1063.3468627929688,5.417584462004166e-05,2.4901451439348937e-05,69.46640844946353
1068.115234375,5.0101766739799934e-05,2.302883730280007e-05,69.47783592080137
1072.8836059570312,4.7374731421708584e-05,2.17753794559847e-05,69.48851807849876
1077.6519775390625,4.7996493616911945e-05,2.2061166991357097e-05,69.49896952561545
1082.4203491210938,5.0981461977219695e-05,2.3433181496963882e-05,69.50981622353919
1087.188720703125,5.737260938115772e-05,2.6370816301498313e-05,69.52169042192787
1091.9570922851562,6.654122650083404e-05,3.0585090681027634e-05,69.53526976834209
1096.7254638671875,8.392649258389035e-05,3.857607563315212e-05,69.55175907534374
1101.4938354492188,9.670812375835118e-05,4.4451040208946854e-05,69.5715542823297
1106.26220703125,0.00011649631954906869,5.3546510708959937e-05,69.594918719175
1111.0305786132812,0.0001443080898361976,6.632994679757916e-05,69.62349949384144
1115.7989501953125,0.0001985147859204287,9.124557884163734e-05,69.66106842676551
1120.5673217773438,0.0003729344930741654,0.0001714160662279565,69.72369184296747
1125.335693359375,0.0011657159405211127,0.0005358110997354514,69.8923079389785
1130.1040649414062,0.0016176350147321626,0.0007435317353786459,70.19732703991016
1134.8724365234375,0.000659604381576689,0.0003031813641708772,70.44688288983176
1139.6408081054688,0.0004374395270071353,0.0002010652388682883,70.56710464844514
1144.4091796875,0.0004668196601925738,0.00021456955919646923,70.66619970642492
1149.1775512695312,0.0005482034083965821,0.00025197688469490013,70.77743304666238
1153.9459228515625,0.000685515046914583,0.00031509097405694255,70.91263255980016
1158.7142944335938,0.0007635595056001089,0.00035096342443954263,71.07143230309404
1163.482666015625,0.0010591268334395917,0.0004868183522744887,71.27117504389538
1168.2510375976562,0.001326298669048598,0.000609621541353302,71.53258668540438
1173.0194091796875,0.0011430092791221834,0.0005253741821360902,71.80319075308508
1177.7877807617188,0.001047969832324827,0.0004816901346450898,72.04329359655594
1182.55615234375,0.001101426542900345,0.0005062610424332288,72.27883951241667
1187.3245239257812,0.0011674818235955032,0.0005366227723901725,72.52748238971488
1192.0928955078125,0.0012952554283293847,0.0005953527882455094,72.79736639445935
1196.8612670898438,0.0014385412644675865,0.0006612128651038588,73.09695499207872
1201.629638671875,0.0015614963488376418,0.000717728090369573,73.42572013534765
1206.3980102539062,0.001597935520658699,0.00073447703584437,73.77195281810359
1211.1663818359375,0.0016132872791362477,0.0007415333368751779,74.12386111390654
1215.9347534179688,0.0016105369913859285,0.0007402691912519923,74.47715036717173
1220.703125,0.0015073168233809226,0.0006928249470659545,74.81882663534827
1225.4714965820312,0.0014563685949135273,0.0006694070410600671,75.14360805036398
1235.0082397460938,0.0013182050282697121,0.0006059013704129784,75.74967794213943
1239.776611328125,0.0012802735658638041,0.0005884665066697599,76.03443743431805
1244.5449829101562,0.001265508411174822,0.0005816798329213243,76.31342206194425
1249.3133544921875,0.0012702790116600894,0.0005838725975593946,76.59131141628784
1254.0817260742188,0.0011998743403169412,0.0005515117083688242,76.86200812924146
1258.85009765625,0.001176825798710314,0.0005409176485329225,77.12246358428281
1268.3868408203125,0.001127839005035883,0.0005184012988127008,77.63001101305537
1273.1552124023438,0.0010929966914924954,0.000502386335228464,77.87338575032791
1277.923583984375,0.001105458181169598,0.0005081141495751095,78.1143078400962
1282.6919555664062,0.0011002379348189857,0.0005057147091618978,78.35602347604845
1287.4603271484375,0.0010401579337098084,0.0004780994640173347,78.59058305331781
1292.2286987304688,0.0009786323167711817,0.00044981975424597244,78.8118162348572
1301.7654418945312,0.0008812333670668625,0.0004050511819548363,79.21962927630078
1306.5338134765625,0.0008372636897713302,0.00038484090573934573,79.40795422549239
1311.3021850585938,0.0007932786317419079,0.00036462355990453035,79.58664047847832
1316.070556640625,0.0008020050028911679,0.000368634559805668,79.7614628374943
1325.6072998046875,0.0008726827436984453,0.00040112096297849874,80.1260634752135
1330.3756713867188,0.0009461711857417194,0.0004348992803029143,80.3253862337168
1335.14404296875,0.001035547511471689,0.00047598032390456656,80.54255685468453
1339.9124145507812,0.0012160000525065792,0.0005589237504298471,80.78929721359377
1349.4491577148438,0.0036389309400841267,0.0016726026651022903,81.69634814746681
1354.217529296875,0.005935125072193617,0.002728028142583263,82.74554029178577
1358.9859008789062,0.0035320748517147955,0.0016234872020358718,83.78302239718852
1363.7542724609375,0.0018071010396312902,0.000830618130644309,84.36812670357169
1373.291015625,0.0014329601832728607,0.0006586475701218566,85.06074206273095
1378.0593872070312,0.0015252882684095666,0.0007010853640251053,85.38492765684788
1382.8277587890625,0.0015371147521176694,0.0007065213034520031,85.72052723844165
1387.5961303710938,0.0015457670209344668,0.0007104982428664736,86.05837102523405
1397.1328735351562,0.001839049806940401,0.0008453031011006916,86.78749476368138
1401.9012451171875,0.001967195772531554,0.000904204269355595,87.20460982507328
1406.6696166992188,0.0016249098845189684,0.0007468755654194001,87.59825793326357
1411.43798828125,0.0013570580696217252,0.0006237598298294147,87.9250428766651
1420.9747314453125,0.00127456534447331,0.0005858427728127735,88.49979403145676
1425.7431030273438,0.0012701383486941754,0.000583807943061812,88.77866049318071
1430.511474609375,0.0012172531343890905,0.0005594997185179448,89.05124628133048
1435.2798461914062,0.0011202788224148393,0.0005149263272320844,89.30740941250791
1444.8165893554688,0.0009306088022522425,0.0004277461673341803,89.75708761162905
1449.5849609375,0.0008845496985986348,0.00040657550463359446,89.95600539917325
1459.1217041015625,0.0006520316397014825,0.00029970061983932653,90.29521541615196
1463.8900756835938,0.0005998221396152961,0.00027570298140494755,90.43240232517054
1468.658447265625,0.0005519614077103964,0.00025370421609283893,90.5586228369641
1473.4268188476562,0.0005017824766472673,0.00023063991088614726,90.67409947551462
1482.9635620117188,0.0004144029429870938,0.0001904766752321003,90.8737987087059
1487.73193359375,0.0003713957857755296,0.00017070881292447637,90.9599120395843
1497.2686767578125,0.0003215479422527794,0.000147796689199527,91.11186265071326
1502.0370483398438,0.00030804276551304967,0.00014158915325573486,91.18085761208356
1511.5737915039062,0.0002628822893467046,0.00012083153679177116,91.30635893874128
1516.3421630859375,0.00023404784062147703,0.00010757803553586218,91.36081602442884
1525.87890625,0.00018205064207615774,8.367797964121986e-05,91.45164642537196
1530.6472778320312,0.00016279867859175367,7.48289836139081e-05,91.48943743032896
1535.4156494140625,0.00014174392028745033,6.515134877205311e-05,91.52281134227859
1540.1840209960938,0.0001284155865509823,5.9025097162432334e-05,91.55241731407617
1549.7207641601562,0.00011740301632225736,5.396326592202808e-05,91.60604837346492
1554.4891357421875,0.00011201410738209631,5.148630123000275e-05,91.63118950943218
1564.02587890625,0.00011677632898298062,5.367521458741388e-05,91.68112419359677
1568.7942504882812,0.00013295893146965702,6.11134057741035e-05,91.70849193336039
1578.3309936523438,0.0002786682604568831,0.00012808741984777163,91.79549467826334
1583.099365234375,0.0002394968379978366,0.00011008261935014686,91.85227884059348
1592.6361083984375,0.00012084955965294735,5.554743931119642e-05,91.92460859648838
1597.4044799804688,0.00011097184146195746,5.1007232848526615e-05,91.95001321002134
1602.1728515625,0.0001070039464772143,4.9183424747850214e-05,91.97390052424471
1606.9412231445312,0.0001096068830242591,5.0379841683857966e-05,91.99763825675807
1611.7095947265625,0.00010984217317266509,5.048799073526236e-05,92.02168702204048
1616.4779663085938,0.00010982810290782119,5.048152346153166e-05,92.04576003014786
1621.246337890625,0.00011522517691461982,5.2962241154766314e-05,92.0704229455246
1626.0147094726562,0.00012180752693519674,5.598776056371628e-05,92.09639865012744
1635.5514526367188,0.00014808095996208964,6.806411343375774e-05,92.15623133140582
1640.31982421875,0.00014063517536985277,6.464172390292893e-05,92.18787086858212
1645.0881958007812,0.00013497627099337377,6.204065817854369e-05,92.2180743021152
1649.8565673828125,0.00013658042412401339,6.277799308423935e-05,92.24783338759465
1654.6249389648438,0.0001363047625112979,6.265128764363442e-05,92.27773805848352
1664.1616821289062,0.00012739257622712278,5.8554879446765814e-05,92.33545489838
1668.9300537109375,0.0001229044870070331,5.649196863193037e-05,92.36288420442902
1678.466796875,0.0001385310915083624,6.367460022504836e-05,92.42069476736286
1683.2351684570312,0.00010779506177043376,4.954705394819207e-05,92.44768891327436
1692.7719116210938,9.55140906349033e-05,4.3902213364639346e-05,92.49141270875919
1697.540283203125,9.165470445256434e-05,4.2128280382528434e-05,92.51192397683778
1707.0770263671875,8.279691637653108e-05,3.805687584454014e-05,92.55015325107799
1711.8453979492188,7.612621953723073e-05,3.4990748595847354e-05,92.5675691619038
1721.3821411132812,6.964615800353479e-05,3.2012245192032806e-05,92.59940506357431
1726.1505126953125,6.87591074217749e-05,3.160452017840618e-05,92.61457248238098
1740.4556274414062,5.894987369650721e-05,2.7095791999268303e-05,92.65739186030368
1745.2239990234375,5.4195914061612105e-05,2.4910676182002907e-05,92.66979116855155
1754.7607421875,4.457947087006072e-05,2.0490562479426902e-05,92.69144084343223
1759.5291137695312,3.975746119793299e-05,1.827416805987153e-05,92.70068307540666
1769.0658569335938,3.209567515009944e-05,1.4752495355977434e-05,92.71602187974992
1773.834228515625,3.4669740866785356e-05,1.593564206823072e-05,92.72333850186986
1783.3709716796875,2.5707536861231773e-05,1.1816243664771931e-05,92.73616853060392
1788.1393432617188,2.4983900011618205e-05,1.148363033872681e-05,92.74172365345706
1792.90771484375,2.4599360023705045e-05,1.1306879908665864e-05,92.74715733452726
1802.4444580078125,3.0004041256526457e-05,1.3791094196567805e-05,92.75901305314795
1807.2128295898438,2.9116266657659143e-05,1.3383036394832974e-05,92.76549187075187
1816.7495727539062,1.99139454301829e-05,9.153270217998548e-06,92.7761359085564
1821.5179443359375,1.7106106427943768e-05,7.862671667036556e-06,92.78019282524271
1831.0546875,1.3517045901963226e-05,6.212991500028579e-06,92.78689110775143
1835.8230590820312,1.2420212195689146e-05,5.70884151463599e-06,92.78973349423907
1850.128173828125,1.0335705610570773e-05,4.750716359996023e-06,92.79697681188757
1854.8965454101562,9.856081995110051e-06,4.530261575150051e-06,92.79918956945956
1864.4332885742188,1.1015816765337042e-05,5.063323482460831e-06,92.80367882716027
1869.20166015625,1.297738666489229e-05,5.9649418686851905e-06,92.80630817051524
1883.5067749023438,1.3660536909009068e-05,6.278945881893693e-06,92.8151214825003
1888.275146484375,1.4040072481634496e-05,6.453396076394976e-06,92.81815710937863
1897.8118896484375,1.611011625803074e-05,7.404873527956264e-06,92.8247192496659
1902.5802612304688,1.764632239601041e-05,8.110977194895294e-06,92.8284185167488
1916.8853759765625,2.0097478409182896e-05,9.237629540795275e-06,92.84055598240941
1921.6537475585938,2.147435268963852e-05,9.870497717993393e-06,92.84511171495974
1931.1904907226562,2.3026984493524266e-05,1.0584151298086297e-05,92.85478638249143
1935.9588623046875,2.3759702815998003e-05,1.0920938843416992e-05,92.85991359552641
1950.2639770507812,2.9158857712129956e-05,1.3402612999168244e-05,92.87716420572669
1955.0323486328125,3.122785600801255e-05,1.4353609904788367e-05,92.88378180495268
1964.569091796875,3.5058978203663154e-05,1.6114551593511262e-05,92.89834097107162
1969.3374633789062,3.51059122025456e-05,1.6136124394124202e-05,92.90603013141566
1974.1058349609375,3.5374198597812014e-05,1.625943988076625e-05,92.91375383581926
1983.642578125,3.183246057782934e-05,1.4631511088256609e-05,92.92859075770754
1988.4109497070312,2.9568817640406372e-05,1.3591047481688109e-05,92.9353195400204
1993.1793212890625,2.8918740153054846e-05,1.3292245070823443e-05,92.94172901643233
1997.9476928710938,3.433170588763109e-05,1.5780267257237975e-05,92.94866044351251
2002.716064453125,3.29296264579023e-05,1.5135813754420124e-05,92.9560314116187
2007.4844360351562,2.736598871605658e-05,1.2578536502420474e-05,92.96263902762765
2017.0211791992188,2.9287421138715978e-05,1.3461706049705084e-05,92.97491264015618
2021.78955078125,3.389122379529943e-05,1.557780352992505e-05,92.98183619876794
2031.3262939453125,4.9270888724565566e-05,2.264693151630999e-05,93.00022975269077
2036.0946655273438,4.915368247303453e-05,2.25930586915971e-05,93.01101580687471
2040.863037109375,4.2279630125631584e-05,1.943346086860214e-05,93.02103570995283
2055.1681518554688,3.0489155469704966e-05,1.4014072686459843e-05,93.04426603404677
2059.9365234375,2.931601707017052e-05,1.3474849918591159e-05,93.05081990391531
2069.4732666015625,2.8222212693922847e-05,1.2972092338154608e-05,93.06342294325597
2074.2416381835938,2.8417290674735755e-05,1.3061758219695877e-05,93.06962989691453
2079.010009765625,2.9023091776103593e-05,1.3340209378388743e-05,93.07592461651475
2088.5467529296875,3.100684693918655e-05,1.425202502625764e-05,93.08894525795893
2093.3151245117188,3.6102245118556265e-05,1.6594080073439745e-05,93.09629954250761
2098.08349609375,3.978459123068146e-05,1.82866381412846e-05,93.10461575378241
2107.6202392578125,3.377735268360409e-05,1.552546367296272e-05,93.12070115181518
2112.3886108398438,3.026047430549451e-05,1.3908961396629137e-05,93.12771886561694
2126.6937255859375,2.2382076713587685e-05,1.028772509785668e-05,93.14483068721657
2131.4620971679688,1.9437537011979515e-05,8.934293270349818e-06,93.14941357352336
2145.7672119140625,1.3996128543174824e-05,6.43319763080946e-06,93.16021918968475
2150.5355834960938,1.2679383496991721e-05,5.827967328347282e-06,93.16314247921244
2164.8406982421875,9.685146259995388e-06,4.45169246493017e-06,93.17062617632436
2169.6090698242188,8.8987754271289e-06,4.09024401414402e-06,93.17266273268248
2183.9141845703125,7.467381831410753e-06,3.4323165122406246e-06,93.1780765481059
2188.6825561523438,7.271108698944344e-06,3.342101289732527e-06,93.17969169517248
2202.9876708984375,5.815850243289616e-06,2.6732045144382783e-06,93.18401763985796
2207.7560424804688,5.421083779286984e-06,2.491753574407923e-06,93.18524906182662
2217.2927856445312,4.763641921855918e-06,2.1895661954785555e-06,93.18747625689157
2222.0611572265625,5.663953358799091e-06,2.603386444790132e-06,93.18861898584977
2226.8295288085938,6.513539334275993e-06,2.993891180992503e-06,93.18995348082815
2236.3662719726562,5.023616447523919e-06,2.3090612042189385e-06,93.19233241349013
2241.1346435546875,5.351623304196493e-06,2.4598266767369986e-06,93.1934694049626
2245.9030151367188,6.199910555481149e-06,2.8497344657642367e-06,93.19473530298585
2260.2081298828125,1.1483221926122651e-05,5.2781621618655304e-06,93.20096411330819
2264.9765014648438,9.165974853868214e-06,4.213059885243692e-06,93.20322699698258
2269.744873046875,7.742944710527891e-06,3.558976570813742e-06,93.20507999487117
2279.2816162109375,6.879903107670046e-06,3.1622870735954157e-06,93.20820290381553
2284.0499877929688,6.8838805340364954e-06,3.16411526271203e-06,93.20971123567138
2288.818359375,7.51488166556873e-06,3.4541493940712184e-06,93.21128915292697
2303.1234741210938,9.895586605722123e-06,4.548419522657582e-06,93.2169237826223
2307.891845703125,1.153513093550269e-05,5.302021682384451e-06,93.21927231081794
2322.1969604492188,2.0126856193921266e-05,9.251132781680375e-06,93.22931152230629
2326.96533203125,2.1634039716482453e-05,9.943896458194615e-06,93.23388797390348
2336.5020751953125,2.4636859699184172e-05,1.1324116305338292e-05,93.24413865542354
2346.038818359375,2.2087436654878573e-05,1.0152296381138202e-05,93.25442080632975
2350.8071899414062,2.0288557686919793e-05,9.325457453567142e-06,93.2590646647231
2365.1123046875,1.7641306433204816e-05,8.108671651620406e-06,93.27149952063705
2369.8806762695312,1.705090333741832e-05,7.837298051033662e-06,93.27530133607593
2374.6490478515625,1.72173766961693e-05,7.913816069127456e-06,93.27905669432374
2379.4174194335938,1.6809678598311642e-05,7.726421217105864e-06,93.28278561747432
2384.185791015625,1.705672209482327e-05,7.83997259179944e-06,93.28649693496797
2388.9541625976562,1.6690214000386535e-05,7.671510363296067e-06,93.29019516069388
2408.0276489257812,2.0994363656671006e-05,9.649874972197955e-06,93.30667132288632
2412.7960205078125,2.2780194006728822e-05,1.0470716217087919e-05,93.31146844564834
2422.332763671875,2.403259662664124e-05,1.104637208809441e-05,93.32175097964975
2427.1011352539062,2.3716365603595102e-05,1.0901019274137802e-05,93.32698364551332
2431.8695068359375,2.2424853010907176e-05,1.0307386847441336e-05,93.33204012356585
2450.9429931640625,1.595112141364213e-05,7.33179294334485e-06,93.34866626850003
2455.7113647460938,1.4970944486515572e-05,6.881263222507182e-06,93.35205492515577
2465.2481079101562,1.4285122509140056e-05,6.56603117055802e-06,93.35850255980925
2470.0164794921875,1.4429759033260885e-05,6.6325120792916266e-06,93.36164933773709
2474.7848510742188,1.5250065601989022e-05,7.009558793188285e-06,93.3649018608905
2489.0899658203125,2.1030240843388476e-05,9.666365606152834e-06,93.37692360768588
2493.8583374023438,2.0699986092740333e-05,9.514566908900282e-06,93.38149669836197
2498.626708984375,1.898952713692766e-05,8.7283694637863e-06,93.38584615333058
2508.1634521484375,1.667186004258633e-05,7.663074127699057e-06,93.39362245599318
2512.9318237304688,1.6684897409335714e-05,7.66906663888709e-06,93.39727792320933
2517.7001953125,1.7119570353051954e-05,7.868860242030006e-06,93.40098245365847
2536.773681640625,2.4742859158247985e-05,1.1372838026263679e-05,93.41861193971344
2541.5420532226562,2.8279283112507496e-05,1.2998324255109035e-05,93.42442247759563
2560.6155395507812,4.428049890452329e-05,2.0353142639759043e-05,93.45724882174031
2565.3839111328125,4.445528587798617e-05,2.04334819378806e-05,93.46697311081846
2579.6890258789062,3.804069504636784e-05,1.7485071567592702e-05,93.49446710887285
2584.4573974609375,3.491834952679512e-05,1.604991285658765e-05,93.50246247220944
2603.5308837890625,3.042483147983111e-05,1.3984506729132129e-05,93.5302075799522
2608.2992553710938,2.9293656325039807e-05,1.346457199836813e-05,93.53675195030007
2613.067626953125,2.8424882350170634e-05,1.3065247666671938e-05,93.54307715220843
2627.3727416992188,3.164040206009675e-05,1.4543233076416216e-05,93.5625081446187
2632.14111328125,3.3271472288494616e-05,1.5292940189825792e-05,93.56962164265468
2641.6778564453125,3.654780153937797e-05,1.6798876171302097e-05,93.58500658208548
2651.214599609375,3.618053940983589e-05,1.6630067357181263e-05,93.60096767649542
2655.9829711914062,3.456203095026294e-05,1.58861341505484e-05,93.60872014305669
2675.0564575195312,2.4713906713288932e-05,1.1359530289074629e-05,93.63451146594795
2679.8248291015625,2.284878740186685e-05,1.0502244569069675e-05,93.63972371924628
2698.8983154296875,2.0387361569885397e-05,9.37087179109972e-06,93.65824724580595
2703.6666870117188,2.0185308805367034e-05,9.278000011450918e-06,93.66269348332295
2717.9718017578125,2.314607262842184e-05,1.0638889113969974e-05,93.67681305002556
2722.7401733398438,2.294742867358272e-05,1.054758416376867e-05,93.68186429888061
2727.508544921875,2.1819618105919962e-05,1.002919593594491e-05,93.68677018555448
2741.8136596679688,1.818323313816332e-05,8.357763504675124e-06,93.6996849693736
2746.58203125,1.8215703695739707e-05,8.372688311447732e-06,93.70367381992332
2751.3504028320312,1.8469893380888065e-05,8.489524369020955e-06,93.70769408471111
2770.4238891601562,2.363663400163077e-05,1.0864371343156365e-05,93.72557275397747
2775.1922607421875,2.5210380656712078e-05,1.1587730179261114e-05,93.73092575212029
2794.2657470703125,2.0917317398447602e-05,9.614461335895848e-06,93.75199309573496
2799.0341186523438,1.9867389464156747e-05,9.13187117686974e-06,93.75646256969603
2818.1076049804688,1.2200569384676345e-05,5.607884624516478e-06,93.77015296982766
2822.8759765625,1.1337432768861849e-05,5.211151455426623e-06,93.77273242903708
2841.949462890625,8.687867103903575e-06,3.993301854667155e-06,93.78130262167052
2846.7178344726562,8.668157552774625e-06,3.984242532495603e-06,93.78320461646803
2870.5596923828125,1.0916354902576677e-05,5.0176067102911515e-06,93.79365059152114
2875.3280639648438,1.1018691127259687e-05,5.064644657688239e-06,93.79605438756644
2894.4015502929688,1.0342957426327152e-05,4.754049593454054e-06,93.8053761795762
2899.169921875,1.058579123291622e-05,4.865666021126193e-06,93.8076696985044
2918.243408203125,1.2360712295247584e-05,5.681492907671337e-06,93.81752174142278
2923.0117797851562,1.395406568953025e-05,6.413863809347574e-06,93.82040549918497
2946.8536376953125,2.495817531590879e-05,1.1471806208148086e-05,93.84135233955774
2951.6220092773438,2.6966131710352774e-05,1.239474573958051e-05,93.84704256896119
2970.6954956054688,3.0262288239395384e-05,1.3909795155424476e-05,93.87179017850045
2975.4638671875,3.275220026151365e-05,1.505426136064709e-05,93.87869574770002
2999.3057250976562,7.150491058474006e-05,3.286660450037896e-05,93.92763356598007
3004.0740966796875,6.931783041614579e-05,3.186133229845622e-05,93.94306590869984
3023.1475830078125,7.411286431254686e-05,3.4065327539484576e-05,94.00549324133918
3027.9159545898438,7.084564246886754e-05,3.256357769778736e-05,94.02137881025294
3051.7578125,6.527611967553656e-05,3.0003595433529828e-05,94.09677123097386
3056.5261840820312,6.295124150412855e-05,2.8934985589165678e-05,94.11082328371556
3066.0629272460938,6.0184889772509623e-05,2.766345629798073e-05,94.13777835931879
3075.5996704101562,6.048880325172493e-05,2.7803147461035415e-05,94.16435253700612
3080.3680419921875,6.254513893195884e-05,2.874832410652148e-05,94.17783545850335
3099.4415283203125,6.895044181424759e-05,3.169246535242703e-05,94.23526788437701
3104.2098999023438,6.340312944648358e-05,2.914269191532452e-05,94.24977211613222
3108.978271484375,6.11355890567154e-05,2.810043687899628e-05,94.26341994156267
3132.8201293945312,4.9590667642562415e-05,2.2793915089038274e-05,94.32374871548895
3137.5885009765625,4.948654699015547e-05,2.2746056945101082e-05,94.33460629091364
3147.125244140625,4.848019743900496e-05,2.2283497207366702e-05,94.35601277013535
3161.4303588867188,5.317254733740823e-05,2.444029465004648e-05,94.38969512914011
3166.19873046875,5.703474539912928e-05,2.621552008783349e-05,94.40177241651314
3175.7354736328125,6.132374601752972e-05,2.8186921574445954e-05,94.42810859060017
3190.0405883789062,5.12179370078572e-05,2.3541875169085422e-05,94.46548976070261
3194.8089599609375,4.906969561800878e-05,2.2554454870897392e-05,94.47647998221255
3213.8824462890625,4.467655079367271e-05,2.0535184414175024e-05,94.516684588448
3218.6508178710938,4.571462657149552e-05,2.1012326833515474e-05,94.52659028704488
3228.1875610351562,4.99594620992731e-05,2.2963428223891826e-05,94.54794342540214
3242.49267578125,3.631301386212655e-05,1.669095807635336e-05,94.57563625365427
3247.2610473632812,3.37518084983086e-05,1.551372251241129e-05,94.58331444784068
3271.1029052734375,2.099313856738596e-05,9.649311870661571e-06,94.61247799991429
3275.8712768554688,1.8964359243687048e-05,8.716801262574908e-06,94.61685682251114
3299.713134765625,1.1900865103275006e-05,5.470128182289834e-06,94.63287761681558
3304.4815063476562,1.0904216186832824e-05,5.012027256149706e-06,94.63537675742114
3323.5549926757812,1.6925967187530987e-05,7.779872246392165e-06,94.64539672631962
3333.0917358398438,7.364853596494558e-06,3.385190309025266e-06,94.65004952530467
3337.860107421875,7.0007211914503285e-06,3.2178200452980282e-06,94.65162380565113
3361.7019653320312,5.987783239692712e-06,2.7522320070557096e-06,94.65865492452447
3366.4703369140625,5.8958073300327154e-06,2.7099560875190334e-06,94.65995721164876
3390.3121948242188,6.901472227615249e-06,3.172201130250589e-06,94.66675967697033
3395.08056640625,7.4763772985130704e-06,3.436451199734537e-06,94.66833530246863
3418.9224243164062,9.211609139247784e-06,4.234035283953551e-06,94.67763539843205
3423.6907958984375,9.507474254185194e-06,4.3700270870141685e-06,94.67968676675703
3452.301025390625,1.482080598988122e-05,6.812253380402494e-06,94.69399840323973
3457.0693969726562,1.2836201552517942e-05,5.900047371065337e-06,94.69702925192202
3480.9112548828125,1.2028443538982173e-05,5.528768490415179e-06,94.71063421060258
3485.6796264648438,1.2029851116097608e-05,5.529415470880975e-06,94.71327068711007
3499.9847412109375,1.2967329873860938e-05,5.9603193529632995e-06,94.72139847594144
3509.521484375,1.2304246017785567e-05,5.655538678880946e-06,94.7269184191444
3514.2898559570312,1.1914669060076747e-05,5.476473049866522e-06,94.7295724975633
3538.1317138671875,1.0754994439304725e-05,4.9434387897247425e-06,94.74209632808073
3542.9000854492188,1.1422246417247926e-05,5.250135304437048e-06,94.74452666553223
3547.66845703125,1.693329010460623e-05,7.783238160947303e-06,94.74763406391476
3571.5103149414062,8.944207404467559e-06,4.111126423738677e-06,94.75938182947024
3576.2786865234375,8.849345920715691e-06,4.067524175399426e-06,94.76133177172505
3585.8154296875,8.559535121011136e-06,3.934315185192522e-06,94.7651868597215
3595.3521728515625,9.01394919209998e-06,4.143182624250218e-06,94.76902440961847
3604.888916015625,8.939464410356414e-06,4.108946348128151e-06,94.77296059383818
3609.6572875976562,9.275677130473417e-06,4.263483573749693e-06,94.77495673668378
3633.4991455078125,1.2256139905063352e-05,5.6334271264300425e-06,94.7867045430123
3638.2675170898438,1.2118429339331197e-05,5.570129673675685e-06,94.78937567910546
3643.035888671875,1.2210927603950588e-05,5.612645689084361e-06,94.79204186051786
3666.8777465820312,1.4156680588287169e-05,6.506993969064872e-06,94.80643336679185
3671.6461181640625,1.6092184419088254e-05,7.396631315586965e-06,94.8097482493766
3676.4144897460938,2.3233149432334924e-05,1.0678913202553048e-05,94.81405779501708
3700.25634765625,1.73052129870355e-05,7.954189249221966e-06,94.83359299103073
3705.0247192382812,1.7358266290352933e-05,7.978574734404922e-06,94.83739165798085
3733.6349487304688,2.1519572691289406e-05,9.891282694823827e-06,94.86268144013262
3738.4033203125,2.2221518768629894e-05,1.0213926047789096e-05,94.86747489543357
3767.0135498046875,2.5243685293789013e-05,1.1603038363354835e-05,94.89842464539396
3771.7819213867188,3.7646181822404014e-05,1.7303737027123313e-05,94.90531655770896
3776.55029296875,3.8669742597248686e-05,1.777420775275346e-05,94.91367979146119
3795.623779296875,2.1877197403065286e-05,1.0055661754462962e-05,94.93543461805997
3800.3921508789062,2.1932956030186822e-05,1.0081290717985904e-05,94.9402356416559
3805.1605224609375,2.2054558113811293e-05,1.0137184048335169e-05,94.94505610168127
3809.9288940429688,2.1589763935314926e-05,9.923545484021256e-06,94.94983895231212
3833.770751953125,2.3851272204665752e-05,1.0963027909147908e-05,94.9741432146311
3838.5391235351562,2.500022817489171e-05,1.1491135435651474e-05,94.97949670435068
3857.6126098632812,3.069615174249302e-05,1.410921670629209e-05,95.00407423755587
3867.1493530273438,2.9812946858886353e-05,1.3703259334065147e-05,95.01735518255416
3871.917724609375,2.9339261757057583e-05,1.3485534134883506e-05,95.02383749606051
3890.9912109375,2.489241043221517e-05,1.1441577956623877e-05,95.04771100979129
3900.5279541015625,2.7334105939031933e-05,1.2563881863819102e-05,95.05898370424272
3905.2963256835938,2.6638851056145907e-05,1.2244314059651413e-05,95.06489843906486
3938.6749267578125,1.7124675420513305e-05,7.871206741477776e-06,95.09622134278366
3943.4432983398438,1.6878894764277353e-05,7.75823582023206e-06,95.09994769227139
3972.0535278320312,1.4155146201768776e-05,6.506288701770104e-06,95.12022406235016
3976.8218994140625,1.3999827858475219e-05,6.434897988615743e-06,95.12330948169277
3991.1270141601562,1.2546932823111769e-05,5.767087538712945e-06,95.13201214580648
4000.6637573242188,2.8008376354818875e-05,1.2873804341880419e-05,95.14031534363609
4005.43212890625,1.3767847123323761e-05,6.3282700799647075e-06,95.14489347493553
4010.2005004882812,1.032825881284296e-05,4.74729350478632e-06,95.14753409506817
4043.5791015625,7.95654724908673e-06,3.6571571027195963e-06,95.16121137853033
4048.3474731445312,7.77555316088358e-06,3.573964758791973e-06,95.16293541232986
4053.1158447265625,7.73502743124745e-06,3.5553374628881274e-06,95.16463517043552
4076.9577026367188,8.683025805061958e-06,3.991076594150159e-06,95.17346570599227
4081.72607421875,8.840061587010424e-06,4.063256712907057e-06,95.17538600869494
4096.031188964844,9.621895533006673e-06,4.422619823466813e-06,95.18143684861218
4115.104675292969,9.240752457925305e-06,4.247430754571859e-06,95.18971099077896
4119.873046875,9.226868048646304e-06,4.2410489077201866e-06,95.19173480203878
4129.4097900390625,1.0114810039987625e-05,4.64918364993637e-06,95.19600078957508
4148.4832763671875,9.358767767169721e-06,4.301675455561023e-06,95.20442853208826
4153.251647949219,9.173988795368352e-06,4.216743423110116e-06,95.2064594814135
4186.6302490234375,8.717208454059256e-06,4.006788348716134e-06,95.2201415791701
4191.398620605469,8.643115682191494e-06,3.9727322564925295e-06,95.22204404513471
4220.008850097656,7.690380935370547e-06,3.534816092952632e-06,95.23289105434414
4224.7772216796875,9.781825332669481e-06,4.49613015206324e-06,95.23480578113673
4229.545593261719,8.066437326937251e-06,3.707667112419541e-06,95.23676171882376
4258.155822753906,4.804630473969139e-06,2.208406223671471e-06,95.2443705740641
4262.9241943359375,4.524023628999209e-06,2.0794277504686244e-06,95.24539287334764
4296.302795410156,3.52004923675885e-06,1.617959733678821e-06,95.25177055579292
4301.0711669921875,3.292708017942466e-06,1.513464337986839e-06,95.25251714547066
4334.449768066406,1.9504265813892207e-06,8.964964578422421e-07,95.25643875908374
4339.2181396484375,1.8040502437341017e-06,8.292158590891905e-07,95.25685020096228
4353.523254394531,1.8553898158467556e-06,8.528136427665172e-07,95.258016278598
4372.596740722656,1.5324838137405175e-06,7.043927332760135e-07,95.25945357654496
4377.3651123046875,1.5903344486765477e-06,7.309832698278357e-07,95.2597957968521
4410.743713378906,2.496279394400642e-06,1.147392912001215e-06,95.26277993518451
4415.5120849609375,2.686617712805176e-06,1.2348802493198924e-06,95.26334791336664
4453.6590576171875,6.773611915737248e-06,3.1134312602175486e-06,95.27041226753418
4458.427429199219,5.012946974232423e-06,2.304157074474123e-06,95.2717039212471
4463.19580078125,4.916762542421619e-06,2.259946744672047e-06,95.27279208839452
4491.8060302734375,6.252823008457166e-06,2.8740552103241045e-06,95.28011708882306
4496.574401855469,6.535224078483614e-06,3.0038583833249795e-06,95.28151849263014
4529.9530029296875,9.063754140212171e-06,4.166075031476228e-06,95.29336118151281
4534.721374511719,9.536405528537574e-06,4.38332509331969e-06,95.29539951734274
4568.0999755859375,1.1933157746431014e-05,5.484971212260797e-06,95.31246520369729
4572.868347167969,1.2253217686393638e-05,5.6320839542689176e-06,95.31511571619387
4611.015319824219,1.3713086194982311e-05,6.303099699928513e-06,95.3383219431558
4615.78369140625,1.3805680301150036e-05,6.345659768063612e-06,95.34133764241557
4634.857177734375,1.4393813146249445e-05,6.615989867849656e-06,95.35378781748442
4649.162292480469,1.399516861317077e-05,6.432756407409091e-06,95.3631535128455
4653.9306640625,1.3986793756991484e-05,6.428906978278403e-06,95.3662199723548
4692.07763671875,1.1543653729114066e-05,5.3059391096572465e-06,95.38925675409041
4696.846008300781,1.1127511085082921e-05,5.1146627961108525e-06,95.39174121919017
4734.992980957031,7.496780986020202e-06,3.445829575599387e-06,95.40801113644335
4739.7613525390625,7.384332698774629e-06,3.3941437074062456e-06,95.40964191315456
4773.139953613281,5.6808537829375075e-06,2.6111545763982085e-06,95.41962473504515
4777.9083251953125,5.2624808709030975e-06,2.418853139740776e-06,95.4208239823377
4816.0552978515625,3.3528830187182053e-06,1.5411232488942572e-06,95.42824866787505
4820.823669433594,3.214617439118964e-06,1.4775706888876478e-06,95.42896838059445
4854.2022705078125,2.6170231490169607e-06,1.2028917189560518e-06,95.4333234146364
4858.970642089844,2.6278255711784095e-06,1.207856957481953e-06,95.43389818191041
4863.739013671875,2.5298673514188827e-06,1.1628313216190552e-06,95.43446339804142
4901.885986328125,3.0197797485651617e-06,1.3880152546547763e-06,95.43925684809824
4906.654357910156,3.1246327341134e-06,1.4362100090921499e-06,95.43993019587269
4944.801330566406,3.94464064311039e-06,1.813119446664937e-06,95.44615988388259
4949.5697021484375,4.063848624817245e-06,1.8679123490825192e-06,95.44703751025295
4987.7166748046875,5.098399991265838e-06,2.343434803671099e-06,95.4549621894283
4992.485046386719,5.437839652592477e-06,2.4994552644944723e-06,95.45611682439707
5030.632019042969,6.331537373538354e-06,2.9102355773012217e-06,95.46655398984701
5035.400390625,6.318208782463116e-06,2.9041092074080945e-06,95.46794023766898
5040.168762207031,6.343424388578234e-06,2.915699339423444e-06,95.46932778815335
5073.54736328125,6.860323183400208e-06,3.1532873332718265e-06,95.47949294549632
5078.315734863281,6.8193918823689585e-06,3.1344736200362054e-06,95.48099206452854
5083.0841064453125,6.911800771268609e-06,3.176948554679819e-06,95.48249682483554
5097.389221191406,7.200753547602753e-06,3.309763161976e-06,95.4870961886284
5121.2310791015625,6.718405556203937e-06,3.088056141643884e-06,95.49465502035683
5125.999450683594,6.646048267600452e-06,3.0547977490691223e-06,95.49611959085308
5168.914794921875,5.4458123054747066e-06,2.5031198244100954e-06,95.50808043056804
5173.683166503906,5.218079651467027e-06,2.398444508968342e-06,95.50924905457178
5211.830139160156,3.8251036891587765e-06,1.7581753350426769e-06,95.517380093323
5216.5985107421875,3.6083517974738573e-06,1.6585472306165518e-06,95.51819470346229
5259.513854980469,2.269991822461091e-06,1.0433818158475548e-06,95.52382902894587
5264.2822265625,2.1565797547468762e-06,9.912529544217946e-07,95.52431412367679
5307.197570800781,1.4010796143477405e-06,6.439939464540491e-07,95.52775444660165
5311.9659423828125,1.3488006927219862e-06,6.199643990183705e-07,95.5280557977544
5321.502685546875,1.4762182087790775e-06,6.785307418390666e-07,95.5286567952718
5354.881286621094,9.069599892358523e-07,4.1687619801379376e-07,95.5303401427517
5359.649658203125,8.287103744951409e-07,3.809094494512295e-07,95.53053034967218
5388.2598876953125,6.43112810775946e-07,2.9560115841066343e-07,95.53147120541175
5402.565002441406,6.916326986881235e-07,3.179028989956321e-07,95.53190650637546
5407.3333740234375,7.496007701092625e-07,3.445474141970103e-07,95.53206444683786
5450.248718261719,1.361930066622928e-06,6.259992004860048e-07,95.53394112391486
5455.01708984375,1.2273311019236047e-06,5.641319678336334e-07,95.53422487329696
5459.785461425781,1.0517316760754467e-06,4.834192331046608e-07,95.53447462896581
5497.932434082031,1.632046898336931e-06,7.501560311741363e-07,95.53669079767567
5502.7008056640625,1.7322275896022384e-06,7.962032065564395e-07,95.53705947844793
5545.616149902344,3.181007109676643e-06,1.462121995981458e-06,95.54166403016474
5550.384521484375,3.5075799600962575e-06,1.612228340112647e-06,95.54239701240353
5555.152893066406,3.420627022716107e-06,1.572261185694171e-06,95.54315625387143
5593.299865722656,5.134812412750024e-06,2.3601714535883605e-06,95.5506232063837
5598.0682373046875,5.232105755590088e-06,2.4048914846113287e-06,95.55175928591878
5640.983581542969,6.439397849912287e-06,2.9598126984977218e-06,95.5632955924795
5645.751953125,6.421547609649505e-06,2.9516079922452982e-06,95.56470498500107
5655.2886962890625,6.609957130986197e-06,3.0382087749221773e-06,95.56754342367358
5688.667297363281,5.820058879925713e-06,2.6751389773258373e-06,95.57731173590425
5693.4356689453125,5.831119939398365e-06,2.6802230962215877e-06,95.5785885537204
5698.204040527344,5.6434074075541615e-06,2.593942678646954e-06,95.57984601283037
5741.119384765625,4.467720456336264e-06,2.0535484913674392e-06,95.58990100715879
5745.887756347656,4.347097193981013e-06,1.9981050676227554e-06,95.59086699664333
5793.571472167969,3.3393316246211355e-06,1.5348944695478466e-06,95.59933436702268
5798.33984375,3.40606430296749e-06,1.5655675593891575e-06,95.60007357477417
5846.0235595703125,2.809827771188709e-06,1.2915126711528119e-06,95.60702304583668
5850.791931152344,2.781331384817638e-06,1.278414557290575e-06,95.60763576423487
5888.938903808594,2.4622905341358576e-06,1.1317702307251167e-06,95.61223378955518
5898.475646972656,2.605398047879582e-06,1.197548343260108e-06,95.61334753993916
5903.2440185546875,2.625926356194107e-06,1.2069839999851907e-06,95.61392082512383
5917.549133300781,2.4874124539050296e-06,1.1433173006339046e-06,95.61559707627467
5946.159362792969,2.6504339036701313e-06,1.2182486790622198e-06,95.6189730567672
5950.927734375,2.7784814267732648e-06,1.2771045990916052e-06,95.61956799535012
5955.696105957031,2.774348517475839e-06,1.2752049436105533e-06,95.62017651336473
5998.6114501953125,4.018966577908278e-06,1.847282710182736e-06,95.62648298478874
6003.379821777344,3.939478317706608e-06,1.810746629106522e-06,95.62735512694611
6008.148193359375,3.775051492673478e-06,1.7351692822722445e-06,95.6282005391793
6055.8319091796875,5.321800202303379e-06,2.4461187497305887e-06,95.63801827508506
6060.600280761719,5.3498192829154074e-06,2.4589974741903364e-06,95.63918774592548
6065.36865234375,5.2888224451026105e-06,2.430960813102688e-06,95.64035360283222
6093.9788818359375,5.844590430292437e-06,2.686414689120886e-06,95.64764797200293
6108.283996582031,5.529845044058547e-06,2.541744735084527e-06,95.65141494546607
6113.0523681640625,5.348298874424309e-06,2.458298631773119e-06,95.65260704870106
6117.820739746094,5.425981648280139e-06,2.494004836898517e-06,95.65378776985733
6160.736083984375,4.304085783602997e-06,1.9783352503845046e-06,95.6635476115914
6165.504455566406,4.341366974536179e-06,1.9954712225531843e-06,95.6644950408843
6213.188171386719,3.1231050627661376e-06,1.435507828366848e-06,95.67246285130595
6217.95654296875,3.0165541138496904e-06,1.38653261997152e-06,95.6731356781798
6222.724914550781,3.2481532181124745e-06,1.4929851153344245e-06,95.67382220870675
6265.6402587890625,2.533873009401474e-06,1.1646724871502195e-06,95.67924607708576
6270.408630371094,2.5452121545156665e-06,1.1698844256701468e-06,95.67980267882777
6275.177001953125,2.5902306054300883e-06,1.1905767614737216e-06,95.68036545663003
6279.945373535156,2.5996795437423785e-06,1.1949198830288557e-06,95.68093420335046
6327.629089355469,2.2265959638779554e-06,1.0234352903663988e-06,95.68630386854446
6332.3974609375,2.131847390908016e-06,9.798849404769625e-07,95.68678149730738
6380.0811767578125,1.6941327756751331e-06,7.786932597203561e-07,95.69093277384081
6384.849548339844,1.601718340172236e-06,7.362157756292466e-07,95.6912939563005
6437.3016357421875,1.129840690851963e-06,5.193213561278296e-07,95.69463874654677
6442.070007324219,1.0702601174710575e-06,4.919356685547311e-07,95.69487984900971
6494.5220947265625,5.601611965843988e-07,2.574731770733448e-07,95.696821716709
6499.290466308594,6.162186356721773e-07,2.832394868936845e-07,95.69695063265404
6527.900695800781,4.3172806299037435e-07,1.984400145666011e-07,95.6975740448405
6551.7425537109375,6.40404511353877e-07,2.943563123539963e-07,95.69814527229529
6556.510925292969,6.394080467261758e-07,2.9389829613455835e-07,95.69828552312319
6608.9630126953125,1.5893739975608603e-06,7.305418069030785e-07,95.70078783112933
6613.731384277344,1.6376420914603136e-06,7.527278125802752e-07,95.70114147016444
6666.1834716796875,3.2929378206603666e-06,1.5135699647889787e-06,95.70706417333382
6670.951843261719,3.4690121661652087e-06,1.5945009921694357e-06,95.70780519519512
6728.172302246094,4.964380071337075e-06,2.2818337238648244e-06,95.71905948080408
6732.940673828125,5.064112533708387e-06,2.3276748747704293e-06,95.72015847329453
6775.856018066406,5.78746036398884e-06,2.660155355616014e-06,95.73070929340417
6785.392761230469,5.204250394748125e-06,2.3920880125068053e-06,95.73307091042112
6790.1611328125,5.127922999244279e-06,2.357004795143769e-06,95.73420318238036
6847.381591796875,3.5468519242789847e-06,1.6302793537310348e-06,95.74575565728176
6852.149963378906,3.2875241001375328e-06,1.511081595670767e-06,95.74650461609578
6904.60205078125,1.9415568427123023e-06,8.92419560315456e-07,95.75276017247943
6909.370422363281,1.8258631906927557e-06,8.392419886908521e-07,95.75317303276542
6966.590881347656,1.1269566805327765e-06,5.179957460996429e-07,95.75679006306426
6971.3592529296875,1.1077706047494256e-06,5.091770347757767e-07,95.75703496013917
7014.274597167969,9.855926664723922e-07,4.5301901789015126e-07,95.75910929750864
7028.5797119140625,1.0088008829928778e-06,4.6368647089862683e-07,95.75976896418888
7033.348083496094,9.864772269975655e-07,4.5342559837112486e-07,95.7599876207453
7042.884826660156,1.0196261977858994e-06,4.6866223182168534e-07,95.7604206551339
7090.568542480469,7.8097192536733e-07,3.589668903442461e-07,95.76241509967033
7095.3369140625,7.555784662529394e-07,3.4729500975892404e-07,95.76258348562904
7152.557373046875,4.1296172895677224e-07,1.8981423385363243e-07,95.76409956885401
7157.325744628906,3.594863099184586e-07,1.6523472688478695e-07,95.76418421912275
7209.77783203125,2.4151790546100475e-07,1.110115852692331e-07,95.76487716745716
7214.546203613281,2.55951972759918e-07,1.1764607760501509e-07,95.76493168369224
7219.3145751953125,2.511869481728794e-07,1.1545587587962194e-07,95.7649872595288
7252.693176269531,3.0873213939924164e-07,1.4190601791139385e-07,95.76539647059013
7262.229919433594,2.493527561220132e-07,1.1461280560346075e-07,95.76551401445019
7281.303405761719,3.033362188118242e-07,1.3942583037725337e-07,95.76575339320809
7286.07177734375,3.140908829220028e-07,1.4436911733409485e-07,95.76582105519627
7343.292236328125,4.6036434242287834e-07,2.1160242904658375e-07,95.76685936388918
7348.060607910156,4.61744635396912e-07,2.1223686859627667e-07,95.7669604150523
7352.8289794921875,4.602200476956222e-07,2.1153610524177878e-07,95.76706145040257
7367.134094238281,4.809406808304152e-07,2.2106016238232468e-07,95.76736999815778
7410.0494384765625,4.75081457075864e-07,2.1836702161415544e-07,95.76830239105996
7414.817810058594,4.666664135935127e-07,2.1449912074236615e-07,95.76840559439057
7452.964782714844,5.098797331163203e-07,2.343617437467186e-07,95.76925024649161
7472.038269042969,4.796805005533393e-07,2.204809315794731e-07,95.76967316906774
7476.806640625,4.728947760445577e-07,2.173619328721836e-07,95.76977755894134
7486.3433837890625,4.452919211873262e-07,2.0467452292711614e-07,95.76997808556523
7500.648498535156,5.213070568035388e-07,2.3961421277373076e-07,95.77028705077198
7538.795471191406,4.828264553205815e-07,2.2192694207393412e-07,95.77111165834845
7543.5638427734375,5.023928906347735e-07,2.30920482317463e-07,95.77121962558792
7605.552673339844,6.093894720317707e-07,2.8010052177084e-07,95.77283701208191
7610.321044921875,6.146063545961573e-07,2.824984160492396e-07,95.77297114612125
7672.309875488281,7.077484950517267e-07,3.2531038333425636e-07,95.77483384445199
7677.0782470703125,6.607952799616895e-07,3.037287501601732e-07,95.7749838190684
7739.067077636719,4.178787482329093e-07,1.9207429860370322e-07,95.77655994405103
7743.83544921875,3.987347297263151e-07,1.832749185379313e-07,95.77664943427806
7748.603820800781,4.3412748318957583e-07,1.995428869997317e-07,95.7767407051553
7810.5926513671875,2.4748093115603097e-07,1.1375243768819758e-07,95.7776517204746
7815.361022949219,2.4138315828904123e-07,1.1094964991441265e-07,95.77770529362704
7843.971252441406,2.0816309302602655e-07,9.568033851261236e-08,95.77800290610234
7872.581481933594,2.5142935828044993e-07,1.1556729755775933e-07,95.77828711076391
7877.349853515625,2.486155763028741e-07,1.1427396737034959e-07,95.77834190919172
7882.118225097656,2.528378751745718e-07,1.1621470998457921e-07,95.77839686197467
7910.728454589844,3.066204264768834e-07,1.4093538760265112e-07,95.77875953152547
7948.875427246094,2.9756662265870265e-07,1.3677388614935553e-07,95.77926851379452
7953.643798828125,3.0685066732258404e-07,1.4104121578638834e-07,95.77933475007637
7958.412170410156,3.0382597872434357e-07,1.3965094422206882e-07,95.77940167230233
8020.4010009765625,4.938638156064427e-07,2.2700016784650094e-07,95.78054153868044
8025.169372558594,5.200255327597326e-07,2.390251714958511e-07,95.78065264777968
8087.158203125,6.82958490099215e-07,3.1391587515749187e-07,95.78233965287373
8091.926574707031,6.855904787447384e-07,3.151256456355542e-07,95.78248962805931
8130.073547363281,7.404326991906059e-07,3.403333908739853e-07,95.78371664487074
8158.683776855469,6.23359117971775e-07,2.8652154690555895e-07,95.7846158593283
8163.4521484375,6.10611250328357e-07,2.806621014404413e-07,95.78475108644781
8215.904235839844,4.397667551165582e-07,2.021349288410339e-07,95.78604251115085
8230.209350585938,4.792671327813047e-07,2.2029093071148283e-07,95.78636470858686
8234.977722167969,4.4538509960261937e-07,2.0471735156781184e-07,95.78646603845763
8239.74609375,4.372682367796324e-07,2.009865068187538e-07,95.78656276579508
8306.503295898438,9.704232585356369e-07,4.4604653268479746e-07,95.78850724541823
8311.271667480469,1.1035095814931898e-06,5.072184928381058e-07,95.78873452151113
8378.028869628906,2.941170809945127e-06,1.3518833460251246e-06,95.79480790824962
8382.797241210938,3.1399904385300705e-06,1.4432690431216833e-06,95.79547432451062
8454.322814941406,5.6087566394478555e-06,2.57801575724154e-06,95.8095673063197
8459.091186523438,5.728425940951853e-06,2.633020701254544e-06,95.81080971422779
8516.311645507812,7.487125690213891e-06,3.4413916036334743e-06,95.8282944834355
8525.848388671875,7.396445036171346e-06,3.399711036971972e-06,95.83155502818144
8530.616760253906,7.394437177407204e-06,3.398788142315451e-06,95.83317591669581
8540.153503417969,7.453385290990465e-06,3.4258831252941154e-06,95.83641599620934
8602.142333984375,5.715434629567777e-06,2.627049359010913e-06,95.85568626836888
8606.910705566406,5.635344068203836e-06,2.590236435492291e-06,95.85693016623476
8678.436279296875,2.55052161414768e-06,1.1723248721850657e-06,95.86989292548762
8683.204650878906,2.356662212153582e-06,1.0832190997015218e-06,95.8704306890765
8754.730224609375,9.900751687133855e-07,4.5507936069908597e-07,95.87541603946568
8759.498596191406,9.73185388376756e-07,4.4731612142107275e-07,95.87563118731431
8764.266967773438,9.598585909649237e-07,4.4119057596958534e-07,95.87584302381862
8831.024169921875,1.6128782666494674e-06,7.413453378758253e-07,95.8796197592279
8835.792541503906,1.6305931116452322e-06,7.494878108822257e-07,95.87997520154889
8902.549743652344,2.022495483520674e-06,9.296222961065095e-07,95.88579003707895
8907.318115234375,1.977367867687457e-06,9.088797836062292e-07,95.88622837013246
8912.086486816406,1.9821554832291608e-06,9.110803690656372e-07,95.88666228244608
8916.854858398438,1.9951122435860263e-06,9.170358302328898e-07,95.88709813931276
8988.380432128906,1.3438755817180504e-06,6.177006149766438e-07,95.89278478548663
8993.148803710938,1.3024721892152794e-06,5.986699090400234e-07,95.89307479081864
9069.442749023438,5.425931642210406e-07,2.4939818520475034e-07,95.89623191759611
9074.211120605469,5.135563206449655e-07,2.360516549322141e-07,95.8963476578572
9145.736694335938,2.4067342327629503e-07,1.1062342644565722e-07,95.89747055527081
9150.505065917969,2.3236315990556265e-07,1.0680368683244335e-07,95.89752239393422
9222.030639648438,2.043066657881891e-07,9.39077655833688e-08,95.89824883630462
9226.799011230469,2.0486434866835737e-07,9.416409962405543e-08,95.8982936761315
9231.5673828125,2.0607904266579494e-07,9.472242305773699e-08,95.89833871018784
9236.335754394531,2.0424096296142372e-07,9.387756585576693e-08,95.89838367592921
9307.861328125,4.35888526510999e-07,2.0035233510448328e-07,95.8993311700175
9312.629699707031,4.591611860550264e-07,2.1104940878306716e-07,95.89942925583674
9393.692016601562,1.4413924399406687e-06,6.625233828832485e-07,95.9028182461814
9398.460388183594,1.5274936601207745e-06,7.020990529668568e-07,95.90314359752357
9474.754333496094,2.604934887838862e-06,1.197335455812879e-06,95.91053421128449
9479.522705078125,2.6685167422357245e-06,1.2265602970828482e-06,95.91111211306578
9498.59619140625,2.779753191569634e-06,1.2776891546170645e-06,95.91346295800886
9555.816650390625,2.33672489224211e-06,1.0740550856083734e-06,95.92030760115107
9560.585021972656,2.223147136911575e-06,1.0218500673241306e-06,95.92080730387956
9641.647338867188,8.970958448410762e-07,4.1234223062740666e-07,95.92658621790063
9646.415710449219,8.312633824268315e-07,3.82082917137449e-07,95.92677562361557
9713.172912597656,4.014554701751362e-07,1.8452548300334117e-07,95.92840030387998
9727.47802734375,4.3456007466378896e-07,1.9974172387368803e-07,95.92867461336864
9732.246398925781,4.6455139170602216e-07,2.1352696949684552e-07,95.9287731443033
9813.308715820312,9.8998788798755e-07,4.550392428795813e-07,95.93144009295187
9818.077087402344,1.034913112717862e-06,4.75688728085943e-07,95.93166199579227
9875.297546386719,1.2879601357065776e-06,5.91999571027453e-07,95.93477262296216
9899.139404296875,1.2726045317943769e-06,5.849415024763614e-07,95.93615964330077
9903.907775878906,1.2495170667422295e-06,5.743295518203852e-07,95.93643603505832
9984.970092773438,9.996513756959844e-07,4.5948098018139903e-07,95.94063730641231
9989.738464355469,9.954805166990877e-07,4.5756388145409704e-07,95.94085594694519
10061.264038085938,8.46157413410192e-07,3.8892882774335596e-07,95.94380820900884
10075.569152832031,8.972098935270975e-07,4.123946521048493e-07,95.94438857563456
10080.337524414062,8.82056570391431e-07,4.0542956013712806e-07,95.94458356012122
10166.168212890625,1.4106575745500869e-06,6.483963717884299e-07,95.94885330395081
10170.936584472656,1.4710655772981725e-06,6.761623800072115e-07,95.94916910336636
10251.998901367188,2.9631921893082075e-06,1.36200527975192e-06,95.9572425026521
10256.767272949219,3.0883753194679665e-06,1.4195446067077152e-06,95.95790567582374
10342.597961425781,4.982830909142264e-06,2.29031448950574e-06,95.97404246170053
10347.366333007812,5.003887209921331e-06,2.2999928333325804e-06,95.97513687625009
10380.744934082031,5.277231976521255e-06,2.4256333559571257e-06,95.98309860970318
10433.197021484375,4.420135629864875e-06,2.031676543566024e-06,95.99505480788207
10437.965393066406,4.271846106246577e-06,1.963516565678403e-06,95.99600733614643
10528.564453125,1.4069026243686008e-06,6.466704418974014e-07,96.00783950140263
10533.332824707031,1.265480651022432e-06,5.81667073210949e-07,96.00813235988764
10590.553283691406,5.50329048032925e-07,2.5295391629548116e-07,96.0103151276983
10619.163513183594,6.944496299379682e-07,3.191976767183968e-07,96.01110120201322
10623.931884765625,7.806338694750842e-07,3.588115059207344e-07,96.01126285199916
10714.530944824219,2.41283311318236e-06,1.1090375613071052e-06,96.01786897694868
10719.29931640625,2.4792832820818406e-06,1.1395807981609486e-06,96.01840508934288
10776.519775390625,2.971735185180337e-06,1.365931992816541e-06,96.02557503276418
10809.898376464844,2.47566241492168e-06,1.1379164983537293e-06,96.02964126353541
10814.666748046875,2.445296763888172e-06,1.1239591933972805e-06,96.03018053672395
10905.265808105469,1.0813733797486145e-06,4.970437820115348e-07,96.03757501802859
10910.0341796875,1.0167976445919844e-06,4.6736211217434284e-07,96.03780495031157
10995.864868164062,3.2559135580302184e-07,1.4965520874595448e-07,96.04012745517517
11000.633239746094,3.4522342218025247e-07,1.586789157315182e-07,96.040200967759
11005.401611328125,2.854995903766484e-07,1.3122738068190834e-07,96.04027008680627
11076.927185058594,1.544993178138674e-07,7.101425528179608e-08,96.04091125320541
11096.000671386719,1.809759112230589e-07,8.318398903827666e-08,96.04105407960137
11100.76904296875,1.8544942785483152e-07,8.524020169080625e-08,96.04109423505761
11196.136474609375,7.574276796783679e-07,3.4814498447804943e-07,96.04290244899656
11200.904846191406,8.169294468470273e-07,3.7549444946742754e-07,96.04307497808217
11291.50390625,1.520882802214158e-06,6.99060430158323e-07,96.04810349559527
11296.272277832031,1.496478905912164e-06,6.878433934336164e-07,96.04843415923425
11310.577392578125,1.516989396821937e-06,6.972708605450007e-07,96.04941882649626
11391.639709472656,8.343394298836608e-07,3.8349679535030533e-07,96.05408860134128
11396.408081054688,7.959254316162103e-07,3.658401382338922e-07,96.05426725718826
11482.23876953125,1.9202649232911527e-07,8.826329164479758e-08,96.05587069045947
11491.775512695312,2.0751070380032122e-07,9.538047353150516e-08,96.05595776353175
11496.543884277344,2.3315048063300642e-07,1.0716557189393404e-07,96.05600605427212
11596.6796875,1.4680581667734377e-06,6.747800501577168e-07,96.05932532853096
11601.448059082031,1.5312985773378023e-06,7.038479497671757e-07,96.05965401905979
11677.742004394531,2.513163257165113e-06,1.1551534313191285e-06,96.06674210394203
11696.815490722656,2.4649014321387584e-06,1.1329703070744251e-06,96.06889504589611
11701.583862304688,2.530983789150165e-06,1.1633444824224642e-06,96.0694425300054
11725.425720214844,2.5936660508154498e-06,1.1921558337897343e-06,96.07221534005164
11801.719665527344,2.1647651187283254e-06,9.950152851270559e-07,96.08056021912907
11806.488037109375,2.1125315929270525e-06,9.710066034836283e-07,96.08102895527423
11906.623840332031,1.5158231655464735e-06,6.967348125760826e-07,96.0890871947299
11911.392211914062,1.4700953314026899e-06,6.757164149978971e-07,96.08941441260146
11916.160583496094,1.4746391810758878e-06,6.778049556155543e-07,96.08973711724343
12011.528015136719,9.45074888695281e-07,4.3439537698850453e-07,96.0951882684673
12016.29638671875,9.124487947267386e-07,4.193990792784963e-07,96.09539182892841
12116.432189941406,2.30379789833045e-07,1.0589204818807258e-07,96.0978512721732
12121.200561523438,2.1649968811104802e-07,9.951218126716688e-08,96.09790024435773
12159.347534179688,1.3410425953983216e-07,6.163984576819338e-08,96.09818760206682
12221.336364746094,2.494922393368666e-07,1.1467691783882388e-07,96.09869649325584
12226.104736328125,2.7031660999979765e-07,1.2424865702359973e-07,96.09875345755191
12273.788452148438,3.5714724759786625e-07,1.641595974207547e-07,96.09945360112224
12331.008911132812,2.7853825127762353e-07,1.280276622697088e-07,96.10031279592009
12335.777282714844,2.605806683574681e-07,1.1977361690704717e-07,96.10037187634899
12407.302856445312,9.814763574688046e-08,4.511269925884493e-08,96.10092611544708
12440.681457519531,1.530568444146043e-07,7.035123504544862e-08,96.10110311415671
12445.449829101562,1.7104854887649473e-07,7.862096407525951e-08,96.10113863189676
12550.35400390625,1.0735855637288636e-06,4.934641807373043e-07,96.10390951829571
12555.122375488281,1.144519595456166e-06,5.260683857818753e-07,96.10415259380154
12655.258178710938,1.7162944084517244e-06,7.888796596975669e-07,96.11111707857079
12660.026550292969,1.6888834712147784e-06,7.76280463002065e-07,96.1114902418233
12664.794921875,1.718369399999192e-06,7.898334113486711e-07,96.11186363246794
12764.930725097656,1.3427069004409384e-06,6.171634408859733e-07,96.11903393693093
12769.699096679688,1.3652189731132834e-06,6.27510917485205e-07,96.1193306904229
12774.467468261719,1.3398588783995537e-06,6.158543725537834e-07,96.11962713180866
12884.140014648438,1.0196439298427624e-06,4.686703822059754e-07,96.12559470094895
12888.908386230469,9.934594321175715e-07,4.5663490766671233e-07,96.1258153109214
12998.580932617188,4.0811163052460425e-07,1.8758492868207974e-07,96.12925420615987
13003.349304199219,3.7908454526891364e-07,1.7424288373585247e-07,96.12934047263279
13055.801391601562,2.669342438916062e-07,1.2269398213142332e-07,96.13007864322756
13113.021850585938,3.990946549542922e-07,1.8344035500964903e-07,96.13091594550978
13117.790222167969,4.2646920886641583e-07,1.9602282842925887e-07,96.1310064165828
13227.462768554688,8.664586107953547e-07,3.9826009492327273e-07,96.13438762343988
13232.231140136719,8.704000236636559e-07,4.000717307515791e-07,96.1345779605794
13341.903686523438,1.1100125032282213e-06,5.102075037328039e-07,96.13953219033704
13346.672058105469,1.1251045396816268e-06,5.171444258149809e-07,96.13977713012432
13461.112976074219,1.8067738659537476e-06,8.304677481352647e-07,96.14738571211589
13465.88134765625,1.8407421603164935e-06,8.460809764750129e-07,96.14778543248062
13523.101806640625,2.051559204657021e-06,9.429811804137009e-07,96.15294694944319
13580.322265625,1.8304258385012203e-06,8.413391697063798e-07,96.15805912960681
13585.090637207031,1.7831157324578506e-06,8.195934947382853e-07,96.15845512681265
13699.531555175781,9.002942543153867e-07,4.1381235146753903e-07,96.16543012159256
13704.299926757812,8.910999879439975e-07,4.095862876346018e-07,96.16562643512614
13794.898986816406,7.124301942081659e-07,3.2746228525688156e-07,96.16877996072529
13818.740844726562,7.635208078942574e-07,3.5094563737872553e-07,96.16959450355105
13823.509216308594,7.765063210266487e-07,3.569143145068648e-07,96.16976327051499
13828.277587890625,7.642424228089339e-07,3.512773213401248e-07,96.16993211655854
13933.181762695312,9.139966331763312e-07,4.2011052963536305e-07,96.17405890600666
13942.718505859375,9.005244687067881e-07,4.139181674917899e-07,96.17445628437864
13947.486877441406,9.180048858625992e-07,4.219528877992968e-07,96.17465557156795
13980.865478515625,9.216782016997431e-07,4.2364129518051176e-07,96.17605706957491
14066.696166992188,8.835722045997337e-07,4.0612620809716564e-07,96.17963698437673
14071.464538574219,8.968688132241413e-07,4.1223787753750193e-07,96.17983209757921
14095.306396484375,9.06498727740428e-07,4.1666418321624503e-07,96.18081543433769
14190.673828125,7.175733937393481e-07,3.2982631177583755e-07,96.18439329354193
14195.442199707031,7.076540625197024e-07,3.2526697824981346e-07,96.1845494799533
14314.651489257812,2.975041251997839e-07,1.3674515974094855e-07,96.18731424239425
14319.419860839844,2.933312614824002e-07,1.3482713956147153e-07,96.18737899027597
14414.787292480469,1.6767542131252653e-07,7.7070535598842e-08,96.18829349572185
14443.397521972656,1.7808061963700982e-07,8.18531936748005e-08,96.18852420716237
14448.165893554688,1.8418075718254393e-07,8.465706835232187e-08,96.18856390630246
14452.934265136719,1.8340840224682807e-07,8.430206218563342e-08,96.1886041892983
14567.375183105469,2.9350536750957027e-07,1.3490716586860677e-07,96.18986096936449
14572.1435546875,2.9547619319200946e-07,1.3581303859418907e-07,96.18992551409097
14691.352844238281,4.288061440959404e-07,1.9709698019455282e-07,96.1918890597764
14696.121215820312,4.279999113630178e-07,1.9672640239574805e-07,96.1919829545877
14700.889587402344,4.314032643277326e-07,1.9829072371230872e-07,96.19207713400962
14824.867248535156,6.450760991631836e-07,2.965035666846666e-07,96.19508915352313
14829.635620117188,6.55826847237977e-07,3.0144505367021703e-07,96.19523171558357
14839.17236328125,6.547387359665911e-07,3.0094491287545776e-07,96.19551907094618
14872.550964355469,7.287539548069646e-07,3.349653585307622e-07,96.19657904537814
14958.381652832031,6.566852623495458e-07,3.018396166413244e-07,96.19937931066062
14963.150024414062,6.446440026960129e-07,2.963049573363522e-07,96.19952191944003
15091.896057128906,1.7393059527199222e-07,7.994567140316118e-08,96.20195369868014
15096.664428710938,1.6736194063020486e-07,7.692644695485767e-08,96.2019910999077
15158.653259277344,1.0720527236117443e-07,4.927596242323077e-08,96.20235280103539
15220.64208984375,1.6106072884265777e-07,7.403015026696791e-08,96.20272587936867
15225.410461425781,1.706556323834e-07,7.844036345811844e-08,96.20276223117192
15296.93603515625,2.1445773216950835e-07,9.857361414235033e-08,96.20341194420999
15358.924865722656,1.8335063094388817e-07,8.427550811333727e-08,96.20398850662811
15363.693237304688,1.7818004732503363e-07,8.18988947388525e-08,96.20402812569311
15435.218811035156,1.4534982380569023e-07,6.680877067261007e-08,96.20454907912216
15492.439270019531,1.8110989844074524e-07,8.324557508678427e-08,96.20496905904487
15497.207641601562,1.8957115163429275e-07,8.713471584670912e-08,96.20500968087174
15630.722045898438,4.555944058711821e-07,2.0940996957975156e-07,96.20684896137594
15635.490417480469,4.664100528813729e-07,2.1438128679129296e-07,96.20695000108512
15769.004821777344,8.390006993055665e-07,3.8563930692477864e-07,96.21100510141926
15773.773193359375,8.236877832205765e-07,3.7860085945876274e-07,96.21118731047383
15788.078308105469,8.424083058853122e-07,3.8720558337815124e-07,96.21173443330682
15907.28759765625,4.725705002138522e-07,2.1721288233300142e-07,96.21557871563101
15912.055969238281,4.4871413301345545e-07,2.062475125537882e-07,96.21567967645667
15993.118286132812,2.1579107923472908e-07,9.918647541713533e-08,96.21679793409058
16045.570373535156,3.158673841336908e-07,1.4518567052242166e-07,96.2173907147672
16050.338745117188,3.3195502194271157e-07,1.5258021202859997e-07,96.21746170768583
16179.084777832031,8.314491590020381e-07,3.821683077095484e-07,96.22106072877992
16188.621520996094,8.098692946386397e-07,3.72249312476863e-07,96.22142224567699
16193.389892578125,8.076734779988346e-07,3.7124002463263447e-07,96.22159950734832
16202.926635742188,8.145797938355749e-07,3.744144520853035e-07,96.22195326892184
16331.672668457031,3.728628695729464e-07,1.7138314511431206e-07,96.22560422059759
16336.441040039062,3.626835942891893e-07,1.6670433058093473e-07,96.22568482693316
16469.955444335938,2.1350384101958667e-07,9.813516644827575e-08,96.22732028189165
16474.72381591797,2.1967129161546537e-07,1.0096998097853308e-07,96.22736775225799
16479.4921875,2.135077718141682e-07,9.813697320350175e-08,96.22741522305508
16565.322875976562,1.545162904172859e-07,7.102205658997669e-08,96.22812269769383
16617.774963378906,2.5771367795479665e-07,1.1845582993409074e-07,96.228574327741
16622.543334960938,2.727398031173788e-07,1.2536245646999152e-07,96.22863245855041
16765.594482421875,1.5557038083400914e-06,7.150655999751574e-07,96.23411969216905
16770.362854003906,1.5941930428058708e-06,7.327568387497304e-07,96.23446487993769
16837.120056152344,1.990550779718907e-06,9.14939193405609e-07,96.2401163659918
16913.414001464844,1.5997136815331798e-06,7.352943518821314e-07,96.24661957284138
16918.182373046875,1.591320166125535e-06,7.314363462009136e-07,96.24696926869034
17061.233520507812,3.439605571660332e-07,1.5809845091280448e-07,96.25279127914982
17066.001892089844,3.2240072978816466e-07,1.4818866550463884e-07,96.2528643036889
17099.380493164062,2.6429252644994723e-07,1.214797398976139e-07,96.25330722450654
17213.821411132812,4.193760188902657e-07,1.9276250591873844e-07,96.25504537901884
17218.589782714844,4.2708304364335234e-07,1.9630497219640954e-07,96.25513813993415
17251.968383789062,4.4733780412659485e-07,2.0561489506196871e-07,96.25580358136571
17366.409301757812,3.1811983413326975e-07,1.462209893933586e-07,96.25784479020632
17371.177673339844,3.0577245736514906e-07,1.4054562604367565e-07,96.25791316069531
17375.946044921875,3.073738516741717e-07,1.4128169288123124e-07,96.25798035356424
17442.703247070312,2.525471394545831e-07,1.160810758628824e-07,96.25881081376939
17518.997192382812,2.720843486764892e-07,1.2506118258963047e-07,96.25973394549077
17523.765563964844,2.7435646514222733e-07,1.261055409791108e-07,96.25979382830411
17557.144165039062,2.773673796141109e-07,1.2748948138715577e-07,96.26021510238223
17671.585083007812,2.0094218872491276e-07,9.236131323366264e-08,96.26151363967806
17676.353454589844,2.0145209691076297e-07,9.259568805545874e-08,96.2615577368635
17733.57391357422,1.7151905647243446e-07,7.883722876175051e-08,96.26203551164659
17828.941345214844,2.695360919828349e-07,1.2388989876826937e-07,96.26294783578692
17833.709716796875,2.776421954633845e-07,1.2761579808001855e-07,96.26300779941779
17957.687377929688,4.6508130908186093e-07,2.1377054136718483e-07,96.26519283095809
17986.297607421875,4.627421081163549e-07,2.1269534817623498e-07,96.26579035012861
17991.065979003906,4.519702076822458e-07,2.0774413869439444e-07,96.26589059071367
18000.60272216797,4.661734041253573e-07,2.142725132678263e-07,96.26608925845152
18143.653869628906,2.0033957592583022e-07,9.20843275501292e-08,96.26831898416452
18148.422241210938,1.918755924584583e-07,8.819393184380652e-08,96.26836196585099
18277.16827392578,7.905295168209322e-08,3.633599533620577e-08,96.26907523192489
18305.77850341797,7.990537272566194e-08,3.672780318657112e-08,96.26918169963852
18310.546875,8.049187901676245e-08,3.6997385655089e-08,96.26919927709329
18315.31524658203,7.920742179125658e-08,3.640699616598774e-08,96.2692167780617
18467.90313720703,1.3196800695707272e-07,6.065793601994944e-08,96.26990198566503
18472.671508789062,1.3851446311651277e-07,6.366695713069401e-08,96.26993162702941
18630.027770996094,7.997780292423886e-07,3.676109509157519e-07,96.27277466610411
18634.796142578125,8.199898692221348e-07,3.76901145748623e-07,96.27295217162032
18749.237060546875,1.2704287470305096e-06,5.839414221080735e-07,96.27872807465468
18792.152404785156,1.1461749330009556e-06,5.268292471542526e-07,96.2811266653946
18796.920776367188,1.1352509782471003e-06,5.218081472390306e-07,96.28137668003217
18959.04541015625,2.8735143941310344e-07,1.320785668365074e-07,96.28643292820743
18963.81378173828,2.812995002698615e-07,1.2929684613152772e-07,96.286495244962
18987.655639648438,2.574872090821666e-07,1.1835173550466609e-07,96.28678634820366
19125.938415527344,4.74626075689219e-07,2.1815770955699319e-07,96.28909291821617
19130.706787109375,4.729824122227921e-07,2.1740221407226344e-07,96.28919676379427
19135.475158691406,4.832983024061513e-07,2.221438224450759e-07,96.28930155973575
19292.831420898438,1.6561506086912603e-07,7.612350900629464e-08,96.291631642804
19297.59979248047,1.6730301255623517e-07,7.689936118291149e-08,96.29166812629929
19302.3681640625,1.7105883866027914e-07,7.862569368405521e-08,96.29170520636187
19307.13653564453,1.648945353327199e-07,7.579232576805509e-08,96.29174202248666
19459.72442626953,4.513320797051763e-07,2.0745082877104147e-07,96.29384243150587
19464.492797851562,4.4109585543344444e-07,2.027458381352237e-07,96.29394023001232
19469.261169433594,4.3572282542713544e-07,2.0027617205576267e-07,96.29403631794736
19478.797912597656,4.486558481057356e-07,2.0622072240756322e-07,96.29422912832281
19636.154174804688,1.839621347163006e-07,8.455658045471935e-08,96.29659312653573
19640.92254638672,1.780220219319881e-07,8.182625975404136e-08,96.29663279529606
19683.837890625,1.4818782645934166e-07,6.811323368117571e-08,96.29695238760658
19812.583923339844,1.5008976661234856e-07,6.89874437778122e-08,96.29787333628724
19817.352294921875,1.5252500531489891e-07,7.010677987160237e-08,96.29790649893441
19865.036010742188,1.4530762804954732e-07,6.67893757636814e-08,96.29822992089343
19984.24530029297,2.91079957097476e-07,1.3379234726225477e-07,96.29932226057716
19989.013671875,3.0301173409827096e-07,1.3927668382690376e-07,96.29938736530755
20070.07598876953,3.9899949346468034e-07,1.833966148662496e-07,96.30075353161928
20160.675048828125,2.3665861457003264e-07,1.0877805486467989e-07,96.30213994511362
20165.443420410156,2.2114496361424334e-07,1.0164734137729505e-07,96.3021901144376
20241.737365722656,8.930143442227241e-08,4.1046620469444004e-08,96.30267774006046
20337.10479736328,3.4802232627955876e-07,1.5996540743277516e-07,96.30345945647257
20341.873168945312,3.669673089146169e-07,1.6867330240727618e-07,96.30353781004679
20489.69268798828,8.68313307694268e-07,3.9911259007285304e-07,96.30818490134241
20518.30291748047,8.331981991967728e-07,3.829722386824777e-07,96.30930845215758
20523.0712890625,8.439972917509113e-07,3.8793594678360503e-07,96.30949225099178
20670.89080810547,2.974469904735469e-07,1.367188982655462e-07,96.31312600606914
20699.501037597656,3.2790141969139216e-07,1.5071700933515595e-07,96.31353520045987
20704.269409179688,3.485771307035905e-07,1.602204184163649e-07,96.31360933371958
20880.699157714844,2.441443426666668e-06,1.1221880407669213e-06,96.32368308086595
20885.467529296875,2.4746041816641905e-06,1.137430090725797e-06,96.32422181581016
20952.224731445312,2.746045847588259e-06,1.2621958698295647e-06,96.33232137566881
21066.665649414062,1.3391665947155628e-06,6.155361704351075e-07,96.34370440211194
21071.434020996094,1.2520966895200795e-06,5.755152527870243e-07,96.3439883708999
21185.874938964844,1.4303683150757804e-07,6.574562406557552e-08,96.34689721653157
21252.63214111328,3.545953835856696e-07,1.629866555270896e-07,96.34755042098394
21257.400512695312,3.8060174849264976e-07,1.7494025288006166e-07,96.34763098903727
21367.07305908203,7.84371097186711e-07,3.60529289834055e-07,96.35082398157849
21438.5986328125,6.12786423590923e-07,2.816619007375236e-07,96.3531906216182
21443.36700439453,5.871495341045592e-07,2.6987812951848705e-07,96.35332211900851
21629.33349609375,1.9324701659644427e-07,8.882429491085828e-08,96.35622796273742
21634.10186767578,1.87851390831278e-07,8.634424288917768e-08,96.35626972617132
21686.553955078125,1.598897605343035e-07,7.349192496246175e-08,96.35667803839789
21820.068359375,6.289608546834838e-07,2.890963360146342e-07,96.3586072978979
21824.83673095703,6.489974320962151e-07,2.983059729469822e-07,96.35874734552176
21939.27764892578,1.1650453086840667e-06,5.355028496981699e-07,96.36382140385183
22010.80322265625,9.394012617696318e-07,4.3178754417362356e-07,96.36740541070954
22015.57159423828,9.078036793952134e-07,4.1726399278987034e-07,96.36760784037057
22149.085998535156,4.060682714219425e-07,1.8664571660656997e-07,96.37126292045178
22206.30645751953,4.914172873888057e-07,2.2587564262619735e-07,96.37242881548961
22211.074829101562,4.995322220649828e-07,2.2960560111949896e-07,96.37253741068056
22249.221801757812,5.567888617222423e-07,2.559231129553569e-07,96.37346566816643
22401.809692382812,2.4602038400741105e-07,1.1308111001160453e-07,96.37643207448126
22406.578063964844,2.427898545310882e-07,1.1159622549448747e-07,96.37648564173236
22597.312927246094,1.6358436045860158e-06,7.519011538751137e-07,96.38327652427063
22602.081298828125,1.6571963134063838e-06,7.617157390563524e-07,96.38363739865953
22668.838500976562,2.020809871379609e-06,9.288475192816959e-07,96.38932831230356
22797.584533691406,1.0985363780553443e-06,5.049326035312744e-07,96.39896900079783
22802.352905273438,1.0825055530723778e-06,4.975641755419051e-07,96.39920801465544
22959.70916748047,1.268600048618439e-07,5.831008769347631e-08,96.40266648773998
22997.85614013672,2.1035666835330331e-07,9.668859615721084e-08,96.40292717046907
23002.62451171875,2.3825484955451604e-07,1.0951175026399811e-07,96.40297633246267
23007.39288330078,2.2860147906887539e-07,1.0507466325483133e-07,96.40302749385047
23202.896118164062,1.4262590720050278e-06,6.55567463148058e-07,96.41103509868557
23207.664489746094,1.4222830700319197e-06,6.537399287413406e-07,96.41134726189357
23407.936096191406,5.67610637911659e-07,2.6089724739032933e-07,96.42075586933052
23412.704467773438,5.629158394673609e-07,2.587393244950216e-07,96.42087976034365
23612.97607421875,4.1339463166000425e-07,1.9001321378127542e-07,96.4256552150525
23617.74444580078,3.944127188251407e-07,1.8128834416459672e-07,96.42574374024237
23822.784423828125,7.312396199275872e-08,3.3610787268499046e-08,96.42740391881736
23827.552795410156,7.191797927725601e-08,3.305646789909367e-08,96.42741981352961
23908.615112304688,5.99623285008954e-08,2.7561157963063195e-08,96.42765990183756
24032.5927734375,2.1401904276291254e-07,9.83719744073002e-08,96.42832814782061
24037.36114501953,2.244969784347045e-07,1.0318806556648126e-07,96.42837620347893
24242.401123046875,3.648840247558608e-07,1.6771573913018354e-07,96.43124382464
24247.169494628906,3.838008424972315e-07,1.7641068835852457e-07,96.43132587077389
24442.672729492188,1.7007045566141197e-06,7.817139211437255e-07,96.44073730578327
24456.97784423828,1.6830134910102365e-06,7.735823781260746e-07,96.4418467963866
24461.746215820312,1.6905646433819946e-06,7.770531990318718e-07,96.4422164967176
24671.554565429688,2.4802229719828087e-07,1.1400127183755962e-07,96.45126374080338
24676.32293701172,2.471705143519678e-07,1.136097573289609e-07,96.45131800750156
24871.826171875,1.0685114145844135e-06,4.91131892622505e-07,96.45753767686784
24890.899658203125,1.04270017725485e-06,4.792679839477178e-07,96.4584616063491
24895.668029785156,1.0196287946410021e-06,4.6866342544333884e-07,96.45868761080881
25110.244750976562,1.601034340177305e-07,7.359013810355352e-08,96.46429235336508
25115.013122558594,1.4930270652310244e-07,6.862567851638124e-08,96.46432626025802
25162.696838378906,9.534147143148186e-08,4.382287046298927e-08,96.46458102753888
25334.35821533203,5.703723817914447e-07,2.621666587228655e-07,96.46661210091526
25339.126586914062,5.962591319616103e-07,2.7406527621200513e-07,96.46673994857127
25467.872619628906,9.989042825525346e-07,4.591375853757848e-07,96.47173203549345
25553.70330810547,8.524593786146411e-07,3.918254707327114e-07,96.4754317974928
25558.4716796875,8.489605086989869e-07,3.9021724588807224e-07,96.4756182510061
25782.58514404297,9.460195439871741e-08,4.34829579501506e-08,96.48007908733453
25787.353515625,8.540288045894617e-08,3.9254684360606e-08,96.48009881352564
25844.573974609375,4.917870338219721e-08,2.2604559332867257e-08,96.48025824697793
26001.930236816406,1.0914170468672947e-07,5.0166026544216454e-08,96.48083262321624
26006.698608398438,9.975718795306648e-08,4.585251580222395e-08,96.48085551582066
26011.46697998047,9.966510489262811e-08,4.581019063177254e-08,96.48087736991289
26030.540466308594,9.904968304652542e-08,4.5527317382210475e-08,96.48096483141671
26235.580444335938,5.932634077617157e-07,2.7268831787914394e-07,96.48375030806106
26240.34881591797,6.182577599964226e-07,2.841767524904668e-07,96.48388307503988
26378.631591796875,5.26005285934969e-07,2.417737125542651e-07,96.48779727940882
26469.23065185547,8.502152342955226e-07,3.907939694948932e-07,96.49037895745533
26473.9990234375,9.08211840051181e-07,4.1745160025266697e-07,96.49057165821564
26621.81854248047,2.4986901273987198e-06,1.1485009842630485e-06,96.50223934687156
26702.880859375,2.1492560467219917e-06,9.878866763135956e-07,96.51113100472767
26707.64923095703,2.057728061164205e-06,9.45816641158749e-07,96.51159203552504
26936.53106689453,6.045738240948387e-08,2.7788705146702586e-08,96.51981730311991
26941.299438476562,5.9162847023565674e-08,2.719368331963105e-08,96.51983041194285
26946.067810058594,5.905728170524583e-08,2.7145161147687865e-08,96.51984336733292
27174.949645996094,1.4460558514041966e-07,6.646668790283513e-08,96.52091260451454
27179.718017578125,1.4683536036319099e-07,6.749158451164523e-08,96.5209445426555
27413.368225097656,2.6418390541166426e-07,1.2142981319081189e-07,96.52325069029014
27418.136596679688,2.7414186089415415e-07,1.260069000202194e-07,96.52330968379972
27651.78680419922,1.3010920424912887e-06,5.980355367128789e-07,96.53165985216765
27656.55517578125,1.3009761821425524e-06,5.979822825205717e-07,96.53194500503668
27661.32354736328,1.3136136678020156e-06,6.037909918756663e-07,96.53223153011315
27704.238891601562,1.3898475175244389e-06,6.388312117413901e-07,96.53490045879354
27899.742126464844,5.605511725559808e-07,2.576524261055836e-07,96.54465400471484
27904.510498046875,5.33221705618074e-07,2.4509067651791183e-07,96.54477386801102
28028.488159179688,7.936864728809789e-08,3.648110205041901e-08,96.54610417485237
28147.69744873047,2.2427573240758198e-07,1.0308637177214949e-07,96.5469025307202
28152.4658203125,2.2472355504691135e-07,1.0329220951745666e-07,96.54695173520831
28285.980224609375,8.689158151638233e-08,3.993895273425938e-08,96.54797587990494
28395.652770996094,4.5502731067390476e-07,2.091493092501244e-07,96.54906203225363
28400.421142578125,4.880608005272147e-07,2.2433286290256014e-07,96.54916538245719
28500.55694580078,9.567481291844699e-07,4.397608795149542e-07,96.55263445436864
28643.60809326172,6.731900290257432e-07,3.0942588776986115e-07,96.55814111650572
28648.37646484375,6.789323454454518e-07,3.120652931077495e-07,96.55828929155
28858.184814453125,1.4983781811569502e-06,6.887163786285809e-07,96.56862430314325
28896.331787109375,1.411258237465726e-06,6.48672461225154e-07,96.57116530757725
28901.100158691406,1.4108402613388144e-06,6.484803421672955e-07,96.57147457290552
29153.823852539062,3.082447300234397e-07,1.4168198447014824e-07,96.58049138858811
29158.592224121094,3.084134448452575e-07,1.4175953275706578e-07,96.5805589663119
29301.64337158203,1.9454802123881805e-07,8.942229027487431e-08,96.58210332106944
29411.31591796875,2.2561862776201106e-07,1.0370362183425691e-07,96.5831432329643
29416.08428955078,2.2624288809147542e-07,1.0399055761511446e-07,96.58319275111545
29597.28240966797,3.3071234610427956e-07,1.52009026987322e-07,96.5855393511811
29668.807983398438,2.9163457589160906e-07,1.34047272922691e-07,96.58658109117111
29673.57635498047,2.870925536976962e-07,1.3195957228984613e-07,96.58664451214518
29768.943786621094,1.44586888568956e-07,6.645809418787507e-08,96.58755826289564
29931.068420410156,8.724814558536941e-07,4.0102844278750665e-07,96.590502185469
29935.836791992188,9.122021575989368e-07,4.192857146876132e-07,96.59069776360485
30021.66748046875,1.2742772925502881e-06,5.857103722747947e-07,96.59518340856084
30193.328857421875,5.718170270960564e-07,2.628306772564421e-07,96.60258501625465
30198.097229003906,5.726517137661184e-07,2.632143336576924e-07,96.6027104351587
30207.63397216797,5.492458352716795e-07,2.524560270579101e-07,96.60295726900931
30350.685119628906,9.375749906894375e-07,4.3094811470210367e-07,96.60774583041571
30460.357666015625,5.624952576276705e-07,2.5854600774415647e-07,96.61182771019796
30465.126037597656,5.429966625187777e-07,2.4958364965551117e-07,96.61194885774887
30589.10369873047,8.01735584391061e-08,3.6851072395697324e-08,96.61331519907067
30732.154846191406,3.8324557073358937e-07,1.7615546256638508e-07,96.61470014567809
30736.923217773438,3.9885663162377467e-07,1.8333094967507818e-07,96.61478585391772
30999.183654785156,1.8630919033897728e-06,8.563538396989173e-07,96.627495347988
31003.952026367188,1.8179667785200447e-06,8.356124721481399e-07,96.62789874419195
31023.025512695312,1.9337673166437167e-06,8.88839173032289e-07,96.62955453548342
31275.74920654297,5.608931537184037e-07,2.578096147450773e-07,96.6444648837432
31280.517578125,5.451072285404473e-07,2.505537528014195e-07,96.64458608701494
31552.31475830078,2.6547830289300656e-07,1.2202477163125562e-07,96.6495995238232
31557.083129882812,2.547796375327594e-07,1.1710722400827894e-07,96.64965653733383
31666.75567626953,7.409288377406713e-08,3.405614366035589e-08,96.65038274282901
31828.880310058594,8.436548083589326e-07,3.877785272987044e-07,96.65300137967938
31833.648681640625,8.835115204757301e-07,4.060983151722355e-07,96.65319065466814
31914.710998535156,1.2301675335746172e-06,5.654357087446259e-07,96.65728607145255
32110.214233398438,2.889017248528301e-07,1.3279114193091033e-07,96.66461040903177
32114.98260498047,2.751132254749797e-07,1.264533792234321e-07,96.66467221774215
32320.022583007812,8.607155389358271e-08,3.956203423541026e-08,96.66599085669873
32391.54815673828,1.4827157835524419e-07,6.815172950497685e-08,96.66633241554476
32396.316528320312,1.5426523605310012e-07,7.090666165516294e-08,96.66636556964879
32539.36767578125,5.358353936630414e-07,2.462920352855661e-07,96.66879927775464
32677.650451660156,1.4933169951946717e-07,6.863900489266796e-08,96.67114393808241
32682.418823242188,1.3492606526909816e-07,6.201758155807206e-08,96.67117508904009
32706.260681152344,1.1095045850201024e-07,5.099740435868045e-08,96.67130697181152
32911.30065917969,9.37720963162587e-07,4.310152096680817e-07,96.67617985706951
32968.52111816406,7.863909474094855e-07,3.6145769625927887e-07,96.67849284148289
32973.289489746094,7.566929136418832e-07,3.478072557189478e-07,96.67866194342494
33111.572265625,2.803811109863976e-07,1.288747165587451e-07,96.6816362660622
33259.39178466797,4.686755712120645e-07,2.1542261240591572e-07,96.68420682326025
33264.16015625,4.636421004748245e-07,2.1310902176392697e-07,96.68430899316357
33464.43176269531,1.2332425339388807e-07,5.668491056705755e-08,96.68688373421315
33550.262451171875,1.7344035493873896e-07,7.972033673717242e-08,96.6874368196722
33555.030822753906,1.765421715920709e-07,8.114605953500648e-08,96.68747517320982
33760.07080078125,4.1022540805739533e-07,1.8855650797088536e-07,96.69033722726698
33845.90148925781,2.9184257958336587e-07,1.341428799938094e-07,96.69175985503585
33850.669860839844,2.852752650727007e-07,1.311242715250129e-07,96.69182309965319
33903.12194824219,2.107344050168705e-07,9.686221949895382e-08,96.69241082716336
34146.30889892578,1.1836888521050137e-06,5.44072190783853e-07,96.69970548919238
34151.07727050781,1.2023805207840169e-06,5.526636522219717e-07,96.6999669713937
34155.845642089844,1.2050533413587457e-06,5.538921907378822e-07,96.70023079486548
34427.642822265625,6.662073354848066e-08,3.062163539758801e-08,96.7069539857521
34446.71630859375,7.257034988641078e-08,3.3356324323266824e-08,96.70701508464947
34451.48468017578,7.605208419906361e-08,3.4956672938397886e-08,96.7070313717372
34584.999084472656,6.092077469727764e-08,2.800169934426045e-08,96.70750525566754
34751.89208984375,5.636999008561016e-07,2.5909971143008696e-07,96.70920965385929
34756.66046142578,5.847168663584603e-07,2.6875997514226267e-07,96.70933550541572
34990.31066894531,1.4186907717819138e-06,6.520887603829042e-07,96.72122503318039
35057.06787109375,1.3218094625633745e-06,6.075581169973548e-07,96.72543549331067
35061.83624267578,1.308263000470876e-06,6.013316046035538e-07,96.72572371508039
35357.47528076172,6.791102465610062e-08,3.1214706379394836e-08,96.7334898416925
35367.01202392578,6.945925713480507e-08,3.1926337848284196e-08,96.73351980080287
35371.78039550781,7.09980097184065e-08,3.263361196660129e-08,96.73353519309438
35676.95617675781,1.9998247117904547e-07,9.192018748783413e-08,96.73546113895162
35681.724548339844,2.0507868656753008e-07,9.426261815801267e-08,96.7355055283916
35939.21661376953,1.2000375468848356e-06,5.515867248351758e-07,96.74363722303167
35991.668701171875,1.1200186258829522e-06,5.148067301801341e-07,96.74646604288112
35996.437072753906,1.1115318303737253e-06,5.109058491190104e-07,96.74671059181684
36196.70867919922,1.7896267524810474e-07,8.22586227940054e-08,96.75215940861568
36311.14959716797,5.033889889871595e-07,2.3137833018166742e-07,96.75370970522567
36315.91796875,5.051432773781453e-07,2.321846734419363e-07,96.75382022725832
36416.053771972656,7.605100390739191e-07,3.4956176391813486e-07,96.75687114222225
36630.63049316406,6.12743291396413e-07,2.816420754029193e-07,96.76300829302697
36635.398864746094,6.28001844037049e-07,2.8865553518892487e-07,96.76314426257295
36830.902099609375,1.2724577787806637e-06,5.848740487417645e-07,96.77217277668623
36954.87976074219,7.898648201181295e-07,3.6305443135713423e-07,96.77836143906733
36959.64813232422,7.772513226680646e-07,3.5725674797192776e-07,96.77853317463521
37078.857421875,3.0577681828688823e-07,1.4054763050307413e-07,96.78116653670348
37279.12902832031,1.03364068132816e-06,4.751038661667096e-07,96.78670823863659
37283.897399902344,1.068506028494032e-06,4.911294169533387e-07,96.78693860660303
37374.49645996094,1.270465720784768e-06,5.839584167696733e-07,96.79187888579445
37608.14666748047,5.297148672911734e-07,2.434787890629877e-07,96.80216108750054
37612.9150390625,5.043108465509616e-07,2.318020539190639e-07,96.80227440328379
37937.164306640625,2.192367732776569e-07,1.0077025843863858e-07,96.80752241936338
37941.932678222656,2.080041135204518e-07,9.56072649783521e-08,96.80756923941347
37994.384765625,1.765724713016904e-07,8.115998653057079e-08,96.80802134596624
38270.95031738281,1.1625619718637325e-06,5.343614057267321e-07,96.81639431014597
38275.718688964844,1.1598786889371076e-06,5.331280582826082e-07,96.81664881946718
38280.487060546875,1.1687817921236352e-06,5.37220291513372e-07,96.81690401039987
38285.255432128906,1.1809630802392715e-06,5.428193136718197e-07,96.81716151190793
38604.736328125,3.848315743094598e-07,1.7688445518854278e-07,96.82791884092208
38609.50469970703,3.892637204951673e-07,1.789216522786766e-07,96.82800367170866
38614.27307128906,3.78964993090434e-07,1.7418793262640952e-07,96.82808785959416
38633.34655761719,3.784972359049978e-07,1.7397293214196414e-07,96.82842357847635
38943.29071044922,1.1752470827054983e-06,5.401920055788318e-07,96.83910947996908
38952.82745361328,1.1388887817833713e-06,5.234802317028663e-07,96.83961586274144
38957.59582519531,1.1522208029235522e-06,5.296081781952366e-07,96.83986693858378
39124.488830566406,4.814659611764714e-07,2.21301602882627e-07,96.8459755725356
39296.15020751953,1.944684499183828e-06,8.938571601589082e-07,96.85419625479122
39300.91857910156,1.997300539766534e-06,9.180416613640148e-07,96.85462824513374
39367.67578125,2.334508939291037e-06,1.0730365422854214e-06,96.86130591466564
39610.862731933594,5.56804891263726e-07,2.559304807933971e-07,96.87701152716986
39644.24133300781,5.669961443786069e-07,2.6061480083171245e-07,96.87788315020214
39649.009704589844,5.771904091626603e-07,2.653005051573274e-07,96.87800853818213
39987.56408691406,1.6015953893383153e-06,7.361592623576626e-07,96.89328999941364
39992.332458496094,1.5810616707324498e-06,7.267211188396553e-07,96.8936387772755
39997.100830078125,1.5978308778111093e-06,7.344289376780007e-07,96.89398714259583
40197.37243652344,2.1931492531532916e-07,1.0080618033675815e-07,96.9022183156378
40345.191955566406,1.7380060174985454e-06,7.9885921021757e-07,96.90783876832052
40349.96032714844,1.8020669998820797e-06,8.283042784609627e-07,96.90822671432745
40435.791015625,2.356162087886697e-06,1.0829892219721978e-06,96.91683697633752
40693.28308105469,8.752675538678191e-07,4.0230904828411824e-07,96.93403391749979
40698.05145263672,8.989745643114877e-07,4.132057675411128e-07,96.93422835138341
40702.81982421875,8.741461874566789e-07,4.017936220562751e-07,96.93442266237984
40707.58819580078,8.801987688069956e-07,4.0457563794609963e-07,96.93461491579305
41017.53234863281,1.014249276682721e-07,4.661907772337033e-08,96.94110779284148
41060.447692871094,1.1011153945593002e-07,5.0611802582943976e-08,96.94131796320681
41065.216064453125,1.1142500861645579e-07,5.121552715331856e-08,96.9413422407341
41069.984436035156,1.0629179972639338e-07,4.885609274485829e-08,96.94136609966752
41422.84393310547,1.1995724113543394e-06,5.513729293714114e-07,96.94925094232445
41427.6123046875,1.2319822444063969e-06,5.662698246494346e-07,96.94951740912181
41499.13787841797,1.3152918657253621e-06,6.045623608203855e-07,96.95370822686311
41785.240173339844,1.2880070802512937e-07,5.920211486753658e-08,96.96289810965082
41790.008544921875,1.239580956583855e-07,5.6976250600245524e-08,96.96292580873163
41832.923889160156,1.0455060581972383e-07,4.8055768249365655e-08,96.96314528846773
42157.17315673828,2.504793777333933e-07,1.151306473379655e-07,96.96569898716164
42161.94152832031,2.4947738186377933e-07,1.1467008873173402e-07,96.96575377592661
42333.60290527344,1.6055686873207964e-07,7.379855538988233e-08,96.96742373347692
42529.10614013672,5.099206149621713e-07,2.343805347283147e-07,96.97030588061838
42533.87451171875,5.099550903226257e-07,2.343963810251326e-07,96.97041764574455
42800.9033203125,5.526029720231926e-07,2.539991054977455e-07,96.97637892429859
42901.039123535156,4.0039220881559703e-07,1.8403676425243672e-07,96.97868100081286
42905.80749511719,3.871113334608178e-07,1.7793232647138294e-07,96.97876730096912
43025.01678466797,1.1416593381853792e-07,5.2475369363388814e-08,96.97993608955751
43206.214904785156,4.5085379030839006e-07,2.0723098724809785e-07,96.98234164742328
43282.508850097656,3.3660628422210624e-07,1.5471812390785795e-07,96.98374752326757
43287.27722167969,3.2851791735180353e-07,1.510003770733218e-07,96.98382041223816
43344.49768066406,2.66781349418119e-07,1.226237055287494e-07,96.98458453778667
43563.8427734375,7.586085096119622e-07,3.486877425920346e-07,96.98966094506893
43663.978576660156,6.729325372907753e-07,3.093075339540728e-07,96.99296703646468
43668.74694824219,6.464561677199907e-07,2.971379030829512e-07,96.99311162432409
44045.448303222656,1.4534999357761486e-07,6.680884870678502e-08,97.00010770899974
44050.21667480469,1.4188375797174864e-07,6.521562393618515e-08,97.00013918608693
44107.43713378906,1.3165927114453093e-07,6.051602831371032e-08,97.00049344034915
44436.45477294922,4.958676745404309e-07,2.2792122401620118e-07,97.00478235533983
44441.22314453125,4.888518544738602e-07,2.2469646390548775e-07,97.00489026780585
44827.46124267578,2.463162879187081e-07,1.1321711964707131e-07,97.01108251013075
44832.22961425781,2.3704437055008713e-07,1.0895536421485497e-07,97.01113548017865
44970.51239013672,7.866675156952499e-08,3.6158481844419225e-08,97.01203368885473
45223.236083984375,1.3687252566714444e-07,6.291225499455476e-08,97.0137286804475
45228.004455566406,1.3314990313907107e-07,6.120118422565431e-08,97.01375827139732
45299.530029296875,9.068929876954543e-08,4.168454013438704e-08,97.01410804282393
45523.643493652344,2.595938500385107e-07,1.193200345287507e-07,97.01599052359535
45619.01092529297,2.371728308436103e-07,1.0901440986118474e-07,97.01704455376735
45623.779296875,2.405156512155308e-07,1.105509079028055e-07,97.01709690221843
45862.19787597656,7.109673746353681e-07,3.2678991308046186e-07,97.02238693471085
46024.322509765625,2.9908621091139377e-07,1.3747235155118877e-07,97.02632418711731
46029.090881347656,2.890919619965478e-07,1.3287858276417227e-07,97.02638864380292
46315.19317626953,1.4088613125161678e-07,6.475707357116194e-08,97.02899468741289
46429.63409423828,3.7733584652828914e-07,1.7343910970930774e-07,97.03016471948575
46434.40246582031,3.863934874966508e-07,1.7760237487500257e-07,97.03024841429772
46586.99035644531,7.56632876209637e-07,3.477796600402075e-07,97.03465733048385
46839.71405029297,4.805280750360359e-07,2.2087051175067532e-07,97.04157014869853
46844.482421875,4.799469205763294e-07,2.2060338920448078e-07,97.04167540427869
47030.44891357422,1.59110148308995e-07,7.313358304631449e-08,97.04426829772541
47249.794006347656,4.1810610356993737e-07,1.9217880048870728e-07,97.04739255084243
47254.56237792969,4.068756242846727e-07,1.8701680926320867e-07,97.0474829581209
47464.37072753906,1.0717486090705484e-07,4.926198406528785e-08,97.04972404340828
47669.410705566406,3.7059315106871563e-07,1.7033988892678993e-07,97.0517417806728
47674.17907714844,3.7974186527917637e-07,1.7454501510880044e-07,97.05182400764156
47712.32604980469,4.0042781242313764e-07,1.8405312913812434e-07,97.05249892436343
47945.97625732422,6.081993750343305e-08,2.7955350413230172e-08,97.055008857916
48089.027404785156,2.0379049608594542e-07,9.367051271052425e-08,97.05588280035677
48093.79577636719,2.031789559621917e-07,9.338942366056724e-08,97.05592739892101
48236.846923828125,8.543808302649558e-08,3.9270864911781904e-08,97.0568734406783
48418.04504394531,4.0595213865240334e-07,1.8659233719843193e-07,97.05881315931259
48513.41247558594,2.496100363175027e-07,1.1473106218698468e-07,97.06033923741182
48518.18084716797,2.453842579914e-07,1.1278872027207943e-07,97.06039348235507
48594.47479248047,1.2000250394201154e-07,5.515809758888041e-08,97.06096466539347
48794.74639892578,5.775424461851931e-07,2.654623158846531e-07,97.06417232446707
48942.56591796875,2.686228246441402e-07,1.2347012345244093e-07,97.06724994846718
48947.33428955078,2.5203453978492745e-07,1.158454639241802e-07,97.0673070057495
49061.77520751953,1.0201075636146104e-07,4.6888348739955914e-08,97.06813767152501
49371.71936035156,1.119903573528596e-06,5.147538473753513e-07,97.07396833323922
49376.487731933594,1.1679601969893534e-06,5.368426525216293e-07,97.07421905338252
49505.23376464844,1.6520746704822286e-06,7.593616208425986e-07,97.08292609587775
49757.957458496094,4.469051624050653e-07,2.054160350922744e-07,97.09557843262152
49810.40954589844,5.616736268706777e-07,2.581683523787473e-07,97.09676028362227
49815.17791748047,5.865751745718834e-07,2.696141302008583e-07,97.09688611677184
49977.30255126953,1.6368325872740568e-06,7.523557310866612e-07,97.10544871876859
50249.09973144531,1.5779246674527667e-07,7.252792228178773e-08,97.11736842342475
50253.868103027344,1.5062473876792858e-07,6.923333903329016e-08,97.11740222194325
50449.371337890625,2.838710087795131e-07,1.304788174460141e-07,97.11920526725646
50644.874572753906,8.655680181015627e-08,3.978507418089422e-08,97.1207694105065
50692.55828857422,9.853088922230057e-08,4.5288858354731096e-08,97.12096737744169
50697.32666015625,1.014328759447151e-07,4.6622731078869624e-08,97.12098929087225
51136.016845703125,2.3660444548140598e-07,1.087531565185736e-07,97.1249389023374
51140.785217285156,2.4192898663128944e-07,1.112005351208001e-07,97.12499134338401
51479.339599609375,2.243742108689186e-06,1.0313163653248676e-06,97.14312451214269
51589.012145996094,1.7228478897878124e-06,7.918919098690927e-07,97.15316129845604
51593.780517578125,1.7322834489146414e-06,7.962288817990683e-07,97.15353993595865
51617.62237548828,1.6385898454043564e-06,7.531634393615382e-07,97.15540001694622
51889.41955566406,4.455143295203271e-06,2.047767509651425e-06,97.19284878175453
52042.00744628906,2.9513492297308062e-06,1.3565617673363197e-06,97.21848091428603
52046.775817871094,2.919947236910445e-06,1.342128116974259e-06,97.21912433209368
52275.657653808594,4.707669499401515e-06,2.1638389628074947e-06,97.2570273424004
52504.539489746094,2.2706876428306572e-06,1.0437016435727114e-06,97.29561598655346
52509.307861328125,2.197320950412397e-06,1.0099792873947498e-06,97.29610562224296
52967.071533203125,1.2472792064956933e-06,5.733009390013696e-07,97.32918397376224
52971.839904785156,1.2439667635297195e-06,5.717784036677479e-07,97.32945698195206
53191.184997558594,7.337717542450857e-07,3.372717459976692e-07,97.33916091632788
53410.53009033203,1.369817626225566e-06,6.296246480225883e-07,97.34984132616276
53434.37194824219,1.3532534176146778e-06,6.220110549305355e-07,97.35133625390996
53439.14031982422,1.3746771534421526e-06,6.318582870521359e-07,97.35163519965687
53625.10681152344,9.856190445216761e-07,4.5303114232896556e-07,97.36139513956188
53801.536560058594,1.4293459302730794e-06,6.569863104553985e-07,97.37098563751363
53901.67236328125,1.3065451216839124e-06,6.005419966981803e-07,97.37735068586794
53906.44073486328,1.2706072180456454e-06,5.840234547436125e-07,97.37763310827972
53915.977478027344,1.300895188990576e-06,5.979450547292008e-07,97.37819786803892
54378.509521484375,3.612208482241795e-07,1.6603199219172454e-07,97.39793641960195
54383.277893066406,3.530572374646049e-07,1.622796601639542e-07,97.39801469519962
54421.424865722656,3.3282282384974987e-07,1.5297908955785022e-07,97.39862101513262
54860.11505126953,7.180869487793848e-07,3.300623628421494e-07,97.40806389561023
54864.88342285156,7.375261959275918e-07,3.389974421616051e-07,97.40822341189826
55041.31317138672,1.0404163294684245e-06,4.782182333596577e-07,97.41558602611721
55332.183837890625,3.1321946920296103e-07,1.4396857966716065e-07,97.42429757131401
55341.72058105469,3.1404453604707826e-07,1.4434781439985554e-07,97.42443525607155
55346.48895263672,3.0656472289778165e-07,1.409097839414673e-07,97.4245032667828
55508.61358642578,2.613970879703951e-07,1.2014887701582843e-07,97.4265951185942
55832.862854003906,9.427345681087091e-07,4.3331966917355947e-07,97.43413909041051
55837.63122558594,9.557112363518244e-07,4.392842808259809e-07,97.43434713540438
55947.303771972656,1.1369842983406285e-06,5.22604852605427e-07,97.4397250643162
56238.17443847656,2.819853139597257e-07,1.2961207437419503e-07,97.4490998970086
56324.005126953125,3.8883948716901227e-07,1.7872665715410969e-07,97.45037949052019
56328.773498535156,4.0536437513366885e-07,1.863221768562677e-07,97.45046652494452
56533.8134765625,6.694192050857424e-07,3.076926616450666e-07,97.45584939964091
56819.915771484375,2.2137988697830246e-07,1.0175532183949393e-07,97.46155473991945
56824.684143066406,2.2001614869346496e-07,1.0112849150737762e-07,97.46160311118996
56972.503662109375,2.9756108816603974e-07,1.3677134226838323e-07,97.46335434286908
57320.594787597656,1.8632044149643892e-07,8.564055546565949e-08,97.46701401487171
57325.36315917969,1.87707648383396e-07,8.627817293473932e-08,97.46705500349064
57344.43664550781,1.8353682316213738e-07,8.436108973211284e-08,97.46721877639169
57621.002197265625,4.5178722554523494e-07,2.076600325612829e-07,97.47105883940273
57826.04217529297,2.0281351339312505e-07,9.322145119144735e-08,97.47420813032885
57830.810546875,1.929688457400229e-07,8.869643611840935e-08,97.47425150293304
57983.3984375,1.1963960607060256e-07,5.499129476770223e-08,97.47526817092279
58293.34259033203,3.292475377715439e-07,1.5133574069485364e-07,97.47838303274953
58336.25793457031,3.165382156944652e-07,1.4549401236096175e-07,97.4790170477778
58341.026306152344,3.196449348085119e-07,1.4692198853183092e-07,97.47908676518524
58851.24206542969,1.8680679018073043e-07,8.586410136936279e-08,97.48525289420603
58856.01043701172,1.8465742128654172e-07,8.487616282370165e-08,97.48529360185721
58889.38903808594,1.6734144673284154e-07,7.691702711482427e-08,97.48556753759513
59304.237365722656,5.398801048469539e-07,2.481511512779198e-07,97.4916181623391
59370.994567871094,5.015399728218204e-07,2.3052844613141064e-07,97.49321167765534
59375.762939453125,5.037762730302111e-07,2.315563418925862e-07,97.49332184725394
59871.673583984375,1.2043425960970386e-07,5.535655029170596e-08,97.50032227737616
59895.51544189453,1.2509916725417794e-07,5.750073414324753e-08,97.50045691927886
59900.28381347656,1.283587570147282e-07,5.8998975964926745e-08,97.50048469497422
60420.03631591797,3.1949220217096995e-07,1.468517863156287e-07,97.50592383678166
60424.8046875,3.319909348055893e-07,1.5259671906078876e-07,97.50599523086882
60677.528381347656,1.3084961646888105e-06,6.014387764896777e-07,97.51578334588332
60954.09393310547,5.513630732408202e-07,2.534291969059091e-07,97.5279096602411
60958.8623046875,5.439923187611128e-07,2.5004129430771136e-07,97.52802969696023
61073.30322265625,4.0979086232245445e-07,1.8835677283813944e-07,97.53046300641894
61254.50134277344,5.558355651595354e-07,2.5548493855807647e-07,97.53439284302013
61492.919921875,4.5131057076764376e-07,2.0744094237670405e-07,97.53974234239396
61497.68829345703,4.593032577846472e-07,2.1111471080652188e-07,97.53984213383806
61621.665954589844,5.715796539429838e-07,2.6272157077022674e-07,97.54278114910063
61893.463134765625,1.2969707327909632e-07,5.961412128848162e-08,97.54706367495763
62031.74591064453,1.880348363648535e-07,8.642856201845261e-08,97.54807073566593
62036.51428222656,1.868221141483338e-07,8.587114489656223e-08,97.54811181511724
62413.21563720703,9.393993539595382e-07,4.317866672654603e-07,97.55673963667282
62580.108642578125,8.440480735746117e-07,3.879592882031204e-07,97.56362130870848
62584.877014160156,8.488008635901845e-07,3.9014386641513087e-07,97.563806822957
62594.41375732422,8.522253417970268e-07,3.9171789776380403e-07,97.56417875237211
62947.27325439453,3.622774311812907e-07,1.6651764127357412e-07,97.57412961223537
63133.23974609375,3.669360352940464e-07,1.6865892776209196e-07,97.57752262866096
63138.00811767578,3.606033613233103e-07,1.657481697578655e-07,97.57760235752599
63223.838806152344,3.0740577818219695e-07,1.4129636762040317e-07,97.5788986732799
63648.223876953125,5.840104795115967e-07,2.6843529062856595e-07,97.58667893013269
63691.139221191406,5.737054329745498e-07,2.636986664425984e-07,97.58782067717996
63695.90759277344,5.595197280102107e-07,2.571783316738491e-07,97.58794486393374
64187.049865722656,2.1218252779530042e-06,9.752783642284665e-07,97.59630555102355
64244.27032470703,2.7499320694779407e-07,1.2639821376089994e-07,97.59732967392326
64253.807067871094,2.785673249831842e-07,1.28041025743269e-07,97.59745076676609
64258.575439453125,2.764567848995435e-07,1.2707093451954792e-07,97.59751159019719
64282.41729736328,2.6868850917155604e-07,1.235003147689074e-07,97.59781215135338
64601.898193359375,6.340940574704174e-07,2.914557676178448e-07,97.6037440329943
64816.47491455078,3.2354890106051706e-07,1.4871641235165267e-07,97.60846468215942
64821.24328613281,3.2657434994752456e-07,1.5010703337603037e-07,97.60853592722076
65021.514892578125,7.209887006279507e-07,3.3139612760858507e-07,97.61333427901636
65388.67950439453,4.0633200650325365e-07,1.8676694012170266e-07,97.62217381578301
65393.44787597656,4.034038248781576e-07,1.8542102714047803e-07,97.62226255230932
65960.88409423828,6.592621065120672e-07,3.0302404044181753e-07,97.63501627130327
65965.65246582031,6.52762483714386e-07,3.000365458747154e-07,97.63516005215138
65970.42083740234,6.39723308411812e-07,2.9404320340108305e-07,97.63530169180108
66199.30267333984,8.578765255938127e-07,3.9431541479150246e-07,97.64313800993202
66547.39379882812,2.938917230422051e-07,1.350847507978627e-07,97.65268331301439
66552.16217041016,2.880570392363254e-07,1.3240288960169556e-07,97.65274708703753
66590.3091430664,2.6310282652084644e-07,1.2093290476805246e-07,97.6532204782124
66876.41143798828,9.502673926110635e-07,4.3678206583506204e-07,97.66076115020351
67133.90350341797,4.162473200615622e-07,1.9132442696495898e-07,97.66925243680767
67138.671875,4.1494099647741233e-07,1.9072398679604372e-07,97.66934352424762
67338.94348144531,2.5099469038292006e-07,1.1536750627405169e-07,97.67217095020187
67725.18157958984,1.1687358965640809e-06,5.371991960222811e-07,97.68237098589945
67729.94995117188,1.142506945459214e-06,5.251432888772491e-07,97.68262426808522
67749.0234375,1.1516405611782316e-06,5.293414751701981e-07,97.68362848869336
68306.92291259766,3.186141427596569e-07,1.4644819401457604e-07,97.69904926835355
68325.99639892578,3.2351769370654006e-07,1.4870206816532647e-07,97.69933311304636
68330.76477050781,3.277648200235716e-07,1.5065422249687551e-07,97.69940448514782
68721.77124023438,4.965614873600124e-07,2.2824012898862898e-07,97.70694683950119
68926.81121826172,4.1141445180912886e-07,1.8910304149427966e-07,97.71108229081048
68931.57958984375,4.319009799120606e-07,1.9851949431183835e-07,97.71117470722469
69150.92468261719,7.271854333658252e-07,3.3424440141838037e-07,97.7173394065545
69537.16278076172,4.76632129579687e-07,2.190797746191727e-07,97.72885192782314
69541.93115234375,4.711136255037206e-07,2.165432426605239e-07,97.72895578844395
69742.20275878906,3.13075302312898e-07,1.4390231462159938e-07,97.73228278098134
70023.5366821289,7.93675353853914e-07,3.648059097409994e-07,97.73905514191465
70147.51434326172,6.266454194544485e-07,2.8803206653584416e-07,97.74318866090145
70152.28271484375,5.972852643826674e-07,2.745369289722436e-07,97.74332278780203
70157.05108642578,5.978619770805903e-07,2.7480200990162277e-07,97.74345376041127
70714.95056152344,3.2661733247005903e-07,1.501267899152249e-07,97.75527212026581
70767.40264892578,3.4679130771872744e-07,1.5939958055682207e-07,97.75608776944141
70772.17102050781,3.476152181370058e-07,1.597782837485309e-07,97.75616386737428
71091.6519165039,9.051222403953147e-07,4.160314928904806e-07,97.76533987501792
71392.05932617188,6.412194443524045e-07,2.9473088915351793e-07,97.7755593543051
71396.8276977539,6.517630219133629e-07,2.995771520308684e-07,97.77570104838385
71539.87884521484,7.745516461383385e-07,3.5601586535203676e-07,97.78039384256562
71830.74951171875,4.0043882273164093e-07,1.840581899297825e-07,97.78819532294153
72021.484375,4.300825042672047e-07,1.976836479437456e-07,97.79203172864838
72026.25274658203,4.232240070402579e-07,1.9453119989532986e-07,97.79212523995511
72145.46203613281,3.47379949814184e-07,1.5967014472906473e-07,97.79418684967676
72379.11224365234,6.762436152037571e-07,3.108294418530687e-07,97.79958703746277
72655.67779541016,3.637069026468858e-07,1.6717468528523835e-07,97.80606677142221
72660.44616699219,3.607055606588172e-07,1.6579514478535437e-07,97.80614615761597
72689.05639648438,3.4990049696458765e-07,1.608286921020972e-07,97.80661766518044
73046.68426513672,5.380773247936123e-07,2.473225192506951e-07,97.81350266771253
73294.63958740234,3.931663418526332e-07,1.8071545792952845e-07,97.81854296104083
73299.40795898438,3.99336447077904e-07,1.8355149263688427e-07,97.81862980904961
73404.31213378906,4.895626356810183e-07,2.250231682483214e-07,97.8208036964795
73661.80419921875,3.4055088177318e-07,1.565312235476465e-07,97.82554027045963
73943.1381225586,4.036746976887382e-07,1.8554553145021641e-07,97.8303212173512
73947.90649414062,4.0889475394410376e-07,1.8794488448781663e-07,97.83041026440547
74219.7036743164,7.103539250479586e-07,3.265079463622962e-07,97.83754264673387
74453.35388183594,3.423013920626916e-07,1.573358302367359e-07,97.84310961384483
74596.40502929688,5.152709613567866e-07,2.3683977448477103e-07,97.84589709466884
74601.1734008789,5.211571158795872e-07,2.395452937441755e-07,97.8460106737199
74796.67663574219,3.6075225139875136e-07,1.65816605774127e-07,97.85005010238899
75254.44030761719,7.352152433940237e-07,3.3793523311443874e-07,97.86212297358206
75259.20867919922,7.447604580631939e-07,3.4232260725192607e-07,97.86228515968979
75397.49145507812,9.356672663453271e-07,4.300712459527985e-07,97.8677160339937
75716.97235107422,3.289308753582084e-07,1.5119018959613712e-07,97.87700778548447
75917.24395751953,4.716752610569071e-07,2.1680139351266792e-07,97.88060002387657
75922.01232910156,4.85185309393197e-07,2.2301116864305742e-07,97.8807048833627
76279.6401977539,3.6408874365093007e-07,1.673501951510549e-07,97.88878635383054
76518.05877685547,9.889069277945025e-07,4.5454238901521004e-07,97.89629592089678
76584.8159790039,8.545591460238185e-07,3.9279061039117496e-07,97.89919488291807
76589.58435058594,8.722636189980886e-07,4.0092831598893797e-07,97.8993841202567
76818.46618652344,3.1259647537775065e-07,1.4368222602386643e-07,97.90480280218979
77261.92474365234,6.190427764419856e-07,2.845375784090173e-07,97.91510596119808
77266.69311523438,6.34563148204125e-07,2.9167138105604764e-07,97.91524334011947
77595.71075439453,4.120773368657048e-07,1.894077307919171e-07,97.92497219331777
77824.59259033203,1.2399133758760975e-06,5.699152996122519e-07,97.9335254133184
77943.80187988281,9.761926137072431e-07,4.486983661476571e-07,97.93975774876964
77948.57025146484,9.527067078056014e-07,4.37903275652612e-07,97.93996913107331
78072.54791259766,7.526272922891552e-07,3.4593852855104167e-07,97.94461047269202
78434.94415283203,1.554696882965385e-06,7.1460277556518e-07,97.96194336498613
78630.44738769531,1.0335427622026552e-06,4.7505885850017773e-07,97.97384197702783
78635.21575927734,1.0386860344337794e-06,4.774229184350238e-07,97.9740690663797
78654.28924560547,1.0212025832256032e-06,4.6938680355197934e-07,97.97497112908566
79002.38037109375,3.624705050704508e-06,1.6660638599197851e-06,98.0147011476042
79321.86126708984,2.4412902875171914e-06,1.1221176517010765e-06,98.05714312307609
79326.62963867188,2.4405549940003875e-06,1.1217796804902762e-06,98.05767810988968
79488.75427246094,4.098339442002986e-06,1.8837657504512995e-06,98.08190978840736
79736.70959472656,1.9265983364216066e-06,8.855440142004784e-07,98.11720156418465
80022.81188964844,2.5554500006489567e-06,1.1745901617803936e-06,98.15214884053796
80027.58026123047,2.5137169558731092e-06,1.1554079340700481e-06,98.15270435537327
80728.53088378906,7.495341982365229e-07,3.445168150200546e-07,98.20594889478254
80733.2992553711,7.286335055118478e-07,3.349099950695316e-07,98.2061108827572
80981.25457763672,1.038649290185469e-06,4.774060292638186e-07,98.21396542541743
81377.02941894531,3.6116062673932687e-07,1.660043119148192e-07,98.22551037097575
81439.01824951172,3.896522455443554e-07,1.7910023440717282e-07,98.22658835113117
81443.78662109375,3.873194544324559e-07,1.780279874491693e-07,98.22667349713439
81839.56146240234,7.505195897211424e-07,3.4496974156647204e-07,98.23545238745454
82097.05352783203,3.584981635710074e-07,1.647805340898504e-07,98.24183892515379
82159.04235839844,3.7874134678310713e-07,1.7408513556435082e-07,98.24289306713425
82163.81072998047,3.880683480143398e-07,1.7837220981050605e-07,98.24297709951372
82168.5791015625,3.875863606231305e-07,1.781506685368858e-07,98.2430621011918
82564.3539428711,5.233839975207642e-07,2.405688603436048e-07,98.25124413145842
82883.83483886719,4.982854584340075e-07,2.2903253716025998e-07,98.25850281324108
82888.60321044922,5.032771224648263e-07,2.3132691171660968e-07,98.25861257148675
83212.85247802734,3.409659551542101e-07,1.5672200838384015e-07,98.26478185803757
83613.39569091797,8.183917756923049e-07,3.7616659608525005e-07,98.27412039876504
83618.1640625,8.396687331622566e-07,3.8594636282319386e-07,98.2743021006538
83656.31103515625,8.739282663965178e-07,4.016934565538215e-07,98.2757948504285
84347.72491455078,3.6452069905738874e-07,1.6754873966205114e-07,98.29234680394262
84352.49328613281,3.6598226331621773e-07,1.6822053484442389e-07,98.29242685757595
84357.26165771484,3.6858558983139125e-07,1.6941713102585898e-07,98.2925073566685
84371.56677246094,3.536142964949003e-07,1.6253570745752272e-07,98.2927483706542
85000.99182128906,6.563636630808532e-07,3.016917963603773e-07,98.3060164449559
85096.35925292969,5.751855455229607e-07,2.643789871834659e-07,98.30872956924715
85101.12762451172,5.573500030461714e-07,2.5618103663936096e-07,98.30885368042836
85110.66436767578,5.589486681673404e-07,2.5691584902967567e-07,98.30909628590211
85792.54150390625,3.7920839637936416e-07,1.74299810811641e-07,98.3225623027698
85844.9935913086,3.8858523034047534e-07,1.7860979023466726e-07,98.32349856100065
85849.76196289062,3.8907569482639534e-07,1.7883522793046175e-07,98.32358378253397
86264.61029052734,5.399765059409385e-07,2.4819546119458825e-07,98.33232450766968
86588.85955810547,3.75205400961811e-07,1.7245986910512518e-07,98.33917385042533
86603.16467285156,3.7829430195475555e-07,1.7387965533303216e-07,98.33942171445759
86607.9330444336,3.8095282832291624e-07,1.7510162364236412e-07,98.33950491807826
86703.30047607422,3.538251694080879e-07,1.6263263334108655e-07,98.34112928645933
87037.0864868164,7.194111294634128e-07,3.30671010870279e-07,98.34903326395703
87366.10412597656,4.2027722517873607e-07,1.9317673747869973e-07,98.35719041964926
87370.8724975586,4.2109108539540127e-07,1.9355082118345492e-07,98.35728262268428
87862.01477050781,3.843527675958175e-07,1.766643758854471e-07,98.36664758683078
88109.97009277344,6.043571978265136e-07,2.777874811042744e-07,98.37219337818053
88138.58032226562,5.862855128645952e-07,2.694809897396719e-07,98.37297228394944
88143.34869384766,5.926981078660795e-07,2.724284827441575e-07,98.37310148523586
88706.01654052734,3.2918443518737463e-07,1.5130673614593686e-07,98.38406321809643
88915.82489013672,4.242849729150697e-07,1.950188635468285e-07,98.38757222427466
88920.59326171875,4.277892301156976e-07,1.9662956460971776e-07,98.38766560053642
89178.08532714844,3.4796430680194417e-07,1.5993873928916817e-07,98.39264216450138
89378.35693359375,5.672459895172706e-07,2.6072963995662926e-07,98.39676001733673
89697.83782958984,3.968212165159978e-07,1.823953889870871e-07,98.40342728669806
89702.60620117188,3.8856166410796677e-07,1.7859895822275244e-07,98.40351335445739
90322.49450683594,7.781740983774655e-07,3.576808937268895e-07,98.41848180595395
90489.38751220703,5.43997094987556e-07,2.500434896582716e-07,98.42366710746688
90494.15588378906,5.335085089790664e-07,2.4522250316531314e-07,98.42378518808117
90851.7837524414,3.522334431850119e-07,1.6190101035437262e-07,98.43072682995475
91276.16882324219,6.915669176781983e-07,3.178726633318271e-07,98.44019487281338
91285.70556640625,6.841078663814065e-07,3.14444175876701e-07,98.4404957246686
91290.47393798828,6.76485115979044e-07,3.109404455646038e-07,98.44064482798144
91819.76318359375,2.8943463422395037e-07,1.3303608904561792e-07,98.4509711906521
92091.56036376953,4.499512679510716e-07,2.068161507686426e-07,98.45525956820505
92096.32873535156,4.575293670805065e-07,2.1029935751507488e-07,98.45535901629185
92554.09240722656,6.568054402766609e-07,3.01894855370635e-07,98.46636251695793
92902.18353271484,3.4228156387684816e-07,1.573267163851592e-07,98.47439778820693
92906.95190429688,3.355103021007017e-07,1.5421436534597567e-07,98.47447206538897
92949.86724853516,3.179492554244061e-07,1.4614258438712112e-07,98.47512606937381
93393.32580566406,4.1544151264138007e-07,1.9095404465742206e-07,98.48244659630959
93722.34344482422,4.073253685210716e-07,1.872235302537416e-07,98.48825285848342
93727.11181640625,3.9780649586970556e-07,1.8284826399351517e-07,98.48834109047478
94127.65502929688,2.3525875626896265e-07,1.0813462228415361e-07,98.49387644498981
94552.04010009766,6.013630325165618e-07,2.764112393014919e-07,98.49977237121709
94556.80847167969,6.06640875412892e-07,2.7883715346137675e-07,98.49990475274993
94671.24938964844,8.219217785477946e-07,3.7778913091240845e-07,98.50384981577851
94952.58331298828,2.2339597081616015e-07,1.0268199707895106e-07,98.51008655756537
95381.7367553711,3.0639585262357356e-07,1.4083216420222307e-07,98.51599221863106
95386.50512695312,2.89288616923895e-07,1.3296897347534606e-07,98.51605749790924
95744.13299560547,9.857518683186977e-07,4.5309219362137676e-07,98.52510677325202
96068.3822631836,1.8443346407716214e-07,8.477322285824343e-08,98.53235344221716
96225.73852539062,2.2020179206285259e-07,1.0121382085259162e-07,98.53382451830576
96230.50689697266,2.246975133966836e-07,1.0328023970151573e-07,98.53387327348912
96411.70501708984,1.7525923573695342e-07,8.055636933045009e-08,98.5355669989703
96697.80731201172,6.084574650507584e-07,2.796721329429116e-07,98.54039600419789
97074.50866699219,2.145342755691617e-07,9.860879664412466e-08,98.5467054763337
97079.27703857422,2.1127893902593e-07,9.711250977645237e-08,98.54675213992948
97432.13653564453,6.806147751595613e-07,3.128386071579474e-07,98.55351004824696
97913.74206542969,1.718258506667768e-07,7.897824402022723e-08,98.56030979797649
97928.04718017578,1.7502144821945898e-07,8.04470723852654e-08,98.5604238840258
97932.81555175781,1.7451944340087837e-07,8.021633027686124e-08,98.56046218916599
98080.63507080078,1.6197835664103768e-07,7.445192982981575e-08,98.56160888766554
98786.3540649414,2.64502925464328e-07,1.215764479577509e-07,98.56869773700697
98791.12243652344,2.640936201932292e-07,1.2138831438265635e-07,98.56875566432038
98795.89080810547,2.703167122188227e-07,1.2424870400767732e-07,98.56881422874926
99039.07775878906,6.329011324002108e-07,2.909074500804835e-07,98.57407709371667
99663.73443603516,5.326924288468606e-07,2.448473990958655e-07,98.58605893859385
99668.50280761719,5.425254649789843e-07,2.4936706784238397e-07,98.58617676850486
99864.00604248047,9.548725509836144e-07,4.3889878645822633e-07,98.59299694739165
100545.88317871094,2.5154072469308383e-07,1.156184861517836e-07,98.60931432851139
100550.65155029297,2.4913530791002815e-07,1.1451285744152078e-07,98.60936919609932
100851.05895996094,4.166542154699823e-07,1.915114528678264e-07,98.61355445789583
101423.26354980469,1.686305822038666e-07,7.750956691841409e-08,98.62069644902293
101428.03192138672,1.692265345305273e-07,7.778349117426259e-08,98.62073347377319
101432.80029296875,1.6819357841705238e-07,7.730870196370068e-08,98.62077045063351
101466.17889404297,1.5688083669189158e-07,7.210889952978024e-08,98.62102120416183
101985.93139648438,9.279733093784704e-07,4.265347861683626e-07,98.63266828682349
102324.4857788086,7.609219465115827e-07,3.4975109355624983e-07,98.645465278812
102329.25415039062,7.732730547955732e-07,3.554281720644482e-07,98.64563340665052
102334.02252197266,7.542326010994082e-07,3.466763946547274e-07,98.6458008014237
103225.7080078125,2.440428778811642e-06,1.1217216667866507e-06,98.70091769438385
103230.47637939453,2.4868125535695667e-06,1.1430415617104645e-06,98.7014576560148
103235.24475097656,2.4725208161675153e-06,1.1364724900624437e-06,98.70200113451605
103859.90142822266,6.023448725531765e-06,2.7686253345600754e-06,98.8257774827056
104136.46697998047,5.243625016649676e-06,2.41018621184455e-06,98.89695024519642
104141.2353515625,5.264779873913481e-06,2.4199098562945e-06,98.89810182983791
104427.33764648438,5.457212827235019e-06,2.5083599741666646e-06,98.9669449949828
104804.03900146484,4.384284379863309e-06,2.0151978311949447e-06,99.05122453928335
105056.7626953125,5.240861352415981e-06,2.408915917838196e-06,99.10753458780268
105061.53106689453,5.136931822757988e-06,2.361145621794939e-06,99.10867185909717
105066.29943847656,5.20325236120213e-06,2.3916292751478455e-06,99.1098050089349
105981.82678222656,7.031045223232339e-07,3.2317582203308484e-07,99.21426181679306
105986.5951538086,7.022413347227316e-07,3.2277906542933075e-07,99.21441582443947
106916.42761230469,1.6116323507294275e-07,7.407726635594768e-08,99.22928726419894
106921.19598388672,1.6682580676367559e-07,7.668001772913905e-08,99.2293232075364
107107.16247558594,1.3154992138577807e-07,6.046576665694084e-08,99.23061201841405
107340.81268310547,3.028508340459136e-07,1.3920272753017287e-07,99.23283903749538
107860.56518554688,2.1389109797872569e-07,9.831316571031187e-08,99.23787330705588
107865.3335571289,2.2207808752717148e-07,1.0207624359317447e-07,99.23792108361411
107870.10192871094,2.2192189612825938e-07,1.020044515876685e-07,99.23796974024349
108428.0014038086,5.587074108128139e-07,2.5680495720435644e-07,99.24775374665003
108809.4711303711,2.816660478566649e-07,1.2946532651235077e-07,99.25441492822162
108814.23950195312,2.7925415346708784e-07,1.2835672042710898e-07,99.2544763977877
108885.7650756836,2.85912883169695e-07,1.3141734708646486e-07,99.25540224124721
109462.73803710938,1.3577109303154838e-07,6.240599115166742e-08,99.26144818352215
109772.6821899414,1.4485788385782937e-07,6.658265479368566e-08,99.26347683484576
109777.45056152344,1.4248130537176934e-07,6.549028135350246e-08,99.26350832348754
110020.63751220703,1.234651828480193e-07,5.674968755361004e-08,99.26510019460879
110616.68395996094,4.969917151900277e-07,2.2843787943427721e-07,99.27312568357357
110740.66162109375,3.593736083868762e-07,1.651829246150573e-07,99.27560822618074
110745.42999267578,3.5403355834795673e-07,1.6272841748811804e-07,99.27568640633699
111160.2783203125,1.1802180756597205e-07,5.424768788562688e-08,99.27918856566022
111713.40942382812,1.3649380427711573e-07,6.27381790319374e-08,99.28513690311729
111718.17779541016,1.3759404213996044e-07,6.324389370801694e-08,99.28516693958407
112304.6875,1.1495772283902227e-07,5.2839308236554186e-08,99.28906243034105
112519.2642211914,1.711121995539706e-07,7.865022055045364e-08,99.2905025931167
112700.4623413086,1.2805128019533201e-07,5.885764694383592e-08,99.29174242285167
112705.23071289062,1.2800012347741755e-07,5.8834133207485745e-08,99.29177048275865
112709.99908447266,1.2586867133894955e-07,5.785442994132342e-08,99.29179830348008
113115.31066894531,2.1753241260713175e-07,9.9986864016828e-08,99.29494552569982
113692.2836303711,2.0028997063104344e-07,9.20615269118017e-08,99.30012166148578
113697.05200195312,2.0075820085418703e-07,9.227674482387709e-08,99.3001656111546
113902.09197998047,1.5252352847874194e-07,7.010610105682607e-08,99.3018069364716
114698.41003417969,4.5470040482648906e-07,2.0899904984684691e-07,99.3117306756302
114703.17840576172,4.560412085421494e-07,2.096153385055541e-07,99.31183048107786
114860.53466796875,5.101271034340725e-07,2.3447544534192662e-07,99.3152825882251
115303.99322509766,1.5540670175588456e-07,7.143132634598447e-08,99.3216579275235
115709.30480957031,2.419127333214289e-07,1.1119306442958966e-07,99.32588749414602
115714.07318115234,2.3534111182211032e-07,1.0817247629126418e-07,99.32593979496653
115909.57641601562,1.4492056810442415e-07,6.661146705740835e-08,99.32754658611788
116720.19958496094,8.452514508517106e-07,3.885124100056333e-07,99.34191168992615
116729.736328125,8.43584078092983e-07,3.87746016752811e-07,99.34228031402144
116734.50469970703,8.697581125770911e-07,3.997766819551537e-07,99.34246807406429
116772.65167236328,8.722281018469265e-07,4.009119908421658e-07,99.34397858523262
117754.93621826172,3.72386263230561e-07,1.7116407719255036e-07,99.36845662123652
117759.70458984375,3.772773127327926e-07,1.7341220516400087e-07,99.36853877462414
117764.47296142578,3.633645722777156e-07,1.670173361359285e-07,99.36861993935167
118002.89154052734,1.4447820436153296e-07,6.640813844593233e-08,99.37103453800759
118470.1919555664,5.454533112235775e-07,2.5071282666890433e-07,99.37766168171756
118794.44122314453,1.7880704678931057e-07,8.218708953898329e-08,99.38288328974605
118799.20959472656,1.7986622337763817e-07,8.267393076065532e-08,99.38292259567628
119013.78631591797,6.144454700325059e-07,2.824244668717564e-07,99.38701333196416
119237.89978027344,1.4247527409209945e-07,6.548750912874307e-08,99.3908483038359
119843.4829711914,1.508037251455743e-07,6.931560855068318e-08,99.39639107244555
119848.25134277344,1.5172934207830768e-07,6.974106024901022e-08,99.39642422613895
120172.50061035156,3.8465601488174266e-07,1.7680376083860362e-07,99.40026862733103
120606.4224243164,1.0761848826308277e-07,4.9465893485450533e-08,99.40486166911413
120902.06146240234,1.333081703321234e-07,6.127393035171612e-08,99.40656662775208
120906.82983398438,1.3445086357680926e-07,6.179915927139762e-08,99.40659597066322
120925.9033203125,1.319351081281835e-07,6.064281436202713e-08,99.40671419195482
121302.60467529297,4.5908566509049956e-07,2.1101469623462407e-07,99.41156223541479
121965.40832519531,2.0827507543791215e-07,9.573181024528563e-08,99.4216660525607
121970.17669677734,2.0309412509121024e-07,9.335043189534202e-08,99.42171113328021
122179.98504638672,3.263555490699571e-07,1.5000646347322877e-07,99.42410805814013
122790.33660888672,1.6287134311306964e-07,7.486238322330237e-08,99.42997564229714
123043.06030273438,2.7904241928745416e-07,1.2825939866998315e-07,99.43231446087023
123047.8286743164,2.84615420190016e-07,1.308209796166188e-07,99.43237623044588
123252.86865234375,4.377017746225268e-07,2.0118577868276753e-07,99.43594033119315
123720.16906738281,1.3260094422391718e-07,6.094886007891005e-08,99.44136117556724
124130.2490234375,1.7459679277168778e-07,8.025188323620288e-08,99.44432721129786
124135.01739501953,1.763616933952064e-07,8.106310431600432e-08,99.44436567178798
124263.76342773438,1.463209846587758e-07,6.725515623415535e-08,99.44531268665156
124583.24432373047,3.6036230811768293e-07,1.656373717677958e-07,99.44890414214986
125222.20611572266,2.1760729120206868e-07,1.000212813057276e-07,99.45682310776871
125226.97448730469,2.1226336256507883e-07,9.756499141523053e-08,99.45687021600709
125427.24609375,1.2413017580362586e-07,5.705534572853437e-08,99.45829337895255
126156.80694580078,2.3548954018828698e-07,1.0824070008691502e-07,99.46339028472045
126328.4683227539,2.2692889679842485e-07,1.0430587549567322e-07,99.46518957079984
126333.23669433594,2.2468667511681714e-07,1.0327525798131047e-07,99.46523906199873
126485.82458496094,2.730174196840826e-07,1.2549006048803717e-07,99.46698457453283
126991.27197265625,1.2970778270140524e-07,5.961904378044162e-08,99.47091205553964
127439.49890136719,1.676534744562306e-07,7.706044791898887e-08,99.47396230311446
127444.26727294922,1.7028425215777387e-07,7.826966179728006e-08,99.47399933669851
127997.39837646484,1.5436872545154935e-07,7.095422964875943e-08,99.47930152648769
128374.09973144531,2.5644294975157216e-06,1.1787175086957165e-06,99.48321198718804
128564.83459472656,2.386448990267379e-07,1.0969103308016084e-07,99.48544017231016
128569.6029663086,2.4514375401593284e-07,1.1267817473083188e-07,99.48549318926074
128660.20202636719,2.7236603545667497e-07,1.251906574455759e-07,99.48657976028946
129466.05682373047,1.8235808938837978e-07,8.38192950995971e-08,99.4941120180423
129699.70703125,2.008741574231068e-07,9.233004324294707e-08,99.49628130538622
129704.47540283203,2.018043239197928e-07,9.275758610841015e-08,99.49632543371581
129756.92749023438,1.9264720839744893e-07,8.854859833713692e-08,99.49680434098559
130825.04272460938,3.033125270467691e-07,1.3941494066540545e-07,99.50892897579114
130844.1162109375,2.9718200535996453e-07,1.365971001840525e-07,99.50919303701862
130848.88458251953,3.0689752532110675e-07,1.4106275365410304e-07,99.50925923628645
131263.73291015625,2.1558500240797783e-07,9.909175401260326e-08,99.51395487748886
131859.77935791016,3.236298127193419e-07,1.4875360268541183e-07,99.52092049420379
131998.06213378906,2.6245559526176944e-07,1.2063541060103078e-07,99.52281694980908
132002.8305053711,2.5824447919413514e-07,1.1869980806452941e-07,99.52287401177186
132617.95043945312,3.664425205299364e-07,1.6843208803270191e-07,99.5309740176817
132932.6629638672,2.2513835966859491e-07,1.0348287082077578e-07,99.53513324048696
133161.5447998047,2.4161571635261276e-07,1.1105654318700434e-07,99.53770622684408
133166.31317138672,2.42078367117362e-07,1.1126919655000366e-07,99.53775923343105
133223.5336303711,2.3198603935844045e-07,1.0663034668321621e-07,99.53838852887709
134186.7446899414,3.679821195905445e-07,1.69139751226745e-07,99.55070309156598
134334.56420898438,2.7655274976124714e-07,1.271150439258776e-07,99.55291875414667
134339.3325805664,2.736189487392967e-07,1.2576654803821428e-07,99.55297904581651
134358.40606689453,2.7495507894361673e-07,1.2638068855845666e-07,99.5532169641659
135107.04040527344,2.2022130934180864e-07,1.0122279179854661e-07,99.56136990639962
135517.12036132812,2.5913732662013613e-07,1.1911019754672839e-07,99.56602430405333
135521.88873291016,2.6508093725722654e-07,1.2184212600473258e-07,99.56608175156394
135574.3408203125,2.688630222463518e-07,1.2358052817191082e-07,99.56671917539114
136356.35375976562,2.247493238272867e-07,1.0330405391116512e-07,99.57556298835632
136713.98162841797,2.5527604586584136e-07,1.17335393741248e-07,99.57960085359859
136718.75,2.557443738707163e-07,1.1755065659783791e-07,99.57965685479697
137157.44018554688,2.7775153718519944e-07,1.2766605604268005e-07,99.58471144339697
137453.0792236328,2.1940683932235993e-07,1.0084842780329466e-07,99.5880230560592
137920.37963867188,2.4848209542029673e-07,1.1421261405433036e-07,99.59309628813232
137925.1480102539,2.5175144017110637e-07,1.1571533967165575e-07,99.59315110722834
138144.49310302734,2.3263998932813067e-07,1.069309290465963e-07,99.59560051720032
138902.6641845703,3.2007462382579314e-07,1.471194913169355e-07,99.60466790200667
139136.31439208984,2.494172362717964e-07,1.1464244333832008e-07,99.60778781661705
139141.08276367188,2.443735300655723e-07,1.1232414805285683e-07,99.60784192966929
139193.53485107422,2.3424607127559033e-07,1.0766915051601271e-07,99.60841933745098
140213.9663696289,2.972351082186235e-07,1.3662150844691322e-07,99.62099869696729
140361.78588867188,2.7070803511816283e-07,1.244285721434372e-07,99.62294064586146
140366.5542602539,2.7365583685803655e-07,1.257835033381996e-07,99.62300030106897
140423.77471923828,2.545810756582152e-07,1.1701595678556471e-07,99.62369955783296
140652.65655517578,3.3094578600291204e-07,1.5211632558765896e-07,99.6268053566621
141601.5625,2.758553937411678e-07,1.2679451035244216e-07,99.63914915388598
141606.33087158203,2.756184138826647e-07,1.2668558464062343e-07,99.63920958825004
142183.3038330078,2.9322786723280783e-07,1.347796153022119e-07,99.6466476605493
142822.265625,2.4615425399324887e-07,1.1314264217552198e-07,99.65461154362201
142850.8758544922,2.464842573953359e-07,1.1329432534261469e-07,99.65493751774707
142855.64422607422,2.474642680259058e-07,1.1374477862669979e-07,99.65499164808763
143508.9111328125,2.6949403199369053e-07,1.2387056626344985e-07,99.66242432736185
143785.4766845703,2.1924068436908501e-07,1.0077205613748307e-07,99.66552445638894
144109.72595214844,2.2475003072418228e-07,1.0330437883011823e-07,99.66892792949842
144114.49432373047,2.2564380188411626e-07,1.0371519289851124e-07,99.66897728681057
144119.2626953125,2.264320095204017e-07,1.0407748561986598e-07,99.66902682844574
145063.4002685547,1.8548330092189422e-07,8.52557711487534e-08,99.67803909318137
145378.11279296875,2.0508784801579438e-07,9.426682913729075e-08,99.68085941448581
145382.88116455078,2.0651274123491332e-07,9.492176879814878e-08,99.6809045205625
145735.7406616211,2.476060517396502e-07,1.1380994826618502e-07,99.68454048079656
146160.12573242188,1.6932964931749256e-07,7.783088698097871e-08,99.68849044313166
146660.80474853516,1.8062770410838388e-07,8.302393869447995e-08,99.69264403552441
146665.5731201172,1.829486798876066e-07,8.409075483853021e-08,99.6926838787722
146770.47729492188,1.9478875044738716e-07,8.953293934254015e-08,99.69358354768079
147905.3497314453,1.5247419516446117e-07,7.008342543195079e-08,99.70242621787476
147957.80181884766,1.5988665345774292e-07,7.349049682199372e-08,99.70280424986792
147962.5701904297,1.5754344694099407e-07,7.24134625145747e-08,99.70283903608261
148077.01110839844,1.8496917851574066e-07,8.50194592975861e-08,99.70374051581257
149183.2733154297,1.3570163850841873e-07,6.237406698976306e-08,99.71142424775343
149259.5672607422,1.4020444533314412e-07,6.444374262238233e-08,99.71191514278036
149264.33563232422,1.399108180393542e-07,6.430877941416919e-08,99.71194583977372
149927.13928222656,2.072750221844283e-07,9.52721445455066e-08,99.71688658525358
150203.70483398438,1.3528724108815198e-07,6.218359285300088e-08,99.71904802305345
150575.6378173828,1.5011126233779034e-07,6.89973240993281e-08,99.72155785660745
150580.40618896484,1.5431059726906285e-07,7.092751153991227e-08,99.72159121728794
151405.33447265625,1.349316649908834e-07,6.202015542103787e-08,99.72711119334545
151848.79302978516,1.741503649287089e-07,8.004668659679506e-08,99.73025045547612
151906.01348876953,1.629673821543113e-07,7.490652672560554e-08,99.73069420869683
151910.78186035156,1.6649000734801604e-07,7.652567047528351e-08,99.73073031294614
152397.15576171875,1.302656308056042e-07,5.987545376490368e-08,99.73387422048597
152859.68780517578,1.7554667525683486e-07,8.068848838270072e-08,99.73711909419448
153245.9259033203,1.4825247304080527e-07,6.814294791489605e-08,99.73985068223513
153250.69427490234,1.4819183453499796e-07,6.811507595796939e-08,99.73988316867958
153284.07287597656,1.4607818560112645e-07,6.714355577852833e-08,99.74011098549983
154561.99645996094,1.9925193905010256e-07,9.158440480717009e-08,99.74993924731719
154595.37506103516,1.9047005708769232e-07,8.75478898480262e-08,99.75023238318231
154600.1434326172,1.9233802028696646e-07,8.840648273611951e-08,99.7502743339738
155167.5796508789,2.06172111330134e-07,9.476520125237e-08,99.75516319253308
155620.57495117188,1.373239968745365e-07,6.311976977214586e-08,99.75886920239876
155959.1293334961,1.5327831181629422e-07,7.045303059265714e-08,99.76120378999543
155963.89770507812,1.5486727557305707e-07,7.11833838359784e-08,99.7612375587481
156335.83068847656,1.9129351442570288e-07,8.792638478536697e-08,99.76409247515753
157060.6231689453,1.2094100258446142e-07,5.558947025200665e-08,99.76878859040463
157332.4203491211,1.6046050902131994e-07,7.375426449464993e-08,99.7704998484347
157337.18872070312,1.6153288535091193e-07,7.424717286153054e-08,99.77053513472708
157680.51147460938,1.2089439665777842e-07,5.556804824690046e-08,99.77277446205964
158410.07232666016,2.1739641961437463e-07,9.992435603141524e-08,99.77835593145421
158720.0164794922,2.074401551543628e-07,9.534804646564645e-08,99.78118502063998
158724.78485107422,2.0454976214565864e-07,9.401950269024855e-08,99.78123016938197
159025.1922607422,2.103911592046307e-07,9.670444957427254e-08,99.78393307963806
159707.06939697266,1.518492848938198e-07,6.979619091133623e-08,99.78947295561407
160121.91772460938,1.6013548003869166e-07,7.360486777579741e-08,99.79277327770491
160126.6860961914,1.5938498756078759e-07,7.325991049593967e-08,99.79280829299665
160260.20050048828,1.4337501648839015e-07,6.590106782351362e-08,99.79373404300125
161194.8013305664,1.8169198928249303e-07,8.351312803276473e-08,99.80060179539566
161533.35571289062,1.803288204708619e-07,8.288655945400906e-08,99.80336139216294
161538.12408447266,1.774304107958239e-07,8.155433088829884e-08,99.80340059792638
161542.8924560547,1.7652429942204086e-07,8.113784474892903e-08,99.80343938676374
162944.79370117188,3.747114713050794e-07,1.722328386739834e-07,99.81931686548337
162959.09881591797,3.709720292945206e-07,1.705140369775952e-07,99.81955947958863
162963.8671875,3.808895038584642e-07,1.7507251710812298e-07,99.8196418738438
163536.07177734375,4.904926402512763e-07,2.2545063668572323e-07,99.83118348079462
164394.37866210938,3.166533209124515e-07,1.4554691946404808e-07,99.84760094598592
164399.1470336914,3.220241690963065e-07,1.4801558268796954e-07,99.84767093674056
164403.91540527344,3.23684991015554e-07,1.4877896490492623e-07,99.84774169807487
165815.3533935547,1.153610530103094e-07,5.302469540946806e-08,99.8602826635404
165843.96362304688,1.1680129524932312e-07,5.3686690112591375e-08,99.8604358646706
165848.7319946289,1.1720119140078004e-07,5.387049886843315e-08,99.86046150830276
165867.80548095703,1.1796838609656725e-07,5.422313317613352e-08,99.86056286128694
167126.65557861328,7.899150447296718e-08,3.630775166589722e-08,99.86587656663136
167307.85369873047,8.129053424737882e-08,3.736448052147191e-08,99.86655764141352
167312.6220703125,7.985502620363278e-08,3.6704661849647954e-08,99.8665753008732
167317.39044189453,7.91275674742471e-08,3.6370291830112965e-08,99.86659272329983
168519.0200805664,1.309913714255639e-07,6.02090340705221e-08,99.87195343095435
168781.28051757812,1.2278451007339812e-07,5.643682228750867e-08,99.8734811382888
168786.04888916016,1.2443137515803763e-07,5.7193789367946935e-08,99.87350822993778
168828.96423339844,1.2576290492594845e-07,5.7805815337975145e-08,99.87375001826801
169858.9324951172,8.170862821772089e-08,3.7556653745028934e-08,99.87839848304348
170269.01245117188,9.10246942033159e-08,4.1838701701513305e-08,99.88013569426238
170273.7808227539,9.058972291363065e-08,4.1638770966264534e-08,99.88015559684278
170283.31756591797,9.154801858110021e-08,4.207924315816838e-08,99.88019527966316
171508.7890625,7.735518481295318e-08,3.555563169732332e-08,99.88480770671228
171771.04949951172,8.128640285376705e-08,3.7362581562662464e-08,99.88577910520073
171775.81787109375,8.118312395134486e-08,3.7315110321717125e-08,99.8857969097499
171790.12298583984,8.441542563573347e-08,3.8800809418715656e-08,99.88585042423821
173254.01306152344,7.438361077788649e-08,3.418977377574198e-08,99.89120540210232
173287.39166259766,7.485043453769688e-08,3.4404345219291797e-08,99.89132093710055
173292.1600341797,7.29901555259725e-08,3.3549284300556105e-08,99.89133713850833
173826.2176513672,7.808281130279538e-08,3.589007882647959e-08,99.89317690867254
174803.7338256836,6.404717557885987e-08,2.9438722066816348e-08,99.89630700652181
174818.0389404297,6.578594441400018e-08,3.0237931899467156e-08,99.89634991263245
174822.80731201172,6.548281505861175e-08,3.009860115204668e-08,99.89636429798293
175476.07421875,6.879891131118848e-08,3.162281568678785e-08,99.89827048681862
176272.39227294922,5.373590191937721e-08,2.4699235638681213e-08,99.900416424779
176358.22296142578,5.4867776635119174e-08,2.5219491916495638e-08,99.90063190999257
176362.9913330078,5.5520329184592116e-08,2.5519431967939016e-08,99.90064400709468
176539.42108154297,6.057370357736898e-08,2.7842171150486637e-08,99.90111152271385
177831.64978027344,4.540282640859572e-08,2.0869010625532293e-08,99.9041445156914
177912.71209716797,4.7014966069359535e-08,2.161001646969605e-08,99.90431757105635
177917.48046875,4.748950125180912e-08,2.182813240097328e-08,99.9043279275181
177993.7744140625,4.9421292020205055e-08,2.2716063070953058e-08,99.90449581456113
179357.52868652344,3.973264418570947e-08,1.8262761138039705e-08,99.90729896240485
179481.50634765625,4.0038619118362584e-08,1.8403399830072222e-08,99.90753013189534
179486.27471923828,4.040305824358642e-08,1.8570911075037712e-08,99.90753894725802
179915.4281616211,4.981048511021866e-08,2.289495225855086e-08,99.90834680156937
180568.69506835938,3.606823387506636e-08,1.657844710391069e-08,99.90954363532761
181064.60571289062,3.7205946255857656e-08,1.7101386613223666e-08,99.9104023951514
181069.37408447266,3.757461362632952e-08,1.7270841334003073e-08,99.91041059012915
181627.2735595703,4.009616666553237e-08,1.842985105499271e-08,99.91136636765874
182609.55810546875,3.324868023254593e-08,1.5282464021371204e-08,99.9129711165836
182662.0101928711,3.36426852050871e-08,1.5463564948535455e-08,99.91305292230284
182666.77856445312,3.4124200656281345e-08,1.5684889299070342e-08,99.91306034867303
183095.93200683594,3.2399273979551135e-08,1.4892041893030182e-08,99.91372751906339
183601.37939453125,3.733378664667424e-08,1.716014732671569e-08,99.91452308074034
184273.71978759766,3.3153086146325153e-08,1.5238525038737698e-08,99.91557447002933
184278.4881591797,3.377291132103976e-08,1.5523422239645055e-08,99.9155818042491
185365.6768798828,4.080951166975732e-08,1.8757733824643864e-08,99.91739056894058
185770.98846435547,3.244483352201079e-08,1.4912982936812974e-08,99.91806416515229
185894.96612548828,3.4041213304030544e-08,1.5646744891047786e-08,99.91825280252266
185899.7344970703,3.471597181175424e-08,1.59568917162835e-08,99.9182603374168
186095.2377319336,3.939980058253753e-08,1.8109772497448806e-08,99.9185883425366
187435.15014648438,2.3790592031429902e-08,1.0935136800153462e-08,99.9204204220132
187535.28594970703,2.4662171050011053e-08,1.1335750445569983e-08,99.92053196796921
187540.05432128906,2.4113698619079986e-08,1.1083649907028512e-08,99.92053731317078
188450.81329345703,2.854907283807875e-08,1.3122330734329897e-08,99.92159558403515
189185.14251708984,2.0105098613127272e-08,9.241132100650312e-09,99.9223738072621
189189.91088867188,2.053503999524781e-08,9.43875088303807e-09,99.92237826089327
189194.6792602539,2.0303126588557327e-08,9.332153921323133e-09,99.9223827362257
189213.75274658203,1.9896211395866366e-08,9.145118924789294e-09,99.92240069985519
190029.14428710938,2.907986091290681e-08,1.3366302813816903e-08,99.92323846117375
190858.8409423828,2.704746440438022e-08,1.2432129598474823e-08,99.92422255919806
190863.60931396484,2.6948037084895557e-08,1.238642870381861e-08,99.92422847640344
192456.24542236328,1.7331986043813095e-08,7.966495249763463e-09,99.92573337902935
192542.07611083984,1.818290479573176e-08,8.357612584958553e-09,99.92580383693296
192546.84448242188,1.8237412489934043e-08,8.382666568145497e-09,99.92580782812655
192561.14959716797,2.4867583071202695e-07,1.1430166278062051e-07,99.92586836314096
194153.7857055664,1.7321791248739474e-08,7.961809301694902e-09,99.927252721777
194239.61639404297,1.769759786568379e-08,8.134545514449082e-09,99.92732359749272
194244.384765625,1.7599410950252008e-08,8.089414760627858e-09,99.92732746558627
194268.22662353516,1.751518063528836e-08,8.050699035704716e-09,99.92734694715082
195813.17901611328,3.47681120444549e-08,1.5980857516572132e-08,99.92891711497012
195951.4617919922,3.251052255372471e-08,1.4943176323640523e-08,99.92913142469735
195956.23016357422,3.217390561067747e-08,1.478845330049725e-08,99.92913851327023
196857.45239257812,3.991325499599898e-08,1.8345777311638628e-08,99.93046574702372
197219.8486328125,2.075534944034211e-08,9.540014185661619e-09,99.93097196851853
197682.38067626953,3.531227654498612e-08,1.623097795271911e-08,99.93163455524947
197687.14904785156,3.4711699662387276e-08,1.5954928060326695e-08,99.93164222896745
198292.73223876953,4.522078510675366e-08,2.078533693904769e-08,99.93246215167348
199155.8074951172,1.8381886436031702e-08,8.449072749317818e-09,99.93361428973296
199422.83630371094,2.396607247900631e-08,1.1015794847564182e-08,99.93387537203375
199427.60467529297,2.354928954152126e-08,1.0824224228752016e-08,99.93388057910006
200700.7598876953,1.5821382794733092e-08,7.272159725972241e-09,99.93496246849644
201182.36541748047,1.811909117765006e-08,8.328281215545206e-09,99.93537704907808
201187.1337890625,1.8144527352909838e-08,8.339972730231804e-09,99.93538102309951
201921.4630126953,1.56731872629341e-08,7.2040429505993296e-09,99.93593809701845
202941.89453125,2.037086780007863e-08,9.36329057458569e-09,99.93676415704512
202956.1996459961,1.9835134499605564e-08,9.11704546553875e-09,99.93677730678559
202960.96801757812,2.047887836238331e-08,9.412936681462844e-09,99.93678172467762
203275.6805419922,2.3335254952965427e-08,1.0725845108857456e-08,99.93709067491305
204696.6552734375,1.419298985177677e-08,6.523683203315414e-09,99.93819809451514
204744.3389892578,1.4277302923269957e-08,6.562436966550944e-09,99.93822976774076
204749.10736083984,1.4388340952146001e-08,6.6134746218633805e-09,99.93823290912289
204925.537109375,1.523538511998978e-08,7.002811038498456e-09,99.93835243505147
205798.14910888672,1.2910388968520763e-08,5.934146965634862e-09,99.93890530716078
206551.55181884766,1.3480633256409887e-08,6.196254747119898e-09,99.93937728319075
206556.3201904297,1.3421877476949406e-08,6.169248168832515e-09,99.9393802313564
206637.38250732422,1.3179936657044568e-08,6.058042194651397e-09,99.93943040299823
207414.6270751953,2.8347466090729317e-08,1.3029663962557782e-08,99.94000960033542
208373.0697631836,1.6299774111551378e-08,7.492048095563988e-09,99.94073853922099
208377.83813476562,1.6282075402162605e-08,7.483913039147707e-09,99.94074210976837
208611.48834228516,1.7614840046028304e-08,8.09650660906919e-09,99.94091982674679
209984.77935791016,1.1926849804633841e-08,5.482071822183057e-09,99.94175246816204
210208.89282226562,1.209317581134982e-08,5.558522111207376e-09,99.94187810771908
210213.66119384766,1.2060680844525664e-08,5.543586084938288e-09,99.94188075466795
210571.2890625,1.3411738754419082e-08,6.164587994016292e-09,99.94208765879765
210843.08624267578,1.1537319821147123e-08,5.303027784457495e-09,99.94224134198375
212063.78936767578,1.2725539060273266e-08,5.8491823278691535e-09,99.94294373830938
212068.5577392578,1.2829143495932088e-08,5.896803197309275e-09,99.94294653877056
212583.5418701172,1.4345568217956177e-08,6.5938145100400004e-09,99.94324689719207
213737.48779296875,1.0581726668493174e-08,4.863797779766738e-09,99.94389851630847
213932.99102783203,1.0863290456377488e-08,4.993216103380407e-09,99.94399709693847
213937.75939941406,1.1213349285186687e-08,5.154117571325087e-09,99.94399951625135
213942.5277709961,1.1238419865815377e-08,5.165641043648593e-09,99.94400197667353
214715.00396728516,9.802748447294099e-09,4.505747278043258e-09,99.9443751690487
215821.2661743164,1.0545850968055642e-08,4.847307828967385e-09,99.94490040505265
215826.03454589844,1.0619867140252828e-08,4.881328712824781e-09,99.94490272454036
215830.80291748047,1.0498915534472972e-08,4.8257343689070825e-09,99.94490503888454
216703.4149169922,1.5696954710981744e-08,7.214967449470488e-09,99.94541310066727
217723.84643554688,1.3068352770265774e-08,6.006753640545348e-09,99.9460600164295
217728.6148071289,1.3545705842873932e-08,6.226164790299323e-09,99.94606293298453
218038.55895996094,1.624075497991213e-08,7.464920469759265e-09,99.94627795662727
219635.9634399414,9.131309131667941e-09,4.197126090320249e-09,99.9471576484712
219645.50018310547,9.258363778112413e-09,4.255525643308672e-09,99.94716169745055
219650.2685546875,9.076614584351293e-09,4.1719862217394304e-09,99.94716370672597
219774.2462158203,9.592284633283507e-09,4.4090094333251685e-09,99.9472164172259
221457.48138427734,7.628628235255467e-09,3.506432006392485e-09,99.94787199159077
221581.45904541016,7.703090972213013e-09,3.5406581498221606e-09,99.94791630942821
221586.2274169922,7.799955727240442e-09,3.5851811842190737e-09,99.94791800836069
223050.11749267578,8.133352370710839e-09,3.738424024928728e-09,99.94843958653018
223526.9546508789,7.139206822272829e-09,3.281473749917861e-09,99.94860393737696
223536.49139404297,7.159676528371638e-09,3.2908824706488836e-09,99.94860707937254
223541.259765625,7.221376996906635e-09,3.3192425494217195e-09,99.94860865534916
225186.34796142578,7.514729877565364e-09,3.4540796260478236e-09,99.94914920073884
225467.68188476562,6.647228314879143e-09,3.055340147442651e-09,99.94924091973222
225505.82885742188,6.763316077289909e-09,3.1086988684491893e-09,99.94925288450976
225510.5972290039,6.7484375503760065e-09,3.1018600841527186e-09,99.9492543652224
226716.9952392578,7.652725958750319e-09,3.517508313473887e-09,99.94963016629538
227479.9346923828,6.257880442913154e-09,2.876379815679069e-09,99.949862549365
227494.2398071289,6.4173591326701956e-09,2.9496827955670255e-09,99.94986670675206
227499.00817871094,6.361455025360172e-09,2.9239869633524282e-09,99.94986810714406
227708.8165283203,7.138566009538528e-09,3.2811792059694128e-09,99.94993180167998
229439.73541259766,5.938757092245924e-09,2.7296975687194606e-09,99.95044436253308
229501.72424316406,6.052995293883138e-09,2.7822061553513574e-09,99.95046151110148
229506.4926147461,5.999296254348865e-09,2.7575238631844212e-09,99.95046283187604
229983.32977294922,6.372327904751377e-09,2.928984586925533e-09,99.95059817691796
230283.7371826172,5.5273783359444555e-09,2.5406109343519517e-09,99.95067985154424
231528.28216552734,6.180100649977364e-09,2.840629016585174e-09,99.95101550189405
231533.05053710938,6.258709042941479e-09,2.876760674408872e-09,99.95101686502596
231895.44677734375,5.574743148717733e-09,2.562381754788248e-09,99.95111796002489
233473.7777709961,8.884340074506637e-09,4.0836089310206426e-09,99.95160554131957
233569.14520263672,8.380998554197395e-09,3.852252419400113e-09,99.95164357124509
233573.91357421875,8.386891638327537e-09,3.854961123792706e-09,99.95164540878798
233578.68194580078,8.464425162252498e-09,3.890598727497453e-09,99.95164725547335
235519.4091796875,5.194378606480022e-09,2.3875505316811397e-09,99.9522671369738
235629.08172607422,5.566588911694855e-09,2.5586337313162703e-09,99.95229417988156
235633.85009765625,5.670576775298057e-09,2.6064308400454036e-09,99.95229541132892
237121.58203125,4.97078628855338e-09,2.284778285376335e-09,99.9526671686596
237698.55499267578,6.334705935955848e-09,2.9116919792036774e-09,99.95280983573491
237703.3233642578,6.2535271564539724e-09,2.8743788657700245e-09,99.95281121524171
237708.09173583984,6.515005535280367e-09,2.994565107414265e-09,99.952812614507
238742.82836914062,8.331779194567437e-09,3.829629172779831e-09,99.95314010169659
239772.79663085938,5.312453774642387e-09,2.441822746296514e-09,99.95342246066852
239801.40686035156,5.371879160925515e-09,2.469137103482308e-09,99.95342957559598
239806.1752319336,5.211765879988804e-09,2.395542439328878e-09,99.95343073542597
240497.58911132812,6.0515646800856396e-09,2.7815485862768604e-09,99.9536024621336
241398.81134033203,4.7418881344549696e-09,2.1795672580483074e-09,99.95381999291939
241918.56384277344,5.039710080793405e-09,2.316458501485893e-09,99.95394419354035
241923.33221435547,4.95828671773391e-09,2.2790329673668657e-09,99.9539452891909
243496.89483642578,6.253978390261163e-09,2.874586271428697e-09,99.95431885617813
243802.07061767578,4.596269029062587e-09,2.112634714458052e-09,99.95439802418008
244050.0259399414,5.234366624692408e-09,2.40593067324894e-09,99.95445512653322
244054.79431152344,5.1928352056557475e-09,2.386841121039798e-09,99.95445626921907
245494.84252929688,5.879127676274273e-09,2.702289431078252e-09,99.95477708082456
246191.02478027344,4.164910969446564e-09,1.914364768694686e-09,99.95493089608759
246200.5615234375,4.212008826111048e-09,1.936012885098841e-09,99.95493272862362
246205.32989501953,4.208094834344437e-09,1.934213853139232e-09,99.95493365135756
246744.15588378906,4.967966830967656e-09,2.2834823464454585e-09,99.95504326729514
247321.12884521484,4.02156978270214e-09,1.848479250416039e-09,99.95516262291247
248374.93896484375,4.311493427026558e-09,1.981740108661944e-09,99.95536816689577
248379.70733642578,4.1800076803794595e-09,1.9213038393603298e-09,99.95536909745395
249614.71557617188,3.930467467849648e-09,1.806604871064464e-09,99.95561808448217
249748.22998046875,5.33139145952389e-09,2.4505272869226515e-09,99.9556448844528
250563.6215209961,4.0667673284297555e-09,1.8692539055784543e-09,99.95581657530764
250568.38989257812,4.110906966811389e-09,1.8895423029153013e-09,99.9558174714745
251998.9013671875,5.887651621730397e-09,2.7062073877863754e-09,99.95610133311578
252351.7608642578,3.941650225088028e-09,1.8117449272700027e-09,99.95618181885163
252771.37756347656,4.091683875330134e-09,1.880706577650806e-09,99.95627181527915
252776.1459350586,4.097548295591207e-09,1.883402106947585e-09,99.95627271271259
252819.06127929688,3.889236573492595e-09,1.7876534523863826e-09,99.95628058328504
254549.98016357422,1.549926384803728e-08,7.1241005795925895e-09,99.95692216877788
255002.9754638672,8.682112893691215e-09,3.990656982451874e-09,99.95711865041635
255007.74383544922,8.601552160094803e-09,3.953627948393636e-09,99.95712054448148
256748.19946289062,4.858004161899963e-05,2.2329389708297258e-05,99.96973287133517
257005.6915283203,4.312912480120574e-09,1.982392363960562e-09,99.97629048408767
257248.8784790039,9.15303765901176e-09,4.2071134171869625e-09,99.97652784203089
257253.64685058594,8.823621305300532e-09,4.055700081727252e-09,99.97652981203915
257425.30822753906,2.6581915268333724e-07,1.2218144024549798e-07,99.97664091042196
259366.03546142578,3.8405385966154305e-09,1.7652698547718722e-09,99.97767115810633
259518.62335205078,4.151070945050842e-09,1.908003322965015e-09,99.97770523946187
259523.3917236328,4.257081722274494e-09,1.9567302461832247e-09,99.97770616088614
260424.61395263672,7.89186414598856e-09,3.627426082150521e-09,99.97792723137478
261635.78033447266,3.604127162863594e-09,1.656605414400593e-09,99.97817959405481
261807.44171142578,3.695437317376989e-09,1.698575325427944e-09,99.97820944822361
261812.2100830078,3.5958603110951846e-09,1.652805628549332e-09,99.97821024725509
262169.83795166016,5.192793622721042e-09,2.386822007808864e-09,99.9782769351891
263667.10662841797,3.5727761157589075e-09,1.6421951807895549e-09,99.97855122154033
264115.3335571289,4.707357330949166e-09,2.1636954773184993e-09,99.97863642229777
264120.10192871094,4.6278012217153014e-09,2.1271282100301966e-09,99.97863744530984
264258.38470458984,3.442874092915598e-09,1.582486856232872e-09,99.97866316058635
266447.0672607422,4.255133558018528e-09,1.9558347895834053e-09,99.97905919643125
266451.8356323242,4.304955541744929e-09,1.9787350270799525e-09,99.97906013450579
266499.51934814453,4.408816166361197e-09,2.0264736515256096e-09,99.979069581558
268726.3488769531,3.0067039591225663e-09,1.3820050828130718e-09,99.97944215835237
268797.8744506836,3.071617004502176e-09,1.4118417943334421e-09,99.97945249610764
268802.6428222656,3.1158766151342027e-09,1.4321853358620996e-09,99.97945317417654
269374.8474121094,3.7129707431605697e-09,1.7066344106859107e-09,99.97953786793185
269651.4129638672,2.8464476101586563e-09,1.3083446586967508e-09,99.97957958256288
271167.7551269531,3.4340383863816514e-09,1.5784256012818784e-09,99.97980993904542
271172.52349853516,3.5153399760065965e-09,1.6157951633106077e-09,99.979810700607
271191.5969848633,3.359911135668077e-09,1.5443536611594412e-09,99.97981374197165
272912.97912597656,6.0822020248863096e-09,2.7956307728885343e-09,99.98018370313598
273556.7092895508,4.778606128182795e-09,2.1964443615651303e-09,99.98034774070335
273561.4776611328,4.841398955295711e-09,2.225306533369892e-09,99.98034879493092
273771.2860107422,5.169363352189992e-09,2.3760524896235596e-09,99.98039683132949
275855.06439208984,3.06386584139143e-09,1.408279040247107e-09,99.98075624819232
275969.5053100586,3.2096721861655705e-09,1.4752976467756532e-09,99.98077294181975
275974.2736816406,3.2914716030404493e-09,1.5128960307300275e-09,99.98077365426064
276513.09967041016,3.629528081211583e-09,1.6682807235571635e-09,99.98085417331563
278253.55529785156,2.8495633885448684e-09,1.3097767988825512e-09,99.98111163003453
278401.37481689453,2.961816511467143e-09,1.361372961507586e-09,99.9811315678675
278406.14318847656,2.960941881973941e-09,1.360970945738286e-09,99.98113221692488
278606.4147949219,3.1123418894508037e-09,1.4305606302285483e-09,99.98116003579047
280222.89276123047,2.5308540311958424e-09,1.1632848403177385e-09,99.98136138269082
280857.0861816406,2.714878354770678e-09,1.2478700053354071e-09,99.98144186422908
280861.85455322266,2.692979657457966e-09,1.2378044613361953e-09,99.98144245686007
281572.3419189453,3.0864466854205525e-09,1.418658126996826e-09,99.98153368774089
283007.6217651367,2.484841560945898e-09,1.1421356122518117e-09,99.98171200861759
283336.6394042969,2.727554492995226e-09,1.2536964810027619e-09,99.98175137214484
283341.4077758789,2.6974641643365645e-09,1.239865725559209e-09,99.9817519666564
285396.5759277344,3.149688423829602e-09,1.4477266369384388e-09,99.98199316960667
285816.1926269531,2.2795034363387425e-09,1.0477537456761588e-09,99.98204628160335
285835.26611328125,2.3751464422443568e-09,1.0917152138133986e-09,99.98204834236375
285840.0344848633,2.326192323411503e-09,1.0692138827972976e-09,99.9820488575694
285882.94982910156,2.29497599039116e-09,1.0548655693326458e-09,99.98205345367727
286459.92279052734,2.946534335879362e-09,1.3543486436412808e-09,99.98212201100989
288352.96630859375,2.4970911985730684e-09,1.1477660506632833e-09,99.9823477654332
288357.7346801758,2.4925150697942166e-09,1.1456626732380492e-09,99.98234831222923
289435.38665771484,2.190793630755855e-09,1.0069790622095875e-09,99.98246430286564
290837.28790283203,2.576495417535912e-09,1.184263502921761e-09,99.98261826562639
290899.27673339844,2.4803724116282943e-09,1.1400814069969046e-09,99.9826254855504
290904.04510498047,2.5133355493957145e-09,1.155232623930592e-09,99.98262603279589
291543.00689697266,2.275054352262331e-09,1.045708763233239e-09,99.98269665050069
293154.7164916992,2.718416460568639e-09,1.2494962646089471e-09,99.98288029971295
293464.66064453125,2.5777744036297058e-09,1.1848513776531948e-09,99.98291740092118
293469.4290161133,2.5559334155117497e-09,1.1748123591787974e-09,99.98291796350885
293788.9099121094,2.4859442966522106e-09,1.1426424750397157e-09,99.98295544841712
294265.7470703125,2.848091105996195e-09,1.3091000771323335e-09,99.98301446585823
296049.1180419922,2.6903407427535623e-09,1.2365915073559636e-09,99.98323435766653
296053.8864135742,2.763810714439724e-09,1.2703613349428598e-09,99.98323495537068
296273.23150634766,2.8546638106967735e-09,1.3121211631546102e-09,99.98326275069323
298457.14569091797,2.175108868450948e-09,9.997696988925477e-10,99.98351288699176
298662.1856689453,2.259884446409787e-09,1.0387360491652636e-09,99.98353409637093
298666.95404052734,2.272773928209601e-09,1.0446605863343195e-09,99.98353459309138
300083.1604003906,2.0941940127835145e-09,9.625778957327472e-10,99.98367860861164
300798.4161376953,2.419139153980114e-09,1.1119360776071488e-09,99.98375142851579
301294.32678222656,2.1798835772866126e-09,1.001964351897816e-09,99.98380311313001
301299.0951538086,2.1914141810070175e-09,1.0072642926855196e-09,99.98380359216745
301437.3779296875,2.0411157777887476e-09,9.381809509231487e-10,99.9838170622431
303936.0046386719,2.663552270430803e-09,1.2242784211944466e-09,99.98408435014396
303950.30975341797,2.64525641875332e-09,1.2158688935667067e-09,99.98408607150469
303955.078125,2.7548314935571855e-09,1.2662341148812643e-09,99.98408666328416
306582.4508666992,1.84727487134993e-09,8.490836797592407e-10,99.98435173913174
306634.90295410156,1.880880220398942e-09,8.645300834713626e-10,99.98435630825213
306639.6713256836,1.8757451323228442e-09,8.62169785311536e-10,99.98435671992945
306653.9764404297,1.9084794047193427e-09,8.772158062863946e-10,99.98435793957995
309338.5696411133,1.3981947442006493e-09,6.426679412135135e-10,99.98456831288533
309343.3380126953,1.40773388443264e-09,6.47052523289271e-10,99.98456862037865
311121.94061279297,2.6506633531040673e-07,1.2183541434804862e-07,99.9847621071739
311226.84478759766,1.369644967673632e-09,6.295452870347398e-10,99.98481533714325
312066.07818603516,1.880726856689026e-09,8.644595911882829e-10,99.98488819202876
312070.8465576172,1.9292166994369397e-09,8.867475217772256e-10,99.98488860954909
312256.8130493164,1.5662038912471789e-09,7.198918709166398e-10,99.98490369153069
314440.7272338867,4.164323416554718e-09,1.9140947051653225e-09,99.985167277516
314817.4285888672,3.990131433995868e-09,1.8340288893901408e-09,99.98523518431374
314822.1969604492,3.975060597959097e-09,1.8271017118933786e-09,99.9852360571953
315141.6778564453,5.0612589079854466e-09,2.3263632307551997e-09,99.98530308552188
317006.11114501953,1.3149695662472435e-09,6.04414218694322e-10,99.9855266542028
317592.6208496094,2.130924475115977e-09,9.794607303342457e-10,99.98557008486388
317597.3892211914,2.1328625870223216e-09,9.803515664597985e-10,99.98557055211954
318403.2440185547,3.114291479745617e-09,1.4314567422946068e-09,99.98565472937268
320391.6549682617,1.477151270837774e-09,6.789596156241914e-10,99.98586803083785
320396.42333984375,1.4513296410047273e-09,6.670909301264006e-10,99.98586835176131
320935.2493286133,6.828186862725347e-09,3.1385161555571673e-09,99.98590376255946
322747.23052978516,1.1341911021580627e-09,5.213209844979973e-10,99.98603053292894
323219.29931640625,1.1757693215038007e-09,5.404320480584069e-10,99.98605654638365
323224.0676879883,1.1669721145032031e-09,5.363884890799791e-10,99.98605680311766
323948.86016845703,1.0405336052848284e-09,4.782721381592537e-10,99.9860945863161
326070.78552246094,1.6626288887262958e-09,7.642127746165392e-10,99.98621269007617
326075.55389404297,1.6141126779652516e-09,7.419127242018119e-10,99.98621304916446
328345.29876708984,1.7817182465313544e-09,8.189511525989078e-10,99.98636296772715
328946.1135864258,1.148729971019928e-09,5.280036479522718e-10,99.98640321943383
328950.8819580078,1.1816792711870324e-09,5.431485045544363e-10,99.9864034748164
329709.0530395508,9.772564034053689e-10,4.4918732774475526e-10,99.98644118889463
331707.0007324219,9.724731463085502e-09,4.469887456062815e-09,99.98676934215433
331845.2835083008,9.507158633372937e-09,4.369882014678245e-09,99.98682926729371
331850.0518798828,9.470501397146008e-09,4.353032837813396e-09,99.98683134699867
332732.2006225586,1.0314856911679773e-08,4.741133438554762e-09,99.98722681815939
334749.2218017578,1.6665039907930526e-09,7.659939312669731e-10,99.9876307745077
334773.06365966797,1.7584529426870926e-09,8.08257459903155e-10,99.98763270599142
334777.83203125,1.8201740401011776e-09,8.366270205591893e-10,99.98763309816243
335268.9743041992,9.354854309448687e-10,4.2998766690707754e-10,99.9876603357512
336852.0736694336,2.6035678760809105e-09,1.1967071208575796e-09,99.98777638584846
337724.6856689453,2.2208877880472483e-09,1.0208115774505687e-09,99.9878674422798
337729.45404052734,2.1025184662787017e-09,9.664041577121098e-10,99.98786791606898
337753.2958984375,2.1935561530812276e-09,1.0082488313478046e-09,99.98787023046066
340342.52166748047,8.901842230269288e-10,4.091653643287968e-10,99.9880253681176
340704.91790771484,1.1339788163478232e-09,5.212234091887056e-10,99.98804183517692
340709.6862792969,1.1467411983209988e-09,5.270895260380936e-10,99.98804208511419
340986.2518310547,1.4240212926227657e-09,6.545388874975963e-10,99.98805815277679
342631.34002685547,8.193581494221122e-10,3.7661078128760047e-10,99.98813582365709
343708.99200439453,1.0093895781089081e-09,4.639570594413108e-10,99.98818422101053
343713.76037597656,1.0092202288299052e-09,4.6387921953171723e-10,99.98818444222394
344905.8532714844,8.910548946888547e-10,4.0956556091569125e-10,99.9882432468504
346317.2912597656,1.2529252289592792e-09,5.758960836675673e-10,99.98831193418394
346736.9079589844,1.0978850721512995e-09,5.046332364894593e-10,99.98833432619526
346741.6763305664,1.091664928657674e-09,5.017742021312761e-10,99.98833456614149
347919.4641113281,9.171618606256276e-10,4.215653986489601e-10,99.988388418593
349631.30950927734,1.193960115479908e-09,5.487932868358761e-10,99.98846914370694
349793.4341430664,1.0770590235694673e-09,4.950607260639889e-10,99.98847753058169
349798.20251464844,1.055029781352569e-09,4.84935178245454e-10,99.98847776423094
349879.26483154297,1.0905580672216903e-09,5.012654429879431e-10,99.98848173202892
352263.4506225586,7.799314482470857e-10,3.5848864416893994e-10,99.9885820684402
352878.5705566406,1.0038924225909608e-09,4.614303401599639e-10,99.98860653230395
352883.33892822266,1.0206010885714128e-09,4.691103318139307e-10,99.98860675416213
354609.48944091797,7.610236867298663e-10,3.49797857554537e-10,99.98867488746583
355987.548828125,1.3870148959251084e-09,6.375292220872098e-10,99.98873463457197
355992.31719970703,1.3634684270520496e-09,6.267062943539575e-10,99.98873493598921
355997.08557128906,1.401429548660392e-09,6.441547906892349e-10,99.98873523898611
357131.9580078125,3.0666389013281693e-09,1.4095536529058928e-09,99.98885040232042
359101.2954711914,8.418563009108283e-10,3.8695185913697337e-10,99.98901078873116
359129.9057006836,8.703886126598856e-10,4.000664857838587e-10,99.9890119231287
359134.6740722656,8.811610832645346e-10,4.0501795733958307e-10,99.98901211507581
360913.2766723633,6.482098300416633e-10,2.979439585759557e-10,99.98907442373724
361304.28314208984,9.278386874405669e-10,4.2647290837627864e-10,99.9890888310651
362300.8728027344,6.663886686608977e-10,3.06299702178579e-10,99.98912339475837
362305.6411743164,6.744557177096366e-10,3.1000765046355514e-10,99.9891235416975
363149.64294433594,5.810350485208568e-10,2.6706765989116465e-10,99.98914862484149
365133.28552246094,7.835939567736555e-10,3.6017208406471297e-10,99.98920670733531
365495.6817626953,7.203610839611495e-10,3.311076491167316e-10,99.98921919101473
365500.45013427734,7.361566688387263e-10,3.3836795105652984e-10,99.98921935063014
365614.8910522461,7.491510452635942e-10,3.4434070211925647e-10,99.98922314011071
368189.81170654297,4.6257702463796094e-10,2.1261946900444732e-10,99.98929067985257
368719.10095214844,5.473745432830506e-10,2.515959041210091e-10,99.98930304653851
368723.86932373047,5.75498100287858e-10,2.6452265023763353e-10,99.98930316959077
369009.97161865234,7.739869602320544e-10,3.5575631243186656e-10,99.98931209097942
371966.3619995117,4.471489975551569e-10,2.05528111778698e-10,99.98938944592396
371971.13037109375,4.608210902797176e-10,2.118123691897763e-10,99.98938954542568
374217.03338623047,6.210096549825955e-10,2.8544163686550476e-10,99.98943458546134
374784.4696044922,2.9229430271931967e-10,1.3435051056815252e-10,99.98944547923954
375247.0016479492,4.61361094280502e-10,2.1206057728873433e-10,99.98945388372881
375251.77001953125,4.5482209603349767e-10,2.090549841419774e-10,99.98945398413058
376005.1727294922,6.074960632790419e-10,2.792302330574552e-10,99.98947116318179
378131.8664550781,2.2930591759170855e-10,1.0539845223848932e-10,99.9895017572789
378556.2515258789,2.4549251289670106e-10,1.128384786890701e-10,99.98950656202469
378561.01989746094,2.350591728088256e-10,1.0804288549858883e-10,99.9895066146869
378732.68127441406,2.263541193275425e-10,1.0404168407641634e-10,99.98950849877968
380845.0698852539,4.6029149111370826e-10,2.1156894358179192e-10,99.98953830080006
381894.1116333008,3.619929372528763e-10,1.6638687613658573e-10,99.98955608976587
381898.8800048828,3.522164232271307e-10,1.618931872801289e-10,99.98955616803393
382223.12927246094,2.5728071790364926e-10,1.182568236469818e-10,99.98956060340589
384459.4955444336,1.1714010794571044e-09,5.384242239448371e-10,99.98961690695212
385265.3503417969,5.426577472575363e-10,2.4942787023058395e-10,99.98965060969883
385270.1187133789,5.436452999586108e-10,2.498817901611743e-10,99.98965072874351
388560.29510498047,1.6263746004364288e-10,7.475488092339984e-11,99.98969014066175
388660.4309082031,1.7573488189648694e-10,8.077499591259211e-11,99.98969093308901
388665.19927978516,1.6968275996006658e-10,7.799319118833244e-11,99.98969097094229
390048.0270385742,2.476939221760674e-10,1.1385033714098233e-10,99.98970353013203
391383.17108154297,1.4977338730766237e-10,6.884202280750131e-11,99.98971506960078
392088.8900756836,1.910919172150349e-10,8.783372239704677e-11,99.98972050003825
392093.6584472656,1.9556015650780743e-10,8.988750936702794e-11,99.98972054241031
394635.2005004883,1.505782441341417e-10,6.921196818298677e-11,99.98974232382899
395250.3204345703,2.5919026236375244e-10,1.1913452899662663e-10,99.98974772428652
395545.95947265625,1.8027263140288764e-10,8.286073264212645e-11,99.98975072726762
395550.7278442383,1.7507378028193987e-10,8.047112635842868e-11,99.98975076620899
395684.24224853516,1.6222220051875806e-10,7.456401052781729e-11,99.98975188650734
398406.982421875,4.491762830994506e-10,2.0645993578419302e-10,99.98979324488054
399036.4074707031,3.7909484113967826e-10,1.7424761614247518e-10,99.98980462597544
399041.17584228516,3.865741318099717e-10,1.776854064479758e-10,99.9898047098828
399141.3116455078,4.356803286979338e-10,2.0025663880720942e-10,99.98980655536957
402240.7531738281,1.2778937456765478e-10,5.873726432100766e-11,99.98984108481986
402555.4656982422,1.6685636167252053e-10,7.669406202478727e-11,99.98984337176486
402560.2340698242,1.6259475487043722e-10,7.47352518653898e-11,99.98984340786842
404415.1306152344,1.2833569730583267e-10,5.898837677214453e-11,99.98985578813183
405745.5062866211,1.9892270451852055e-10,9.14330750446561e-11,99.98986549915168
406103.13415527344,1.4260311998533915e-10,6.554627237137557e-11,99.98986815900903
406107.90252685547,1.4455411468540606e-10,6.644302995998123e-11,99.98986819047775
407958.0307006836,1.6462327261841806e-10,7.566764224249369e-11,99.98987971922267
409541.13006591797,9.50008232892045e-11,4.36662945345046e-11,99.9898888647504
409684.1812133789,1.0216077069567631e-10,4.6957301511894536e-11,99.98988951804021
409688.94958496094,1.0383299118656765e-10,4.772592298225386e-11,99.98988954061447
410089.49279785156,1.7157239910108096e-10,7.886174723278135e-11,99.98989202828199
412750.244140625,9.171326295354753e-11,4.2155196283495384e-11,99.98990651832315
413298.6068725586,1.2058594027481277e-10,5.5426268978013256e-11,99.98990918410678
413303.3752441406,1.1892941371619405e-10,5.466486108586614e-11,99.98990921035454
414829.2541503906,8.579241979600311e-09,3.9433732697618014e-09,99.98992016759135
416798.59161376953,8.527450103377605e-11,3.919567588470487e-11,99.98993149173144
416941.64276123047,9.095658336931963e-11,4.1807395154524574e-11,99.98993207952556
416946.4111328125,9.102961602598856e-11,4.1840963974102424e-11,99.98993209946887
418372.15423583984,8.128825727449861e-11,3.736343393087415e-11,99.98993796817491
419840.81268310547,1.1553766778978132e-10,5.310587484257771e-11,99.98994441915423
420618.05725097656,1.0590488735895017e-10,4.8678251871370435e-11,99.9899481392336
420622.8256225586,1.0492550910998109e-10,4.8228089255937275e-11,99.98994816233787
424323.08197021484,7.080012089241446e-11,3.2542654104746235e-11,99.9899624113352
424327.8503417969,7.196573093066442e-11,3.307841652743233e-11,99.98996242698047
424332.6187133789,7.176073530824954e-11,3.298419208898297e-11,99.98996244273103
426340.10314941406,8.885689935113225e-11,4.084229382599766e-11,99.98996953928742
427570.3430175781,6.753078738534447e-11,3.103993365550708e-11,99.98997367989581
428071.0220336914,7.81046268466544e-11,3.5900106149723714e-11,99.98997535443307
428075.79040527344,7.465297508069828e-11,3.4313584713125696e-11,99.98997537117332
429067.61169433594,6.217230178225247e-11,2.857695278331808e-11,99.98997850288525
430364.60876464844,9.08505310966827e-11,4.175864915830388e-11,99.9899829337491
431847.57232666016,6.907452385010694e-11,3.174949857105274e-11,99.98998797893745
431852.3406982422,7.053662283319287e-11,3.242153953473652e-11,99.98998799423703
434727.66876220703,6.387623250782554e-11,2.9360149584705384e-11,99.98999799730238
435452.4612426758,1.4889511844057191e-10,6.843833423193908e-11,99.990001322056
435652.7328491211,1.1116306634120972e-10,5.109512768575696e-11,99.99000242269041
435657.5012207031,1.0737799129831964e-10,4.935535116661155e-11,99.99000244663966
436663.6276245117,6.889289173423265e-10,3.1666012963306504e-10,99.99000766566375
438852.31018066406,5.873797728770012e-11,2.6998395674926917e-11,99.99002194756225
439496.0403442383,6.814159912013963e-11,3.1320687907872886e-11,99.99002384197884
439500.8087158203,6.759740200461239e-11,3.1070552480529275e-11,99.99002385685407
439858.43658447266,8.280646528848744e-11,3.806126491810323e-11,99.99002507156301
443243.98040771484,5.294691645205926e-11,2.433658539411997e-11,99.99003487834653
443372.7264404297,5.66588635543016e-11,2.6042749297243048e-11,99.99003521051884
443377.4948120117,5.805991340577587e-11,2.668672956345356e-11,99.99003522309054
444159.50775146484,4.9582819431430715e-11,2.279030772768097e-11,99.99003717320241
445294.3801879883,7.026436553676496e-11,3.229639885823104e-11,99.99004014414965
447282.7911376953,6.321950324935235e-11,2.9058289745632012e-11,99.99004555195505
447287.55950927734,6.358668294021892e-11,2.922706066753928e-11,99.99004556585137
448861.12213134766,5.080779005537612e-11,2.335335472253153e-11,99.99004965159949
449304.58068847656,7.392719276152562e-11,3.397998524083007e-11,99.99005074742477
451226.23443603516,5.532764292276633e-11,2.5430865419036345e-11,99.99005590461516
451231.0028076172,5.5608398636714775e-11,2.5559912318558435e-11,99.9900559167723
452361.1068725586,7.286273360697261e-11,3.34907159339614e-11,99.99005907640526
454435.3485107422,5.159640103650306e-11,2.3715832837802207e-11,99.99006492113558
455203.0563354492,5.83922806572091e-11,2.6839499253149042e-11,99.9900668768939
455207.82470703125,5.880153802943737e-11,2.7027610811948213e-11,99.99006688973684
455226.8981933594,5.873424208162802e-11,2.699667882024246e-11,99.99006694230286
459189.41497802734,1.47439329999279e-10,6.77691938533983e-11,99.99008311128688
459218.02520751953,1.4404722523685756e-10,6.621004267428824e-11,99.99008330302965
459222.79357910156,1.4341676758999945e-10,6.592025835088895e-11,99.99008333453199
460433.9599609375,1.361768466156158e-10,6.259249222499373e-11,99.99009149488566
463194.8471069336,2.2001494082462983e-10,1.0112793632106988e-10,99.99011370738047
463266.37268066406,2.0933377277681865e-10,9.621843118416795e-11,99.99011439782787
463271.1410522461,2.1009148787308992e-10,9.656670827716007e-11,99.99011444379143
463814.73541259766,1.8170327807947083e-10,8.351831682920572e-11,99.99011939173728
467309.95178222656,3.6960918176980156e-10,1.6988761607554851e-10,99.99016293106845
467352.86712646484,3.543383806512408e-10,1.6286852638417855e-10,99.99016364233788
467357.6354980469,3.623182107584164e-10,1.6653638524824833e-10,99.99016372087412
467543.6019897461,4.0187451792326903e-10,1.8471809462248772e-10,99.99016690551109
471258.16345214844,8.580440234448304e-11,3.943924037084739e-11,99.99020983498501
471477.5085449219,1.1024526724933278e-10,5.0673269389356775e-11,99.99021085362163
471482.2769165039,1.1334468992063941e-10,5.20978918143666e-11,99.99021087812417
471634.8648071289,1.3321751061618463e-10,6.123225940907024e-11,99.99021175310467
472221.37451171875,7.244985994470509e-11,3.330094217918846e-11,99.99021447249886
475630.7601928711,1.196351207427064e-10,5.4989233126105706e-11,99.99023055993051
475635.5285644531,1.1574988901817596e-10,5.320342046739134e-11,99.99023058572564
477204.3228149414,1.6851732124479645e-10,7.745750751275018e-11,99.99024047927712
478658.67614746094,5.717691630068502e-11,2.628086769479759e-11,99.9902467847975
479826.9271850586,7.137986867409685e-11,3.280913008373436e-11,99.99025065253801
479831.6955566406,7.47934771058518e-11,3.4378165235700446e-11,99.99025066855671
481786.72790527344,5.393663894570654e-11,2.4791502650820607e-11,99.99025739667877
483384.1323852539,9.881616754706222e-11,4.541998403261527e-11,99.99026302970968
484056.4727783203,7.159620501176565e-11,3.2908567182404595e-11,99.99026546784154
484061.24114990234,7.152234795692264e-11,3.287461943544236e-11,99.99026548352548
487504.0054321289,4.9699284129148304e-11,2.2843839703692656e-11,99.99027942823572
488324.1653442383,3.3108810636687055e-10,1.5218174189370455e-10,99.99028491814107
488328.9337158203,3.2466750326747396e-10,1.4923056803730637e-10,99.99028499000336
488333.70208740234,3.334311995208986e-10,1.5325872409494406e-10,99.99028506212244
488824.84436035156,4.3969781794844334e-10,2.0210324247682087e-10,99.99029406249934
492157.9360961914,8.779813053479237e-11,4.0355640033140475e-11,99.99032068292844
492634.77325439453,1.6775646554573245e-10,7.710778686925172e-11,99.99032342338717
492639.54162597656,1.6296118642239267e-10,7.490367891181352e-11,99.99032345962954
492672.9202270508,1.638266288911123e-10,7.53014719459511e-11,99.99032370556382
493931.77032470703,6.933126178405721e-11,3.1867505908819956e-11,99.9903295190584
496978.759765625,9.493815287030272e-11,4.363748862655962e-11,99.99034102029398
496983.52813720703,1.0044908521899191e-10,4.6170540307227916e-11,99.99034104170588
497422.2183227539,1.8585339530981738e-10,8.542588178557834e-11,99.99034388268797
498671.5316772461,8.107893351180035e-11,3.726722010073472e-11,99.99035042179176
501360.8932495117,1.3509214812836015e-10,6.209392008650344e-11,99.99036513050912
501365.66162109375,1.3389108394236246e-10,6.154186147601159e-11,99.99036515998618
502061.8438720703,1.1008593233134775e-10,5.0600032492901835e-11,99.99036926005162
505776.40533447266,2.3617380341036345e-10,1.0855521567067329e-10,99.9903982240706
505781.1737060547,2.351491775206765e-10,1.0808425537435516e-10,99.99039827572149
505785.9420776367,2.32336132827794e-10,1.0679126407338304e-10,99.99039832695182
506010.0555419922,2.467980901528322e-10,1.1343857581486261e-10,99.99040073350457
509958.26721191406,1.2847581564795102e-10,5.905278093818001e-11,99.99043473498385
510244.36950683594,1.3005977100388826e-10,5.978083211402411e-11,99.99043648792579
510249.13787841797,1.348688972937962e-10,6.199130480002885e-11,99.99043651695854
510344.5053100586,1.2351657494103192e-10,5.677330947805803e-11,99.99043708635391
513491.6305541992,7.522432096816976e-09,3.4576198835189233e-09,99.99046032932044
514740.9439086914,2.1426733711586175e-10,9.848610072717564e-11,99.99047351484028
514745.71228027344,2.205301000254058e-10,1.013647247257847e-10,99.99047356248842
518178.93981933594,1.281701598639124e-10,5.891228894000675e-11,99.99053285049908
518536.5676879883,1.0008395773580547e-07,4.600271266456713e-08,99.9905665184369
519280.43365478516,1.3718232031225112e-10,6.30546493838882e-11,99.9905939951287
519285.2020263672,1.382378143220077e-10,6.353979794064469e-11,99.99059402531117
520339.0121459961,1.905100350682653e-10,8.756626537588116e-11,99.99060109518537
522360.80169677734,1.2286492913161842e-10,5.6473786201723865e-11,99.99061421512285
523862.8387451172,1.8272842374653973e-10,8.398951603663499e-11,99.9906241949441
523867.6071166992,1.8117112301131256e-10,8.327371642323355e-11,99.99062423482276
524806.9763183594,9.69638016991942e-10,4.4568560330186645e-10,99.99063411575364
528378.4866333008,1.2340804351309443e-10,5.672342395986476e-11,99.99066248314145
528478.6224365234,1.287766854048385e-10,5.919107308098364e-11,99.99066306628414
528483.3908081055,1.259083317753755e-10,5.787265951279851e-11,99.9906630941943
528573.9898681641,1.2330078288015246e-10,5.667412255143651e-11,99.99066362805625
532641.4108276367,2.9352562148749155e-10,1.3491647543177458e-10,99.99069786908414
533142.08984375,1.9196471485571945e-10,8.823489617141639e-11,99.99070222888487
533146.858215332,1.8266954720863822e-10,8.396245395279017e-11,99.99070226993992
533466.3391113281,2.0122409619804996e-10,9.249088952918603e-11,99.99070495093592
534734.7259521484,8.764597503869686e-11,4.028570309493812e-11,99.9907132224511
537843.7042236328,1.2248521840117252e-10,5.6299255497467886e-11,99.99073269011329
537848.4725952148,1.250917190114892e-10,5.749731062387422e-11,99.99073271724451
538253.7841796875,1.0177072621619172e-10,4.6778020990599655e-11,99.99073482552636
540466.30859375,1.08762525973424e-09,4.999174037696918e-10,99.99077430704332
542583.4655761719,1.8871026042453094e-10,8.673901475880185e-11,99.99085372734883
542588.2339477539,1.8236327556511396e-10,8.382167888021017e-11,99.99085376801368
546317.1005249023,6.741976299597205e-11,3.098890226947276e-11,99.99087022222109
547370.9106445312,1.229895306343905e-10,5.653105818875628e-11,99.99087475137985
547375.6790161133,1.2915302133209941e-10,5.936405258657872e-11,99.99087477901139
549139.9765014648,6.706776746306579e-11,3.08271106124897e-11,99.99088133381106
551552.7725219727,1.4113960879403497e-10,6.487358229858023e-11,99.9908915303119
552196.5026855469,8.35669549530577e-11,3.84108173170596e-11,99.99089426942994
552201.2710571289,8.376409447628461e-11,3.850143076847583e-11,99.99089428776726
552668.571472168,7.751273400724105e-11,3.562804780155543e-11,99.99089611341397
553469.6578979492,2.179390457013589e-10,1.0017376934927912e-10,99.99090162178334
557065.0100708008,9.052490567834431e-11,4.160897829301254e-11,99.99092215465087
557069.7784423828,9.413020676095597e-11,4.3266123289321e-11,99.99092217488668
557446.4797973633,6.912837695864323e-11,3.1774251679684075e-11,99.99092353468288
557985.3057861328,1.4246793607181432e-10,6.548413627213008e-11,99.99092613040835
561981.201171875,8.020448956698929e-11,3.686528961712414e-11,99.99094436202498
561985.969543457,7.882803386611919e-11,3.6232613836358333e-11,99.99094437945287
563740.7302856445,7.352568198448868e-11,3.379543433651316e-11,99.99095110351377
566854.4769287109,1.0886440221197396e-10,5.0038566895777837e-11,99.990964309912
566935.5392456055,1.0559047048024021e-10,4.8533732912933905e-11,99.99096470411097
566940.3076171875,1.0546142124576214e-10,4.847441656506377e-11,99.9909647272395
567798.6145019531,9.975919755913486e-11,4.585343950001353e-11,99.99096892728551
570392.6086425781,2.7009573256416615e-10,1.241471326491114e-10,99.99098247158125
571932.7926635742,1.1281180674389664e-10,5.185295673967471e-11,99.99099096582935
571937.5610351562,1.1490587019279084e-10,5.281547462286179e-11,99.99099099078424
574283.5998535156,9.883143313141306e-11,4.5427000724465155e-11,99.99100268849051
576896.6674804688,1.2087558093701932e-10,5.5559399766012624e-11,99.99101574546069
576977.7297973633,1.18544712832801e-10,5.448803670161016e-11,99.99101618599772
576982.4981689453,1.1807588158999584e-10,5.4272542536122914e-11,99.99101621192827
577163.6962890625,1.1631992689506579e-10,5.346543337387237e-11,99.99101720433241
581660.270690918,1.8445460201132512e-09,8.478293872413863e-10,99.99117229519989
582065.5822753906,1.3746373995499233e-09,6.31840014524521e-10,99.9912022644536
582070.3506469727,1.4151412015460218e-09,6.504572315811007e-10,99.9912025701771
585789.680480957,6.963675252930193e-11,3.2007922048360265e-11,99.99125685884623
587201.1184692383,7.391140149939562e-11,3.397272692580325e-11,99.99126174138017
587205.8868408203,7.532464725648931e-11,3.462231293297951e-11,99.9912617577345
587415.6951904297,7.163591081636717e-11,3.292681760696335e-11,99.99126247929291
591516.4947509766,9.138987793857485e-11,4.200655519994546e-11,99.99127755092184
592379.5700073242,7.303874753858485e-11,3.357161919262642e-11,99.99128074618535
592384.3383789062,7.286587549888066e-11,3.34921600769983e-11,99.9912807621746
594391.8228149414,6.490159387052883e-11,2.983144793473969e-11,99.99128719000991
595126.1520385742,7.645347729035556e-11,3.5141169749495115e-11,99.99128956559336
597600.9368896484,6.844222273510515e-11,3.1458866913702656e-11,99.99129737307297
597605.7052612305,6.724495858063621e-11,3.090855495434739e-11,99.99129738794251
600266.4566040039,1.5765979450769391e-10,7.246694065234221e-11,99.99130997927594
602807.9986572266,4.6997521563045335e-11,2.1601998255491675e-11,99.99132043305828
602869.987487793,4.7799890392285856e-11,2.197080004488526e-11,99.99132056910592
602874.755859375,4.808989763587192e-11,2.2104099328797968e-11,99.9913205796142
606775.2838134766,6.741465660228046e-11,3.0986555160434894e-11,99.99132930810826
608186.7218017578,4.075207010826362e-11,1.8731331315109077e-11,99.99133238554194
608191.4901733398,4.097668445563916e-11,1.8834573328278983e-11,99.99133239449834
609922.4090576172,3.954512329405467e-11,1.817656880619597e-11,99.99133566872622
613346.0998535156,4.861793907439258e-11,2.2346808941015475e-11,99.99134247376035
613551.139831543,4.712141972118906e-11,2.1658946956339422e-11,99.99134291919013
613555.908203125,4.769731772443855e-11,2.1923653418463133e-11,99.99134292958102
616583.8241577148,1.8489805438429349e-10,8.498676771487394e-11,99.99135064549137
618867.8741455078,3.601579372545611e-11,1.6554343449447154e-11,99.99135611672439
618963.2415771484,3.734599114025416e-11,1.7165757015062103e-11,99.99135627846704
618968.0099487305,3.776797458689671e-11,1.7359718002259916e-11,99.99135628669855
620512.9623413086,3.4780302958162596e-11,1.5986460963049477e-11,99.99135885143524
622243.8812255859,3.904525744149904e-09,1.7946809854749958e-09,99.9913630254066
624418.2586669922,3.51277698178121e-11,1.6146171055121478e-11,99.99136777851486
624423.0270385742,3.492830339957611e-11,1.605448806683915e-11,99.99136778619211
625939.3692016602,3.044896677940593e-11,1.3995600307728856e-11,99.99137007878026
628600.1205444336,5.3896626461970136e-11,2.4773111263889442e-11,99.9913749487661
629925.7278442383,3.187566840864084e-11,1.465137118842299e-11,99.991377402691
629930.4962158203,3.308704388238515e-11,1.5208169291818003e-11,99.99137740981008
632176.399230957,3.72264734603462e-11,1.7110821762584827e-11,99.99138087194743
634036.0641479492,3.0075980545927786e-11,1.3824160459478373e-11,99.99138378028208
635480.8807373047,3.290538293489124e-11,1.5124670431870884e-11,99.99138596955281
635485.6491088867,3.2935818767100095e-11,1.513865999498855e-11,99.99138597676814
636587.1429443359,2.8658000030939424e-11,1.3172398162396193e-11,99.99138754402426
637688.6367797852,6.098034249656703e-11,2.802907916033451e-11,99.99138951669954
641083.7173461914,3.076225770936973e-11,1.4139601733707473e-11,99.99139497757038
641088.4857177734,3.069384409513323e-11,1.4108156016439037e-11,99.99139498430517
644288.0630493164,5.4801077662340986e-11,2.5188834319122876e-11,99.9913993191874
646729.4692993164,2.6376016014083552e-11,1.2123504239659169e-11,99.99140253541927
646739.0060424805,2.6980592612814953e-11,1.2401392566463537e-11,99.99140254715671
646743.7744140625,2.7073106605509947e-11,1.2443915811144108e-11,99.9914025530803
649156.5704345703,2.427703154910945e-11,1.1158724454626254e-11,99.99140541696329
650873.1842041016,3.0478453197071554e-11,1.400915348078542e-11,99.9914074478404
652441.9784545898,2.7617752785275648e-11,1.2694257646923172e-11,99.99140936893312
652446.7468261719,2.812597062212035e-11,1.2927855514636296e-11,99.99140937504191
652518.2723999023,2.7239002774604826e-11,1.2520168529078881e-11,99.99140946670269
654993.0572509766,1.5466562949023518e-10,7.109069898400164e-11,99.99141333930174
658197.4029541016,2.8432521142631917e-11,1.3068758770575605e-11,99.99141873965706
658202.1713256836,2.8595994112941203e-11,1.3143897686458734e-11,99.99141874590666
658469.2001342773,2.78369695336249e-11,1.2795018701079242e-11,99.99141909883072
663990.9744262695,6.976266460683841e-11,3.2065796429579276e-11,99.99142975557648
664000.5111694336,6.970228925299766e-11,3.203804542814417e-11,99.99142978604712
664005.2795410156,6.840177589669285e-11,3.144027587945736e-11,99.99142980118154
664143.5623168945,7.229713347756697e-11,3.323074279915819e-11,99.99143024447605
669655.7998657227,2.734903070959833e-11,1.2570741903604528e-11,99.99144175396152
669856.071472168,2.8082425476015284e-11,1.2907840370456089e-11,99.99144201460679
669860.83984375,2.819997327021827e-11,1.2961870182260175e-11,99.99144202077461
669865.608215332,2.7665036278172436e-11,1.2715991089392042e-11,99.99144202689669
675315.8569335938,5.173925812915633e-11,2.3781495846481096e-11,99.9914516884628
675764.0838623047,4.51056282316059e-11,2.0732406092200526e-11,99.99145268541324
675768.8522338867,4.5843677721423603e-11,2.1071644061805394e-11,99.99145269538008
680670.7382202148,2.4465409789478958e-11,1.1245310859281143e-11,99.99145948264936
681724.5483398438,2.7361965699901537e-11,1.2576687358357708e-11,99.99146071928811
681729.3167114258,2.725538887672691e-11,1.2527700257086724e-11,99.99146072527348
683665.2755737305,2.429254463926069e-11,1.116585491034475e-11,99.99146299021567
687565.803527832,4.111801709180529e-11,1.8899535633914803e-11,99.99146822538295
687732.6965332031,3.974145452305173e-11,1.8266810732264425e-11,99.99146852243737
687737.4649047852,4.1317971863256606e-11,1.899144308946593e-11,99.99146853132042
687823.2955932617,3.882394437618932e-11,1.7845085246903886e-11,99.99146869018719
693511.962890625,7.895881945937283e-10,3.6292728286298386e-10,99.99154640124335
693798.0651855469,5.303163652429467e-10,2.4375526231674127e-10,99.99155399474981
693802.8335571289,5.486938006532876e-10,2.5220228919117017e-10,99.99155411299529
699892.0440673828,1.9972035442126248e-10,9.1799707820906e-11,99.99165288102597
699915.885925293,2.1921364574276212e-10,1.0075962807023116e-10,99.99165311276185
699920.654296875,2.2655544909653846e-10,1.0413422353751952e-10,99.99165316161236
706024.169921875,4.8160449247790456e-11,2.2136527757934214e-11,99.99168449010865
706090.9271240234,5.069940975789615e-11,2.3303538670126482e-11,99.99168464417033
706095.6954956055,4.9961095202687503e-11,2.2964178865541335e-11,99.99168465520142
710573.1964111328,6.465882768186972e-11,2.971986258705553e-11,99.99169544856818
712265.9683227539,3.127757512986231e-11,1.437646286272621e-11,99.99169854938455
712318.4204101562,3.135634603248763e-11,1.4412669216689214e-11,99.99169862581702
712323.1887817383,3.1496106624255685e-11,1.4476908945916425e-11,99.99169863270484
715866.0888671875,2.7545391566356093e-11,1.2660997447813127e-11,99.99170349195153
717034.3399047852,3.382775398880681e-11,1.554863019049074e-11,99.99170509015218
718598.3657836914,3.1534071247934106e-11,1.4494359051947473e-11,99.9917073571138
718603.1341552734,3.181508042355317e-11,1.462352245290165e-11,99.99170736405604
719056.1294555664,3.405933481386056e-11,1.5655074283975664e-11,99.99170802760936
724225.0442504883,2.5959512498057844e-11,1.1932062054468107e-11,99.99171488377068
724935.5316162109,2.6883934917789862e-11,1.2356964705379184e-11,99.99171576000641
724940.299987793,2.6648369574751238e-11,1.2248689163177487e-11,99.99171576587284
725007.0571899414,2.6359693096119987e-11,1.2116001553695177e-11,99.99171584866275
725951.1947631836,1.244539996832526e-10,5.72041885323703e-11,99.99171707993256
731329.9179077148,3.3151133304925694e-11,1.5237627432329925e-11,99.99172451761737
731334.6862792969,3.331129822669469e-11,1.5311245832738625e-11,99.99172452490079
732493.4005737305,4.152611923114112e-11,1.9087116200055277e-11,99.99172641828952
737562.1795654297,2.7046200373726188e-11,1.2431548597880002e-11,99.99173363578797
737776.7562866211,2.825508068334404e-11,1.2987199820986137e-11,99.99173391152631
737781.5246582031,2.8267593646350222e-11,1.2992951294596675e-11,99.99173391772047
741438.8656616211,4.3902701730917676e-11,2.0179491485108043e-11,99.99173908597552
744037.6281738281,2.557654030430408e-11,1.1756032247230873e-11,99.99174263005672
744280.8151245117,2.629133220402514e-11,1.2084580069696372e-11,99.99174292382746
744285.5834960938,2.652629843760296e-11,1.2192580236493223e-11,99.99174292961558
745992.6605224609,2.515871002335502e-11,1.1563980226188758e-11,99.99174498916494
747985.83984375,3.93105456878527e-11,1.8068747268561162e-11,99.9917475009214
750846.8627929688,2.8485631653929884e-11,1.3093170550904656e-11,99.9917513143252
750851.6311645508,2.8227287032647533e-11,1.2974424713408299e-11,99.9917513205402
752677.9174804688,2.3307064832319824e-11,1.0712887767347616e-11,99.99175353718717
756154.0603637695,3.5890189031369116e-11,1.6496610354332573e-11,99.99175807047277
757470.1309204102,2.671287675167787e-11,1.2278339320826045e-11,99.99175996969225
757474.8992919922,2.6421547137238972e-11,1.2144432220758227e-11,99.99175997551508
759577.751159668,2.3802427448540393e-11,1.0940576845740353e-11,99.99176248559097
763459.2056274414,3.9468487492148075e-11,1.8141343832537012e-11,99.99176729957428
764145.8511352539,3.0532044533245265e-11,1.4033786268048062e-11,99.99176832624052
764150.6195068359,3.021402345819252e-11,1.3887610672399187e-11,99.9917683328975
766439.4378662109,2.8583570903085736e-11,1.3138187467096095e-11,99.99177156021453
770239.8300170898,2.0355719885829637e-09,9.356327968765251e-10,99.99178224132015
770888.3285522461,3.2841718204683693e-11,1.5095407497461993e-11,99.99178372877918
770893.0969238281,3.297148093374372e-11,1.5155051796853873e-11,99.99178373599146
771141.0522460938,3.9082252253154985e-11,1.796381419519761e-11,99.99178411011364
775356.2927246094,2.7658410831686544e-11,1.27129457610711e-11,99.99179008393504
777683.2580566406,3.738940368879521e-11,1.7185711211935916e-11,99.99179349679231
777688.0264282227,3.579333119388484e-11,1.645209049952365e-11,99.9917935048122
778074.2645263672,4.415962027001546e-11,2.029758183644601e-11,99.99179420428419
784239.7689819336,2.5879307419771668e-11,1.1895196494251376e-11,99.99180417328225
784544.9447631836,2.6148608448638304e-11,1.2018978348321601e-11,99.99180454466781
784549.7131347656,2.621545482087256e-11,1.2049703696560513e-11,99.99180455040623
787076.9500732422,3.008889086484029e-11,1.3830094574243376e-11,99.99180762013366
788917.5415039062,2.335958674580425e-11,1.073702900385822e-11,99.9918097201455
791459.0835571289,2.5148714533476354e-11,1.1559385887003615e-11,99.99181257740823
791463.8519287109,2.4848716667408744e-11,1.1421494501162122e-11,99.99181258288729
791468.620300293,2.476154250729512e-11,1.1381425663656037e-11,99.99181258832394
796856.8801879883,1.3090491732868915e-09,6.016929620376324e-10,99.99182271713678
798439.9795532227,5.025977362720303e-11,2.31014637816551e-11,99.99182678591634
798444.7479248047,5.0454729729982225e-11,2.3191073643027983e-11,99.99182679695335
798473.3581542969,5.0997726447287063e-11,2.3440657317865428e-11,99.99182686249482
804748.53515625,2.6614822490109648e-11,1.2233269540188809e-11,99.99183664139692
805482.8643798828,2.7953960960856737e-11,1.2848792783688671e-11,99.99183758612648
805487.6327514648,2.8754107229713908e-11,1.3216572992711054e-11,99.99183759234094
808019.6380615234,2.7588569896005057e-11,1.2680843988029098e-11,99.99184094080806
811653.1372070312,4.050859989640555e-11,1.8619422369341228e-11,99.99184655334955
812582.9696655273,3.789697062240006e-11,1.7419009897688286e-11,99.99184820241767
812587.7380371094,3.770460865560018e-11,1.7330592408147703e-11,99.99184821070263
812969.2077636719,4.1150965164057726e-11,1.891467992611677e-11,99.99184888613082
818414.6881103516,2.223585896720834e-11,1.022051739419147e-11,99.99185573946417
819749.8321533203,2.4743777627835147e-11,1.1373260192747352e-11,99.99185718572434
819754.6005249023,2.4662521726498983e-11,1.1335911630939521e-11,99.99185719113862
823168.7545776367,3.416684703820914e-11,1.5704491334185565e-11,99.99186149393422
824484.8251342773,2.3354649053321562e-11,1.0734759436850222e-11,99.9918630805631
826978.6834716797,2.5747290201625905e-11,1.1834515938740507e-11,99.99186596659965
826983.4518432617,2.6407970925925754e-11,1.2138192034396252e-11,99.99186597231517
828013.4201049805,2.4933361246558352e-11,1.1460400638982047e-11,99.99186719661269
829658.5083007812,1.099566577614814e-10,5.0540612571598404e-11,99.99186922324228
834274.2919921875,2.982366645520758e-11,1.3708186502420614e-11,99.9918752071281
834279.0603637695,2.9187223486897784e-11,1.3415651078553523e-11,99.99187521359491
834608.0780029297,2.832863173346795e-11,1.302100691556526e-11,99.99187565622374
841622.3526000977,5.045397858435415e-11,2.3190728385533383e-11,99.99188784018631
841631.8893432617,4.966352900990231e-11,2.2827405176979565e-11,99.99188786199907
841636.6577148438,4.863996675682054e-11,2.2356933771890714e-11,99.99188787277187
845122.3373413086,7.097157094031083e-11,3.262145961432173e-11,99.99189574517854
849013.3285522461,2.363171929611704e-11,1.0862112341906876e-11,99.99190117898976
849051.4755249023,2.4388060501060876e-11,1.1209757937809965e-11,99.99190122127023
849056.2438964844,2.4139034554242745e-11,1.1095295347234395e-11,99.99190122658817
851702.6901245117,5.240558920772679e-11,2.4087769077880117e-11,99.9919041709753
855784.4161987305,2.243854092968711e-11,1.031367837915985e-11,99.99190863828363
856537.8189086914,2.414354791345187e-11,1.1097369873177877e-11,99.99190945239754
856542.5872802734,2.391228499243031e-11,1.099107190149088e-11,99.99190945766384
856752.3956298828,2.3220267178113997e-11,1.0672991987477187e-11,99.99190969107332
863976.4785766602,3.311908990315883e-11,1.522289896397571e-11,99.9919190657786
864090.9194946289,3.2713511092482916e-11,1.5036478223704705e-11,99.99191923609987
864095.6878662109,3.300522271255442e-11,1.5170560909308414e-11,99.99191924330181
864305.4962158203,3.1768922777240024e-11,1.4602306495932588e-11,99.99191955971469
871696.4721679688,8.543271061604603e-11,3.9268395530476266e-11,99.99193619942356
871710.7772827148,8.299047149729307e-11,3.814584175682624e-11,99.99193625469958
871715.5456542969,8.392205806666947e-11,3.857403734623648e-11,99.99193627299103
873332.0236206055,2.0732703510009604e-10,9.52960518256386e-11,99.991943755988
877375.602722168,4.7834357855917254e-11,2.1986642711997774e-11,99.99195834146441
879397.3922729492,5.128345239107552e-11,2.3571988739906208e-11,99.99196308017243
879402.1606445312,5.0898044034429114e-11,2.3394839171779316e-11,99.9919630913702
881381.0348510742,4.701873301830706e-11,2.1611747914714565e-11,99.99196765077374
885314.94140625,5.58015521738018e-11,2.5648693646433327e-11,99.99197709129878
887155.5328369141,4.981028342153108e-11,2.289485955411598e-11,99.99198151678706
887160.3012084961,5.056141646896383e-11,2.3240111266134836e-11,99.99198152778649
887174.6063232422,5.3586472394056066e-11,2.4630551669017493e-11,99.99198156183505
890183.4487915039,4.362294162237243e-11,2.005090220687039e-11,99.99198812581565
894980.4306030273,4.86963196569801e-11,2.2382835887799225e-11,99.99199855829471
894985.1989746094,4.84200351078484e-11,2.225584411993853e-11,99.99199856893739
895013.8092041016,4.841992354127316e-11,2.225579283934152e-11,99.99199863384469
902810.0967407227,8.994738765674596e-11,4.134352720367484e-11,99.99201883198332
902872.0855712891,8.830982320573993e-11,4.059083507784787e-11,99.99201907981455
902876.8539428711,8.711130412361163e-11,4.003994630200938e-11,99.99201909903843
904307.3654174805,1.0963210622936783e-10,5.039143530868403e-11,99.99202552380564
908136.3677978516,5.63833738264926e-11,2.5916122862026617e-11,99.99204025488964
910830.4977416992,5.967666582186582e-11,2.7429855620113514e-11,99.99204786308411
910835.2661132812,5.911012324792826e-11,2.7169449298953717e-11,99.99204787610161
911850.9292602539,5.7881269889266954e-11,2.6604617639172537e-11,99.99205067240139
917906.7611694336,1.1674919451197612e-10,5.3662742465995376e-11,99.99207096655782
918865.2038574219,9.456264778496624e-11,4.346489101016222e-11,99.99207545111723
918869.9722290039,9.596468788697024e-11,4.4109326436336586e-11,99.99207547199654
919518.4707641602,9.231908358194444e-11,4.243365641761577e-11,99.9920783029342
926785.4690551758,1.4212256279136453e-10,6.532538847536038e-11,99.9921148028959
926966.667175293,1.370823950451665e-10,6.30087196119885e-11,99.99211594371525
926971.435546875,1.3694969716060622e-10,6.29477261941349e-11,99.99211597374561
927109.7183227539,1.3327163690321235e-10,6.125713808179727e-11,99.99211684523922
935101.5090942383,2.605850629474264e-10,1.1977563684174702e-10,99.9921822282905
935144.4244384766,2.5997887210571574e-10,1.1949700654232661e-10,99.99218273579794
935149.1928100586,2.588317824437772e-10,1.1896975684804543e-10,99.99218279265283
935878.7536621094,2.747761821145044e-10,1.26298460201261e-10,99.99219160099778
943303.108215332,9.90544997393592e-11,4.5529531332791954e-11,99.99224468169466
943388.9389038086,1.0139825866016252e-10,4.660681954788577e-11,99.99224508322214
943393.7072753906,1.0191518748060698e-10,4.6844421342747976e-11,99.99224510550266
946002.0065307617,8.903596107607756e-11,4.092459797611555e-11,99.9922568921843
951151.8478393555,1.4162400707825172e-10,6.509623171800923e-11,99.99228370010843
951709.7473144531,1.3663866169575058e-10,6.280476147289542e-11,99.99228720767923
951714.5156860352,1.3478745657254538e-10,6.195387128736953e-11,99.99228723742401
956163.4063720703,1.1343421601614695e-10,5.2139041698331874e-11,99.99231267909113
960030.5557250977,1.5938881152822293e-10,7.326166814900562e-11,99.99233740882758
960102.0812988281,1.5710910002377238e-10,7.221381876664823e-11,99.99233792530792
960106.8496704102,1.581946610700365e-10,7.271278737281546e-11,99.99233795986112
960254.6691894531,1.533063444251116e-10,7.046591553523774e-11,99.99233903003379
967235.5651855469,3.7053157550154866e-10,1.7031158625783458e-10,99.99241523238351
968565.9408569336,3.220341209066844e-10,1.4802015695025556e-10,99.99243649151983
968570.7092285156,3.1797834945363254e-10,1.4615595720227588e-10,99.99243656165689
968642.2348022461,3.2376200448225226e-10,1.4881436346889164e-10,99.99243759845263
974922.1801757812,1.8375758943408468e-10,8.446256301118948e-11,99.9924986926117
977110.8627319336,2.1850884141404634e-10,1.0043567094711017e-10,99.99251881869966
977115.6311035156,2.1703578406678328e-10,9.975859306752179e-11,99.9925188664297
979342.4606323242,1.841979495636156e-10,8.46649706793716e-11,99.99253970335008
984277.7252197266,3.0029067310864177e-10,1.3802597202772504e-10,99.99259464657302
985727.3101806641,2.5867753601032756e-10,1.188988588288419e-10,99.99261285994658
985732.0785522461,2.5299595536437066e-10,1.1628737015623703e-10,99.99261291601934
989332.1990966797,2.1848802723098454e-10,1.0042610389056683e-10,99.99265351288128
994338.9892578125,3.0673306652271e-10,1.4098716161099283e-10,99.99271611494535
994420.051574707,3.0362448344907663e-10,1.3955832868746094e-10,99.99271723037634
994424.8199462891,2.9824019473753263e-10,1.3708348764296437e-10,99.99271729633288
1000876.4266967773,5.434800853090897e-10,2.4980585069772944e-10,99.9928205190554
1003179.5501708984,1.8531504110300915e-10,8.517843199994001e-11,99.99284552573813
1003189.0869140625,1.8808606726205535e-10,8.645210985066111e-11,99.99284560804033
1003193.8552856445,1.8539314898600012e-10,8.52143336027479e-11,99.9928456489688
1006150.2456665039,3.6337727085623117e-10,1.6702317292607867e-10,99.99286942779665
1011786.4608764648,1.3946589616411524e-10,6.410427497961408e-11,99.99291020989193
1012034.4161987305,1.476761373813926e-10,6.787804028795855e-11,99.99291185414748
1012039.1845703125,1.4699203769340657e-10,6.75635998712095e-11,99.9929118864393
1012067.7947998047,1.4128376767946798e-10,6.493984366488357e-11,99.99291207658588
1016836.1663818359,2.1458498101641488e-10,9.86321029578765e-11,99.99295117644657
1020960.807800293,1.7126249384998603e-10,7.871930200437627e-11,99.99298637699219
1020965.576171875,1.7327887338641304e-10,7.964611315908524e-11,99.99298641474944
1022520.0653076172,1.5154063841071585e-10,6.96543242645891e-11,99.99299820906793
1026988.0294799805,5.817607993853522e-10,2.6740124490559397e-10,99.99303716323749
1029963.493347168,2.419828063898353e-10,1.1122527290040107e-10,99.9930684917035
1029968.26171875,2.506091239746427e-10,1.1519028405887996e-10,99.99306854568518
1030592.9183959961,2.583953948553894e-10,1.187691751235299e-10,99.99307581032816
1038999.5574951172,9.631606501064599e-11,4.4270833846945055e-11,99.99313925602975
1039047.2412109375,9.676199643608892e-11,4.447580231238987e-11,99.99313947122805
1039052.0095825195,9.80222037354575e-11,4.505504553580112e-11,99.99313949257387
1039242.7444458008,9.376297263268317e-11,4.30973273457378e-11,99.99314034319133
1048011.7797851562,2.327029669836259e-09,1.0695987617314464e-09,99.99345973232853
1048207.2830200195,2.1961097729282245e-09,1.0094225802955234e-09,99.9934800352073
1048212.0513916016,2.2463821301453944e-09,1.0325298280138517e-09,99.99348052204668
1048278.80859375,2.3882682861647296e-09,1.0977465541915605e-09,99.99348742799762
1055049.8962402344,7.651736300106247e-11,3.5170534255650835e-11,99.99366512703247
1057453.1555175781,1.0542213462392273e-10,4.8456358814182146e-11,99.99367474139495
1057457.9238891602,1.0529733333162066e-10,4.839899499564597e-11,99.99367476448707
1059112.548828125,1.320788033006821e-10,6.07088625867505e-11,99.99368292618516
1066651.3442993164,8.29653144350894e-11,3.8134278534005905e-11,99.99372067531769
1066775.3219604492,8.777458611048333e-11,4.034481804517313e-11,99.99372116617477
1066780.0903320312,8.548938230705273e-11,3.929444417579941e-11,99.99372118516226
1066884.994506836,8.824511753313291e-11,4.056109368340216e-11,99.99372159084668
1072688.102722168,4.8063168655148914e-11,2.2091813587428077e-11,99.99373838407608
1076183.3190917969,5.1090242786391405e-11,2.3483181641052457e-11,99.99374691984092
1076188.087463379,5.1677072453269345e-11,2.3752912746407934e-11,99.99374693110289
1081604.9575805664,6.142047012314718e-11,2.8231379960576156e-11,99.993759603148
1085419.6548461914,4.685420530589271e-11,2.1536124195881073e-11,99.99376902327528
1085672.378540039,4.797946484882165e-11,2.2053339867578106e-11,99.99376958633405
1085677.146911621,4.862988372338685e-11,2.2352299194078936e-11,99.99376959692117
1085705.7571411133,4.737508756045774e-11,2.1775543152034666e-11,99.99376966100078
1091365.8142089844,7.679844891049527e-11,3.529973292662895e-11,99.99378440027039
1095247.2686767578,6.207049662414348e-11,2.853015893601019e-11,99.99379585791341
1095252.0370483398,6.13260178649202e-11,2.8187965809157355e-11,99.99379587143606
1096611.0229492188,6.770012599349223e-11,3.1117768660335746e-11,99.99379982144043
1104860.3057861328,3.468967428168339e-11,1.594480428741872e-11,99.99381967400414
1104907.9895019531,3.5998413204401835e-11,1.6546354645505858e-11,99.99381975245379
1104912.7578735352,3.57974259457063e-11,1.6453972616255813e-11,99.99381976032168
1106610.2981567383,3.3567896030189715e-11,1.5429188760772112e-11,99.99382247999092
1111574.1729736328,8.205813237697701e-11,3.771730026398227e-11,99.99383132907158
1114649.772644043,3.548283594624659e-11,1.6309374084386262e-11,99.99383648764577
1114654.541015625,3.48033832419835e-11,1.5997069612915548e-11,99.99383649534822
1117663.3834838867,3.2153687372934246e-11,1.4779160164988556e-11,99.99384126779741
1122984.8861694336,4.916208036330359e-11,2.259691870814497e-11,99.99385119070399
1124482.1548461914,4.670919494368218e-11,2.1469471455750978e-11,99.99385445162731
1124486.9232177734,4.5499125499747516e-11,2.0913273657494007e-11,99.99385446173216
1125302.3147583008,6.564844569848868e-11,3.0174731821807165e-11,99.99385640178197
1132445.3353881836,3.7706510306966047e-11,1.7331466485505863e-11,99.99387109909362
1134395.5993652344,4.359015440406074e-11,2.0035831849770356e-11,99.99387482023116
1134400.3677368164,4.2296939547264777e-11,1.9441416992318623e-11,99.99387482964327
1134428.9779663086,4.432902804364296e-11,2.0375448632580332e-11,99.99387488577221
1139650.3448486328,2.5870075757618056e-11,1.189095324177539e-11,99.99388215200082
1144399.642944336,2.901999405818045e-11,1.3338785539536263e-11,99.99388823289543
1144404.411315918,2.9303445141032016e-11,1.3469071341715487e-11,99.99388823928692
1145024.299621582,2.7793588033300716e-11,1.2775078775245781e-11,99.99388906545396
1152186.393737793,5.493644508017181e-11,2.5251054764511876e-11,99.99390050668875
1154494.285583496,4.504574997547036e-11,2.0704883577362233e-11,99.99390589265911
1154499.0539550781,4.614098350582656e-11,2.120829805594006e-11,99.99390590265197
1157116.8899536133,3.645614336482918e-11,1.6756746295920298e-11,99.99391146765252
1161627.7694702148,7.384397419884282e-10,3.394173455896194e-10,99.99396782030685
1164674.7589111328,2.064363653064997e-10,9.488666327305978e-11,99.99402942078726
1164679.5272827148,2.0404316270997698e-10,9.378664870642414e-11,99.99402946577047
1164684.2956542969,2.0835774707995878e-10,9.576980953988404e-11,99.99402951096427
1174569.1299438477,2.412590361295413e-11,1.1089259825330774e-11,99.99405071321124
1174945.8312988281,2.4953649992970492e-11,1.1469726183181504e-11,99.99405114347728
1174950.5996704102,2.527716427883623e-11,1.1618426684962718e-11,99.99405114898194
1180214.8818969727,2.333676004189159e-11,1.0726536909771122e-11,99.994057528716
1184186.9354248047,4.093079720898786e-11,1.8813481658140995e-11,99.9940628807865
1185307.502746582,3.5857330595428014e-11,1.648150726267431e-11,99.9940647713005
1185312.271118164,3.5557908927827993e-11,1.634388072140074e-11,99.99406477912669
1185455.322265625,3.6631852726768806e-11,1.683750956180873e-11,99.99406501582506
1189322.4716186523,2.1680475689108532e-11,9.965240345410347e-12,99.99406996866428
1195759.7732543945,2.6496211730002807e-11,1.217875114543743e-11,99.99407772805789
1195764.5416259766,2.6507629816702333e-11,1.2183999368764129e-11,99.99407773386643
1200189.5904541016,2.9839430442728446e-11,1.3715432280912751e-11,99.99408283656477
1202650.0701904297,2.073727935831734e-11,9.531708431073006e-12,99.99408536348889
1206302.6428222656,2.4664720486456743e-11,1.1336922271654012e-11,99.99408934785522
1206307.4111938477,2.46136626305376e-11,1.1313453976352206e-11,99.99408935325548
1210436.8209838867,2.103677503009514e-11,9.669368987717308e-12,99.99409381824732
1216187.4771118164,4.019284798653591e-11,1.8474289775550677e-11,99.99410128842439
1216940.8798217773,3.2950391605529605e-11,1.5145358272256417e-11,99.99410245545208
1216945.6481933594,3.277197974175475e-11,1.5063352825121224e-11,99.99410246265438
1216950.4165649414,3.3414375822056496e-11,1.535862454466068e-11,99.99410246990756
1227593.4219360352,2.0292295561126866e-11,9.327175534636419e-12,99.99411385307477
1227674.4842529297,2.051802930066862e-11,9.430932066589816e-12,99.99411393045438
1227679.2526245117,2.0735734758526018e-11,9.530998469336986e-12,99.99411393497525
1229009.6282958984,3.14806672541269e-11,1.4469812374959157e-11,99.99411535302906
1238479.6142578125,1.8107818485828306e-11,8.323099821697839e-12,99.99412425711542
1238498.6877441406,1.8556178934495338e-11,8.529184766346334e-12,99.99412427336071
1238503.4561157227,1.842869370747295e-11,8.470587300774788e-12,99.99412427741379
1239314.079284668,1.6994045973067646e-11,7.81116406258775e-12,99.99412494753827
1248188.0187988281,3.031090780537423e-11,1.3932142712157841e-11,99.99413346991602
1249418.2586669922,2.1437231800742783e-11,9.85343542724914e-12,99.99413480554222
1249423.0270385742,2.1944154780118263e-11,1.008643812509243e-11,99.99413481029625
1254830.3604125977,1.7277518894551568e-11,7.941459902702645e-12,99.99413972295265
1259951.5914916992,3.825934164122483e-11,1.7585570555700697e-11,99.99414436272545
1260437.9653930664,2.162469217541486e-11,9.93959994299297e-12,99.99414499266538
1260442.7337646484,2.117137500256649e-11,9.731236683583247e-12,99.99414499735528
1262221.336364746,1.5791619311281195e-11,7.2584792020590225e-12,99.99414639874904
1266536.7126464844,4.024557956594367e-11,1.8498527383162552e-11,99.99414998193856
1271553.0395507812,1.993346908475133e-11,9.162244094447804e-12,99.99415418553315
1271557.8079223633,2.005543564895155e-11,9.218304955094404e-12,99.9941541899154
1271600.7232666016,1.953206103924636e-11,8.977740409777824e-12,99.9941542298015
1282005.3100585938,5.948376537400623e-11,2.7341190622480467e-11,99.99417080498223
1282768.2495117188,4.636851653436541e-11,2.1312881615287323e-11,99.9941725187391
1282773.0178833008,4.6983916535741535e-11,2.1595744824112568e-11,99.99417252896933
1283736.228942871,1.9256603722955166e-10,8.851128872231052e-11,99.99417469530884
1293687.8204345703,1.8829281005618398e-11,8.654713736125251e-12,99.99419098986141
1294078.8269042969,1.9770392662801688e-11,9.087287448537395e-12,99.99419134690028
1294083.595275879,1.9620167165746e-11,9.018237617452707e-12,99.99419135121697
1299514.7705078125,1.3908738017591174e-11,6.3930293428142714e-12,99.99419575185561
1304192.5430297852,2.4235636905522458e-11,1.1139697770051976e-11,99.99419947251857
1305489.5401000977,1.567104358468795e-11,7.203057627710089e-12,99.99420048286842
1305494.3084716797,1.54527409586729e-11,7.102716741861028e-12,99.9942004862792
1310634.6130371094,2.699825124271215e-11,1.240950920069332e-11,99.9942046461575
1314082.145690918,1.4739642129357033e-11,6.774947124345981e-12,99.99420740122474
1317005.1574707031,1.6262008438644925e-11,7.47468943550894e-12,99.99420946904497
1317009.9258422852,1.6155731213776726e-11,7.425840041969716e-12,99.99420947259753
1318211.555480957,1.5335533588082197e-11,7.048843402782185e-12,99.99421037332645
1328191.7572021484,2.258274763256611e-11,1.03799617243325e-11,99.99421829222132
1328616.1422729492,1.8028679639356292e-11,8.286724345575407e-12,99.99421864284118
1328620.9106445312,1.8066703358131154e-11,8.304201614148815e-12,99.99421864679677
1332721.7102050781,3.1772910757544125e-11,1.4604139536074004e-11,99.99422194218822
1334900.8560180664,1.3390554988667965e-11,6.154851062033901e-12,99.99422361412671
1340332.03125,1.6325153689214696e-11,7.503713595662171e-12,99.99422733509405
1340336.799621582,1.6245369456845724e-11,7.467041473577217e-12,99.99422733866336
1341557.502746582,2.4738610446020173e-11,1.137088514298216e-11,99.99422838075661
1344966.8884277344,1.419478345116696e-11,6.524507615531406e-12,99.99423091584751
1352152.8244018555,1.6016945216879484e-11,7.362048276720158e-12,99.99423592508768
1352157.5927734375,1.5863959904921342e-11,7.29172992094043e-12,99.9942359285814
1359243.392944336,1.397774928046775e-11,6.424749764034128e-12,99.9942416510654
1363654.1366577148,5.103895588377884e-11,2.345960806644853e-11,99.99424527065244
1364078.5217285156,2.6118606457581725e-11,1.2005188196481444e-11,99.99424597232145
1364083.2901000977,2.4505734673671262e-11,1.1263845838339699e-11,99.99424597786921
1369485.855102539,1.2493594296708302e-11,5.742570953242102e-12,99.99424942410243
1370239.2578125,2.612583929337475e-11,1.2008512705965919e-11,99.99424989877852
1376104.3548583984,1.81803157097683e-11,8.356422534321714e-12,99.99425379938121
1376109.1232299805,1.855544664626483e-11,8.528848176489001e-12,99.99425380340699
1381049.1561889648,1.5298194803325502e-11,7.03168095811807e-12,99.99425776450529
1385712.6235961914,3.6763789145233665e-11,1.6898152978455507e-11,99.99426151873737
1388239.860534668,1.6319132145275083e-11,7.500945845845739e-12,99.99426368534836
1388244.62890625,1.6041645425595327e-11,7.373401510844942e-12,99.99426368889469
1392192.8405761719,2.0579101624283596e-11,9.459003424063843e-12,99.99426655976299
1396493.911743164,1.3705843346303467e-11,6.299770588108961e-12,99.99426943045516
1400485.0387573242,1.5681936793335355e-11,7.208064595447362e-12,99.99427224100104
1400489.8071289062,1.551443934245712e-11,7.1310758623964675e-12,99.99427224441976
1403551.1016845703,1.415079316490957e-11,6.5042878665874976e-12,99.99427445797322
1408190.7272338867,2.1355145719827025e-11,9.81570528068463e-12,99.99427785493465
1412835.1211547852,2.0463917120592602e-11,9.406059877999298e-12,99.99428147497609
1412839.8895263672,1.9461059335187802e-11,8.945105099740201e-12,99.99428147935136
1414318.0847167969,3.2506879370065155e-11,1.4941501766250243e-11,99.99428307041084
1419434.5474243164,1.3006239756949936e-11,5.9782039391851995e-12,99.9942869813076
1425294.8760986328,1.4496408616608806e-11,6.663146975246292e-12,99.99429099209496
1425299.6444702148,1.4698771661634397e-11,6.756161372606686e-12,99.99429099529436
1425933.837890625,1.4153901788101672e-11,6.5057167179511315e-12,99.99429142193884
1436429.0237426758,3.15847704138796e-11,1.4517662478551371e-11,99.99429892278907
1437864.3035888672,1.5266868300020357e-11,7.017282005849053e-12,99.99430018011289
1437869.0719604492,1.532495407625484e-11,7.043980623034705e-12,99.99430018346537
1447076.7974853516,1.268112368416316e-11,5.828767190105762e-12,99.994306518023
1448192.5964355469,1.88397225795565e-11,8.659513113932716e-12,99.99430720040701
1450543.4036254883,1.4170246236564047e-11,6.513229300219912e-12,99.99430872782689
1450548.1719970703,1.4270871727803321e-11,6.559480924005921e-12,99.99430873094367
1453251.838684082,1.3548734489958022e-11,6.2275568813469164e-12,99.99431049746264
1458477.9739379883,2.940880206378327e-11,1.3517497726464809e-11,99.9943141347641
1463332.176208496,1.5523773960304303e-11,7.135366437553288e-12,99.99431787574521
1463336.9445800781,1.586825504126093e-11,7.293704142657429e-12,99.99431787918537
1473946.5713500977,3.3041258801051184e-11,1.518712458107135e-11,99.99432566559521
1476163.8641357422,1.2704975489821249e-11,5.8397304632120935e-12,99.99432707359126
1476240.1580810547,1.307440608032303e-11,6.00953599137892e-12,99.99432711946434
1476244.9264526367,1.2921504623272499e-11,5.9392561787714214e-12,99.99432712231314
1485557.5561523438,1.1568561331601825e-11,5.31738767050885e-12,99.99433252350694
1489224.4338989258,2.3503501038157655e-11,1.0803177945099477e-11,99.99433471240326
1489257.8125,2.2283064191191794e-11,1.0242214861041348e-11,99.99433474717877
1489262.580871582,2.1597868365415332e-11,9.92727061417851e-12,99.99433475198755
1491885.1852416992,1.2230478053959852e-11,5.621631881822795e-12,99.994336530739
1502366.065979004,4.4635244200890184e-11,2.051619820138013e-11,99.99434697049205
1502389.907836914,4.12942651063744e-11,1.8980546486756235e-11,99.99434701757386
1502394.676208496,4.252036078969883e-11,1.9544110605274914e-11,99.99434702675885
1502451.8966674805,4.177053415147108e-11,1.9199459372779845e-11,99.99434714155137
1515607.8338623047,2.3263138743043458e-10,1.0692697525982532e-10,99.99442598727693
1515636.4440917969,2.151790569573738e-10,9.890516474950755e-11,99.9944262740257
1515641.212463379,2.11588128755191e-10,9.725462612152713e-11,99.99442632079383
1516036.9873046875,2.4185400467871716e-10,1.1116607032447065e-10,99.9944303479544
1528930.6640625,1.3613313097607907e-11,6.257239871500419e-12,99.99446828235557
1529002.1896362305,1.4060787743790693e-11,6.462917664812355e-12,99.99446832866138
1529006.9580078125,1.4075954641623141e-11,6.469888996270297e-12,99.99446833174481
1534533.5006713867,1.1293079156293519e-11,5.190764706733067e-12,99.99447155182827
1540479.6600341797,1.1618122016715253e-10,5.34016780439155e-11,99.9944751115789
1542487.1444702148,1.2523925171627157e-11,5.756512273662705e-12,99.99447632969117
1542491.9128417969,1.2442136311368675e-11,5.7189187419643944e-12,99.99447633242713
1552300.4531860352,1.1679968361719088e-11,5.3685949340028244e-12,99.9944823641065
1555609.7030639648,2.6295053847516754e-11,1.2086290690459757e-11,99.99448426651666
1556091.30859375,1.3226862688424187e-11,6.079611333071598e-12,99.99448456303406
1556096.076965332,1.318486215733893e-11,6.0603061576270514e-12,99.99448456592846
1556167.6025390625,1.2888841779458768e-11,5.924242989317652e-12,99.99448460937592
1562166.2139892578,2.498793177471971e-11,1.1485483503246741e-11,99.9944886689274
1569814.682006836,1.482661189395471e-11,6.814922013247288e-12,99.99449416361165
1569819.450378418,1.5068956638877652e-11,6.926313648017437e-12,99.99449416688783
1571092.6055908203,5.087197510657313e-11,2.3382856817915994e-11,99.99449566839657
1577072.1435546875,1.0897213531433078e-11,5.008808547062542e-12,99.99449950713269
1583657.2647094727,1.2012481221608979e-11,5.521431551347302e-12,99.99450307917333
1583662.0330810547,1.2148620877804429e-11,5.584006949322113e-12,99.99450308182107
1583805.0842285156,1.200690129159858e-11,5.518866785497071e-12,99.99450316303616
1593718.5287475586,4.657256963039235e-11,2.14066728297557e-11,99.99451009140823
1597623.8250732422,1.4088447625464201e-11,6.475631286632959e-12,99.99451280032629
1597628.5934448242,1.4195488634673671e-11,6.524831746940364e-12,99.99451280342583
1603169.4412231445,1.088922361418659e-11,5.00513605173343e-12,99.99451591970612
1608195.3048706055,2.1392498278103984e-11,9.832874056226435e-12,99.9945187646767
1611709.5947265625,1.220684427070409e-11,5.610768820799954e-12,99.9945208828261
1611714.3630981445,1.2550756258706811e-11,5.768844947323169e-12,99.9945208855392
1611795.425415039,1.2210305000522858e-11,5.612359514883843e-12,99.99452093222953
1625919.3420410156,7.103662620666774e-11,3.265136169646594e-11,99.99453355635156
1625924.1104125977,7.048100276002564e-11,3.239597425632249e-11,99.99453357186006
1625928.8787841797,7.125561737370066e-11,3.275201906415005e-11,99.99453358739255
1628646.8505859375,1.5671592702656724e-10,7.203310024964434e-11,99.9945487339319
1633214.9505615234,1.1946700193392555e-11,5.491195879134897e-12,99.9945584575133
1640262.6037597656,2.453831471547211e-11,1.127882096857506e-11,99.99456604186301
1640267.3721313477,2.4478630951906098e-11,1.125138785053915e-11,99.99456604723463
1643872.2610473633,3.2984438799660755e-11,1.5161007766182155e-11,99.99456940290709
1654419.8989868164,1.2182382641960282e-11,5.599525247865127e-12,99.9945767819699
1654725.0747680664,1.2289519511280358e-11,5.648769769430939e-12,99.99457695669746
1654729.8431396484,1.2485986337256595e-11,5.739074021460642e-12,99.99457695941251
1658873.5580444336,1.1938651352911978e-11,5.487496300258447e-12,99.9945793317056
1665897.3693847656,3.579888510147646e-11,1.6454643304397506e-11,99.99458497835117
1669316.291809082,1.309597581606525e-11,6.019450331079788e-12,99.99458758872618
1669321.060180664,1.3289660090345664e-11,6.1084756076469585e-12,99.9945875916177
1674776.0772705078,3.5421828617685375e-11,1.6281332601318188e-11,99.99459126585153
1677222.2518920898,1.227679142435381e-11,5.642919415998702e-12,99.99459309788276
1684041.0232543945,1.4619740383843436e-11,6.719835339484293e-12,99.99459741045239
1684045.7916259766,1.4347929117892447e-11,6.594899676972395e-12,99.99459741362686
1696853.6376953125,2.708400999114252e-11,1.2448927456643284e-11,99.99460706377226
1698875.4272460938,1.099433597157805e-11,5.053450024161847e-12,99.9946083230953
1698889.7323608398,1.121688677960303e-11,5.155743549582433e-12,99.99460833040612
1698894.5007324219,1.1329900046523798e-11,5.207689105724046e-12,99.99460833287695
1712198.257446289,1.920798622831795e-11,8.828782267571683e-12,99.99461544796702
1713633.5372924805,1.0565717363508383e-11,4.856439243255633e-12,99.99461622567232
1713871.955871582,1.120057159531408e-11,5.148244418334093e-12,99.99461634657614
1713876.724243164,1.1171796276396503e-11,5.135018095575246e-12,99.99461634902786
1715016.3650512695,1.0690843430483103e-11,4.91395234161931e-12,99.99461692650438
1725463.8671875,1.933466519845224e-11,8.887009144241711e-12,99.99462257490782
1728987.693786621,1.1518811884079885e-11,5.29452077364198e-12,99.99462463249172
1728992.4621582031,1.1406448895470746e-11,5.242874112218349e-12,99.99462463500403
1729412.0788574219,1.0943721045925353e-11,5.030185317869098e-12,99.99462485335506
1742138.8626098633,9.798402655523085e-10,4.5037497730018435e-10,99.99470291085886
1744232.177734375,7.702210843517927e-10,3.5402536063929845e-10,99.99478199106565
1744236.946105957,7.676133641476724e-10,3.5282674493730554e-10,99.99478215959233
1744337.0819091797,7.75852116337446e-10,3.5661361506389665e-10,99.99478564168734
1758365.6311035156,1.0466739162952817e-11,4.810944782172939e-12,99.9949239611248
1759614.9444580078,1.081757996524573e-11,4.972205677365467e-12,99.99492458334332
1759619.7128295898,1.0886378382477469e-11,5.0038282659529725e-12,99.99492458572179
1760139.4653320312,1.0619073069457042e-11,4.880963725153626e-12,99.994924850334
1769599.9145507812,2.1560375597241538e-11,9.910037392388349e-12,99.99492992760975
1775131.2255859375,1.2815483385079233e-11,5.890524447260353e-12,99.99493330011956
1775135.9939575195,1.2394472517437704e-11,5.697010497463337e-12,99.99493330288225
1778492.9275512695,3.954567927894507e-11,1.8176824359770563e-11,99.99493573826443
1790099.1439819336,1.1600254512336495e-11,5.331955162839757e-12,99.99494281801199
1790785.789489746,1.204854400376724e-11,5.538007492617437e-12,99.99494319810076
1790790.5578613281,1.2134009030184569e-11,5.577290741822313e-12,99.99494320075084
1797227.8594970703,4.775923479638848e-10,2.195211305709436e-10,99.99494726458815
1798310.2798461914,1.1382843788879011e-11,5.232024232172412e-12,99.99494796476056
1806578.6361694336,1.3689608299399903e-11,6.292308291306391e-12,99.9949530084321
1806583.4045410156,1.3588530618901483e-11,6.2458488226966055e-12,99.99495301142143
1816196.4416503906,2.093347067917257e-11,9.621886049592146e-12,99.99495902822412
1818237.3046875,1.1054063820425976e-11,5.08090340561062e-12,99.99496019481013
1822509.765625,1.7413351033623215e-11,8.003893953130798e-12,99.99496292504107
1822514.533996582,1.8288772409207636e-11,8.40627370421675e-12,99.99496292895354
1827054.0237426758,1.1194761657816947e-11,5.145573931561526e-12,99.99496561918951
1829214.096069336,1.9607786902967335e-11,9.01254713833694e-12,99.99496688161119
1838579.1778564453,1.344617383515027e-11,6.180415776612976e-12,99.99497246820737
1838583.9462280273,1.3385877387664973e-11,6.152701043791535e-12,99.99497247114779
1839222.9080200195,1.2443721980326523e-11,5.7196475807823156e-12,99.99497285541993
1851234.4360351562,4.514213721399512e-11,2.07491871254902e-11,99.9949834592037
1854796.4096069336,3.692991315586131e-11,1.6974510421750885e-11,99.99498928929385
1854801.1779785156,3.71003515777088e-11,1.7052850946292785e-11,99.9949892974066
1856198.3108520508,4.0909964595076113e-11,1.8803906130019255e-11,99.99499156094564
1871004.1046142578,1.4212347319363209e-11,6.5325806933771405e-12,99.9950078348012
1871151.9241333008,1.4283050085419269e-11,6.56507859918591e-12,99.99500793468331
1871156.6925048828,1.4605129093354174e-11,6.713119388064681e-12,99.9950079378491
1882185.935974121,4.9228032451620325e-11,2.2627233006630963e-11,99.99501672692223
1884684.5626831055,1.3058233596538862e-11,6.00210245116502e-12,99.99501884119037
1887650.489807129,1.3783486508927569e-11,6.335458586279391e-12,99.99502068442185
1887655.258178711,1.3812098768566676e-11,6.3486099602721776e-12,99.99502068744597
1887745.8572387695,1.3221576570550688e-11,6.077181615391093e-12,99.99502074440656
1904201.5075683594,3.811074553008502e-11,1.7517269657549956e-11,99.99503294490775
1904296.875,3.077594597314058e-11,1.4145893423998035e-11,99.99503308884611
1904301.643371582,3.0536773953268086e-11,1.403596010444804e-11,99.99503309556518
1904339.7903442383,3.188813701647028e-11,1.4657102274565875e-11,99.99503314969056
1914916.0385131836,1.3849037011545085e-11,6.365588299423745e-12,99.99504057623635
1921091.079711914,1.5450913379384255e-11,7.1018767110829755e-12,99.99504511767027
1921095.848083496,1.5240186599968284e-11,7.00501799662454e-12,99.99504512103363
1922550.2014160156,1.4417359365993829e-11,6.6268126810730995e-12,99.99504612472285
1932902.3361206055,2.4675308073198012e-11,1.1341788762964793e-11,99.99505374347265
1938033.103942871,1.5927193780014304e-11,7.320794816577824e-12,99.99505773451864
1938037.8723144531,1.5740238066998244e-11,7.234862264134405e-12,99.99505773798897
1944131.851196289,1.500103260708048e-11,6.895092963019822e-12,99.99506244729967
1952280.9982299805,1.405209040988623e-10,6.458920011625908e-11,99.99507046146533
1955122.947692871,2.931534271320677e-11,1.3474539956332087e-11,99.99507613963176
1955127.7160644531,2.913827518567131e-11,1.3393152421549127e-11,99.9950761460375
1955194.4732666016,3.0258871158368893e-11,1.390822452412482e-11,99.99507623369692
1958336.8301391602,1.6625289540437797e-11,7.64166840516919e-12,99.99507890840337
1972365.379333496,1.887233000953274e-11,8.674500832902488e-12,99.99509105948432
1972370.1477050781,1.8849581513438527e-11,8.664044686352653e-12,99.99509106361815
1972622.8713989258,1.8381643484022073e-11,8.448961078559157e-12,99.99509128502413
1985878.9443969727,4.080336395505472e-11,1.8754908081543716e-11,99.99510494851953
1989760.398864746,3.3876028996036576e-11,1.5570819373819532e-11,99.995110566732
1989765.1672363281,3.4172125796797715e-11,1.5706917669235354e-11,99.99511057418918
1998510.3607177734,3.190277501193868e-10,1.4663830500694738e-10,99.99512459068683
2000045.7763671875,2.0666163875038423e-11,9.499020823415467e-12,99.99512624222618
2007303.237915039,2.1773214477035525e-11,1.0007866915246119e-11,99.99513362597074
2007308.006286621,2.257430756270081e-11,1.0376082320303461e-11,99.99513363083065
2007865.9057617188,3.38561802640632e-11,1.556169607839453e-11,99.99513428429503
2024774.5513916016,1.570204820992805e-11,7.217308631551863e-12,99.99515162685265
2025008.201599121,1.591215984878276e-11,7.313884602050846e-12,99.995151800299
2025012.9699707031,1.645628055089235e-11,7.563984906637771e-12,99.99515180384616
2034621.238708496,1.40668477404141e-11,6.465703089067367e-12,99.99515870541134
2036614.4180297852,2.0855633524454654e-11,9.586108884658601e-12,99.9951601160041
2042865.7531738281,1.7384545675125273e-11,7.990653822942514e-12,99.99516466392264
2042870.5215454102,1.7041221896692985e-11,7.832848061785212e-12,99.99516466769526
2053976.058959961,6.869256772809191e-10,3.1573935792271423e-10,99.99517265282675
2060880.6610107422,1.183422381860271e-11,5.439497100748576e-12,99.99517709156264
2060885.4293823242,1.2000342528691709e-11,5.5158521076978944e-12,99.99517709417461
2069745.0637817383,1.0752358015583874e-11,4.942226980703236e-12,99.99518205065714
2074151.0391235352,2.7736245738199944e-11,1.2748721892637172e-11,99.99518445144318
2079052.9251098633,1.4942211398661207e-11,6.8680563108858475e-12,99.99518712989607
2079057.6934814453,1.5633467459883447e-11,7.185786091776303e-12,99.99518713324676
2079067.2302246094,1.4730820556620567e-11,6.770892365870937e-12,99.99518713989558
2089457.5119018555,2.835949453657776e-10,1.3035192732109722e-10,99.99524808669055
2097387.3138427734,7.303056891366127e-11,3.356785995946995e-11,99.9952935176419
2097392.0822143555,7.317328839462859e-11,3.3633459716145313e-11,99.99529353366394
2097525.5966186523,7.698129646797827e-11,3.538377720144182e-11,99.99529398773775
2114105.224609375,1.0872607766112375e-11,4.997498723015335e-12,99.99531318893051
2115883.8272094727,1.185999543148051e-11,5.451342796391922e-12,99.99531412252097
2115888.5955810547,1.1822508904221922e-11,5.434112443183654e-12,99.99531412511624
2130036.3540649414,2.0410816855212167e-11,9.381652807116304e-12,99.9953227749312
2134480.4763793945,1.142720664071906e-11,5.252415227616115e-12,99.99532573972446
2134542.465209961,1.1741652280207846e-11,5.396947405692179e-12,99.99532577310056
2134547.233581543,1.1696100591412058e-11,5.376009971777045e-12,99.99532577566903
2135896.682739258,1.0774114653670041e-11,4.952227228425922e-12,99.99532647566815
2148900.032043457,2.5434493215910508e-11,1.1690741549899965e-11,99.9953356580569
2153363.2278442383,1.4248382084996334e-11,6.5491437570974175e-12,99.99533951795621
2153367.9962158203,1.4372612684533765e-11,6.606245261713705e-12,99.9953395210927
2157192.2302246094,4.008155423302508e-11,1.8423134578654536e-11,99.9953429585679
2161235.809326172,1.1343794334007423e-11,5.214075493005766e-12,99.99534635124922
2172355.6518554688,1.7326886511395533e-11,7.964151294449985e-12,99.99535426245512
2172360.420227051,1.7202088686238186e-11,7.906789069556449e-12,99.99535426623905
2181415.557861328,1.1046359039887908e-11,5.077361970866683e-12,99.9953615588104
2184414.863586426,3.9230279563659425e-11,1.803185364912908e-11,99.99536371495651
2191510.2005004883,1.4125615905890925e-11,6.492715360478442e-12,99.99536845639814
2191514.9688720703,1.3806792259012054e-11,6.346170869734436e-12,99.99536845945917
2191934.585571289,1.3787792491350195e-11,6.337437793303254e-12,99.99536874238115
2209033.966064453,8.269869293539136e-08,3.8011728301997874e-08,99.996627964884
2210836.410522461,6.982679845261647e-09,3.209527498884239e-09,99.99908798133751
2210841.178894043,7.03706773350328e-09,3.2345264143129933e-09,99.99908951771968
2210869.789123535,7.140835844268286e-09,3.282222515578978e-09,99.99909874370255
2226786.6134643555,1.3072459898516702e-11,6.008641445994676e-12,99.99927013017151
2230334.2819213867,1.9091067644867034e-11,8.775041666966752e-12,99.9992727271949
2230339.0502929688,1.9841403396649788e-11,9.119926909038521e-12,99.9992727314614
2233281.135559082,1.2764466943384667e-11,5.867075187643353e-12,99.99927494454029
2243938.446044922,3.636420611701404e-11,1.671448814696125e-11,99.99928470941397
2250003.8146972656,1.9107072340467513e-11,8.782398084814818e-12,99.99929125993873
2250008.5830688477,1.8775056948284217e-11,8.629790124135046e-12,99.99929126409012
2257027.6260375977,1.1259300715982718e-11,5.17523874314181e-12,99.99929588899286
2261462.2116088867,4.9506669497062273e-11,2.2755306078771116e-11,99.99930002786293
2269845.0088500977,3.033185741455793e-11,1.3941772016129382e-11,99.99930982676761
2269849.7772216797,3.043830968277333e-11,1.3990701866806663e-11,99.99930983342722
2281146.0494995117,1.0922609231899476e-11,5.020481457865641e-12,99.99931873518314
2288417.8161621094,4.75843912813582e-11,2.1871747770137654e-11,99.99932371012355
2289862.632751465,2.8232451230244517e-11,1.2976798391503884e-11,99.99932633535906
2289867.401123047,2.911524876416692e-11,1.3382568529024055e-11,99.99932634164361
2291564.94140625,1.0265920977747521e-11,4.7186404660686e-12,99.99932760653789
2297010.4217529297,3.935270182684621e-11,1.8088123967814857e-11,99.99933085937292
2310051.918029785,1.3873564614809859e-11,6.376862196968029e-12,99.99933828731731
2310056.686401367,1.3747723949785833e-11,6.319020639883529e-12,99.99933829034427
2310843.4677124023,1.2633282520981687e-11,5.806777419385608e-12,99.99933882617542
2322301.8646240234,2.09119801561473e-09,9.612008119321318e-10,99.99951826367834
2330427.1697998047,2.0683269995366466e-10,9.506883501471563e-11,99.99989552162295
2330431.9381713867,2.0525237713786856e-10,9.4342453504062e-11,99.99989556678213
2330451.011657715,2.0860352784354585e-10,9.588278051047276e-11,99.99989574382904
2350926.399230957,9.73020333802854e-12,4.472402555349811e-12,99.99992475990915
2350974.0829467773,9.877268475095903e-12,4.5399997547066136e-12,99.99992478185423
2350978.8513183594,1.0194001423246886e-11,4.685583274131907e-12,99.99992478405379
2367095.947265625,8.405365292807175e-12,3.863452376917753e-12,99.99993206638544
2369813.919067383,2.7722308532154088e-11,1.2742315778215048e-11,99.9999334355595
2371706.962585449,9.175774414808009e-12,4.217564167411892e-12,99.9999344616007
2371711.7309570312,8.99960600206109e-12,4.136589902849311e-12,99.99993446359248
2389588.3560180664,8.433216566727313e-12,3.876253970504534e-12,99.99994276003842
2390575.408935547,5.641969436557431e-11,2.5932817279004097e-11,99.99994317515873
2392621.0403442383,1.1040305238082638e-11,5.074579394005452e-12,99.99994497099505
2392625.8087158203,1.0801443068927802e-11,4.964788494618046e-12,99.99994497338862
2397270.2026367188,8.994057001616727e-12,4.134039353502616e-12,99.9999470382672
2400751.1138916016,3.5903024831449234e-11,1.6502510217170375e-11,99.99994911445775
2413721.0845947266,1.3599629992987145e-11,6.2509505525679116e-12,99.99995565874333
2413725.8529663086,1.322103941035194e-11,6.076934714420779e-12,99.99995566168252
2418928.1463623047,8.511151293656267e-12,3.9120759836484194e-12,99.99995825190481
2432532.31048584,3.7988358524605413e-11,1.7461015544759798e-11,99.99996741226968
2435007.095336914,1.2441721158494236e-11,5.718727920589754e-12,99.99996878796014
2435011.863708496,1.2334043315119671e-11,5.669234745048313e-12,99.99996879067524
2447228.43170166,9.705137546837849e-12,4.4608812844494405e-12,99.99997533648653
2451415.0619506836,1.8594243908027682e-11,8.546680997306896e-12,99.99997742298196
2456483.840942383,1.0391286729350191e-11,4.77626373336763e-12,99.99998004316866
2456488.609313965,1.0349632442041039e-11,4.7571177058355404e-12,99.99998004544159
2470545.768737793,8.255897708207201e-12,3.794750913640591e-12,99.99998651152461
2473530.7693481445,2.1582276268942835e-11,9.920103843897943e-12,99.99998793007674
2478141.7846679688,9.2543951475593e-12,4.2537014971104505e-12,99.99998998807799
2478146.553039551,9.155456733673267e-12,4.208225323621171e-12,99.99998999009546
2495789.5278930664,2.5647692763694813e-11,1.1788736850633643e-11,99.99999816678206
2499194.1452026367,8.288202003397478e-12,3.809599299366829e-12,99.99999968520781
2499995.231628418,8.390629781507574e-12,3.856679328493046e-12,99.99999999862318
2500000.0,4.173084875483467e-12,1.9181218328563116e-12,100.0
