frequency_hz,density,normalised_density_per_hz,cumulative_variance_pct
0.0,4.282214760679989e-09,1.90819454866644e-07,0.0
4.76837158203125,1.7925867746184253e-08,7.987932652857571e-07,0.0002359420585995677
9.5367431640625,1.7059982038338792e-08,7.602085963744642e-07,0.0006076370672732882
14.30511474609375,1.4125795454913627e-08,6.294585252973886e-07,0.0009389595278464494
19.073486328125,1.3625797927828396e-08,6.071781725161275e-07,0.0012337966922039963
23.84185791015625,1.2538512159341195e-08,5.587277118965293e-07,0.0015117703165318124
28.6102294921875,1.4406677268337732e-08,6.419748789869992e-07,0.0017980401221738282
33.37860107421875,1.794363103779631e-08,7.995848140079683e-07,0.002141734735867773
38.14697265625,1.4046704412561072e-08,6.259341552155497e-07,0.0024816049429923683
42.91534423828125,1.1010845578118243e-08,4.906534744893742e-07,0.002747820179108998
47.6837158203125,1.2912518547194047e-08,5.753937828516887e-07,0.003001985651459372
52.45208740234375,1.0577791630565636e-08,4.713561895987129e-07,0.0032515502925655965
57.220458984375,1.0190372922710577e-08,4.540924532450736e-07,0.0034721944430238815
61.98883056640625,1.1369203504369725e-08,5.066222355058324e-07,0.0037012466740378724
66.7572021484375,1.3178578392644731e-08,5.872496559239541e-07,0.0039620460561117015
71.52557373046875,1.1035193692204631e-08,4.917384489982794e-07,0.0042192968669547476
76.2939453125,1.1182711168827165e-08,4.983119643508688e-07,0.004455343279744366
81.06231689453125,1.0303008511890987e-08,4.5911159939424435e-07,0.00468361084541083
85.8306884765625,9.657549674213228e-09,4.3034935592260457e-07,0.004895674862543792
90.59906005859375,1.1434344786376128e-08,5.095249913498206e-07,0.005119758368954491
95.367431640625,9.794224173583215e-09,4.364396981687302e-07,0.005345293926109754
100.13580322265625,9.074659893355157e-09,4.0437524755887254e-07,0.005545759830757487
104.9041748046875,9.406413100486127e-09,4.1915847765659425e-07,0.0057421055713655755
109.67254638671875,1.152904120506621e-08,5.137447514511089e-07,0.005964527033688693
114.44091796875,1.0994937985157573e-08,4.899446174173591e-07,0.006203825226873658
119.20928955078125,1.0484550888515651e-08,4.6720129579639593e-07,0.006432026595494949
123.9776611328125,1.0540575940307047e-08,4.696978239808003e-07,0.006655400752393732
128.74603271484375,1.062986061797544e-08,4.7367643189114273e-07,0.006880318702039714
133.514404296875,1.0361986542664627e-08,4.61739715056418e-07,0.0071033392906636105
138.28277587890625,1.1351863828602815e-08,5.058495634979295e-07,0.007334030551610445
143.0511474609375,1.1458614631648507e-08,5.106064781279003e-07,0.0075763725567740735
147.81951904296875,8.430286706186537e-09,3.756613816791816e-07,0.00778767528061266
152.587890625,8.479181745878705e-09,3.778401899223863e-07,0.0079673240546647
157.35626220703125,1.0545218961674307e-08,4.699047213121461e-07,0.008169442191841817
162.1246337890625,1.1707296930065658e-08,5.216879916135551e-07,0.008405856317505027
166.89300537109375,1.1365028035976442e-08,5.064361727679392e-07,0.008650980219916844
171.661376953125,1.373661407321546e-08,6.121162425651468e-07,0.008917663897431179
176.42974853515625,1.0566550239104244e-08,4.7085526278619013e-07,0.009175864424944525
181.1981201171875,1.1162266403676093e-08,4.9740092668484e-07,0.009406714689844501
185.96649169921875,1.0957877910387033e-08,4.882931861696865e-07,0.009641722479660051
190.73486328125,1.1096136456182255e-08,4.944541149912737e-07,0.009876027694818743
195.50323486328125,1.1211883657183107e-08,4.996119174443705e-07,0.010113031505805177
200.2716064453125,1.3997857752741803e-08,6.23757502824279e-07,0.010380863646791772
205.03997802734375,1.3654226527141608e-08,6.084449772250785e-07,0.010674643611250563
209.808349609375,1.317296156080788e-08,5.869993646963803e-07,0.010959659752646478
214.57672119140625,1.3419531472026064e-08,5.97986748252477e-07,0.011242182457950828
219.3450927734375,1.3869706128489513e-08,6.180469477851819e-07,0.01153210748389975
224.11346435546875,9.751867691094765e-09,4.345522540889216e-07,0.011783066689974014
228.8818359375,1.1111482831503014e-08,4.95137963685593e-07,0.012004722110700434
233.65020751953125,8.676711079712219e-08,3.866422799409395e-06,0.013044599230502668
238.4185791015625,7.315792347517475e-07,3.259984810871968e-05,0.021738835725551447
243.18695068359375,4.147369451359364e-07,1.8481062302286236e-05,0.03391747380495769
247.955322265625,4.967789866031335e-08,2.213693163716079e-06,0.03885148799801626
252.72369384765625,4.0288353312985027e-08,1.7952863287589476e-06,0.03980730319225946
257.4920654296875,1.479600692312246e-08,6.593237689052721e-07,0.040392527843992915
262.26043701171875,1.4581314159054759e-08,6.497568605429493e-07,0.040704636987595334
267.02880859375,1.2888266570050113e-08,5.743130922939576e-07,0.04099647800647162
271.79718017578125,1.2530416855163498e-08,5.583669776464978e-07,0.04126652997932348
276.5655517578125,1.1266432312644991e-08,5.020426560412577e-07,0.04151935133745292
281.33392333984375,1.2848697446479304e-08,5.725498555084831e-07,0.04177555415716979
286.102294921875,1.2011601595301848e-08,5.352480892683783e-07,0.04203967376909512
290.87066650390625,1.2410367255417535e-08,5.530174563214987e-07,0.042299136494159846
295.6390380859375,1.402872055993846e-08,6.251327780904791e-07,0.04258002939901653
300.40740966796875,1.435873039700019e-08,6.398383220036362e-07,0.042881622011305506
305.17578125,1.2145239735278501e-08,5.412031285284101e-07,0.0431632042358014
309.94415283203125,1.0135294164534566e-08,4.516380927803945e-07,0.04339991602905931
314.7125244140625,1.1915316861082608e-08,5.309575523564048e-07,0.0436341850866042
319.48089599609375,1.0248948323834076e-08,4.567026273572207e-07,0.043869661623286725
324.249267578125,1.0839884151957012e-08,4.830352750373388e-07,0.04409371259870351
329.01763916015625,1.3177434732202554e-08,5.871986933556745e-07,0.044348876260754004
333.7860107421875,1.046210324940231e-08,4.662010082120407e-07,0.04460002632082778
338.55438232421875,1.1297646567840213e-08,5.034335921556983e-07,0.044831205224495164
343.32275390625,1.10804923917019e-08,4.937570009923565e-07,0.045068953988806976
348.09112548828125,7.93836712327142e-09,3.537409895699396e-07,0.045271013255508266
352.8594970703125,8.650576396632207e-09,3.85477694263399e-07,0.04544725672375314
357.62786865234375,1.0412671732529418e-08,4.6399829404891015e-07,0.045649787581867454
362.396240234375,9.872552614570297e-09,4.3993008602759034e-07,0.04586530090185487
367.16461181640625,1.0210325602559121e-08,4.549815631343738e-07,0.0460786644656695
371.9329833984375,1.023932698186949e-08,4.562738914503657e-07,0.046295924696350146
376.70135498046875,1.0831065969641e-08,4.826423286681126e-07,0.0465197797674462
381.4697265625,1.0128733776159285e-08,4.5134575579977897e-07,0.04674245987944283
386.23809814453125,9.691410791924716e-09,4.31858238681641e-07,0.04695303212086391
391.0064697265625,1.085886211484952e-08,4.838809506365357e-07,0.04717136135720877
395.77484130859375,1.0673455298314608e-08,4.756190512136927e-07,0.04740012398429785
400.543212890625,8.944219821239772e-09,3.985627171640002e-07,0.04760854515939095
405.31158447265625,9.794208789883302e-09,4.3643901265681754e-07,0.047807625085362175
410.0799560546875,1.0051690822215143e-08,4.4791265043385316e-07,0.048018470952302356
414.84832763671875,1.0672837119751298e-08,4.7559150460450713e-07,0.04823865150074099
419.61669921875,1.1268013480242146e-08,5.021131143334742e-07,0.048471754446769225
424.38507080078125,1.0547764029470806e-08,4.7001813188977197e-07,0.048703528597194005
429.1534423828125,8.93663920635069e-09,3.982249179452476e-07,0.04891053387145048
433.92181396484375,1.083192077196677e-08,4.826804194512559e-07,0.04912055807031553
438.690185546875,1.079831378923999e-08,4.811828611824552e-07,0.04935036098413239
443.45855712890625,1.0151190640968675e-08,4.5234645448969267e-07,0.049572931717124596
448.2269287109375,9.167374437572911e-09,4.085066934985507e-07,0.04977817510148306
452.99530029296875,1.048471296096756e-08,4.672085178949245e-07,0.04998696187788112
457.763671875,9.535080932769584e-09,4.248920354035446e-07,0.05019965522421426
462.53204345703125,1.1668509394803955e-08,5.199595831268486e-07,0.050424925404566084
467.3004150390625,1.4696484943752195e-08,6.548889773518312e-07,0.05070503112901492
472.06878662109375,2.431870059890576e-08,1.0836638166674869e-06,0.051119534415858064
476.837158203125,5.18990631345025e-07,2.3126703093804472e-05,0.056891735694180275
481.60552978515625,6.239810248971636e-07,2.7805172246685582e-05,0.06903484104383782
486.3739013671875,4.533546500167821e-08,2.0201902989966684e-06,0.07614576160316834
491.14227294921875,1.3446267564689785e-08,5.991781332979448e-07,0.0767702677029395
495.91064453125,2.9087982617486307e-08,1.296187439547698e-06,0.07722215806969537
500.67901611328125,5.433278453399746e-08,2.421119188454221e-06,0.07810843303402841
505.4473876953125,2.1766036414831517e-08,9.699147369774001e-07,0.07891691852421501
510.21575927734375,1.3562247513063219e-08,6.043463071894771e-07,0.07929225160550021
514.984130859375,1.0402745155977968e-08,4.6355595660623154e-07,0.07954685934585375
519.7525024414062,8.818311358718438e-09,3.9295211948869745e-07,0.0797510667843453
524.5208740234375,8.344933555243373e-09,3.7185796624012535e-07,0.07993341171826733
529.2892456054688,1.1655852089384814e-08,5.193955618772983e-07,0.08014590311806033
534.0576171875,1.3485970593545112e-08,6.009473370268875e-07,0.08041301368012359
538.8259887695312,1.1099930642954349e-08,4.946231874670778e-07,0.080674218047879
543.5943603515625,9.017151972160941e-09,4.018126413408109e-07,0.0808879450044391
548.3627319335938,1.0313870062948162e-08,4.5959560016664075e-07,0.08109332073340568
553.131103515625,9.951342096630029e-09,4.434410183035503e-07,0.08130862144085803
557.8994750976562,1.0812799628620775e-08,4.818283635984732e-07,0.08152922285217729
562.6678466796875,8.991947327710215e-09,4.006894990457636e-07,0.08173963150702067
567.4362182617188,9.68850418128307e-09,4.3172871742006367e-07,0.0819380954754087
572.20458984375,9.056718152931702e-09,4.0357574699239025e-07,0.08213724757893111
576.9729614257812,1.2249750752408764e-08,5.458602362240523e-07,0.08236361075699747
581.7413330078125,1.0104767843046485e-08,4.502778116289385e-07,0.08260110857495559
586.5097045898438,8.964670659623996e-09,3.994740254589218e-07,0.08280370520054302
591.278076171875,8.789785520779014e-09,3.9168098173652393e-07,0.08299233125320764
596.0464477539062,8.925375936581551e-09,3.9772301621507334e-07,0.08318053983273634
600.8148193359375,8.022552846165327e-09,3.574923833341371e-07,0.0833605972152125
605.5831909179688,9.384938171173266e-09,4.1820153492163223e-07,0.08354553705702075
610.3515625,9.809714750415325e-09,4.3712997261591927e-07,0.08374946397970866
615.1199340820312,9.100728642181696e-09,4.0553689514502626e-07,0.08395037141697619
619.8883056640625,1.0401013772257458e-08,4.6347880454446523e-07,0.08415756090531312
624.6566772460938,1.0026258627759678e-08,4.467793682998941e-07,0.08437458336549825
629.425048828125,9.240600867681034e-09,4.117697310284208e-07,0.08457927742184905
634.1934204101562,1.0040066200425568e-08,4.473946465230532e-07,0.08478411817195955
638.9617919921875,8.843725814693638e-09,3.9408461117955086e-07,0.08498474246092443
643.7301635742188,9.825289059099452e-09,4.3782397823196597e-07,0.08518308492475432
648.49853515625,6.878360157652974e-09,3.0650609766506977e-07,0.08536054704383225
653.2669067382812,7.906200696453787e-09,3.5230762380633785e-07,0.08551762047519806
658.0352783203125,8.677037966057146e-09,3.8665684629915096e-07,0.08569380333416715
662.8036499023438,1.0300149491179418e-08,4.589841987840173e-07,0.08589541987056586
667.572021484375,9.602520167763624e-09,4.27897190160459e-07,0.08610686887114961
672.3403930664062,1.2770629920266688e-08,5.69071094253568e-07,0.08634456463292893
677.1087646484375,9.813568504435313e-09,4.373016994634461e-07,0.08658450260445343
681.8771362304688,8.264792570404963e-09,3.6828680974891915e-07,0.08677656987216038
686.6455078125,9.597573668214535e-09,4.2767676956032416e-07,0.0869663423777559
691.4138793945312,1.0007647370934605e-08,4.4595003346261483e-07,0.08717463123879765
696.1822509765625,1.1261081385313231e-08,5.018042137646458e-07,0.08740059345975905
700.9506225585938,1.2354353591313389e-08,5.505214355829827e-07,0.08765148744582864
705.718994140625,1.2676578833257716e-08,5.648800907295372e-07,0.08791741989285978
710.4873657226562,1.2831775852671255e-08,5.717958136197914e-07,0.08818842454687373
715.2557373046875,2.9470019172906266e-07,1.3132113422052075e-05,0.0914556911149794
720.0241088867188,7.437983121371802e-07,3.314434151130917e-05,0.10248885774604888
724.79248046875,1.237447309708366e-07,5.514179793898281e-06,0.11170576746580392
729.5608520507812,8.988573445121093e-09,4.0053915571353475e-07,0.11311594635355546
734.3292236328125,1.1954738170913017e-08,5.327142024247385e-07,0.11333845129314454
739.0975952148438,1.4395713748839048e-08,6.414863344064312e-07,0.11361840251671612
743.865966796875,1.7366213868673464e-08,7.738545702905406e-07,0.11395584608415829
748.6343383789062,4.164031639204274e-08,1.8555310554163878e-06,0.1145827404689494
753.4027099609375,3.158266011743916e-08,1.4073525789003761e-06,0.11536067254881695
758.1710815429688,1.1563892726542923e-08,5.152977675189913e-07,0.11581906811251937
762.939453125,1.147529020432113e-08,5.113495570869934e-07,0.11606383990889035
767.7078247070312,1.0850465031703512e-08,4.83506768836243e-07,0.11630103214052719
772.4761962890625,1.0760746486589415e-08,4.795088273907789e-07,0.11653063295063226
777.2445678710938,1.0287371763073373e-08,4.584148113880328e-07,0.11675425137189568
782.012939453125,1.122292856821474e-08,5.001040889070114e-07,0.116982780086146
786.7813110351562,1.0607617532721694e-08,4.7268525941617835e-07,0.11721471114033837
791.5496826171875,1.0613641514028573e-08,4.72953693601138e-07,0.11744016903585983
796.3180541992188,1.1144480353934915e-08,4.966083638393222e-07,0.11767133064394558
801.08642578125,1.137048697836092e-08,5.066794282953171e-07,0.11791053309377626
805.8547973632812,1.0774197324212803e-08,4.801082091701242e-07,0.11814580160017576
810.6231689453125,9.6904121838206e-09,4.3181373977985716e-07,0.11836322073549593
815.3915405273438,9.944639706697423e-09,4.4314235360205354e-07,0.11857182652405632
820.159912109375,8.477011712923813e-09,3.777434912445672e-07,0.11876754096078922
824.9282836914062,8.417209646353806e-09,3.7507865578428886e-07,0.11894702774740001
829.6966552734375,1.0700501792741557e-08,4.768242680491474e-07,0.11915013723203287
834.4650268554688,9.59329712369167e-09,4.2748620277650487e-07,0.11936574164955376
839.2333984375,9.985236627166242e-09,4.4495138996899514e-07,0.11957374698077093
844.0017700195312,8.543258973988727e-09,3.8069553053948756e-07,0.11977059654639814
848.7701416015625,6.494332545612949e-09,2.893934716809446e-07,0.11993035821417912
853.5385131835938,8.084351528986539e-09,3.602461898633425e-07,0.12008524437921256
858.306884765625,9.286745955740291e-09,4.1382599888053626e-07,0.1202697975705749
863.0752563476562,7.64950623059991e-09,3.4086908072081e-07,0.12044973089910839
867.8436279296875,8.381808455384704e-09,3.7350114593485727e-07,0.1206200500335001
872.6119995117188,8.531185879009192e-09,3.8015754224807775e-07,0.12079973626706421
877.38037109375,8.637413639060806e-09,3.8489114959791906e-07,0.12098213808911765
882.1487426757812,8.724697969962256e-09,3.8878062020409893e-07,0.12116659581316483
886.9171142578125,8.108922792162095e-09,3.6134110810228667e-07,0.12134543876978084
891.6854858398438,8.309534726049168e-09,3.702805616335701e-07,0.12151987096871919
896.453857421875,7.853999777906306e-09,3.4998150254025107e-07,0.12169159482664027
901.2222290039062,7.62122274094169e-09,3.396087422324502e-07,0.12185600595296125
905.9906005859375,9.26289221687837e-09,4.1276305418940166e-07,0.12203538536762026
910.7589721679688,9.440383269195516e-09,4.206722198290733e-07,0.12223409182142488
915.52734375,9.142784997233336e-09,4.0741096526834663e-07,0.12243152223779367
920.2957153320312,8.922520583289361e-09,3.975957790284496e-07,0.12262345080193611
925.0640869140625,8.976626499247012e-09,4.000067887430722e-07,0.12281361407283194
929.8324584960938,7.876556372890177e-09,3.5098664529908516e-07,0.12299266486029087
934.600830078125,8.624196752192345e-09,3.8430219288084087e-07,0.12316797138031896
939.3692016601562,8.57560352209985e-09,3.8213683355285915e-07,0.12335070468396928
944.1375732421875,8.041105053346176e-09,3.583190868645926e-07,0.12352724313240254
948.9059448242188,8.944116077763363e-09,3.985580942586298e-07,0.12370769671448034
953.67431640625,1.242608596795585e-07,5.537178967069992e-06,0.1251228867105628
958.4426879882812,7.112507437230182e-07,3.169399172524684e-05,0.1339994895253127
963.2110595703125,2.706386625117225e-07,1.2059909400275833e-05,0.14443123246181008
967.9794311523438,1.0636245832146484e-08,4.7396096294701437e-07,0.14741954002445287
972.747802734375,9.307413643708112e-09,4.147469701936956e-07,0.14763142450710853
977.5161743164062,9.370680724003581e-09,4.175662098740213e-07,0.1478298634328678
982.2845458984375,9.01966552044506e-09,4.0192464737977936e-07,0.14802524527864097
987.0529174804688,1.0231212100034381e-08,4.5591228480179195e-07,0.14822976954111255
991.8212890625,9.265006515639488e-09,4.128572692999389e-07,0.14843690034376816
996.5896606445312,3.0579993381290823e-08,1.362672820715067e-06,0.14886021970498162
1001.3580322265625,4.3025590008696434e-08,1.9172601304731063e-06,0.14964221665875233
1006.1264038085938,1.57284998209061e-08,7.008765158753555e-07,0.15026642907786844
1010.894775390625,1.185267398884709e-08,5.28166127965218e-07,0.15055945567866816
1015.6631469726562,8.159783869221387e-09,3.6360752479102917e-07,0.1507720710858385
1020.4315185546875,8.449365584903132e-09,3.765115541809432e-07,0.15094852922501295
1025.1998901367188,7.251926803363954e-09,3.231525733032067e-07,0.15111534215213604
1029.96826171875,1.1041724366012808e-08,4.920294618702705e-07,0.1513096966946712
1034.7366333007812,9.751057047178965e-09,4.345161310454152e-07,0.151530602378407
1039.5050048828125,7.949310769188795e-09,3.542286485653225e-07,0.15171865378803556
1044.2733764648438,7.846829283129143e-09,3.4966197865343764e-07,0.15188647439122
1049.041748046875,9.063501734410503e-09,4.0387802966436504e-07,0.15206613232929928
1053.8101196289062,6.256737290125358e-09,2.788060070943147e-07,0.1522288968873186
1058.5784912109375,6.330865548116207e-09,2.8210923090968955e-07,0.15236262950135995
1063.3468627929688,6.431963160492803e-09,2.8661423412885505e-07,0.15249822374179614
1068.115234375,8.154770906509318e-09,3.633841425308102e-07,0.15265319543117764
1072.8836059570312,6.89103797520147e-09,3.0707103295409727e-07,0.15281304440146803
1077.6519775390625,8.068790557658815e-09,3.595527785722469e-07,0.15297197990340744
1082.4203491210938,7.53920714952797e-09,3.3595405153645007e-07,0.1531378016535974
1087.188720703125,8.400865788195218e-09,3.7435035833109336e-07,0.15330715142172757
1091.9570922851562,7.929129581417883e-09,3.533293561514139e-07,0.15348064378529555
1096.7254638671875,6.304634951142268e-09,2.8094037122022385e-07,0.1536318654724626
1101.4938354492188,6.4501240038429815e-09,2.874234981246312e-07,0.1537673739786045
1106.26220703125,7.48822638200332e-09,3.336823013297434e-07,0.15391545714078214
1111.0305786132812,8.56970473499491e-09,3.8187397813746185e-07,0.1540860590521999
1115.7989501953125,7.448755774660602e-09,3.3192345451861414e-07,0.1542562416218601
1120.5673217773438,8.309035902753208e-09,3.7025833360561503e-07,0.1544236548060557
1125.335693359375,8.01420368730394e-09,3.5712033708434274e-07,0.15459707539519035
1130.1040649414062,7.196421361792163e-09,3.2067919943132277e-07,0.15475867539760213
1134.8724365234375,7.87839884869475e-09,3.5106874772698343e-07,0.154918832588678
1139.6408081054688,7.6765554885767e-09,3.420744207026046e-07,0.15508409079800892
1144.4091796875,6.568103410148682e-09,2.926807697130298e-07,0.15523542822858513
1149.1775512695312,5.109083957184002e-09,2.2766551190509594e-07,0.1553594884496893
1153.9459228515625,6.567796932044184e-09,2.9266711276490897e-07,0.1554835454147233
1158.7142944335938,7.636657017413243e-09,3.4029650788344126e-07,0.15563445570178128
1163.482666015625,8.047635187171433e-09,3.5861007567444476e-07,0.1558010880163579
1168.2510375976562,7.822763000964892e-09,3.4858956283594605e-07,0.15596969754931267
1173.0194091796875,9.130131903253702e-09,4.0684713168444046e-07,0.1561498076926214
1182.55615234375,6.765077362672488e-09,3.014581114261653e-07,0.1564703813173471
1187.3245239257812,6.933410373846106e-09,3.089591862725632e-07,0.15661591614212345
1192.0928955078125,4.1075809545088365e-08,1.8303761076091424e-06,0.15712597342311257
1196.8612670898438,5.617609662378647e-07,2.503258881996069e-05,0.16353060335159889
1201.629638671875,4.4847191573964193e-07,1.9984323829393565e-05,0.17426347170099707
1206.3980102539062,1.881472826750863e-08,8.384017131592742e-07,0.17922799633787434
1211.1663818359375,8.561601472112757e-09,3.8151288924019036e-07,0.1795188466440037
1215.9347534179688,9.426637177170949e-09,4.200596812402198e-07,0.17970995643730442
1220.703125,9.696885389410335e-09,4.3210219181482157e-07,0.17991312766024273
1225.4714965820312,6.724164911216924e-09,2.9963501470628727e-07,0.18008758740529723
1230.2398681640625,6.500634031631725e-09,2.896742717328228e-07,0.1802280896880214
1235.0082397460938,8.702032851920742e-09,3.8777064155732897e-07,0.18038960514166763
1239.776611328125,1.099453693514485e-08,4.899267462574385e-07,0.1805988645057516
1244.5449829101562,1.679971067108482e-08,7.486106632505045e-07,0.1808941548350906
1249.3133544921875,3.8004630983242055e-08,1.6935215471254508e-06,0.18147640452666658
1254.0817260742188,2.223171196335867e-08,9.906656706135651e-07,0.1821163646291625
1258.85009765625,9.021219497080731e-09,4.0199389401757467e-07,0.18244840054373407
1268.3868408203125,8.147738736639154e-09,3.63070782529935e-07,0.18281596026481173
1273.1552124023438,8.431779435231965e-09,3.757278990676432e-07,0.18299210359672036
1277.923583984375,8.538833839683116e-09,3.8049834245736197e-07,0.18317240198270407
1282.6919555664062,8.482150523297072e-09,3.7797248139309787e-07,0.1833532355188165
1287.4603271484375,7.979765406895537e-09,3.5558573542110615e-07,0.1835281294265576
1292.2286987304688,7.681249478903378e-09,3.422835892579771e-07,0.18369451443934617
1296.9970703125,8.557908440945321e-09,3.8134832435179514e-07,0.18386704173198157
1301.7654418945312,8.353049503827278e-09,3.7221962042401324e-07,0.18404670633063153
1306.5338134765625,8.29602351593756e-09,3.6967848960024766e-07,0.18422358862386162
1311.3021850585938,7.358208400144924e-09,3.278885796675584e-07,0.18438990157334448
1316.070556640625,7.897259777527319e-09,3.5190920818010135e-07,0.18455197799599954
1320.8389282226562,6.689241477196584e-09,2.9807879414887313e-07,0.18470694721194786
1325.6072998046875,6.736643762299124e-09,3.0019108386534305e-07,0.18484958586618327
1330.3756713867188,7.269763602182857e-09,3.239473975746191e-07,0.1849983920760908
1335.14404296875,7.2297222870684556e-09,3.221631194967349e-07,0.18515243682751353
1339.9124145507812,7.770700356916734e-09,3.4626960320958484e-07,0.18531180360748617
1349.4491577148438,5.245595868727624e-09,2.337486090871301e-07,0.1855900171355581
1354.217529296875,5.907248051922807e-09,2.632324430293075e-07,0.1857085066518441
1358.9859008789062,6.772595179782467e-09,3.0179311231773325e-07,0.18584321924190603
1363.7542724609375,5.917190971042856e-09,2.636755087119753e-07,0.1859780374670584
1373.291015625,7.2312953309408895e-09,3.2223321578825565e-07,0.186259590974724
1378.0593872070312,6.090708654816505e-09,2.714076173701951e-07,0.18640112597866232
1382.8277587890625,6.6722330447841944e-09,2.973208826515635e-07,0.18653672141953206
1387.5961303710938,6.465202694877791e-09,2.8809541855930554e-07,0.18667629554224965
1397.1328735351562,5.10806531600491e-09,2.2762012031094146e-07,0.18693515831689336
1401.9012451171875,5.472453033654831e-09,2.438575744154192e-07,0.1870475673589481
1406.6696166992188,7.1366205470509525e-09,3.180144197536947e-07,0.18718152808143484
1411.43798828125,6.452579089351907e-09,2.8753289900820337e-07,0.18732590181275283
1416.2063598632812,5.81208223084432e-09,2.5899176592294723e-07,0.1874562034468097
1420.9747314453125,7.357320913742001e-09,3.2784903245167317e-07,0.187596117196117
1425.7431030273438,6.125592638814015e-09,2.7296207999806305e-07,0.18773936172785569
1430.511474609375,9.997272047224295e-09,4.454876994310185e-07,0.187910653503423
1435.2798461914062,3.491458990271357e-07,1.5558264553434707e-05,0.1917262453758447
1440.0482177734375,5.8440208651267e-07,2.604149810402528e-05,0.20164440167959852
1444.8165893554688,5.8582295613968946e-08,2.610481337026414e-06,0.20847556590638128
1449.5849609375,6.6192185666622165e-09,2.9495850841751903e-07,0.20916827674599706
1454.3533325195312,5.9436768230566005e-09,2.648557428023689e-07,0.20930174686433373
1459.1217041015625,5.977378740715287e-09,2.663575314596407e-07,0.20942839797838314
1463.8900756835938,5.359444287769786e-09,2.3882180005796425e-07,0.2095488421167951
1468.658447265625,6.130747263318266e-09,2.731917748389139e-07,0.20967091566580268
1473.4268188476562,6.2071396907216065e-09,2.765958921398244e-07,0.20980199526017132
1478.1951904296875,8.010153650293926e-09,3.569398636850316e-07,0.20995304195488515
1482.9635620117188,7.035411056212516e-09,3.135044311266754e-07,0.21011288833102088
1487.73193359375,8.69681593498058e-09,3.875381709078541e-07,0.21028002991208763
1492.5003051757812,6.7065433288396886e-09,2.988497806787959e-07,0.21044367755221732
1497.2686767578125,2.9130379455303604e-08,1.298076681898327e-06,0.21082441449035466
1502.0370483398438,3.2413227483547224e-08,1.4443634298007167e-06,0.21147826316505708
1506.805419921875,8.627210187268075e-09,3.844364743381154e-07,0.21191428303966292
1511.5737915039062,8.911015826262863e-09,3.9708311640248156e-07,0.21210061183002735
1516.3421630859375,5.7771854858931425e-09,2.5743673465516783e-07,0.21225666152291026
1525.87890625,6.080629157395279e-09,2.7095846563196173e-07,0.21250822346050927
1530.6472778320312,6.495844692455402e-09,2.894608543444216e-07,0.21264183783847912
1535.4156494140625,6.818628090734805e-09,3.0384438145409363e-07,0.2127832928297717
1540.1840209960938,6.303210331902323e-09,2.808768888677611e-07,0.21292270124421228
1544.952392578125,5.663644303028018e-09,2.5237723441286875e-07,0.21304983893458493
1549.7207641601562,6.133916161342638e-09,2.733329838691314e-07,0.2131751780178469
1554.4891357421875,5.649059954056101e-09,2.5172734231825456e-07,0.2133003621547591
1559.2575073242188,5.700784828285276e-09,2.5403225060872284e-07,0.21342094463827174
1564.02587890625,5.003327405249953e-09,2.2295290202529e-07,0.21353466676061528
1568.7942504882812,5.315602642057784e-09,2.3686817572972243e-07,0.21364429664861456
1578.3309936523438,6.275370091306578e-09,2.7963630196805295e-07,0.21389115418361065
1583.099365234375,4.97955575034731e-09,2.2189361507138677e-07,0.21401072823380812
1592.6361083984375,4.880820163611714e-09,2.174938659019096e-07,0.2142206316658202
1597.4044799804688,4.1576879474394844e-09,1.8527042476263767e-07,0.21431665815571332
1606.9412231445312,5.183651896697532e-09,2.3098832833624596e-07,0.2145082713655261
1611.7095947265625,5.705438361334335e-09,2.54239616350343e-07,0.21462395872263867
1616.4779663085938,5.182108319518774e-09,2.3091954510788018e-07,0.2147396296805517
1621.246337890625,5.5366157723806695e-09,2.4671672546474004e-07,0.21485350704150896
1626.0147094726562,5.1496049685257144e-09,2.2947116569104542e-07,0.2149670390819037
1630.7830810546875,5.323652040746095e-09,2.3722686438864055e-07,0.21507830856310478
1635.5514526367188,5.050257225524587e-09,2.2504413827154805e-07,0.21518852255871887
1640.31982421875,5.7807753414217286e-09,2.5759670194156005e-07,0.21530359310205885
1649.8565673828125,3.749271289732721e-09,1.670710003204862e-07,0.2155211599531933
1654.6249389648438,5.0376846492412005e-09,2.244838926307423e-07,0.21561451391441097
1659.393310546875,5.480882029808155e-09,2.442331782888678e-07,0.21572626477246026
1664.1616821289062,5.405557252777762e-09,2.4087663647717024e-07,0.21584192396520505
1668.9300537109375,5.791867532158918e-09,2.5809098023165945e-07,0.21596088711539843
1678.466796875,6.136779532978022e-07,2.734605783605524e-05,0.22613290770553407
1683.2351684570312,1.450531981767262e-07,6.463704823237526e-06,0.23419378327852372
1688.0035400390625,5.146300892451111e-09,2.2932393300174107e-07,0.23578952568447217
1692.7719116210938,5.171734168086303e-09,2.3045726331406985e-07,0.2358991460639954
1697.540283203125,5.98015612668347e-09,2.6648129435011257e-07,0.2360176254488145
1702.3086547851562,6.039936746365993e-09,2.6914517411722583e-07,0.23614532875035565
1707.0770263671875,5.745163790919108e-09,2.560098182765318e-07,0.23627053545745028
1711.8453979492188,6.71914448966195e-09,2.9941130007312193e-07,0.2364029581712902
1716.61376953125,6.229281408978297e-09,2.7758254760753883e-07,0.23654052422460453
1721.3821411132812,6.678419954983882e-09,2.975965770988513e-07,0.23667765761424595
1726.1505126953125,4.426949802192867e-09,1.9726898233434223e-07,0.23679564275777232
1740.4556274414062,6.725113184379784e-09,2.99677270636481e-07,0.23715131735556763
1745.2239990234375,1.3388551366516833e-08,5.966062460648559e-07,0.23736500799809174
1749.9923706054688,3.086411328436613e-08,1.3753334666778549e-06,0.23783515506247782
1754.7607421875,1.3781528574206838e-08,6.141176743180515e-07,0.23830947717670606
1759.5291137695312,5.603329404489563e-09,2.496895466852179e-07,0.23851542486695532
1764.2974853515625,5.724692033045459e-09,2.550975777897909e-07,0.2386357754959214
1769.0658569335938,4.7647832916523484e-09,2.123231554426797e-07,0.23874721728298132
1773.834228515625,4.9025791768691655e-09,2.18463467680491e-07,0.2388499248175623
1783.3709716796875,5.9208348268867465e-09,2.6383788230241925e-07,0.23908399324403004
1788.1393432617188,5.30184252787615e-09,2.3625501230056613e-07,0.23920322468138008
1792.90771484375,4.693649500537428e-09,2.0915336784403263e-07,0.23930941831449407
1797.6760864257812,5.68724139229403e-09,2.534287425603641e-07,0.23941970648397448
1802.4444580078125,4.734515683611805e-09,2.1097440280200255e-07,0.23953042882202208
1807.2128295898438,5.170772026158645e-09,2.3041438937887497e-07,0.2396356641106852
1811.981201171875,4.479588633552515e-09,1.9961461740082596e-07,0.23973819101545407
1816.7495727539062,5.339785607728473e-09,2.3794579107230436e-07,0.23984251354631334
1821.5179443359375,4.4263042772678985e-09,1.9724021714595972e-07,0.23994626997603763
1826.2863159179688,5.139196077905831e-09,2.2900733588687714e-07,0.24004789531197726
1831.0546875,4.2979227224712944e-09,1.9151941618890307e-07,0.24014815670268136
1835.8230590820312,4.772080209603931e-09,2.1264831286320723e-07,0.24024451779836062
1840.5914306640625,4.9698551878676495e-09,2.2146134902502558e-07,0.24034801760712232
1850.128173828125,3.291650711878375e-09,1.4667900363602783e-07,0.24053088470847797
1854.8965454101562,4.07861875088232e-09,1.8174702814966963e-07,0.24060918757631625
1864.4332885742188,3.484355647050641e-09,1.552661139830681e-07,0.24076954988378618
1869.20166015625,4.032975864155009e-09,1.7971313885392064e-07,0.24084941516127606
1873.9700317382812,5.18433046947164e-09,2.310185661673869e-07,0.2409473412307792
1883.5067749023438,4.334032339715095e-09,1.9312849416910486e-07,0.24114859429323468
1888.275146484375,4.04676058589108e-09,1.8032739881848805e-07,0.2412376331165979
1893.0435180664062,4.712702309478931e-09,2.1000237865247665e-07,0.24133069498752358
1897.8118896484375,3.427803149401418e-09,1.5274608232284882e-07,0.2414171809601606
1902.5802612304688,3.464185736940462e-09,1.5436732411216437e-07,0.24149040250214582
1916.8853759765625,5.185507623057138e-07,2.310710212211459e-05,0.24843779612343653
1921.6537475585938,2.7191301005958635e-07,1.211669550699492e-05,0.2568358039047298
1931.1904907226562,4.1717530497188e-09,1.8589717874383135e-07,0.25989377535942493
1935.9588623046875,4.154055848415478e-09,1.85108575066974e-07,0.259982230024087
1945.49560546875,3.96535273256578e-09,1.7669978949444502e-07,0.26015472859050126
1950.2639770507812,5.094176485622125e-09,2.2700122116867673e-07,0.26025097841184547
1955.0323486328125,3.94388328040131e-09,1.7574309082628686e-07,0.2603470001384525
1964.569091796875,4.2541724062357225e-09,1.895698615866978e-07,0.26052383763014253
1969.3374633789062,4.260593478594296e-09,1.8985599051660872e-07,0.2606142998026754
1974.1058349609375,3.8694880082108535e-09,1.7242796861093485e-07,0.2607006750294419
1978.8742065429688,4.517498707563533e-09,2.0130392540171377e-07,0.2607897796565773
1983.642578125,4.297653816342251e-09,1.915074334827984e-07,0.26088343318261753
1988.4109497070312,5.339351741554856e-09,2.379264575938682e-07,0.26098581820074607
1993.1793212890625,5.306428978624323e-09,2.3645938879274376e-07,0.26109892060018747
1997.9476928710938,2.2982327006317964e-08,1.0241137719622819e-06,0.26139946466202824
2002.716064453125,2.0277064926575082e-08,9.035647887426808e-07,0.2618590590454361
2007.4844360351562,5.689022512009461e-09,2.5350811090411733e-07,0.26213492672208677
2017.0211791992188,4.211583144966735e-09,1.8767204466888613e-07,0.2623540003151348
2021.78955078125,3.2693507162866195e-09,1.4568529518370544e-07,0.2624334788984355
2026.5579223632812,3.1828693307867823e-09,1.4183160456811134e-07,0.26250202826914204
2031.3262939453125,4.5047830519916664e-09,2.007373040153286e-07,0.26258370306157086
2036.0946655273438,4.091263409860973e-09,1.8231048586212168e-07,0.26267502877136145
2040.863037109375,3.786139737652923e-09,1.6871389249827014e-07,0.26275871950488017
2050.3997802734375,3.31050158250524e-09,1.4751901588618616e-07,0.26290842166535006
2055.1681518554688,3.344052169515825e-09,1.4901406110965344e-07,0.262979120660224
2059.9365234375,3.503559768563692e-09,1.5612186741980871e-07,0.26305187073473685
2069.4732666015625,2.9394576875800487e-09,1.3098495635901328e-07,0.26318719296231674
2074.2416381835938,3.9301059395581155e-09,1.7512915976114037e-07,0.26326017625492504
2079.010009765625,4.514951407249314e-09,2.0119041534103112e-07,0.26334989783330903
2088.5467529296875,2.98570562214053e-09,1.3304580714645438e-07,0.26349800838861315
2093.3151245117188,3.0874945857775106e-09,1.3758161761794157e-07,0.2635625309946914
2102.8518676757812,2.4970497635941543e-09,1.1127084961713967e-07,0.263682474648137
2107.6202392578125,3.0422187093898055e-09,1.355640826427598e-07,0.26374132468195904
2112.3886108398438,3.212151784115725e-09,1.431364578026323e-07,0.26380777206880685
2126.6937255859375,3.629244082027268e-09,1.617224768055462e-07,0.26403060040477117
2131.4620971679688,3.6352098878292304e-09,1.61988318636139e-07,0.2641077790726602
2136.23046875,3.0635289270461435e-09,1.3651368567379186e-07,0.26417894749638676
2145.7672119140625,3.1982663912722197e-09,1.4251771184030088e-07,0.26431169205551264
2150.5355834960938,1.3597123200396066e-08,6.059004001102853e-07,0.2644901288383378
2160.0723266601562,3.966974990684352e-07,1.767720788183438e-05,0.2764114798561367
2164.8406982421875,2.3090019910949084e-08,1.0289126675112415e-06,0.2808713665380142
2169.6090698242188,3.532627113490492e-09,1.5741713522474987e-07,0.2811542096039284
2183.9141845703125,2.824638520330465e-09,1.258685079491889e-07,0.2813620167098079
2188.6825561523438,2.568419725753348e-09,1.144511612162029e-07,0.2814193133838605
2198.2192993164062,3.56280314307514e-09,1.5876180704463495e-07,0.2815497856360488
2202.9876708984375,3.4619807152664788e-09,1.5426906630462467e-07,0.2816244180120877
2207.7560424804688,3.397408598833852e-09,1.513916730056247e-07,0.2816972932112412
2217.2927856445312,3.6605423047951418e-09,1.6311715459277424e-07,0.28184248580030435
2222.0611572265625,3.064889475994809e-09,1.3657431299474915e-07,0.28191393781417545
2226.8295288085938,2.491778045355856e-09,1.1103593697107638e-07,0.2819729726981433
2241.1346435546875,4.084934318384787e-09,1.820284556854999e-07,0.2821720581060161
2245.9030151367188,1.204906354074782e-08,5.369174282454616e-07,0.28234346816211386
2250.67138671875,2.3509104752871546e-08,1.0475874761202844e-06,0.2827212435699922
2264.9765014648438,3.0020614318632167e-09,1.3377463717241273e-07,0.2832142086271299
2269.744873046875,2.8669096054573306e-09,1.2775214664349137e-07,0.28327656147132424
2274.5132446289062,2.4453877734753958e-09,1.089687435008593e-07,0.2833330001295961
2284.0499877929688,2.946030981643118e-09,1.3127786842902673e-07,0.28345091959215446
2288.818359375,2.7666227737087597e-09,1.2328327255985562e-07,0.2835116116976835
2298.3551025390625,2.999971109568499e-09,1.3368149047541934e-07,0.2836307746662471
2303.1234741210938,2.4571470351243113e-09,1.0949274708846171e-07,0.2836887519224412
2307.891845703125,2.9447945988881894e-09,1.3122277406863448e-07,0.28374614297496314
2322.1969604492188,2.3571235042423154e-09,1.0503560593524486e-07,0.28392059875384673
2326.96533203125,2.427861747067785e-09,1.0818776753585477e-07,0.28397143516758094
2331.7337036132812,2.662072751939812e-09,1.186244267813972e-07,0.2840255114086729
2346.038818359375,2.498421887429115e-09,1.1133199272574805e-07,0.2841911218472827
2350.8071899414062,2.0068538142908983e-09,8.94272642176463e-08,0.2842389865840646
2355.5755615234375,2.4456813208939116e-09,1.0898182424563955e-07,0.2842862909970169
2365.1123046875,1.9728701229947972e-09,8.791291946618209e-08,0.28437944529761977
2369.8806762695312,2.2392586121159352e-09,9.978343720471154e-08,0.28442419559627974
2374.6490478515625,3.053244176608753e-09,1.360553876711035e-07,0.28448042395380363
2384.185791015625,2.379839179945046e-09,1.0604783747821264e-07,0.2845955589207703
2388.9541625976562,3.5941025721074282e-09,1.6015653858412225e-07,0.28465902698986173
2398.4909057617188,4.4942458010521986e-07,2.00267754356464e-05,0.29346361312721536
2408.0276489257812,2.8846023030808822e-09,1.2854054963220797e-07,0.29967790964379215
2412.7960205078125,2.5040869733639377e-09,1.1158443420060858e-07,0.2997351599012444
2427.1011352539062,2.3384882821278295e-09,1.0420520318247859e-07,0.2998885138488511
2431.8695068359375,2.3908362847883086e-09,1.0653787865283358e-07,0.2999387589149778
2441.40625,2.014241649196382e-09,8.975647298182452e-08,0.30003123717357416
2450.9429931640625,2.6866294779179074e-09,1.1971869722936175e-07,0.30013107385022864
2455.7113647460938,2.015491395986533e-09,8.981216285600077e-08,0.30018102990016815
2460.479736328125,2.4252930201823137e-09,1.0807330268731712e-07,0.3002282094716879
2470.0164794921875,2.208542533364856e-09,9.841470029391001e-08,0.30032304059733905
2474.7848510742188,1.985807286524381e-09,8.848941145226917e-08,0.3003676020100899
2493.8583374023438,4.2949427482006e-09,1.9138662577608402e-07,0.3005999812237318
2498.626708984375,2.0170126869581313e-08,8.987995299033953e-07,0.3008599018579251
2512.9318237304688,2.6720128373248594e-09,1.1906736619020945e-07,0.3014329604780464
2517.7001953125,2.110472380154017e-09,9.404460345845635e-08,0.30148377033103957
2522.4685668945312,2.0501861304314846e-09,9.135819234857048e-08,0.30152797380217733
2527.2369384765625,2.270190735759904e-09,1.0116180127598771e-07,0.30157387414550596
2536.773681640625,2.1997784832773825e-09,9.80241661069114e-08,0.30166684025502394
2541.5420532226562,2.1275561718595716e-09,9.48058730356486e-08,0.30171281451896437
2555.84716796875,1.5697664369253584e-09,6.995024595975321e-08,0.3018330761313044
2560.6155395507812,1.6796528204591165e-09,7.48468849596732e-08,0.30186759845751615
2565.3839111328125,1.5559397072545392e-09,6.933411408271602e-08,0.3019019738864413
2579.6890258789062,2.0488555419199498e-09,9.129890009243371e-08,0.3020151866430037
2584.4573974609375,1.4224161983881316e-09,6.338418289109976e-08,0.30205206596385964
2589.2257690429688,1.6155954690007222e-09,7.199243006457336e-08,0.3020843422635641
2598.7625122070312,1.415042549826633e-09,6.305560628354541e-08,0.3021507543410247
2603.5308837890625,1.4615335568230453e-09,6.512728860380532e-08,0.3021813155246888
2608.2992553710938,1.6335770273086259e-09,7.279370495285618e-08,0.30221419845200087
2627.3727416992188,2.0349697536099816e-09,9.068013650775049e-08,0.3023675958695599
2632.14111328125,7.597039580715101e-08,3.3853111822027713e-06,0.30319633678073626
2636.9094848632812,4.0853289191447193e-07,1.8204603946074436e-05,0.30834377366854343
2646.4462280273438,1.4684125712580614e-09,6.543382385667551e-08,0.3156812421219085
2651.214599609375,1.495443908020521e-09,6.663836525256527e-08,0.31571273058557475
2655.9829711914062,1.8829755404113375e-09,8.390713362808078e-08,0.315748623429508
2665.5197143554688,1.5184036048785826e-09,6.76614706041668e-08,0.3158205075322027
2675.0564575195312,1.7049416362932157e-09,7.597377800950228e-08,0.31588847396599273
2679.8248291015625,1.4861732757215954e-09,6.62252572931529e-08,0.3159223768579392
2689.361572265625,1.2745196731215555e-09,5.679377677995051e-08,0.31598174038990423
2698.8983154296875,1.5039536942234257e-09,6.701756920543103e-08,0.3160414055720727
2703.6666870117188,1.6142360301962832e-09,7.193185221267076e-08,0.3160745336956942
2717.9718017578125,1.9791328871518437e-09,8.8191994036047e-08,0.31618885523372636
2722.7401733398438,1.5885745074962832e-09,7.078835099978799e-08,0.3162267591016949
2727.508544921875,1.3846999633989974e-09,6.170351253651297e-08,0.31625834762354177
2746.58203125,1.0720248245433369e-08,4.777041882653869e-07,0.3164937952835101
2751.3504028320312,1.8406389887501254e-08,8.202057768438889e-07,0.31680324113319325
2770.4238891601562,1.2849045529856273e-09,5.7256536642606984e-08,0.3171470453906303
2775.1922607421875,1.24982228109896e-09,5.5693238122792855e-08,0.3171739747154398
2789.4973754882812,1.1459443944554748e-09,5.106434330789074e-08,0.3172544935765929
2794.2657470703125,1.361991011665938e-09,6.06915806198598e-08,0.31728113826518195
2799.0341186523438,1.213886395244942e-09,5.409190177418693e-08,0.3173085047799587
2808.5708618164062,1.2319352302038874e-09,5.489617457233522e-08,0.31736029036007013
2813.3392333984375,1.0884049429025174e-09,4.8500332067847866e-08,0.31738494200826733
2818.1076049804688,1.1831916019325723e-09,5.272411336224362e-08,0.3174090757967171
2822.8759765625,1.2336570133953504e-09,5.497289882563758e-08,0.31743475276533645
2832.4127197265625,1.0971364260020233e-09,4.888941503970714e-08,0.31748669113438155
2841.949462890625,1.2801534508295565e-09,5.704482313123391e-08,0.31753703620815205
2846.7178344726562,1.2185746634911562e-09,5.4300815348355536e-08,0.3175635830770675
2851.4862060546875,9.186961932813516e-10,4.093795304235772e-08,0.31758628976890263
2870.5596923828125,2.0836763573296255e-08,9.285054786953661e-07,0.3178862316375564
2875.3280639648438,2.988978379662221e-07,1.3319164425204142e-05,0.32128314085155224
2894.4015502929688,1.0561808301129146e-09,4.7064395763920685e-08,0.3293715814324774
2899.169921875,8.459694576500672e-10,3.769718236106931e-08,0.32939179016749637
2913.4750366210938,1.1897672537727655e-09,5.3017130496988925e-08,0.32945953246418136
2918.243408203125,1.1098676588813982e-09,4.945673056533876e-08,0.3294839641365309
2923.0117797851562,1.1045747904373057e-09,4.9220875446521165e-08,0.3295074907111454
2937.31689453125,8.145133261936411e-10,3.6295468016463295e-08,0.3295698795248009
2946.8536376953125,1.0498685723364002e-09,4.6783115712543494e-08,0.32960872955332343
2951.6220092773438,1.0424757986518139e-09,4.645368687179539e-08,0.32963095893931554
2956.390380859375,9.84194528185439e-10,4.385661949408098e-08,0.3296524905942375
2961.1587524414062,1.3024816618442767e-09,5.803978888892975e-08,0.32967678459113975
2970.6954956054688,1.0027312370430703e-09,4.468263240490314e-08,0.32972745387916513
2975.4638671875,8.245551013644925e-10,3.674293881629095e-08,0.3297468672481582
2999.3057250976562,1.8788124436393888e-08,8.372162218108969e-07,0.33010929087094576
3004.0740966796875,8.317022483348472e-09,3.706142230321404e-07,0.33039726008940085
3018.3792114257812,8.046347923139661e-10,3.585527139972427e-08,0.33053417601313406
3023.1475830078125,8.16577812666029e-10,3.63874634452909e-08,0.3305514000233262
3027.9159545898438,8.377021704397613e-10,3.732878438785648e-08,0.33056897534639135
3042.2210693359375,6.984949672160986e-10,3.1125582512845583e-08,0.33061904736800085
3051.7578125,7.743042531209396e-10,3.4503714488621183e-08,0.33064978362709
3056.5261840820312,7.225558498338322e-10,3.219775772154464e-08,0.3306656864973183
3061.2945556640625,6.850921740297488e-10,3.052834163810171e-08,0.33068064156480026
3075.5996704101562,8.103715443451778e-10,3.611090638219934e-08,0.33072813156640585
3080.3680419921875,7.341554281270167e-10,3.2714645670956345e-08,0.3307445408567322
3085.1364135742188,8.747447009301576e-10,3.897943384616063e-08,0.33076163405730064
3094.6731567382812,6.65398030238786e-10,2.9650752354919642e-08,0.33079228995129767
3104.2098999023438,7.233559582090767e-10,3.223341129160849e-08,0.3308213363860894
3108.978271484375,3.557036168239253e-09,1.5850482530599865e-07,0.3308668119254394
3118.5150146484375,2.7378334905532796e-07,1.2200039544491667e-05,0.33751465550125803
3132.8201293945312,7.445055826286892e-10,3.317585813931024e-08,0.34097064104981556
3137.5885009765625,6.224319139822051e-10,2.773614242991072e-08,0.3409851636024415
3151.8936157226562,6.028058229176072e-10,2.6861585639229113e-08,0.3410261244433563
3156.6619873046875,6.784328253724605e-10,3.0231594895687306e-08,0.3410397365183358
3161.4303588867188,6.738742870889919e-10,3.0028462208782535e-08,0.3410541036355272
3166.19873046875,6.378454934606959e-10,2.842298580372653e-08,0.3410680395467088
3170.9671020507812,7.391862308069749e-10,3.293882289666346e-08,0.34108266934195025
3190.0405883789062,5.528034642528467e-10,2.463343423728007e-08,0.3411353157071483
3194.8089599609375,6.222594541713283e-10,2.7728457461048323e-08,0.34114779975496606
3204.345703125,5.885171541553499e-10,2.6224869328543423e-08,0.341174145358169
3213.8824462890625,7.301353637330164e-10,3.2535507879167934e-08,0.3412015135989994
3218.6508178710938,7.105914742053724e-10,3.166461406508778e-08,0.3412168201008515
3228.1875610351562,5.237875622231983e-10,2.3340458775469688e-08,0.3412425502175071
3242.49267578125,1.1046894695528234e-09,4.922598565409614e-08,0.3412865505666639
3247.2610473632812,1.2200981010952267e-08,5.436870113862494e-07,0.34142791204094913
3252.0294189453125,1.5387667815149424e-08,6.856887261043291e-07,0.3417210180574635
3266.3345336914062,4.74180052764196e-10,2.1129902219741138e-08,0.34193187957098975
3271.1029052734375,5.151091799875107e-10,2.2953742027271068e-08,0.3419423899308128
3275.8712768554688,4.755868621289939e-10,2.119259094767626e-08,0.34195291523679316
3280.6396484375,5.910242801531732e-10,2.6336589184487933e-08,0.3419642470763862
3294.9447631835938,4.5193001486907403e-10,2.0138419928639244e-08,0.34199902034863694
3299.713134765625,4.769036835776848e-10,2.1251269730745047e-08,0.34200888841963495
3304.4815063476562,5.313982823881724e-10,2.3679599513192125e-08,0.34201960077363786
3323.5549926757812,4.774229251575441e-10,2.1274407616337012e-08,0.3420622083867973
3333.0917358398438,5.030300072346526e-10,2.2415482904654253e-08,0.3420830306961771
3337.860107421875,4.674583371354329e-10,2.0830376347328913e-08,0.342093341312492
3342.6284790039062,4.3625143138948034e-10,1.943976773115297e-08,0.3421029424630234
3356.93359375,2.6378423553653603e-07,1.1754469787382479e-05,0.34655463851446494
3361.7019653320312,5.7243855962820435e-08,2.55083922683867e-06,0.3499652899632443
3366.4703369140625,5.725185375915022e-10,2.5511956160487107e-08,0.3505795399515616
3376.007080078125,1.0618194483369984e-09,4.731565781308282e-08,0.3506115613894823
3390.3121948242188,3.7995041716742585e-10,1.6930942405310218e-08,0.35064819169726197
3395.08056640625,3.932350004176059e-10,1.752291573584149e-08,0.35065640613716453
3399.8489379882812,3.8794337659378844e-10,1.728711607845582e-08,0.3506647054954882
3409.3856811523438,5.049901273142936e-10,2.2502827670382645e-08,0.3506837005670123
3418.9224243164062,4.1795502622951867e-10,1.862446297560896e-08,0.3507037652296652
3423.6907958984375,4.953212156969318e-10,2.207197201575271e-08,0.35071346801587033
3437.9959106445312,4.2194074524230974e-10,1.8802070305408467e-08,0.3507431988695031
3447.5326538085938,5.035472181691892e-10,2.2438530302810354e-08,0.35076305323091045
3452.301025390625,4.5153004962137695e-10,2.0120597106852732e-08,0.3507732001175953
3457.0693969726562,4.716307536013395e-10,2.1016303088512367e-08,0.3507830079188885
3461.8377685546875,6.691459217248042e-10,2.9817761869908974e-08,0.3507951277044259
3476.1428833007812,3.8191982308540507e-10,1.7018700956593213e-08,0.350829375843056
3480.9112548828125,4.380232793203068e-10,1.9518722915598976e-08,0.3508380870437397
3485.6796264648438,4.223993528526077e-10,1.8822506285172558e-08,0.3508472283051267
3499.9847412109375,1.875162891454618e-08,8.355899475642154e-07,0.3511608264509534
3509.521484375,4.3498863979210336e-10,1.9383496568287846e-08,0.35147774680005445
3514.2898559570312,3.422172041435939e-10,1.5249515493776426e-08,0.35148600395358026
3538.1317138671875,4.393604026338833e-10,1.957830636856564e-08,0.35152916004715706
3542.9000854492188,3.8016293024714935e-10,1.6940412184919876e-08,0.3515378667881452
3547.66845703125,4.318020446264219e-10,1.924149893706688e-08,0.3515464932279841
3566.741943359375,4.933930532276339e-10,2.1986051310732457e-08,0.3515815028864122
3571.5103149414062,3.765851455003795e-10,1.6780982783742342e-08,0.35159074566759696
3576.2786865234375,4.921695389734605e-10,2.1931530382649473e-08,0.35159997544997956
3585.8154296875,4.3936361948561424e-10,1.9578449714457427e-08,0.3516203741382672
3595.3521728515625,2.0525515493747137e-07,9.146359760694817e-06,0.35432455311912897
3604.888916015625,1.305483337462109e-09,5.817354633387171e-08,0.3586613682681497
3609.6572875976562,4.71183438640106e-10,2.0996370319647054e-08,0.35868024384718583
3614.4256591796875,3.7281715675106645e-10,1.6613077716091463e-08,0.35868921063834724
3623.96240234375,9.07714978331081e-10,4.044861993608182e-08,0.3587123122720376
3638.2675170898438,3.743131024118439e-10,1.6679738439911475e-08,0.3587492837826731
3643.035888671875,4.248710375914858e-10,1.8932646845801525e-08,0.3587577744369714
3647.8042602539062,3.306195402565155e-10,1.4732712852073458e-08,0.35876580088419546
3666.8777465820312,3.558089561314606e-10,1.5855176547682913e-08,0.3587980225226042
3671.6461181640625,3.6010920606508777e-10,1.604679966655581e-08,0.3588056285464437
3676.4144897460938,3.2916761547577256e-10,1.466801373942906e-08,0.35881295152861337
3700.25634765625,4.1293392466113724e-10,1.8400718040416488e-08,0.35885239904333777
3705.0247192382812,3.866127930334969e-10,1.7227824042951036e-08,0.3588608935497168
3714.5614624023438,3.4861869164145797e-10,1.5534771704159506e-08,0.35887729547302943
3719.329833984375,4.088622323642095e-10,1.8219279661468608e-08,0.35888534306599496
3733.6349487304688,3.49413620668561e-10,1.5570194477674346e-08,0.3589087998419382
3738.4033203125,3.6919126865765716e-10,1.6451504785246223e-08,0.35891643440997695
3747.9400634765625,1.5456111310600833e-08,6.887386316371219e-07,0.3591090515925271
3762.2451782226562,3.0778419619648565e-10,1.3715148776297115e-08,0.35958308077008716
3767.0135498046875,3.219314890604971e-10,1.4345565246049499e-08,0.3595897709656529
3771.7819213867188,3.3567582544465956e-10,1.4958025601940942e-08,0.35959675748614545
3790.8554077148438,3.1896793316544977e-10,1.421350645125193e-08,0.3596270862613043
3800.3921508789062,3.9449909148558486e-10,1.7579244804319885e-08,0.3596420642570023
3805.1605224609375,3.6899515458369483e-10,1.6442765760517993e-08,0.35965017573641933
3809.9288940429688,3.165190777039988e-10,1.410438318436396e-08,0.3596574587442664
3833.770751953125,1.256328981443359e-07,5.59831827150397e-06,0.36112985097320893
3838.5391235351562,1.318104175550703e-07,5.87359425654057e-06,0.3638649680577227
3852.84423828125,3.809984261261663e-10,1.697764265491901e-08,0.3654136832232593
3867.1493530273438,3.982915838639663e-10,1.7748241776371267e-08,0.365439403528584
3871.917724609375,6.274911021371888e-10,2.796158453866859e-08,0.365450301600425
3876.6860961914062,8.574710746842183e-10,3.820970506607094e-08,0.36546607806526993
3900.5279541015625,3.4594334776515556e-10,1.541555590378807e-08,0.3655132678931709
3905.2963256835938,3.9262195671269856e-10,1.7495597940700998e-08,0.36552111452370706
3919.6014404296875,3.549933095954999e-10,1.5818830582789928e-08,0.36554605435428955
3933.9065551757812,4.437150952681655e-10,1.9772355504591123e-08,0.3655705555751955
3938.6749267578125,4.0150788718598744e-10,1.7891563230547094e-08,0.3655795353531837
3943.4432983398438,4.284160064382393e-10,1.9090613940088342e-08,0.3655883525913168
3948.211669921875,3.5899814448950637e-10,1.599728973395681e-08,0.3655967181994544
3972.0535278320312,4.159898027626787e-10,1.8536890798221483e-08,0.3656378608436964
3976.8218994140625,3.6527520331819493e-10,1.6277001287626294e-08,0.36564616112238063
3986.358642578125,3.3665721319936264e-10,1.5001757149009708e-08,0.36566200463483683
4000.6637573242188,1.985189454787876e-08,8.84618802980072e-07,0.3660421113592745
4005.43212890625,4.027849040485011e-09,1.794846828439864e-07,0.3662958134003817
4010.2005004882812,4.759207235363479e-10,2.1207468121128014e-08,0.36634366213785163
4024.505615234375,3.7196444526578024e-10,1.6575080102736123e-08,0.36637217646455705
4038.8107299804688,5.254109273906406e-10,2.3412797430491195e-08,0.3664004638514505
4043.5791015625,4.172856464899341e-10,1.8594634794598717e-08,0.3664104792037533
4048.3474731445312,5.265628740691201e-10,2.3464129241133027e-08,0.36642050679451343
4062.652587890625,4.3113254584234227e-10,1.9211665451323704e-08,0.36645018865462875
4076.9577026367188,1.3474456627039835e-07,6.004342640180174e-06,0.3691919087763274
4081.72607421875,1.8304788997803706e-08,8.156783471212905e-07,0.37081792848956263
4110.3363037109375,4.1080252456941987e-10,1.8305740878752685e-08,0.3710690535928341
4115.104675292969,4.908582909259013e-10,2.1873099955495826e-08,0.37107863297497573
4119.873046875,5.324844509643883e-10,2.3728000190689648e-08,0.371089505124478
4124.641418457031,1.0494916481003849e-09,4.676631961957242e-08,0.371106312280042
4148.4832763671875,4.149839396158194e-10,1.8492068605015166e-08,0.37116396251078815
4153.251647949219,3.9949843709117305e-10,1.7802020273665287e-08,0.3711726156958884
4162.788391113281,5.956316521226089e-10,2.654189794565711e-08,0.37119279091128826
4186.6302490234375,4.802779176761e-10,2.140162872655351e-08,0.37124568795442914
4191.398620605469,4.746390348941971e-10,2.1150354888449988e-08,0.3712558331379006
4196.1669921875,4.393563688483396e-10,1.9578126619346718e-08,0.3712655435645906
4205.7037353515625,5.665262405989427e-10,2.5244933857911683e-08,0.371288227834791
4224.7772216796875,4.4571079612823577e-10,1.9861285782841584e-08,0.3713297657242438
4229.545593261719,5.555736328899514e-10,2.4756875516796153e-08,0.371340403522863
4234.31396484375,5.453708679745942e-10,2.430223086488434e-08,0.3713521001252985
4248.619079589844,1.952414762378326e-08,8.700140965640416e-07,0.37163059400189274
4258.155822753906,8.378933191053574e-10,3.733730214939017e-08,0.37209848330696155
4262.9241943359375,6.07974364999499e-10,2.7091900660226633e-08,0.3721138444259481
4277.229309082031,6.918985495757968e-10,3.0831640034819273e-08,0.37215439677926476
4291.534423828125,5.356501808010882e-10,2.3869068043530875e-08,0.3721938271802795
4296.302795410156,6.766026634843902e-10,3.0150041187310515e-08,0.3722067063395466
4301.0711669921875,6.357496674463065e-10,2.8329593855888394e-08,0.37222064897104
4305.839538574219,4.871189682384144e-10,2.170647227410335e-08,0.37223257849883057
4315.376281738281,1.0771585066447666e-07,4.799918045452811e-06,0.3738451592581781
4334.449768066406,5.553115410696927e-10,2.4745196462600646e-08,0.37576410922084225
4339.2181396484375,4.828246051386024e-10,2.1515111477996194e-08,0.37577513853773026
4353.523254394531,4.479560596694863e-10,1.9961336805248816e-08,0.37580522209220313
4372.596740722656,7.02139780433062e-10,3.128799876472017e-08,0.37584880009933236
4377.3651123046875,8.228235156863799e-10,3.666577775510684e-08,0.3758650015421748
4382.133483886719,5.487391136395243e-10,2.4452323010551698e-08,0.37587957323291676
4410.743713378906,6.398894687502309e-10,2.8514067235253804e-08,0.3759582166663346
4415.5120849609375,5.874506695576366e-10,2.617734578735442e-08,0.3759712561153165
4429.817199707031,5.618107545883569e-10,2.503480743496031e-08,0.3760137594053717
4453.6590576171875,7.927988258709914e-10,3.532784977547353e-08,0.3760851970045071
4458.427429199219,7.09973007010694e-10,3.163705459422119e-08,0.37610116268185667
4467.964172363281,6.154743810942842e-10,2.742610832207466e-08,0.37613101846464836
4491.8060302734375,7.747392574236263e-10,3.4523098683142556e-08,0.37620059102966785
4496.574401855469,1.120867237220082e-08,4.994688196120599e-07,0.3763279046240795
4501.3427734375,2.0510438790617903e-08,9.139641442177205e-07,0.37666489330297115
4520.416259765625,6.000501330869327e-10,2.673878954873426e-08,0.3769853777092597
4529.9530029296875,8.805037534117986e-10,3.9236062557356005e-08,0.3770142995346053
4534.721374511719,7.535323671656449e-10,3.357810001665761e-08,0.37703165978378467
4553.794860839844,6.80046525484819e-08,3.030350286690489e-06,0.3779139876149593
4568.0999755859375,6.487134000596457e-10,2.890726978494934e-08,0.3797065168228803
4572.868347167969,6.05897492269236e-10,2.699935328827903e-08,0.37971984600051584
4582.405090332031,7.509424863262291e-10,3.346269252834462e-08,0.37974974722948973
4601.478576660156,5.694840128507347e-10,2.5376734928210415e-08,0.3798059144712669
4611.015319824219,7.104313583507371e-10,3.165747915434543e-08,0.37983412934719246
4615.78369140625,7.308002952396432e-10,3.2565137842798724e-08,0.3798494412122831
4625.3204345703125,1.1886157309714248e-09,5.2965817574704884e-08,0.379884375577892
4649.162292480469,5.719710996086407e-10,2.548756181706881e-08,0.37996239570189266
4653.9306640625,6.876989082004375e-10,3.0644500126461616e-08,0.37997577862834325
4663.4674072265625,8.035800433832157e-10,3.580827081072181e-08,0.38000716781293564
4677.772521972656,6.281210720059818e-10,2.798965657934466e-08,0.38005264299356345
4692.07763671875,7.036621178002702e-10,3.135583552741623e-08,0.38009699051573764
4696.846008300781,6.360131399254859e-10,2.834133443352383e-08,0.3801112234301761
4720.6878662109375,1.0896516943115817e-09,4.855588846506931e-08,0.38019305406210696
4734.992980957031,7.353039484518648e-10,3.2765824800107726e-08,0.38024568034448114
4739.7613525390625,8.771856901241758e-10,3.9088206584887995e-08,0.38026281168054665
4749.298095703125,2.2312054699617314e-08,9.942458173348694e-07,0.3805962777088452
4773.139953613281,7.9936328961527e-10,3.562036835830523e-08,0.3811228171043438
4777.9083251953125,7.682666577112628e-10,3.423467364663479e-08,0.3811394718442017
4796.9818115234375,4.886818309453457e-08,2.177611488346204e-06,0.38241451910700164
4811.286926269531,7.370898930316117e-10,3.284540814428246e-08,0.38305813863927357
4816.0552978515625,8.089666715818303e-10,3.6048303951018054e-08,0.38307456418022034
4820.823669433594,7.956853135461054e-10,3.54564743390293e-08,0.3830916122478592
4825.592041015625,9.028326203776005e-10,4.023105754483943e-08,0.3831096575616667
4839.897155761719,7.081929882756093e-10,3.155773531117166e-08,0.38316045147474154
4858.970642089844,7.904203584885029e-10,3.52218630665602e-08,0.3832274958117065
4863.739013671875,7.748077563952045e-10,3.452615106074292e-08,0.3832441250341299
4868.507385253906,6.831161915059654e-10,3.044029002717445e-08,0.3832596142407034
4873.2757568359375,1.0806969854398373e-09,4.8156858346102453e-08,0.38327835326113996
4901.885986328125,7.047807556676662e-10,3.140568306659378e-08,0.3833835316078691
4906.654357910156,7.376598597584289e-10,3.2870806389391986e-08,0.38339885631715487
4944.801330566406,8.581946453088666e-10,3.8241948043097846e-08,0.38353221338964444
4949.5697021484375,9.062587049741151e-10,4.0383727046854344e-08,0.38355095921138027
4954.338073730469,7.998812639968927e-10,3.5643449776370406e-08,0.3835690855028516
4987.7166748046875,9.893920045511461e-10,4.408822385355711e-08,0.3836991086905178
4992.485046386719,1.5226995566234757e-09,6.785290219176978e-08,0.38372579753473257
5025.8636474609375,9.382094715672295e-10,4.1807482791160205e-08,0.38457554652402703
5035.400390625,3.7453186828961206e-08,1.6689486849991804e-06,0.38524918639853345
5040.168762207031,8.497273520392617e-09,3.786463761468639e-07,0.3857373711035873
5073.54736328125,7.631605188444058e-10,3.4007139370681684e-08,0.3859604604219757
5078.315734863281,9.387392912910043e-10,4.1831092048639916e-08,0.3859785416653523
5083.0841064453125,1.0070424425448424e-09,4.4874743714036927e-08,0.38599921394751463
5106.925964355469,6.87106059029124e-10,3.061808221843726e-08,0.38608667512669287
5121.2310791015625,8.820636913188009e-10,3.930557483492163e-08,0.38613657171147253
5125.999450683594,1.122131355511495e-09,5.000321224278582e-08,0.3861578645855889
5149.84130859375,6.768772625575515e-10,3.016227757627649e-08,0.3862556778421345
5168.914794921875,7.107427680217972e-10,3.167135585763867e-08,0.3863252950209059
5173.683166503906,8.186149618995671e-10,3.647824070144234e-08,0.3863415431508838
5192.756652832031,1.0091453919696687e-09,4.4968453087640075e-08,0.3864176634736
5211.830139160156,8.93295870956956e-10,3.980609116007124e-08,0.3864939045985863
5216.5985107421875,9.916333307503944e-10,4.4188099424358934e-08,0.3865139303741582
5226.13525390625,8.084511449443162e-10,3.6025331606696854e-08,0.38655405688340433
5249.977111816406,2.307934219093194e-08,1.0284368584202078e-06,0.387005370335029
5259.513854980469,1.2318666488953489e-09,5.4893118525723656e-08,0.3874233884609793
5264.2822265625,1.1040011910497493e-09,4.919531532668543e-08,0.3874482050774793
5273.8189697265625,2.128683727045422e-08,9.48561179387935e-07,0.3877632056041034
5292.8924560546875,8.440268972197473e-10,3.761062006957407e-08,0.3882659991156246
5307.197570800781,1.0436422940453404e-09,4.6505666986651154e-08,0.38833395406554805
5311.9659423828125,9.432700733745384e-10,4.2032987893574664e-08,0.38835506332584013
5316.734313964844,1.0242557845612837e-09,4.5641786173039815e-08,0.3883759666208962
5350.1129150390625,7.649470450720794e-10,3.4086748633626614e-08,0.38850839115713387
5354.881286621094,8.521345383226636e-10,3.797190406441678e-08,0.3885255712787221
5359.649658203125,1.149202927432681e-09,5.12095465546043e-08,0.3885468337934609
5397.796630859375,7.568651842832063e-10,3.3726613433449034e-08,0.38870566504216997
5402.565002441406,7.960309009362168e-10,3.547187403313044e-08,0.3887221632472277
5407.3333740234375,8.863024095570641e-10,3.949445604447363e-08,0.38874003661312523
5421.638488769531,1.116234444329494e-09,4.9740440420251686e-08,0.38880046031546345
5445.4803466796875,8.123918109556475e-10,3.620093133303434e-08,0.38890017853864745
5450.248718261719,8.91495179416924e-10,3.97258506776912e-08,0.38891828089413016
5455.01708984375,1.0668560873362523e-09,4.75400951105819e-08,0.38893908671692895
5483.6273193359375,8.570093074958141e-10,3.818912829258081e-08,0.3890598711059061
5497.932434082031,1.7440447832637837e-08,7.771625044619744e-07,0.38931633914124714
5502.7008056640625,1.6108817682687003e-08,7.178238319528787e-07,0.38967277165935144
5536.079406738281,9.65646702704886e-10,4.303011121624796e-08,0.3903749343156122
5545.616149902344,1.0270876342998056e-09,4.576797601954886e-08,0.3904168160822332
5550.384521484375,9.90312685086104e-10,4.412925023070199e-08,0.390438249251181
5574.226379394531,8.495851314009307e-10,3.7858300131352705e-08,0.39053385889535375
5593.299865722656,8.821986913761554e-10,3.931159056248109e-08,0.3906105129177615
5598.0682373046875,8.066066616309471e-10,3.594313972234778e-08,0.3906284550436267
5602.836608886719,7.74243573796716e-10,3.4501010561747554e-08,0.3906452502378434
5626.678466796875,1.1021148581074742e-09,4.91112585841215e-08,0.39074370585099716
5640.983581542969,9.64157344376995e-10,4.296374403008093e-08,0.3908055471362585
5645.751953125,8.390877823316301e-10,3.739052853677001e-08,0.3908247050877485
5650.520324707031,7.693193958355048e-10,3.4281584632237325e-08,0.39084179305113154
5683.89892578125,9.574871685042436e-10,4.266651481692e-08,0.3909739676770007
5693.4356689453125,8.916017421727328e-10,3.973059921276217e-08,0.3910110301497802
5698.204040527344,8.399014351177486e-10,3.74267856583239e-08,0.3910294259038484
5707.740783691406,8.370427237118444e-10,3.729939883104365e-08,0.39106882312182606
5722.0458984375,1.1088406582915103e-09,4.9410966468098796e-08,0.3911307739588409
5741.119384765625,1.0969176544399383e-09,4.887966637632839e-08,0.391217144053614
5745.887756347656,8.457314068033423e-09,3.7686574594915286e-07,0.39131864966987967
5750.6561279296875,2.342826193379921e-08,1.0439850452457488e-06,0.3916574068966317
5774.497985839844,8.938649081194548e-10,3.9831447982934005e-08,0.39220010492916746
5793.571472167969,9.316708650564826e-10,4.151611643059727e-08,0.3922854417341321
5798.33984375,1.0425298630341218e-09,4.645609603073212e-08,0.39230641594402754
5846.0235595703125,8.386358827806479e-10,3.737039147434038e-08,0.3925100532175473
5850.791931152344,7.465563587739845e-10,3.326724262326746e-08,0.3925268945419
5874.6337890625,1.0881846178964052e-09,4.8490514181564845e-08,0.3926220193079506
5898.475646972656,8.201736799192021e-10,3.654769861969731e-08,0.39271564199697206
5903.2440185546875,9.11971066685383e-10,4.0638275174088426e-08,0.3927340445671706
5912.78076171875,8.436748333853298e-10,3.7594931779117774e-08,0.39277218819838394
5941.3909912109375,1.0478218016146358e-09,4.669190971396764e-08,0.39289316118750167
5946.159362792969,8.811143526837661e-10,3.926327142630127e-08,0.39291365449965554
5950.927734375,9.85303368825055e-10,4.3906030459716894e-08,0.39293348360643604
5965.232849121094,9.101928489380685e-10,4.0559036144721565e-08,0.3929943485120456
5998.6114501953125,1.8983830221404945e-08,8.459370528054004e-07,0.39340039414606603
6003.379821777344,1.2497329024751264e-08,5.56892553285544e-07,0.39373485478747183
6046.295166015625,9.035143884348293e-10,4.026143776075491e-08,0.39404987708237466
6055.8319091796875,9.413338658937236e-10,4.194670869539191e-08,0.3940889239268105
6060.600280761719,9.076790740640818e-10,4.044702000869866e-08,0.394108568122535
6065.36865234375,1.1078111230429129e-09,4.936508942411977e-08,0.3941299809980521
6089.210510253906,7.968956972205012e-10,3.5510410156319093e-08,0.39422124867159475
6108.283996582031,9.6523844955442e-10,4.301191907783986e-08,0.39429392787241446
6113.0523681640625,7.981882351583498e-10,3.5568006843659354e-08,0.3943126627866987
6122.589111328125,1.0884888555270735e-09,4.8504071292097255e-08,0.39434995286990693
6151.1993408203125,6.671341170525926e-10,2.972811399087812e-08,0.3944582388042224
6160.736083984375,7.810700659588271e-10,3.480520537350394e-08,0.39449028692021365
6165.504455566406,8.376543642503063e-10,3.732665409978807e-08,0.39450748449565726
6198.883056640625,7.420441159896888e-10,3.3066172906673306e-08,0.3946234567765326
6213.188171386719,9.310192798093959e-10,4.14870811886496e-08,0.3946758706777141
6217.95654296875,1.003388987511025e-09,4.47119423748014e-08,0.394696422126432
6227.4932861328125,7.926425053513135e-10,3.532088398837119e-08,0.3947339154474452
6251.335144042969,1.92275143881941e-08,8.567958449176753e-07,0.39521760055729066
6270.408630371094,8.597655300920807e-10,3.831194812360376e-08,0.39553491976328087
6275.177001953125,7.735360455841949e-10,3.446948244945956e-08,0.3955522722085431
6279.945373535156,9.559321406602858e-10,4.2597221336310126e-08,0.39557064634255573
6294.25048828125,7.214496916330564e-10,3.2148466287867265e-08,0.3956233169514602
6327.629089355469,7.915687099001798e-10,3.5273034668784265e-08,0.39574224900740484
6332.3974609375,8.07019183373661e-10,3.596152207317896e-08,0.3957592326492062
6351.470947265625,6.226841633417046e-10,2.7747382894941137e-08,0.395822866733953
6375.312805175781,1.1437771532245962e-09,5.096776903187869e-08,0.39590865017688304
6380.0811767578125,8.070806493332689e-10,3.59642610532537e-08,0.39592937638797426
6384.849548339844,7.764099726806561e-10,3.459754730200005e-08,0.39594619963406125
6413.459777832031,8.620497974285065e-10,3.841373719123969e-08,0.3960432772326646
6427.764892578125,7.036801604875948e-10,3.13566395262701e-08,0.39609275854560705
6437.3016357421875,7.286541571246287e-10,3.246950394117008e-08,0.3961232957748957
6442.070007324219,8.567567942788655e-10,3.817787606981814e-08,0.3961401394228551
6456.3751220703125,7.877908825248581e-10,3.5104691182848334e-08,0.39619273793252896
6494.5220947265625,3.514068788918715e-09,1.5659015909769024e-07,0.39640457191163897
6499.290466308594,1.9530177346769975e-08,8.702827866035713e-07,0.39664939750027084
6518.363952636719,7.000483165971332e-10,3.1194801199593416e-08,0.3970913459553508
6551.7425537109375,7.201258050883451e-10,3.208947267757786e-08,0.397206324082514
6556.510925292969,6.708742963187757e-10,2.989477984221045e-08,0.39722110227992646
6575.584411621094,8.131514189216019e-10,3.6234780167358744e-08,0.3972838197682944
6585.121154785156,6.302548245076434e-10,2.8084738566573803e-08,0.39731461373996796
6608.9630126953125,6.929500518067664e-10,3.087849594787321e-08,0.3973901958109452
6613.731384277344,7.053657880129218e-10,3.143175264961098e-08,0.39740505173187934
6623.268127441406,1.2127116256113615e-09,5.403955295153281e-08,0.39744233137993673
6642.341613769531,6.389499346969415e-10,2.84722007278746e-08,0.3975162790601308
6666.1834716796875,8.112263726115063e-10,3.614899832127797e-08,0.3975949254564917
6670.951843261719,7.567347891939015e-10,3.372080290752986e-08,0.3976115837152228
6713.8671875,5.369340257160572e-09,2.3926277361722284e-07,0.39783982629391934
6723.4039306640625,6.795440724487173e-10,3.028111309436817e-08,0.39793939447665233
6728.172302246094,7.97918391431566e-10,3.5555982357331184e-08,0.39795509126340206
6732.940673828125,7.878001031702597e-10,3.5105102063345314e-08,0.3979719381787474
6752.01416015625,1.6484322954820666e-08,7.345566945794879e-07,0.398463467829726
6785.392761230469,6.910962314793874e-10,3.079588799753421e-08,0.39877948589868045
6790.1611328125,6.970789770609119e-10,3.1062484680389756e-08,0.3987942340839999
6794.929504394531,8.339066326612968e-10,3.71596517099575e-08,0.39881049950882136
6823.539733886719,6.647341526227647e-10,2.962116935363009e-08,0.39890652290573053
6847.381591796875,7.09920697130292e-10,3.163472361751397e-08,0.39898278474967147
6852.149963378906,6.286619625149827e-10,2.8013759161265075e-08,0.39899700605618116
6875.9918212890625,1.0884985417364473e-09,4.850450291855593e-08,0.3990778575268466
6904.60205078125,7.966426992599537e-10,3.5499136332932814e-08,0.39917236824546404
6909.370422363281,6.801602869269639e-10,3.0308572182104645e-08,0.39918805802582213
6918.907165527344,6.752281480656191e-10,3.0088791507513034e-08,0.39921959238219784
6952.2857666015625,8.967325913775909e-09,3.995923460425723e-07,0.39944064725726997
6966.590881347656,7.221258217816927e-10,3.217859527335542e-08,0.39965255362141283
6971.3592529296875,6.617696369748073e-10,2.9489067791354158e-08,0.3996672563380173
6985.664367675781,5.981133280313399e-10,2.6652483722066078e-08,0.39971107435423525
6999.969482421875,1.971283769173265e-08,8.784223007100511e-07,0.4000496259231901
7028.5797119140625,7.65761509476175e-10,3.412304192162909e-08,0.4004642602516287
7033.348083496094,6.474319992416426e-10,2.8850169377981853e-08,0.40047927423518814
7052.421569824219,5.926372510293702e-10,2.6408464660266923e-08,0.4005352433026542
7066.7266845703125,7.463910357266353e-10,3.3259875675196165e-08,0.40057539016403015
7090.568542480469,6.334084714293605e-10,2.8225267993535185e-08,0.4006474959628524
7095.3369140625,6.893113562835169e-10,3.071635230609521e-08,0.4006615487402142
7100.105285644531,6.166872439380935e-10,2.7480154613449118e-08,0.40067542386870253
7123.9471435546875,1.1558362493652115e-09,5.150513352206397e-08,0.4007551826049478
7152.557373046875,7.070329916679526e-10,3.1506044788231826e-08,0.4008514094286284
7157.325744628906,6.529740249349961e-10,2.9097127174534477e-08,0.4008658583507768
7190.704345703125,1.0571976182941072e-08,4.7109704786772957e-07,0.4010838840047684
7214.546203613281,7.648418775669968e-10,3.408206227221994e-08,0.4014699321895069
7219.3145751953125,6.59516100723635e-10,2.9388648129332666e-08,0.40148506478609536
7247.9248046875,1.4128287894256564e-08,6.295695907023922e-07,0.4017288664378683
7271.766662597656,5.960189683831844e-10,2.6559157116865116e-08,0.40222802820143266
7281.303405761719,7.302583954993613e-10,3.2540990288597926e-08,0.40225731836959133
7286.07177734375,5.99154096708906e-10,2.669886133804158e-08,0.4022714422508423
7300.376892089844,7.355057667183473e-10,3.2774818008936464e-08,0.40231407344023
7343.292236328125,6.992922939458298e-10,3.1161112130209696e-08,0.40244291891519757
7348.060607910156,6.177634277557597e-10,2.752811036086024e-08,0.4024569115162325
7352.8289794921875,6.12754570611216e-10,2.7304911048531745e-08,0.4024699847272847
7376.670837402344,9.655493053923005e-10,4.302577110181379e-08,0.4025508728772257
7410.0494384765625,6.946065999704897e-10,3.09523132679349e-08,0.40265401507543436
7414.817810058594,7.092414557076027e-10,3.160445599077312e-08,0.40266892977147417
7419.586181640625,6.679610934939729e-10,2.9764964826847564e-08,0.4026835613815858
7433.891296386719,1.7662677829611316e-08,7.870652789017041e-07,0.4030928289257641
7472.038269042969,7.431126338667412e-10,3.3113787052672376e-08,0.40343611075379876
7476.806640625,6.547812381640685e-10,2.9177658269416936e-08,0.4034509621916826
7500.648498535156,1.979694051480338e-08,8.821700003813665e-07,0.4038546122092716
7538.795471191406,6.803330217015332e-10,3.031626940360378e-08,0.40426078862142967
7543.5638427734375,6.311725416964718e-10,2.8125632894271222e-08,0.40427472225673555
7562.6373291015625,6.244898853558793e-10,2.782784753990696e-08,0.40433470456947546
7605.552673339844,7.744070625097096e-10,3.450829577018146e-08,0.4044687870941462
7610.321044921875,7.879117416621595e-10,3.5110076777916395e-08,0.4044853854076084
7634.162902832031,6.547503367863054e-10,2.917628127541058e-08,0.404573292991959
7672.309875488281,2.3913930398005554e-08,1.0656268817170841e-06,0.4050516729119841
7677.0782470703125,7.3957132807280004e-09,3.2955983187410694e-07,0.4053843113458198
7710.456848144531,6.663453809357657e-10,2.969296717917953e-08,0.40556112703583613
7739.067077636719,6.808946865649542e-10,3.034129770999323e-08,0.4056492460847704
7743.83544921875,2.1741377012361385e-09,9.688158911698769e-08,0.40567957838467683
7748.603820800781,1.7095596960861205e-08,7.617956302998167e-07,0.40588430298723704
7810.5926513671875,6.842522273070695e-10,3.049091283438771e-08,0.4065006409000746
7815.361022949219,7.716725628485143e-10,3.438644393325971e-08,0.40651610886729106
7863.044738769531,6.727335036107938e-10,2.997762784068184e-08,0.40666890871509115
7877.349853515625,1.0432306467991416e-09,4.648732360419442e-08,0.40672375559767
7882.118225097656,8.017187067598558e-10,3.572532792727417e-08,0.40674335662123223
7910.728454589844,2.444472364594636e-08,1.089279520335068e-06,0.4071422811919819
7939.338684082031,7.146958431733754e-10,3.184750854675585e-08,0.40780358664216376
7948.875427246094,8.214769501305075e-10,3.660577354708039e-08,0.40783758701893336
7953.643798828125,8.322104858287034e-10,3.708406983654444e-08,0.40785515604668704
7967.948913574219,7.168841000446003e-10,3.194501929916122e-08,0.4079035079067089
8001.3275146484375,2.0091696608456583e-08,8.953046048449209e-07,0.40843461934146447
8020.4010009765625,8.57778780608148e-10,3.8223416726962544e-08,0.408761299031821
8025.169372558594,7.99515207802006e-10,3.562713797337532e-08,0.40877890637613845
8049.01123046875,9.029451224058111e-10,4.023607073938812e-08,0.4088647424738227
8058.5479736328125,7.216538190562862e-10,3.215756239485884e-08,0.4088974140814012
8087.158203125,8.003007687966085e-10,3.566214329868758e-08,0.4090021103450456
8091.926574707031,7.593030987684821e-10,3.383524916030781e-08,0.40901867981460693
8134.8419189453125,7.546565031780633e-10,3.362819255826838e-08,0.4091894049895636
8153.9154052734375,2.6312415646851908e-08,1.1725056052909275e-06,0.409947958570432
8158.683776855469,2.416342041598007e-09,1.0767443879341256e-07,0.41025317727753674
8163.4521484375,7.549677777550841e-10,3.364206324164614e-08,0.4102868697571555
8168.220520019531,6.834914208567971e-10,3.045701059449235e-08,0.41030215216726124
8172.9888916015625,9.039609049456856e-10,4.028133494993209e-08,0.41031901750309396
8230.209350585938,7.837402754859886e-10,3.492419238252349e-08,0.41051883606691836
8234.977722167969,8.298992815979312e-10,3.698108043595412e-08,0.4105359796198937
8249.282836914062,1.9979255472647586e-08,8.902941237180351e-07,0.41085189008342893
8273.124694824219,8.243618637903077e-10,3.673432797105631e-08,0.41133943622574815
8306.503295898438,9.173851906028105e-10,4.087953354907472e-08,0.4114758318048317
8311.271667480469,9.165785762421519e-10,4.0843590066276576e-08,0.41149531611584383
8349.418640136719,7.660903092774304e-10,3.4137693545226276e-08,0.41163825020001327
8373.260498046875,1.1067409820827056e-09,4.9317402952032415e-08,0.41173004498762933
8378.028869628906,1.0565391831150177e-09,4.708036430551253e-08,0.4117530280063274
8382.797241210938,8.418744433490595e-10,3.7514704732024535e-08,0.4117731970424864
8392.333984375,3.4271938618159004e-08,1.5271893190386633e-06,0.4124171315998022
8449.554443359375,8.05219909276501e-10,3.588134475336579e-08,0.41311652193423765
8454.322814941406,8.970579454199282e-10,3.997373268164642e-08,0.41313460719401734
8459.091186523438,9.073732515083364e-10,4.043339227243725e-08,0.4131537777464985
8502.006530761719,1.885371753552777e-08,8.401391110444471e-07,0.41378373270918345
8525.848388671875,7.723915481084681e-10,3.4418482582189997e-08,0.41409825190774163
8530.616760253906,9.748061899682992e-10,4.34382664499628e-08,0.4141168144032193
8563.995361328125,1.0018067319942787e-09,4.4641435603880525e-08,0.41425944040491974
8573.532104492188,8.476402522498612e-10,3.777163451551384e-08,0.4142990305854154
8602.142333984375,9.174235112559224e-10,4.0881241152860523e-08,0.41441582461199156
8606.910705566406,9.299903906132644e-10,4.144123293336666e-08,0.41443545181929126
8630.752563476562,3.4381758147545244e-08,1.532082978955866e-06,0.4150005405875512
8640.289306640625,8.651884884232127e-10,3.8553600168244984e-08,0.4156837321519995
8678.436279296875,9.406084759989931e-10,4.1914384650005583e-08,0.41584145697674574
8683.204650878906,9.694431369747706e-10,4.319928384263473e-08,0.41586174965664985
8697.509765625,8.461605305056303e-10,3.7705696744437725e-08,0.4159194986310362
8749.961853027344,2.127450434747438e-08,9.48011612920243e-07,0.4164498590948567
8754.730224609375,7.340598398638223e-09,3.2710386169438135e-07,0.41675387031450467
8759.498596191406,9.851557504360725e-10,4.3899452447616096e-08,0.4168423243975044
8769.035339355469,1.0592821718908148e-09,4.720259442524146e-08,0.4168854248935522
8821.487426757812,8.884373149300073e-10,3.958958940471458e-08,0.41711005527315703
8831.024169921875,9.281224510582543e-10,4.135799581717068e-08,0.41714984048007847
8835.792541503906,1.0275016557819173e-09,4.5786425200156304e-08,0.4171706173291141
8869.171142578125,2.8686804535403472e-08,1.2783105727379314e-06,0.4176438562200837
8888.24462890625,8.440253215325844e-10,3.761054985549508e-08,0.41855312458156424
8907.318115234375,9.760494082192183e-10,4.3493665406385756e-08,0.4186347632433407
8912.086486816406,1.0310949283101069e-09,4.594654475121486e-08,0.41865608745116095
8940.696716308594,1.0854513936976005e-09,4.8368719180428236e-08,0.4187860500598631
8964.53857421875,8.651091131969167e-10,3.855006313466348e-08,0.4188935506708809
8988.380432128906,1.0453428601470036e-09,4.6581445786786e-08,0.4189973908533023
8993.148803710938,1.7430263610137242e-09,7.767086860772338e-08,0.41902701491355027
8997.917175292969,1.6395402088678614e-08,7.305942984476316e-07,0.4192197203462169
9016.990661621094,1.0281915859117287e-09,4.5817169125583755e-08,0.4197954045980296
9069.442749023438,1.1029673625885097e-09,4.914924697317575e-08,0.42005615813855296
9074.211120605469,1.0449227689503941e-09,4.656272613408026e-08,0.4200789776511842
9112.358093261719,3.3272865648251457e-08,1.4826697024047035e-06,0.42098964481663254
9131.431579589844,9.938732857334628e-10,4.428791389249809e-08,0.421492772679822
9145.736694335938,1.0893737326262683e-09,4.854350223499221e-08,0.42155884987843917
9150.505065917969,1.013321814164648e-09,4.515455832782012e-08,0.4215811892369031
9169.578552246094,8.562559819492664e-10,3.815555940868239e-08,0.4216652164810096
9202.957153320312,1.1744601117161375e-09,5.233503007324741e-08,0.42182092501797913
9226.799011230469,1.0149741037993703e-09,4.5228185883886334e-08,0.42193769706970646
9231.5673828125,1.1910379118186032e-09,5.307375219608142e-08,0.4219611340781065
9236.335754394531,1.0649905480583445e-09,4.7456964952956146e-08,0.4219851024688452
9250.640869140625,2.1933452163659498e-08,9.773749377643344e-07,0.4224110368195773
9307.861328125,1.2598789491231456e-09,5.614137256195517e-08,0.42302662569901106
9312.629699707031,1.1052437907896458e-09,4.9250686721684506e-08,0.42305175312403404
9350.776672363281,3.567879214097256e-08,1.5898800146958496e-06,0.42378013634937006
9365.081787109375,9.229986483667962e-10,4.1129674424837475e-08,0.42440483963868586
9393.692016601562,1.0483196017519419e-09,4.671409214902566e-08,0.42454570922504403
9398.460388183594,9.609330085830999e-10,4.282006464152071e-08,0.424567055831487
9412.765502929688,1.1445514835945445e-09,5.100227391015732e-08,0.42463577778917044
9450.912475585938,9.481465659558516e-10,4.225028891840221e-08,0.42481195328908544
9474.754333496094,1.1401957083346077e-09,5.080817653133021e-08,0.42492518752155284
9479.522705078125,1.2050301590351333e-09,5.369725968821702e-08,0.4249501035591646
9498.59619140625,1.8963345103314617e-08,8.450242169750334e-07,0.42526611426158695
9555.816650390625,9.605692680557601e-10,4.280385602681572e-08,0.42602878471623545
9560.585021972656,1.0965960114712296e-09,4.886533366781637e-08,0.42605064035418994
9589.195251464844,2.889830437895619e-08,1.2877352016056115e-06,0.42654243944288617
9641.647338867188,9.878328263953207e-10,4.401874543120743e-08,0.42744533515637684
9646.415710449219,1.1058401894766488e-09,4.927726279941467e-08,0.427467578658095
9684.562683105469,1.1771691066504201e-09,5.2455745395921746e-08,0.4276585176776221
9698.867797851562,9.774269658431636e-10,4.355505064966274e-08,0.4277254237804858
9727.47802734375,1.1472681176798128e-09,5.112332964047309e-08,0.4278632150744809
9732.246398925781,1.1783688934781697e-09,5.25092090079128e-08,0.42788792299709416
9751.319885253906,1.9705085906834715e-08,8.780768739972086e-07,0.42837088983950156
9765.625,1.0539341989717704e-09,4.6964283799995855e-08,0.42869087394804073
9813.308715820312,1.1434383118561247e-09,5.095266994674833e-08,0.4289407863349051
9818.077087402344,1.2409655403724435e-09,5.5298573555091273e-08,0.4289661186054086
9832.382202148438,2.4254818547688393e-08,1.0808171733134471e-06,0.42970239672901295
9860.992431640625,9.782110695186223e-10,4.358999103548454e-08,0.43011180704194235
9899.139404296875,1.0979356207666982e-09,4.8925027898438055e-08,0.4303029103559183
9903.907775878906,1.1224772670339961e-09,5.001862638052637e-08,0.4303265003613826
9956.35986328125,9.970591188917489e-10,4.442987756796393e-08,0.43058203226385194
9970.664978027344,1.2407982745901564e-09,5.529112003695226e-08,0.43065375841864945
9984.970092773438,1.0724776043929669e-09,4.779059511589118e-08,0.43072329295035905
9989.738464355469,1.3391491791398566e-09,5.967372741202819e-08,0.43074891444144037
10032.65380859375,1.0267928412639516e-09,4.575483976890663e-08,0.4316000802318572
10070.80078125,2.6282685699513964e-08,1.1711808113090068e-06,0.43225478573669307
10075.569152832031,5.343148799967655e-09,2.3809565803264118e-07,0.4325907834300748
10080.337524414062,1.197091601773918e-09,5.3343510225924235e-08,0.4326602679424654
10123.252868652344,1.340096608508296e-09,5.971594574196117e-08,0.432867906363059
10132.789611816406,9.471610819802416e-10,4.220637483993692e-08,0.4329180694242702
10166.168212890625,1.1724535653442133e-09,5.224561650894629e-08,0.43308644207265795
10170.936584472656,1.2368699961250882e-09,5.5116072311146553e-08,0.43311203909395646
10223.388671875,1.0654657770323182e-09,4.747814159607623e-08,0.4333838073742334
10251.998901367188,1.7712057511596844e-08,7.892656832542571e-07,0.4339511154038171
10256.767272949219,2.5210258223673503e-09,1.1233924499678321e-07,0.43416607476972174
10275.840759277344,9.752825525318786e-10,4.345949360688537e-08,0.43428037969428607
10309.219360351562,2.1561284170264424e-08,9.607907873684808e-07,0.43472923514799544
10342.597961425781,1.0948618496861626e-09,4.878805781292102e-08,0.435275243013492
10347.366333007812,1.161926620486682e-09,5.1776526098635725e-08,0.43529921947869615
10361.671447753906,1.0500914645543009e-09,4.6793047996160925e-08,0.4353731239886859
10375.9765625,1.4792840446042772e-09,6.591826677545915e-08,0.43544834975859537
10433.197021484375,1.2174832535514117e-09,5.425218111084592e-08,0.43575756188168663
10437.965393066406,1.232685197003455e-09,5.492959378735816e-08,0.43578359284532164
10466.575622558594,9.985264100414887e-10,4.449526142023937e-08,0.43592046857544353
10499.954223632812,2.0219363084599957e-08,9.009935412350602e-07,0.4363768185991425
10528.564453125,1.184916567043768e-09,5.280097940483558e-08,0.43685554721222014
10533.332824707031,1.1292927858432612e-09,5.0322332209519124e-08,0.4368801337256475
10547.637939453125,1.5734703621580014e-08,7.011529629778145e-07,0.43712528271544193
10614.395141601562,9.948761140352017e-10,4.433260085019572e-08,0.43786815215996877
10619.163513183594,1.167041029550192e-09,5.2004428902209505e-08,0.43789112069771724
10623.931884765625,1.3944024112272302e-09,6.213586259575227e-08,0.4379183338638344
10647.773742675781,9.311793633664354e-10,4.149421466018117e-08,0.43803762156771153
10714.530944824219,1.086086093637506e-09,4.8397001997452906e-08,0.4383606802316232
10719.29931640625,1.154910387281433e-09,5.1463876250305783e-08,0.4383844889203229
10752.677917480469,1.566611402646071e-08,6.980965471085387e-07,0.439037181382589
10809.898376464844,9.7471163303021e-10,4.343405290524624e-08,0.43993708480080185
10814.666748046875,1.0998027734759643e-09,4.9008229952059105e-08,0.43995912475852955
10876.655578613281,1.3414510777086419e-09,5.977630214370376e-08,0.44025780484454136
10900.497436523438,9.44162181293315e-10,4.207274104848559e-08,0.4403778861721725
10905.265808105469,1.071596545970351e-09,4.7751334336760496e-08,0.44039930190059495
10910.0341796875,1.0376293209678906e-09,4.623772333858793e-08,0.4404217106381771
10962.486267089844,9.69580776448305e-10,4.320541718502315e-08,0.4406766016978385
11000.633239746094,1.888726646681802e-08,8.416340824874831e-07,0.44117745147395604
11005.401611328125,4.765116144429568e-09,2.123379876706387e-07,0.44142873799733584
11029.243469238281,1.1398934605630037e-08,5.079470809076023e-07,0.44174822187503604
11081.695556640625,9.336072869114581e-10,4.160240518149112e-08,0.4421563098309022
11096.000671386719,1.1702354219497178e-09,5.214677398539045e-08,0.4422209539887216
11100.76904296875,1.1544356609274828e-09,5.144272200439934e-08,0.44224565164916524
11124.610900878906,1.4490299005618069e-09,6.457011410300318e-08,0.44236975721016913
11134.147644042969,1.035693314716228e-09,4.615145310736253e-08,0.4424207512355445
11196.136474609375,1.1042473242166639e-09,4.9206283248510955e-08,0.44272540040594616
11200.904846191406,1.1622675991899615e-09,5.17917204253842e-08,0.44274948020647414
11215.2099609375,1.0109868932636542e-09,4.505051209044421e-08,0.4428182752529669
11248.588562011719,1.675623763511815e-08,7.466734645138301e-07,0.443172792535274
11291.50390625,1.1482127919991447e-09,5.116542520286679e-08,0.4440240020623827
11296.272277832031,1.0222779733008956e-09,4.555365307191612e-08,0.444047061687597
11315.345764160156,9.677391798751878e-10,4.312335393649268e-08,0.4441355412447838
11377.334594726562,1.4836763952016259e-09,6.611399398518838e-08,0.4444442346447237
11391.639709472656,1.084011928863808e-09,4.830457529455728e-08,0.4445161730460752
11396.408081054688,9.848978332103155e-10,4.388795941721707e-08,0.44453815345920494
11429.786682128906,1.2420023589403403e-09,5.5344775150522296e-08,0.4446998041020088
11491.775512695312,1.2336319968719086e-09,5.497178406618888e-08,0.4450175636548785
11496.543884277344,9.151424739954417e-09,4.0779596020399597e-07,0.4451278960829214
11501.312255859375,1.888923426012828e-08,8.41721769179473e-07,0.4454258043245233
11591.911315917969,1.0316579260004442e-09,4.597163244960585e-08,0.4462828573418181
11596.6796875,1.1416351690891455e-09,5.08723202354258e-08,0.4463059467394118
11601.448059082031,1.1665425597343386e-09,5.1982216625655326e-08,0.4463304691719444
11610.984802246094,1.0337478012555694e-09,4.606475922610104e-08,0.4463802464055087
11625.289916992188,1.5139616061474906e-09,6.74635310276261e-08,0.4464558891842356
11696.815490722656,1.115532585235935e-09,4.970916492915398e-08,0.44683388096797483
11701.583862304688,1.2017842284065803e-09,5.355261801382863e-08,0.4468585004955397
11715.888977050781,1.0729408870247404e-09,4.781123941894108e-08,0.4469320015907644
11749.267578125,2.198250827741005e-08,9.795609236167278e-07,0.44738621555030905
11801.719665527344,1.1992493674616346e-09,5.3439662262959074e-08,0.4480765532271269
11806.488037109375,1.0707605093527354e-09,4.771407977094871e-08,0.4481006701585734
11835.098266601562,1.007229683384965e-09,4.4883087339249054e-08,0.4482424847106795
11878.013610839844,1.52675029048125e-09,6.803340664326244e-08,0.4484799445761643
11906.623840332031,1.2862165950952949e-09,5.7315002453903444e-08,0.44863764152307717
11911.392211914062,1.1328265624255583e-09,5.047980056613825e-08,0.44866334180684775
11959.075927734375,1.0643901976561541e-09,4.7430212783138125e-08,0.4489295672656295
12001.991271972656,1.7539799983902148e-08,7.815897283177611e-07,0.4495925143773614
12011.528015136719,1.2296268150876166e-09,5.479330945726968e-08,0.44984382716327836
12016.29638671875,1.129905239809539e-09,5.034962372536021e-08,0.44986889519201034
12073.516845703125,1.4193856922816073e-09,6.324914073288601e-08,0.4501788031511846
12111.663818359375,1.1057885594054639e-09,4.927496211563564e-08,0.45038585294110745
12116.432189941406,1.1774590786455282e-09,5.2468666816524274e-08,0.4504101105125501
12121.200561523438,1.3006587008514293e-09,5.795855605911179e-08,0.4504364384141223
12125.968933105469,1.4140846608631814e-09,6.301292186437359e-08,0.45046528026200056
12159.347534179688,1.0919254927655164e-09,4.865721102960775e-08,0.45064161025017224
12221.336364746094,1.3105496194423625e-09,5.839930455005215e-08,0.45098671718015954
12226.104736328125,1.3432867205246524e-09,5.985810008730465e-08,0.45101491194254145
12235.641479492188,1.1033910417347573e-09,4.9168126508239635e-08,0.45106783652890003
12249.946594238281,2.119125274717269e-08,9.443018445237085e-07,0.45143524984765093
12331.008911132812,1.202650092234218e-09,5.35912017077376e-08,0.4522568022110414
12335.777282714844,1.2032388088495197e-09,5.3617435465239516e-08,0.4522823627419837
12350.082397460938,1.0696409199145783e-09,4.7664189828896926e-08,0.4523567377299258
12373.924255371094,1.444967534221839e-09,6.438909129733283e-08,0.4524919742862353
12440.681457519531,1.2038238073498975e-09,5.3643503540097626e-08,0.45287881408548153
12445.449829101562,1.1322976221917075e-09,5.045623049954392e-08,0.4529036333961561
12502.670288085938,1.5105647944453813e-08,6.731216595289122e-07,0.4536622427946923
12550.35400390625,1.2055131269917693e-09,5.371878118757047e-08,0.4541008121628571
12555.122375488281,1.3320605030883185e-09,5.9357849443388915e-08,0.4541277717324617
12574.195861816406,1.2032946332905061e-09,5.3619923054020696e-08,0.4542363517835475
12626.64794921875,1.574008299746849e-09,7.013926729484557e-08,0.45454706401449424
12660.026550292969,1.2367191622516206e-09,5.5109351014079716e-08,0.4547492809865038
12664.794921875,1.3061246108610554e-09,5.8202122070317955e-08,0.45477629654691254
12736.320495605469,1.2686908925988868e-09,5.653404092268204e-08,0.45526134391920653
12750.625610351562,2.1724790182844466e-08,9.68076766687974e-07,0.45569304225592705
12769.699096679688,1.3523890299683026e-09,6.026370742442686e-08,0.4561179188505571
12774.467468261719,1.377549855128787e-09,6.138489709132629e-08,0.45614692213799535
12793.540954589844,1.180238651297652e-09,5.259252714765729e-08,0.4562577193924615
12845.993041992188,1.8231714502030202e-09,8.12422079926055e-08,0.45657981116159574
12884.140014648438,1.3392085405078613e-09,5.967637260955233e-08,0.4568259813513754
12888.908386230469,1.3298250573938257e-09,5.9258235913324074e-08,0.4568543375717455
12922.286987304688,1.230481133654366e-09,5.48313786836631e-08,0.4570627786420822
12998.580932617188,1.7726890272371404e-08,7.899266448088148e-07,0.4577955335415064
13003.349304199219,1.303365213846531e-08,5.807916078427807e-07,0.4581223382396522
13060.569763183594,1.3570424068111274e-09,6.047106620535263e-08,0.45863874710653796
13113.021850585938,1.39776753028868e-09,6.228581541707346e-08,0.45901258496496583
13117.790222167969,1.698166577116032e-09,7.56718750991788e-08,0.4590454766415149
13151.168823242188,1.3002810046726871e-09,5.794172556765803e-08,0.45929208254317166
13189.315795898438,3.334379737345897e-09,1.4858304857594129e-07,0.45958974347440434
13227.462768554688,1.3803453928627954e-09,6.150946884129099e-08,0.45986441543114565
13232.231140136719,1.623738276884342e-09,7.2355281123727e-08,0.45989633127462415
13251.304626464844,2.051186402022284e-08,9.140276537686125e-07,0.4604120812723429
13332.366943359375,1.2977149922727653e-09,5.782738167910995e-08,0.461235056852602
13341.903686523438,1.4934062436208418e-09,6.654756504013356e-08,0.46129819079644824
13346.672058105469,1.471118067817542e-09,6.555438328852934e-08,0.46132968635526533
13360.977172851562,1.196210861741259e-09,5.3304263634544846e-08,0.46141752410737635
13427.734375,5.454511800155477e-09,2.4305809643794423e-07,0.4619208034132602
13461.112976074219,1.483056217022027e-09,6.608635827124944e-08,0.4622067331839389
13465.88134765625,1.597708745823122e-09,7.119538111750974e-08,0.4622394637011805
13499.259948730469,1.9789889846715665e-08,8.818558160827889e-07,0.46270781436310254
13527.870178222656,1.4115590483117737e-09,6.290037823048368e-08,0.4632926811113894
13580.322265625,1.4995043753561912e-09,6.681930343684573e-08,0.4636516880298691
13585.090637207031,1.286844776538731e-09,5.734299480068962e-08,0.4636812906285928
13637.542724609375,1.2504793994487059e-09,5.572251992491841e-08,0.46402100701239035
13666.152954101562,7.570272239215726e-09,3.373383406977577e-07,0.46428726687851535
13699.531555175781,1.6509042864883704e-09,7.356582366613783e-08,0.4646202759825054
13704.299926757812,1.5100326368794378e-09,6.728845251899974e-08,0.4646538582588938
13709.068298339844,1.3221716458172863e-09,5.891719280677203e-08,0.46468394802952706
13751.983642578125,2.033227431354701e-08,9.060249701474621e-07,0.4654099190447303
13818.740844726562,1.6432216369111493e-09,7.322347768720239e-08,0.46609946723501305
13823.509216308594,1.4628952772424076e-09,6.518796812658156e-08,0.46613246709525535
13861.656188964844,1.355876752286489e-09,6.041912356039312e-08,0.466454581885663
13904.571533203125,8.056366962911847e-09,3.589991716866539e-07,0.4668284975746295
13942.718505859375,1.5013983463198006e-09,6.690370053671276e-08,0.467258854274857
13947.486877441406,1.5798892430668544e-09,7.040132757466368e-08,0.4672915903445628
13980.865478515625,1.3748778143435402e-09,6.126582847975079e-08,0.46751048765546965
13999.93896484375,2.1463828377546058e-08,9.56448067005441e-07,0.4679361753126426
14066.696166992188,1.5155811565369764e-09,6.753569969260956e-08,0.46882843253247497
14071.464538574219,1.6594962675929851e-09,7.394869029993243e-08,0.4688621650397021
14100.074768066406,1.3602850443529357e-09,6.061556113674643e-08,0.46906180077228743
14147.758483886719,9.431655590955118e-09,4.2028330640525897e-07,0.469603451639274
14190.673828125,1.5020724720931766e-09,6.693374020538337e-08,0.4699861547808221
14195.442199707031,1.5453526077548634e-09,6.88623431258511e-08,0.4700185310900574
14252.662658691406,1.5912463013264406e-08,7.090740860681604e-07,0.47085989381139187
14286.041259765625,1.4325671237771475e-09,6.383651752571682e-08,0.4713267970189442
14314.651489257812,2.7413358433327475e-09,1.2215646352778476e-07,0.47154513087167904
14319.419860839844,2.8842102752428495e-09,1.2852308050874577e-07,0.47160489753237816
14386.177062988281,1.2271649642393357e-08,5.468360710391145e-07,0.4723015239940421
14433.860778808594,1.3260384823801853e-09,5.908950262452475e-08,0.472791070909043
14443.397521972656,1.6358912014385256e-09,7.28968266949016e-08,0.47285281654333816
14448.165893554688,1.5494842322315343e-09,6.904645213822273e-08,0.47288665845819045
14472.007751464844,1.4756297777557521e-09,6.575542926100855e-08,0.4730640543506746
14500.617980957031,2.120030620686886e-08,9.447052750708504e-07,0.4735935331894327
14567.375183105469,1.587729219742557e-09,7.075068419478501e-08,0.47438417930529925
14572.1435546875,1.4675441045237103e-09,6.539512417483322e-08,0.47441663899548137
14624.595642089844,1.3146873224523233e-08,5.858368442749561e-07,0.47494307054429175
14677.047729492188,1.4140811792907233e-09,6.301276672228108e-08,0.4755515187092356
14696.121215820312,1.552787163734243e-09,6.919363382434364e-08,0.47568036599300145
14700.889587402344,1.6764137992364616e-09,7.470255117480942e-08,0.4757146735169671
14748.573303222656,1.758133075119933e-08,7.834403777640732e-07,0.4762571194865747
14815.330505371094,1.4492318659685128e-09,6.457911386853652e-08,0.47715936622138205
14824.867248535156,1.5678930654307735e-09,6.986676679130006e-08,0.47722687928483776
14829.635620117188,1.7067832542395235e-09,7.605584221044191e-08,0.4772616699459348
14867.782592773438,1.081162339183589e-08,4.817759493981984e-07,0.4778242836347927
14939.308166503906,1.5207139109946792e-09,6.776441998393556e-08,0.4784631191060739
14958.381652832031,1.7455954985056056e-09,7.778535175326287e-08,0.4786010840274791
14963.150024414062,1.9004917489817027e-09,8.468767210116678e-08,0.47863982061496885
15001.296997070312,2.1657068864625727e-08,9.650590420413712e-07,0.47938663750762556
15072.822570800781,1.4509811751189455e-09,6.465706470405833e-08,0.48020218969049383
15091.896057128906,1.522330670177347e-09,6.783646427015867e-08,0.4803370706630308
15096.664428710938,1.807451098813976e-09,8.054169457839899e-08,0.48037244677283314
15106.201171875,1.4615523454757345e-08,6.512812584356656e-07,0.4807036518809368
15115.737915039062,1.450314360125611e-09,6.462735081051582e-08,0.48094164057343813
15220.64208984375,1.769720546140855e-09,7.886038621455623e-08,0.48184558049796655
15225.410461425781,1.7122868269222423e-09,7.630108650523497e-08,0.4818825738758237
15249.252319335938,1.8732581615734254e-08,8.347411822922475e-07,0.48228685722841436
15301.704406738281,1.5614948235690719e-09,6.958165520946969e-08,0.4830718476238751
15358.924865722656,1.7044330428095533e-09,7.595111461293649e-08,0.4839265678399121
15363.693237304688,1.6145890628220223e-09,7.19475836733654e-08,0.4839618296374085
15368.461608886719,1.6086931798674169e-09,7.168485766959611e-08,0.4839960742799864
15454.292297363281,3.950435688682362e-09,1.760350722065144e-07,0.484769407375253
15492.439270019531,1.962446170149971e-09,8.744841847532344e-08,0.48512837496229355
15497.207641601562,1.2842883028691696e-08,5.722907596679882e-07,0.4852856690397241
15501.976013183594,1.9808797400621187e-08,8.826983541923302e-07,0.4856325654768589
15554.428100585938,1.5921268945515952e-09,7.09466486563171e-08,0.486368384288126
15630.722045898438,1.926719977962284e-09,8.585642627065578e-08,0.4874018328990839
15635.490417480469,1.7717380261465841e-09,7.895028699170372e-08,0.48744112588148625
15707.015991210938,1.6149235597688435e-09,7.19624891670443e-08,0.48801614518808256
15749.931335449219,2.2122985711981883e-08,9.85820728176788e-07,0.48865518306510325
15769.004821777344,1.7831040890823372e-09,7.945676928056398e-08,0.489164423327694
15773.773193359375,1.783831175087983e-09,7.948916890622322e-08,0.4892023189924305
15826.225280761719,1.2073571356800921e-08,5.380095192218801e-07,0.48989469929196566
15840.530395507812,1.6786911669463254e-09,7.480403278869702e-08,0.49013344772071454
15907.28759765625,1.864520637327136e-09,8.308476605827097e-08,0.4907065869679062
15912.055969238281,1.808185498508633e-09,8.057442010881269e-08,0.4907456063585291
15959.739685058594,1.741328519705034e-09,7.759521122688644e-08,0.4911537129869064
16002.655029296875,1.7103697371684246e-08,7.621565921066933e-07,0.49198074472808545
16045.570373535156,1.9873379080306193e-09,8.855761736387113e-08,0.4925340351734913
16050.338745117188,2.068311169477591e-09,9.21658608714041e-08,0.4925771230083825
16064.643859863281,1.3532253098169358e-08,6.030097282883801e-07,0.49290658733748954
16074.180603027344,1.8308652206061498e-09,8.15850495258408e-08,0.4931629567764629
16188.621520996094,2.0105454626708685e-09,8.959176748775164e-08,0.49443048002880763
16193.389892578125,2.1483047113727743e-09,9.573044716853484e-08,0.4944746642879019
16231.536865234375,1.8333674225917607e-09,8.169654996324171e-08,0.494818376659351
16250.6103515625,2.229528971382729e-08,9.934987540444726e-07,0.49532233419785565
16331.672668457031,2.1043546394712964e-09,9.377199126889236e-08,0.4967259612005723
16336.441040039062,2.3660132454264783e-09,1.0543174103389605e-07,0.49677345507137965
16350.746154785156,6.173530997435661e-09,2.7509825764692337e-07,0.4970065603539846
16417.503356933594,1.964522405418632e-09,8.75409374413918e-08,0.49780767430086953
16474.72381591797,2.021605601282735e-09,9.008461750546788e-08,0.4983510819444583
16479.4921875,2.0822834762833073e-09,9.278847980036993e-08,0.4983946822884739
16484.26055908203,1.916983818034992e-09,8.542257396906657e-08,0.49843717111469377
16498.565673828125,1.8535424723827985e-08,8.25955688630836e-07,0.4987654922338888
16617.774963378906,2.529326732452722e-09,1.1270914123644218e-07,0.5007448519585509
16622.543334960938,2.5920608229627043e-09,1.1550463039840299e-07,0.5007992623617155
16736.984252929688,2.243920753989892e-09,9.999118656354056e-08,0.5024477060247111
16751.28936767578,2.252380663238405e-08,1.003681679531349e-06,0.502990510504868
16765.594482421875,2.419717631225253e-09,1.0782485819284088e-07,0.5034301776675805
16770.362854003906,2.4995388560892474e-09,1.1138176588350434e-07,0.5034824405994224
16784.66796875,9.005355713134656e-09,4.01286989115815e-07,0.503774625399515
16870.498657226562,2.1898882489421585e-09,9.758344810703903e-08,0.50478963090506
16913.414001464844,2.585394871948971e-09,1.1520758944887191e-07,0.5052594858186832
16918.182373046875,2.526999928552226e-09,1.126054567001244e-07,0.5053138006814468
16937.255859375,2.162698417703097e-09,9.637184405051339e-08,0.5055228952613295
16999.244689941406,2.113752833534788e-08,9.419078349865004e-07,0.5064605625831007
17061.233520507812,2.5818533764606975e-09,1.1504977713065514e-07,0.5077883230908959
17066.001892089844,2.7567145322053485e-09,1.2284175214389505e-07,0.5078450408512859
17085.07537841797,2.2487334866275846e-09,1.0020564638624164e-07,0.5080588705291756
17185.211181640625,2.883610311741823e-09,1.2849634557960188e-07,0.5092307679505331
17213.821411132812,2.46133816923532e-09,1.0967950790524257e-07,0.5095689280620892
17218.589782714844,2.7090923071949296e-09,1.20719661701476e-07,0.509623859504733
17304.420471191406,2.028920766603728e-08,9.041058804567256e-07,0.5118696312979749
17337.799072265625,2.5109325541276347e-09,1.1188947961812679e-07,0.5127684088373577
17366.409301757812,3.006812997958351e-09,1.3398637135734005e-07,0.5131151863422765
17371.177673339844,2.828075051496159e-09,1.2602164295999947e-07,0.513177177083605
17404.556274414062,2.599686783340956e-09,1.158444502541408e-07,0.5136022333958588
17499.923706054688,2.543061219736493e-08,1.1332116270730036e-06,0.5151692724258145
17518.997192382812,1.1464866321852994e-08,5.108850592321852e-07,0.5161080246379499
17523.765563964844,7.634682509487763e-09,3.4020852198197984e-07,0.5163109411602655
17623.9013671875,2.8666498724554553e-09,1.2774057270042718e-07,0.5178247404835732
17671.585083007812,2.908737607461952e-09,1.2961604114359236e-07,0.5184739475719928
17676.353454589844,3.194799333192701e-09,1.4236321652194377e-07,0.5185387924801506
17685.890197753906,2.912583790301329e-09,1.2978743061230058e-07,0.5186727480483773
17752.647399902344,1.966541917676466e-08,8.763092877757487e-07,0.5202185651351772
17828.941345214844,1.0675667798916247e-08,4.7571764228917387e-07,0.521915486526149
17833.709716796875,1.628334466852675e-08,7.256009160457304e-07,0.5222019031898757
17900.466918945312,1.6975843702004623e-08,7.564593141992463e-07,0.5239729758808573
17938.613891601562,3.0751816649179408e-09,1.3703294246324984e-07,0.5247975361170993
17986.297607421875,3.8936084976787774e-09,1.7350279995607155e-07,0.5255475335447115
17991.065979003906,3.9058782638844595e-09,1.7404955209942683e-07,0.525630396482652
18000.60272216797,2.3500922629034822e-08,1.0472228731058558e-06,0.5261296591845335
18067.359924316406,3.3478308952338088e-09,1.4918244462657022e-07,0.5275420920456129
18143.653869628906,3.803346435056884e-09,1.6948063886718827e-07,0.528831357488274
18148.422241210938,3.6184332733782447e-09,1.6124073716184214e-07,0.5289102076088255
18172.264099121094,3.4144435741266804e-09,1.5215076727826417e-07,0.5292964725010025
18248.558044433594,2.0729707190824625e-08,9.237349471632233e-07,0.5308033626597479
18305.77850341797,4.011648973015912e-09,1.7876279283705795e-07,0.5323202262397738
18310.546875,4.143878311008024e-09,1.8465505457617385e-07,0.5324068718065742
18329.620361328125,3.732512935736669e-09,1.6632423254896946e-07,0.5327384816764457
18458.36639404297,1.5374811724435708e-07,6.851158467979866e-06,0.5397539404960832
18467.90313720703,1.8009476903548692e-08,8.025189667560888e-07,0.5434760458942373
18472.671508789062,8.480578340077985e-09,3.779024234530872e-07,0.5437574802848321
18501.28173828125,2.192127855875587e-08,9.768324706576395e-07,0.5447916935659642
18515.586853027344,4.383417661896307e-09,1.9532914985400003e-07,0.5453204592766652
18630.027770996094,5.289719168669788e-09,2.3571478418866658e-07,0.5478431784624447
18634.796142578125,5.313663376619237e-09,2.3678176026611159e-07,0.5479558304172039
18687.24822998047,3.6654872938021404e-08,1.6333750788175483e-06,0.5501671638761442
18782.615661621094,4.486787169863202e-09,1.9993539084433839e-07,0.5542184599456169
18792.152404785156,5.557480989362654e-09,2.4764649885367313e-07,0.5544374357941515
18796.920776367188,5.19720970255695e-09,2.3159247671923625e-07,0.5545516952697577
18811.22589111328,5.014344152415156e-09,2.2344381847996452e-07,0.5548923123335959
18959.04541015625,1.1412934172874385e-08,5.085709145869554e-07,0.5590125625140786
18963.81378173828,1.0456590594727401e-08,4.6595535921526614e-07,0.5592449076835756
19059.181213378906,7.6433604486322e-09,3.4059521898562203e-07,0.5711313695149284
19092.559814453125,1.4262187715988443e-07,6.35536290743742e-06,0.5771975075057748
19125.938415527344,7.671180438448606e-09,3.4183490349185153e-07,0.5810654995427914
19130.706787109375,7.54940348662518e-09,3.3640840975883334e-07,0.5812272053498219
19140.243530273438,6.733493299955427e-09,3.00050696346127e-07,0.581535677123882
19249.916076660156,2.6797162067227265e-08,1.1941063546353845e-06,0.5855105733068874
19297.59979248047,8.471929553374218e-09,3.7751702550919504e-07,0.587640286862874
19302.3681640625,8.825782913869444e-09,3.932850589045372e-07,0.5878240604006084
19407.272338867188,7.4945538141478e-09,3.339642575650079e-07,0.5917879055507512
19421.57745361328,9.699907373623031e-09,4.322368542295555e-07,0.592323630071107
19464.492797851562,8.335680378910423e-09,3.714456361347202e-07,0.5939495965152028
19469.261169433594,9.508286398359463e-09,4.23698046139743e-07,0.5941391735421124
19478.797912597656,8.178831108045672e-09,3.644562873898923e-07,0.5945175669644673
19612.31231689453,2.205272912122791e-07,9.826900294384713e-06,0.6059830284271838
19636.154174804688,1.0402325419316608e-08,4.6353725275194483e-07,0.6123717827354057
19640.92254638672,9.872037372583392e-09,4.399071263675639e-07,0.6125871806605727
19702.911376953125,8.95381824060448e-09,3.9899043161857935e-07,0.6154775130420242
19750.595092773438,2.9546815736640222e-08,1.3166334681952217e-06,0.617940778269758
19812.583923339844,1.3121313516558304e-08,5.846978800209439e-07,0.6215608011290533
19817.352294921875,1.3866566908475088e-08,6.17907061234568e-07,0.621847524490368
19855.499267578125,1.2394769181562143e-07,5.5232239170741494e-06,0.6271663365059645
19936.561584472656,1.1729003281484008e-08,5.226552467318237e-07,0.6358430632148943
19984.24530029297,1.4789442236934668e-08,6.590312404101514e-07,0.6387717347728248
19989.013671875,1.3441868391766797e-08,5.98982102079068e-07,0.6390716685264318
19998.550415039062,2.854790653671535e-08,1.2721211493033333e-06,0.6398325520546568
20055.770874023438,1.2523395496447224e-08,5.580540994006505e-07,0.6439214458098116
20160.675048828125,1.7789791958187776e-08,7.927296021728137e-07,0.6516515585474315
20165.443420410156,2.0114070342488216e-08,8.963015991504025e-07,0.6520542549665092
20170.211791992188,1.6551011661987404e-08,7.375284051214639e-07,0.6524437903946213
20208.358764648438,1.687289805240996e-07,7.5187196073044755e-06,0.6591741608382609
20337.10479736328,2.0740777658181534e-08,9.242282574393827e-07,0.6829313493170557
20341.873168945312,2.019113598378383e-08,8.997357154857174e-07,0.6833662162158128
20356.178283691406,1.9226064356007587e-08,8.567312301407823e-07,0.6846637618734241
20499.229431152344,4.231943378354151e-08,1.8857931552125397e-06,0.6991748687089621
20518.30291748047,2.276737282335569e-08,1.0145352145319554e-06,0.7015044501620542
20523.0712890625,2.1480121407325482e-08,9.571740994989963e-07,0.7019745422951067
20618.438720703125,2.696946771935278e-08,1.2017844540410788e-06,0.7111197389856899
20675.6591796875,1.758785204008801e-08,7.837309724353614e-07,0.7162431112885371
20699.501037597656,1.7970573944521115e-08,8.00785414879498e-07,0.7181861525667266
20704.269409179688,1.777994953799753e-08,7.922910148155153e-07,0.7185659715854947
20751.953125,3.6668008265368405e-08,1.6339604011668299e-06,0.7227937615925092
20852.088928222656,1.5091547819542107e-08,6.724933449067899e-07,0.7313363591466674
20880.699157714844,1.9477344675103335e-08,8.679285138335209e-07,0.7336772797196656
20885.467529296875,1.7735658319206074e-08,7.903173570945693e-07,0.7340726363440133
20999.908447265625,3.6105802989055745e-08,1.6089080134785259e-06,0.7430288307992037
21052.36053466797,1.4128593252030757e-08,6.295831977275573e-07,0.7471318789653654
21066.665649414062,1.5121874618447525e-08,6.738447351472138e-07,0.748113069532589
21071.434020996094,1.3924648604454192e-08,6.20495235388333e-07,0.7484216642292385
21219.253540039062,1.2516372917049174e-08,5.577411667600932e-07,0.7583411120545512
21252.63214111328,3.064672002731369e-08,1.3656462218476017e-06,0.7608157097858901
21257.400512695312,1.321717375559675e-08,5.889695010345984e-07,0.7612817264892291
21328.92608642578,1.0823247429909215e-08,4.822939272980618e-07,0.7653555873283518
21338.462829589844,2.1180683259949817e-08,9.43830858386206e-07,0.7659718576914435
21438.5986328125,1.1565957820346584e-08,5.153897900110628e-07,0.7718582344261032
21443.36700439453,1.1433402959928488e-08,5.094830226912265e-07,0.7721025831458674
21448.135375976562,1.136929678189486e-08,5.066263920387231e-07,0.7723448425087391
21500.587463378906,3.1045852226777426e-08,1.3834319222334695e-06,0.7757711516355577
21629.33349609375,1.309358099340601e-08,5.834620931102573e-07,0.7838435706738885
21634.10186767578,1.2751570244093342e-08,5.682217774349144e-07,0.7841181535058781
21748.54278564453,2.8931886679161986e-08,1.2892316599984223e-06,0.7915318292936198
21800.994873046875,1.2372071826382166e-08,5.513109765439051e-07,0.7952450529389307
21820.068359375,1.8151326078216084e-08,8.088398973249743e-07,0.7964236717349125
21824.83673095703,1.2894066720127568e-08,5.745715523520769e-07,0.7967535027270573
21972.65625,9.078814173294431e-09,4.045603661196357e-07,0.8040141837385556
22001.266479492188,3.033975239659283e-08,1.351967459985e-06,0.8056413526934817
22010.80322265625,9.564167467235067e-09,4.2618815831209815e-07,0.806337590833086
22015.57159423828,1.0004188925716576e-08,4.457959219413408e-07,0.806545488038499
22058.486938476562,1.4372616663787921e-08,6.404571069097316e-07,0.8084496685463867
22144.317626953125,7.850030926449569e-09,3.498046468443679e-07,0.8119548186896808
22206.30645751953,9.542327794295154e-09,4.2521496226337916e-07,0.8144240361451273
22211.074829101562,8.555071330686823e-09,3.8122190009164497e-07,0.814616305675985
22249.221801757812,2.448172332893581e-08,1.0909282604690553e-06,0.8162721027332515
22397.04132080078,7.246843497697065e-09,3.2292605649578663e-07,0.8222017096478206
22401.809692382812,7.510362291825047e-09,3.3466869796821764e-07,0.8223584924548046
22406.578063964844,7.759045108945733e-09,3.457502345677821e-07,0.8225207169698937
22501.94549560547,2.508800465624537e-08,1.1179447178021445e-06,0.8258918815209477
22525.787353515625,5.605142079078313e-09,2.4977032114334454e-07,0.8268234406986421
22597.312927246094,6.120840772536138e-09,2.7275033243671477e-07,0.8289731361051579
22602.081298828125,6.401837755726743e-09,2.8527181819776244e-07,0.8291061789534194
22692.68035888672,5.097599896907949e-09,2.2715377154549188e-07,0.8315039631777118
22749.900817871094,2.5011000593606173e-08,1.1145133454687784e-06,0.8332562654957764
22797.584533691406,5.440349850350144e-09,2.4242702684131494e-07,0.8349760874179425
22802.352905273438,5.319457675689511e-09,2.3703995959793315e-07,0.8350904012555752
22945.404052734375,4.656661594357723e-09,2.075051524955924e-07,0.8384669285864269
22997.85614013672,1.8183157499505436e-08,8.102583349320364e-07,0.8398077119489582
23002.62451171875,2.073587835543457e-08,9.240099399724526e-07,0.8402211937268419
23174.285888671875,4.288668338367593e-09,1.9110703226411496e-07,0.844403495378508
23202.896118164062,4.626392380077998e-09,2.0615632827941008e-07,0.8450267823713824
23207.664489746094,4.965428357240119e-09,2.2126408535322455e-07,0.8451286873390796
23250.579833984375,2.2830985583516858e-08,1.01736985802718e-06,0.8463005388779957
23322.105407714844,4.166769706932355e-09,1.8567511637492484e-07,0.8482300713945216
23407.936096191406,4.535954160906056e-09,2.021263174915439e-07,0.8500600660662315
23412.704467773438,4.507874483679777e-09,2.0087506107387209e-07,0.8501561490822852
23498.53515625,2.07954311611277e-08,9.266636681372533e-07,0.8520799977591708
23612.97607421875,3.697657124979315e-09,1.6477102534676997e-07,0.8546842944571994
23617.74444580078,4.127399506761505e-09,1.8392074380034636e-07,0.8547674290533438
23751.258850097656,2.2913581204202585e-08,1.0210503953646206e-06,0.8576703844376035
23818.016052246094,3.6557308049115193e-09,1.62902749702736e-07,0.8591505113571547
23822.784423828125,4.149192276164517e-09,1.8489184978403058e-07,0.8592334320513836
23827.552795410156,4.163132670799432e-09,1.8551304667711632e-07,0.8593217434604901
23832.321166992188,3.4863451073244988e-09,1.5535476617501845e-07,0.8594030126800918
23999.21417236328,2.1747177880792676e-08,9.690743832385083e-07,0.8625999537819371
24032.5927734375,3.888316815283333e-09,1.7326699768867995e-07,0.8636147085375266
24037.36114501953,3.847319669427143e-09,1.7144012690788704e-07,0.8636968931203791
24089.813232421875,4.4467059983842654e-09,1.9814933672994534e-07,0.8646201037860886
24189.94903564453,3.495363480317588e-09,1.5575663322618244e-07,0.8664038392011597
24242.401123046875,4.300622256151932e-09,1.9163970990935431e-07,0.8673359907436069
24247.169494628906,1.4024301654597106e-08,6.249358675767685e-07,0.8675306775325202
24251.937866210938,2.3086240250021454e-08,1.0287442423205168e-06,0.8679249455946104
24371.14715576172,3.372323340188421e-09,1.5027385065260715e-07,0.870263328697203
24456.97784423828,4.047354840771649e-09,1.8035387936621847e-07,0.871713536518532
24461.746215820312,3.6914327307156584e-09,1.6449366057488322e-07,0.8717957545790115
24499.893188476562,2.344738664139831e-08,1.0448372599249501e-06,0.8727289243523707
24571.41876220703,3.354627243722116e-09,1.4948529620831026e-07,0.8743189048955815
24671.554565429688,3.613332079781186e-09,1.6101342325169032e-07,0.8759542471517816
24676.32293701172,3.5410502589532085e-09,1.5779247838600758e-07,0.8760302564018594
24752.61688232422,2.0912734225541238e-08,9.318908013046762e-07,0.8777522862192025
24814.605712890625,3.102703478159879e-09,1.3825933994522347e-07,0.8789118370109258
24890.899658203125,3.259496570301007e-09,1.4524618531410789e-07,0.880188910750999
24895.668029785156,3.688431745383998e-09,1.6435993388973227e-07,0.8802627266020208
24914.74151611328,3.130156657878671e-09,1.3948267905385425e-07,0.8805558358471192
25000.572204589844,2.3543991716208807e-08,1.0491420715102904e-06,0.8822104025035887
25110.244750976562,3.6038858634380218e-09,1.6059249110468405e-07,0.884308122237113
25115.013122558594,3.4062651000216665e-09,1.5178632689925994e-07,0.8843825991510427
25215.14892578125,3.161385098547432e-09,1.408742472861309e-07,0.8860111152673796
25248.52752685547,1.8685836403038162e-08,8.326581723306272e-07,0.8867003843666059
25334.35821533203,3.6583173031693266e-09,1.630180064600804e-07,0.8885450385379255
25339.126586914062,3.6252590727250578e-09,1.6154490110110733e-07,0.8886224203651754
25434.494018554688,3.0792705965444055e-09,1.372151490426847e-07,0.8901481924972082
25501.251220703125,2.3074268709740627e-08,1.0282107794005163e-06,0.8915430670359387
25553.70330810547,3.276151683378252e-09,1.459883525746863e-07,0.8926342773229626
25558.4716796875,3.453498579794914e-09,1.5389109449395069e-07,0.8927057741546346
25663.375854492188,2.929778777208356e-09,1.3055365515063198e-07,0.894305818926671
25749.20654296875,2.170897762107851e-08,9.673721442939897e-07,0.8958170562810859
25782.58514404297,3.3686635840580758e-09,1.5011076853067582e-07,0.8967384574553366
25787.353515625,3.744100794230777e-09,1.6684059825328234e-07,0.8968140245498496
25906.56280517578,2.906819362977743e-09,1.2953056239317125e-07,0.8987006407520842
26001.930236816406,2.104125218091887e-08,9.37617680397924e-07,0.9005533885874106
26006.698608398438,5.264523535174151e-09,2.3459204343012189e-07,0.9008328651641748
26011.46697998047,3.494140872991104e-09,1.5570215271163706e-07,0.9009259185518506
26135.44464111328,5.956652298958212e-09,2.65433942023229e-07,0.9028487561399673
26202.20184326172,3.0001038419234192e-09,1.3368740515205855e-07,0.9038745310621232
26235.580444335938,3.908989687494576e-09,1.7418820001652647e-07,0.904376425628396
26240.34881591797,3.7117595513492018e-09,1.6539944252399989e-07,0.904457389631611
26249.88555908203,2.265931896060508e-08,1.009720234354961e-06,0.9048735874826188
26469.23065185547,2.9604295113101796e-09,1.319194802433566e-07,0.9086281615539409
26473.9990234375,3.12497637705568e-09,1.3925184094368384e-07,0.9086928138350315
26502.609252929688,1.8193661011695207e-08,8.107263811609741e-07,0.9095158581807828
26636.123657226562,3.022975545462095e-09,1.3470658943987054e-07,0.9118953287661111
26702.880859375,3.3586163462744e-09,1.4966305431176257e-07,0.9128891788894745
26707.64923095703,3.4699653740187267e-09,1.546248700920457e-07,0.9129617267840485
26750.564575195312,2.1259336406378916e-08,9.473357154202246e-07,0.913869061528684
26788.711547851562,3.0698570397826414e-09,1.3679567223686687e-07,0.9147273121293857
26936.53106689453,3.132713335572368e-09,1.3959660697924947e-07,0.9170462725177181
26941.299438476562,3.2361246246406996e-09,1.4420470977415518e-07,0.9171139360244055
26998.519897460938,1.777451926007994e-08,7.920490366033238e-07,0.9181562782760246
27155.87615966797,2.8928101845548014e-09,1.2890630043080046e-07,0.9210384612700714
27174.949645996094,3.2960080418757934e-09,1.4687317029539673e-07,0.9213104598070719
27179.718017578125,3.207246909426609e-09,1.4291789204480057e-07,0.9213795513803915
27251.243591308594,2.271472238997323e-08,1.0121890624685921e-06,0.9227712290922223
27413.368225097656,2.9487742384003326e-09,1.314001104902558e-07,0.9256900172571407
27418.136596679688,3.4520704298331652e-09,1.5382745480925506e-07,0.9257580208079801
27499.19891357422,1.9476002396563074e-08,8.678687006588797e-07,0.9271818155326522
27542.1142578125,2.9098529453433966e-09,1.2966574163234028e-07,0.9282004899414341
27656.55517578125,3.425533550850453e-09,1.5264494690987564e-07,0.9300335375771333
27661.32354736328,3.3065484850814435e-09,1.4734286220459832e-07,0.93010506024433
27751.922607421875,2.1056030334107788e-08,9.382762085879014e-07,0.9318727332073052
27861.595153808594,2.819601891990753e-09,1.2564407112668887e-07,0.9338290489854881
27899.742126464844,3.343804961493053e-09,1.4900304529125565e-07,0.9343795311528531
27904.510498046875,3.380584784612628e-09,1.5064198826586126e-07,0.9344509720959885
27999.8779296875,2.0862080052225895e-08,9.296336044383473e-07,0.9361023878917263
28071.40350341797,2.998297059206943e-09,1.33606893241216e-07,0.9376663095861623
28147.69744873047,3.4142697089657754e-09,1.5214301968570322e-07,0.9387787310258338
28152.4658203125,3.67888584142969e-09,1.6393455957046735e-07,0.9388540897931661
28157.23419189453,2.909222223195364e-09,1.296376360694047e-07,0.9389240828589142
28252.601623535156,1.976428494364035e-08,8.807148378928091e-07,0.9407126048374719
28395.652770996094,3.241089424089914e-09,1.4442594583478444e-07,0.9431579235719898
28400.421142578125,3.203812913766832e-09,1.427648700184814e-07,0.9432263951982365
28500.55694580078,2.2444382427394106e-08,1.000142463413895e-06,0.9450088886564012
28619.766235351562,2.8170796481089144e-09,1.2553167760383418e-07,0.9472823370911895
28643.60809326172,3.722484023211677e-09,1.6587733492055153e-07,0.9476658360014163
28648.37646484375,3.2581024759691737e-09,1.451840631798152e-07,0.9477399988179649
28748.512268066406,1.8219208792617472e-08,8.118648139349214e-07,0.949382411861408
28786.659240722656,2.9616839261816784e-09,1.319753781315601e-07,0.9505383597125515
28896.331787109375,3.452779527951395e-09,1.538590528779951e-07,0.9522318616194906
28901.100158691406,3.0718715244357194e-09,1.3688543953832666e-07,0.952301180508254
29001.235961914062,2.2248059612015355e-08,9.913941369748657e-07,0.9541214004150114
29115.676879882812,3.060561386662262e-09,1.363814493264824e-07,0.95622809156984
29153.823852539062,3.152062988173958e-09,1.4045884541605035e-07,0.9567987695845058
29158.592224121094,3.37522037132513e-09,1.5040294504257435e-07,0.9568681164393019
29249.191284179688,2.3579182933300236e-08,1.050710224729307e-06,0.9585399493558525
29392.242431640625,3.0132879745921117e-09,1.342749023116662e-07,0.9612145385250168
29411.31591796875,3.4827379535061577e-09,1.551940280608173e-07,0.9614964924032222
29416.08428955078,3.387345219201744e-09,1.5094323949099874e-07,0.961569481215562
29458.999633789062,3.074927069804402e-09,1.3702159746924737e-07,0.962206893631402
29501.914978027344,2.3855991005254373e-08,1.0630450487269215e-06,0.9633552980296011
29668.807983398438,3.250329710375311e-09,1.4483770154773498e-07,0.9662461996424749
29673.57635498047,3.3020114544993545e-09,1.4714068792078213e-07,0.9663158127152204
29749.87030029297,2.1398039060083693e-08,9.535164341014846e-07,0.9678535205702251
29783.248901367188,3.109038659503157e-09,1.3854164149196178e-07,0.9687499667006336
29931.068420410156,3.2038332457643967e-09,1.4276577603111939e-07,0.971096528062717
29935.836791992188,3.3308715591664427e-09,1.4842672090785576e-07,0.9711659537640822
30002.593994140625,2.058733802871898e-08,9.173908454726051e-07,0.9727258486321129
30078.887939453125,2.9679029835991535e-09,1.3225250508863934e-07,0.9740829844278626
30193.328857421875,3.755815316362754e-09,1.6736260820658326e-07,0.975821331831
30198.097229003906,3.4425841120053044e-09,1.534047357029586e-07,0.975897808725357
30250.54931640625,2.2801712883712093e-08,1.0160654394187276e-06,0.9770301984637995
30283.92791748047,3.145700045203122e-09,1.4017530678548208e-07,0.977876260674725
30460.357666015625,3.4108580447131774e-09,1.519909927675658e-07,0.9807802740528062
30465.126037597656,3.281145564993988e-09,1.4621088456358448e-07,0.9808513709206848
30498.504638671875,1.8929202366072438e-08,8.435027849889428e-07,0.981560286173507
30598.64044189453,3.1835989277015195e-09,1.4186411608220468e-07,0.9836680890989236
30732.154846191406,3.565322244237578e-09,1.5887406052500312e-07,0.9860359828875987
30736.923217773438,3.1589974538785047e-09,1.407678516288361e-07,0.9861074230865339
30751.22833251953,2.3726137316051836e-08,1.0572586480976088e-06,0.986667154495518
30999.183654785156,2.2301218449616393e-08,9.937629440009673e-07,0.991258664312056
31003.952026367188,1.6082139260323807e-08,7.166350167494024e-07,0.9916664549635561
31080.245971679688,3.3696259013158413e-09,1.5015365027874264e-07,0.9931558697554804
31251.907348632812,2.0950177617368946e-08,9.335593135153498e-07,0.9964255255657247
31275.74920654297,3.5964453686314034e-09,1.6026093576655067e-07,0.9970395767468129
31280.517578125,3.5978851415377785e-09,1.6032509338042118e-07,0.997116010412362
31385.421752929688,3.2344801403626265e-09,1.4413143003200864e-07,0.9988568377120319
31499.862670898438,2.3324024536650375e-08,1.0393401303098383e-06,1.0009478999116304
31552.31475830078,4.1459667429959595e-09,1.8474811703934667e-07,1.0023253326160895
31557.083129882812,3.543901258825688e-09,1.579195215802179e-07,1.0024070309475932
31566.619873046875,3.307084039814072e-09,1.473667270193829e-07,1.002559140842471
31752.586364746094,1.986608912180751e-08,8.852513263378491e-07,1.0060720755179018
31828.880310058594,3.543606088026149e-09,1.579063684960761e-07,1.0075268191846327
31833.648681640625,3.367447711827548e-09,1.5005658813824263e-07,1.0076002432751694
31895.63751220703,3.3572761741319743e-09,1.496033350001593e-07,1.0087037108717318
32000.54168701172,2.5566022399143484e-08,1.1392456310477746e-06,1.0108312536128543
32110.214233398438,4.32212053301762e-09,1.9259769303288906e-07,1.013202149649633
32114.98260498047,4.32161836314752e-09,1.9257531587849159e-07,1.013293982051126
32248.497009277344,1.8270932535609727e-08,8.14169671816425e-07,1.0159117413282646
32315.25421142578,3.514729880174292e-09,1.5661961793617837e-07,1.017629994232296
32391.54815673828,4.071414904949029e-09,1.814260181044575e-07,1.0190687232643951
32396.316528320312,4.292055972300954e-09,1.9125798836897622e-07,1.0191575780556723
32439.231872558594,3.3195162315661545e-09,1.4792071699548425e-07,1.0199473241746613
32501.220703125,2.5168233895752432e-08,1.1215198070031054e-06,1.0213816517400869
32677.650451660156,4.029004469626639e-09,1.795361698364107e-07,1.0249933325319744
32682.418823242188,4.300233101727325e-09,1.9162236882785501e-07,1.025081823623384
32749.176025390625,2.135417375882553e-08,9.515617556602018e-07,1.0266661192184838
32777.78625488281,3.4343998687312395e-09,1.5304003824443947e-07,1.0276626143554815
32968.52111816406,4.263389095357702e-09,1.8998056578819658e-07,1.031314427275832
32973.289489746094,4.105536678532161e-09,1.8294651593048956e-07,1.0314033400207638
33040.04669189453,3.730723308607876e-09,1.662444851069994e-07,1.033256737327236
33249.855041503906,2.3394597448323345e-08,1.042484924601204e-06,1.0376206535652455
33259.39178466797,4.9691581668683986e-09,2.214302891238901e-07,1.0382053238055788
33264.16015625,5.002363919943483e-09,2.2290996822789135e-07,1.0383112627783746
33431.053161621094,3.8604609709119556e-09,1.720257154702813e-07,1.041961379641297
33502.57873535156,2.2119289399085533e-08,9.856560170515135e-07,1.043970329707424
33550.262451171875,4.88538921141996e-09,2.1769746690296978e-07,1.0451300273880244
33555.030822753906,4.739376816616398e-09,2.111910193898692e-07,1.0452322823715194
33612.25128173828,4.097069273182416e-09,1.825692005076833e-07,1.0464757193347056
33750.53405761719,2.6021560593839544e-08,1.1595448348105102e-06,1.049671780904807
33845.90148925781,4.405329620990759e-09,1.963055670406989e-07,1.052154902227084
33850.669860839844,4.659346294346266e-09,2.0762478521298863e-07,1.0522512067277243
33974.647521972656,4.266179263964421e-09,1.9010489828487772e-07,1.0550194509519968
34003.257751464844,1.8381949473180503e-08,8.191166893510747e-07,1.056026276793418
34146.30889892578,4.595172281484993e-09,2.047651317777535e-07,1.05935151597372
34151.07727050781,4.5059352765083436e-09,2.0078864820669778e-07,1.059448207529693
34251.21307373047,2.586264574102667e-08,1.1524634418214416e-06,1.0619979192034352
34360.88562011719,4.401619212566545e-09,1.9614022780565114e-07,1.064903232515544
34446.71630859375,5.1346388951500275e-09,2.288042636035403e-07,1.0668533521666408
34451.48468017578,5.364707317683414e-09,2.3905632554423527e-07,1.066964898823523
34513.47351074219,4.541168080822458e-09,2.0235865459086497e-07,1.069090617100228
34751.89208984375,2.338209859977541e-08,1.0419279643365583e-06,1.0753723216774793
34756.66046142578,7.560961578184633e-09,3.3692344902097523e-07,1.075701065472244
34852.027893066406,4.624488765907831e-09,2.0607150146932966e-07,1.078110118298264
34999.847412109375,2.367543780147294e-08,1.0549994307825923e-06,1.0820982121928473
35057.06787109375,6.772747127568209e-09,3.0179988325176245e-07,1.084032402045244
35061.83624267578,5.691996742070446e-09,2.5364064534963286e-07,1.0841648293868484
35181.04553222656,4.8326647384442645e-09,2.1534801556677482e-07,1.0871339508858653
35252.57110595703,2.3151749177022763e-08,1.0316633807659e-06,1.0893907856901979
35367.01202392578,6.472446648417142e-09,2.8841821583658143e-07,1.0925727571333674
35371.78039550781,5.788572113048331e-09,2.579441333046876e-07,1.092703020068324
35448.07434082031,5.112896697726556e-09,2.2783541115409171e-07,1.0947201772663087
35500.526428222656,2.3971419417263856e-08,1.0681886456473792e-06,1.0964506952064115
35676.95617675781,6.650374072621343e-09,2.963468266116002e-07,1.1017365874576495
35681.724548339844,6.300580519197493e-09,2.8075970197855017e-07,1.1018741803761862
35743.71337890625,5.801472947515234e-09,2.585190064341026e-07,1.1036699075480991
35748.48175048828,2.0331196292805127e-08,9.059769325450069e-07,1.10394754501524
35991.668701171875,6.693304315640495e-09,2.9825983799193235e-07,1.111817575608741
35996.437072753906,1.2610228877160524e-08,5.619234752488877e-07,1.1120226592920508
36001.20544433594,2.55801800673234e-08,1.1398765098512106e-06,1.1124284000264133
36082.26776123047,5.890859700682219e-09,2.625021629231795e-07,1.1151637672727626
36311.14959716797,6.67318982719565e-09,2.973635177617538e-07,1.122957032282579
36315.91796875,7.159706194674884e-09,3.1904313758804794e-07,1.1231039950814963
36325.45471191406,6.327759796432587e-09,2.819708357388865e-07,1.1233920675833775
36501.88446044922,2.7736165327230745e-08,1.235949209374275e-06,1.1296869162323662
36630.63049316406,8.405470834343253e-09,3.745555634515073e-07,1.1344025147771577
36635.398864746094,8.976852764672834e-09,4.00016871339958e-07,1.134587187236472
36749.839782714844,2.7020634740827023e-08,1.2040645038962419e-06,1.1390784485399457
36768.91326904297,7.576965057964682e-09,3.376365788984486e-07,1.1401758549728258
36954.87976074219,8.82209149529671e-09,3.93120565874855e-07,1.1477436777782342
36959.64813232422,9.282945850228037e-09,4.136566626601901e-07,1.147936028458713
37150.38299560547,8.148451585865339e-09,3.6310254775151886e-07,1.1567550452745377
37250.518798828125,2.9235309032990556e-08,1.302752441039943e-06,1.1612668277726046
37279.12902832031,1.1337995755162378e-08,5.052315893042358e-07,1.1629184154698193
37283.897399902344,1.1107816225089196e-08,4.949745763086871e-07,1.1631568832026333
37465.09552001953,9.442279198110556e-09,4.2075670417706903e-07,1.1717749958737707
37503.24249267578,2.7729694521729265e-08,1.2356608642894657e-06,1.1741131536414184
37608.14666748047,1.1805817935523688e-08,5.260781788426116e-07,1.1797321003452048
37612.9150390625,1.238634561170761e-08,5.519470296348649e-07,1.179989121583646
37751.197814941406,3.2373766305422075e-08,1.4426050031642532e-06,1.1878440717824437
37899.017333984375,1.044582134643178e-08,4.6547547153939264e-07,1.1966215720039275
37937.164306640625,1.4566942088933988e-08,6.491164277905024e-07,1.1989906297602693
37941.932678222656,1.3973259138733249e-08,6.226613658068908e-07,1.1992938452147515
37956.23779296875,1.287002571891883e-08,5.735002630773719e-07,1.200198932451616
38065.91033935547,8.710504194339397e-08,3.881481324195714e-06,1.2094945810051136
38275.718688964844,1.6906584261170903e-08,7.533730493846902e-07,1.2286950199204654
38280.487060546875,1.575106869125201e-08,7.018822056356883e-07,1.2290419798105974
38337.70751953125,1.5206197053651517e-08,6.77602220938538e-07,1.233392897723988
38499.83215332031,3.8644346339364355e-08,1.7220278557407838e-06,1.2468538925762864
38609.50469970703,2.0791512688345813e-08,9.264890573617698e-07,1.258614474171225
38614.27307128906,2.085351159761264e-08,9.292517861667922e-07,1.25905691726632
38666.725158691406,1.9306102320149106e-08,8.602977959343427e-07,1.264121016504337
38752.55584716797,3.8822621201683095e-08,1.729971948679898e-06,1.2733117089501345
38952.82745361328,3.0704667661779674e-08,1.3682284220962073e-06,1.2965186031253095
38957.59582519531,2.8760734450666265e-08,1.281604958217688e-06,1.2971503726346998
39038.658142089844,2.590929383212602e-08,1.154542123954781e-06,1.3085620654283305
39229.393005371094,7.780720857061997e-08,3.467161259745726e-06,1.3405865124809246
39296.15020751953,4.287412336216723e-08,1.9105106364527287e-06,1.3550621232427784
39300.91857910156,4.633783629190258e-08,2.064856891838036e-06,1.35600992472028
39324.76043701172,3.768518048592072e-08,1.6792865371685809e-06,1.3604542775965398
39377.21252441406,7.705127380279978e-08,3.433476106531391e-06,1.37307889612089
39644.24133300781,6.578386650765045e-08,2.9313900043669518e-06,1.440739074127211
39649.009704589844,6.371353634841415e-08,2.839134175442409e-06,1.4421148743028323
39668.08319091797,5.75017449327909e-08,2.562330998133688e-06,1.4476166010698444
39973.25897216797,1.3315870026501202e-07,5.933674982542352e-06,1.5756229426890094
39992.332458496094,1.3236454785463756e-07,5.898286815788048e-06,1.5860409113800302
39997.100830078125,1.3801915606223336e-07,6.150261393421455e-06,1.5889135091243063
40020.94268798828,1.3493758914167574e-07,6.012943918054453e-06,1.6044688248310235
40326.11846923828,4.791343933328555e-07,2.1350672222968435e-05,1.9356293802325417
40345.191955566406,4.321519173711237e-07,1.92570895905366e-05,1.971193194807749
40349.96032714844,5.032802571480051e-07,2.2426634272512965e-05,1.9811313690228392
40354.72869873047,4.35640187686303e-07,1.941253014575628e-05,1.9911066031542395
40693.28308105469,4.039353387241011e-06,0.00017999732718792117,4.318933034975288
40698.05145263672,4.015278737725397e-06,0.0001789245385135051,4.404506676204304
40702.81982421875,3.633644721354547e-06,0.0001619185733687561,4.4857700066358275
40745.73516845703,4.6592961233567246e-06,0.00020762254954723866,5.269773801792081
41046.142578125,1.061439975258768e-06,4.729874814134253e-05,8.879714620054777
41060.447692871094,1.0959855608814728e-06,4.8838131424288094e-05,8.94838214155217
41065.216064453125,1.0783676170681316e-06,4.805305953457299e-05,8.971482801628037
41403.770446777344,2.490648941882866e-07,1.1098562307482288e-05,9.770738288653593
41422.84393310547,2.596295529553368e-07,1.1569333284522338e-05,9.793632746853884
41427.6123046875,2.6957582079806675e-07,1.2012548189373577e-05,9.799255105527433
41451.454162597656,2.819167680813627e-07,1.2562472227457688e-05,9.826308635351843
41713.714599609375,1.0469631813052808e-07,4.66536487979405e-06,10.035612825025353
41785.240173339844,1.1996074116405243e-07,5.345561704310257e-06,10.073485887104589
41790.008544921875,1.054204005808931e-07,4.697630664248825e-06,10.075880370758744
41813.85040283203,1.0876219074874715e-07,4.846543928469922e-06,10.086997414063003
42157.17315673828,5.499256493355234e-08,2.4505196139842023e-06,10.203835108935952
42161.94152832031,5.454595084278039e-08,2.4306180765556278e-06,10.204998862848528
42252.540588378906,6.876572800986996e-08,3.06426451397025e-06,10.226387107588325
42519.569396972656,2.8884788603369255e-08,1.2871329261304811e-06,10.274878877160653
42529.10614013672,3.023557501680361e-08,1.3473252194782074e-06,10.276178479032993
42533.87451171875,3.199668221265806e-08,1.4258017868284415e-06,10.276839644033505
42748.451232910156,3.819237813870881e-08,1.7018877342181412e-06,10.304850951713941
42891.502380371094,1.9813158227344564e-08,8.828926766690455e-07,10.32018543935728
42901.039123535156,1.997078165323713e-08,8.899165224787443e-07,10.321086562483096
42905.80749511719,2.088949282491032e-08,9.308551429721117e-07,10.321520668276442
43001.17492675781,4.0944416474416245e-08,1.8245211107161498e-06,10.330682549546669
43182.373046875,1.5891537916817708e-08,7.081416443948341e-07,10.346343351039332
43282.508850097656,1.826637084717061e-08,8.139663987556676e-07,10.354680254025046
43287.27722167969,1.7399332945581895e-08,7.753303870242977e-07,10.355059171906483
43501.853942871094,3.477386525845829e-08,1.5495556348910115e-06,10.369993326297944
43644.90509033203,1.1812174968786655e-08,5.263614541311251e-07,10.378863981625916
43663.978576660156,1.461722541540824e-08,6.513570993782054e-07,10.379965992021056
43668.74694824219,1.3864989665936142e-08,6.178367778465797e-07,10.380268591421869
44002.532958984375,3.198111774620518e-08,1.4251082197913325e-06,10.39960999326916
44021.6064453125,1.0000157331660605e-08,4.4561627037713905e-07,10.400794988068318
44045.448303222656,1.1424120026234146e-08,5.090693665702438e-07,10.401923418198626
44050.21667480469,1.073610689791109e-08,4.784108645041652e-07,10.402158851832208
44250.48828125,2.919617621370841e-08,1.3010086463775687e-06,10.41184022254256
44307.708740234375,7.96973806387602e-09,3.551389077313055e-07,10.414621255779252
44436.45477294922,9.520423905948467e-09,4.242389047166738e-07,10.420325141259742
44441.22314453125,8.425862401794321e-09,3.754642305787654e-07,10.420515805344962
44713.02032470703,7.416824768102896e-09,3.30500579299783e-07,10.431700750031492
44751.16729736328,2.7081084292355215e-08,1.2067581918857977e-06,10.433405477364142
44827.46124267578,8.155469420337986e-09,3.6341526895380674e-07,10.43657793768227
44832.22961425781,9.020767726187495e-09,4.019737626882533e-07,10.436760420647653
44999.122619628906,2.501363617496736e-08,1.114630789414658e-06,10.443024896581056
45018.19610595703,7.0101973941621725e-09,3.1238088699903934e-07,10.444200564304476
45223.236083984375,7.1695990898137806e-09,3.194839741557957e-07,10.45137015518242
45228.004455566406,6.677616504304491e-09,2.9756077459261985e-07,10.451517270114659
45251.84631347656,2.6562596926395297e-08,1.1836539147635537e-06,10.45261620746276
45437.81280517578,5.913909589597869e-09,2.6352928731638077e-07,10.459201212821318
45619.01092529297,6.924053135738095e-09,3.08542219078105e-07,10.46581833886422
45623.779296875,7.138486585423112e-09,3.1809757215142244e-07,10.465967741432854
45986.175537109375,6.030980764694968e-09,2.6874608728114444e-07,10.477439680955262
46000.48065185547,2.508575617272458e-08,1.1178445232944674e-06,10.478087448687104
46024.322509765625,6.889725435250755e-09,3.070125449585428e-07,10.479171552850218
46029.090881347656,6.549135052275003e-09,2.918355221223657e-07,10.479314329355468
46215.057373046875,5.791314074868464e-09,2.5806631766232123e-07,10.48494955058734
46253.204345703125,2.195802015704942e-08,9.78469710298603e-07,10.486445990431047
46429.63409423828,6.339713354970362e-09,2.8250349737576634e-07,10.491795199790218
46434.40246582031,6.220031722389362e-09,2.771703730083584e-07,10.491928636439154
46501.15966796875,2.687255378999086e-08,1.1974658796109422e-06,10.494058599439406
46830.177307128906,5.274998813136641e-09,2.3505883151574829e-07,10.504356096597887
46839.71405029297,6.368752142595316e-09,2.837974926408945e-07,10.504604880994563
46844.482421875,5.802293193513067e-09,2.585555573552755e-07,10.504734188038114
47001.83868408203,2.6989266231609946e-08,1.2026666940797552e-06,10.50930660610307
47135.353088378906,5.072800950456415e-09,2.2604870752894604e-07,10.5131589030206
47249.794006347656,2.1558894010958374e-08,9.606842796566276e-07,10.516331637678771
47254.56237792969,1.595330085410776e-08,7.108938580700723e-07,10.516730172963225
47502.51770019531,2.2826891078580797e-08,1.0171874030959088e-06,10.523863348111357
47597.88513183594,5.057358284899286e-09,2.253605680525338e-07,10.526565493178639
47669.410705566406,5.528039657181679e-09,2.463345658303912e-07,10.528368867648467
47674.17907714844,5.694285257115061e-09,2.5374262369907893e-07,10.528488095341435
47750.47302246094,2.302903925394469e-08,1.026195312969887e-06,10.530773144673345
48069.95391845703,4.883487187891281e-09,2.176127109733469e-07,10.539957429133661
48089.027404785156,5.2613670208124675e-09,2.3445138622738047e-07,10.540405317438633
48093.79577636719,5.3997375709781e-09,2.406173060674239e-07,10.540518582641226
48251.15203857422,2.6637483983848826e-08,1.1869909513855985e-06,10.544739933248769
48356.056213378906,4.553416289349818e-09,2.029044461041128e-07,10.54755708342063
48513.41247558594,5.5464961444819425e-09,2.471570039943356e-07,10.552174512092579
48518.18084716797,4.995202426707975e-09,2.2259084545810907e-07,10.55228650870738
48751.8310546875,2.5226449122029874e-08,1.1241139313906071e-06,10.558514471045923
48866.27197265625,4.7455613831500645e-09,2.1146660940122895e-07,10.561638641683958
48942.56591796875,6.284320524553555e-09,2.800351415612212e-07,10.563712524670969
48947.33428955078,5.979770598851851e-09,2.6646411487295487e-07,10.563842820247167
49138.06915283203,4.79401190871001e-09,2.1362560968310253e-07,10.569317208370341
49252.51007080078,2.256864854780135e-08,1.0056798768038618e-06,10.572461229441064
49371.71936035156,6.0431773116835574e-09,2.692895767083885e-07,10.57569081073152
49376.487731933594,6.372567330446116e-09,2.839675009442118e-07,10.575822717497854
49500.465393066406,2.2426314460134673e-08,9.993373380627213e-07,10.579108843347063
49767.494201660156,4.91042836778739e-09,2.1881323489579107e-07,10.586787441769632
49810.40954589844,5.712608250887174e-09,2.545591132678002e-07,10.587831493609091
49815.17791748047,5.803477839555141e-09,2.586083462798372e-07,10.587953842265637
50001.14440917969,2.2465587461819695e-08,1.00108737938277e-06,10.59290978101134
50091.74346923828,4.89547807351197e-09,2.1814703593960454e-07,10.595471459699102
50249.09973144531,1.934047793135862e-08,8.61829605000048e-07,10.59974793838676
50253.868103027344,1.8227528684377992e-08,8.122355560156011e-07,10.600147066623771
50501.82342529297,2.3711858833649504e-08,1.0566223857005536e-06,10.60696165438107
50559.043884277344,4.9941043663605134e-09,2.2254191487227362e-07,10.608685901217514
50692.55828857422,5.445675274054076e-09,2.426643326526556e-07,10.612114873180692
50697.32666015625,5.670607882767531e-09,2.5268753797401084e-07,10.612232974269842
50892.82989501953,5.129716901355373e-09,2.2858493500251427e-07,10.61786679075974
51002.50244140625,2.172552295612226e-08,9.681094197437462e-07,10.621138592256392
51136.016845703125,5.815708848999456e-09,2.59153371386019e-07,10.625024534516548
51140.785217285156,6.362838428046178e-09,2.835339720447616e-07,10.625153921261866
51169.395446777344,5.271228384066734e-09,2.3489081770515213e-07,10.625917708847297
51503.18145751953,2.2368538342218346e-08,9.967627807503848e-07,10.63598574593055
51589.012145996094,5.522026246280122e-09,2.4606660267248036e-07,10.638532619781367
51593.780517578125,5.892929139697857e-09,2.625943790419201e-07,10.63865389400987
51655.76934814453,5.470919348177798e-09,2.437892319704415e-07,10.640294597387332
51751.136779785156,2.482292990640017e-08,1.106132741502212e-06,10.643179602639455
52042.00744628906,7.011327351831115e-09,3.1243123895905543e-07,10.652412925976416
52046.775817871094,6.411694256618174e-09,2.857110330041438e-07,10.652555534206996
52051.544189453125,5.711010423670351e-09,2.544879126075052e-07,10.652684327672041
52251.81579589844,2.4774628859652652e-08,1.1039804021346306e-06,10.65870610286472
52504.539489746094,1.7927609069232934e-08,7.988708602531901e-07,10.667002743340632
52509.307861328125,9.55977629465813e-09,4.259924835960492e-07,10.667294773518666
52537.91809082031,5.923818336897294e-09,2.6397083027108013e-07,10.668163953553268
52752.49481201172,2.545392392448473e-08,1.1342504192190318e-06,10.675024194160656
52967.071533203125,6.389175249507562e-09,2.8470756519574674e-07,10.681920179985374
52971.839904785156,7.566347354677348e-09,3.371634442084679e-07,10.68206844558782
53114.891052246094,6.2145988078941494e-09,2.769282773078268e-07,10.687262367975018
53253.173828125,2.303460030138623e-08,1.0264431183931522e-06,10.692211115831613
53434.37194824219,7.653432180386065e-09,3.4104402467852715e-07,10.698175173551128
53439.14031982422,7.1419832190159525e-09,3.1825338538203873e-07,10.698332362302839
53448.67706298828,6.539882912416181e-09,2.9142323820320754e-07,10.698621240066704
53501.129150390625,2.416138866991776e-08,1.076653851448287e-06,10.700656217579176
53901.67236328125,7.94172776367145e-09,3.5389074281796086e-07,10.715505246901952
53906.44073486328,7.400436473151209e-09,3.2977030170194055e-07,10.715668244396772
54001.808166503906,2.7134719660004828e-08,1.2091482335321084e-06,10.719454129834439
54268.836975097656,7.1718733089111115e-09,3.1958531546459335e-07,10.730134453230567
54378.509521484375,1.0241796322672607e-08,4.563839275630468e-07,10.734273202294116
54383.277893066406,8.738888875992605e-09,3.894129801169271e-07,10.734474855991053
54697.99041748047,7.726782785424411e-09,3.4431259555826817e-07,10.747354694415401
54750.44250488281,2.5702304474177728e-08,1.145318486502133e-06,10.749770952620166
54860.11505126953,9.262697372688633e-09,4.1275437175189036e-07,10.75460122664283
54864.88342285156,8.865445719381135e-09,3.950524702440424e-07,10.754793822802288
55022.239685058594,7.691192558003406e-09,3.4272666206950087e-07,10.762156685772673
55251.121520996094,2.6330802103769575e-08,1.1733249228361787e-06,10.772430500796462
55341.72058105469,9.916190592558877e-09,4.4187463473348977e-07,10.776767725727284
55346.48895263672,1.0267628088351431e-08,4.57535014960703e-07,10.776982161697996
55532.45544433594,8.949953308205517e-09,3.9881820665213477e-07,10.786459460315346
55751.800537109375,2.679259616204708e-08,1.1939028936727408e-06,10.797073074671957
55832.862854003906,1.0498258621096931e-08,4.6781212505293753e-07,10.801328289507934
55837.63122558594,1.1193710605852728e-08,4.988021094496925e-07,10.801558748300264
55909.156799316406,1.0208459605631795e-08,4.548984125834662e-07,10.8052382481463
56252.479553222656,2.7937451227000607e-08,1.2449186954493564e-06,10.824707462695631
56324.005126953125,1.2281738010027058e-08,5.472856180422291e-07,10.82888497035253
56328.773498535156,1.1864002950400808e-08,5.286709569821406e-07,10.829141498390321
56433.677673339844,1.1513015783230103e-08,5.130306438153002e-07,10.83515289881117
56533.8134765625,6.697139093454266e-08,2.98430719242139e-06,10.845642811737736
56819.915771484375,1.4336035333106675e-08,6.388270089419727e-07,10.865555704848106
56824.684143066406,1.4073303045842775e-08,6.271194149436738e-07,10.865857529995706
56924.81994628906,1.311330142751516e-08,5.843408539143614e-07,10.872530142622038
57253.83758544922,3.063324701104161e-08,1.3650458517671343e-06,10.896833905558417
57320.594787597656,1.8041125207855853e-08,8.039292445008666e-07,10.9023048856941
57325.36315917969,1.7182050479270995e-08,7.656480791320746e-07,10.90267910208939
57353.973388671875,1.5286553508202758e-08,6.811829789596628e-07,10.904789051674546
57678.22265625,1.2527975014708702e-07,5.582581669748019e-06,10.935442095553773
57826.04217529297,1.9128152349979035e-08,8.523681804902082e-07,10.95544786963077
57830.810546875,1.9062848271403433e-08,8.494581702803545e-07,10.955853616651199
57849.884033203125,1.770538192857075e-08,7.889682130933363e-07,10.957501714672622
58250.42724609375,8.143256706237556e-08,3.628710591050891e-06,11.002822431683681
58336.25793457031,2.7109101794552798e-08,1.2080066777266197e-06,11.015985838215094
58341.026306152344,2.888989928305827e-08,1.2873606627496743e-06,11.016580780150747
58441.162109375,9.778499315892273e-08,4.357389839495386e-06,11.036854711309399
58598.51837158203,2.7611924384601128e-08,1.2304129179293928e-06,11.066745823715246
58851.24206542969,4.239687188714892e-08,1.889243868813351e-06,11.105687853598065
58856.01043701172,3.6349535818665905e-08,1.6197689740511642e-06,11.106524467454111
58865.54718017578,3.207462242878652e-08,1.4292748750281234e-06,11.108037572817993
59251.78527832031,8.648278229929065e-08,3.85375285827112e-06,11.190104083799733
59370.994567871094,7.051991545667757e-08,3.142432730895593e-06,11.226390774895705
59375.762939453125,6.884588376988101e-08,3.0678363288568303e-06,11.227871418420769
59666.63360595703,1.5469986560018085e-07,6.893569255989873e-06,11.351059847571246
59895.51544189453,1.0414113988568861e-07,4.640625623134895e-06,11.466019543029422
59900.28381347656,1.0757201817201403e-07,4.793508736406509e-06,11.468268815938478
60048.10333251953,8.322910877962063e-08,3.708766153485002e-06,11.538293625180307
60405.731201171875,1.4181506351678345e-07,6.319410544429112e-06,11.710599014319078
60420.03631591797,1.3008517659012637e-07,5.7967159216501625e-06,11.719378268338108
60424.8046875,1.3608874968193838e-07,6.064240697649418e-06,11.722206140762067
60462.95166015625,1.2226358732015108e-07,5.448178661353933e-06,11.745967106092166
60930.25207519531,2.3775344260192275e-07,1.0594513550918374e-05,12.114461526108753
60954.09393310547,2.170041929815877e-07,9.66990777500079e-06,12.13814278042786
60958.8623046875,2.3297105248376064e-07,1.0381405818983321e-05,12.142923386124057
61025.61950683594,2.4622137581972524e-07,1.0971852496014074e-05,12.21020601423816
61450.00457763672,1.3682088671840222e-07,6.096865401918927e-06,12.56370600031403
61492.919921875,1.4917954235313912e-07,6.647578540540352e-06,12.592912123847416
61497.68829345703,1.4251482451740941e-07,6.350592542562989e-06,12.59601112932797
61502.45666503906,1.553846839423333e-07,6.924085395425967e-06,12.599176059179976
61845.77941894531,9.770171600917448e-08,4.353678932591855e-06,12.799870607837088
62031.74591064453,1.244797684536779e-07,5.546933744744047e-06,12.892391754967496
62036.51428222656,1.0802143528705877e-07,4.813535179192148e-06,12.894861883247167
62184.33380126953,1.1350422589610472e-07,5.057853405539108e-06,12.962978510680493
62513.35144042969,7.439740361996383e-08,3.3152171938244574e-06,13.104528111142164
62580.108642578125,8.266271021476205e-08,3.6835269089763026e-06,13.129356395386626
62584.877014160156,7.390772629110836e-08,3.2933967186323358e-06,13.131019823604422
62751.77001953125,8.850770184210438e-08,3.943985148079765e-06,13.185936815022071
63114.166259765625,5.052358676181384e-08,2.2513778085866005e-06,13.288626324804497
63133.23974609375,5.2521317517212376e-08,2.340398540852477e-06,13.29319248778601
63138.00811767578,4.8850907390197816e-08,2.1768416669644633e-06,13.294269481777818
63252.44903564453,6.20363680823249e-08,2.764398004526039e-06,13.320097600221553
63610.076904296875,3.409856811427262e-08,1.5194637688525017e-06,13.388959067727685
63691.139221191406,3.8631256560606135e-08,1.721444563078794e-06,13.402605771877537
63695.90759277344,3.892159854569455e-08,1.7343824707774433e-06,13.40342970524857
63753.12805175781,4.837568080771638e-08,2.1556651304114843e-06,13.412778022847888
64139.366149902344,2.590837883784643e-08,1.1545013509624405e-06,13.469752152359796
64253.807067871094,3.683780354644143e-08,1.641526636113939e-06,13.484833250676628
64258.575439453125,2.8714969477705786e-08,1.279565628646343e-06,13.485529693343818
64501.76239013672,4.33408813553856e-08,1.931309804826628e-06,13.515754022946908
64806.93817138672,2.0702784284427623e-08,9.225352375248198e-07,13.550740062863415
64816.47491455078,2.3568614366432396e-08,1.050239279603677e-06,13.551695502248295
64821.24328613281,2.4543127554534525e-08,1.0936644896191771e-06,13.552206648738686
65002.44140625,3.526744401914295e-08,1.5715499614979853e-06,13.571669803407504
65207.481384277344,2.0225800890144662e-08,9.012804158112393e-07,13.593085061390791
65388.67950439453,2.056750331237305e-08,9.1650699214621e-07,13.61168981411868
65393.44787597656,2.252447219926396e-08,1.0037113378078015e-06,13.612147629844474
65503.12042236328,3.3014525631880006e-08,1.4711578320644098e-06,13.623297699491593
65703.3920288086,1.840889557703676e-08,8.203174326897425e-07,13.642259078619748
65965.65246582031,1.953222888884792e-08,8.703742052181966e-07,13.66691406203016
65970.42083740234,2.1570258467713455e-08,9.611906903725898e-07,13.667350741130099
66251.75476074219,3.022785298507148e-08,1.3469811185939832e-06,13.69306868306676
66370.96405029297,1.7196464975994884e-08,7.662904024532415e-07,13.703732746315161
66547.39379882812,1.7529761710101586e-08,7.811424135422357e-07,13.719348466195852
66552.16217041016,1.8492538135511634e-08,8.24044622544483e-07,13.719731172608189
66905.02166748047,1.7066305641810453e-08,7.604903820005226e-07,13.751156747338477
67000.3890991211,3.1001595835226805e-08,1.3814598164466235e-06,13.759700024036686
67133.90350341797,2.1191323684317178e-08,9.443050055485514e-07,13.772277600219212
67138.671875,1.8572378008696084e-08,8.276023612215734e-07,13.772700055855896
67501.06811523438,3.3263326185341333e-08,1.4822446151043315e-06,13.807679970444124
67725.18157958984,2.6546015212417976e-08,1.1829150182348322e-06,13.83006778963955
67729.94995117188,2.5600005196433365e-08,1.140759935961494e-06,13.830621796920422
67763.3285522461,2.27589877898609e-08,1.0141615696752784e-06,13.834985569395425
68097.11456298828,8.311974843773872e-08,3.7038929553881785e-06,13.898051274483016
68325.99639892578,4.0029566069897274e-08,1.7837545295820644e-06,13.94982768077341
68330.76477050781,4.874337379574618e-08,2.1720498704246155e-06,13.950770818037665
68740.8447265625,1.4460688567458532e-07,6.443816724877609e-06,14.088826532968882
68883.89587402344,3.274271888453524e-08,1.4590458717223814e-06,14.143021544036383
68926.81121826172,4.2396751629815996e-08,1.8892385100352433e-06,14.150241379308802
68931.57958984375,4.164654638489656e-08,1.8558086696666364e-06,14.151134268136056
69003.10516357422,1.3491088467254041e-07,6.011753942182692e-06,14.17517632557085
69518.0892944336,2.4062759121769613e-08,1.0722588274564535e-06,14.309004706543297
69537.16278076172,2.4427125483374718e-08,1.0884953299157995e-06,14.311145228803742
69541.93115234375,2.253165187126334e-08,1.0040312706401347e-06,14.31164412602258
69589.61486816406,1.8267512168351784e-08,8.140172570843108e-07,14.316483796654964
69751.73950195312,3.2458234266130453e-08,1.4463689737068027e-06,14.332212229673946
70147.51434326172,1.9389498301179428e-08,8.640139980698348e-07,14.371099222771589
70152.28271484375,1.8600085121242223e-08,8.288370158121207e-07,14.37150282990495
70252.4185180664,3.233313026640447e-08,1.4407942236385558e-06,14.381324299422216
70767.40264892578,2.291785701755934e-08,1.021240929567001e-06,14.433428994021838
70772.17102050781,2.223722975138444e-08,9.909115483572074e-07,14.43390872855656
71015.3579711914,1.9558838542613155e-08,8.715599560292713e-07,14.459974577443631
71249.00817871094,3.059865411205784e-08,1.3635043601570097e-06,14.48544780918233
71392.05932617188,2.621647613417929e-08,1.1682304517707307e-06,14.501426576897641
71396.8276977539,2.5969233561143175e-08,1.1572130937811732e-06,14.501981005843554
71501.7318725586,3.999663587550672e-08,1.7822871296282002e-06,14.513941971210754
71730.6137084961,2.305520995848447e-08,1.0273615037970291e-06,14.540521301940393
72021.484375,2.646500457612181e-08,1.1793051092694118e-06,14.575388242526333
72026.25274658203,2.639391789405415e-08,1.1761374208935313e-06,14.575949823787528
72054.86297607422,2.4889451094615817e-08,1.1090969872446126e-06,14.579344863772784
72250.3662109375,3.6258593966552274e-08,1.615716520913076e-06,14.603742052580385
72655.67779541016,2.7863509898620198e-08,1.241623801390511e-06,14.656495384042124
72660.44616699219,2.8051646173916618e-08,1.2500073280231179e-06,14.657089435195642
72827.33917236328,2.6216268537752962e-08,1.1682212010817489e-06,14.679692828709392
73003.76892089844,4.145437487749716e-08,1.8472453293550841e-06,14.704580185510906
73294.63958740234,3.4069149778404244e-08,1.5181528605662028e-06,14.747200467078814
73299.40795898438,3.621757391101677e-08,1.6138886292557595e-06,14.747947203960504
73628.42559814453,3.0243841992345845e-08,1.3476936035632022e-06,14.799506665145337
73752.40325927734,4.346897104350875e-08,1.9370175999344606e-06,14.820098043077254
73943.1381225586,4.0315319507375336e-08,1.7964879673504156e-06,14.851742384898667
73947.90649414062,3.63034007131231e-08,1.6177131510292251e-06,14.852556393878077
74172.0199584961,3.1811852243576487e-08,1.417565592262253e-06,14.89073752172667
74501.03759765625,5.029700231454927e-08,2.2412809958098823e-06,14.949443631000788
74596.40502929688,4.536707830220986e-08,2.0215990169407975e-06,14.966817729395435
74601.1734008789,4.4416339300756026e-08,1.979233206696131e-06,14.967771602129417
74691.7724609375,3.634329398468749e-08,1.6194908321494394e-06,14.98423727613338
75254.44030761719,5.453442690362708e-08,2.4301045591563275e-06,15.097580213461095
75259.20867919922,4.4962617978724955e-08,2.0035758904149527e-06,15.098637285254071
75278.28216552734,4.3316711924516306e-08,1.9302327926073287e-06,15.102597958779556
75793.26629638672,5.870973163499321e-08,2.616160004123055e-06,15.216684681375614
75917.24395751953,5.172891862858685e-08,2.3050885126509846e-06,15.245834060329058
75922.01232910156,5.431985289871183e-08,2.4205429428118032e-06,15.246960738666026
75950.62255859375,4.598737412878609e-08,2.049239973337981e-06,15.25396982340059
76131.82067871094,5.981966551015326e-07,2.6656196853470834e-05,15.320997829948249
76584.8159790039,5.764577647507873e-08,2.5687491770245106e-06,15.497301113591316
76589.58435058594,6.180062052871058e-08,2.753892875245767e-06,15.498570130346485
76594.35272216797,5.5479075036790576e-08,2.472198954670117e-06,15.499816127734825
77128.41033935547,7.988028277098542e-08,3.5595393656838367e-06,15.656412323195596
77261.92474365234,7.362023891247548e-08,3.280586014840577e-06,15.698477174899313
77266.69311523438,7.030046521629719e-08,3.1326538249835762e-06,15.70000621042936
77290.53497314453,6.140539141049492e-08,2.7362810997743847e-06,15.707427598276372
77838.89770507812,9.742030964889662e-08,4.341139204608735e-06,15.89598270917502
77943.80187988281,8.816454808845156e-08,3.928693899072656e-06,15.93412150670019
77948.57025146484,8.556355911036166e-08,3.8127914218147303e-06,15.935967220630534
78005.79071044922,7.848418913048106e-08,3.4973281403454962e-06,15.95775584722727
78458.78601074219,5.398225191581864e-07,2.40549913041135e-05,16.240638942507346
78630.44738769531,9.779231407383578e-08,4.357716066242735e-06,16.348027407965272
78635.21575927734,1.002935816580899e-07,4.469174865853988e-06,16.350131902759188
78759.19342041016,4.245412957290827e-07,1.8917953243087287e-05,16.445999261357347
78892.70782470703,9.403945267775894e-08,4.1904850874592856e-06,16.528744978147223
79321.86126708984,1.1402880432583418e-07,5.081229106102963e-06,16.741279653038998
79326.62963867188,1.367058260084208e-07,6.091738190141314e-06,16.743943496026116
79436.3021850586,1.0583428661417132e-07,4.716073809130827e-06,16.801908869412227
80003.73840332031,1.5439757546983594e-07,6.880098927875169e-06,17.126599895354293
80022.81188964844,1.357956645223171e-07,6.051180551553533e-06,17.13879805638292
80027.58026123047,1.4203339804756437e-07,6.329139733288282e-06,17.141749754754056
80103.87420654297,1.252863312886005e-07,5.582874931507689e-06,17.19118695455118
80728.53088378906,2.973269680575092e-07,1.3249165007519773e-05,17.71670646410787
80733.2992553711,2.8478972468250924e-07,1.2690493833828326e-05,17.722890960711197
80790.51971435547,2.550159881902723e-07,1.13637485666457e-05,17.79495716978018
81419.9447631836,2.896094606678786e-06,0.0001290526573218666,20.812373251026628
81439.01824951172,2.4800801661512073e-06,0.00011051466864202777,21.037254197044557
81443.78662109375,2.2797379307355085e-06,0.00010158723312435702,21.087823231088436
81486.70196533203,2.6234132807017757e-06,0.00011690172494616665,21.540626762686117
82139.96887207031,5.528183559388693e-07,2.4634097824598243e-05,25.601195371185092
82159.04235839844,6.652844497890594e-07,2.9645691104909637e-05,25.656343251047574
82163.81072998047,6.272060028125803e-07,2.794888024877538e-05,25.670074866913684
82173.34747314453,7.095410672309785e-07,3.161780695768102e-05,25.697408518128643
82883.83483886719,2.940884877972485e-07,1.3104855328441183e-05,27.107739108919958
82888.60321044922,3.50003680946253e-07,1.5596488110016545e-05,27.11458204244086
82912.44506835938,3.6502786098007636e-07,1.6265979484012284e-05,27.15025755027838
83570.48034667969,1.9074581842842702e-07,8.499810290884272e-06,27.92515523095
83613.39569091797,2.2328175209152326e-07,9.94964162166588e-06,27.966581809308405
83618.1640625,2.0871638372942755e-07,9.300595320600488e-06,27.97117142344755
83637.23754882812,2.522213107507322e-07,1.123921515219909e-05,27.99013385192787
84233.28399658203,1.5417046548135988e-07,6.869978696495441e-06,28.50063096596535
84352.49328613281,1.7066649066489045e-07,7.605056853221959e-06,28.59110638555103
84357.26165771484,1.7017393995223038e-07,7.583108337386885e-06,28.594727526314934
84438.32397460938,1.8942222495440272e-07,8.440829740096049e-06,28.654696906519504
85067.7490234375,1.3681543789714008e-07,6.096622597398132e-06,29.096755680089963
85096.35925292969,1.5471931117801738e-07,6.894435768943965e-06,29.115723854278002
85101.12762451172,1.5986110941947753e-07,7.1235590596483035e-06,29.11906600468689
85401.53503417969,1.6583961210778518e-07,7.389966675253383e-06,29.31233751004142
85654.25872802734,1.0916063267851109e-07,4.86429886979881e-06,29.468361128953457
85844.9935913086,1.3164186444229857e-07,5.8660833737631565e-06,29.579738159367857
85849.76196289062,1.2100541590573788e-07,5.392113378119751e-06,29.582422322640685
85887.90893554688,1.5345332199680305e-07,6.838022118782237e-06,29.604807139144583
86588.85955810547,1.0510997399697487e-07,4.6837977682289194e-06,29.999548232662455
86603.16467285156,1.2298953030211686e-07,5.480527352819603e-06,30.006902110868456
86607.9330444336,1.204878493447959e-07,5.3690501329217285e-06,30.00948885171646
86913.1088256836,1.3189127871024928e-07,5.877197504488996e-06,30.169117994768378
87342.2622680664,9.344287473841094e-08,4.163901022078647e-06,30.38542676001093
87366.10412597656,1.0688808796445828e-07,4.763032173070416e-06,30.3966957317958
87370.8724975586,1.1186354348048388e-07,4.984743077903802e-06,30.399019782520536
87404.25109863281,1.2388254311290571e-07,5.5203208305564836e-06,30.415338445949835
87604.52270507812,9.008306347600482e-08,4.014184721197618e-06,30.509370486731157
88138.58032226562,1.0477012954648908e-07,4.668653984835194e-06,30.75711886799691
88143.34869384766,1.0567057441433136e-07,4.708778641916112e-06,30.759354622159403
88310.24169921875,1.1541450195740865e-07,5.142977075657169e-06,30.83554253960313
88572.50213623047,8.36712556295234e-08,3.7284686265239893e-06,30.94995747520095
88915.82489013672,1.0076352338329832e-07,4.490115904273351e-06,31.093298363557366
88920.59326171875,9.936214512212277e-08,4.4276691913445905e-06,31.095424529208593
89178.08532714844,1.0225244968909652e-07,4.556463839135895e-06,31.20208507101987
89607.23876953125,7.847281068253044e-08,3.496821106168906e-06,31.372850115724376
89697.83782958984,8.684249533183985e-08,3.86978200407897e-06,31.407480616568694
89702.60620117188,8.447570091999875e-08,3.7643154535463152e-06,31.409300727237266
89974.40338134766,9.770303934805471e-08,4.353737901797707e-06,31.512968324736303
90136.52801513672,7.061525192736372e-08,3.146681012306484e-06,31.57411789458422
90489.38751220703,7.475939596024184e-08,3.3313479076952358e-06,31.702280121743833
90494.15588378906,7.393346666000466e-08,3.2945437333047333e-06,31.703859857414162
90746.87957763672,9.347428125826577e-08,4.165300525684347e-06,31.794271280529124
90875.62561035156,6.793079031075787e-08,3.0270589169845257e-06,31.83849292803692
91285.70556640625,7.646661006878454e-08,3.4074229491723775e-06,31.980802989352508
91290.47393798828,7.572220013999496e-08,3.3742513534567096e-06,31.98241986650367
91361.99951171875,8.330321323538268e-08,3.7120683166510217e-06,32.006431042801644
91586.11297607422,6.431554960806907e-08,2.8659604437287765e-06,32.08159868751081
92091.56036376953,7.48765015838691e-08,3.3365662427184005e-06,32.24463211755075
92096.32873535156,6.918848914671845e-08,3.0831031416852742e-06,32.24616268600368
92296.60034179688,9.052634065932081e-08,4.033937562940135e-06,32.311106422192886
92835.4263305664,5.803543368551221e-08,2.586112663125793e-06,32.47909206678819
92902.18353271484,6.787876555532714e-08,3.02474064571004e-06,32.49877322782473
92906.95190429688,7.100589908944481e-08,3.164088611569833e-06,32.50024875970256
93441.00952148438,1.0256228693797954e-07,4.570270473840934e-06,32.66477863995949
93550.6820678711,6.031302042524413e-08,2.687604037187128e-06,32.701859586110785
93722.34344482422,7.318549709037466e-08,3.261213516697155e-06,32.753702316273056
93727.11181640625,5.867578616009167e-08,2.614647362329519e-06,32.75510323067483
93803.40576171875,5.724350041499656e-08,2.5508233832984173e-06,32.77662754495704
94008.4457397461,7.670359367141681e-08,3.4179831579414127e-06,32.83782398771597
94552.04010009766,7.41208176938972e-08,3.302892268853287e-06,32.99925254048489
94556.80847167969,8.645633145008869e-08,3.8525741839384306e-06,33.00095853662937
94594.95544433594,2.2573821034809407e-07,1.0059103676144221e-05,33.02433454709169
94995.49865722656,5.443656013851196e-08,2.425743525482747e-06,33.162814799444526
95381.7367553711,6.806303774937197e-08,3.032951985304118e-06,33.281260131233054
95386.50512695312,6.881147439380242e-08,3.066303015197294e-06,33.28271430694385
95391.27349853516,6.055447710325102e-08,2.6983635703367147e-06,33.28408871056017
95748.9013671875,1.711548662045993e-07,7.6268193194843104e-06,33.40625777323076
96225.73852539062,8.029738436227186e-08,3.5781257988081413e-06,33.57322940103591
96230.50689697266,8.24812876801698e-08,3.6754425528460836e-06,33.57495878649573
96487.99896240234,6.693862021220155e-08,2.9828468986897132e-06,33.66296201905049
96912.38403320312,1.1152527968192274e-07,4.969669729823449e-06,33.814571376586564
97074.50866699219,7.61019209931673e-08,3.3911720662778327e-06,33.87657453762707
97079.27703857422,8.501532829085806e-08,3.788361748861532e-06,33.87828627187788
97246.17004394531,7.448818692026833e-08,3.3192625817471193e-06,33.941571035778075
97842.21649169922,1.6961996077227604e-07,7.558422512169289e-06,34.205687320896544
97928.04718017578,9.79268549559117e-08,4.363711332526608e-06,34.252809803049
97932.81555175781,8.874899122933274e-08,3.954737226597356e-06,34.25479307573479
98671.91314697266,1.845966637235108e-07,8.225798263403323e-06,34.6391475793425
98791.12243652344,1.2655689547311478e-07,5.639492448052702e-06,34.708218261635224
98795.89080810547,1.1569869315107478e-07,5.1556408983946955e-06,34.71079202198889
99029.541015625,2.0702912218772628e-07,9.225409383976945e-06,34.85878432870796
99663.73443603516,1.9209655052190865e-07,8.560000163684607e-06,35.320817453704244
99668.50280761719,1.9220513184651283e-07,8.5648386480502e-06,35.32490033344108
99673.27117919922,1.8306870565060593e-07,8.157711036856912e-06,35.32888729997591
100393.29528808594,3.8422388915295775e-07,1.7121372274020863e-05,36.18080494458732
100545.88317871094,3.3832686598737275e-07,1.5076158423263892e-05,36.418282754878994
100550.65155029297,3.519620552286819e-07,1.5683755081404637e-05,36.42561648975007
100722.3129272461,2.8690224937967544e-07,1.2784629890433195e-05,36.6851197426083
101308.82263183594,4.860229632303588e-07,2.1657633276094978e-05,37.6555625050558
101428.03192138672,4.583306522309795e-07,2.0423638256176823e-05,37.88860865979355
101432.80029296875,4.58397881946445e-07,2.0426634074549536e-05,37.89834812367855
101518.63098144531,4.988716940212676e-07,2.2230184617462118e-05,38.07070452666079
102286.33880615234,2.893007708767168e-07,1.2891510229260171e-05,39.43019811116382
102324.4857788086,3.488278797772818e-07,1.5544093321190255e-05,39.48579230364415
102329.25415039062,3.556800118935532e-07,1.584943067304542e-05,39.49327710302784
103225.7080078125,1.884354973061107e-07,8.396860242424468e-06,40.55997428172996
103230.47637939453,2.1258214129447503e-07,9.472857057209848e-06,40.564234754337484
103707.31353759766,3.557091024498175e-07,1.5850726975169054e-05,40.98676980938787
104017.25769042969,1.2434602368032696e-07,5.54097395380212e-06,41.20740523633439
104136.46697998047,1.2731703201428972e-07,5.67336483617837e-06,41.28400076699594
104141.2353515625,1.327777984159457e-07,5.916701643450646e-06,41.2867640541777
104146.00372314453,1.500102932060065e-07,6.684597567780588e-06,41.289768438030485
104823.11248779297,8.476006214806186e-08,3.776986853174015e-06,41.63795515200929
105056.7626953125,9.591522734346265e-08,4.274071343442721e-06,41.7387912039579
105061.53106689453,9.779813673777413e-08,4.357975529539343e-06,41.740849244308095
105915.06958007812,6.448701025949217e-08,2.87360088912074e-06,42.05162810367337
105981.82678222656,7.943606753417395e-08,3.539744723408968e-06,42.072382333113275
105986.5951538086,7.620063197792042e-08,3.3955707191601904e-06,42.07403584116671
106110.5728149414,7.863593186544832e-08,3.5040899371223186e-06,42.113394566530125
106863.97552490234,5.205315537709865e-08,2.3195368023927466e-06,42.3358094484419
106916.42761230469,5.71366514808185e-08,2.5460620958543237e-06,42.350207502480266
106921.19598388672,6.004289790935721e-08,2.675567127758381e-06,42.351452435900356
107293.12896728516,6.807682201939835e-08,3.033566225140083e-06,42.45211264867986
107746.12426757812,4.972736436796411e-08,2.2158974014519306e-06,42.5711295756217
107860.56518554688,6.044155464480012e-08,2.693331641027223e-06,42.600623837576954
107865.3335571289,6.556710422256482e-08,2.9217308762317902e-06,42.601962572803885
108485.22186279297,5.019576490156591e-08,2.2367697629462304e-06,42.758971960995055
108585.35766601562,6.5838596477407e-08,2.933828822496698e-06,42.784356432637
108809.4711303711,5.5501304623149135e-08,2.4731895256218127e-06,42.84178908572112
108814.23950195312,5.695143145403541e-08,2.5378085199557803e-06,42.84298380075502
108838.08135986328,4.8657108544320185e-08,2.1682058109434816e-06,42.84872245499074
109744.07196044922,6.553375354058584e-08,2.920244738961634e-06,43.07681193956362
109772.6821899414,6.15432330201062e-08,2.742423449533552e-06,43.08464670407345
109777.45056152344,6.069475713304702e-08,2.704614578357176e-06,43.08594537914037
110025.40588378906,5.079372273358876e-08,2.2634153176221764e-06,43.15057069016969
110645.29418945312,7.020254194242728e-08,3.128290273227558e-06,43.31420549968137
110740.66162109375,6.315643077800492e-08,2.8143090353712517e-06,43.339746806993816
110745.42999267578,6.830773980042422e-08,3.0438561352816694e-06,43.34114350240995
110955.23834228516,7.524364579657136e-08,3.3529265287947962e-06,43.39896360754404
111103.05786132812,5.416335400161719e-08,2.4135692070466015e-06,43.44145325408398
111713.40942382812,6.751531643803393e-08,3.0085450165065578e-06,43.61767318676463
111718.17779541016,6.455016235056807e-08,2.8764150047749673e-06,43.61907627057097
111904.14428710938,6.142706778969672e-08,2.737247019302931e-06,43.67535907265398
112376.21307373047,8.945037485378607e-08,3.985991530351454e-06,43.82885593927593
112700.4623413086,7.576313097817969e-08,3.376075269506264e-06,43.939310684342786
112705.23071289062,7.808528422567931e-08,3.4795525684202313e-06,43.94094519339075
112795.82977294922,6.620129507016994e-08,2.949991007632161e-06,43.97300921952508
113673.21014404297,1.0834334668597437e-07,4.827879849202739e-06,44.32526572481833
113692.2836303711,9.640187311915033e-08,4.295756729818609e-06,44.33396930049784
113697.05200195312,1.0495146722584529e-07,4.676734559737523e-06,44.3361085091221
113854.40826416016,9.222346126610216e-08,4.10956282863268e-06,44.407335601741515
114207.26776123047,2.8785474047243407e-07,1.2827073775488757e-05,44.599424773889375
114698.41003417969,1.4179653419414973e-07,6.318584860655267e-06,44.89847558774597
114703.17840576172,1.4986716905442632e-07,6.6782198230599e-06,44.90157426745152
114898.681640625,1.2874816767550148e-07,5.737137566406706e-06,45.02904330903411
115699.76806640625,2.3808247877188293e-07,1.0609175707323917e-05,45.66321940717163
115709.30480957031,2.1794565735266186e-07,9.711860299127864e-06,45.672605177024614
115714.07318115234,2.194786757127965e-07,9.780173016758822e-06,45.67725243991159
115733.14666748047,1.929025373912503e-07,8.595915684888645e-06,45.69574227639104
116724.96795654297,4.240618797412046e-07,1.8896590022750638e-05,46.97172689247313
116729.736328125,3.8541239438631755e-07,1.7174333167719675e-05,46.98032687072708
116734.50469970703,4.052542556497383e-07,1.805850487825395e-05,46.98872703391173
116744.0414428711,3.649850810019247e-07,1.6264073168573585e-05,47.00497450711095
117659.5687866211,8.6317759452984e-07,3.846399287436253e-05,49.12013046945729
117759.70458984375,6.342347094538917e-07,2.826208592496609e-05,49.456792696680814
117764.47296142578,7.012316688832163e-07,3.1247532473190195e-05,49.47098089534217
117807.38830566406,6.014740945536215e-07,2.6802242590211684e-05,49.60233545234605
118522.64404296875,1.0474654109038e-06,4.667602861389166e-05,52.21650056373043
118794.44122314453,9.840060405821832e-07,4.3848220311949196e-05,53.328124311583515
118799.20959472656,8.82380424413058e-07,3.931968875488177e-05,53.347953086290076
119113.92211914062,1.062228256242465e-06,4.7333874671887425e-05,54.65476478496172
119495.39184570312,7.469600626055693e-07,3.3285232039813766e-05,56.20859093362773
119843.4829711914,7.934996986498366e-07,3.535908131547431e-05,57.52810087224829
119848.25134277344,7.699727846389568e-07,3.4310700242326636e-05,57.54471144257363
120120.04852294922,9.010069870717347e-07,4.014970563427893e-05,58.49689618932691
120835.3042602539,5.528076859892808e-07,2.4633622361764703e-05,60.6468087055283
120902.06146240234,5.898380852026715e-07,2.628373123913249e-05,60.82958985752263
120906.82983398438,5.917316393927243e-07,2.6368109767183928e-05,60.84214303464244
121312.14141845703,4.833718560703536e-07,2.153949748624381e-05,61.87997395842605
121912.95623779297,9.467382385093139e-07,4.218753254333909e-05,63.60994462381453
121965.40832519531,9.449112504489697e-07,4.210612026366459e-05,63.812768450640014
121970.17669677734,9.34104362154251e-07,4.162455531457841e-05,63.83273139933859
122351.64642333984,1.4400998851443815e-06,6.417218434722577e-05,65.81110323042373
123038.29193115234,5.898572108602055e-07,2.628458349614167e-05,68.90868574618534
123043.06030273438,6.571269851489996e-07,2.9282186927117548e-05,68.92193389663491
123047.8286743164,6.912968254948931e-07,3.080482665260583e-05,68.93625975703505
123090.74401855469,7.729493597487103e-07,3.4443339185386695e-05,69.06658253817788
124106.40716552734,3.220525982497945e-07,1.435096198366604e-05,71.30175326970796
124130.2490234375,3.918741038111739e-07,1.7462272922932223e-05,71.34171052686327
124135.01739501953,3.762153611724316e-07,1.6764504851685976e-05,71.34987082658752
124154.09088134766,4.135904773449543e-07,1.8429974635944477e-05,71.38077269473523
125212.6693725586,2.1829984457956343e-07,9.727643209919417e-06,72.77253448091761
125222.20611572266,2.2787328382886437e-07,1.0154244527425609e-05,72.78230973416858
125226.97448730469,2.1875295064386763e-07,9.747834035699853e-06,72.78705475946076
125288.9633178711,2.5482430020353734e-07,1.1355206772462673e-05,72.85048353860296
126299.85809326172,1.4319401741986061e-07,6.380858007197101e-06,73.72603913250686
126328.4683227539,1.5695534887648384e-07,6.99407567925404e-06,73.74638879705529
126333.23669433594,1.617929652444222e-07,7.20964434401605e-06,73.7497752278012
126409.53063964844,1.940160351703249e-07,8.645534176971114e-06,73.8059050725362
127406.12030029297,1.086800198736479e-07,4.842882318189109e-06,74.4506371098241
127439.49890136719,1.2455738766513238e-07,5.550392528678221e-06,74.47054417822825
127444.26727294922,1.2811781197814196e-07,5.709048332852449e-06,74.47322863811993
127573.01330566406,1.404300698324976e-07,6.257693943417909e-06,74.54719367235883
128340.7211303711,9.507475834299389e-08,4.236619266546816e-06,74.9445665700369
128564.83459472656,1.0180861424908061e-07,4.53668612095791e-06,75.05011311563473
128569.6029663086,1.092917740278921e-07,4.870142649757988e-06,75.0523558783841
128674.50714111328,1.1327590403265985e-07,5.04767917188863e-06,75.10054845867016
129466.05682373047,7.84822713867299e-08,3.497242683908204e-06,75.44455191287463
129699.70703125,9.132271095189815e-08,4.069424560579054e-06,75.54103860437961
129704.47540283203,9.462864542474412e-08,4.216740061829893e-06,75.54301417997509
129895.21026611328,9.874820828283766e-08,4.400311597309224e-06,75.61838498192259
130658.14971923828,7.022677561656708e-08,3.129370148186477e-06,75.89981751098776
130844.1162109375,7.777931559711048e-08,3.465918323018553e-06,75.96410081304423
130848.88458251953,7.521436883914907e-08,3.3516219204629646e-06,75.96572624130205
130887.03155517578,9.146400615103737e-08,4.075720805485449e-06,75.9794557036081
131692.88635253906,6.283581567838126e-08,2.800022129657423e-06,76.24990283235317
131998.06213378906,6.624897110994934e-08,2.9521154961105157e-06,76.3489438211828
132002.8305053711,6.885746171141482e-08,3.0683522526522096e-06,76.35037921254899
132670.40252685547,1.1645891214325448e-07,5.189516960613482e-06,76.57071552647253
133028.0303955078,6.279037344889192e-08,2.797997181833997e-06,76.68980941693141
133161.5447998047,6.814410675839217e-08,3.0365644954121717e-06,76.73115376184857
133166.31317138672,6.611687799913917e-08,2.9462293047807673e-06,76.73258017104547
133805.2749633789,1.2690178194560662e-07,5.654860908615695e-06,76.92870210720508
134072.30377197266,5.8442151785732174e-08,2.604236398273548e-06,77.01677910601349
134334.56420898438,6.612124199636944e-08,2.9464237685382053e-06,77.09548756050695
134339.3325805664,6.451421727377371e-08,2.8748132588695492e-06,77.09687545156764
134778.02276611328,5.9339410413142455e-08,2.6442190735305066e-06,77.22807513683165
134978.2943725586,8.483159009971886e-08,3.7801742049313913e-06,77.28881645089191
135517.12036132812,7.052096643278828e-08,3.1424795633642408e-06,77.45744567065758
135521.88873291016,7.021844131728442e-08,3.12899876409327e-06,77.45894090760927
135893.8217163086,6.349662217850875e-08,2.8294682791790407e-06,77.57806112582564
136690.1397705078,1.2027406412805293e-07,5.359523665708542e-06,77.8646013402296
136713.98162841797,1.1187354038488408e-07,4.985188549220541e-06,77.87655961098389
136718.75,1.1059258809560482e-07,4.928108129108301e-06,77.87892312509216
136914.25323486328,7.078781087106985e-08,3.154370398619547e-06,77.95531167903822
137896.53778076172,1.3596621768119354e-07,6.058780558237321e-06,78.36100484519682
137920.37963867188,1.3113839297888986e-07,5.843648219162618e-06,78.37463976543965
137925.1480102539,1.358717414806892e-07,6.054570611262302e-06,78.37747652186705
138168.3349609375,8.268503827314364e-08,3.6845218679325247e-06,78.48440200843358
138382.9116821289,1.3883359741483481e-07,6.186553654228006e-06,78.5816787960728
139136.31439208984,1.113849481476732e-07,4.963416426716846e-06,78.94539425376863
139141.08276367188,1.0630217322271715e-07,4.736923269648763e-06,78.94770699497582
139279.36553955078,1.0267193708515195e-07,4.575156585929849e-06,79.01836334300536
140252.11334228516,1.865394772968051e-07,8.312371835183889e-06,79.61538768382474
140361.78588867188,1.7153586500442876e-07,7.643796978791796e-06,79.69920190499032
140366.5542602539,1.7168387653704522e-07,7.650392509736947e-06,79.70284832391668
140447.61657714844,1.652921229579714e-07,7.365570051788315e-06,79.76825523473501
141515.73181152344,3.6082141534591446e-07,1.6078536371581957e-05,81.01587304731437
141601.5625,3.289466397778562e-07,1.465816685771674e-05,81.1352520753342
141606.33087158203,3.313222664573133e-07,1.4764026982272629e-05,81.14226687298357
141663.5513305664,2.811327458663978e-07,1.252753547159092e-05,81.22304395215227
142216.68243408203,4.2904983111350603e-07,1.9118857754510258e-05,82.09702874147258
142850.8758544922,3.412474760577805e-07,1.5206303512349693e-05,83.11621433761673
142855.64422607422,3.414750493670273e-07,1.5216444389731981e-05,83.1234676859439
143074.98931884766,3.6028861348294224e-07,1.605479422721829e-05,83.43498386826407
144062.04223632812,1.769247240911357e-07,7.883929529527128e-06,84.52120173989113
144109.72595214844,1.962985856004817e-07,8.747246737673927e-06,84.5633646762367
144114.49432373047,2.157761808088337e-07,9.61518641550099e-06,84.56774262145794
144128.79943847656,2.2547877702922678e-07,1.0047543087232365e-05,84.58143902742044
145282.74536132812,9.309723223684351e-08,4.148498872159999e-06,85.34671638152864
145378.11279296875,9.990675432119618e-08,4.451937481537968e-06,85.39282412835912
145382.88116455078,1.0965443918799784e-07,4.88630334510329e-06,85.39505053846833
145401.9546508789,1.1356367942279001e-07,5.060502709739392e-06,85.40386404618697
146622.6577758789,5.855899280907778e-08,2.609442942463155e-06,85.85336380777059
146660.80474853516,7.101620624647015e-08,3.164547908030828e-06,85.86518547102582
146665.5731201172,6.506419212403333e-08,2.8993206474481266e-06,85.86663120995067
146727.5619506836,7.270024873037479e-08,3.239590400458257e-06,85.88493515649833
147895.81298828125,4.262014360069143e-08,1.8991930631079777e-06,86.17237990440823
147957.80181884766,4.487701045002443e-08,1.9997611396674866e-06,86.18538658086257
147962.5701904297,4.533869138105501e-08,2.020334069449175e-06,86.18634504625018
148096.08459472656,5.301933243731661e-08,2.3625905468308638e-06,86.21391546171657
149140.3579711914,3.695962160033557e-08,1.6469549613932868e-06,86.41662885464146
149259.5672607422,3.742122376367571e-08,1.667524381213754e-06,86.43828661891769
149264.33563232422,4.219592264982864e-08,1.8802893847287567e-06,86.43913248363468
149383.544921875,4.5788831395879115e-08,2.040392725318354e-06,86.4606618518364
149931.9076538086,3.342595368540842e-08,1.4894914470927858e-06,86.55759474593727
150575.6378173828,3.943429837550864e-08,1.7572288499300411e-06,86.66747091184193
150580.40618896484,3.653261583686014e-08,1.6279271891854402e-06,86.66827799593482
151400.56610107422,3.204312954934117e-08,1.427871523159104e-06,86.80446182258268
151700.9735107422,4.340735007784758e-08,1.934271712646464e-06,86.85416230814204
151906.01348876953,3.6115178860147876e-08,1.6093258109760096e-06,86.88793953037066
151910.78186035156,3.631336396001334e-08,1.6181571225361553e-06,86.88870902226576
152273.17810058594,1.7097660420950174e-07,7.618875799920488e-06,86.96349784437818
153040.88592529297,3.3598942864285424e-08,1.4972000050834403e-06,87.1099331022324
153245.9259033203,4.066476416134692e-08,1.812059544700808e-06,87.14452649788981
153250.69427490234,3.895369637305536e-08,1.7358127796857291e-06,87.1453723765682
153279.30450439453,4.885288014510832e-08,2.1769295747499543e-06,87.15055492786868
153570.17517089844,3.468994478166832e-08,1.5458160607388108e-06,87.2005981845371
154595.37506103516,3.7139092772147104e-08,1.6549523629911264e-06,87.38375579130606
154600.1434326172,4.0044760853672854e-08,1.7844316232167638e-06,87.38457580434904
154623.98529052734,3.819757734490534e-08,1.7021194156604805e-06,87.38892713304038
155944.82421875,5.3026580140534394e-08,2.3629135111972823e-06,87.65178072198334
155959.1293334961,4.67211712092278e-08,2.081938650704267e-06,87.65481193580993
155963.89770507812,4.707369063750103e-08,2.097647242844638e-06,87.6558084267399
156106.94885253906,4.4602455442779526e-08,1.9875267143195476e-06,87.68683191334976
156922.3403930664,1.1933713299071274e-07,5.317773146674216e-06,87.91575536598026
157332.4203491211,5.958177088288275e-08,2.655018880476603e-06,88.03115608229267
157337.18872070312,5.8804966611396413e-08,2.620403762854719e-06,88.03241384106346
157465.93475341797,1.193600256944322e-07,5.318793266749529e-06,88.07481224747295
158205.0323486328,5.545059905296432e-08,2.470930038463389e-06,88.29970746536272
158720.0164794922,6.711200514307333e-08,2.9905730917557026e-06,88.45853487691176
158724.78485107422,7.680591432858426e-08,3.422542661168941e-06,88.46006388285717
158753.3950805664,6.484259975923893e-08,2.8894462864887145e-06,88.46934197088434
159993.17169189453,1.0116415827071439e-07,4.507968565825794e-06,88.90111461299807
160121.91772460938,8.794153700032466e-08,3.9187563184878755e-06,88.95058234472867
160126.6860961914,8.949092568689713e-08,3.98779851302306e-06,88.9524674142972
160503.38745117188,7.68528144334483e-08,3.4246325732689877e-06,89.09996875784535
161523.81896972656,1.0739142602462139e-07,4.785461383098805e-06,89.52467223093618
161533.35571289062,9.522019275817404e-08,4.243099958752716e-06,89.52887812732484
161538.12408447266,8.73773746914588e-08,3.893616723616881e-06,89.53081807175481
162949.5620727539,2.4839520260323726e-07,1.106872023034938e-05,90.36489432890615
162959.09881591797,2.0181773525406394e-07,8.9931851567122e-06,90.37437913353729
162963.8671875,2.3960537481552773e-07,1.0677037365159294e-05,90.37906888004157
163106.91833496094,2.807379427644095e-07,1.25099426797971e-05,90.52806097162865
164232.2540283203,1.3326860547453522e-07,5.938572460445794e-06,91.5737609436433
164394.37866210938,1.4098319905385128e-07,6.282341893693238e-06,91.68173470047721
164399.1470336914,1.2525515353758742e-07,5.581485622053406e-06,91.68456325737623
164408.68377685547,1.495684818071789e-07,6.664910042752123e-06,91.69050941083233
165843.96362304688,7.562199529001925e-08,3.3697861325567836e-06,92.37699830829234
165848.7319946289,8.882520335898169e-08,3.958133309663384e-06,92.37874542043355
166006.08825683594,9.10523404933186e-08,4.05737660259434e-06,92.43648860525677
167155.26580810547,4.9725160508126206e-08,2.2157991954168823e-06,92.78203627361007
167307.85369873047,6.06516816148768e-08,2.702695093381594e-06,92.82136753569968
167312.6220703125,6.098767493924087e-08,2.7176672670293736e-06,92.82265985079187
167660.71319580078,4.740875713333855e-08,2.112578116155074e-06,92.90702199368366
168509.48333740234,1.362374943230264e-07,6.070868896586886e-06,93.23956379245823
168781.28051757812,8.469399365122767e-08,3.774042779778743e-06,93.36015349130025
168786.04888916016,1.0093263341402191e-07,4.4976516038303795e-06,93.36212561692196
170102.11944580078,3.030843590949858e-08,1.3505719683224769e-06,93.64531300594989
170269.01245117188,3.68249825365008e-08,1.6409553200393283e-06,93.6716358018132
170273.7808227539,3.422463005222036e-08,1.5250812055349163e-06,93.672390643743
170736.31286621094,9.091529877809332e-08,4.051269896869678e-06,93.75068536438114
171332.35931396484,2.7070790077867733e-08,1.206299472156274e-06,93.84563006370355
171771.04949951172,3.038091688763693e-08,1.3538017878223202e-06,93.9056021136064
171775.81787109375,3.2196227400399094e-08,1.4346937051637003e-06,93.90626694273968
171890.2587890625,6.404770048653505e-08,2.854024838857452e-06,93.92762668381383
172276.49688720703,2.458482568778663e-08,1.0955225970474136e-06,93.98298380991201
173287.39166259766,3.027071699924576e-08,1.348891178755663e-06,94.1139886729949
173292.1600341797,2.7246813996462982e-08,1.2141432609588006e-06,94.11459974802422
173764.22882080078,2.374350330088468e-08,1.0580324924618508e-06,94.1732313662652
173988.34228515625,3.375767363846535e-08,1.5042731953581768e-06,94.20113440694487
174818.0389404297,2.8173503960764172e-08,1.2554374238396608e-06,94.30829718754988
174822.80731201172,2.8826278143126888e-08,1.2845256458441294e-06,94.30890276193593
175566.6732788086,2.424073621591153e-08,1.080189651569889e-06,94.41087984946475
175929.06951904297,5.5079165041429814e-08,2.454378594978875e-06,94.46013088031067
176358.22296142578,4.033857187766685e-08,1.7975241145012135e-06,94.52266240395437
176362.9913330078,3.5786787358128114e-08,1.5946923815708252e-06,94.52347117139136
176534.65270996094,5.5868377363039816e-08,2.4895466268035437e-06,94.55182279420991
176811.21826171875,2.463192282018195e-08,1.0976212888766927e-06,94.59919701097915
177912.71209716797,3.422722178058772e-08,1.5251966953507851e-06,94.75468195924464
177917.48046875,2.9641036896221066e-08,1.3208320503105345e-06,94.75536050537426
178699.49340820312,2.4642937635924098e-08,1.0981121192653673e-06,94.85639097187014
179462.43286132812,3.366229147620399e-08,1.5000228778883859e-06,94.95560885748179
179481.50634765625,2.707292774154764e-08,1.2063947284292273e-06,94.9582944134694
179486.27471923828,2.8619418104467138e-08,1.2753077709787225e-06,94.95888609745306
179538.72680664062,2.5957049570113612e-08,1.1566701638590896e-06,94.96562678720535
181064.60571289062,4.364751030165666e-08,1.9449734745965405e-06,95.19462950015549
181069.37408447266,4.0378767806200006e-08,1.7993152822962024e-06,95.19552220816064
181179.04663085938,3.870785189582491e-08,1.7248577221398436e-06,95.21597108907105
182266.2353515625,7.07324887516374e-08,3.1519051937519395e-06,95.46551508234461
182662.0101928711,5.805594502903352e-08,2.5870266675856486e-06,95.57098978113828
182666.77856445312,6.394191493707672e-08,2.8493109368211136e-06,95.57228590502544
183072.09014892578,7.208696737647467e-08,3.212262015458595e-06,95.68518050707063
183568.00079345703,4.807593866709493e-08,2.1423083430781787e-06,95.82257897236832
184273.71978759766,5.3323621567815514e-08,2.376149952243409e-06,96.00239154161602
184278.4881591797,5.2395407271007544e-08,2.334787863694586e-06,96.00351471671632
184297.5616455078,5.6600370004166174e-08,2.5221648966831112e-06,96.00793620699086
185894.96612548828,2.7437676446756784e-08,1.2226482684736017e-06,96.30624991396293
185899.7344970703,3.3078317692629255e-08,1.4740004653598633e-06,96.30689284512238
185904.50286865234,3.4847503670767885e-08,1.5528370307292554e-06,96.30761449941738
187387.46643066406,1.8348735043083142e-08,8.176366235909263e-07,96.47985854393619
187535.28594970703,2.0331487198203845e-08,9.059898955589387e-07,96.493215547495
187540.05432128906,1.9570215199721662e-08,8.720669104042792e-07,96.49363946927222
187625.88500976562,2.167009275747269e-08,9.65639398766148e-07,96.50119752854613
188999.17602539062,1.2962009967504055e-08,5.775991663674449e-07,96.60608261192223
189189.91088867188,1.672929839716284e-08,7.454730271260661e-07,96.61864939912279
189194.6792602539,1.6033858607181907e-08,7.144835861397709e-07,96.61899747990408
190343.85681152344,3.187994526172713e-08,1.4205998802019983e-06,96.69015446522631
190730.09490966797,1.0686729655308838e-08,4.7621056885278975e-07,96.71479018042126
190858.8409423828,1.1684998420128695e-08,5.206943493633858e-07,96.72171698492875
190863.60931396484,1.087999806294741e-08,4.848227880546779e-07,96.72195671889592
191054.3441772461,1.3532752508201274e-08,6.030319824618327e-07,96.73197663050462
192375.18310546875,9.092606598688748e-09,4.051749693663478e-07,96.796753254181
192542.07611083984,1.1276302898745311e-08,5.024824984975894e-07,96.8046114119463
192546.84448242188,1.1302545612355244e-08,5.036518981155744e-07,96.80485129307954
193152.42767333984,9.163145364453982e-09,4.0831824208444714e-07,96.83330875549564
193414.68811035156,1.256194571791544e-08,5.597719329649777e-07,96.8456951820013
194239.61639404297,1.0967221617426372e-08,4.887095504071955e-07,96.88502451096986
194244.384765625,1.082509383058671e-08,4.823762046219317e-07,96.88525603585576
194339.75219726562,9.501188449227675e-09,4.233817549540613e-07,96.88976230468545
195198.05908203125,1.4403318270572021e-08,6.418251989362841e-07,96.93357676948882
195951.4617919922,1.0866281587753387e-08,4.842115692192172e-07,96.97343836200987
195956.23016357422,1.2873253525619415e-08,5.736440971327481e-07,96.97369057445474
196180.3436279297,2.622679919079615e-08,1.1686904567322458e-06,96.98965851059991
196490.28778076172,1.0644404657720876e-08,4.7432452776930045e-07,97.00855410071794
197682.38067626953,1.2077673265748457e-08,5.381923040827582e-07,97.07957207844171
197687.14904785156,1.306071130952433e-08,5.819973895606985e-07,97.0798391524768
197792.05322265625,1.0318444825379345e-08,4.597994558165905e-07,97.08582043364909
198793.4112548828,1.5306881315697634e-08,6.820888048842343e-07,97.14340648927666
199422.83630371094,1.4898196677886533e-08,6.638774390004964e-07,97.1803253486173
199427.60467529297,1.3401909842307318e-08,5.972015121154042e-07,97.18062601326896
199942.58880615234,1.1289568839458559e-08,5.030736410994129e-07,97.211204731833
201148.98681640625,1.6402820511991593e-08,7.309248702595713e-07,97.28654518473176
201182.36541748047,1.3433556860340626e-08,5.986117325426281e-07,97.28863379058123
201187.1337890625,1.3879157803866279e-08,6.184681231917802e-07,97.28892396503109
201368.3319091797,1.264647462666069e-08,5.635386194084852e-07,97.30036200836878
202951.43127441406,1.7653400751616652e-08,7.866518837161213e-07,97.40698117793477
202956.1996459961,1.603828847126367e-08,7.146809849851014e-07,97.40733912358408
202960.96801757812,1.4968911144064645e-08,6.67028541091684e-07,97.40766854880601
203051.56707763672,1.4615901667084856e-08,6.512981119271864e-07,97.41416749650972
203857.421875,2.5885987472825206e-08,1.153503571003737e-06,97.48027183112255
204744.3389892578,1.8842681744072737e-08,8.396473459585837e-07,97.56477433147649
204749.10736083984,2.1049035702319605e-08,9.379645213187179e-07,97.56519814717205
204830.16967773438,2.2825707973443196e-08,1.0171346828354773e-06,97.57257948064942
206470.48950195312,1.0696833672229331e-08,4.7666081320261443e-07,97.68797533805859
206551.55181884766,1.0967321612883024e-08,4.887140062973351e-07,97.69240707294018
206556.3201904297,1.272038648650754e-08,5.668322003221888e-07,97.69265873476695
206813.81225585938,1.9987803668484536e-08,8.906750392397594e-07,97.70618413521494
208215.71350097656,7.470364054368612e-09,3.3288633947066023e-07,97.7674108825555
208373.0697631836,7.732711638554645e-09,3.445767907435923e-07,97.77313842383992
208377.83813476562,8.007255031790793e-09,3.568106985605467e-07,97.77330564764853
208773.61297607422,1.0599824818291757e-08,4.72338008845491e-07,97.78710070840349
210165.97747802734,5.271392306441785e-09,2.3489812223796883e-07,97.82956095015541
210208.89282226562,5.585504733581529e-09,2.4889526284474366e-07,97.83064568972792
210213.66119384766,6.298260467621004e-09,2.8065631833204254e-07,97.83077194466347
210390.0909423828,6.4665027324515225e-09,2.88153349437365e-07,97.83532113921109
211558.34197998047,4.388282085769946e-09,1.9554591308603853e-07,97.86360914986548
212063.78936767578,5.1164069453468336e-09,2.279918310383765e-07,97.87512664321112
212068.5577392578,5.49042641028709e-09,2.4465848472065947e-07,97.87523933182781
212264.0609741211,6.016267989232437e-09,2.680904723831916e-07,97.8797137705967
213637.3519897461,4.186025166873694e-09,1.865331574995669e-07,97.91066567122935
213932.99102783203,5.4203816458556125e-09,2.4153722515941443e-07,97.91734303727371
213937.75939941406,5.29066433257711e-09,2.3575690156755448e-07,97.91745683306121
214242.93518066406,4.484821209939411e-09,1.9984778584974723e-07,97.92455262708933
215816.49780273438,7.77166712494347e-09,3.4631268328803824e-07,97.96822289608625
215821.2661743164,7.175285408970762e-09,3.197373618026966e-07,97.96838169479159
215826.03454589844,6.614707476697165e-09,2.9475749007161783e-07,97.96852820178104
216159.82055664062,6.386456203712332e-09,2.8458640199740195e-07,97.97978806359335
217204.09393310547,1.0321082149400019e-08,4.5991697741699045e-07,98.01659681634236
217723.84643554688,7.285397535232978e-09,3.246440601076239e-07,98.03556375985929
217728.6148071289,8.152843188829526e-09,3.632982416460222e-07,98.03572777808537
217924.1180419922,8.890505797630844e-09,3.9616917053531073e-07,98.04263765208519
219120.97930908203,6.072934784863608e-09,2.7061559726732104e-07,98.08335990376507
219645.50018310547,7.713196814555051e-09,3.4370719211635536e-07,98.10038877731442
219650.2685546875,6.61081256976975e-09,2.9458392941243045e-07,98.10054095777667
219960.21270751953,5.7760892377218e-09,2.5738788482157824e-07,98.11050629849547
221118.92700195312,9.071816598657932e-09,4.042485477144062e-07,98.14791851014837
221581.45904541016,7.90853325006939e-09,3.5241156455528476e-07,98.16421021531482
221586.2274169922,7.389846392409284e-09,3.292983978981605e-07,98.16437274763543
221900.93994140625,7.131968546699857e-09,3.17807122310515e-07,98.17599274649992
223379.13513183594,1.3273738269994569e-08,5.914900681722621e-07,98.24335920501694
223536.49139404297,1.178723874557807e-08,5.252502729351733e-07,98.25151998502895
223541.259765625,1.1248867864075915e-08,5.012599679491611e-07,98.25176472414202
224142.07458496094,1.4097341555084053e-08,6.281905931740013e-07,98.28335870521835
225405.69305419922,8.959901310877902e-09,3.992614988626018e-07,98.34768213211798
225505.82885742188,1.042293515912703e-08,4.644556418415531e-07,98.35228524602823
225510.5972290039,1.0571874607986836e-08,4.710925215937152e-07,98.35250829809203
225906.3720703125,1.1500714181997607e-08,5.124824730736723e-07,98.3702506159566
227327.3468017578,6.554324960784085e-09,2.9206678925114314e-07,98.42456603905947
227494.2398071289,7.759529090472636e-09,3.457718012327652e-07,98.42995962900396
227499.00817871094,7.695724069953365e-09,3.429285904379593e-07,98.43012382797276
228409.7671508789,1.1382810706665583e-08,5.072285850397693e-07,98.45805115512223
229191.78009033203,4.704541199341061e-09,2.096387120279266e-07,98.47918739982453
229501.72424316406,4.845112118677097e-09,2.1590268235564222e-07,98.48655763226161
229506.4926147461,5.208331988565717e-09,2.3208809608250396e-07,98.48666444158644
229749.6795654297,5.698219279604832e-09,2.5391792738394403e-07,98.49212938849236
230984.68780517578,3.8621282534956814e-09,1.721000111260379e-07,98.518037920451
231528.28216552734,4.517681642048726e-09,2.0131207713176276e-07,98.52870784155652
231533.05053710938,4.508967288302085e-09,2.0092375745972814e-07,98.52880374205269
232820.5108642578,3.723425699797681e-09,1.6591929690117236e-07,98.55375997995303
233182.9071044922,5.210513138240399e-09,2.3218529013165044e-07,98.56100192304602
233569.14520263672,4.605069547035256e-09,2.0520616309507858e-07,98.5688490110763
233573.91357421875,4.518589701007561e-09,2.0135254107978862e-07,98.56894594222486
233654.97589111328,4.234873249319539e-09,1.887098732843953e-07,98.5706410383341
235390.66314697266,1.2400054961307801e-08,5.525579309472666e-07,98.6234081037617
235629.08172607422,8.306172083514225e-09,3.7013071916856316e-07,98.6332412158882
235633.85009765625,8.682939035373151e-09,3.869198034119865e-07,98.63342171079812
236268.0435180664,1.3758029159133469e-08,6.13070518623022e-07,98.66180319920171
237603.18756103516,7.695537784799333e-09,3.4292028939900434e-07,98.7198743349687
237703.3233642578,8.148947828165206e-09,3.631246607678981e-07,98.72380823474302
237708.09173583984,8.731936275259587e-09,3.8910316579048037e-07,98.72398757983258
237793.9224243164,9.96842096739471e-09,4.442020685990606e-07,98.72734440960686
239715.576171875,5.44777138131918e-09,2.42757737133286e-07,98.78978439958311
239801.40686035156,6.422882323198695e-09,2.862095836105986e-07,98.7921345633431
239806.1752319336,6.551733111754277e-09,2.9195129405844384e-07,98.79227240763802
240287.78076171875,7.136293281863229e-09,3.179998365138975e-07,98.80528306625109
241074.5620727539,4.885878055099729e-09,2.1771925022998668e-07,98.8258341643642
241918.56384277344,6.087105059090854e-09,2.7124703780789886e-07,98.84739517869886
241923.33221435547,5.79542896685223e-09,2.5824968105931553e-07,98.84752142055422
242242.81311035156,4.842923372979811e-09,2.158051498206949e-07,98.85559520697707
244016.6473388672,6.65487500400019e-09,2.965473922814937e-07,98.90009223612589
244050.0259399414,6.131086436429704e-09,2.73206888706818e-07,98.90094843228839
244054.79431152344,5.731579565135913e-09,2.5540449259727434e-07,98.90107446306283
244703.2928466797,6.743846471968806e-09,3.005120432775966e-07,98.91757656208217
246191.02478027344,4.6962751571361495e-09,2.0927036953330696e-07,98.95573257454699
246200.5615234375,5.385180976944793e-09,2.39968650758574e-07,98.95594383365292
246205.32989501953,5.05297719861508e-09,2.251653427910284e-07,98.95605473023875
246872.9019165039,6.914070373871008e-09,3.0809737796573665e-07,98.97167681179502
248222.35107421875,3.55574295462256e-09,1.584471985097834e-07,98.99906847275292
248374.93896484375,4.172715387484915e-09,1.8594006140576925e-07,99.0017686735477
248379.70733642578,4.009629022094333e-09,1.7867278195361225e-07,99.00185560402373
248384.4757080078,4.406518957928285e-09,1.963585649959055e-07,99.0019450184646
249490.73791503906,2.6866701678466726e-09,1.197205104102645e-07,99.02012003712048
250563.6215209961,3.7594055065737625e-09,1.6752259040673416e-07,99.03630582339741
250568.38989257812,3.1720056707940066e-09,1.413475098195918e-07,99.03637946376784
250716.2094116211,3.878713585576501e-09,1.7283906888080162e-07,99.03854609445112
251798.6297607422,2.6218006925693654e-09,1.168298665258052e-07,99.05401190850513
252771.37756347656,3.254022932522863e-09,1.4500227494638102e-07,99.06791682252194
252776.1459350586,2.7948743885024005e-09,1.2454219067473525e-07,99.06798108693043
253009.79614257812,2.7433575957127295e-09,1.2224655468588497e-07,99.07125863293759
254378.3187866211,4.38015608026336e-09,1.9518381075636374e-07,99.09136452086005
255002.9754638672,2.9705115204705467e-09,1.3236874390701186e-07,99.10102555767254
255007.74383544922,3.0375070446682437e-09,1.3535412649998567e-07,99.1010893877789
255360.60333251953,4.411790589162264e-09,1.9659347376497577e-07,99.10629646820188
256299.9725341797,2.313420729934142e-09,1.0308816984534606e-07,99.11948237261778
257248.8784790039,2.7877336626933104e-09,1.2422399332070382e-07,99.13200428566044
257253.64685058594,2.6603926120148432e-09,1.1854955819060954e-07,99.13206216738564
257306.09893798828,3.052080871526104e-09,1.360035497194545e-07,99.13271740788456
258879.6615600586,2.1025133695590068e-09,9.368994257667085e-08,99.15081650168477
259518.62335205078,2.188451578469104e-09,9.751942874047e-08,99.15775792750269
259523.3917236328,2.352844499297447e-09,1.0484492951274293e-07,99.15780617492544
260214.80560302734,2.820033961094883e-09,1.256633245260447e-07,99.1652404956187
261211.39526367188,1.9691742789267883e-09,8.774822923233273e-08,99.17600711694463
261807.44171142578,2.5207645131586205e-09,1.1232760081648209e-07,99.1822825156972
261812.2100830078,2.3340708265548194e-09,1.0400835727178784e-07,99.18233409420894
262699.1271972656,2.1309390204179457e-09,9.495661589976942e-08,99.19194704686844
263695.71685791016,3.195243996547515e-09,1.4238303113277177e-07,99.2035587554735
264115.3335571289,2.9138601589060214e-09,1.2984430677918334e-07,99.2085782889599
264120.10192871094,2.7341313173703077e-09,1.218354231798441e-07,99.20863829408351
264844.8944091797,2.3920161460487722e-09,1.0659045436309622e-07,99.21773034628286
266447.0672607422,3.5232399409662632e-09,1.569988341249872e-07,99.2382600666673
266451.8356323242,3.5067122000118275e-09,1.562623426841418e-07,99.23833475395196
266470.90911865234,3.89551518934468e-09,1.7358776390221158e-07,99.23863716740738
268793.10607910156,2.114491231379235e-09,9.422368719032048e-08,99.26636139399864
268797.8744506836,2.410074603590132e-09,1.0739515595242696e-07,99.26640946367672
268802.6428222656,2.2949511387068176e-09,1.0226514775827816e-07,99.26645945058843
268921.8521118164,2.680074332452516e-09,1.1942659387766556e-07,99.26767554171744
270509.7198486328,1.7905078664718731e-09,7.978668845659355e-08,99.28285689168582
271167.7551269531,2.3725335143748367e-09,1.0572229025569923e-07,99.28923077546239
271172.52349853516,2.2256369669649917e-09,9.917644408377869e-08,99.28927962712748
271348.9532470703,1.931078157164874e-09,8.605063077139345e-08,99.29101695085429
273456.5734863281,4.03315453184229e-09,1.7972110045150376e-07,99.31696187390403
273556.7092895508,3.2553546400746906e-09,1.4506161706798942e-07,99.3184839109449
273561.4776611328,3.2316926575625253e-09,1.4400721721735733e-07,99.31855283032563
273585.31951904297,3.6842124332434363e-09,1.64171917433863e-07,99.31891887268652
275430.67932128906,1.7570143367211169e-09,7.829418575745659e-08,99.33894917729492
275969.5053100586,2.030901491787737e-09,9.049885099393095e-08,99.3441559308301
275974.2736816406,2.0715881047346645e-09,9.231188414074819e-08,99.34419951630582
276036.26251220703,2.143355206192302e-09,9.55098926346825e-08,99.34473430029456
278162.95623779297,1.4339830430835847e-09,6.389961220108677e-08,99.36145566632277
278401.37481689453,1.641733771502734e-09,7.315717702690957e-08,99.36319333013543
278406.14318847656,1.5453955997228623e-09,6.886425888775368e-08,99.36322719068438
279874.8016357422,2.179022170208013e-09,9.70992455771644e-08,99.37382057531153
280752.18200683594,1.3137163978889267e-09,5.854041912991989e-08,99.37996435220626
280857.0861816406,1.59783625269642e-09,7.12010629418493e-08,99.38065334841923
280861.85455322266,1.5715931373314282e-09,7.00316454212869e-08,99.38068702092087
281419.7540283203,1.7625341725934822e-09,7.854015475503924e-08,99.38432232934193
283036.2319946289,1.2087902002335282e-09,5.386481060563992e-08,99.39488868551798
283336.6394042969,1.467370201905937e-09,6.538737491315955e-08,99.39685975339965
283341.4077758789,1.4374854779510714e-09,6.405568394187298e-08,99.3968906150298
283932.6858520508,1.3212864428190294e-09,5.88777473415131e-08,99.4008683650024
284948.34899902344,1.9180779076090945e-09,8.547132761356439e-08,99.40795590210637
285835.26611328125,1.3930560181501152e-09,6.207586607353896e-08,99.41419507586163
285840.0344848633,1.4024755703383626e-09,6.249561004111238e-08,99.41422477601597
286073.6846923828,1.927538998190844e-09,8.589292257041488e-08,99.41588230095914
287151.3366699219,1.233463030382314e-09,5.496425476295748e-08,99.42320833896382
288352.96630859375,1.474557325706535e-09,6.570763980465495e-08,99.43084735149957
288357.7346801758,1.322396445664627e-09,5.892721009612369e-08,99.43087706676337
289292.3355102539,1.140837311895818e-09,5.0836766980112655e-08,99.43652596006709
290894.5083618164,1.6984516143933382e-09,7.568457662418676e-08,99.44641067096582
290899.27673339844,1.5320645869104558e-09,6.827021661293799e-08,99.44644499246309
290904.04510498047,1.4592579773665606e-09,6.502588667614413e-08,99.44647677273063
291147.23205566406,1.3213117805584585e-09,5.887887641464362e-08,99.44810545962906
293440.8187866211,2.9118584630994653e-09,1.2975510936056643e-07,99.46851755895653
293464.66064453125,2.664005236663638e-09,1.1871054009008142e-07,99.4688100939357
293469.4290161133,2.475901367773856e-09,1.10328457516961e-07,99.46886470108807
294680.5953979492,3.604391040154271e-09,1.6061500224693016e-07,99.48502152484429
296034.8129272461,1.9188446929545162e-09,8.550549627856377e-08,99.50103667664503
296049.1180419922,2.1604540072343342e-09,9.627183104180613e-08,99.5011663650353
296053.8864135742,2.0521873024523875e-09,9.144736642681368e-08,99.50121112077963
296063.4231567383,2.3175513976138356e-09,1.0327223622195843e-07,99.50130122348423
298662.1856689453,1.0810512621539046e-09,4.817264524452497e-08,99.51859815380037
298666.95404052734,1.0882120987787656e-09,4.849173875512884e-08,99.51862120038545
299615.85998535156,1.4814121190797617e-09,6.601309574458424e-08,99.52385846858415
301136.97052001953,9.416634379782668e-10,4.196139473264751e-08,99.53168456804795
301294.32678222656,9.80943049268783e-10,4.371173058283727e-08,99.53243216590843
301299.0951538086,1.1012803164593718e-09,4.907407063553549e-08,99.53245428776731
302176.47552490234,9.215162108995715e-10,4.106361563863013e-08,99.53665068128673
303859.7106933594,1.3137119131755952e-09,5.8540219286941206e-08,99.54481143842256
303950.30975341797,1.1541904956660627e-09,5.143179721333889e-08,99.54527881562781
303955.078125,1.1451991458986496e-09,5.1031134342133275e-08,99.54530324469437
304012.2985839844,9.664661883524242e-10,4.306662825550768e-08,99.54559030300186
304560.66131591797,1.4531733639399123e-09,6.4754750667785e-08,99.54849347834663
306634.90295410156,1.140705499578667e-09,5.083089330120836e-08,99.55924301133867
306639.6713256836,1.105182607704539e-09,4.924796034675947e-08,99.55926687199675
308012.9623413086,9.658096220127928e-10,4.3037371051463954e-08,99.56644849906391
309162.1398925781,1.414472558612731e-09,6.303020694726872e-08,99.57256622072833
309338.5696411133,1.1446831844671785e-09,5.100814262299075e-08,99.57352965397254
309343.3380126953,1.1676961623779392e-09,5.2033622227636306e-08,99.57355422104371
310120.5825805664,1.0969587360746205e-09,4.888149701200951e-08,99.57797905778266
311121.94061279297,2.0228769311556083e-07,9.014126914179517e-06,99.59010874251683
312066.07818603516,1.7839859265085614e-09,7.949606477281677e-08,99.60016825271913
312070.8465576172,1.7629555940341444e-09,7.855893368465172e-08,99.60020593596728
312361.7172241211,1.7063578003504092e-09,7.603688359119256e-08,99.60265530537491
314126.01470947266,6.163248155675669e-09,2.7464004469666716e-07,99.62752070947096
314817.4285888672,3.728663972668075e-09,1.66152719190673e-07,99.64220378245116
314822.1969604492,3.5926592821128984e-09,1.600922242455469e-07,99.64228156530702
315418.2434082031,2.385122126661633e-09,1.0628325047566553e-07,99.6505237545101
317330.36041259766,4.364478726138114e-09,1.9448521334004552e-07,99.67834850414069
317592.6208496094,4.0764960214983295e-09,1.816524373627708e-07,99.68290377270158
317597.3892211914,4.20811496670334e-09,1.8751749943409825e-07,99.68299178967337
317616.46270751953,5.0538080756168655e-09,2.2520236743958126e-07,99.6833595211021
320372.5814819336,1.366008607718348e-09,6.087060842006138e-08,99.7195034062849
320391.6549682617,1.41889199081515e-09,6.322714093839618e-08,99.71962760458662
320396.42333984375,1.4474625238760945e-09,6.450027034657027e-08,99.71965805717454
320425.03356933594,1.6116802599982922e-09,7.18179647261245e-08,99.71984563912082
323181.15234375,6.299679668954453e-10,2.807195592575751e-08,99.73180054666948
323219.29931640625,7.403496988059799e-10,3.299066810801611e-08,99.7319249879893
323224.0676879883,6.998121928539135e-10,3.1184279306956e-08,99.73194028848907
323448.18115234375,8.138603681609376e-10,3.6266371601917406e-08,99.73263301969939
325827.59857177734,5.109723118407388e-10,2.2769399352104342e-08,99.7392853596717
326070.78552246094,5.704280639498109e-10,2.5418802719332448e-08,99.73992563814788
326075.55389404297,5.325790520547996e-10,2.3732215702874563e-08,99.73993735666386
327382.08770751953,6.654193252671108e-10,2.9651701281099997e-08,99.74324877751842
328702.9266357422,4.4262042432124004e-10,1.9723575953581988e-08,99.74636399483224
328946.1135864258,5.360630487230397e-10,2.3887465820429432e-08,99.74692143331852
328950.8819580078,4.897695187952987e-10,2.182458326120406e-08,99.74693233192032
330457.6873779297,4.342727864094883e-10,1.9351597478711742e-08,99.75035670024111
331783.2946777344,7.132854731756067e-10,3.1784661153718564e-08,99.75355584745394
331845.2835083008,5.627608156374853e-10,2.5077143035021602e-08,99.75372210604985
331850.0518798828,5.894135238081696e-10,2.6264812390269474e-08,99.75373434692591
332260.1318359375,5.33834579653221e-10,2.37881631752201e-08,99.75482694357916
334725.37994384766,1.3683193394587547e-09,6.09735767660435e-08,99.76479301715877
334773.06365966797,1.2164917042760022e-09,5.420799675700538e-08,99.76505198516638
334777.83203125,1.1823278282788097e-09,5.2685622808417924e-08,99.7650774705913
336589.8132324219,1.7553541790897315e-09,7.822020759617368e-08,99.77636253549376
337686.53869628906,8.483387538826996e-10,3.7802760395052984e-08,99.7826025985507
337724.6856689453,9.11330719440602e-10,4.0609740707929366e-08,99.78277518157608
337729.45404052734,1.024026998621009e-09,4.563159125969608e-08,99.7827957431119
337758.06427001953,1.127820470661656e-09,5.025672448173174e-08,99.78292564093022
340514.1830444336,3.352868202200711e-10,1.494069116893262e-08,99.78947547921618
340704.91790771484,3.612990814571017e-10,1.6099821615792954e-08,99.78980459186705
340709.6862792969,4.0480764032670486e-10,1.803860328591466e-08,99.7898127311018
342597.96142578125,4.909998741374247e-10,2.1879409034500742e-08,99.7929142762414
342936.51580810547,3.0138046920341605e-10,1.3429792771934009e-08,99.79349342565658
343708.99200439453,3.684034009857518e-10,1.6416396672257476e-08,99.79468872566243
343713.76037597656,3.625615682282212e-10,1.6156079195317792e-08,99.79469649154584
344181.0607910156,2.8808855127933794e-10,1.2837492601542274e-08,99.7954119304527
346107.48291015625,4.1561680281213436e-10,1.8520269575044705e-08,99.79843426736143
346736.9079589844,3.4590406474392854e-10,1.5413805415987954e-08,99.79945018493814
346741.6763305664,3.3842985210213786e-10,1.5080747579898155e-08,99.79945745540614
348410.60638427734,3.1323678855816693e-10,1.3958121340779338e-08,99.8022119740094
349287.9867553711,4.4085116373516144e-10,1.9644736063613706e-08,99.80368410042561
349793.4341430664,4.14968269691233e-10,1.849137033866598e-08,99.80454678526843
349798.20251464844,3.814726531912191e-10,1.6998774652049863e-08,99.80455524677836
350551.6052246094,3.3502328119154724e-10,1.4928947625796776e-08,99.80585715061305
352845.1919555664,6.359753550217829e-10,2.833965070322777e-08,99.81059053902835
352878.5705566406,5.153092118238223e-10,2.2962655631117246e-08,99.81067358821105
352883.33892822266,5.222420824774367e-10,2.3271590766956527e-08,99.81068461131439
355134.0103149414,2.85599369586508e-09,1.2726572360443855e-07,99.82048831439671
355958.9385986328,4.5098084384859666e-10,2.0096123989078764e-08,99.82578772785008
355992.31719970703,4.884901917613604e-10,2.1767575263974725e-08,99.82585970121505
355997.08557128906,4.732250604125568e-10,2.1087346876273808e-08,99.82586991862469
356016.1590576172,5.209337000780098e-10,2.321328803573711e-08,99.82591105791292
359010.6964111328,2.097470335499116e-10,9.346522030934825e-09,99.83006357438164
359129.9057006836,2.4382108938209467e-10,1.086489350980019e-08,99.83018720313352
359134.6740722656,2.2452254417819945e-10,1.0004932465963656e-08,99.83019217888778
359644.88983154297,2.655128429956842e-10,1.1831498136371845e-08,99.83069038260537
361752.5100708008,1.4814674603114828e-10,6.601556180111313e-09,99.83255855049673
362300.8728027344,1.871850720135976e-10,8.3411401335547e-09,99.83300553024024
362305.6411743164,1.9062077854699723e-10,8.494238397986674e-09,99.83300954410727
362353.3248901367,1.9594875015087252e-10,8.731657746108065e-09,99.83304950195773
364708.90045166016,1.3800263979581007e-10,6.1495254132963424e-09,99.83476782900294
365495.6817626953,1.5867597433518752e-10,7.070748342912639e-09,99.83531188921995
365500.45013427734,1.5878816423050101e-10,7.075747628530408e-09,99.83531526200741
366387.36724853516,1.2551072273143363e-10,5.592874021976323e-09,99.83591442888
367121.69647216797,1.8016627493207925e-10,8.028376036524162e-09,99.8364104556359
368719.10095214844,1.4461805837868428e-10,6.444314590917661e-09,99.83749739183811
368723.86932373047,1.325103025670107e-10,5.904781780733447e-09,99.83750033609213
369362.83111572266,1.782793933143534e-10,7.944294844474101e-09,99.83791100081942
369791.98455810547,1.1652463120831274e-10,5.192445463005261e-09,99.83818093870576
371966.3619995117,1.5141006210970878e-10,6.7469725662501496e-09,99.83952595475934
371971.13037109375,1.40758261615437e-10,6.272318473155942e-09,99.83952905880021
372819.9005126953,1.1517696500396249e-10,5.13239220906349e-09,99.84005218560596
374884.60540771484,2.125952654702514e-10,9.473441882634816e-09,99.8415209733697
375247.0016479492,1.8776724573383803e-10,8.367082333594271e-09,99.84181896460656
375251.77001953125,1.9690111692738595e-10,8.77409609151663e-09,99.84182305138198
375752.44903564453,2.3684632973882677e-10,1.05540917617947e-08,99.84228256669208
378041.26739501953,1.0002334670254735e-10,4.457132946010073e-09,99.8438763166139
378556.2515258789,1.416322001164064e-10,6.311261981985348e-09,99.84413945992588
378561.01989746094,1.191879885968225e-10,5.311127134381729e-09,99.84414223091939
380692.4819946289,1.3935640086243338e-10,6.209850259944558e-09,99.84513495493546
381460.18981933594,8.365136983648599e-11,3.727582497172927e-09,99.84548823657829
381894.1116333008,1.0245192264395436e-10,4.565352538706994e-09,99.84567524649214
381898.8800048828,1.0331552792071121e-10,4.603835589497406e-09,99.84567743259693
383224.4873046875,7.935185643125386e-11,3.5359921986873034e-09,99.8462456453487
384941.10107421875,1.354681433525432e-10,6.036585904959112e-09,99.84703855148355
385265.3503417969,1.23333788999134e-10,5.495867839126152e-09,99.84720849385455
385270.1187133789,1.2937470606696583e-10,5.7650566972756274e-09,99.84721117866819
386242.8665161133,1.5034270886951397e-10,6.69941031754785e-09,99.8477563369387
388321.8765258789,8.308907427421695e-11,3.7025260862588066e-09,99.84880219737231
388660.4309082031,8.340518535134131e-11,3.7166122885595524e-09,99.84894472296521
388665.19927978516,8.396547958989446e-11,3.741579518635761e-09,99.84894650113671
390286.4456176758,7.398741781150737e-11,3.2969478465719394e-09,99.84958887441017
391178.1311035156,1.0914833763640218e-10,4.863750991337802e-09,99.849940087321
392088.8900756836,8.455962348529796e-11,3.768055120764421e-09,99.85029967668355
392093.6584472656,9.625360904046764e-11,4.2891499451869e-09,99.85030159767093
394296.64611816406,7.433960328017223e-11,3.3126415571629307e-09,99.85116954431382
395541.1911010742,2.091039643873257e-10,9.317866273598006e-09,99.85180484109783
395545.95947265625,1.717559251346182e-10,7.653603061958433e-09,99.85180888741144
395550.7278442383,2.161032033075426e-10,9.62975884085101e-09,99.85181300808603
396084.7854614258,5.350502536907334e-10,2.3842334735989e-08,99.85264078778087
398821.8307495117,8.296658877672985e-11,3.697068019074935e-09,99.8541793212651
399036.4074707031,1.030265022835787e-10,4.590956339482549e-09,99.85427169928934
399041.17584228516,9.355502035280988e-11,4.168898334497862e-09,99.85427378780145
399160.38513183594,1.1284119240912274e-10,5.028308019421168e-09,99.85432582486511
401201.2481689453,5.517064012029687e-11,2.4584548091948394e-09,99.85500247624266
402555.4656982422,6.799670721200891e-11,3.0299962351402422e-09,99.85539683753909
402560.2340698242,6.797107576508952e-11,3.0288540741319922e-09,99.85539828208158
403170.5856323242,8.476619512500246e-11,3.777260144305339e-09,99.85560243693772
405840.8737182617,5.0993096310703236e-11,2.2722995888290122e-09,99.85636330320327
406103.13415527344,5.3979846584928426e-11,2.405391946639658e-09,99.85643533231675
406107.90252685547,5.080015492102913e-11,2.2637019418504244e-09,99.85643644551548
407319.0689086914,7.594382132333715e-11,3.3841269985972955e-09,99.85676682530406
409684.1812133789,5.6119348263131285e-11,2.500730122498944e-09,99.85741941236657
409688.94958496094,6.492927153939313e-11,2.8933084612664036e-09,99.85742069840559
411109.92431640625,7.481660528429699e-11,3.3338972081482933e-09,99.85780039110264
413079.26177978516,4.877622537102832e-11,2.173513767038211e-09,99.85833511785654
413298.6068725586,5.888119243931473e-11,2.623800456328314e-09,99.85839167025281
413303.3752441406,5.671900771264651e-11,2.5274515028259683e-09,99.85839289840699
414829.2541503906,4.64078076239496e-09,2.067974879184235e-07,99.85896077840157
415658.95080566406,4.407582876613972e-11,1.9640597419767867e-09,99.85924374754485
416941.64276123047,4.866393230760244e-11,2.1685098841538246e-09,99.8595443812533
416946.4111328125,5.3805394011612275e-11,2.3976181784377602e-09,99.85954546990307
417513.8473510742,4.554345008815813e-11,2.0294583070346835e-09,99.85967733268885
419950.4852294922,7.945978154985349e-11,3.540801441905719e-09,99.86033306733685
420618.05725097656,5.917661762040857e-11,2.636964875947767e-09,99.86052155673258
420622.8256225586,5.5302939710919876e-11,2.4643502014562384e-09,99.86052277298086
420932.7697753906,6.85119331299136e-11,3.0529551791171967e-09,99.86060504364114
424246.78802490234,3.621325309861628e-11,1.6136960898543232e-09,99.86133402950038
424327.8503417969,3.99189024664026e-11,1.7788232569410165e-09,99.86134933275014
424332.6187133789,4.2192817467128857e-11,1.8801510149124004e-09,99.86135020511759
424742.6986694336,5.124852271774079e-11,2.2836816260395214e-09,99.86143077404358
427069.66400146484,3.631499921632544e-11,1.6182299910715935e-09,99.86188179305901
428071.0220336914,3.9555288384102944e-11,1.7626202767440968e-09,99.86207214906536
428075.79040527344,4.177108008878254e-11,1.8613580068241855e-09,99.8620730130891
429449.08142089844,3.5110627013688174e-11,1.5645620505297023e-09,99.8623314899443
430030.82275390625,5.6421903982891887e-11,2.5142122855239336e-09,99.86244952296414
431847.57232666016,4.194406602269271e-11,1.869066420216113e-09,99.86281562629692
431852.3406982422,3.6881885255304736e-11,1.6434909578784902e-09,99.86281646375585
433030.1284790039,4.968543331011935e-11,2.214028914688168e-09,99.8630320663208
434622.76458740234,3.408894266053965e-11,1.5190348497214403e-09,99.86332152718529
435652.7328491211,4.034735817909156e-11,1.7979156402284031e-09,99.86350576804361
435657.5012207031,4.1713861033383727e-11,1.8588082727334432e-09,99.86350663987452
436820.98388671875,1.3495649331629588e-10,6.013786305579908e-09,99.86387453571575
439438.8198852539,3.2146729366408085e-11,1.4324880269361946e-09,99.86440263248241
439496.0403442383,3.630163592041574e-11,1.6176345102320696e-09,99.86441186599725
439500.8087158203,3.542696515416613e-11,1.5786583709837342e-09,99.86441262805286
439896.5835571289,4.4220700869811156e-11,1.9705153770611837e-09,99.86447711351312
441780.09033203125,2.883816104069748e-11,1.2850551587628828e-09,99.86477195631417
443372.7264404297,3.67488404261574e-11,1.6375623570983909e-09,99.86501579214064
443377.4948120117,3.5155620137264435e-11,1.56656698577779e-09,99.8650165560646
444536.2091064453,3.8734422759644875e-11,1.7260417444350393e-09,99.865192692976
444760.3225708008,2.8852649899022225e-11,1.2857007957058392e-09,99.86522626748196
447282.7911376953,3.379190347027668e-11,1.5057985083589139e-09,99.86560110926118
447287.55950927734,3.2703324719167944e-11,1.4572904312364587e-09,99.86560181571663
447306.63299560547,2.8139649460968162e-11,1.2539288359810659e-09,99.86560456327518
451164.24560546875,1.1464260679825122e-10,5.10858071262627e-09,99.86623913605166
451226.23443603516,9.775954618121686e-11,4.3562558986061e-09,99.86626800084335
451231.0028076172,1.0773583165637748e-10,4.800808416953376e-09,99.86627018405761
451579.09393310547,1.6439563624956482e-10,7.3256217739569215e-09,99.86647208639828
455031.3949584961,3.085162992165614e-11,1.3747771964764873e-09,99.86731087047775
455203.0563354492,3.425034061817383e-11,1.5262268921605854e-09,99.86733745179265
455207.82470703125,3.33590496809863e-11,1.4865101427057548e-09,99.86733817008513
458292.96112060547,2.6776793574115345e-11,1.1931987157220447e-09,99.86778036990248
459151.2680053711,4.172848724185433e-11,1.859460030126079e-09,99.86790875514119
459218.02520751953,4.016631164264132e-11,1.7898480389235489e-09,99.8679197781088
459222.79357910156,3.8220610373255385e-11,1.7031457887312664e-09,99.86792061090343
460205.078125,4.519113132001559e-11,2.013758656495538e-09,99.86809145950605
462865.82946777344,2.427954685161104e-11,1.081919089433494e-09,99.86846433639109
463266.37268066406,2.6578977526421594e-11,1.1843838494683956e-09,99.86851476310578
463271.1410522461,2.7787382613555606e-11,1.2382314990777245e-09,99.86851534070227
466461.181640625,2.3475034827404758e-11,1.0460692886943256e-09,99.86891909474411
466675.7583618164,3.833645169512568e-11,1.708307785297457e-09,99.8689464535309
467352.86712646484,3.019511019305414e-11,1.3455220694633954e-09,99.86903371695067
467357.6354980469,3.0287608423795804e-11,1.3496438762742826e-09,99.86903435952831
467581.74896240234,2.4250561979445487e-11,1.08062749669116e-09,99.86906336915888
470232.9635620117,3.626446776008391e-10,1.6159782625917038e-08,99.87013945118652
471477.5085449219,3.615111168510852e-11,1.6109270109283726e-09,99.87081511032498
471482.2769165039,3.677527867395192e-11,1.6387404699006964e-09,99.87081588510608
473561.28692626953,2.210489339115003e-11,9.850145176078772e-10,99.87108034055218
475630.7601928711,2.8454463088248905e-11,1.2679572227154022e-09,99.87133769940402
475635.5285644531,3.1735324423443915e-11,1.4141554417359607e-09,99.87133833886952
477690.6967163086,2.436392103507674e-10,1.0856788811752762e-08,99.87194170063425
479674.3392944336,2.3652600598721504e-11,1.0539817838818058e-09,99.87238009465005
479826.9271850586,2.6462949602928715e-11,1.1792135377611184e-09,99.87239831441389
479831.6955566406,2.43276775284755e-11,1.0840638369613318e-09,99.87239885402126
481500.62561035156,2.2318378301371444e-11,9.945276028843932e-10,99.87259584316382
481619.83489990234,3.144496221313135e-11,1.4012166327825956e-09,99.87261005965382
484056.4727783203,2.7682471606185437e-11,1.2335565674466199e-09,99.87289306026484
484061.24114990234,2.83906515034302e-11,1.2651137194093354e-09,99.87289365599426
484533.30993652344,2.2318705932626804e-11,9.945422024365033e-10,99.87294963051637
487070.08361816406,4.106784553690963e-11,1.8300212240303988e-09,99.87329003923236
488328.9337158203,2.744683966517421e-11,1.2230565899709941e-09,99.87347543534896
488333.70208740234,2.7152004880106948e-11,1.2099184789451648e-09,99.87347601541543
488438.60626220703,3.150011669180749e-11,1.4036743674228741e-09,99.87348930530148
492072.10540771484,1.947310306812517e-11,8.677395038990441e-10,99.8738932518312
492634.77325439453,2.4168215598888773e-11,1.0769580657246527e-09,99.87395541673
492639.54162597656,2.478924082592678e-11,1.1046315248818036e-09,99.87395593686149
493898.3917236328,2.13588197515419e-11,9.517687853976156e-10,99.87409731757491
496435.16540527344,5.070580620933588e-11,2.259497675894875e-09,99.87443492693116
496978.759765625,4.4168947185548225e-11,1.9682091849689346e-09,99.87453787127747
496983.52813720703,4.0663332628769984e-11,1.8119957542836475e-09,99.87453877254856
497484.2071533203,6.317318495408469e-11,2.81505561697095e-09,99.87464737027793
501108.16955566406,2.419707388069242e-11,1.0782440174832435e-09,99.87526676504865
501360.8932495117,3.34790212269038e-11,1.4918561858798833e-09,99.87529821277577
501365.66162109375,3.018446751460564e-11,1.3450478218571072e-09,99.8752988891464
501770.9732055664,2.3169271553095785e-11,1.0324441940686153e-09,99.87535022349586
503926.27716064453,8.634640087576096e-11,3.8476755757558135e-09,99.87574277855339
505781.1737060547,6.33307989835724e-11,2.8220790440681484e-09,99.87631481509285
505785.9420776367,7.18503085082867e-11,3.2017162771570873e-09,99.87631625127757
505809.7839355469,7.594654588419645e-11,3.3842484075520023e-09,99.87632336887809
508375.1678466797,2.3896365556780626e-11,1.0648441761278793e-09,99.87682862752106
510244.36950683594,2.667287895315851e-11,1.1885681839921255e-09,99.87708861422324
510249.13787841797,3.029131906706652e-11,1.349809225974308e-09,99.87708921941957
510506.62994384766,2.5655311474055344e-11,1.1432244349033577e-09,99.87712329452457
514731.40716552734,4.767710706502894e-11,2.1245360375906933e-09,99.87778234552603
514740.9439086914,4.072354521252696e-11,1.814678882769897e-09,99.87778419416968
514745.71228027344,4.540511894859586e-11,2.0232941433676183e-09,99.87778510921376
514760.01739501953,3.558402824897222e-11,1.5856572479213793e-09,99.87778785019434
518531.79931640625,7.189360654710664e-08,3.2036456778588636e-06,99.88158293335596
519280.43365478516,1.3627479041728167e-10,6.072530845081342e-09,99.88419869010173
519285.2020263672,1.4288679986538607e-10,6.367168108500617e-09,99.88420165595709
523614.88342285156,4.187098193182356e-11,1.8658097254545313e-09,99.88556312814283
523862.8387451172,5.130595320976526e-11,2.2862407819420835e-09,99.88561809403637
523867.6071166992,4.9967620912206455e-11,2.226603455529701e-09,99.88561916998229
524983.4060668945,2.9871317189435543e-10,1.3310935534049613e-08,99.88592083619355
527009.9639892578,3.428187162682819e-11,1.5276319431024641e-09,99.88636643549219
528478.6224365234,4.234275596860166e-11,1.8868324133740734e-09,99.88664054979725
528483.3908081055,4.500989014568746e-11,2.0056823819466193e-09,99.88664147784509
528559.684753418,3.6298742855686366e-11,1.617505592588886e-09,99.88665537030394
532808.3038330078,1.0824283736899402e-10,4.8234010609711645e-09,99.88765120900374
533142.08984375,5.119262783401861e-11,2.281190898264811e-09,99.88773256600913
533146.858215332,4.729377676555401e-11,2.107454484500148e-09,99.88773361234374
533218.3837890625,4.3046777048629945e-11,1.9182042445907524e-09,99.88774890803762
537562.370300293,1.8117287535206616e-10,8.073231083303725e-09,99.8892251802446
537843.7042236328,1.495198676684502e-10,6.6627437517159515e-09,99.88941570910424
537848.4725952148,1.4869851832493079e-10,6.626143664437619e-09,99.88941887742189
538010.5972290039,1.762054776106656e-10,7.851879240368752e-09,99.88952861039792
542540.5502319336,3.659434406311941e-11,1.630677856105006e-09,99.89124682096617
542583.4655761719,4.344727148319409e-11,1.9360506474340605e-09,99.89125467080237
542588.2339477539,3.8224643461525245e-11,1.7033255068790225e-09,99.89125553849726
542640.6860351562,4.473619035386026e-11,1.9934860657895832e-09,99.89126472211478
545730.5908203125,2.9639458883112586e-11,1.3207617325852543e-09,99.89177490767294
547370.9106445312,3.6730650935015696e-11,1.6367518165304976e-09,99.8920399902054
547375.6790161133,3.710266412361799e-11,1.6533290686814428e-09,99.89204077462183
547428.1311035156,3.1570230180368326e-11,1.4067986893949588e-09,99.89204940507442
552139.2822265625,8.720044983864177e-11,3.885732788351208e-09,99.89309203233414
552196.5026855469,8.127037159840918e-11,3.6214830109911296e-09,99.89311203945292
552201.2710571289,7.730295606465823e-11,3.444691301165816e-09,99.89311372416016
552277.5650024414,7.212847854023464e-11,3.214111791353137e-09,99.89314211346345
555768.0130004883,3.6601125230922403e-10,1.630980031221352e-08,99.89628873216859
557065.0100708008,2.294537650334884e-10,1.0224672233355388e-08,99.89793026837799
557069.7784423828,2.3149623618004605e-10,1.0315686638878826e-08,99.89793516558116
559425.3540039062,4.137618300911006e-10,1.8437610272977392e-08,99.90068774108114
561718.9407348633,8.088158890346398e-11,3.604158494109765e-09,99.9024765706371
561981.201171875,9.290507062194215e-11,4.139935972667319e-09,99.90258692585506
561985.969543457,9.133985308851749e-11,4.070188430059629e-09,99.90258888330125
561995.5062866211,9.998468578705774e-11,4.455410179817654e-09,99.90259300656622
566716.194152832,3.8441139544587136e-11,1.7129727728055157e-09,99.90385750695569
566935.5392456055,4.3914636144116416e-11,1.9568768494825934e-09,99.90390098226864
566940.3076171875,4.18410491365332e-11,1.8644758923800235e-09,99.90390189335012
568571.0906982422,3.408068935632141e-11,1.5186670748433016e-09,99.90420771651144
570387.8402709961,1.7560542566168467e-10,7.825140369902101e-09,99.90458113032
571932.7926635742,4.065608830412125e-11,1.8116729404693939e-09,99.9050057271477
571937.5610351562,4.1317125696238426e-11,1.8411293787518675e-09,99.90500659804363
573167.8009033203,3.610150791871117e-11,1.6087166211669374e-09,99.90524222962046
576977.7297973633,8.253417995628793e-11,3.6777994816456833e-09,99.90612280054847
576982.4981689453,7.957089155858909e-11,3.545752606777653e-09,99.90612452277749
579071.044921875,1.514777699958059e-10,6.7499896923489765e-09,99.90713497417995
582046.5087890625,4.6094366449343843e-11,2.054007650211923e-09,99.90829942746677
582065.5822753906,4.639618273506284e-11,2.067456863371337e-09,99.90830367783605
582070.3506469727,4.224166507800926e-11,1.882327709683836e-09,99.90830461953807
585274.6963500977,3.6092019428176814e-10,1.6082938052428275e-08,99.90895921665815
586438.1790161133,2.5324359964586947e-11,1.1284769291958148e-09,99.90925887349721
587201.1184692383,2.928911319337869e-11,1.3051500042469762e-09,99.90935994644798
587205.8868408203,2.8733414902618144e-11,1.280387573860039e-09,99.90936056288817
588798.5229492188,3.543066133732716e-11,1.5788230763278828e-09,99.9095778856329
590152.7404785156,2.342916149910623e-11,1.044025130708785e-09,99.90974834010103
592379.5700073242,3.050894059683365e-11,1.3595066428480975e-09,99.91003232715659
592384.3383789062,3.06394905708694e-11,1.3653240705743054e-09,99.91003297680685
592646.598815918,2.6304358898907835e-11,1.1721465891423676e-09,99.91006873393566
597462.6541137695,5.0336539550365166e-11,2.2430428116474713e-09,99.91087131138265
597600.9368896484,4.4523789915330176e-11,1.9840213055758028e-09,99.9108976075358
597605.7052612305,4.4915235808834245e-11,2.0014644970509477e-09,99.91089855774965
600376.1291503906,1.000347393854041e-10,4.457640614507262e-09,99.91164653438736
602793.6935424805,3.557911656396581e-11,1.585438378689503e-09,99.91222922028325
602869.987487793,4.0888339332188365e-11,1.8220222613336625e-09,99.91224288070461
602874.755859375,3.6891750937955235e-11,1.6439305818325575e-09,99.91224370705216
605130.1956176758,6.307628295177435e-11,2.810737574021276e-09,99.91268813761297
607833.8623046875,2.1040706653878396e-11,9.37593371207868e-10,99.91309075119096
608186.7218017578,2.2724012133525998e-11,1.0126030220431717e-09,99.91312927022128
608191.4901733398,2.3074403815334623e-11,1.0282167998308862e-09,99.91312975679065
611352.9205322266,1.94462776274654e-11,8.665441374241403e-10,99.91346116335073
612931.2515258789,3.043882480680798e-11,1.356382218320609e-09,99.91363102813177
613551.139831543,2.5239179463621162e-11,1.1246812071996163e-09,99.91370231779256
613555.908203125,2.4871539065961473e-11,1.1082988106620736e-09,99.91370285017648
614361.7630004883,2.0339657706630687e-11,9.063539809799477e-10,99.91379079407413
618906.0211181641,3.667038760379864e-11,1.6340664266904373e-09,99.91433146372756
618963.2415771484,3.2925874758215805e-11,1.4672074670473669e-09,99.91433968522114
618968.0099487305,3.2281069015586293e-11,1.4384743260958125e-09,99.91434037798967
622239.1128540039,3.3845363677842823e-09,1.5081807447097152e-07,99.91484997745903
624351.5014648438,1.7747940439549796e-11,7.90864659749755e-10,99.91513130676698
624418.2586669922,2.1817981208224207e-11,9.722294450694296e-10,99.91513739778037
624423.0270385742,2.248339095502164e-11,1.0018807195250515e-09,99.91513786844492
625271.7971801758,1.5814436584957818e-11,7.047059376549273e-10,99.91521303307425
628628.7307739258,3.06707542976084e-11,1.3667172111865453e-09,99.9155215107331
629925.7278442383,1.92279858915408e-11,8.568168555433944e-10,99.9156510547901
629930.4962158203,1.8973953069862603e-11,8.454969177868929e-10,99.91565146065334
631575.5844116211,2.2720129654982208e-11,1.0124300152042668e-09,99.91578802218051
634827.6138305664,1.564125794400819e-11,6.969889370588837e-10,99.91606181031256
635480.8807373047,1.8146056031626893e-11,8.086050591691432e-10,99.91611727516138
635485.6491088867,1.9343374422052613e-11,8.619586753073874e-10,99.91611767345482
636048.3169555664,1.666918093399132e-11,7.427941373011818e-10,99.91616732290535
637464.5233154297,5.225494413158658e-11,2.328528696139685e-09,99.91633027939886
641083.7173461914,1.8392836496749558e-11,8.196018252021868e-10,99.91677896884285
641088.4857177734,1.813932875166947e-11,8.083052853450936e-10,99.91677935696615
644335.7467651367,3.2954190341099127e-11,1.4684692356395541e-09,99.91703865274414
646576.8814086914,1.358913129993019e-11,6.055442736253995e-10,99.91720534127457
646739.0060424805,1.5188884000202194e-11,6.768307352457577e-10,99.91721697411474
646743.7744140625,1.6316085257946238e-11,7.270598670265185e-10,99.91721730882833
650768.2800292969,2.0194967321803297e-11,8.999064434555047e-10,99.91751211105769
652227.4017333984,1.3448330071921138e-11,5.992700405299592e-10,99.91761785392963
652441.9784545898,1.5299288336480126e-11,6.817504546995582e-10,99.91763318364845
652446.7468261719,1.557093786501952e-11,6.938554092260418e-10,99.91763351161845
655202.8656005859,2.2542934720105395e-11,1.0045340448319274e-09,99.91783836934987
656137.4664306641,1.3292397291681677e-11,5.923215314560217e-10,99.91790996692599
658197.4029541016,1.3942790673834777e-11,6.213036627986403e-10,99.91805694708248
658202.1713256836,1.5447889794645543e-11,6.883722732734147e-10,99.91805725933357
658740.9973144531,1.3951859907662e-11,6.21707796255668e-10,99.91809589652534
663580.8944702148,2.7188892449965944e-11,1.2115622232142473e-09,99.91851961459405
664000.5111694336,2.3770291525747305e-11,1.0592262005663736e-09,99.91856399010541
664005.2795410156,2.46076677270288e-11,1.0965404594667055e-09,99.91856450408024
664072.0367431641,2.9053251678051424e-11,1.2946397967272528e-09,99.91857178529256
666804.313659668,1.347780768586596e-11,6.005835903022334e-10,99.91880354051051
669856.071472168,1.8333237965282465e-11,8.169460594545583e-10,99.9190313931677
669860.83984375,1.6921480463108365e-11,7.540368379362103e-10,99.91903176771922
669970.5123901367,1.579430562823679e-11,7.038088835831132e-10,99.91904058565625
671877.8610229492,6.373594775344201e-11,2.8401328484023646e-09,99.91934195113978
675764.0838623047,1.80196223637058e-11,8.029710578549115e-10,99.9197962238638
675768.8522338867,2.091419311120628e-11,9.319558106007704e-10,99.9197966375026
680627.8228759766,1.208047643807187e-11,5.383172160370961e-10,99.92013289420082
681724.5483398438,1.71925601498922e-11,7.661163997864193e-10,99.92020463322307
681729.3167114258,1.5845387626896145e-11,7.060851447429175e-10,99.92020498422326
683765.4113769531,1.2335822823960279e-11,5.496956874311036e-10,99.92033704432681
687665.9393310547,2.1261739312003523e-11,9.474427911198353e-10,99.92060278272787
687732.6965332031,1.8884404943072687e-11,8.415065703397538e-10,99.92060811465377
687737.4649047852,1.9208538998107292e-11,8.559502839650828e-10,99.92060851935904
688695.9075927734,2.636802999944065e-11,1.1749838323385733e-09,99.92069880006494
693488.1210327148,1.3336335851345053e-11,5.942794743596745e-10,99.92109454754392
693798.0651855469,1.4548632008942488e-11,6.483005136718029e-10,99.921115919649
693802.8335571289,1.453427253333584e-11,6.476606421425673e-10,99.92111622863021
694894.7906494141,1.7747867024833523e-11,7.908613883220192e-10,99.92118873489855
698776.2451171875,1.1956443334933269e-11,5.327901861123831e-10,99.92143991670041
699915.885925293,1.5311600639743912e-11,6.822991023336099e-10,99.92151001463064
699920.654296875,1.4478363406193549e-11,6.451692796678679e-10,99.92151033112377
700454.7119140625,1.2095995934269459e-11,5.390087791579888e-10,99.92154406106036
705556.8695068359,5.637274917308812e-11,2.512021901684021e-09,99.92205030834921
706090.9271240234,2.7444162485460268e-11,1.2229372923639977e-09,99.92214195472118
706095.6954956055,2.586926414138398e-11,1.1527583638696928e-09,99.92214252113118
710310.9359741211,3.5283491566147827e-11,1.5722650550518013e-09,99.92256448761138
712175.3692626953,1.5124005419768163e-11,6.739396856270839e-10,99.92274865015544
712318.4204101562,1.6909325939785773e-11,7.534952211224351e-10,99.92275993048331
712323.1887817383,1.790713328368268e-11,7.979584402894502e-10,99.9227603003787
713734.6267700195,1.2911027125328416e-11,5.753273237123693e-10,99.92286526374605
718598.3657836914,5.919992778785464e-11,2.6380035985932893e-09,99.92328381328421
718603.1341552734,6.454659678735468e-11,2.8762561199766336e-09,99.92328512798618
718965.5303955078,8.287504614403996e-11,3.6929887945980736e-09,99.92338604914531
724935.5316162109,1.126831070982073e-11,5.021263591587166e-10,99.92408154996349
724940.299987793,1.1768973379288067e-11,5.244363513004152e-10,99.92408179471512
725946.4263916016,7.186714821087264e-11,3.202466669897094e-09,99.924141839459
726451.8737792969,1.0854492776918012e-11,4.83686248892505e-10,99.92417318762277
731329.9179077148,2.5688972914115132e-11,1.1447244198413422e-09,99.92459772482096
731334.6862792969,2.658481329633994e-11,1.1846438967796074e-09,99.92459828018563
731606.4834594727,3.051288054947557e-11,1.3596822107860335e-09,99.9246311663401
736265.1824951172,1.1858622096090783e-11,5.284311811316663e-10,99.92500821454978
737776.7562866211,1.5471904402584426e-11,6.894423864395759e-10,99.92510356879754
737781.5246582031,1.5792193430278375e-11,7.037147620862897e-10,99.92510390095207
739002.2277832031,2.8539380852292834e-11,1.2717412369110805e-09,99.92521982443012
742549.8962402344,1.113439291747159e-11,4.961588583300218e-10,99.9254827272001
744280.8151245117,1.2783494829275492e-11,5.696443665113049e-10,99.92558165698952
744285.5834960938,1.2564425714699782e-11,5.598824439180492e-10,99.92558192628968
745229.7210693359,1.1234935853779675e-11,5.006391446699702e-10,99.9256382973077
750842.0944213867,4.8400442332908737e-11,2.156768526902071e-09,99.92614062997049
750846.8627929688,4.518095907513495e-11,2.0133053718446332e-09,99.92614162419356
750851.6311645508,4.2435664197084514e-11,1.890972490063947e-09,99.92614255504594
754604.3395996094,5.57057543036627e-11,2.4822999926963463e-09,99.92669709912208
757427.2155761719,1.755994924290168e-11,7.824875979560523e-10,99.92716362834248
757470.1309204102,1.9527370605788426e-11,8.701577156265225e-10,99.92716741999853
757474.8992919922,1.9540027756283267e-11,8.707217299725025e-10,99.92716783505654
757555.9616088867,2.127538172815659e-11,9.480507098158559e-10,99.92717468651577
762267.1127319336,8.940992447479596e-12,3.984189024008495e-10,99.92743728517414
764145.8511352539,1.0464555004727298e-11,4.66310260699533e-10,99.92752914536767
764150.6195068359,1.1101861794133625e-11,4.947092413517821e-10,99.92752937449258
765891.0751342773,8.677464606291574e-12,3.8667585778304596e-10,99.92760950481966
770850.1815795898,1.8033248066593186e-11,8.035782317923375e-10,99.92787754605487
770888.3285522461,1.5494175025634798e-11,6.904347860242567e-10,99.92788035586766
770893.0969238281,1.5838164840548475e-11,7.057632906953027e-10,99.92788068874722
772705.078125,3.85064478893205e-11,1.7158829731193095e-09,99.92809559422525
776634.2163085938,9.11212453551965e-12,4.060447067042302e-10,99.92836010547154
777683.2580566406,1.1616443038734346e-11,5.176394580893744e-10,99.92840994122709
777688.0264282227,1.1768035864214904e-11,5.243945747606598e-10,99.92841018966736
778212.5473022461,1.3148253230547443e-11,5.85898338621216e-10,99.92843667546572
781726.8371582031,8.638121214649501e-12,3.849226798213332e-10,99.92860405883698
784544.9447631836,1.1101495838712733e-11,4.946929340393695e-10,99.92873336640658
784549.7131347656,1.0858516539375636e-11,4.838655514734327e-10,99.9287335997131
784969.3298339844,8.977848368911363e-12,4.0006123638670986e-10,99.92875364206989
789599.4186401367,4.2263021932166367e-11,1.8832793908805256e-09,99.92916750606392
791459.0835571289,1.79432614143955e-11,7.99568343246974e-10,99.92935979773698
791463.8519287109,1.7237086828945772e-11,7.681005498346704e-10,99.92936017149836
796856.8801879883,2.435763643922716e-10,1.085398833764977e-08,99.92969840657739
798230.1712036133,9.901705617295014e-12,4.412291708233218e-10,99.92977927462739
798439.9795532227,1.095239962611719e-11,4.880490687499871e-10,99.92978968994642
798444.7479248047,1.0869951853744378e-11,4.843751196702705e-10,99.92978992179043
801095.9625244141,7.201947694862092e-12,3.2092545795004496e-10,99.92990564724222
805296.8978881836,2.651195973385701e-11,1.181397474576374e-09,99.93010199429659
805482.8643798828,2.2585730561175167e-11,1.0064410671369452e-09,99.93012075272226
805487.6327514648,2.192402293549621e-11,9.769547626263536e-10,99.93012122560069
806269.645690918,3.3708212823250575e-11,1.5020691756338029e-09,99.93020890684774
809221.2677001953,7.1598144514247295e-12,3.190479616090617e-10,99.93038612728067
812582.9696655273,9.22386414663557e-12,4.110239272412134e-10,99.93052144676938
812587.7380371094,9.196226260775393e-12,4.097923574558932e-10,99.93052164246723
814228.0578613281,1.4024866494663474e-11,6.249610373731413e-10,99.93059870771897
815453.5293579102,7.0672336663994724e-12,3.1492247610285597e-10,99.93065106535373
819749.8321533203,8.955332964778641e-12,3.9905792913034376e-10,99.93081298257287
819754.6005249023,8.309308937436508e-12,3.7027050028392024e-10,99.93081316599508
823097.2290039062,3.690469910583588e-11,1.6445075641827174e-09,99.93107958758641
826668.7393188477,7.33891385293385e-12,3.270287967779839e-10,99.93129250228444
826978.6834716797,8.040979565004385e-12,3.5831349498788603e-10,99.9313044044533
826983.4518432617,8.631311391848905e-12,3.84619227811761e-10,99.93130458158225
829653.7399291992,4.2065434021622046e-11,1.8744746906294994e-09,99.93140788382175
829787.2543334961,7.034925033801259e-12,3.1348277351799575e-10,99.93141386794989
834274.2919921875,9.07922057335092e-12,4.0457847568246024e-10,99.93159325518911
834279.0603637695,8.497447178134942e-12,3.786541144966609e-10,99.93159344192631
834898.9486694336,6.996623845252447e-12,3.1177603709115007e-10,99.93161587852788
839848.518371582,1.6239622624571234e-11,7.236526212825032e-10,99.93184848298642
841631.8893432617,8.684889721978702e-12,3.870067278133745e-10,99.93193747886019
841636.6577148438,8.825135794225247e-12,3.932562226539892e-10,99.93193766488938
844931.6024780273,2.956271321850877e-11,1.3173418747076093e-09,99.93208327485121
847282.4096679688,6.448398283352683e-12,2.8734659842164695e-10,99.93219957992082
849051.4755249023,7.58527076971744e-12,3.380066891048524e-10,99.93226338244338
849056.2438964844,7.792258937879503e-12,3.472302735395243e-10,99.93226354581661
849432.9452514648,6.631310610372939e-12,2.9549734108193617e-10,99.93227698900098
851721.7636108398,1.9520720379842616e-11,8.698613754005788e-10,99.93236246428923
856537.8189086914,1.6155898713308674e-11,7.199218062722144e-10,99.93259741294364
856542.5872802734,1.7622975823136046e-11,7.852961207309635e-10,99.93259777181555
856666.5649414062,1.8176574095650838e-11,8.099649723603513e-10,99.93260692698698
863595.0088500977,6.345935911774104e-12,2.827807802687379e-10,99.93289070111908
864090.9194946289,7.610283122927545e-12,3.391212627241648e-10,99.93290749043446
864095.6878662109,7.443869492436763e-12,3.317057172582509e-10,99.93290765037209
867123.6038208008,1.042072755075706e-11,4.643572687684451e-10,99.93301281839952
869793.8919067383,6.423427884541722e-12,2.862338943292082e-10,99.93310564860839
871710.7772827148,7.981733544825984e-12,3.556734374696906e-10,99.93316956084219
871715.5456542969,8.22782105828876e-12,3.666393249351287e-10,99.93316973305497
873804.0924072266,1.2960817522174426e-11,5.77546029899408e-10,99.93324950134217
874567.0318603516,6.537098601488455e-12,2.9129916673012623e-10,99.93327828972308
879397.3922729492,8.58258076237888e-12,3.8244774584029116e-10,99.93344961869958
879402.1606445312,8.343611991574705e-12,3.717990761393433e-10,99.93344979852603
880789.7567749023,1.0486282231244961e-11,4.672784460315564e-10,99.93350317018046
884785.6521606445,6.770831812477814e-12,3.017145350378422e-10,99.93365525344383
887155.5328369141,8.324495598210966e-12,3.709472319501682e-10,99.93374026591245
887160.3012084961,7.294121238010603e-12,3.2503279638113593e-10,99.93374043184703
890116.6915893555,1.4380688545445097e-11,6.408167974305606e-10,99.9338760521369
893654.8233032227,6.9656862171212725e-12,3.1039742773482706e-10,99.93402893680174
894980.4306030273,7.050099747734665e-12,3.1415897282194423e-10,99.93407750694165
894985.1989746094,7.262903442072169e-12,3.2364170248789924e-10,99.93407765900518
896520.6146240234,7.234349141418386e-12,3.223692964108187e-10,99.93413620728843
902681.3507080078,1.645783606694945e-11,7.333764143303262e-10,99.934387032754
902872.0855712891,1.4564909272506855e-11,6.490258436082164e-10,99.93439915862685
902876.8539428711,1.44475930682657e-11,6.43798124917908e-10,99.9343994668601
905861.8545532227,2.1018742776282903e-11,9.366146404846887e-10,99.93455597816757
909609.7946166992,6.4730987625770446e-12,2.884472746473739e-10,99.93475725902495
910830.4977416992,7.649563475910282e-12,3.408716316248467e-10,99.93479864589968
910835.2661132812,7.885712058723756e-12,3.5139463113756666e-10,99.9347988109488
912499.4277954102,6.236226855884603e-12,2.778920431528431e-10,99.93485639070798
918068.8858032227,1.4704600048378803e-11,6.552505939282005e-10,99.93505873918184
918865.2038574219,7.768518417860193e-12,3.461723739848518e-10,99.93509092487271
918869.9722290039,7.84050453576604e-12,3.493801420545173e-10,99.93509109070537
919485.0921630859,6.330039703199233e-12,2.8207243049549536e-10,99.93511153885505
926523.2086181641,1.3125514516777316e-11,5.848850804806329e-10,99.93539107699816
926966.667175293,1.1005874429242734e-11,4.9043195549243e-10,99.9354127198218
926971.435546875,1.1062208325208775e-11,4.929422460592317e-10,99.93541295427647
926995.2774047852,1.2470772637933054e-11,5.557091760989514e-10,99.93541410687024
934424.4003295898,6.967905811580344e-12,3.1049633491916406e-10,99.93570905141989
935144.4244384766,8.976199538018584e-12,3.9998776295538727e-10,99.93573582356464
935149.1928100586,7.529256311670495e-12,3.3551063298751015e-10,99.93573599892113
936031.3415527344,7.303768716226099e-12,3.254626969435324e-10,99.93576944944351
940699.577331543,1.2900196155864564e-10,5.748446856840884e-09,99.9366526145111
943388.9389038086,7.727982512577915e-12,3.4436605651111957e-10,99.93704818899423
943393.7072753906,8.508298546624916e-12,3.791376615244342e-10,99.93704836149094
945606.2316894531,6.20536648787005e-12,2.7651687657885605e-10,99.93712221736295
948672.2946166992,1.6169966296101447e-11,7.205486707873847e-10,99.9372317267982
951709.7473144531,8.507967924361816e-12,3.791229286902497e-10,99.93734861273784
951714.5156860352,8.144024711442343e-12,3.6290528212815136e-10,99.93734878965115
953335.7620239258,6.90439746557695e-12,3.076663442154924e-10,99.93740769091879
955448.1506347656,2.6010809016464734e-11,1.1590657345672306e-09,99.93750946225501
960102.0812988281,9.592391649524951e-12,4.2744585400920916e-10,99.93771080741112
960106.8496704102,7.994938052381636e-12,3.5626184255312734e-10,99.93771099426161
963726.0437011719,6.9700948332236e-12,3.1059387975051925e-10,99.93785158188105
965199.4705200195,1.2794738713057635e-11,5.701454043839481e-10,99.93790913863371
968565.9408569336,8.841194719724836e-12,3.939718232440654e-10,99.93804253161154
968570.7092285156,8.405716433005136e-12,3.7456650755529365e-10,99.93804271484537
968961.7156982422,7.922555554125073e-12,3.5303641140800423e-10,99.9380583290274
974125.862121582,1.7335493342459923e-10,7.724856351966936e-09,99.93910196618098
977110.8627319336,9.76795359580234e-12,4.3526905689748715e-10,99.93977579045855
977115.6311035156,1.1208362205641447e-11,4.994549983029745e-10,99.93977601331413
977454.1854858398,1.1773835681911198e-11,5.246530200075668e-10,99.9397913144248
979943.2754516602,6.314203473970864e-12,2.8136675345747106e-10,99.93988252791928
985727.3101806641,8.12956512316687e-12,3.6226094948569326e-10,99.94008678330417
985732.0785522461,7.956214536006964e-12,3.5453628680730547e-10,99.94008695420196
985779.7622680664,7.412550831771271e-12,3.3031012873938045e-10,99.940088740775
992856.0256958008,2.3011820435340643e-11,1.0254280264690695e-09,99.9404809333869
994420.051574707,1.5515817950799728e-11,6.913992148099432e-10,99.94059988617502
994424.8199462891,1.5548987051960362e-11,6.928772606706986e-10,99.94060021621223
1000056.266784668,8.57734082356644e-12,3.8221424931487037e-10,99.94095673527677
1002974.5101928711,1.2914073590060879e-10,5.754630770017317e-09,99.94109681743284
1003189.0869140625,1.1762951941298976e-11,5.24168030448051e-10,99.94111051542811
1003193.8552856445,1.248764317606815e-11,5.564609428995811e-10,99.94111077307014
1007709.5031738281,2.688884903455611e-10,1.1981920107974048e-08,99.9427459244957
1011261.9400024414,9.328518094965132e-12,4.1568740408344393e-10,99.94379229768747
1012034.4161987305,1.1309895578321433e-11,5.039794194047527e-10,99.94382881921315
1012039.1845703125,1.0905399946789147e-11,4.859547195196229e-10,99.94382905523184
1014976.5014648438,1.8570850967681802e-11,8.275343148600084e-10,99.94397946849227
1020307.5408935547,7.427986973571029e-12,3.3099797751112354e-10,99.94424342952694
1020960.807800293,8.352001434972756e-12,3.7217291750539295e-10,99.94426822071867
1020965.576171875,9.373429510137557e-12,4.1768869832939877e-10,99.94426840903634
1021819.1146850586,1.2498646200166169e-11,5.569512478416751e-10,99.94430543056136
1027655.6015014648,6.584835913685694e-12,2.9342638556415534e-10,99.94452027647232
1029963.493347168,1.1853501695491667e-11,5.28203011339718e-10,99.94460862782287
1029968.26171875,1.0891440563499788e-11,4.853326764745126e-10,99.94460886946861
1033210.7543945312,8.204952861642573e-12,3.6562029691769324e-10,99.94475974709599
1036844.2535400391,2.290416943042023e-10,1.0206309980100162e-08,99.94521362184004
1039047.2412109375,3.201987785176803e-11,1.4268354059852595e-09,99.94559642171177
1039052.0095825195,3.613329837937082e-11,1.610133233530412e-09,99.94559714578152
1041407.585144043,2.225205961901784e-10,9.91572380990716e-09,99.94684349099313
1047267.9138183594,6.593898678206615e-12,2.93830230742904e-10,99.9477137682182
1048207.2830200195,7.169997637353811e-12,3.1950173380321587e-10,99.94774649723895
1048212.0513916016,7.443915189854748e-12,3.3170775357750997e-10,99.94774665249938
1048898.696899414,6.4292622571999025e-12,2.8649387937721316e-10,99.94777058888859
1052308.0825805664,2.6546340715118127e-11,1.1829295229365512e-09,99.94790525487183
1057453.1555175781,9.19050062865423e-12,4.0953721798690645e-10,99.94812494112307
1057457.9238891602,1.0462116671328371e-11,4.662016063054941e-10,99.94812514991548
1059165.0009155273,1.909170152413657e-11,8.507438979389067e-10,99.94820024703239
1064434.0515136719,6.346067150120751e-12,2.8278662837098503e-10,99.94840051451787
1066775.3219604492,6.996245331761557e-12,3.117591701795102e-10,99.94848105226049
1066780.0903320312,7.275759291489462e-12,3.2421457104184954e-10,99.94848120388843
1066932.6782226562,6.7412783957533965e-12,3.003976074235194e-10,99.94848631772595
1074824.333190918,1.0806802421037521e-10,4.815611224754295e-09,99.94931834964267
1076183.3190917969,2.3747944653343874e-11,1.0582304032399173e-09,99.94973031748529
1076188.087463379,2.1625507752886525e-11,9.636526496781578e-10,99.94973079953978
1076192.855834961,2.5779022717888942e-11,1.148737122479413e-09,99.94973130317274
1082935.3332519531,6.195554563719557e-12,2.7607964815332687e-10,99.94999540764383
1085672.378540039,7.363122378180448e-12,3.281075510789353e-10,99.95008537287265
1085677.146911621,7.458838973344158e-12,3.3237277118852417e-10,99.95008553034343
1085882.1868896484,6.433054363818331e-12,2.866628591594438e-10,99.95009224352613
1091356.2774658203,1.3778259684023209e-11,6.139720095446294e-10,99.95029755443252
1095247.2686767578,6.609213849702982e-12,2.945126889659152e-10,99.95043236417584
1095252.0370483398,7.818478270253311e-12,3.483986312679776e-10,99.95043251745786
1095795.6314086914,6.256503520095096e-12,2.787955900853061e-10,99.95045051478901
1103849.4110107422,1.0357965195156499e-11,4.6156052008787594e-10,99.95072912100675
1104907.9895019531,8.574395789052762e-12,3.8208301584997655e-10,99.95076899539015
1104912.7578735352,8.438159725326842e-12,3.760122107021214e-10,99.95076917613413
1108708.381652832,6.455236777556405e-11,2.876513280554909e-09,99.95127269935608
1113190.6509399414,6.204574315948024e-12,2.764815766644964e-10,99.95160557044619
1114649.772644043,7.852228301516436e-12,3.4990256391201415e-10,99.95165298310015
1114654.541015625,6.976135348014897e-12,3.1086305068285387e-10,99.95165314063894
1118650.4364013672,1.0482274976651042e-11,4.67099879056321e-10,99.95179387587181
1121001.2435913086,6.202516638283556e-12,2.7638988464245435e-10,99.95187398974001
1124482.1548461914,8.808150116920046e-12,3.9249932514532605e-10,99.95198969762166
1124486.9232177734,9.010503546981225e-12,4.015163813586717e-10,99.95198988692977
1128630.6381225586,6.576334733501717e-12,2.930475651034618e-10,99.95215041865573
1133909.2254638672,1.5880380598814357e-11,7.076444639734497e-10,99.95235411488409
1134395.5993652344,1.1793897950512398e-11,5.255470132731595e-10,99.95238150664629
1134400.3677368164,1.0918400917285539e-11,4.865340548032332e-10,99.95238174794522
1136412.6205444336,6.679456408740122e-12,2.976427624379371e-10,99.95245962217793
1142368.3166503906,3.8070556761100664e-11,1.6964592608310197e-09,99.9528589597481
1144399.642944336,8.259489199232066e-12,3.68050486618781e-10,99.95301191895629
1144404.411315918,8.783156704414124e-12,3.9138559554133026e-10,99.95301210001996
1147603.988647461,1.8945760966239207e-11,8.44240651544864e-10,99.95314738411332
1151981.3537597656,5.968547421281255e-12,2.6596399968827116e-10,99.95330319831798
1154494.285583496,7.0350998945717655e-12,3.134905654758424e-10,99.95338155263762
1154499.0539550781,7.598885137705446e-12,3.3861335794866643e-10,99.95338170811131
1156091.6900634766,2.187339561127494e-11,9.746987621805178e-10,99.95344513678455
1162514.6865844727,5.94462911926512e-12,2.6489817800320233e-10,99.95368231709966
1164674.7589111328,7.238738431249803e-12,3.225648872299839e-10,99.95375471113157
1164679.5272827148,6.8533930580971546e-12,3.0539354059049505e-10,99.95375486084852
1170525.5508422852,1.107395758417684e-10,4.934658039181134e-09,99.95404689220963
1172003.7460327148,6.6791191170377115e-12,2.976277324073613e-10,99.95419470545511
1174945.8312988281,1.6150529690233106e-11,7.196825576325027e-10,99.95433379723553
1174950.5996704102,1.4839167602945482e-11,6.612470487629584e-10,99.95433412647482
1175837.516784668,2.106616322852279e-11,9.387277397456206e-10,99.95440294841922
1180367.4697875977,5.911191037232851e-12,2.634081461057431e-10,99.95460381127549
1185307.502746582,7.473647380986048e-12,3.330326475449402e-10,99.95476562569621
1185312.271118164,8.166856890845028e-12,3.6392270518386604e-10,99.95476579186334
1191849.708557129,1.471774728964306e-11,6.558364471726668e-10,99.95504511339828
1195549.9649047852,6.469912832530918e-12,2.883053066544962e-10,99.95520963868519
1195759.7732543945,7.571877909616189e-12,3.374098908575781e-10,99.95521694981826
1195764.5416259766,7.141615680064869e-12,3.182370075060546e-10,99.95521710613667
1196637.1536254883,9.118833025823026e-12,4.063436432438971e-10,99.9552468320573
1202707.290649414,5.4920719992354226e-12,2.4473181368793564e-10,99.95543665625962
1206302.6428222656,7.521660406534118e-12,3.3517215242118004e-10,99.95554620315302
1206307.4111938477,6.4753528754035615e-12,2.8854772000212666e-10,99.95554635185943
1209411.62109375,1.6489411461817617e-11,7.347834431629917e-10,99.95569655012886
1215562.8204345703,5.669864454348124e-12,2.526544101152621e-10,99.95592586081581
1216940.8798217773,7.1095508344469295e-12,3.1680816829477066e-10,99.95596785185116
1216945.6481933594,6.995673792847305e-12,3.117337018762728e-10,99.95596800170722
1221618.65234375,5.5391956907450425e-12,2.4683168901594034e-10,99.95610753002128
1226539.6118164062,1.1947396230054219e-11,5.323870387417763e-10,99.95628162280788
1227674.4842529297,8.56663703208467e-12,3.8173727845523204e-10,99.95632613871139
1227679.2526245117,8.086597453003157e-12,3.603462703171437e-10,99.9563263156379
1228876.1138916016,1.2068565158999272e-11,5.377864384123333e-10,99.95637204376195
1233325.0045776367,5.832011806402289e-12,2.598798462636659e-10,99.95651844812909
1238498.6877441406,7.33229233292035e-12,3.2673373571496427e-10,99.95668506890689
1238503.4561157227,8.201000718206508e-12,3.654441857466821e-10,99.95668523393498
1242861.7477416992,1.0730552005587198e-11,4.781633333586418e-10,99.9568300941933
1247863.76953125,5.603213646599584e-12,2.4968438840645405e-10,99.95699430637508
1249418.2586669922,6.879001318245053e-12,3.0653466837473754e-10,99.95703974879319
1249423.0270385742,7.0243147009126475e-12,3.130099672598068e-10,99.95703989650414
1253938.6749267578,5.407565524510585e-12,2.409661269251506e-10,99.95718536278176
1259799.0036010742,2.243880468877171e-11,9.998939142161557e-10,99.95738332737729
1260437.9653930664,1.2074140469396422e-11,5.380348794061073e-10,99.95742486198506
1260442.7337646484,1.1120403544681335e-11,4.955354789249826e-10,99.95742510840742
1263279.914855957,5.199761517697429e-12,2.3170618796475755e-10,99.95751626672644
1266560.5545043945,1.2970224267648199e-11,5.779652031879261e-10,99.95761254003051
1271553.0395507812,5.981695254906469e-12,2.665498793288902e-10,99.9577606981406
1271557.8079223633,6.8199197367733006e-12,3.039019383975729e-10,99.95776083414692
1277875.9002685547,5.124030673362118e-12,2.2833155141795345e-10,99.95794582981489
1282715.7974243164,9.853722170403405e-12,4.390909839994024e-10,99.95807934774031
1282768.2495117188,5.901167680323816e-12,2.629614960407165e-10,99.95808080168189
1282773.0178833008,5.703420552069818e-12,2.541497009011191e-10,99.9580809249708
1285905.8380126953,5.022874801811478e-12,2.2382395211604728e-10,99.95816396315928
1288681.0302734375,8.771707911629327e-12,3.9087542673379263e-10,99.95823959737724
1294078.8269042969,6.6846639937671915e-12,2.9787481724872366e-10,99.95839725926291
1294083.595275879,6.946396907880097e-12,3.095378782540414e-10,99.9583974040814
1298971.176147461,5.284796170667813e-12,2.354954108392325e-10,99.9585436530185
1304297.4472045898,3.5150116458881345e-11,1.5663217367728906e-09,99.95878946609972
1305489.5401000977,1.2692908932548568e-11,5.656077750748462e-10,99.95889983764637
1305494.3084716797,1.079452255464455e-11,4.810139202583763e-10,99.95890008718042
1312212.9440307617,5.443397221486921e-12,2.42562820520893e-10,99.9591053404517
1317005.1574707031,7.092236985333286e-12,3.1603664714645156e-10,99.95924503599257
1317009.9258422852,7.110984040706159e-12,3.168720332927639e-10,99.95924518688975
1319365.5014038086,5.541874469071058e-12,2.4695105785857113e-10,99.95931536664824
1326074.6002197266,9.970154242135024e-12,4.442793049264204e-10,99.95951955825771
1328616.1422729492,6.930788480729951e-12,3.0884235228755683e-10,99.95960350639541
1328620.9106445312,6.915822424514579e-12,3.081754509647312e-10,99.95960365350392
1332931.5185546875,1.0704174730112552e-11,4.769879375393673e-10,99.95973270713449
1333942.4133300781,4.988741041324454e-12,2.2230292014247845e-10,99.95976316833244
1340332.03125,7.222395877680985e-12,3.218366479105165e-10,99.95994542737444
1340336.799621582,7.470267956241532e-12,3.328820572491352e-10,99.95994558347155
1341361.9995117188,1.3148341728106846e-11,5.859022821544077e-10,99.95998547051781
1348314.2852783203,5.460962111377012e-12,2.4334552827866256e-10,99.96021816761024
1352152.8244018555,6.273837712903001e-12,2.795680177674788e-10,99.96033166155581
1352157.5927734375,5.924589956307652e-12,2.6400521434648915e-10,99.96033179115378
1359090.805053711,5.361762547315917e-12,2.3892510384993986e-10,99.96056212662035
1363463.4017944336,2.5795221237033462e-11,1.1494589434915646e-09,99.96070513593915
1364078.5217285156,1.2530986342849408e-11,5.583923545451009e-10,99.96075070071826
1364083.2901000977,1.206857865756969e-11,5.377870399211302e-10,99.9607509620678
1364097.5952148438,1.3344886284369714e-11,5.946604895725548e-10,99.9607517575234
1366539.0014648438,5.321986535613283e-12,2.3715264793774254e-10,99.96082431986312
1376104.3548583984,8.710808412516806e-12,3.881616886632486e-10,99.96110834930036
1376109.1232299805,8.822033930199748e-12,3.931180007208319e-10,99.96110853557197
1385536.1938476562,1.0421198021574355e-11,4.643782333836977e-10,99.9613989676832
1387891.7694091797,5.171879256438358e-12,2.3046372858538246e-10,99.96147063126662
1388239.860534668,6.2956728495458375e-12,2.805410116745997e-10,99.96148014658284
1388244.62890625,6.410150352480203e-12,2.8564223520617274e-10,99.96148028157144
1392107.0098876953,1.072712612830924e-11,4.780106730949339e-10,99.96159142832391
1396141.0522460938,5.09247685112985e-12,2.2692548388191882e-10,99.96170962287255
1400485.0387573242,6.90972932754113e-12,3.079039369216713e-10,99.96183226779915
1400489.8071289062,6.82570529931751e-12,3.041597484217034e-10,99.96183241372651
1407151.222229004,5.0130186014415205e-12,2.2338475070118105e-10,99.96201813009152
1410627.3651123047,8.681568511526872e-12,3.868587316003553e-10,99.96212483959482
1412835.1211547852,7.132093805983146e-12,3.178127039801626e-10,99.96219679200557
1412839.8895263672,6.400532057973842e-12,2.852136350968781e-10,99.96219693577825
1417274.4750976562,5.152559385038053e-12,2.2960281722648684e-10,99.96232251989969
1423854.8278808594,8.797203782021925e-12,3.9201154632647126e-10,99.96250931112779
1425294.8760986328,6.498519874234897e-12,2.895800629216092e-10,99.96255033045848
1425299.6444702148,6.006166327505347e-12,2.676403329829658e-10,99.96255046331018
1425924.301147461,5.768583934043671e-12,2.570534415401203e-10,99.96256885755854
1429772.3770141602,1.1777459089153488e-11,5.24814482389389e-10,99.96270062355346
1437864.3035888672,6.3518379805297724e-12,2.830437819175303e-10,99.96298491711885
1437869.0719604492,6.5217632159864565e-12,2.906158077523069e-10,99.96298505388995
1438860.8932495117,5.505261883236485e-12,2.4531956713223914e-10,99.9630148723697
1444988.2507324219,1.1174857338733659e-11,4.979619904096225e-10,99.96322131773316
1450543.4036254883,6.7769864721763044e-12,3.0198879237293416e-10,99.96340203844069
1450548.1719970703,7.140868220127816e-12,3.182036999991465e-10,99.9634021863061
1458721.1608886719,1.4780057434401386e-11,6.586130449193799e-10,99.96367629800027
1461505.8898925781,5.374359144822002e-12,2.394864198986716e-10,99.96376661933898
1463332.176208496,5.8040634612147736e-12,2.586344421232487e-10,99.96381774485272
1463336.9445800781,5.9824500884652175e-12,2.665835154112086e-10,99.96381787007444
1465201.3778686523,5.24398900366951e-12,2.3367700569225857e-10,99.96386942763624
1473979.9499511719,1.5140341402865782e-11,6.746676321602707e-10,99.96415716734687
1476240.1580810547,8.017741631492866e-12,3.5727799115337233e-10,99.96422980745606
1476244.9264526367,8.305432292216468e-12,3.700977533833229e-10,99.96422998087596
1483631.1340332031,4.951940807586592e-12,2.206630676518227e-10,99.9644633768611
1488318.4432983398,4.401193344329121e-11,1.9612125072265746e-09,99.9646987988372
1489257.8125,1.5822979403616712e-11,7.050866135646185e-10,99.96481457831658
1489262.580871582,1.7095018664245407e-11,7.61769860867141e-10,99.96481492804241
1489315.0329589844,1.7518713180146336e-11,7.806500808170073e-10,99.96481839938038
1499614.7155761719,4.88827771614761e-12,2.1782618134825423e-10,99.96512742692303
1502389.907836914,6.476868494028779e-12,2.8861525737145836e-10,99.96520353740512
1502394.676208496,6.516101327754293e-12,2.903635087700378e-10,99.96520367544441
1504111.2899780273,9.583271064484973e-12,4.2703943229459225e-10,99.96525251314725
1515221.5957641602,4.9985609319802e-12,2.2274050356285834e-10,99.96558228266782
1515636.4440917969,6.123754065616237e-12,2.728801514739372e-10,99.9655932447689
1515641.212463379,5.657474887409383e-12,2.5210231954031183e-10,99.96559336993447
1519856.4529418945,9.513655417237709e-12,4.2393729459241816e-10,99.96570582306572
1521220.2072143555,4.799739537413986e-12,2.1388083812166818e-10,99.96574277590882
1529002.1896362305,6.818639628559015e-12,3.0384489559022397e-10,99.96595480011527
1529006.9580078125,5.967742667941272e-12,2.6592813913427755e-10,99.96595493595973
1533474.9221801758,9.880312711023366e-12,4.4027588311102577e-10,99.96607464603113
1537518.5012817383,4.938751051520159e-12,2.2007531990840478e-10,99.96618296935912
1542487.1444702148,6.399959622348792e-12,2.8518812683537724e-10,99.96632469736826
1542491.9128417969,6.525397083006997e-12,2.907777362315332e-10,99.96632483468922
1548662.1856689453,1.160817408890471e-11,5.172709860283047e-10,99.9665307933783
1553959.846496582,5.345044298687138e-12,2.381801232107245e-10,99.96669906802967
1556091.30859375,6.2815304366837586e-12,2.7991081266225207e-10,99.96676107351428
1556096.076965332,6.093590357340559e-12,2.715360287029888e-10,99.96676120498945
1562428.4744262695,1.3818005351468274e-11,6.157431132886121e-10,99.96695884842545
1568670.2728271484,4.988146868645031e-12,2.2227644325770724e-10,99.96714597986816
1569814.682006836,6.158811209059206e-12,2.744423302470324e-10,99.96717700059877
1569819.450378418,6.186659560640235e-12,2.7568327857975514e-10,99.96717713175893
1570887.565612793,2.486989901599349e-11,1.1082257285168906e-09,99.96722569332744
1573271.7514038086,5.11916651087127e-12,2.2811479983337411e-10,99.96732288430536
1583657.2647094727,6.695111421236051e-12,2.9834036429056565e-10,99.96762926201939
1583662.0330810547,6.653033710974694e-12,2.964653425593263e-10,99.9676294038321
1591753.9596557617,4.893776618563367e-12,2.1807121753162702e-10,99.96785656355243
1593718.5287475586,2.247195636432903e-11,1.0013711835758922e-09,99.96791749504104
1597623.8250732422,5.546301872464373e-12,2.471483470533459e-10,99.96802347700834
1597628.5934448242,6.1109989114083864e-12,2.723117699917587e-10,99.96802360085728
1597809.7915649414,4.902469009272738e-12,2.1845855851038419e-10,99.96802837219745
1599860.1913452148,1.0868400764631703e-11,4.843060017031737e-10,99.96808616591639
1611709.5947265625,6.71022336647544e-12,2.9901376656338785e-10,99.9684281513268
1611714.3630981445,6.160422248809314e-12,2.745141196700447e-10,99.9684282880665
1617970.4666137695,4.940980468728487e-12,2.20174664803544e-10,99.96860500150126
1622080.8029174805,7.8672220238885e-11,3.5057069806439953e-09,99.96876054397102
1625924.1104125977,5.8488786003213985e-12,2.6063144621856436e-10,99.96890945252468
1625928.8787841797,6.419347757864561e-12,2.8605208010646727e-10,99.9689095828642
1632208.8241577148,5.003470729728087e-12,2.2295928869674744e-10,99.9690835499041
1639857.292175293,1.0196150653870787e-11,4.543499142954816e-10,99.96930111929463
1640262.6037597656,6.629051399320629e-12,2.953966685455214e-10,99.96931315176761
1640267.3721313477,6.203584435415618e-12,2.7643746667138926e-10,99.96931328810349
1641788.4826660156,5.458719543750624e-12,2.4324559738871794e-10,99.96935718087848
1644053.4591674805,1.169950487807488e-11,5.2134077056177e-10,99.96942918417768
1654725.0747680664,6.348719880793211e-12,2.8290483650605447e-10,99.9697669497325
1654729.8431396484,6.3945187072117186e-12,2.849456746188361e-10,99.9697670851186
1666088.1042480469,2.0122673791366803e-11,8.96684976798824e-10,99.9701195040686
1667289.7338867188,5.153096083320976e-12,2.2962673299893142e-10,99.97016673190198
1669316.291809082,5.832991029886325e-12,2.5992348136882976e-10,99.97022511596795
1669321.060180664,6.3559906744462715e-12,2.8322882980365e-10,99.97022524546554
1674551.9638061523,2.0361241561223176e-11,9.073157775262297e-10,99.97038895864019
1681690.2160644531,5.0501451376664465e-12,2.2503914353280123e-10,99.97062707377773
1684041.0232543945,6.749393681431053e-12,3.0075923206769106e-10,99.970697216721
1684045.7916259766,6.547347046445222e-12,2.9175584692698086e-10,99.97069735798762
1687860.4888916016,1.1695417692667422e-11,5.211586417954709e-10,99.97081288581444
1693434.715270996,4.851865572833508e-12,2.1620362252623483e-10,99.97097609071423
1698889.7323608398,5.739962857951036e-12,2.5577805988765363e-10,99.97112551808542
1698894.5007324219,5.3681229207853415e-12,2.39208527981146e-10,99.9711256360994
1700530.0521850586,4.958795670248864e-12,2.2096852667933601e-10,99.97116801585173
1711859.7030639648,9.376156085197635e-12,4.1781019703875693e-10,99.97146709129505
1713871.955871582,6.0264859990464706e-12,2.685457963619045e-10,99.97152237761972
1713876.724243164,5.85747192601164e-12,2.610143727683395e-10,99.97152250387671
1716094.0170288086,5.037083589816252e-12,2.2445710886621364e-10,99.97158092443125
1727862.3580932617,9.929862615367881e-12,4.4248387272951314e-10,99.97189990536715
1728987.693786621,6.110831359024223e-12,2.7230430370237466e-10,99.97193114771682
1728992.4621582031,6.70113920610737e-12,2.9860896796587874e-10,99.97193128383314
1739573.4786987305,4.871009365196747e-12,2.170566876401978e-10,99.97221893278319
1740894.3176269531,1.097862949409758e-11,4.892178959548252e-10,99.97225527566684
1744232.177734375,5.922110353842223e-12,2.6389472096463367e-10,99.97234557099958
1744236.946105957,5.5139520215205915e-12,2.4570680774084084e-10,99.97234569249804
1749277.114868164,4.919710434104423e-12,2.1922685236563768e-10,99.9724926565799
1755881.3095092773,2.400400476594965e-10,1.0696406789573282e-08,99.97303736019326
1759614.9444580078,5.999330653627487e-12,2.673357290254538e-10,99.97343289081053
1759619.7128295898,6.444087876609035e-12,2.8715452270591485e-10,99.97343302301131
1763391.4947509766,4.9134746413416436e-12,2.1894897966607555e-10,99.97353827549144
1769781.1126708984,1.2388499623385668e-11,5.520430143897534e-10,99.97372531064694
1775131.2255859375,6.059777126138673e-12,2.700292798111609e-10,99.97388009492366
1775135.9939575195,6.018562782330854e-12,2.681927304885282e-10,99.97388022324577
1775469.7799682617,5.10856578660365e-12,2.276424217442337e-10,99.97388906513991
1778249.740600586,2.0900587705269674e-11,9.313495411142651e-10,99.97397755393229
1790785.789489746,6.454549941743558e-12,2.876207220156925e-10,99.97437286891014
1790790.5578613281,6.038773406776646e-12,2.690933346279264e-10,99.9743730016411
1800370.216369629,1.0010496508220183e-11,4.460769936582282e-10,99.9746397030196
1803379.0588378906,5.127646667344467e-12,2.2849268345804835e-10,99.9747245031795
1806578.6361694336,7.015906587845715e-12,3.1263529395602455e-10,99.97481383967498
1806583.4045410156,6.5409829886726545e-12,2.914722586198152e-10,99.97481398370545
1807217.5979614258,1.2453917233145698e-11,5.549580836543098e-10,99.97483609006899
1817951.2023925781,4.892088612755386e-12,2.179959984298089e-10,99.97514444819639
1822509.765625,6.168634920360304e-12,2.7488008391890684e-10,99.97526289287079
1822514.533996582,5.821374180318147e-12,2.594058237954119e-10,99.97526302025447
1830434.799194336,4.672576732907704e-12,2.082143458060541e-10,99.97546610379587
1831860.5422973633,9.726981386519703e-12,4.3344329731350185e-10,99.97550313957395
1838579.1778564453,6.906969735430826e-12,3.077809669419828e-10,99.97568328005958
1838583.9462280273,6.255316484371796e-12,2.787426946743363e-10,99.97568341989772
1846842.7658081055,4.968413720476974e-12,2.2139711590336565e-10,99.97591193826005
1847863.1973266602,1.061345565399902e-11,4.729454115061235e-10,99.97594049021123
1854796.4096069336,5.660274228172877e-12,2.5222706075679183e-10,99.97613355124591
1854801.1779785156,5.9930210463883065e-12,2.670545670844745e-10,99.97613367505231
1855692.8634643555,4.8841089993451384e-12,2.1764041946749917e-10,99.97615697482105
1859936.7141723633,1.1995118461933701e-11,5.345135855828824e-10,99.97628203404926
1871151.9241333008,5.777914276630813e-12,2.5746921024526457e-10,99.97660736455558
1871156.6925048828,5.6600158436334024e-12,2.5221554690246086e-10,99.9766074860739
1881966.5908813477,2.7835294790459075e-11,1.2403665100449797e-09,99.97696385795275
1885356.9030761719,4.9759358023124875e-12,2.2173230683505237e-10,99.97709459593925
1887650.489807129,6.007734637607461e-12,2.6771021833329786e-10,99.97715815784073
1887655.258178711,6.685152824033689e-12,2.978965999780328e-10,99.97715829269191
1888809.2041015625,1.363165862098106e-11,6.074393304297382e-10,99.97719458961292
1901354.7897338867,5.075278574199392e-12,2.2615911273709692e-10,99.97758905069495
1904296.875,7.958009322534862e-12,3.546162641568771e-10,99.9776747063595
1904301.643371582,7.52530628037618e-12,3.3533461593549113e-10,99.97767487085659
1911683.0825805664,4.9638046835263966e-12,2.211917329490951e-10,99.97788034372705
1911864.2807006836,1.0254904469530074e-11,4.5696803872454693e-10,99.97788535590855
1921091.079711914,6.088500210588788e-12,2.7130920705049186e-10,99.97814357519201
1921095.848083496,6.1693485736552735e-12,2.749118849705403e-10,99.97814370542127
1931204.7958374023,4.529378333672801e-12,2.0183329254112137e-10,99.97840884185476
1935863.4948730469,9.481083478515923e-12,4.224858588428824e-10,99.97852945564716
1938033.103942871,5.785612170635525e-12,2.5781223553000465e-10,99.97858535682764
1938037.8723144531,5.925156355054661e-12,2.6403045359911465e-10,99.97858548124464
1943621.6354370117,4.91532927655699e-12,2.1903162392857693e-10,99.97873600335512
1948313.7130737305,1.1280346059334961e-11,5.026626654772419e-10,99.97886076485158
1955122.947692871,6.919596732473263e-12,3.083436376222029e-10,99.97904418504746
1955127.7160644531,8.139273182082676e-12,3.6269354958019044e-10,99.97904434503519
1959004.4021606445,4.694602856955775e-12,2.0919585028879766e-10,99.97914645629089
1967864.0365600586,1.0336125869958076e-11,4.605873395348397e-10,99.97939253544406
1972365.379333496,6.4396287964639336e-12,2.869558219657493e-10,99.97951621520899
1972370.1477050781,5.563188350762643e-12,2.479008241624065e-10,99.97951634272874
1972637.1765136719,5.152088901781099e-12,2.2958185205691145e-10,99.97952365980353
1977257.7285766602,1.6691105784493185e-11,7.437711289409319e-10,99.97967033528457
1989760.398864746,7.304411749995252e-12,3.254913511237051e-10,99.98007324601988
1989765.1672363281,7.23690890205345e-12,3.2248336171493585e-10,99.98007340050908
1998510.3607177734,7.853725373012114e-10,3.4996927480407976e-08,99.98036360584014
2005934.715270996,5.491567694729786e-12,2.4470934141220207e-10,99.98061698374084
2007303.237915039,6.3585646648565675e-12,2.833435291997276e-10,99.9806583328053
2007308.006286621,7.316908385882128e-12,3.260482127901251e-10,99.98065847809563
2014627.456665039,1.3505201416541612e-11,6.018042803064549e-10,99.98087572889166
2024917.6025390625,5.075550463923406e-12,2.2617122839495614e-10,99.98116369819114
2025008.201599121,5.950896409590958e-12,2.651774542633396e-10,99.98116603712442
2025012.9699707031,5.768066842734173e-12,2.570303994725667e-10,99.98116616162848
2033123.9700317383,4.828741366012498e-12,2.151731864583558e-10,99.9813769246785
2039866.4474487305,1.0676125226235065e-11,4.757380256740567e-10,99.98155105405375
2042865.7531738281,5.7724304530083466e-12,2.5722484598688307e-10,99.98163111159985
2042870.5215454102,6.8828988988845375e-12,3.0670834817701047e-10,99.981631246052
2047867.774963379,1.0426109306007215e-11,4.645970847656458e-10,99.98176569739373
2055644.9890136719,4.624401976714114e-12,2.0606763406249487e-10,99.9819678060634
2060880.6610107422,5.853573308446384e-12,2.60840646759694e-10,99.98210746895114
2060885.4293823242,5.84545519054439e-12,2.604788959089834e-10,99.98210759324341
2064104.0802001953,5.0553794117145285e-12,2.252723876310769e-10,99.98219128421543
2073197.364807129,1.9728100610309903e-10,8.791024304946027e-09,99.98264237804953
2079052.9251098633,6.0956889508607594e-12,2.7162954397344845e-10,99.98354161882409
2079057.6934814453,6.229174133662831e-12,2.7757776732014976e-10,99.98354174976531
2089381.217956543,3.0673031874555186e-11,1.3668187021242236e-09,99.98388723534283
2093062.400817871,4.940299621837588e-12,2.2014432563565313e-10,99.98402875009297
2097387.3138427734,5.679389782384443e-12,2.530788675525691e-10,99.98414717965993
2097392.0822143555,6.684001946992498e-12,2.9784531583141896e-10,99.98414731101049
2110691.0705566406,4.725107250303412e-12,2.10555154302011e-10,99.98452968000612
2111868.8583374023,1.1745766876008105e-11,5.234022480261225e-10,99.98456632195852
2115883.8272094727,6.077739061840684e-12,2.7082968029795553e-10,99.98467564294543
2115888.5955810547,5.8449704579802825e-12,2.6045729577708707e-10,99.98467576961411
2128119.468688965,1.1302458811411144e-11,5.036480301851316e-10,99.98502572738072
2131710.0524902344,4.788094926011353e-12,2.133619434552009e-10,99.9851205738295
2134542.465209961,6.168863834633095e-12,2.7489028455086636e-10,99.98519607555606
2134547.233581543,5.647724828094044e-12,2.51667847869121e-10,99.98519620109731
2143869.400024414,1.007971764583127e-11,4.491615516457167e-10,99.98544634853623
2150688.1713867188,4.624821576045919e-12,2.0608633179724949e-10,99.98563962921608
2153363.2278442383,5.7246441369436436e-12,2.550954434951445e-10,99.98570831964678
2153367.9962158203,5.94326924054355e-12,2.64837580548185e-10,99.98570844360847
2159867.286682129,1.135302236464466e-11,5.059011889367044e-10,99.98587928641717
2165846.824645996,4.615973759202454e-12,2.0569206488603978e-10,99.98603828261221
2172355.6518554688,5.386355795533887e-12,2.400210017627311e-10,99.98621858709897
2172360.420227051,5.72809242183743e-12,2.5524910226296225e-10,99.98621870518058
2177548.408508301,4.704297916450626e-12,2.0962787111706022e-10,99.98635681381235
2184729.57611084,2.4268601375828963e-11,1.0814313488976456e-09,99.98658173381901
2191510.2005004883,6.063396367752563e-12,2.701905565687244e-10,99.98677271527787
2191514.9688720703,6.5463558820969544e-12,2.9171167972585017e-10,99.98677284924581
2192163.4674072266,5.005862114603518e-12,2.230658510211073e-10,99.98679068891425
2207365.036010742,1.1041299160010806e-08,4.920105142971004e-07,99.98960229035679
2210836.410522461,6.00559376003266e-12,2.6761481884621217e-10,99.9915915194894
2210841.178894043,6.2479685060044875e-12,2.7841526195440443e-10,99.99159164967313
2215867.042541504,1.1325423392333007e-11,5.046713531751386e-10,99.99173660938303
2222785.9497070312,5.109515820057345e-12,2.2768475611461693e-10,99.99193261954964
2230334.2819213867,7.799498556318487e-12,3.475528776407137e-10,99.99214367101635
2230339.0502929688,6.756344215444778e-12,3.010689542992123e-10,99.99214382565984
2232122.4212646484,1.2711926431405816e-11,5.664552124332404e-10,99.99219800242501
2238249.7787475586,5.023635926867169e-12,2.238578685532951e-10,99.99236622317554
2250003.8146972656,5.956918972606134e-12,2.6544582524790775e-10,99.9927115474434
2250008.5830688477,6.121960239574265e-12,2.7280021692450787e-10,99.99271167577126
2256121.6354370117,1.139227324945596e-11,5.076502447083809e-10,99.99287542104118
2261705.3985595703,4.750840604858924e-12,2.1170185640888832e-10,99.99302297030623
2269845.0088500977,6.166548314319178e-12,2.747871028216146e-10,99.99323464086206
2269849.7772216797,5.567427963262078e-12,2.480897452210644e-10,99.9932347655256
2270212.173461914,4.762225133857036e-12,2.1220916156258597e-10,99.99324378008035
2288122.1771240234,1.5041780129944036e-11,6.702756505757452e-10,99.99372994552141
2289862.632751465,6.471811129385932e-12,2.883898965200898e-10,99.99378921237165
2289867.401123047,6.578486865547416e-12,2.931434661001918e-10,99.99378935102
2292494.773864746,4.783893108609994e-12,2.131747065811098e-10,99.9938562254133
2296843.5287475586,2.309694296842353e-11,1.0292211653627305e-09,99.99398371344246
2310051.918029785,7.488937765843278e-12,3.337140012523602e-10,99.99436235947324
2310056.686401367,7.2746963841817925e-12,3.241672069080173e-10,99.99436251632434
2322678.565979004,4.9572014942474984e-12,2.208974887205827e-10,99.99471575711296
2325744.62890625,1.4051697586043334e-11,6.261566556493646e-10,99.99480280805648
2330427.1697998047,5.738153836313098e-12,2.556974482083976e-10,99.99493475508416
2330431.9381713867,5.912209462773471e-12,2.634535280908476e-10,99.9949348788594
2330484.390258789,5.051136283994248e-12,2.2508330993092323e-10,99.99493623469145
2341079.7119140625,1.2757351129801135e-10,5.684793790548837e-09,99.9954272551537
2350974.0829467773,6.112365692379669e-12,2.7237267501741436e-10,99.99592249114943
2350978.8513183594,6.33214486774335e-12,2.821662385768652e-10,99.9959226233618
2352123.260498047,1.1383135279673611e-11,5.072430483135465e-10,99.99595351122913
2365088.46282959,4.58642510726516e-12,2.0437534959504322e-10,99.99629555065586
2371706.962585449,5.0510375104266205e-12,2.2507890848929005e-10,99.99646947069388
2371711.7309570312,5.5016073538889574e-12,2.4515671792058993e-10,99.9964695828068
2377243.0419921875,4.717303137269108e-12,2.1020739579895847e-10,99.99661097881312
2392125.129699707,2.6545001357733192e-11,1.1828698399312962e-09,99.9970606343501
2392621.0403442383,7.047061737650303e-12,3.1402359627952966e-10,99.99708669924196
2392625.8087158203,7.589131851885338e-12,3.3817874250143557e-10,99.99708685473911
2400565.1473999023,1.968792884551515e-11,8.773123394581718e-10,99.99730887583537
2411808.967590332,4.588944279965321e-12,2.0448760626319857e-10,99.99762307409358
2413721.0845947266,7.584892229230381e-12,3.3798982099023824e-10,99.99767550993026
2413725.8529663086,7.52730751891293e-12,3.35423792977742e-10,99.99767567048458
2427210.807800293,4.710595453712445e-12,2.0990849520867207e-10,99.9980334600595
2429461.4791870117,1.1371756437602042e-11,5.067359965745613e-10,99.99809328325455
2435007.095336914,6.68059723005011e-12,2.976935984918574e-10,99.99824215359969
2435011.863708496,6.757816453794002e-12,3.0113455860327764e-10,99.99824229637146
2448124.885559082,1.1515782293367361e-11,5.131539220686755e-10,99.99859819289948
2449951.171875,4.684476003462277e-12,2.0874458832013428e-10,99.99864616792411
2456483.840942383,5.459526579472012e-12,2.432815596477403e-10,99.99882499215983
2456488.609313965,5.2836231061692885e-12,2.3544313799897534e-10,99.99882510629668
2462496.757507324,4.649741375448041e-12,2.071967811331777e-10,99.99898686440018
2466835.9756469727,1.458971904251904e-11,6.501313899326469e-10,99.99909871775249
2478141.7846679688,5.789396321432544e-12,2.579808607934666e-10,99.99939949388936
2478146.553039551,5.9075450880796345e-12,2.632456792354973e-10,99.99939961815943
2495870.590209961,1.862026967949133e-11,8.297364584176585e-10,99.99988953302963
2497410.774230957,4.654782072988262e-12,2.074213992830203e-10,99.9999355688766
2499995.231628418,5.630230512850485e-12,2.508882849829497e-10,99.99999990889933
2500000.0,2.9446334083001965e-12,1.3121559126677855e-10,100.0
