frequency_hz,density,normalised_density_per_hz,cumulative_variance_pct
0.0,2.5242023545847533e-05,1.1689193545345977e-05,0.0
4.76837158203125,0.00014736573583749664,6.824280965541696e-05,0.019057274627867445
9.5367431640625,6.028433558885024e-05,2.7916750222926654e-05,0.04198350026109375
14.30511474609375,3.6609808603868773e-05,1.6953440268028474e-05,0.05268138732196371
19.073486328125,3.6979225806504584e-05,1.7124511702644132e-05,0.06080620420950277
23.84185791015625,4.499948692730513e-05,2.0838571486915014e-05,0.06985730856187186
28.6102294921875,5.33219062951594e-05,2.4692556116146057e-05,0.08071277530988562
33.37860107421875,6.363405158274271e-05,2.9467952269126764e-05,0.09362564676252062
38.14697265625,7.499274796674898e-05,3.4727990166417806e-05,0.10893115214208886
42.91534423828125,8.396132689657199e-05,3.888120136784936e-05,0.12648095099650358
47.6837158203125,9.300978718416605e-05,4.3071404399589406e-05,0.14601997481724685
52.45208740234375,0.00010817786418590134,5.009550797282144e-05,0.16823269768435684
57.220458984375,0.0001163377005248032,5.387420289759747e-05,0.19302100841968237
61.98883056640625,0.00012191724442947784,5.645800401314736e-05,0.21932625642048176
66.7572021484375,0.00012236128044367268,5.666363027372033e-05,0.24629655573280332
71.52557373046875,0.00012334133895787328,5.711748032411138e-05,0.2734240864501361
76.2939453125,0.00012230575475360406,5.6637917179174955e-05,0.30054548668800307
81.06231689453125,0.0001129619245107593,5.2310932856183256e-05,0.3265209167081824
85.8306884765625,9.96397984104178e-05,4.614166080318992e-05,0.3499938441973136
90.59906005859375,8.98177613697874e-05,4.1593226254392696e-05,0.3709114713072186
95.367431640625,8.215310028565811e-05,3.804383938732405e-05,0.3898984273413345
100.13580322265625,7.806175937907237e-05,3.614920223075031e-05,0.4075874269031389
104.9041748046875,7.463512730536406e-05,3.456238152893475e-05,0.4244463822291441
109.67254638671875,7.41550587405251e-05,3.434006914739186e-05,0.44087400661600945
114.44091796875,7.324232213408796e-05,3.391739483884495e-05,0.45714785419268406
119.20928955078125,7.349351014681971e-05,3.4033716150872854e-05,0.4733486615232252
123.9776611328125,7.70639267819137e-05,3.568712127543951e-05,0.48997140451617766
128.74603271484375,8.068188936007679e-05,3.73625441962348e-05,0.5073878019617787
133.514404296875,8.254427602702212e-05,3.822498686715042e-05,0.5254092737157063
138.28277587890625,9.178200702746556e-05,4.250283826000317e-05,0.5446562870764816
143.0511474609375,0.00010226950339088737,4.735943680391494e-05,0.5660811230120547
147.81951904296875,0.00011310663335323621,5.237794529931656e-05,0.5898603679364168
152.587890625,0.0001210174867404333,5.604134004197041e-05,0.6157095398946932
157.35626220703125,0.00012526440211082555,5.800802134408758e-05,0.6429010265837978
162.1246337890625,0.00012978627503397209,6.010203126726645e-05,0.6710606575050077
166.89300537109375,0.00012573224826912432,5.822467371682101e-05,0.6992719423770835
171.661376953125,0.00011874043534153775,5.4986872500331124e-05,0.7262636783640678
176.42974853515625,0.0001125708318557117,5.212982385235434e-05,0.7518022889065287
181.1981201171875,0.00010733557989204931,4.970545904852825e-05,0.7760817123581627
185.96649169921875,0.00010117373694405189,4.685200418646684e-05,0.7991028055443016
190.73486328125,9.339868583616301e-05,4.3251497394291664e-05,0.8205851543632613
195.50323486328125,9.157670465410829e-05,4.240776588305474e-05,0.8410079142007328
200.2716064453125,8.93076744963614e-05,4.1357012855035576e-05,0.8609789937262252
205.03997802734375,8.419347231706857e-05,3.8988704347787614e-05,0.8801349054586183
209.808349609375,8.191060417659015e-05,3.7931543162429876e-05,0.8984741215741446
214.57672119140625,8.719428486271734e-05,4.0378334564068797e-05,0.9171446513513136
219.3450927734375,0.00040902411393377243,0.00018941278712466934,0.971931124074497
224.11346435546875,0.0038801701343556334,0.0017968472142089991,1.445492411318738
228.8818359375,0.0027385774068379967,0.0012681931497804646,2.1762549797900417
233.65020751953125,0.00029468677204826864,0.00013646491960000288,2.5111515608152764
238.4185791015625,7.088432924127923e-05,3.282544453412677e-05,2.551513528887722
243.18695068359375,1.716012594233641e-05,7.946590852280571e-06,2.561234339631628
247.955322265625,1.0832508327126713e-05,5.016368287089504e-06,2.564324949930588
252.72369384765625,9.623645938318923e-06,4.456562675356442e-06,2.5665834726705814
257.4920654296875,1.179244593935456e-05,5.46090065670749e-06,2.568947980186504
262.26043701171875,1.6226113795327192e-05,7.514064167553233e-06,2.572041452863797
267.02880859375,2.4621278500673952e-05,1.1401736045666155e-05,2.576551331073202
271.79718017578125,3.6102617609115144e-05,1.6718567905622053e-05,2.583255733985172
276.5655517578125,4.971743023307955e-05,2.3023378593880848e-05,2.592730952400314
281.33392333984375,6.741036747207215e-05,3.1216706177012205e-05,2.6056627963417385
286.102294921875,8.91986761073236e-05,4.130653737460195e-05,2.622953685021151
290.87066650390625,0.00011055280457902704,5.119530640472938e-05,2.6450078431792936
295.6390380859375,0.00012922909821980983,5.9844011239359715e-05,2.6714816795164045
300.40740966796875,0.00014642445911706878,6.78069188582776e-05,2.7019160328912757
305.17578125,0.00015385600795063542,7.124835502124881e-05,2.7350693937062114
309.94415283203125,0.00015660546822180685,7.252158785840974e-05,2.7693468192050923
314.7125244140625,0.00015816066543685378,7.32417758106493e-05,2.8040995132561335
319.48089599609375,0.00015700715514582357,7.270760290553692e-05,2.8388965567504028
324.249267578125,0.00016309168034707517,7.552525310619467e-05,2.8742380236568863
329.01763916015625,0.00015525254999563336,7.189507220018432e-05,2.909385768147123
333.7860107421875,0.00015799135360571262,7.316337010121276e-05,2.943970395847308
338.55438232421875,0.00016603772442217699,7.688952088466483e-05,2.9797457929062428
343.32275390625,0.00017396541030860327,8.05607104992704e-05,3.0172848533520127
348.09112548828125,0.00018749953289593115,8.682815487045431e-05,3.0571934687908855
352.8594970703125,0.0002055873934883205,9.520436539500466e-05,3.1005934036228524
357.62786865234375,0.0002275339373212069,0.00010536747288312164,3.1484134563129116
362.396240234375,0.00026149466937802027,0.00012109416647536462,3.2024061185897725
367.16461181640625,0.0003049314825030608,0.00014120908771729295,3.264944087748102
371.9329833984375,0.0003620942554758126,0.00016768029022027486,3.3385890543355425
376.70135498046875,0.00042545643338866046,0.0001970223419671431,3.425540937696266
381.4697265625,0.00047146564684549233,0.00021832850230683255,3.5245682958167017
386.23809814453125,0.0005230139745473419,0.0002421997414074301,3.6343667853191945
391.0064697265625,0.0005533759814783248,0.0002562599206476867,3.7532088296858204
395.77484130859375,0.0005622335124583524,0.0002603617072485662,3.8763810241419816
400.543212890625,0.0005714257994968952,0.0002646185142403962,4.0015460626058035
405.31158447265625,0.0005827645296309556,0.00026986930607389334,4.128977889272227
410.0799560546875,0.000615032809222997,0.0002848122509151266,4.261224277943392
414.84832763671875,0.0006348680166555271,0.00029399763093308757,4.399223307543586
419.61669921875,0.000689152162185041,0.00031913578526472,4.545405705433154
424.38507080078125,0.000771044179743694,0.0003570587212497568,4.7066230388726185
429.1534423828125,0.0008777170061740768,0.0004064572693459124,4.88865943647176
433.92181396484375,0.0010280565142986422,0.0004760771872890304,5.099072047630832
438.690185546875,0.0013176949668889,0.0006102043076584668,5.3580617381605355
443.45855712890625,0.003087123031128063,0.001429599276920389,5.8443888104421005
448.2269287109375,0.042576601783724174,0.01971657057720109,10.886028580502039
452.99530029296875,0.07112252538128346,0.03293574950936803,23.43931992194251
457.763671875,0.009680376128292818,0.004482833555314408,32.360605328217886
462.53204345703125,0.0030507457811528088,0.0014127535309826338,33.766222824302346
467.3004150390625,0.005920185117415852,0.002741546831063585,34.75668521378251
472.06878662109375,0.0024533686687566872,0.0011361173621875656,35.68119240097046
476.837158203125,0.001424156855865457,0.0006595051738584284,36.109302174617284
481.60552978515625,0.0012892489565242704,0.0005970313970104306,36.40888383843299
486.3739013671875,0.0012433327929755862,0.000575768326654543,36.6885010821199
491.14227294921875,0.0011277087191804808,0.00052222459333865,36.950282993968244
495.91064453125,0.001103791140111345,0.0005111487296953314,37.19665839332747
500.67901611328125,0.0010730878398575044,0.0004969305027573784,37.43700321155064
505.4473876953125,0.001041953359334719,0.00048251260285709437,37.670520645102066
510.21575927734375,0.0010529432835308682,0.0004876018680162104,37.90181395881354
514.984130859375,0.0010471058899672433,0.00048489866068254984,38.133676153041414
519.7525024414062,0.001010291174801876,0.0004678503313319675,38.36082921395796
524.5208740234375,0.0009475139987525503,0.00043877918496614676,38.57698653500529
529.2892456054688,0.0008529512115515627,0.0003949886101030809,38.77577226800634
534.0576171875,0.0007392612155554845,0.00034234051852064564,38.951565231183004
538.8259887695312,0.0006074968597552306,0.0002813224684213946,39.100258074367964
543.5943603515625,0.0005215308257778779,0.00024151291798412897,39.22491174429879
548.3627319335938,0.0004464184861562202,0.00020672954675849864,39.33178107583571
553.131103515625,0.0003806685039023798,0.0001762817394829747,39.42309808248125
557.8994750976562,0.00033344449425560033,0.0001544130256793502,39.501941858507585
562.6678466796875,0.0003009103556767727,0.00013934696562325832,39.57197969823084
567.4362182617188,0.0002731683792220523,0.00012650008226936795,39.63536257364775
572.20458984375,0.00024899753100370665,0.00011530693357167163,39.693013858781356
576.9729614257812,0.00023261613969177835,0.00010772096277026655,39.746187852927214
581.7413330078125,0.00021458590380550265,9.937143736236435e-05,39.79556252870957
586.5097045898438,0.00019585183935265065,9.069597975166112e-05,39.8408781322314
591.278076171875,0.00018754258180812917,8.684809016073266e-05,39.88320793710783
596.0464477539062,0.000181456662757847,8.40297944899896e-05,39.92394839956613
600.8148193359375,0.00017652751747340863,8.174718298943865e-05,39.963472710984526
605.5831909179688,0.0001609457191642985,7.453149143091873e-05,40.0007324504837
610.3515625,0.00014638157895539508,6.778706171377612e-05,40.03466383770425
615.1199340820312,0.00013200637287001432,6.11301244883969e-05,40.06540009006035
619.8883056640625,0.00011773103095653157,5.451943282773803e-05,40.092973093189386
624.6566772460938,0.00010281486374566306,4.7611984810906254e-05,40.117323120664416
629.425048828125,9.218256492816857e-05,4.268833047376847e-05,40.13885239352702
634.1934204101562,8.63100839169833e-05,3.996887468186521e-05,40.15855940693273
638.9617919921875,8.344887540780399e-05,3.864389295143299e-05,40.1773021512911
643.7301635742188,8.43058674568765e-05,3.904075281135017e-05,40.19582361415187
648.49853515625,8.934570719264715e-05,4.1374625212742486e-05,40.214996134318284
653.2669067382812,0.00010732112312183647,4.969876434020775e-05,40.23670972244947
658.0352783203125,0.00012576794817773995,5.824120579637483e-05,40.26244461675769
662.8036499023438,0.00016373150381639412,7.58215455311716e-05,40.29440766743965
667.572021484375,0.00028882439363948545,0.00013375014216815957,40.344373451440845
672.3403930664062,0.00196119049771601,0.0009081972079400547,40.59279305815228
677.1087646484375,0.006611512188046868,0.00306168978303672,41.53928787373474
681.8771362304688,0.002556044407931061,0.0011836649205455862,42.551459309944974
686.6455078125,0.00043380156162880405,0.00020088684272646587,42.88156217403686
691.4138793945312,0.0004233614103176628,0.00019605216894934296,42.97619980919058
696.1822509765625,0.0007583329597575934,0.00035117235043859244,43.10666830155259
700.9506225585938,0.0013290513803676193,0.0006154632883773705,43.33713219706802
705.718994140625,0.0008067507659202081,0.00037359389307949347,43.572941804921165
710.4873657226562,0.0006524307788496528,0.0003021306764516111,43.73404709665279
715.2557373046875,0.0006751575923477642,0.00031265511484165876,43.88062345146476
720.0241088867188,0.0007437394832589698,0.0003444143355361013,44.03728101619487
724.79248046875,0.0008344117936122786,0.0003864032903042646,44.211521516130105
729.5608520507812,0.0009037368268447581,0.0004185066487976966,44.40342700011552
734.3292236328125,0.0009832863288120424,0.000455344801778678,44.61176942130777
739.0975952148438,0.0011115857172408232,0.0005147582786883077,44.843060019334764
743.865966796875,0.001200793430505755,0.0005560690010318442,45.098365137828836
748.6343383789062,0.0012955115427698413,0.0005999315045468149,45.37397713580958
753.4027099609375,0.0013188718597310417,0.0006107493086639899,45.66262593504082
758.1710815429688,0.0012958262540472849,0.000600077242507413,45.95130948090956
762.939453125,0.0012147661016217485,0.0005625395304933057,46.22849891996803
767.7078247070312,0.0011288923093444496,0.0005227726957710826,46.48725751883554
772.4761962890625,0.0010400107262630294,0.00048161299930822175,46.72672172912628
777.2445678710938,0.0009974156733840603,0.0004618878843121055,46.95166986918011
782.012939453125,0.0009372598803450771,0.0004340306601704171,47.165273495546366
786.7813110351562,0.0009188318702514504,0.0004254969316344009,47.37020084268306
791.5496826171875,0.0009095802620273717,0.0004212126539123496,47.57207213898079
796.3180541992188,0.00089998388838434,0.00041676872061820967,47.77186246760994
801.08642578125,0.0009033466299721988,0.0004183259546169844,47.9709645534948
805.8547973632812,0.0009435544655977077,0.0004369455859556672,48.17487717894413
810.6231689453125,0.0009297298237889199,0.00043054360659357336,48.38170271961768
815.3915405273438,0.0009546879138159175,0.00044210131488577314,48.589757481856985
820.159912109375,0.0009998831346705577,0.00046303052774919484,48.805557729677595
824.9282836914062,0.001060601017714301,0.0004911480471419201,49.03305162971229
829.6966552734375,0.0011634247342402616,0.0005387641315394592,49.2786018279529
834.4650268554688,0.0011992360291522945,0.0005553477923769469,49.53945843823113
839.2333984375,0.0012204429054888204,0.0005651683712041403,49.80661030981246
844.0017700195312,0.0012233271084336346,0.0005665040013046652,50.07642202887451
848.7701416015625,0.0011774548676329038,0.0005452612708989775,50.341487525367754
853.5385131835938,0.0011609680188902083,0.0005376264643805471,50.599668080539615
858.306884765625,0.0011564685576374056,0.0005355428329578021,50.85553157954645
863.0752563476562,0.0011555478931917287,0.0005351164873886251,51.11079665340529
867.8436279296875,0.0011752763357361854,0.0005442524262261565,51.36813825611573
872.6119995117188,0.001235694366118935,0.0005722310884554267,51.63432866927643
877.38037109375,0.0013690446405816709,0.0006339835531375363,51.92191265021653
882.1487426757812,0.0014925466457245992,0.0006911754355051244,52.23785517337238
886.9171142578125,0.001740961642215913,0.0008062126062881735,52.594860302660415
891.6854858398438,0.002335532103821287,0.0010815490581945518,53.04493775638879
896.453857421875,0.005427976244522162,0.002513612459259331,53.90209105702076
901.2222290039062,0.020086561462957345,0.009301778210234717,56.71909971197139
905.9906005859375,0.015465090720149097,0.007161646065966661,60.64428593504949
910.7589721679688,0.003005369343465335,0.0013917403993862778,62.68357218262547
915.52734375,0.0018700030975256302,0.0008659697229768844,63.22185222202251
920.2957153320312,0.001841986851791921,0.0008529958297309455,63.63168554662365
925.0640869140625,0.0021052450103460213,0.0009749066409676495,64.06749145642384
929.8324584960938,0.0027068412178123825,0.001253496607910979,64.5987841926868
934.600830078125,0.0034212781500978203,0.0015843413819941385,65.27537749396039
939.3692016601562,0.0022608120087749223,0.0010469473294093298,65.90272560973919
944.1375732421875,0.0017084314435027884,0.0007911483707233972,66.34096177481753
948.9059448242188,0.0016009406139222194,0.0007413710179277743,66.70634286990534
953.67431640625,0.0015086010984625862,0.0006986100060726577,67.04966109958073
958.4426879882812,0.0014168427994142193,0.0006561181466137696,67.37265346081311
963.2110595703125,0.001376824235463859,0.0006375861640818256,67.68109660434673
967.9794311523438,0.0013585171861643514,0.0006291084506323688,67.98310013454248
972.747802734375,0.0012813278165792327,0.0005933632387207777,68.27456009770995
977.5161743164062,0.0011985704765740462,0.0005550395851966621,68.54836066722457
982.2845458984375,0.0010305139574512802,0.000477215191482145,68.79446938435115
987.0529174804688,0.0008828658319873263,0.0004088416115264444,69.00572178832772
991.8212890625,0.0007242695198656783,0.0003353980944248603,69.18316236153159
996.5896606445312,0.0005957786056396848,0.00027589592485917315,69.32890621302256
1001.3580322265625,0.0004960960328005949,0.0002297344558748114,69.44945788994774
1006.1264038085938,0.0003926108180576524,0.00018181204180944054,69.54757822115984
1010.894775390625,0.0003234380660797298,0.00014977920242691147,69.62663573445319
1015.6631469726562,0.0002774914535469699,0.00012850203161400323,69.69298315086385
1020.4315185546875,0.00022931711993444433,0.00010619323737284129,69.74893886341756
1025.1998901367188,0.00019614246955996633,9.083056613841678e-05,69.79591299869989
1029.96826171875,0.00016552432763827608,7.66517747165862e-05,69.83584390043114
1034.7366333007812,0.00013926006316108836,6.448919709112848e-05,69.86949453038255
1039.5050048828125,0.00011467580122304411,5.3104602847274526e-05,69.89753107707503
1044.2733764648438,9.773505924924701e-05,4.525960534246645e-05,69.92098293182607
1049.041748046875,8.278197907550205e-05,3.833506349927755e-05,69.94091345399178
1053.8101196289062,7.0619766139084e-05,3.2702929423525595e-05,69.95785023132667
1058.5784912109375,6.161964435676305e-05,2.8535111211402084e-05,69.9724505179618
1063.3468627929688,5.416941265688117e-05,2.5085023299891613e-05,69.98523455424322
1068.115234375,5.0093611968893424e-05,2.3197582579950574e-05,69.99674602453241
1072.8836059570312,4.736784038373338e-05,2.1935319609572287e-05,70.00750654694318
1077.6519775390625,4.7988424826354286e-05,2.2222702736675808e-05,70.0180346398869
1082.4203491210938,5.097392277007017e-05,2.3605240995937845e-05,70.02896087311477
1087.188720703125,5.736420851536953e-05,2.6564484209985074e-05,70.04092226771229
1091.9570922851562,6.653329737125262e-05,3.0810548479603584e-05,70.05460154148206
1096.7254638671875,8.39201879489392e-05,3.8862150552836136e-05,70.07121280738754
1101.4938354492188,9.670167363434734e-05,4.478106033051055e-05,70.09115490287783
1106.26220703125,0.00011648883132268669,5.394418924967872e-05,70.11469283660419
1111.0305786132812,0.0001442995201314626,6.682289223974258e-05,70.14348595257513
1115.7989501953125,0.00019850733716465405,9.192570001665379e-05,70.18133456637527
1120.5673217773438,0.00037292618403826264,0.00017269639002724413,70.24442538908244
1125.335693359375,0.0011657079263174253,0.0005398214427349222,70.4143028783541
1130.1040649414062,0.0016176278183108008,0.0007490986060696118,70.7216053649656
1134.8724365234375,0.0006595965031778404,0.0003054490133675339,70.97302910998674
1139.6408081054688,0.0004374318504516467,0.00020256797374191865,71.09414979821284
1144.4091796875,0.0004668130920891636,0.00021617397563315814,71.19398565879305
1149.1775512695312,0.0005481982993126249,0.000253862215533387,71.30605101961729
1153.9459228515625,0.000685508479117651,0.0003174484515802687,71.44226209709609
1158.7142944335938,0.0007635518689430915,0.00035358914715277295,71.60224992790974
1163.482666015625,0.0010591187858044046,0.0004904616483022076,71.80348731925167
1168.2510375976562,0.001326290846285597,0.0006141849274284287,72.06685558624677
1173.0194091796875,0.00114300014899028,0.0005293058197033731,72.33948502539373
1177.7877807617188,0.001047962692908626,0.00048529543296959936,72.58138481441068
1182.55615234375,0.0011014197778229824,0.0005100505882288021,72.8186937984992
1187.3245239257812,0.0011674748901851293,0.0005406396965726033,73.06919788327737
1192.0928955078125,0.0012952143525198395,0.0005997938803050123,73.34109843623624
1196.8612670898438,0.0014379795035013487,0.000665906229749672,73.64286485804418
1201.629638671875,0.0015610478769219021,0.0007228973039244846,73.973981423194
1206.3980102539062,0.0015979167059304315,0.000739970692564987,74.32275633233016
1211.1663818359375,0.0016132787175347756,0.0007470846042750712,74.67729794324823
1215.9347534179688,0.0016105275647487513,0.0007458105876602683,75.03323189365702
1220.703125,0.001507307126495533,0.0006980107875219871,75.37746573440442
1225.4714965820312,0.001456361870748616,0.0006744188217843262,75.70467845177215
1235.0082397460938,0.0013181963262368602,0.0006104364794747806,76.31528560625381
1239.776611328125,0.001280262571326869,0.0005928699399998759,76.60217621300876
1244.5449829101562,0.0012654916114641511,0.000586029735276501,76.88324779849145
1249.3133544921875,0.001270241007029106,0.0005882291074417844,77.16321292326978
1254.0817260742188,0.0011998521086049778,0.0005556330893123786,77.4359309229079
1258.85009765625,0.001176816777490817,0.0005449657811512288,77.69833414176462
1268.3868408203125,0.0011278308572971463,0.0005222811536252044,78.20968006641792
1273.1552124023438,0.0010929882597130601,0.0005061460816471898,78.45487622656091
1277.923583984375,0.0011054496423357583,0.0005119167566112932,78.69760132189461
1282.6919555664062,0.0011002294526684625,0.0005094993669256524,78.9411259027397
1287.4603271484375,0.0010401499539444015,0.0004816774735098036,79.1774408766747
1292.2286987304688,0.0009786246355217027,0.0004531860431902135,79.4003297079802
1301.7654418945312,0.0008812250140173587,0.00040808177391719744,79.81119424011895
1306.5338134765625,0.0008372553937478143,0.0003877201178672163,80.00092819640452
1311.3021850585938,0.0007932712735335078,0.00036735174711544387,80.18095135757326
1316.070556640625,0.0008019971056313904,0.00037139254598606854,80.35708172225391
1325.6072998046875,0.0008726760070546831,0.0004041228600517651,80.72441069014361
1330.3756713867188,0.0009461639159781172,0.00043815398236208766,80.92522513812209
1335.14404296875,0.001035540281749402,0.00047954280509187425,81.14402110223293
1339.9124145507812,0.0012159922818062224,0.0005631073557103192,81.3926082720714
1349.4491577148438,0.003638925694488258,0.0016851306181038415,82.30645152977307
1354.217529296875,0.005935119164945565,0.002748462559181544,83.36350251541585
1358.9859008789062,0.0035320680791196156,0.0016356464970875737,84.40875556723782
1363.7542724609375,0.001807095122440319,0.0008368380055857494,84.99824180921583
1373.291015625,0.0014329529519775297,0.0006635785109152111,85.69604300322065
1378.0593872070312,0.0015252821777009117,0.0007063347577514555,86.02265577822854
1382.8277587890625,0.0015371080798846247,0.0007118111514812478,86.36076811086649
1387.5961303710938,0.001545760555731772,0.0007158179801984477,86.70114141992555
1397.1328735351562,0.001839044698875085,0.0008516333638881245,87.4357247332785
1401.9012451171875,0.0019671903000785204,0.0009109756242949013,87.85596346375274
1406.6696166992188,0.0016249027478984213,0.000752467514264472,88.25255921326432
1411.43798828125,0.001357051617042636,0.0006284297680740272,88.58179078120469
1420.9747314453125,0.0012745579871523962,0.0005902282346552147,89.16084490339514
1425.7431030273438,0.0012701322231015366,0.000588178731275164,89.44179901781565
1430.511474609375,0.0012172431371170432,0.0005636866075994894,89.71642511522649
1435.2798461914062,0.001119929676515812,0.0005186222381178152,89.97446765237147
1444.8165893554688,0.0009305502199566285,0.00043092351946271345,90.42734057527917
1449.5849609375,0.0008845430793800681,0.0004096183190420513,90.6277413660909
1459.1217041015625,0.0006520256623227418,0.0003019430732080407,90.96948988776865
1463.8900756835938,0.0005998167801710083,0.0002777659414836641,91.10770328734381
1468.658447265625,0.000551955276963133,0.00025560201419978806,91.23486811747615
1473.4268188476562,0.0005017762695075766,0.0002323648862811015,91.35120849253741
1482.9635620117188,0.0004143959075760376,0.00019190038228343492,91.55240055114785
1487.73193359375,0.0003713870889595946,0.0001719836587271341,91.63915726716334
1497.2686767578125,0.0003215188118733241,0.00014889042527159953,91.7922405661627
1502.0370483398438,0.0003080103522855661,0.00014263486504149413,91.86174561165133
1511.5737915039062,0.00026287337833087835,0.00012173262542313431,91.98818066989506
1516.3421630859375,0.00023404206343599114,0.00010838128616299034,92.04304410172692
1525.87890625,0.00018204456144700035,8.430204134650992e-05,92.1345523486506
1530.6472778320312,0.0001627921827470612,7.538656036602782e-05,92.17262507816962
1535.4156494140625,0.0001417371016593596,6.563627558794451e-05,92.20624754233864
1540.1840209960938,0.00012840928334065038,5.946436755602175e-05,92.23607385992172
1549.7207641601562,0.00011739688240609601,5.436469376445161e-05,92.29010407515315
1554.4891357421875,0.00011200845832214226,5.186939730347907e-05,92.31543225619771
1564.02587890625,0.00011677132565557538,5.4075008037903107e-05,92.36573859348299
1568.7942504882812,0.00013295361586701496,6.156877817661263e-05,92.39331022067418
1578.3309936523438,0.0002786619850867918,0.0001290440867980917,92.48096218537994
1583.099365234375,0.00023949185844208626,0.00011090500255573513,92.5381705063204
1592.6361083984375,0.00012084467883278374,5.596131535318058e-05,92.61103994265862
1597.4044799804688,0.00011096768377401003,5.138743058999072e-05,92.63663387813473
1602.1728515625,0.00010699959933573346,4.954987161144676e-05,92.66069920630395
1606.9412231445312,0.0001096016993723624,5.0754864186517515e-05,92.68461371889005
1611.7095947265625,0.00010983646773430376,5.0863581810366965e-05,92.70884144439513
1616.4779663085938,0.00010982292079950166,5.085730843285583e-05,92.73309359451187
1621.246337890625,0.00011521964029884744,5.3356446373331014e-05,92.75794008985561
1626.0147094726562,0.00012180237733022822,5.640481082312111e-05,92.78410921283678
1635.5514526367188,0.00014807590970486413,6.857168026959047e-05,92.84438783178982
1640.31982421875,0.00014062939459451133,6.512331345362748e-05,92.87626320222628
1645.0881958007812,0.00013497079676004847,6.250290367696387e-05,92.90669166357065
1649.8565673828125,0.00013657667485272366,6.324656116549352e-05,92.93667267230119
1654.6249389648438,0.00013629972482664867,6.311830986062887e-05,92.96680040529957
1664.1616821289062,0.00012738717066987,5.899104287140597e-05,93.02494727035472
1668.9300537109375,0.00012289869513950095,5.691249876804844e-05,93.05258082806525
1678.466796875,0.00013791741355506458,6.386743667323296e-05,93.11071877222098
1683.2351684570312,0.00010765000857225703,4.985106614268533e-05,93.13783137607992
1692.7719116210938,9.550891890073521e-05,4.422871392658632e-05,93.18186500803412
1697.540283203125,9.164872429643766e-05,4.24411170736487e-05,93.20252870599217
1707.0770263671875,8.279117121274015e-05,3.83393202368991e-05,93.24104174836924
1711.8453979492188,7.611950039274107e-05,3.524977191506356e-05,93.2585867551575
1721.3821411132812,6.963947958357981e-05,3.224897377070813e-05,93.29065830227168
1726.1505126953125,6.87546804719727e-05,3.183923688707278e-05,93.30593812239387
1740.4556274414062,5.894314858332283e-05,2.729566711286467e-05,93.34907458748586
1745.2239990234375,5.418252551024559e-05,2.509109566095371e-05,93.36156456503012
1754.7607421875,4.456568934148651e-05,2.0637686485325202e-05,93.38336661439374
1759.5291137695312,3.9751857868528506e-05,1.840847504037586e-05,93.39267594474406
1769.0658569335938,3.209091036680779e-05,1.4860807876303361e-05,93.40812725164139
1773.834228515625,3.466483828760849e-05,1.6052754377080587e-05,93.4154976192288
1783.3709716796875,2.5701616026404885e-05,1.1902023766641936e-05,93.42842133225281
1788.1393432617188,2.497859816909033e-05,1.1567205297926836e-05,93.434016832499
1792.90771484375,2.4594666374204506e-05,1.1389412378493055e-05,93.43949011666639
1802.4444580078125,2.9999306740842845e-05,1.3892218350996714e-05,93.45143235618674
1807.2128295898438,2.9111095885632984e-05,1.3480901541281856e-05,93.45795861653706
1816.7495727539062,1.990860564457517e-05,9.219369603024148e-06,93.46868024504121
1821.5179443359375,1.71016801236665e-05,7.91952549101475e-06,93.47276647605692
1831.0546875,1.3512747979240755e-05,6.257546118358335e-06,93.47951284102572
1835.8230590820312,1.2415440115479541e-05,5.749399694398398e-06,93.48237551998575
1850.128173828125,1.0332413959858895e-05,4.7847822639121935e-06,93.4896701253186
1854.8965454101562,9.85200337635917e-06,4.562311498778759e-06,93.49189864613223
1864.4332885742188,1.1012332409689991e-05,5.099642058757553e-06,93.49641986880772
1869.20166015625,1.2973353689028136e-05,6.007760904264949e-06,93.49906808003968
1883.5067749023438,1.3656202876669353e-05,6.323977878792474e-06,93.50794430824936
1888.275146484375,1.4036025721048605e-05,6.4998680063343e-06,93.51100175136392
1897.8118896484375,1.6106688454881338e-05,7.458760126014927e-06,93.5176111863448
1902.5802612304688,1.764285821027347e-05,8.170136753830465e-06,93.52133740573181
1916.8853759765625,1.9578927646877182e-05,9.066700784070927e-06,93.53349360130738
1921.6537475585938,2.1202439679578934e-05,9.818524279480462e-06,93.53799618983305
1931.1904907226562,2.3022812740474548e-05,1.0661511094499227e-05,93.5477115566409
1935.9588623046875,2.3755548760149587e-05,1.1000829894993612e-05,93.55287626119963
1950.2639770507812,2.9153763535644334e-05,1.3500660274895342e-05,93.5702533122855
1955.0323486328125,3.122391212473215e-05,1.4459314302038629e-05,93.57691948969584
1964.569091796875,3.505472403125692e-05,1.6233304478771123e-05,93.59158588877297
1969.3374633789062,3.5101651609067005e-05,1.6255035919542503e-05,93.5993317127281
1974.1058349609375,3.53703291098038e-05,1.6379456344937e-05,93.60711238200349
1983.642578125,3.182816292401299e-05,1.4739133569693408e-05,93.62205855614197
1988.4109497070312,2.9563478288664816e-05,1.3690392886377194e-05,93.62883668344413
1993.1793212890625,2.8913433724076222e-05,1.3389367229112635e-05,93.63529300137327
1997.9476928710938,3.430872356062477e-05,1.5887843114697048e-05,93.6422732322635
2002.716064453125,3.2909349392975726e-05,1.5239814423245407e-05,93.64969464414446
2007.4844360351562,2.736029969354457e-05,1.2670134705944564e-05,93.65634889455863
2017.0211791992188,2.928320955557101e-05,1.3560604739246598e-05,93.6687121787876
2021.78955078125,3.3887954444583144e-05,1.56929913974256e-05,93.67568677961212
2031.3262939453125,4.926638394151358e-05,2.281450598149108e-05,93.69421656856132
2036.0946655273438,4.9149591209624666e-05,2.2760421060555182e-05,93.70508247790936
2040.863037109375,4.227584398589393e-05,1.9577294258774234e-05,93.71517657583819
2055.1681518554688,3.048581141753545e-05,1.4117511197120826e-05,93.73857864056042
2059.9365234375,2.9312513510401955e-05,1.3574174950804355e-05,93.74518085302472
2069.4732666015625,2.8219273236235265e-05,1.3067912165133046e-05,93.75787690234071
2074.2416381835938,2.8413360568796196e-05,1.3157791028881188e-05,93.76412959723217
2079.010009765625,2.9018576824696344e-05,1.3438057384673027e-05,93.77047054162094
2088.5467529296875,3.100386123356441e-05,1.435741211293665e-05,93.78358718862792
2093.3151245117188,3.609915762397049e-05,1.6716965639625177e-05,93.79099589761815
2098.08349609375,3.978173864545407e-05,1.8422312369389274e-05,93.7993737543517
2107.6202392578125,3.37743104648947e-05,1.564036461528871e-05,93.8155784546845
2112.3886108398438,3.0257262153710393e-05,1.40116735421228e-05,93.82264805148944
2126.6937255859375,2.2378447469505658e-05,1.036311543091172e-05,93.83988575144217
2131.4620971679688,1.9433901802091686e-05,8.999541542035681e-06,93.84450216860529
2145.7672119140625,1.3992930276783552e-05,6.479911167770153e-06,93.85538661645434
2150.5355834960938,1.2665786373791325e-05,5.8653312028784705e-06,93.85832995159899
2164.8406982421875,9.66205624008444e-06,4.474349896363378e-06,93.86569947660193
2169.6090698242188,8.89524280001541e-06,4.1192503656994035e-06,93.86774835056578
2183.9141845703125,7.4645571928904224e-06,3.456721827373247e-06,93.87320056427767
2188.6825561523438,7.2685402792185905e-06,3.3659494042388763e-06,93.87482721585837
2202.9876708984375,5.81238826257435e-06,2.691627762668247e-06,93.87918343708172
2207.7560424804688,5.41768637068815e-06,2.5088473766745494e-06,93.8804233269751
2217.2927856445312,4.7599813795511225e-06,2.2042742934913867e-06,93.88266569831163
2222.0611572265625,5.660888469323096e-06,2.6214705344976423e-06,93.88381624553664
2226.8295288085938,6.511047556230637e-06,3.0151661545475515e-06,93.88516012444693
2236.3662719726562,5.020266246528117e-06,2.324808219049793e-06,93.88755563096493
2241.1346435546875,5.347538369878109e-06,2.476362914531555e-06,93.88870031936462
2245.9030151367188,6.1878614919404e-06,2.865503650280192e-06,93.88997391960075
2260.2081298828125,1.1480212905860446e-05,5.316310332832144e-06,93.89624100814076
2264.9765014648438,9.162972792436351e-06,4.2432320145405965e-06,93.89852018064407
2269.744873046875,7.740077800922433e-06,3.584311190689065e-06,93.90038641237291
2279.2816162109375,6.8770492232846165e-06,3.184655907076407e-06,93.90353154513566
2284.0499877929688,6.880934503054852e-06,3.1864551204845403e-06,93.90505053637415
2288.818359375,7.512115042795021e-06,3.4787451374745807e-06,93.90663964394906
2303.1234741210938,9.893129458686999e-06,4.5813563560667915e-06,93.91231464486883
2307.891845703125,1.1532186140903802e-05,5.340378339998688e-06,93.91468017075728
2322.1969604492188,2.0124499070417024e-05,9.319346533766231e-06,93.92479277850056
2326.96533203125,2.1631611854735385e-05,1.0017267324409844e-05,93.92940298650127
2336.5020751953125,2.463425958930052e-05,1.1407747388501236e-05,93.93972931853152
2346.038818359375,2.2084938232991144e-05,1.0227195809937858e-05,93.95008735859408
2350.8071899414062,2.0286550833105503e-05,9.394390216971325e-06,93.95476550925433
2365.1123046875,1.763933356308182e-05,8.168504543832426e-06,93.96729206181023
2369.8806762695312,1.7048664078806204e-05,7.89497457463298e-06,93.9711218936771
2374.6490478515625,1.7214323451992693e-05,7.971688886869494e-06,93.97490480103467
2379.4174194335938,1.6806976591764567e-05,7.78305281018384e-06,93.97866102416418
2384.185791015625,1.7054342255643324e-05,7.897604051145164e-06,93.98239958409243
2388.9541625976562,1.6686619897814428e-05,7.727317473137434e-06,93.98612485568083
2408.0276489257812,2.0991479054367924e-05,9.720831652973726e-06,94.00256837106573
2412.7960205078125,2.277768991975546e-05,1.0547998479769181e-05,94.00740083674603
2422.332763671875,2.4030233522465483e-05,1.112803219099163e-05,94.01775932825167
2427.1011352539062,2.3714027115312976e-05,1.0981601858781114e-05,94.02303067578627
2431.8695068359375,2.2422462174622388e-05,1.0383497965062213e-05,94.02812451252865
2450.9429931640625,1.594843478416421e-05,7.3854752808869595e-06,94.04487321444661
2455.7113647460938,1.4968928995119585e-05,6.931881189029257e-06,94.04828673823266
2465.2481079101562,1.4282976429782743e-05,6.614227087939253e-06,94.05478168063274
2470.0164794921875,1.442755049072752e-05,6.68117711581442e-06,94.05795155201159
2474.7848510742188,1.5248079794702498e-05,7.0611516383153855e-06,94.0612279785067
2489.0899658203125,2.1027619901724818e-05,9.737567924488577e-06,94.07333813543302
2493.8583374023438,2.069569114999213e-05,9.583856815899316e-06,94.07794472206584
2498.626708984375,1.8969357010058077e-05,8.784417981331427e-06,94.08232406004353
2508.1634521484375,1.6669172493457e-05,7.719237848061915e-06,94.09015325566295
2512.9318237304688,1.668222539649839e-05,7.72528244704988e-06,94.09383551624663
2517.7001953125,1.71174598806718e-05,7.926832854206074e-06,94.09756727133669
2536.773681640625,2.4740659379764708e-05,1.1457019497833561e-05,94.1153269270287
2541.5420532226562,2.8277155556335635e-05,1.3094716578863108e-05,94.12118051705859
2560.6155395507812,4.4278819251702826e-05,2.0504841351266846e-05,94.15425117277584
2565.3839111328125,4.445372993827891e-05,2.058583980469209e-05,94.16404795459135
2579.6890258789062,3.803864619082592e-05,1.7615113016588875e-05,94.19174674870952
2584.4573974609375,3.491692711059673e-05,1.6169492840507493e-05,94.19980162643348
2603.5308837890625,3.0423369946274285e-05,1.4088595510488088e-05,94.227753244783
2608.2992553710938,2.92920227480125e-05,1.3564685993351041e-05,94.23434630086663
2613.067626953125,2.8423186438921998e-05,1.3162341238472877e-05,94.24071852072285
2627.3727416992188,3.163836709034314e-05,1.4651242033191289e-05,94.26029385480422
2632.14111328125,3.319550189268747e-05,1.5372327252359117e-05,94.26745203153283
2646.4462280273438,3.645820597547455e-05,1.6883235418482062e-05,94.29088309091627
2651.214599609375,3.617904396592787e-05,1.6753959778033827e-05,94.29890282319998
2655.9829711914062,3.456014797472253e-05,1.6004273900567914e-05,94.3067129947275
2675.0564575195312,2.471220177165264e-05,1.1443841216446755e-05,94.33269608118657
2679.8248291015625,2.2847301228591126e-05,1.0580234408099057e-05,94.337947030003
2698.8983154296875,2.0385857616191173e-05,9.440377663490646e-06,94.35660808947358
2703.6666870117188,2.018369456933684e-05,9.34675906044541e-06,94.36108729191669
2717.9718017578125,2.314409349553469e-05,1.071767435005791e-05,94.37531144797391
2722.7401733398438,2.2945840099075224e-05,1.0625866246082897e-05,94.38040014459585
2727.508544921875,2.1818233405956563e-05,1.0103688899446997e-05,94.38534245567907
2741.8136596679688,1.8181402648895065e-05,8.419528414700424e-06,94.39835293010329
2746.58203125,1.8204983447494275e-05,8.43044832047895e-06,94.4023702776144
2751.3504028320312,1.8451486991000565e-05,8.54460032673253e-06,94.40641744459303
2770.4238891601562,2.3635349097077783e-05,1.0945167276535955e-05,94.42442647988605
2775.1922607421875,2.520913083443098e-05,1.1673961435714158e-05,94.42981930041414
2794.2657470703125,2.0915955407435937e-05,9.685857811647777e-06,94.45104335737055
2799.0341186523438,1.9866175577761503e-05,9.199720890541725e-06,94.45554603021023
2818.1076049804688,1.2199386193074413e-05,5.64934844016208e-06,94.46933794747252
2822.8759765625,1.1336199111848453e-05,5.249619755971372e-06,94.47193646398351
2841.949462890625,8.686586950452745e-06,4.022625045408558e-06,94.48056979767459
2846.7178344726562,8.666938978111134e-06,4.013526371086448e-06,94.48248576547675
2870.5596923828125,1.089551813900338e-05,5.045547163535144e-06,94.49300664402902
2875.3280639648438,1.0719793289293466e-05,4.96417168366305e-06,94.49539314697378
2894.4015502929688,1.0341901245497039e-05,4.789175680226176e-06,94.50470071719373
2899.169921875,1.058494526345857e-05,4.9017256333165355e-06,94.50701120811512
2918.243408203125,1.2359602427588703e-05,5.723542118451877e-06,94.51693610019262
2923.0117797851562,1.3952961114739813e-05,6.461402062502663e-06,94.51984121727067
2946.8536376953125,2.4957125447336453e-05,1.1557261610168581e-05,94.54094392979995
2951.6220092773438,2.6965089234554123e-05,1.2487118810333282e-05,94.54667655681519
2970.6954956054688,3.026128550815834e-05,1.4013536695794224e-05,94.57160856145278
2975.4638671875,3.275137570641229e-05,1.5166659234480217e-05,94.57856566230438
2999.3057250976562,7.148612246030366e-05,3.310412573409779e-05,94.62786633420266
3004.0740966796875,6.930951339366244e-05,3.209617149436293e-05,94.64341129642486
3023.1475830078125,7.41120477347342e-05,3.432015141098865e-05,94.70630470453793
3027.9159545898438,7.08448047666971e-05,3.280714135679516e-05,94.72230909829855
3051.7578125,6.527534537128344e-05,3.0228010222649386e-05,94.79826548514006
3056.5261840820312,6.295051894827872e-05,2.9151418800869058e-05,94.81242264423571
3066.0629272460938,6.018418905402201e-05,2.787037390026866e-05,94.8395793466455
3075.5996704101562,6.0487992880180585e-05,2.8011060787646533e-05,94.8663522655252
3080.3680419921875,6.254440477653071e-05,2.8963353563292203e-05,94.8799360244399
3099.4415283203125,6.894976919117363e-05,3.19295794775989e-05,94.93779806410977
3104.2098999023438,6.340240609052537e-05,2.936068079829887e-05,94.95241080087752
3108.978271484375,6.113203202054715e-05,2.830930542515942e-05,94.96616039704972
3132.8201293945312,4.9589923136979784e-05,2.2964332015384155e-05,95.0268361261521
3137.5885009765625,4.948592455824149e-05,2.291617187033458e-05,95.03777489069701
3147.125244140625,4.8479551885989255e-05,2.2450136137369796e-05,95.05934144972939
3161.4303588867188,5.3171873463121143e-05,2.4623078215189894e-05,95.0932757131301
3166.19873046875,5.7034107553635814e-05,2.6411619522880975e-05,95.10544333324968
3175.7354736328125,6.132315716912747e-05,2.8397812546986654e-05,95.13197650737246
3190.0405883789062,5.1217384204392945e-05,2.3717984248136206e-05,95.16963731979855
3194.8089599609375,4.906907335855461e-05,2.2723134479972462e-05,95.1807097453376
3213.8824462890625,4.467582065830898e-05,2.0688686607221266e-05,95.22121498808328
3218.6508178710938,4.571391598002131e-05,2.116941261209063e-05,95.23119473662305
3228.1875610351562,4.995893831171087e-05,2.3135217277049757e-05,95.25270757563683
3242.49267578125,3.6311909172657e-05,1.6815487615296093e-05,95.28060740876556
3247.2610473632812,3.373960751729765e-05,1.5624294213075545e-05,95.28834165545544
3271.1029052734375,2.0992623458205972e-05,9.72136160882028e-06,95.31771834112105
3275.8712768554688,1.896388365682492e-05,8.781883355485435e-06,95.32212985849421
3299.713134765625,1.1900388199591428e-05,5.510887060108908e-06,95.3382700916559
3304.4815063476562,1.0903684788550435e-05,5.049329013552007e-06,95.34078784336721
3323.5549926757812,1.692548976460583e-05,7.837934440909617e-06,95.35088243455222
3333.0917358398438,7.364350566487323e-06,3.4103176772295593e-06,95.35556987381247
3337.860107421875,7.000253733113193e-06,3.241710023931576e-06,95.35715584080512
3361.7019653320312,5.930539383729892e-06,2.7463417328172035e-06,95.36415782702282
3366.4703369140625,5.895234811495124e-06,2.729992727471483e-06,95.36546348690352
3390.3121948242188,6.901092277198082e-06,3.19578987619363e-06,95.37231619977602
3395.08056640625,7.475984063512653e-06,3.462013435713532e-06,95.37390354378157
3418.9224243164062,9.211191184221554e-06,4.265561211445069e-06,95.38327281969111
3423.6907958984375,9.506978932969497e-06,4.402535976450613e-06,95.38533945510618
3452.301025390625,1.4820354459831597e-05,6.863078602907875e-06,95.399757687146
3457.0693969726562,1.283572992176434e-05,5.944029450680643e-06,95.40281113965054
3480.9112548828125,1.2028005515702853e-05,5.569984679800712e-06,95.41651744813244
3485.6796264648438,1.2029428716744755e-05,5.570643742351799e-06,95.41917358093116
3499.9847412109375,1.2948578244946392e-05,5.996287776505703e-06,95.42735900051314
3509.521484375,1.2303811029145774e-05,5.697705978437968e-06,95.43291700314262
3514.2898559570312,1.1914326842872603e-05,5.517341831802519e-06,95.43559087890608
3538.1317138671875,1.0754555078902092e-05,4.980269334708332e-06,95.44820808380817
3542.9000854492188,1.1421866254317678e-05,5.289290894340317e-06,95.450656537766
3547.66845703125,1.6932858302561602e-05,7.841346697702533e-06,95.4537871257234
3571.5103149414062,8.943830819322059e-06,4.141750731433904e-06,95.46562244034263
3576.2786865234375,8.848853751176718e-06,4.0977683094262576e-06,95.46758689476485
3585.8154296875,8.55909575739165e-06,3.963585831364906e-06,95.47147065134915
3604.888916015625,8.938158927018952e-06,4.13912416519293e-06,95.47922945156685
3609.6572875976562,9.275205947034776e-06,4.295205465239701e-06,95.481240352453
3633.4991455078125,1.225566336382407e-05,5.675409533872827e-06,95.49307554449604
3638.2675170898438,1.2118055026228785e-05,5.611685225531106e-06,95.49576659759076
3643.035888671875,1.2210502732912996e-05,5.6544963390811875e-06,95.4984526645913
3666.8777465820312,1.4156324779331036e-05,6.555576653187913e-06,95.51295156725189
3671.6461181640625,1.609182430988219e-05,7.451876768685609e-06,95.51629120439357
3676.4144897460938,2.3232820264719446e-05,1.0758762354582194e-05,95.52063295909785
3700.25634765625,1.730480005311084e-05,8.013587211695716e-06,95.54031409401331
3705.0247192382812,1.73578796775599e-05,8.038167570808859e-06,95.54414113058066
3733.6349487304688,2.151922327766874e-05,9.965221899952018e-06,95.56961987448403
3738.4033203125,2.2221149577361235e-05,1.0290273192166024e-05,95.57444916084289
3767.0135498046875,2.5243363362299954e-05,1.1689813993773938e-05,95.6056237748954
3771.7819213867188,3.764584614657857e-05,1.7433213347036307e-05,95.61256724569314
3776.55029296875,3.866938861302855e-05,1.7907200148074007e-05,95.62099305686351
3795.623779296875,2.1876849233504748e-05,1.0130832989214082e-05,95.642910548082
3800.3921508789062,2.1932561531095337e-05,1.0156632498837763e-05,95.64774745677724
3805.1605224609375,2.2054189118656708e-05,1.02129563672026e-05,95.65260394521155
3809.9288940429688,2.158944741623722e-05,9.99774162032195e-06,95.6574225511084
3833.770751953125,2.3725639306521415e-05,1.0986979286239513e-05,95.68189358861271
3838.5391235351562,2.4868417757336638e-05,1.1516182440921907e-05,95.68725876045701
3857.6126098632812,3.069574002524552e-05,1.4214725912168173e-05,95.71200423538639
3867.1493530273438,2.981254856730249e-05,1.380573350826121e-05,95.72538449544614
3871.917724609375,2.9338634265955447e-05,1.3586271071650642e-05,95.73191525825682
3890.9912109375,2.4892026492125024e-05,1.1527115283520716e-05,95.75596713906937
3900.5279541015625,2.7333759995684167e-05,1.2657844579348264e-05,95.7673241115674
3905.2963256835938,2.6638458434189195e-05,1.2335861101679216e-05,95.77328307536236
3938.6749267578125,1.712427391262612e-05,7.929988327783442e-06,95.80484002898015
3943.4432983398438,1.6878466348270913e-05,7.816158618788864e-06,95.8085942029615
3972.0535278320312,1.4154730211966013e-05,6.554838233523697e-06,95.82902195992982
3976.8218994140625,1.39994625832719e-05,6.482936178609761e-06,95.83213040757981
3991.1270141601562,1.254647880667498e-05,5.810081700360804e-06,95.84089801616915
4000.6637573242188,2.7988524460270995e-05,1.2961055949834025e-05,95.8492595549625
4005.43212890625,1.3763819274283275e-05,6.373813380216407e-06,95.85386934703529
4010.2005004882812,1.0327782892119424e-05,4.782637687546121e-06,95.85652925224667
4043.5791015625,7.95612996344024e-06,3.6843616299485853e-06,95.87030830535207
4048.3474731445312,7.775026598009512e-06,3.600495442026359e-06,95.87204515062413
4053.1158447265625,7.734585151576306e-06,3.5817676291094247e-06,95.8737575355803
4076.9577026367188,8.54828123879156e-06,3.958577793844198e-06,95.88262553160465
4081.72607421875,8.82175679801262e-06,4.085220126454753e-06,95.8845433224754
4096.031188964844,9.621352101820271e-06,4.455500434892819e-06,95.89063720210996
4115.104675292969,9.24026159963438e-06,4.27902327448399e-06,95.89897291155692
4119.873046875,9.22633556419534e-06,4.272574341288495e-06,95.90101177130951
4129.4097900390625,1.011418081667729e-05,4.683721845993416e-06,95.90530935768734
4148.4832763671875,9.358352783230106e-06,4.33370948846926e-06,95.9137998232657
4153.251647949219,9.17358929693126e-06,4.248148354769446e-06,95.91584589761874
4186.6302490234375,8.71672817614158e-06,4.036582984245387e-06,95.92962973608005
4191.398620605469,8.6426410431566e-06,4.002274370472476e-06,95.93154634902817
4220.008850097656,7.689832972630642e-06,3.5610435821517123e-06,95.94247396051088
4224.7772216796875,9.781379621873353e-06,4.529606722413097e-06,95.94440292186052
4229.545593261719,8.06588175330436e-06,3.7351859987373897e-06,95.94637340199765
4258.155822753906,4.803792580650034e-06,2.22456258805577e-06,95.95403138124499
4262.9241943359375,4.52341565463421e-06,2.094724338444151e-06,95.95506117949674
4296.302795410156,3.5193726340953655e-06,1.6297674314190382e-06,95.96148567561576
4301.0711669921875,3.2920722682750197e-06,1.524508121911776e-06,95.96223771351129
4334.449768066406,1.949871269848151e-06,9.029554473066033e-07,95.96615188184303
4339.2181396484375,1.8035674191289632e-06,8.352043803455978e-07,95.9665662914394
4353.523254394531,1.854941859787086e-06,8.589950950260569e-07,95.96774079216763
4372.596740722656,1.5317816739600843e-06,7.093445746776908e-07,95.9691884048303
4377.3651123046875,1.5895116251608614e-06,7.360784287097806e-07,95.96953302052896
4410.743713378906,2.4956395049318917e-06,1.155692337406098e-06,95.97253854596785
4415.5120849609375,2.6860302621356185e-06,1.2438593738624699e-06,95.97311064367734
4453.6590576171875,6.772819116911377e-06,3.136388545133897e-06,95.98022673669607
4458.427429199219,5.012237001225412e-06,2.3210899988288226e-06,95.98152790097599
4463.19580078125,4.9160201760450845e-06,2.2765334643731455e-06,95.98262405982932
4491.8060302734375,6.252048269199742e-06,2.895227561323761e-06,95.99000306291954
4496.574401855469,6.5240154061114135e-06,3.021171366722719e-06,95.99141364234535
4529.9530029296875,9.06287363645876e-06,4.196877632300892e-06,96.00333791816168
4534.721374511719,9.535651996170408e-06,4.415814031781027e-06,96.00539134387046
4568.0999755859375,1.1932509033030954e-05,5.525761724900757e-06,96.02255708105858
4572.868347167969,1.225261178890137e-05,5.673996396379125e-06,96.02522731147613
4611.015319824219,1.371237576362396e-05,6.349990680278877e-06,96.0486062013357
4615.78369140625,1.3804949500854796e-05,6.392860156640064e-06,96.05164433372593
4634.857177734375,1.4393185519303711e-05,6.665263225177897e-06,96.06418706755642
4649.162292480469,1.3994596642071161e-05,6.4806828359499535e-06,96.07362246494128
4653.9306640625,1.3986106058083283e-05,6.476750976867141e-06,96.07671175789973
4692.07763671875,1.1542950066996265e-05,5.345362948905897e-06,96.09991986112347
4696.846008300781,1.1126875071942996e-05,5.1526850069919805e-06,96.10242279080043
4734.992980957031,7.49604568207175e-06,3.4713036632479553e-06,96.1188131976111
4739.7613525390625,7.383455513084505e-06,3.4191648846668846e-06,96.12045601333162
4773.139953613281,5.680054419647892e-06,2.6303459918245918e-06,96.13050468468447
4777.9083251953125,5.261712604245387e-06,2.4366183202110485e-06,96.1317127431161
4816.0552978515625,3.3520740520466236e-06,1.5522940267263548e-06,96.13917294123173
4820.823669433594,3.213821753805418e-06,1.4882715100966926e-06,96.13989786854668
4854.2022705078125,2.616126218587006e-06,1.2114878845815938e-06,96.14428430270472
4858.970642089844,2.627035150819921e-06,1.2165396436060633e-06,96.14486318957802
4863.739013671875,2.5290925436624876e-06,1.1711839260139464e-06,96.14543246723876
4901.885986328125,3.019074967809494e-06,1.3980872635878617e-06,96.15026037891732
4906.654357910156,3.1238950742536415e-06,1.446627845504519e-06,96.15093861185157
4944.801330566406,3.943782448465081e-06,1.826305100187994e-06,96.15721358399536
4949.5697021484375,4.06294236611227e-06,1.8814862285034621e-06,96.15809759033554
4987.7166748046875,5.0974105992612865e-06,2.360532584348422e-06,96.16608009802626
4992.485046386719,5.436316953035853e-06,2.5174749133111927e-06,96.16724310564271
5030.632019042969,6.319029843358431e-06,2.9262456999009143e-06,96.1777481463608
5035.400390625,6.280755595634155e-06,2.9085214834315424e-06,96.17913926326203
5040.168762207031,6.334927115057842e-06,2.933607482342795e-06,96.18053213534898
5073.54736328125,6.859560022881364e-06,3.1765569268937905e-06,96.19077112706836
5078.315734863281,6.818453143077668e-06,3.1575209619998537e-06,96.19228128891855
5083.0841064453125,6.910793728826065e-06,3.200282469489264e-06,96.19379710737888
5097.389221191406,7.199870188093138e-06,3.334149339379417e-06,96.19843035479481
5121.2310791015625,6.717523492512618e-06,3.1107819904678714e-06,96.20604495915327
5125.999450683594,6.64492613624494e-06,3.077163269419141e-06,96.20752028026968
5168.914794921875,5.445101562706685e-06,2.5215429311733964e-06,96.21956898521702
5173.683166503906,5.217261036505127e-06,2.416033481687061e-06,96.2207461951696
5211.830139160156,3.82421039328782e-06,1.7709331173101898e-06,96.22893656461727
5216.5985107421875,3.607360164143107e-06,1.6705131056490343e-06,96.22975706933582
5259.513854980469,2.2687599558121956e-06,1.0506279016518086e-06,96.2354241533943
5264.2822265625,2.1554757535558264e-06,9.98167726919793e-07,96.23591262433693
5307.197570800781,1.400035972053695e-06,6.483351629102819e-07,96.2393695157514
5311.9659423828125,1.3478574226486116e-06,6.241720778151587e-07,96.23967290511963
5321.502685546875,1.4753075112287784e-06,6.831922570047998e-07,96.24027797417357
5354.881286621094,9.061078546975296e-07,4.196046353922385e-07,96.24197259144842
5359.649658203125,8.275611715677082e-07,3.8323087241789547e-07,96.24216400234944
5388.2598876953125,6.422568314652571e-07,2.974192776257459e-07,96.2431106250229
5402.565002441406,6.908366677871874e-07,3.1991585394566174e-07,96.24354864654266
5407.3333740234375,7.487144676997054e-07,3.467181744461324e-07,96.2437075844805
5450.248718261719,1.3610385714435111e-06,6.302760654425267e-07,96.24559646842819
5455.01708984375,1.2262642458362684e-06,5.678641445398659e-07,96.2458821273146
5459.785461425781,1.0507712611425408e-06,4.865960377967801e-07,96.246133530213
5497.932434082031,1.6146064505042932e-06,7.476994570276265e-07,96.24836260481197
5502.7008056640625,1.7161187719195514e-06,7.947082544841808e-07,96.24873034346696
5545.616149902344,3.179980022042343e-06,1.4725999237133838e-06,96.25336165816633
5550.384521484375,3.5065896474111712e-06,1.6238478265518717e-06,96.2540999088392
5555.152893066406,3.419743529557784e-06,1.583630722784168e-06,96.25486463131743
5593.299865722656,5.1339302140586475e-06,2.3774442572494667e-06,96.26238593954851
5598.0682373046875,5.2312991489284575e-06,2.4225343160131837e-06,96.26353034361966
5640.983581542969,6.43843369256791e-06,2.981539789177624e-06,96.27515123459703
5645.751953125,6.420708521867174e-06,2.9733315347732625e-06,96.27657098655682
5655.2886962890625,6.609016352710604e-06,3.0605340000128303e-06,96.27943032313776
5688.667297363281,5.819239168909426e-06,2.6948003122051847e-06,96.28927043415317
5693.4356689453125,5.8302283376561925e-06,2.6998892275272905e-06,96.29055662836794
5698.204040527344,5.642567506119043e-06,2.6129863777326206e-06,96.29182331662068
5741.119384765625,4.466623538681824e-06,2.0684247815163394e-06,96.30195168761713
5745.887756347656,4.338639879912979e-06,2.0091575141646043e-06,96.30292385899423
5793.571472167969,3.338399953756079e-06,1.5459617617561577e-06,96.3114446160143
5798.33984375,3.405021773104456e-06,1.5768133034042265e-06,96.31218914360818
5846.0235595703125,2.808989135305928e-06,1.3007997401526298e-06,96.31918856072976
5850.791931152344,2.7805848284588637e-06,1.2876461417632742e-06,96.319805694319
5888.938903808594,2.4614976206832323e-06,1.1398817550151696e-06,96.32443656830932
5898.475646972656,2.604577874199663e-06,1.2061400236057582e-06,96.32555829856639
5903.2440185546875,2.6250143851274215e-06,1.2156038580401194e-06,96.32613568730162
5917.549133300781,2.4864198662440623e-06,1.1514228642854328e-06,96.3278238970343
5946.159362792969,2.6495527893174474e-06,1.2269672162649525e-06,96.3312239014412
5950.927734375,2.7774961234044397e-06,1.2862158098756556e-06,96.3318230909673
5955.696105957031,2.7734217839323676e-06,1.2843290458223698e-06,96.3324359566193
5998.6114501953125,3.999982747686873e-06,1.8523305958744499e-06,96.33878503216414
6003.379821777344,3.926980988681856e-06,1.8185246021271413e-06,96.33966023224453
6008.148193359375,3.773712441773476e-06,1.7475482912948536e-06,96.34051045027675
6055.8319091796875,5.320858868437485e-06,2.4640080470437587e-06,96.35039958431713
6060.600280761719,5.348911603841343e-06,2.4769988380956914e-06,96.35157761215804
6065.36865234375,5.287714633979568e-06,2.448659460953296e-06,96.35275198061083
6093.9788818359375,5.8437243328795415e-06,2.706139015701612e-06,96.36009986381721
6108.283996582031,5.528879805608993e-06,2.5603393491545206e-06,96.36389448605391
6113.0523681640625,5.347500686189151e-06,2.476345463793783e-06,96.3650953252904
6117.820739746094,5.425170019420576e-06,2.512312939500756e-06,96.36628471413853
6160.736083984375,4.303304713537038e-06,1.9927943411418407e-06,96.37611600402637
6165.504455566406,4.340529320171929e-06,2.0100324849386043e-06,96.37707035231064
6213.188171386719,3.122174043486328e-06,1.4458308625803854e-06,96.38509610406426
6217.95654296875,3.0155507248621795e-06,1.3964552407891683e-06,96.38577375787843
6222.724914550781,3.247286701559201e-06,1.5037686135903312e-06,96.38646522512886
6265.6402587890625,2.533079360828168e-06,1.173030159830934e-06,96.39192140186887
6270.408630371094,2.5443523889855743e-06,1.178250526087812e-06,96.39248199086907
6275.177001953125,2.589457069384504e-06,1.1991378110563261e-06,96.39304880441837
6279.945373535156,2.5987236116017182e-06,1.2034290044813063e-06,96.39362162098473
6327.629089355469,2.2258043951680555e-06,1.0307358410447738e-06,96.39902972995628
6332.3974609375,2.1310403717246426e-06,9.86852076767564e-07,96.39951076040086
6380.0811767578125,1.6933256950257999e-06,7.841531305330012e-07,96.40369136825686
6384.849548339844,1.6009419301995553e-06,7.413716274755988e-07,96.40405508170204
6437.3016357421875,1.1291120366948384e-06,5.228744481334174e-07,96.40742308919008
6442.070007324219,1.0694033606767787e-06,4.95224277019213e-07,96.40766582284151
6494.5220947265625,5.566471277954801e-07,2.57774738282926e-07,96.40961949010779
6499.290466308594,5.966884583254073e-07,2.76317263668316e-07,96.409746827564
6527.900695800781,4.3097348999709934e-07,1.9957720617521808e-07,96.4103699893532
6551.7425537109375,6.396843855487887e-07,2.9622801741842073e-07,96.41094462922995
6556.510925292969,6.38737172429857e-07,2.9578937756627995e-07,96.41108577717607
6608.9630126953125,1.5886810475090536e-06,7.356938009516776e-07,96.41360507409281
6613.731384277344,1.6369367256723007e-06,7.58040264605338e-07,96.41396120804629
6666.1834716796875,3.292126594287755e-06,1.524533279454168e-06,96.41992630822755
6670.951843261719,3.468255431376015e-06,1.6060958396784675e-06,96.42067270837383
6728.172302246094,4.9635821529456435e-06,2.298558685622944e-06,96.43200773620867
6732.940673828125,5.063324733605217e-06,2.344747943307629e-06,96.43311478677748
6775.856018066406,5.7866596137307895e-06,2.6797132204190344e-06,96.44373661285857
6785.392761230469,5.203559298516645e-06,2.4096884171971213e-06,96.44611556586706
6790.1611328125,5.127225920267218e-06,2.3743396017304455e-06,96.44725616702972
6847.381591796875,3.5461420035818543e-06,1.6421639154190668e-06,96.45889322839425
6852.149963378906,3.2868954381750178e-06,1.5221108113760186e-06,96.4596476502785
6904.60205078125,1.9407602000130424e-06,8.987362507546981e-07,96.46594824806597
6909.370422363281,1.8251830304058287e-06,8.452142380480644e-07,96.46636403826355
6966.590881347656,1.1262345547109947e-06,5.215419304067262e-07,96.47000333859988
6971.3592529296875,1.1071088351124507e-06,5.126851033114131e-07,96.47024991753972
7014.274597167969,9.849245943256136e-07,4.561034573845575e-07,96.47233199261416
7028.5797119140625,1.0080351214834017e-06,4.668055876789728e-07,96.47299612091149
7033.348083496094,9.858297949983239e-07,4.565226419179e-07,96.47321625951604
7042.884826660156,1.0189642701223195e-06,4.7186670861066536e-07,96.47365224697715
7090.568542480469,7.803385168959006e-07,3.6136278608237654e-07,96.47566017582598
7095.3369140625,7.54889154896656e-07,3.4957757728267706e-07,96.47582967721723
7152.557373046875,4.122546959651043e-07,1.9090882006195608e-07,96.4773551451873
7157.325744628906,3.588333358935236e-07,1.6617020842893386e-07,96.4774402794619
7209.77783203125,2.407144306032182e-07,1.1147115695253563e-07,96.47813231456927
7214.546203613281,2.55187130882351e-07,1.1817324224214373e-07,96.47818706606061
7219.3145751953125,2.5052743207215573e-07,1.1601540726681144e-07,96.47824290098566
7262.229919433594,2.486548598527295e-07,1.1514824782292795e-07,96.47876616404828
7281.303405761719,3.0260596041632484e-07,1.401321741443197e-07,96.47900674880245
7286.07177734375,3.134917288252939e-07,1.451732063575705e-07,96.47907477090587
7343.292236328125,4.596650501289325e-07,2.12863827150346e-07,96.48011907612322
7348.060607910156,4.6112687196915623e-07,2.1354077440016345e-07,96.48022073890245
7352.8289794921875,4.59607293125011e-07,2.1283708076861428e-07,96.48032239530482
7367.134094238281,4.802100965165303e-07,2.2237792268973664e-07,96.48063280024607
7410.0494384765625,4.743868504758935e-07,2.1968126685675485e-07,96.48157072005365
7414.817810058594,4.659571721378051e-07,2.1577761224523164e-07,96.48167454154087
7452.964782714844,5.09136122234111e-07,2.3577312107770738e-07,96.4825181837426
7472.038269042969,4.789373879194726e-07,2.2178855087923927e-07,96.48294363963987
7476.806640625,4.722399948063936e-07,2.186870909584111e-07,96.48304865721651
7486.3433837890625,4.4457752652769745e-07,2.0587702662009196e-07,96.48325037688402
7500.648498535156,5.015101162887355e-07,2.3224163481189576e-07,96.4835577711304
7538.795471191406,4.8214612229888e-07,2.2327446650436234e-07,96.48438433523991
7543.5638427734375,5.01761718093077e-07,2.3235814774446493e-07,96.4844929665204
7605.552673339844,6.08615064969261e-07,2.818402920874123e-07,96.48612045298752
7610.321044921875,6.138184428544951e-07,2.842498964949037e-07,96.48625541940592
7653.236389160156,6.867125611115494e-07,3.1800604346451606e-07,96.4875388179308
7672.309875488281,6.838345646537211e-07,3.166732874928218e-07,96.48812618727442
7677.0782470703125,6.533995666809614e-07,3.025793072218017e-07,96.48827382859815
7739.067077636719,4.1719785354634435e-07,1.9319792044201515e-07,96.4898590079494
7743.83544921875,3.96560592025079e-07,1.8364112149006755e-07,96.48994885337832
7748.603820800781,4.170318862287146e-07,1.9312106352543504e-07,96.49003868048314
7810.5926513671875,2.467966789287239e-07,1.1428775276699396e-07,96.49095011562949
7815.361022949219,2.406114857261927e-07,1.1142348476057103e-07,96.49100392938202
7843.971252441406,2.0744636605851197e-07,9.606522705013262e-08,96.49130280213892
7872.581481933594,2.5049937782086147e-07,1.1600241577377395e-07,96.49158816518802
7877.349853515625,2.4757234565607495e-07,1.1464695211906741e-07,96.49164315628258
7882.118225097656,2.5203615646781196e-07,1.1671407436992142e-07,96.49169831704978
7948.875427246094,2.9674514570857215e-07,1.37418120838415e-07,96.49256512746399
7953.643798828125,3.060184568367553e-07,1.4171244884213702e-07,96.49263167737779
7958.412170410156,3.0306749787632287e-07,1.4034590505573197e-07,96.49269892532976
8020.4010009765625,4.930060368258346e-07,2.2830352618180528e-07,96.49383808990538
8025.169372558594,5.192260175519306e-07,2.404455966820523e-07,96.49394984840521
8087.158203125,6.821581893304184e-07,3.1589698381918264e-07,96.49564717220471
8091.926574707031,6.848311756459699e-07,3.17134802741655e-07,96.49579809874379
8130.073547363281,7.39532642052341e-07,3.4246621196393587e-07,96.49703271629866
8158.683776855469,6.209427759301771e-07,2.875490657573005e-07,96.49792742966963
8163.4521484375,6.098562825506019e-07,2.824150808920352e-07,96.4980633197116
8215.904235839844,4.3906196283259494e-07,2.033228537572613e-07,96.4993625292647
8230.209350585938,4.784833925058187e-07,2.2157831257369057e-07,96.49968661974442
8234.977722167969,4.445552003210214e-07,2.0586668769657044e-07,96.49978853057402
8239.74609375,4.363891787347805e-07,2.0208512847871818e-07,96.49988579386638
8306.503295898438,9.69505873345034e-07,4.489632844330379e-07,96.50183526223121
8311.271667480469,1.1025930029169477e-06,5.105938907564583e-07,96.5020640384895
8378.028869628906,2.9401142707620123e-06,1.3615217771249002e-06,96.5081802461073
8382.797241210938,3.1391485640867215e-06,1.453691502448543e-06,96.50885144525728
8454.322814941406,5.607859581502435e-06,2.5969136707381154e-06,96.52303585730411
8459.091186523438,5.7275185677003445e-06,2.6523259100368677e-06,96.52428737354631
8516.311645507812,7.486239694168315e-06,3.4667626608081796e-06,96.54189370363852
8525.848388671875,7.395672644623237e-06,3.424822450704164e-06,96.54517828686839
8530.616760253906,7.393462371217236e-06,3.4237989070257436e-06,96.5468111254413
8540.153503417969,7.4524737355924135e-06,3.451126163824451e-06,96.55007505794421
8602.142333984375,5.714517206056521e-06,2.6463051790787633e-06,96.56948700711662
8606.910705566406,5.634414077813223e-06,2.6092106502695774e-06,96.5707400197331
8678.436279296875,2.549581005671681e-06,1.1806718181964782e-06,96.58378527866907
8683.204650878906,2.355692769016607e-06,1.0908851527054763e-06,96.58432686005442
8754.730224609375,9.827345703147472e-07,4.550892908901212e-07,96.58934028736421
8759.498596191406,9.722002326263199e-07,4.502110008477875e-07,96.58955612777345
8764.266967773438,9.588523895206735e-07,4.4402981964448896e-07,96.58976933139924
8831.024169921875,1.6119501441984092e-06,7.46469362361531e-07,96.59357138450375
8835.792541503906,1.6295656099894502e-06,7.546268141065903e-07,96.59392927372123
8902.549743652344,2.0214523821056177e-06,9.361035613573213e-07,96.59977267864679
8907.318115234375,1.9763918182792375e-06,9.152367060962018e-07,96.60021407256278
8912.086486816406,1.9811243883008508e-06,9.174282866106982e-07,96.60065101394633
8916.854858398438,1.99409236143266e-06,9.234335558615265e-07,96.60108990961113
8988.380432128906,1.3428302388579034e-06,6.218440661876091e-07,96.60681583712622
8993.148803710938,1.3007291628542658e-06,6.023477042980807e-07,96.60710770718867
9069.442749023438,5.414901968584522e-07,2.507557962811265e-07,96.61027779070128
9074.211120605469,5.125113978760151e-07,2.3733615940446625e-07,96.61039416089183
9145.736694335938,2.3958404954366873e-07,1.1094769483940245e-07,96.61151009146326
9150.505065917969,2.3134983809139802e-07,1.0713455794155929e-07,96.61156208632407
9222.030639648438,2.0325846242017065e-07,9.412587317507915e-08,96.61229049377377
9226.799011230469,2.0384937456455802e-07,9.439951551645061e-08,96.61233544172906
9231.5673828125,2.0488800475397634e-07,9.488048921034242e-08,96.61238056959884
9236.335754394531,2.0317597241336536e-07,9.408767331945535e-08,96.61242562311965
9307.861328125,4.3462864756187585e-07,2.0126985352323298e-07,96.6133693917201
9312.629699707031,4.5805594226423676e-07,2.121186740039826e-07,96.61346795122545
9393.692016601562,1.4403441203389167e-06,6.670012475015061e-07,96.61686680490857
9398.460388183594,1.5265327271121914e-06,7.069138679832448e-07,96.6171943717982
9474.754333496094,2.603794692130527e-06,1.2057773440142926e-06,96.62463663092764
9479.522705078125,2.6673117120766895e-06,1.235191100729389e-06,96.62521860315589
9498.59619140625,2.7607898464663193e-06,1.2784793895289609e-06,96.62758377552888
9555.816650390625,2.335764322974054e-06,1.0816565953187723e-06,96.63447176983983
9560.585021972656,2.222050540900104e-06,1.0289974887688791e-06,96.63497498898754
9641.647338867188,8.961080120146809e-07,4.1497386178050644e-07,96.64078270211373
9646.415710449219,8.301575422373549e-07,3.8443321181108377e-07,96.64097329561234
9713.172912597656,4.004193288890916e-07,1.8542804328586095e-07,96.64260677695489
9727.47802734375,4.3341280654610917e-07,2.0070681621650307e-07,96.64288240021698
9732.246398925781,4.63373022812544e-07,2.1458093236898529e-07,96.64298141253192
9813.308715820312,9.88844449675694e-07,4.579186822128533e-07,96.64565739921959
9818.077087402344,1.0336721471774896e-06,4.786777006544201e-07,96.64588070119838
9875.297546386719,1.286591313369215e-06,5.958006832700096e-07,96.6490019450293
9899.139404296875,1.2715065961736102e-06,5.888151823431143e-07,96.65039815088144
9903.907775878906,1.2483945894751956e-06,5.781123668961512e-07,96.65067636808965
9984.970092773438,9.985788980915913e-07,4.624265558143471e-07,96.6549049899318
9989.738464355469,9.94141367519948e-07,4.6037160353918124e-07,96.65512500215775
10061.264038085938,8.450561180491636e-07,3.9133251352110426e-07,96.65808907238055
10075.569152832031,8.918667447271299e-07,4.13009796018834e-07,96.65866495468968
10080.337524414062,8.80859478789657e-07,4.079125001655711e-07,96.65886067781707
10166.168212890625,1.4094851209847425e-06,6.527109187007476e-07,96.6631579797616
10170.936584472656,1.4698287073020474e-06,6.80655107026303e-07,96.66347587899487
10251.998901367188,2.945480131796611e-06,1.3640066249841429e-06,96.67160104071183
10256.767272949219,3.0858542936455993e-06,1.4290117440720885e-06,96.6722669481828
10342.597961425781,4.981736047292577e-06,2.3069654753653604e-06,96.68851309689278
10347.366333007812,5.002725283300844e-06,2.316685268298124e-06,96.68961546113334
10380.744934082031,5.275891576753802e-06,2.4431843846798484e-06,96.69763497918741
10433.197021484375,4.418918146611323e-06,2.0463331469032962e-06,96.70967784572291
10437.965393066406,4.270613421049573e-06,1.9776555055235544e-06,96.71063723937974
10528.564453125,1.4057177078015571e-06,6.509662874993879e-07,96.72254690593257
10533.332824707031,1.2643513582365887e-06,5.855017015139354e-07,96.72284170287362
10590.553283691406,5.492337586934305e-07,2.54341720874494e-07,96.72503175229856
10619.163513183594,6.93282588908418e-07,3.2104852246293746e-07,96.72582227987382
10623.931884765625,7.79239467063857e-07,3.608538329796507e-07,96.72598485806448
10714.530944824219,2.4117470270887226e-06,1.1168430189777911e-06,96.7326358761743
10719.29931640625,2.478128371694559e-06,1.1475832004647694e-06,96.73317575745601
10776.519775390625,2.9705632178471544e-06,1.375622217015694e-06,96.74038965070257
10809.898376464844,2.4746877032886495e-06,1.1459898797530211e-06,96.74447997314232
10814.666748046875,2.444196961114696e-06,1.1318700851983085e-06,96.74502305727854
10905.265808105469,1.0803017832026442e-06,5.002711691597109e-07,96.75246836029545
10910.0341796875,1.0157600152710164e-06,4.7038286738623006e-07,96.75269978225167
10995.864868164062,3.189368144279057e-07,1.47694741897869e-07,96.75503465250402
11000.633239746094,3.2633615571343444e-07,1.5112126323984923e-07,96.75510589579139
11005.401611328125,2.807344742322188e-07,1.3000382470093946e-07,96.7551729212354
11076.927185058594,1.5349856819479512e-07,7.10828301583459e-08,96.75581154348248
11096.000671386719,1.7980567580110918e-07,8.326524777910102e-08,96.75595455450772
11100.76904296875,1.8429499219390405e-07,8.534418127293758e-08,96.75599475412821
11196.136474609375,7.563234323541512e-07,3.5024176915176147e-07,96.75781152875767
11200.904846191406,8.157671792478373e-07,3.7776925565611355e-07,96.75798510011178
11291.50390625,1.519734589422159e-06,7.037657547956326e-07,96.76303804395646
11296.272277832031,1.4954566279388632e-06,6.92523003589524e-07,96.76337094513825
11310.577392578125,1.5159585198165336e-06,7.020171149379492e-07,96.76436229025043
11391.639709472656,8.332554179547969e-07,3.858677904919425e-07,96.7690628726821
11396.408081054688,7.94940533783e-07,3.681247559076441e-07,96.76924263851366
11482.23876953125,1.9080182043450384e-07,8.835739352719864e-08,96.77085364442244
11491.775512695312,2.062770718034493e-07,9.552374483361923e-08,96.77094082725415
11496.543884277344,2.2399905589305202e-07,1.0373052356729118e-07,96.77098833317372
11596.6796875,1.4669165316043485e-06,6.793065231734028e-07,96.7743202314322
11601.448059082031,1.530132034778068e-06,7.085806521005824e-07,96.77465112952046
11677.742004394531,2.512039120561175e-06,1.1632867476090593e-06,96.78178808902307
11696.815490722656,2.4637858995535223e-06,1.1409414218264282e-06,96.78395615440726
11701.583862304688,2.5297820049217585e-06,1.1715032049373257e-06,96.78450748416944
11725.425720214844,2.5925535338829063e-06,1.2005717362233151e-06,96.78729982228145
11801.719665527344,2.1635658693608637e-06,1.0019141353358052e-06,96.79569580377915
11806.488037109375,2.1114608324176997e-06,9.777850927331078e-07,96.79616780085615
11906.623840332031,1.5145369489513781e-06,7.013588072966839e-07,96.80428082869786
11911.392211914062,1.4689625048402643e-06,6.802539819656736e-07,96.80461023085594
11916.160583496094,1.4734658202026506e-06,6.823393981673918e-07,96.80493509843352
12011.528015136719,9.438452618801934e-07,4.370802492492842e-07,96.81041507403415
12016.29638671875,9.11318889486929e-07,4.220177855944869e-07,96.81061989896695
12116.432189941406,2.2920233075439946e-07,1.0614008026600241e-07,96.81309214284659
12121.200561523438,2.1519902941019658e-07,9.965536641614474e-08,96.81314120830457
12159.347534179688,1.3301233404706665e-07,6.159596966425259e-08,96.81342858658728
12221.336364746094,2.4818168971742423e-07,1.1492912999818562e-07,96.81393770374945
12226.104736328125,2.68973323279273e-07,1.2455741627194368e-07,96.81399480179152
12273.788452148438,3.5596883587269173e-07,1.6484370244999228e-07,96.81469073769517
12331.008911132812,2.773356011853893e-07,1.2842985877826738e-07,96.81555291608419
12335.777282714844,2.5937742954861856e-07,1.2011370521785727e-07,96.81561217348757
12407.302856445312,9.677977259303413e-08,4.481722675916956e-08,96.81616636548937
12440.681457519531,1.518530206072544e-07,7.032080233581799e-08,96.81634269097518
12445.449829101562,1.6991625125430302e-07,7.86856071108421e-08,96.81637821687158
12550.35400390625,1.072380050601872e-06,4.966027364202867e-07,96.81915742021397
12555.122375488281,1.1431875349530777e-06,5.293925952656747e-07,96.81940203656312
12655.258178710938,1.7150110438988288e-06,7.941952826455201e-07,96.82641251550865
12660.026550292969,1.6876467520525268e-06,7.81523299234928e-07,96.826788196094
12664.794921875,1.717063275388331e-06,7.951456395389393e-07,96.82716410326209
12764.930725097656,1.3414242110167482e-06,6.211929562821154e-07,96.83437447296964
12769.699096679688,1.3638665840833151e-06,6.315856746755309e-07,96.83467315867075
12774.467468261719,1.338481328544425e-06,6.198301525933496e-07,96.83497151945417
12884.140014648438,1.0183047213022545e-06,4.715612816786153e-07,96.84097673802387
12888.908386230469,9.921296070601776e-07,4.594399881582504e-07,96.84119870602377
12998.580932617188,3.9038474025223283e-07,1.8078117935630615e-07,96.84465358284196
13003.349304199219,3.6605089313044835e-07,1.6951254836906538e-07,96.8447370993748
13055.801391601562,2.6552594886810436e-07,1.229609901121221e-07,96.84547573871698
13113.021850585938,3.976968874240035e-07,1.8416732244295828e-07,96.84631512338757
13117.790222167969,4.247710422892998e-07,1.9670494787232607e-07,96.84640593041308
13227.462768554688,8.650782654024919e-07,4.006044625461654e-07,96.84980395719177
13232.231140136719,8.687762853867715e-07,4.0231695882255496e-07,96.84999538857619
13341.903686523438,1.1085190969846005e-06,5.133381739316523e-07,96.85497216482065
13346.672058105469,1.1236334216138091e-06,5.203373856064656e-07,96.85521861227882
13461.112976074219,1.8052908097367257e-06,8.360024560756112e-07,96.86287507990468
13465.88134765625,1.8391444515706703e-06,8.516795578298761e-07,96.86327745465242
13523.101806640625,2.0499353735718005e-06,9.492935973856896e-07,96.86846702928261
13580.322265625,1.8289263341258642e-06,8.469477045272091e-07,96.87361344159464
13585.090637207031,1.781828887681312e-06,8.251376001993212e-07,96.87401209779712
13699.531555175781,8.986433500288983e-07,4.161479378880432e-07,96.8810295879872
13704.299926757812,8.895899553071181e-07,4.1195544979559343e-07,96.88122702322023
13794.898986816406,7.108478904798802e-07,3.2918274392811664e-07,96.88439090121662
13818.740844726562,7.618775862573463e-07,3.528138125474569e-07,96.88520979560596
13823.509216308594,7.750434257494062e-07,3.5891071067173446e-07,96.88537948395552
13828.277587890625,7.627713724742228e-07,3.532277112215571e-07,96.88554927098619
13933.181762695312,9.124615400480473e-07,4.2254692952541423e-07,96.88969626068423
13942.718505859375,8.990230703604683e-07,4.1632378054347705e-07,96.89009595014969
13947.486877441406,9.164249966195324e-07,4.24382345409902e-07,96.89029639010968
13980.865478515625,9.203033238853996e-07,4.261783392200089e-07,96.89170611268776
14066.696166992188,8.820566234431967e-07,4.084668794740122e-07,96.89529915028594
14071.464538574219,8.952093169565483e-07,4.145576898973895e-07,96.89549537463432
14095.306396484375,9.049970482211995e-07,4.190902379680517e-07,96.89648431944234
14190.673828125,7.160713212672549e-07,3.3160163452670285e-07,96.90007906032217
14195.442199707031,7.061087099119475e-07,3.269881021711161e-07,96.9002360803514
14314.651489257812,2.9476278935645114e-07,1.365001220482744e-07,96.90300569045924
14319.419860839844,2.9044705120715737e-07,1.34501569973933e-07,96.90307030229758
14414.787292480469,1.6584257147320794e-07,7.679914855031926e-08,96.90398071652183
14443.397521972656,1.764447284355713e-07,8.170884465713515e-08,96.90421113004608
14448.165893554688,1.8263127295031239e-07,8.457373843549482e-08,96.90425077490326
14452.934265136719,1.8177941540910132e-07,8.417925628733453e-08,96.90429100875248
14567.375183105469,2.919176382898277e-07,1.3518257627294848e-07,96.90554199248591
14572.1435546875,2.9400864908748574e-07,1.3615089126856833e-07,96.9056066834257
14691.352844238281,4.273291115520669e-07,1.978895504720572e-07,96.90757214075924
14696.121215820312,4.2644712419928357e-07,1.974811156707622e-07,96.90766640447167
14700.889587402344,4.2972685052849613e-07,1.9899990657785014e-07,96.90776093291363
14824.867248535156,6.435082060977529e-07,2.979987700048102e-07,96.91077980201713
14829.635620117188,6.541200639837374e-07,3.029129584604099e-07,96.9109230705376
14839.17236328125,6.53133967486602e-07,3.0245631231282715e-07,96.91121185560115
14877.3193359375,7.267423869087773e-07,3.365432411848333e-07,96.9124336740173
14958.381652832031,6.549396668510402e-07,3.0329250396431216e-07,96.9150878181031
14963.150024414062,6.427435109470312e-07,2.976446514214193e-07,96.91523109268581
15091.896057128906,1.7240826460181487e-07,7.983962023042194e-08,96.91766345160705
15096.664428710938,1.6555448953139089e-07,7.666574222619067e-08,96.9177007653932
15158.653259277344,1.0560292347514081e-07,4.89030924645639e-08,96.91805586828323
15220.64208984375,1.592910082965169e-07,7.376522023400163e-08,96.91842574043561
15225.410461425781,1.6894334555647774e-07,7.823506941989218e-08,96.9184619801287
15296.93603515625,2.127466606798287e-07,9.851971211007226e-08,96.91910456270722
15358.924865722656,1.816461979010786e-07,8.411756530475234e-08,96.91967620075614
15363.693237304688,1.765654582622116e-07,8.17647527862014e-08,96.91971575018272
15435.218811035156,1.4354864610050448e-07,6.647517400470878e-08,96.92023434228736
15492.439270019531,1.7914745227059527e-07,8.296043456829392e-08,96.92065160964582
15497.207641601562,1.7672826860560107e-07,8.18401477564821e-08,96.92069090116648
15630.722045898438,4.536676858932198e-07,2.10086539854585e-07,96.92252196919657
15635.490417480469,4.6463831485522633e-07,2.1516686968702304e-07,96.92262335751023
15769.004821777344,8.372175952164842e-07,3.877026139477051e-07,96.92669092802349
15773.773193359375,8.219039520454885e-07,3.8061110091646946e-07,96.92687410828769
15788.078308105469,8.405381824188803e-07,3.8924032689779825e-07,96.92742408401364
15907.28759765625,4.7070597957652507e-07,2.1797671205828556e-07,96.93128277925864
15912.055969238281,4.4690594751494684e-07,2.069552826293841e-07,96.93138409094104
16002.655029296875,1.9872005465840128e-07,9.202420622200519e-08,96.93259339965842
16045.570373535156,3.138800462256602e-07,1.4535303018356694e-07,96.93308936192278
16050.338745117188,3.2988671077323396e-07,1.527654707738459e-07,96.93316043891217
16179.084777832031,8.295247303333585e-07,3.841401663343542e-07,96.93676803556991
16188.621520996094,8.078587491759689e-07,3.7410698311358153e-07,96.93713138706319
16193.389892578125,8.055251732874619e-07,3.730263399486639e-07,96.93730951752848
16202.926635742188,8.12588372858929e-07,3.7629719922388495e-07,96.93766503786799
16331.672668457031,3.707585149334751e-07,1.7169257574658214e-07,96.94132083642032
16336.441040039062,3.603175810437628e-07,1.6685753956933848e-07,96.94140155305777
16469.955444335938,2.1115835031672213e-07,9.7784189967376e-08,96.94303334730282
16474.72381591797,2.1764968601418263e-07,1.0079022786277729e-07,96.94308069113336
16479.4921875,2.1142548833788488e-07,9.790789748341648e-08,96.94312806445808
16560.55450439453,1.5233466612497672e-07,7.054384498002909e-08,96.94378879027636
16617.774963378906,2.551843512223439e-07,1.1817195502427255e-07,96.9442714292727
16622.543334960938,2.701477422944161e-07,1.251012716861662e-07,96.94432943012974
16765.594482421875,1.5532840907088661e-06,7.193020137321578e-07,96.94983043070428
16770.362854003906,1.5916935039497816e-06,7.37088823276993e-07,96.95017766133827
16837.120056152344,1.9877457986503713e-06,9.204945600803398e-07,96.95586159996046
16913.414001464844,1.5971282866612308e-06,7.396055877065817e-07,96.96240494434691
16918.182373046875,1.5887931661969827e-06,7.357457213946197e-07,96.96275669550971
17061.233520507812,3.413787037895725e-07,1.5808723629497206e-07,96.96859660618297
17066.001892089844,3.196440152559593e-07,1.4802223574318343e-07,96.96866958836834
17099.380493164062,2.617516595456497e-07,1.2121317467624102e-07,96.96911190569226
17213.821411132812,4.169146807210304e-07,1.93066787454366e-07,96.97084908840135
17218.589782714844,4.2437395133615743e-07,1.965210611487456e-07,96.97094197338262
17242.431640625,4.3733075471364595e-07,2.0252115785784525e-07,96.97141384436044
17366.409301757812,3.151130211353114e-07,1.4592400193348593e-07,96.97363261819719
17371.177673339844,3.029443823136529e-07,1.402888921289403e-07,96.97370085666873
17375.946044921875,3.043151804964856e-07,1.409236877205709e-07,96.97376790297243
17442.703247070312,2.4939582203855036e-07,1.1549137603466228e-07,96.97459559482205
17518.997192382812,2.606194823546362e-07,1.2068888080220414e-07,96.97550482409845
17523.765563964844,2.667217826327396e-07,1.2351476236803858e-07,96.97556304678406
17557.144165039062,2.738502319745738e-07,1.268158378100905e-07,96.97598117092654
17671.585083007812,1.980334511174508e-07,9.17062506641034e-08,96.97727326387951
17676.353454589844,1.9825729757757027e-07,9.180991052291086e-08,96.97731701754189
17747.879028320312,1.6695830393579956e-07,7.731582712311159e-08,96.97790403490212
17828.941345214844,2.588604241839187e-07,1.1987428797141575e-07,96.97868243928414
17833.709716796875,2.613588507948578e-07,1.2103127097482136e-07,96.97873987564519
17957.687377929688,4.618193177354433e-07,2.1386143540291875e-07,96.98091137286103
17986.297607421875,4.588484996186761e-07,2.1248569514612686e-07,96.98150850361243
17991.065979003906,4.4806432941836136e-07,2.0749171150339433e-07,96.98160863402899
18005.37109375,4.511628746808619e-07,2.0892660024028967e-07,96.98190228823266
18143.653869628906,1.9653622949077334e-07,9.101291031669731e-08,96.98402195497869
18148.422241210938,1.8825715918508004e-07,8.717899997258403e-08,96.98406443924074
18253.326416015625,7.47551658080033e-08,3.46179695164705e-08,96.98466698796626
18305.77850341797,7.589372375264603e-08,3.5145218219544843e-08,96.98485487661492
18310.546875,7.634800070575443e-08,3.5355586901692264e-08,96.9848716853167
18458.36639404297,0.0,0.0,96.98544806434239
18467.90313720703,1.1395853005352402e-07,5.2772445581444057e-08,96.9854700570284
18472.671508789062,1.3003388477643478e-07,6.021669553727248e-08,96.98549699573888
18630.027770996094,7.944883100737188e-07,3.6791533805118816e-07,96.98831887431223
18634.796142578125,8.146762058455156e-07,3.7726404262398877e-07,96.98849653892134
18749.237060546875,1.2469370782992092e-06,5.774374158487574e-07,96.99426306297354
18792.152404785156,1.140617452011593e-06,5.28202429315784e-07,96.99666491436868
18796.920776367188,1.1300537685445433e-06,5.23310549693937e-07,96.99691561459903
18959.04541015625,2.759385052402291e-07,1.2778288509667114e-07,97.00196338381362
18963.81378173828,2.708429096751341e-07,1.2542319302677763e-07,97.00202375284698
19021.034240722656,1.607957831339474e-07,7.446205835733762e-08,97.00266561589656
19125.938415527344,4.669548952507704e-07,2.1623964250009347e-07,97.0044141234284
19130.706787109375,4.6543300873616693e-07,2.155348802217864e-07,97.00451706649662
19135.475158691406,4.759222742417843e-07,2.2039229802828606e-07,97.00462099963505
19292.831420898438,1.576743784175699e-07,7.301658375832932e-08,97.00690535277828
19297.59979248047,1.5883108300286094e-07,7.355223589206961e-08,97.006940297508
19302.3681640625,1.622330557464097e-07,7.512763723670051e-08,97.0069757455521
19307.13653564453,1.5580972505842783e-07,7.215309141705953e-08,97.00701086001415
19459.72442626953,4.428477337840334e-07,2.0507598615923913e-07,97.00906718128198
19464.492797851562,4.32760175054534e-07,2.0040459259306997e-07,97.00916385538541
19469.261169433594,4.26214539028776e-07,1.9737340904934566e-07,97.00925869305136
19478.797912597656,4.4047701699768995e-07,2.03978143614784e-07,97.00944901554675
19612.31231689453,9.398124224499137e-10,4.35212703228173e-10,97.01148884463846
19636.154174804688,1.7355980929698401e-07,8.037288289827026e-08,97.01164517974746
19640.92254638672,1.681499845594047e-07,7.786767612318316e-08,97.0116829072367
19750.595092773438,1.3371806409457168e-07,6.192278241367694e-08,97.01242337578195
19812.583923339844,1.3696845309579026e-07,6.342798765460772e-08,97.01283948642447
19817.352294921875,1.3865843840642382e-07,6.421059390441597e-08,97.01286991783371
19855.499267578125,2.259164146086212e-08,1.0461842294989955e-08,97.01307611646502
19984.24530029297,2.7629051486054133e-07,1.2794589534718376e-07,97.01412040647867
19989.013671875,2.8956986570650415e-07,1.3409535883663322e-07,97.01418288198215
20070.07598876953,3.841643247272298e-07,1.7790060043313988e-07,97.01549973967725
20160.675048828125,2.1886882261184487e-07,1.0135479130288361e-07,97.0168253505348
20165.443420410156,2.0103089327175512e-07,9.309432010390099e-08,97.01687171081565
20208.358764648438,0.0,0.0,97.01713895696933
20337.10479736328,3.2728154862137724e-07,1.5155906018022798e-07,97.01784341390173
20341.873168945312,3.4677617293083306e-07,1.6058672138310819e-07,97.01791783525545
20489.69268798828,8.431607738120268e-07,3.9045480870545396e-07,97.02244865473978
20518.30291748047,8.104308263734171e-07,3.752980725727897e-07,97.0235432128236
20523.0712890625,8.225171703435859e-07,3.8089507289514177e-07,97.02372350331886
20670.89080810547,2.7934799036903927e-07,1.2936176531157362e-07,97.02724013958634
20699.501037597656,3.0993084574687105e-07,1.4352421607672276e-07,97.0276282669507
20704.269409179688,3.3079718116559294e-07,1.5318709563344804e-07,97.02769900844005
20880.699157714844,2.4219660819915647e-06,1.121575306402881e-06,97.03769118428187
20885.467529296875,2.4568685233449847e-06,1.13773809111165e-06,97.03822984657187
20952.224731445312,2.728534981247893e-06,1.2635426566781884e-06,97.04633632340749
21066.665649414062,1.3240447200971153e-06,6.131447808769152e-07,97.0577124770465
21071.434020996094,1.2381720409156253e-06,5.733784616122711e-07,97.05799536623203
21185.874938964844,1.2837897080294185e-07,5.9450330285218875e-08,97.06084426627125
21252.63214111328,3.239486635583559e-07,1.5001565227969707e-07,97.06145530057452
21257.400512695312,3.67384574737053e-07,1.7013015584412194e-07,97.06153162928318
21367.07305908203,7.732331130648211e-07,3.58072382662521e-07,97.06468207512981
21438.5986328125,6.012204657705763e-07,2.7841596673304095e-07,97.06702299926374
21443.36700439453,5.757161311446307e-07,2.666053009539501e-07,97.06715294245998
21629.33349609375,1.8015343560303825e-07,8.342629000397085e-08,97.06995854113539
21634.10186767578,1.7509982058718466e-07,8.10860384818738e-08,97.069997763931
21686.553955078125,1.447923899752745e-07,6.70511326970307e-08,97.07037466929259
21820.068359375,6.108095286052677e-07,2.8285651450408645e-07,97.07222496666942
21824.83673095703,6.361033653760875e-07,2.945697019583918e-07,97.0723626358075
21939.27764892578,1.1546432951353152e-06,5.346975819176371e-07,97.07741549570731
22010.80322265625,9.298370943023968e-07,4.30593281921364e-07,97.08098596384362
22015.57159423828,8.977994904694969e-07,4.1575715948246026e-07,97.08118774951329
22149.085998535156,3.9706768582120026e-07,1.8387594884127968e-07,97.08481213668261
22206.30645751953,4.818749595945105e-07,2.2314889521932264e-07,97.0859629659974
22211.074829101562,4.90977150734296e-07,2.2736398018374453e-07,97.08607037663701
22273.06365966797,5.416512923435726e-07,2.5083039712687224e-07,97.08757637760932
22401.809692382812,2.38510021715586e-07,1.1045032904253027e-07,97.08991375938743
22406.578063964844,2.3503080942214246e-07,1.0883915924825683e-07,97.08996604207563
22597.312927246094,1.6297227638134796e-06,7.546995896296039e-07,97.09674074420619
22602.081298828125,1.6507944756506572e-06,7.644575758524258e-07,97.09710293949902
22668.838500976562,2.014749485384546e-06,9.329995528001325e-07,97.1028182042721
22797.584533691406,1.0930960282049942e-06,5.061959875811583e-07,97.1124883979843
22802.352905273438,1.0771860953966883e-06,4.98828341974143e-07,97.1127280144569
22959.70916748047,1.2196558779022187e-07,5.6480391081257924e-08,97.1161740803205
22997.85614013672,1.921735108537979e-07,8.899260229983535e-08,97.11642600941542
23002.62451171875,2.1751897119908147e-07,1.0072969583886143e-07,97.11647124273617
23202.896118164062,1.4216326796249497e-06,6.583362665969222e-07,97.1245404411018
23207.664489746094,1.4173176416746796e-06,6.563380387739979e-07,97.12485388388167
23221.969604492188,1.4179242741347887e-06,6.56618960952215e-07,97.12578245023994
23407.936096191406,5.63074683750753e-07,2.607512407589759e-07,97.13428172862916
23412.704467773438,5.584079649836812e-07,2.585901549493965e-07,97.13440554926679
23612.97607421875,4.096969745350249e-07,1.8972437853820212e-07,97.13916972227177
23617.74444580078,3.902853193183792e-07,1.8073513904831882e-07,97.13925804670357
23822.784423828125,6.89747697165942e-08,3.194115683707033e-08,97.14088425112986
23827.552795410156,6.775484660645658e-08,3.137622917511254e-08,97.14089934717106
23908.615112304688,5.580634896702849e-08,2.584306337207371e-08,97.14112609828118
24032.5927734375,2.101307259476292e-07,9.730831289989669e-08,97.14176987307552
24037.36114501953,2.2064965876527736e-07,1.0217946918309446e-07,97.14181743466906
24242.401123046875,3.605834024997089e-07,1.669806374042413e-07,97.14466872063467
24247.169494628906,3.6977654084263437e-07,1.7123783862206024e-07,97.14474935820317
24442.672729492188,1.6963430378296547e-06,7.855504156580568e-07,97.15419054872218
24456.97784423828,1.678966136169465e-06,7.775034392991501e-07,97.1553056328539
24461.746215820312,1.6868732106512789e-06,7.811650840887412e-07,97.15567724838854
24671.554565429688,2.444089651184997e-07,1.1318203916174705e-07,97.16474905457714
24676.32293701172,2.436294640930146e-07,1.1282106420507841e-07,97.16480293791592
24871.826171875,1.0647107265534614e-06,4.930511902060532e-07,97.17102913260787
24890.899658203125,1.039440680684549e-06,4.813490199531427e-07,97.17195683593651
24895.668029785156,1.015940362895618e-06,4.7046638360217776e-07,97.1721837664126
25110.244750976562,1.5649954815429246e-07,7.247253790140994e-08,97.17778845673071
25115.013122558594,1.458964414230808e-07,6.756240197122287e-08,97.17782184366209
25162.696838378906,9.187977255643981e-08,4.2548111975407465e-08,97.17807032768313
25334.35821533203,5.667140644882753e-07,2.624365821005222e-07,97.18008155203198
25339.126586914062,5.926338728888853e-07,2.7443964740559585e-07,97.18020955329978
25467.872619628906,9.954329738851307e-07,4.609697266159464e-07,97.18521776124139
25553.70330810547,8.491832269312628e-07,3.932437142779671e-07,97.18892482572647
25558.4716796875,8.455070101191919e-07,3.915413147158678e-07,97.18911193305799
25782.58514404297,9.123329081465933e-08,4.2248736206682794e-08,97.1935642796293
25787.353515625,8.165877966471539e-08,3.781492709742146e-08,97.19358336829414
25839.805603027344,4.5567796583695866e-08,2.1101746963127307e-08,97.19372472169954
25963.783264160156,9.64868196720754e-08,4.468156475938807e-08,97.19411876623847
26006.698608398438,9.449266441789233e-08,4.375810207885946e-08,97.1943039749919
26011.46697998047,9.617096401963701e-08,4.453529685630028e-08,97.19432502577861
26030.540466308594,9.563489669847683e-08,4.428705231049375e-08,97.19441019575164
26235.580444335938,5.893544180742211e-07,2.7292098223272654e-07,97.19718362842846
26240.34881591797,6.145460004450735e-07,2.845868172443915e-07,97.19731654864584
26378.631591796875,5.216783989110412e-07,2.4158125683630165e-07,97.20123057872422
26469.23065185547,8.472548047842124e-07,3.923506915901045e-07,97.20381775190816
26473.9990234375,9.050868636741254e-07,4.1913183012530115e-07,97.20401122441797
26621.81854248047,2.4951831725354597e-06,1.1554810168797061e-06,97.21573530410417
26702.880859375,2.1458974303757174e-06,9.937321525178908e-07,97.22468098291667
26707.64923095703,2.054258095790186e-06,9.512953836751961e-07,97.22514471361816
26936.53106689453,5.73246690739115e-08,2.654617410172302e-08,97.23338915390802
26941.299438476562,5.5926722398924976e-08,2.589880646020608e-08,97.23340165776577
26946.067810058594,5.587228415431448e-08,2.5873596944956038e-08,97.23341400126863
27174.949645996094,1.4130957709854388e-07,6.543829552791932e-08,97.23444834665264
27179.718017578125,1.4362811345376437e-07,6.651197411588466e-08,97.23447980604844
27413.368225097656,2.612351311732639e-07,1.2097397831761656e-07,97.23675843521019
27418.136596679688,2.70689790464321e-07,1.2535228587119819e-07,97.2368171639681
27651.78680419922,1.2977526038707336e-06,6.009693055340335e-07,97.24518620303492
27656.55517578125,1.2975506485917018e-06,6.008757831450769e-07,97.24547274523326
27661.32354736328,1.3103071193169342e-06,6.067831088787664e-07,97.24576067355034
27704.238891601562,1.3865189672822308e-06,6.420756455368025e-07,97.24844246864266
27899.742126464844,5.572073675944877e-07,2.5803417673208644e-07,97.25823179068787
27904.510498046875,5.298411208334613e-07,2.453612880305006e-07,97.25835180951931
28028.488159179688,7.567914902280739e-08,3.5045851956674974e-08,97.25966700081288
28147.69744873047,2.208614626986162e-07,1.0227755233264727e-07,97.26045144440658
28152.4658203125,2.2104466920548167e-07,1.023623924530769e-07,97.26050023437145
28285.980224609375,8.348298325413676e-08,3.865968777138768e-08,97.26150560381079
28395.652770996094,4.5178622124981485e-07,2.092152624656887e-07,97.26258161464175
28400.421142578125,4.848569876134479e-07,2.2452982660969595e-07,97.26268502752959
28519.630432128906,9.504520639732566e-07,4.4013975785965145e-07,97.26699018417717
28643.60809326172,6.694675450025316e-07,3.100201412794244e-07,97.27168186829887
28648.37646484375,6.756742429694826e-07,3.128943678120722e-07,97.27183038269104
28858.184814453125,1.4952143044042644e-06,6.924107872812168e-07,97.28220210806862
28896.331787109375,1.4078054579377746e-06,6.519330925327578e-07,97.28475617980801
28901.100158691406,1.4077683898143787e-06,6.519159268539465e-07,97.28506704163858
29153.823852539062,3.050926670352657e-07,1.412837297993763e-07,97.29410466752026
29158.592224121094,3.0503822447393235e-07,1.4125851828511818e-07,97.2941720308416
29301.64337158203,1.9142516859857064e-07,8.864605649127038e-08,97.29569710213738
29411.31591796875,2.221358898085049e-07,1.0286771996005113e-07,97.29672755878788
29416.08428955078,2.2285554287227368e-07,1.0320098024453724e-07,97.29677668939458
29606.81915283203,3.2712121347603594e-07,1.5148481143615993e-07,97.29924818611839
29668.807983398438,2.8838424618123375e-07,1.3354631663814012e-07,97.30014181211502
29673.57635498047,2.837905422431968e-07,1.3141904287483814e-07,97.30020498477955
29768.943786621094,1.4093475366773282e-07,6.526472055204137e-08,97.3011024824763
29931.068420410156,8.692776226079296e-07,4.025491203922864e-07,97.30404187604707
29935.836791992188,9.088712860397703e-07,4.2088433801790385e-07,97.30423819788221
30021.66748046875,1.2709576923971028e-06,5.885609934319236e-07,97.30873612183639
30193.328857421875,5.680612117796936e-07,2.630604253274678e-07,97.3161661249759
30198.097229003906,5.692091296541131e-07,2.635920084703121e-07,97.31629168870086
30207.63397216797,5.452642712868648e-07,2.525035122028761e-07,97.31653877660727
30350.685119628906,9.339750592012776e-07,4.325095099329183e-07,97.32133305425393
30460.357666015625,5.590843995829573e-07,2.589034014265399e-07,97.32542652683641
30465.126037597656,5.397155169537837e-07,2.49933969265197e-07,97.32554784311932
30589.10369873047,7.676945729983244e-08,3.555075697948702e-08,97.32689672385914
30732.154846191406,3.796802484893518e-07,1.758240935745895e-07,97.32826586309187
30736.923217773438,3.9569763416989614e-07,1.8324149895693793e-07,97.32835147100025
30999.183654785156,1.8407906849401563e-06,8.524419032274935e-07,97.34110264628161
31003.952026367188,1.801884639259721e-06,8.344251108250676e-07,97.34150482671822
31023.025512695312,1.9296148736055673e-06,8.935750212175177e-07,97.3431677857408
31275.74920654297,5.572967083497724e-07,2.580755490641466e-07,97.35813923390288
31280.517578125,5.415093433989096e-07,2.507646627500418e-07,97.35826055086316
31552.31475830078,2.613323361500106e-07,1.2101899244989083e-07,97.36325740991745
31557.083129882812,2.512357362739337e-07,1.1634341206755676e-07,97.36331400152467
31666.75567626953,7.029427235689723e-08,3.255219825053238e-08,97.36402658624979
31828.880310058594,8.401112022709064e-07,3.890425989470014e-07,97.36663069621365
31833.648681640625,8.801440727639025e-07,4.0758120661918154e-07,97.36682062612945
31914.710998535156,1.226433340328702e-06,5.679424496030839e-07,97.3709318937213
32110.214233398438,2.845796043198125e-07,1.3178444540748774e-07,97.37826771616976
32114.98260498047,2.707916071118322e-07,1.2539943559739724e-07,97.37832903358523
32329.559326171875,8.175266638973841e-08,3.7858404598269975e-08,97.37964805421632
32391.54815673828,1.4420016345029515e-07,6.67768816861877e-08,97.37994165675525
32396.316528320312,1.4997318008079917e-07,6.945027705054484e-08,97.37997413584087
32539.36767578125,5.318407613614041e-07,2.4628729085708795e-07,97.38239240508038
32677.650451660156,1.4530269504984052e-07,6.728744714198556e-08,97.38472765550499
32682.418823242188,1.3062583216737082e-07,6.049081728542576e-08,97.38475812021724
32706.260681152344,1.0599816836125108e-07,4.908612430284579e-08,97.38488548081882
32911.30065917969,9.335650602905771e-07,4.323196457323777e-07,97.38974659272256
32968.52111816406,7.821275583141278e-07,3.621912636947326e-07,97.39206592368268
32973.289489746094,7.525873769633511e-07,3.4851165926259686e-07,97.39223536846374
33111.572265625,2.760116414750525e-07,1.2781675336410525e-07,97.39519778444452
33259.39178466797,4.637064130451961e-07,2.1473532026694918e-07,97.39775110066824
33264.16015625,4.5863973655488104e-07,2.1238902017657111e-07,97.39785293504659
33502.57873535156,1.1684829856259302e-07,5.4110653009323205e-08,97.40061406291392
33550.262451171875,1.68554965727319e-07,7.805521668408044e-08,97.40093333206582
33555.030822753906,1.718027947754545e-07,7.955923645004322e-08,97.40097091027978
33760.07080078125,4.0495790349297345e-07,1.8752978750095554e-07,97.40380228708976
33845.90148925781,2.8743724996237513e-07,1.33107777229093e-07,97.40521574997142
33850.669860839844,2.806159187783544e-07,1.2994892349052102e-07,97.40527846757624
33903.12194824219,2.0596929600697132e-07,9.538121858777093e-08,97.40585758257978
34146.30889892578,1.1790936798235287e-06,5.460201796626071e-07,97.413146120801
34151.07727050781,1.1978745855075085e-06,5.547173287282588e-07,97.41340855707371
34155.845642089844,1.2001004183221637e-06,5.557480777299317e-07,97.41367331265806
34427.642822265625,6.204244028680209e-08,2.8730901515116618e-08,97.42037522857213
34446.71630859375,6.743571099126076e-08,3.122844237163138e-08,97.42043251609407
34451.48468017578,7.068737688138019e-08,3.2734238920207154e-08,97.42044776598567
34584.999084472656,5.5647761677902666e-08,2.5769624033382956e-08,97.42088481439947
34751.89208984375,5.403178022563262e-07,2.502128783414899e-07,97.42255499545746
34756.66046142578,5.771559047802756e-07,2.6727203801874883e-07,97.42267837347592
34990.31066894531,1.4128434797555635e-06,6.542661230842446e-07,97.43459530615034
35057.06787109375,1.3150367154358063e-06,6.089733122245639e-07,97.43881239454075
35061.83624267578,1.3025710037288056e-06,6.032006325279875e-07,97.43910139933027
35362.24365234375,6.181379816121147e-08,2.8625020857260734e-08,97.44685473421409
35367.01202392578,6.298681048638794e-08,2.9168224854957647e-08,97.44686851319761
35371.78039550781,6.520943760535816e-08,3.019748934817819e-08,97.44688266708683
35676.95617675781,1.933320971064241e-07,8.9529125804828e-08,97.44872916290527
35681.724548339844,1.987781060483326e-07,9.205108892937811e-08,97.44877245500206
35939.21661376953,1.1931418682190301e-06,5.525256800167383e-07,97.45687809885364
35991.668701171875,1.1133253215673118e-06,5.155638627425224e-07,97.45971174726768
35996.437072753906,1.0989216014965647e-06,5.088937211283155e-07,97.4599559969892
36196.70867919922,1.723960994936004e-07,7.983398675558738e-08,97.46537644869679
36311.14959716797,4.967157991599638e-07,2.3002146016012154e-07,97.46689391274242
36315.91796875,4.979835711834704e-07,2.3060854591920207e-07,97.46700373549396
36416.053771972656,7.525348019832484e-07,3.484873125965324e-07,97.4700435595634
36630.63049316406,6.043378205620697e-07,2.798595658740168e-07,97.47614321797364
36635.398864746094,6.190249912723762e-07,2.866609691273844e-07,97.47627828699463
36830.902099609375,1.263247530052053e-06,5.849905356295359e-07,97.48529183006497
36954.87976074219,7.810427286228328e-07,3.6168889572085545e-07,97.49147273922301
36959.64813232422,7.679683768178366e-07,3.5563436413978163e-07,97.49164376241538
37078.857421875,2.958534040244727e-07,1.370051689560527e-07,97.4942372066909
37279.12902832031,1.0223026855729977e-06,4.7341267754880824e-07,97.4997243708076
37283.897399902344,1.0573982122689428e-06,4.896648771151241e-07,97.49995398638976
37374.49645996094,1.259589943955582e-06,5.832967636657803e-07,97.50488684130907
37608.14666748047,5.179090493556497e-07,2.398357289307038e-07,97.51511825477677
37612.9150390625,4.91924500939254e-07,2.278026835183193e-07,97.5152297484626
37937.164306640625,2.046698311887229e-07,9.477945638204743e-08,97.52031961343076
37941.932678222656,1.9403085438171855e-07,8.985270957049955e-08,97.52036363316942
37999.15313720703,1.530806967197171e-07,7.088932029411516e-08,97.52082015653941
38270.95031738281,1.1468213122680597e-06,5.310753417482759e-07,97.52895287989544
38275.718688964844,1.1429721046759367e-06,5.292928328119849e-07,97.52920569136893
38280.487060546875,1.1530307234323832e-06,5.339508247209693e-07,97.52945918841101
38285.255432128906,1.1643289901442511e-06,5.391828785649128e-07,97.52971504342374
38599.96795654297,3.626186215991327e-07,1.6792311612101844e-07,97.54017382973822
38609.50469970703,3.6847220780682146e-07,1.7063382201952785e-07,97.54033468101737
38614.27307128906,3.581114814928214e-07,1.6583592873911257e-07,97.54041490165726
38633.34655761719,3.576620691619357e-07,1.6562781278882647e-07,97.54073422556698
38943.29071044922,1.1466626320887065e-06,5.310018593935471e-07,97.55114304993076
38952.82745361328,1.1081841141215916e-06,5.13183048511023e-07,97.55163995923878
38957.59582519531,1.123460068472886e-06,5.202571084285182e-07,97.5518863505726
39124.488830566406,4.453033861244488e-07,2.06213161054709e-07,97.5577830304059
39296.15020751953,1.901810375821661e-06,8.806991851960157e-07,97.56572118686732
39300.91857910156,1.9509627034746315e-06,9.034608734614699e-07,97.56614656377339
39367.67578125,2.2669025598394697e-06,1.0497677700947604e-06,97.57272728441883
39610.862731933594,4.873563368432092e-07,2.2568723686371252e-07,97.58791595815481
39644.24133300781,5.012122778709565e-07,2.3210371041354732e-07,97.58869516447692
39649.009704589844,5.134768728142461e-07,2.3778325602473776e-07,97.58880719425979
39987.56408691406,1.4790889703333413e-06,6.849433926566923e-07,97.60273557345829
39992.332458496094,1.4486971228778122e-06,6.708693947276811e-07,97.60305882441659
39997.100830078125,1.4598117217488758e-06,6.760163948145312e-07,97.60337994701274
40183.067321777344,0.0,0.0,97.60996671735519
40345.191955566406,1.3058541001274217e-06,6.047209840624731e-07,97.61338426559979
40349.96032714844,1.2987867427340745e-06,6.014481993637774e-07,97.61367183874266
40416.717529296875,1.7007819834549256e-06,7.876060232228312e-07,97.61860377129506
40550.23193359375,0.0,0.0,97.6249916642073
40698.05145263672,0.0,0.0,97.6249916642073
40702.81982421875,0.0,0.0,97.6249916642073
41060.447692871094,0.0,0.0,97.6249916642073
41065.216064453125,0.0,0.0,97.6249916642073
41422.84393310547,9.399428583990026e-07,4.352731061135202e-07,97.62861879028533
41427.6123046875,9.624064236083302e-07,4.456756382628703e-07,97.62882882483322
41508.67462158203,1.089389586176778e-06,5.044795911855312e-07,97.63273224552339
41785.240173339844,8.83996686107694e-09,4.093652927067793e-09,97.63945991505369
41790.008544921875,1.8537695077492406e-08,8.584521967972852e-09,97.63946293776613
41813.85040283203,1.3823294744549252e-09,6.401355557327396e-10,97.63947412198304
42157.17315673828,1.9548681279984095e-07,9.052694155956717e-08,97.64092716440793
42161.94152832031,1.9493143102099894e-07,9.02697527849568e-08,97.6409702696989
42333.60290527344,1.1605672941512274e-07,5.374408949065369e-08,97.6422551197253
42529.10614013672,4.796850399453677e-07,2.2213477705319815e-07,97.64481676614106
42533.87451171875,4.779584081099676e-07,2.2133520036043062e-07,97.64492249762296
42800.9033203125,5.276646856576108e-07,2.44353414316921e-07,97.65057222438467
42901.039123535156,3.804214271623599e-07,1.7616732203821635e-07,97.65278793657995
42905.80749511719,3.6622184063590745e-07,1.6959171153416488e-07,97.65287037195745
43001.17492675781,8.784973550863799e-08,4.068186369459482e-08,97.65382173981217
43206.214904785156,4.3243012359150665e-07,2.002517508280568e-07,97.65619443655008
43282.508850097656,3.183399133749356e-07,1.4741832618488484e-07,97.65754330382822
43287.27722167969,3.1111858440622164e-07,1.4407423961367181e-07,97.6576128010716
43339.72930908203,2.4995748849741924e-07,1.1575147514809994e-07,97.65828437584118
43563.8427734375,7.448199706109306e-07,3.449146926393038e-07,97.66329948416922
43663.978576660156,6.583153118753671e-07,3.0485571334639963e-07,97.66656911179834
43668.74694824219,6.325911780540545e-07,2.9294326193466766e-07,97.66671163818063
43673.51531982422,6.339860680602642e-07,2.9358921407980525e-07,97.66685147842014
44045.448303222656,1.3392587355138072e-07,6.201901578247885e-08,97.67353509374975
44050.21667480469,1.3114765107383756e-07,6.073246360915379e-08,97.67356435998306
44102.66876220703,1.2095747199624792e-07,5.60135481353872e-08,97.67386713412057
44436.45477294922,4.863472506344824e-07,2.2521994453366923e-07,97.67805352661969
44441.22314453125,4.804259920720659e-07,2.224779006067072e-07,97.6781602661038
44827.46124267578,2.381608184983701e-07,1.1028861839420289e-07,97.68423197752155
44832.22961425781,2.2802360282389965e-07,1.0559422945923601e-07,97.68428344800338
44999.122619628906,6.430720418916233e-08,2.9779678905769073e-08,97.6852316071208
45223.236083984375,1.2970292657733065e-07,6.006343387670391e-08,97.6867442485335
45228.004455566406,1.2647228663476657e-07,5.85673741216147e-08,97.68677253232217
45299.530029296875,8.30358347097283e-08,3.8452620145861666e-08,97.68709474833763
45523.643493652344,2.522749114207924e-07,1.168246381228721e-07,97.68890690597095
45619.01092529297,2.302487777078722e-07,1.0662467378331147e-07,97.68993481491772
45623.779296875,2.333771646301077e-07,1.0807338173464986e-07,97.68998600292306
45862.19787597656,7.046637037039247e-07,3.2631894198238854e-07,97.69523339259364
46024.322509765625,2.92196485476143e-07,1.3531170612359196e-07,97.69914519823237
46029.090881347656,2.825428269442728e-07,1.3084124507696662e-07,97.69920865404082
46315.19317626953,1.3455823660995172e-07,6.231185340578341e-08,97.7017394007974
46429.63409423828,3.709961331733188e-07,1.7180261310513195e-07,97.70288331506636
46434.40246582031,3.801734557742614e-07,1.76052490295669e-07,97.70296625018584
46586.99035644531,7.507031814324977e-07,3.4763911724165245e-07,97.70735616014589
46839.71405029297,4.7415932289344065e-07,2.195759023267137e-07,97.71424106822865
46844.482421875,4.741446273828163e-07,2.195690970613742e-07,97.7143457685554
47030.44891357422,1.530208385185715e-07,7.086160088021015e-08,97.71689934851553
47249.794006347656,3.96547209558979e-07,1.8363492427548717e-07,97.71998522274409
47254.56237792969,3.909223234305649e-07,1.8103012587229494e-07,97.72007216566718
47259.33074951172,3.971825230650714e-07,1.8392912820573855e-07,97.72015917873398
47502.51770019531,9.855568206897895e-08,4.563962317067864e-08,97.72245560269779
47669.410705566406,3.6506511141153395e-07,1.690560479904438e-07,97.724241942115
47674.17907714844,3.740475800220613e-07,1.732156912897514e-07,97.72432354605674
47712.32604980469,3.9239881429816706e-07,1.8171386612346736e-07,97.72499297263045
47945.97625732422,5.530454857070023e-08,2.5610687313032387e-08,97.72745209079049
48089.027404785156,1.9852912906513295e-07,9.193579151117902e-08,97.72828889963125
48093.79577636719,1.977792183912136e-07,9.158851939199878e-08,97.72833265523668
48251.15203857422,6.502534567472835e-08,3.011223920159783e-08,97.72929953799093
48418.04504394531,4.000308323225105e-07,1.8524813649074128e-07,97.73115008723427
48513.41247558594,2.440635401730208e-07,1.1302207817305057e-07,97.73265641484312
48518.18084716797,2.4038905556469205e-07,1.1132048076790849e-07,97.73270990227726
48594.47479248047,1.1485552175112927e-07,5.31878286644537e-08,97.73326558167054
48794.74639892578,5.720859363986254e-07,2.649242135040362e-07,97.73643835735055
48942.56591796875,2.6233850411958663e-07,1.2148493338818922e-07,97.73949899284821
48947.33428955078,2.460547691860756e-07,1.1394418575624135e-07,97.73955512352428
49061.77520751953,9.584421470789966e-08,4.438398426684923e-08,97.74035564101779
49371.71936035156,1.1138603962169124e-06,5.158116475973708e-07,97.74614322835261
49376.487731933594,1.1615876296589073e-06,5.379133966142068e-07,97.74639445598044
49519.53887939453,1.6455231839979809e-06,7.620165216219604e-07,97.75621050973604
49753.18908691406,4.386563302370141e-07,2.031350115302135e-07,97.76770544641971
49810.40954589844,5.559610186197905e-07,2.574570116579862e-07,97.76897975769147
49815.17791748047,5.807716967323282e-07,2.689464557559195e-07,97.7691052620582
49977.30255126953,1.6303853067310637e-06,7.550064030822446e-07,97.77768927464258
50249.09973144531,1.3845198881391805e-07,6.411499026789393e-08,97.78961844664943
50253.868103027344,1.323972100835506e-07,6.131111520118391e-08,97.78964835056327
50449.371337890625,2.7849393258246165e-07,1.28966264263566e-07,97.79141084762716
50654.41131591797,8.07207070317857e-08,3.738052006400788e-08,97.79296519557879
50692.55828857422,9.30852139482465e-08,4.3106333375954316e-08,97.79311584313214
50697.32666015625,9.576226806194757e-08,4.434603603329394e-08,97.79313669340178
51136.016845703125,2.3078873663240654e-07,1.0687472047089002e-07,97.79698296152063
51140.785217285156,2.3556614820324327e-07,1.0908706641834764e-07,97.79703445082299
51479.339599609375,2.237184318614592e-06,1.0360057088688083e-06,97.81520215435066
51589.012145996094,1.7173258635415323e-06,7.952672400809842e-07,97.82527640876091
51593.780517578125,1.7263905197749436e-06,7.994649432065643e-07,97.82565662254211
51617.62237548828,1.6321580533688236e-06,7.558273348319515e-07,97.82752414924468
51889.41955566406,4.448865858902112e-06,2.060201472656639e-06,97.86516891333928
52042.00744628906,2.9443379023789752e-06,1.3634776760782962e-06,97.89094112311008
52046.775817871094,2.9135355426538265e-06,1.349213576220111e-06,97.891587879104
52275.657653808594,4.700839090359905e-06,2.1768864074205538e-06,97.92969998685899
52504.539489746094,2.252760033761424e-06,1.0432185834082766e-06,97.96850243658908
52509.307861328125,2.187761174117739e-06,1.0131186094809959e-06,97.96899270558076
52962.303161621094,1.2404513636706143e-06,5.744339809840435e-07,98.00189291555213
52967.071533203125,1.2408900312461857e-06,5.746371212031154e-07,98.0021668754516
52971.839904785156,1.236400416175042e-06,5.725580493959213e-07,98.00244038809413
53191.184997558594,7.266420423997583e-07,3.364967731833672e-07,98.01213793689321
53410.53009033203,1.362070281128716e-06,6.307538343571726e-07,98.02281818148056
53434.37194824219,1.3455999854342917e-06,6.23126693301246e-07,98.02431618582581
53439.14031982422,1.3675351702231368e-06,6.332845405904709e-07,98.02461573760695
53625.10681152344,9.778209616023432e-07,4.528138741375353e-07,98.03437765306828
53801.536560058594,1.4215550874563764e-06,6.583003348549836e-07,98.04396956732569
53901.67236328125,1.298603393920241e-06,6.013632933431758e-07,98.05034540909344
53906.44073486328,1.2632067815724943e-06,5.849716656342927e-07,98.0506282533887
53915.977478027344,1.2927763042481016e-06,5.986648575834591e-07,98.05119364651128
54378.509521484375,3.509790519015069e-07,1.625330101046379e-07,98.07089032207502
54383.277893066406,3.4431834858861235e-07,1.5944854066695055e-07,98.07096708845884
54426.19323730469,3.24472682983918e-07,1.5025831763003203e-07,98.07163432435041
54860.11505126953,7.088242514066962e-07,3.282456277436947e-07,98.08088241629773
54864.88342285156,7.286607502082107e-07,3.3743160577480515e-07,98.08104112611787
55041.31317138672,1.0306089975634836e-06,4.77259203098888e-07,98.088374354272
55332.183837890625,3.0396196705234655e-07,1.4076011999772726e-07,98.09701157140144
55341.72058105469,3.041283454545194e-07,1.408371672812476e-07,98.09714606559085
55346.48895263672,2.962970948094302e-07,1.372106353462664e-07,98.09721235735287
55503.84521484375,2.4054825922950173e-07,1.1139420554071479e-07,98.09917859689375
55832.862854003906,9.322363094876121e-07,4.317043216367805e-07,98.10666735915018
55837.63122558594,9.445175257459716e-07,4.373915643237809e-07,98.1068745677564
55947.303771972656,1.1259210596726824e-06,5.213967556677961e-07,98.1122346938461
56247.711181640625,2.674844461340958e-07,1.238679401258016e-07,98.12162862892635
56324.005126953125,3.765577491589852e-07,1.7437811207664921e-07,98.12274305131949
56328.773498535156,3.9350037218326807e-07,1.8222398066705614e-07,98.12282807188375
56505.20324707031,6.450019963324732e-07,2.986905213272855e-07,98.1272634753297
56819.915771484375,2.070438516451958e-07,9.58788288054159e-08,98.1336209321815
56824.684143066406,2.0594284564762217e-07,9.53689698324675e-08,98.1336665292099
56972.503662109375,2.828373074133408e-07,1.3097761446082396e-07,98.13532757108607
57315.826416015625,1.6822326405525647e-07,7.790161073259991e-08,98.13870204930365
57320.594787597656,1.6827931628858307e-07,7.792756766124367e-08,98.13873920187494
57325.36315917969,1.7052559790412503e-07,7.896778618864227e-08,98.13877660864229
57344.43664550781,1.6721551500489987e-07,7.74349376200675e-08,98.1389268274744
57621.002197265625,4.3428379141133056e-07,2.0111015593473713e-07,98.14256681692181
57826.04217529297,1.83685361043146e-07,8.506187044712207e-08,98.14543494155112
57830.810546875,1.7390599746861945e-07,8.053319732528147e-08,98.14547442249189
58002.471923828125,8.501362538353923e-08,3.9368504640476976e-08,98.14643367268357
58293.34259033203,3.0201135567349335e-07,1.3985682181730383e-07,98.1490660587791
58336.25793457031,2.894291138999124e-07,1.3403017883606316e-07,98.14965076446947
58341.026306152344,2.907550355254536e-07,1.3464419278303374e-07,98.14971482143137
58846.473693847656,1.4173659963926418e-07,6.563604311014618e-08,98.15496953572767
58851.24206542969,1.4440991829358151e-07,6.687401593359836e-08,98.15500112858766
58856.01043701172,1.4830788546787581e-07,6.867910468375235e-08,98.15503344697008
58932.30438232422,1.295878987996887e-07,6.001016627898119e-08,98.15551927465984
59294.700622558594,4.7119769461051195e-07,2.1820441774087432e-07,98.16015592225673
59370.994567871094,4.3102005736514283e-07,1.9959877080837712e-07,98.16176517055673
59375.762939453125,4.3493038926033004e-07,2.0140958547093224e-07,98.16186077839924
59881.21032714844,0.0,0.0,98.16656520230434
59895.51544189453,2.0958027368489322e-08,9.705340690850866e-09,98.16657475874196
59900.28381347656,2.0786738842714166e-08,9.626019604478923e-09,98.16657936769741
59909.820556640625,1.7406513798445746e-08,8.060689285476855e-09,98.16659051498114
60062.408447265625,2.0985637966261343e-07,9.718126734753949e-08,98.16740861344437
60420.03631591797,1.894070255808436e-07,8.771148544574574e-08,98.16944968537891
60424.8046875,1.9590218512365094e-07,9.071929410521694e-08,98.16949222659184
60682.29675292969,1.144357116484137e-06,5.299342105152914e-07,98.17777572279745
60954.09393310547,3.3435888025923247e-07,1.5483646379841374e-07,98.18724834535008
60958.8623046875,3.110212662773521e-07,1.4402917308238678e-07,98.18731960047057
61082.83996582031,1.737134486044353e-07,8.044403090261741e-08,98.18865975636963
61283.111572265625,3.9908746192280466e-07,1.8481127614287402e-07,98.1913203305463
61492.919921875,3.021310284145046e-07,1.3991224042624547e-07,98.19444363300495
61497.68829345703,3.167884332672378e-07,1.4669985956798726e-07,98.19451196665457
61621.665954589844,4.446957127065488e-07,2.0593175682492158e-07,98.19666503240872
61893.463134765625,7.959941494452807e-09,3.686126691439359e-09,98.19942137202665
62031.74591064453,6.35550679111756e-08,2.9431376143516506e-08,98.19972217607284
62036.51428222656,7.880067886127504e-08,3.6491384497802146e-08,98.19973789328377
62441.82586669922,8.517075185257545e-07,3.9441267495813244e-07,98.20778163304716
62580.108642578125,7.613853633598496e-07,3.525858716810744e-07,98.21292667052393
62584.877014160156,7.748931372990761e-07,3.5884111439787204e-07,98.21309628793506
62947.27325439453,2.9842676609540013e-07,1.381968534204415e-07,98.2223102225252
63133.23974609375,3.1441471777683407e-07,1.4560062836972306e-07,98.22522952061256
63138.00811767578,3.117524539331125e-07,1.4436777485932542e-07,98.22529865446722
63223.838806152344,2.5121024464991914e-07,1.1633160728786665e-07,98.22640537884782
63648.223876953125,5.445399740989334e-07,2.521681012957948e-07,98.23339216067028
63691.139221191406,5.350741764139436e-07,2.477846357229986e-07,98.23446767617747
63695.90759277344,5.205981294645161e-07,2.410810006417608e-07,98.23458423082786
64187.049865722656,2.089911037965827e-06,9.67805713791763e-07,98.24225380065104
64253.807067871094,2.417295214367428e-07,1.1194122993212951e-07,98.24331538823017
64258.575439453125,2.477418154218377e-07,1.1472543096560233e-07,98.24336942977338
64282.41729736328,2.3805726397306557e-07,1.1024066388348061e-07,98.24364020420647
64601.898193359375,6.064595425656381e-07,2.8084210275756273e-07,98.24921046047544
64816.47491455078,2.999802866940847e-07,1.3891626495738594e-07,98.25371697111527
64821.24328613281,3.0203122239299004e-07,1.398660217900749e-07,98.25378343799196
65050.12512207031,6.965795053961628e-07,3.2257527386850896e-07,98.2593087605851
65388.67950439453,3.857645031908806e-07,1.7864161851097878e-07,98.26690533637158
65393.44787597656,3.8087935267889366e-07,1.7637938031406708e-07,98.26698997997367
65960.88409423828,6.387113148684944e-07,2.957774033266225e-07,98.27927452755789
65965.65246582031,6.332302548255381e-07,2.932392085753416e-07,98.27941496006156
65970.42083740234,6.181530499440986e-07,2.8625718648579423e-07,98.27955312276868
66199.30267333984,8.38568815426761e-07,3.883283432808396e-07,98.28723092446133
66537.85705566406,2.7463154560058533e-07,1.271776521542328e-07,98.2964028068934
66547.39379882812,2.763619613321035e-07,1.279789811111957e-07,98.29652459010633
66552.16217041016,2.6956450110081376e-07,1.2483118164432574e-07,98.29658486474612
66590.3091430664,2.4069883592829436e-07,1.1146393529801454e-07,98.2970273540201
66905.02166748047,9.306864426089338e-07,4.309866020814728e-07,98.30556863760684
67133.90350341797,3.9505599637724505e-07,1.829443663466825e-07,98.3126677938022
67138.671875,3.9636861846871623e-07,1.8355222148362247e-07,98.31275517339793
67338.94348144531,2.2864803333950019e-07,1.058833936436849e-07,98.31540400513572
67725.18157958984,1.142189881351663e-06,5.289305972005446e-07,98.32528405574647
67729.94995117188,1.1169069402627806e-06,5.172224553692554e-07,98.32553347807077
67744.25506591797,1.1207462475588377e-06,5.190003796304445e-07,98.32627329269535
68321.22802734375,2.79681765833606e-07,1.2951633160452245e-07,98.34106651206528
68325.99639892578,2.834881276366428e-07,1.3127899931372948e-07,98.34112869051752
68330.76477050781,2.790214462278254e-07,1.292105477334419e-07,98.34119079606519
68798.06518554688,3.864231280390033e-07,1.7894661756580878e-07,98.34875752428215
68926.81121826172,3.690177001793129e-07,1.7088643116189633e-07,98.35088315490036
68931.57958984375,3.9025443352716406e-07,1.8072083631261861e-07,98.35096698460546
68941.11633300781,3.7650249996299057e-07,1.743525270222643e-07,98.35113618689026
69365.5014038086,6.588846238919779e-07,3.0511935300023987e-07,98.362566448365
69537.16278076172,4.522050040963123e-07,2.0940919437203083e-07,98.36711377409183
69541.93115234375,4.4858197363245723e-07,2.0773142459118244e-07,98.36721322816551
69751.73950195312,2.890197894110994e-07,1.3384062694994378e-07,98.37049081026538
70023.5366821289,7.725274629064511e-07,3.577456069085285e-07,98.37689333387371
70147.51434326172,6.072559211532691e-07,2.812108934541279e-07,98.38093485948437
70152.28271484375,5.786851792614252e-07,2.6798022155093067e-07,98.38106579684968
70714.95056152344,3.0379628529385757e-07,1.4068339531920087e-07,98.39251972048737
70767.40264892578,3.2387345070116807e-07,1.4998082236032984e-07,98.39328286082872
70772.17102050781,3.2537798838562136e-07,1.5067755066176329e-07,98.39335454337079
71091.6519165039,8.791785794323667e-07,4.0713410148125296e-07,98.40224272836913
71392.05932617188,6.150029682182251e-07,2.8479843200398686e-07,98.41219367566183
71396.8276977539,6.257937883522197e-07,2.8979549512890537e-07,98.4123306695295
71539.87884521484,7.478607173811024e-07,3.4632281578182304e-07,98.41688683332897
71830.74951171875,3.7358818444302113e-07,1.7300295225052486e-07,98.42439278822285
72021.484375,4.036174996910829e-07,1.869090670804727e-07,98.42802083149468
72026.25274658203,3.9683008914620376e-07,1.837659214690795e-07,98.42810920729875
72145.46203613281,3.192846947135975e-07,1.4785583991691946e-07,98.43003528848956
72379.11224365234,6.470905811379214e-07,2.996577128831609e-07,98.43516689172407
72655.67779541016,3.358433927482656e-07,1.5552391873930915e-07,98.44131813938434
72660.44616699219,3.326539144849006e-07,1.540469203258725e-07,98.44139194682391
72689.05639648438,3.161650952631649e-07,1.4641120130885269e-07,98.44182739819885
73046.68426513672,5.062789516135321e-07,2.3445000923148944e-07,98.4482446763082
73294.63958740234,3.5909719207422895e-07,1.6629239617504695e-07,98.45294517247157
73299.40795898438,3.631188731668872e-07,1.6815477494132755e-07,98.45302491089089
73404.31213378906,4.52710213083651e-07,2.0964314889723455e-07,98.45504800710802
73661.80419921875,3.0495516671552763e-07,1.4122005551244578e-07,98.45939731458427
73943.1381225586,3.633593781813629e-07,1.6826614912088673e-07,98.4637252489331
73947.90649414062,3.7259135323098066e-07,1.7254133502128732e-07,98.46380650376922
74219.7036743164,6.72927830611737e-07,3.1162254641682206e-07,98.4705105905237
74453.35388183594,3.008902270610922e-07,1.3933764437038565e-07,98.4756856004699
74596.40502929688,4.699038830545767e-07,2.1760527347412953e-07,98.47822193131597
74601.1734008789,4.767407765788312e-07,2.2077133389352407e-07,98.47832644844382
74806.21337890625,3.126501584225147e-07,1.4478348802527224e-07,98.48215304218779
75254.44030761719,6.806808164903967e-07,3.1521283514012433e-07,98.49321046141618
75259.20867919922,6.997978400844689e-07,3.2406563524928265e-07,98.49336287728076
75397.49145507812,8.843741112819842e-07,4.09540072510116e-07,98.49853033019546
75736.04583740234,2.7766579071862243e-07,1.2858276448147295e-07,98.50740114150436
75917.24395751953,4.199463424283202e-07,1.9447070344375403e-07,98.51028525446729
75922.01232910156,4.308654564944852e-07,1.9952717751887265e-07,98.51037919088223
76131.82067871094,0.0,0.0,98.51477727491957
76518.05877685547,9.252316502202573e-07,4.28460571477583e-07,98.52371174841903
76584.8159790039,7.969133695487398e-07,3.690383458604079e-07,98.52643921117338
76589.58435058594,8.104629984693781e-07,3.753129709764681e-07,98.52661667835669
76813.6978149414,2.466050097407995e-07,1.141989937088995e-07,98.53134486219668
77261.92474365234,5.454225375295101e-07,2.5257680286987096e-07,98.5403788325448
77266.69311523438,5.642626829878278e-07,2.6130138496546825e-07,98.54050135065219
77595.71075439453,3.302389262590753e-07,1.5292857635752422e-07,98.54917991001207
77819.82421875,1.1525925639805076e-06,5.337479198061793e-07,98.55668923396375
77943.80187988281,8.880280656187916e-07,4.1123216266173244e-07,98.56276644457454
77948.57025146484,8.671431486952397e-07,4.015606782954154e-07,98.56296022948877
78258.51440429688,5.251813976074046e-07,2.4320344174855774e-07,98.57317238412962
78415.8706665039,1.3751986470477731e-06,6.36833379045151e-07,98.5811460785004
78630.44738769531,9.357504481288195e-07,4.333316652864543e-07,98.59280463661935
78635.21575927734,9.383924527756895e-07,4.345551370738439e-07,98.59301155695758
78654.28924560547,9.140705214651881e-07,4.232920241158564e-07,98.5938287936713
79002.38037109375,3.5284666504924566e-06,1.633978730785631e-06,98.6315422821969
79321.86126708984,2.3272614831913573e-06,1.0777190607655507e-06,98.67264309360017
79326.62963867188,2.3038491679919667e-06,1.0668771770626356e-06,98.67315440518794
79488.75427246094,3.9867093907734045e-06,1.8461839080831097e-06,98.69667208891954
79736.70959472656,1.797946650158972e-06,8.326014885352576e-07,98.73080577676551
80022.81188964844,2.4196543361266397e-06,1.1205047723867123e-06,98.76422947271102
80027.58026123047,2.371683557825545e-06,1.0982902414849446e-06,98.76475847466554
80728.53088378906,4.522072301790137e-07,2.094102252367512e-07,98.81242685112316
80733.2992553711,4.4384378082933857e-07,2.0553724025290143e-07,98.8125257823083
80971.71783447266,5.749375744018743e-07,2.6624476328011485e-07,98.81609057439789
81100.4638671875,0.0,0.0,98.81831285722284
81439.01824951172,0.0,0.0,98.8183224808863
81443.78662109375,0.0,0.0,98.8183224808863
82159.04235839844,0.0,0.0,98.8183224808863
82163.81072998047,0.0,0.0,98.8183224808863
82883.83483886719,2.0419697063675904e-07,9.456048192059725e-08,98.82058675286018
82888.60321044922,1.532734415185733e-07,7.097857745111752e-08,98.8206262204475
83122.25341796875,5.463707305421433e-08,2.5301589649573985e-08,98.82208944211686
83613.39569091797,5.951100236007817e-07,2.7558631478217253e-07,98.8273961003
83618.1640625,6.309523494328291e-07,2.9218434556227926e-07,98.8275314673741
83656.31103515625,6.788714222112827e-07,3.1437493243038355e-07,98.82864919858993
84342.95654296875,1.8448651407458002e-07,8.5432872115307e-08,98.83926546338883
84352.49328613281,1.9531577265132728e-07,9.044773549289151e-08,98.83934953825255
84357.26165771484,1.9841164987916087e-07,9.188138870389683e-08,98.83939300890326
84438.32397460938,1.8206651537770448e-07,8.431220787474469e-08,98.84014353071463
84977.1499633789,5.155180486751831e-07,2.387284932263133e-07,98.84769283633818
85096.35925292969,4.204662343449433e-07,1.947114574080719e-07,98.85032246938391
85101.12762451172,3.974888936266939e-07,1.8407100370890084e-07,98.85041277816006
85110.66436767578,4.0271811711516085e-07,1.864925768184234e-07,98.85058773317522
85725.78430175781,2.4850748581798123e-07,1.1508000117017437e-07,98.85894255624807
85844.9935913086,2.569433658981768e-07,1.1898652771324768e-07,98.86037998894363
85849.76196289062,2.6807027892065747e-07,1.2413923029455098e-07,98.8604379546414
85887.90893554688,2.419331567651987e-07,1.1203553032617946e-07,98.86090131474909
86278.91540527344,4.2447598599956266e-07,1.9656831183475783e-07,98.86703674344879
86603.16467285156,2.553047716526387e-07,1.1822771987664156e-07,98.87198327174396
86607.9330444336,2.6046497897812034e-07,1.2061733266073984e-07,98.87204021684201
86698.53210449219,2.3003794565196496e-07,1.065270406952753e-07,98.8730945767236
87037.0864868164,6.092456794464897e-07,2.821323199695445e-07,98.87931913306065
87366.10412597656,3.1338913721427776e-07,1.4512569775767085e-07,98.88583429108515
87370.8724975586,3.092275419149174e-07,1.4319852687046883e-07,98.88590303293711
87862.01477050781,2.788144276439077e-07,1.291146806057331e-07,98.89292868883918
88109.97009277344,5.014651445563707e-07,2.3222080909312063e-07,98.89734151016091
88138.58032226562,4.815153833181062e-07,2.2298238096655002e-07,98.89798880804545
88143.34869384766,4.870275334517482e-07,2.2553497306147918e-07,98.89809574291569
88706.01654052734,2.3579860759083042e-07,1.0919471479162499e-07,98.90658428023129
88915.82489013672,3.235214495317714e-07,1.498178160233065e-07,98.90920449058729
88920.59326171875,3.2842708499357483e-07,1.5208954048595824e-07,98.90927647091024
89178.08532714844,2.4571185711284767e-07,1.1378538844010239e-07,98.9131818827285
89421.27227783203,4.798092121818704e-07,2.2219227930941787e-07,98.91742448294865
89697.83782958984,3.09978721184158e-07,1.435463864566647e-07,98.92191329708272
89702.60620117188,3.0408596318796803e-07,1.4081754070433273e-07,98.92198109472619
90322.49450683594,7.009649565361528e-07,3.246061089584887e-07,98.93464082873358
90489.38751220703,4.692376990273141e-07,2.1729677387950127e-07,98.93924113932813
90494.15588378906,4.5957504231906175e-07,2.1282214591554875e-07,98.93934368766982
90889.93072509766,2.747314045076826e-07,1.2722389528090473e-07,98.94552446541684
91276.16882324219,6.125485896364168e-07,2.8366184696657096e-07,98.95303325638223
91285.70556640625,6.07641256312622e-07,2.813893362500996e-07,98.9533013723715
91290.47393798828,6.00762915839049e-07,2.782040823848401e-07,98.95343478983926
91819.76318359375,2.138815751064813e-07,9.904527355590691e-08,98.9620183420085
92091.56036376953,3.750747663672025e-07,1.7369136551506392e-07,98.96543406321437
92096.32873535156,3.88340877933788e-07,1.7983469809750584e-07,98.96551835039614
92554.09240722656,5.877455736695599e-07,2.721759510906601e-07,98.97507946742175
92902.18353271484,2.74402798321521e-07,1.2707172280141775e-07,98.98207458088497
92906.95190429688,2.6450440301125686e-07,1.2248792791033593e-07,98.98213408054231
93011.85607910156,2.4943372014375756e-07,1.1550892606530718e-07,98.98341268416841
93383.7890625,3.469585982856106e-07,1.6067119976399948e-07,98.98848949558288
93722.34344482422,3.3413987143069694e-07,1.547350441725172e-07,98.99338418106166
93727.11181640625,3.391307097096139e-07,1.570462247515948e-07,98.99345851550876
94056.1294555664,1.6562897817511345e-07,7.670023677342148e-08,98.99722410579545
94552.04010009766,5.272422148226646e-07,2.441577745597526e-07,99.00243819349188
94556.80847167969,5.201845439628034e-07,2.4088947554598996e-07,99.00255383776803
94680.7861328125,7.525364496345886e-07,3.4848807559857047e-07,99.00620321454419
94957.35168457031,1.5304542074302897e-07,7.087298453092804e-08,99.01129676413696
95381.7367553711,2.383328148742016e-07,1.1036826727506778e-07,99.01584888229034
95386.50512695312,2.204771425300926e-07,1.0209957956334482e-07,99.01589953857251
95710.75439453125,8.940898447986985e-07,4.140392795291413e-07,99.02245431388053
96058.84552001953,1.0596416082737622e-07,4.907037593605019e-08,99.02977664818485
96225.73852539062,1.399044077005807e-07,6.47875831542875e-08,99.03078057966587
96230.50689697266,1.422162257165138e-07,6.585815058248028e-08,99.03081172803608
96402.16827392578,1.0304987501793735e-07,4.772081492280131e-08,99.03181982800852
96702.57568359375,5.241112383134556e-07,2.4270786741044657e-07,99.03580909083419
97074.50866699219,1.384323545759944e-07,6.410589795376991e-08,99.04060562226063
97079.27703857422,1.2626361073507193e-07,5.847073951641558e-08,99.04063484680836
97413.0630493164,5.839993511169476e-07,2.7044113294496394e-07,99.04552040140291
97842.21649169922,9.857473653370433e-09,4.564844700073622e-09,99.05030243682954
97928.04718017578,7.709459326354728e-08,3.5701322452239725e-08,99.0505169018201
97932.81555175781,8.577045217154563e-08,3.971897950590292e-08,99.05053488342134
98114.013671875,6.5041104268115825e-09,3.011953676424268e-09,99.05101363814629
98776.81732177734,1.455700384319286e-07,6.74112497575175e-08,99.05409123224068
98791.12243652344,1.3753672472011443e-07,6.369114551875393e-08,99.05417841865211
98795.89080810547,1.5461801906774792e-07,7.16012306698851e-08,99.0542106748682
99015.2359008789,4.7085033131452604e-07,2.1804355913181895e-07,99.05739803982478
99439.62097167969,1.4017218835861637e-07,6.491158826559697e-08,99.06292853622882
99663.73443603516,3.4059587832495196e-07,1.5772472184158228e-07,99.06524508726338
99668.50280761719,3.5032033313247147e-07,1.6222796755647526e-07,99.06532136992897
99868.7744140625,7.223197557689588e-07,3.34495188607784e-07,99.07041406034192
100450.51574707031,0.0,0.0,99.07746797281588
100545.88317871094,0.0,0.0,99.07747525239009
100550.65155029297,0.0,0.0,99.07747525239009
100860.595703125,9.021229079257763e-08,4.177592677259609e-08,99.0777594752317
101428.03192138672,0.0,0.0,99.07788302147955
101432.80029296875,0.0,0.0,99.07788302147955
102024.07836914062,5.722728187331698e-07,2.6501075584382635e-07,99.08279897445668
102324.4857788086,4.1209406673430087e-07,1.908344351314258e-07,99.08929804554636
102329.25415039062,4.1759304290202e-07,1.9338092656500536e-07,99.08938964962695
103225.7080078125,2.2519932815055316e-06,1.0428635122110654e-06,99.1340028055163
103230.47637939453,2.2742304122750917e-06,1.053161186047968e-06,99.13450253674661
103235.24475097656,2.2446631309464485e-06,1.0394690320321676e-06,99.1350014586698
103902.81677246094,5.8690050817826925e-06,2.7178461423653477e-06,99.2655598901136
104136.46697998047,5.116307984635386e-06,2.369283673370173e-06,99.32397973831978
104141.2353515625,5.1320020754975355e-06,2.3765513658858977e-06,99.32511123356649
104427.33764648438,5.349725446447993e-06,2.477375716111327e-06,99.39278809268987
104804.03900146484,4.279617369587115e-06,1.981825095847266e-06,99.47581584268406
105056.7626953125,5.144946125072518e-06,2.382545556504875e-06,99.53141542470686
105061.53106689453,5.039133686020214e-06,2.3335454405933685e-06,99.5325398284213
105066.29943847656,5.105611865222158e-06,2.364330464695034e-06,99.53365988931944
105981.82678222656,6.2366845478906e-07,2.888112857875635e-07,99.63547547060371
105986.5951538086,6.260407027448112e-07,2.899098373930622e-07,99.63561344847159
106878.28063964844,9.8115719077953e-08,4.543588306459917e-08,99.6475429285076
106916.42761230469,1.0402658359212425e-07,4.817311366740603e-08,99.64772627591721
106921.19598388672,1.0678290885431838e-07,4.944952557650647e-08,99.64774955096814
107111.93084716797,6.770813341743403e-08,3.1354597014497e-08,99.64853534899251
107359.8861694336,2.479242023731544e-07,1.1480989156244054e-07,99.65031680867993
107860.56518554688,1.5344954333392556e-07,7.106012749799076e-08,99.65377427279839
107865.3335571289,1.5651098330460666e-07,7.247783334394845e-08,99.65380849491505
108447.07489013672,5.005074859913908e-07,2.3177733211529133e-07,99.66266868820985
108809.4711303711,2.2616474323351577e-07,1.0473342012332228e-07,99.66793358643365
108814.23950195312,2.2230272201305243e-07,1.0294497739248362e-07,99.66798310082211
108838.08135986328,2.356260121688897e-07,1.0911478850170448e-07,99.6682332786401
109744.07196044922,7.437315752908395e-08,3.4441067347747684e-08,99.67443396454047
109772.6821899414,8.331465083772317e-08,3.8581735613873827e-08,99.67453956349517
109777.45056152344,8.178654823872232e-08,3.78740947623223e-08,99.67455779198562
110011.10076904297,6.403055398104688e-08,2.965156644199817e-08,99.67547192468044
110616.68395996094,4.404459275295616e-07,2.0396374655943248e-07,99.68195758001333
110740.66162109375,2.962171776088713e-07,1.371736269177132e-07,99.68411079449669
110745.42999267578,2.857258185475325e-07,1.3231523961770282e-07,99.68417504564934
111160.2783203125,5.322796355254207e-08,2.4649052674409695e-08,99.68649916046117
111713.40942382812,6.89784878390818e-08,3.194287864250736e-08,99.69082259822848
111718.17779541016,7.304387978939237e-08,3.382549923584284e-08,99.69083827863167
112056.73217773438,1.0322154026751099e-07,4.780031046418022e-08,99.6920695721994
112314.22424316406,3.546592360352443e-08,1.6423724687248788e-08,99.69284465683127
112700.4623413086,5.2288149217152324e-08,2.4213839085328457e-08,99.69413509249054
112705.23071289062,4.991483925173824e-08,2.3114795679460654e-08,99.69414637651639
112714.76745605469,4.3313376470491266e-08,2.0057759622417276e-08,99.6941675155998
113115.31066894531,1.3437508104266088e-07,6.222703687468867e-08,99.69577588340604
113692.2836303711,1.038880975118931e-07,4.8108982889926244e-08,99.69847574579104
113697.05200195312,9.580673362834174e-08,4.436662735437962e-08,99.69849779369463
114188.19427490234,0.0,0.0,99.69994926854129
114693.64166259766,3.169908770902496e-07,1.4679360819416006e-07,99.7042833658586
114698.41003417969,3.1290387063233933e-07,1.4490097825421805e-07,99.70435291126745
114703.17840576172,3.061740394877231e-07,1.4178449677902914e-07,99.70442126241105
114898.681640625,3.6610093426508206e-07,1.695357216501971e-07,99.70746052576236
115203.857421875,0.0,0.0,99.71002026846558
115709.30480957031,2.3967075968767013e-08,1.10987848975767e-08,99.71071488074502
115714.07318115234,1.5862436109313817e-08,7.345650614962547e-09,99.71071927824113
115723.6099243164,0.0,0.0,99.71072512108672
116715.4312133789,4.92396791690061e-07,2.2802139411360226e-07,99.71469871548058
116729.736328125,4.581716837066655e-07,2.121722720889107e-07,99.71499281102587
116734.50469970703,4.6450385692735276e-07,2.1510460428505296e-07,99.71509468177162
116739.27307128906,4.845159815571711e-07,2.2437191194074265e-07,99.71519946113817
117063.52233886719,0.0,0.0,99.71937762209188
117759.70458984375,0.0,0.0,99.71938673243125
117764.47296142578,0.0,0.0,99.71938673243125
118794.44122314453,0.0,0.0,99.71938673243125
118799.20959472656,0.0,0.0,99.71938673243125
119843.4829711914,0.0,0.0,99.71938673243125
119848.25134277344,0.0,0.0,99.71938673243125
120902.06146240234,0.0,0.0,99.71938673243125
120906.82983398438,0.0,0.0,99.71938673243125
121965.40832519531,0.0,0.0,99.71938673243125
121970.17669677734,0.0,0.0,99.71938673243125
123043.06030273438,0.0,0.0,99.71938673243125
123047.8286743164,0.0,0.0,99.71938673243125
124130.2490234375,0.0,0.0,99.71938673243125
124135.01739501953,0.0,0.0,99.71938673243125
124607.08618164062,8.017740102835487e-08,3.712892339558245e-08,99.71954556545806
125222.20611572266,0.0,0.0,99.71985515694702
125226.97448730469,0.0,0.0,99.71985515694702
126161.57531738281,7.760961759670248e-08,3.59398223133891e-08,99.72006535696826
126328.4683227539,6.997354792194101e-08,3.240367568901446e-08,99.72050683035583
126333.23669433594,6.289370987239492e-08,2.9125111390057408e-08,99.72052149996183
126490.59295654297,1.2541654006961885e-07,5.80784740969225e-08,99.72114475719344
126662.2543334961,0.0,0.0,99.72167040512474
127439.49890136719,4.3096086791098225e-08,1.9957136108093314e-08,99.72199231527357
127444.26727294922,4.216644017963191e-08,1.952663103584872e-08,99.72200172893722
127954.48303222656,2.806309929255244e-08,1.2995590409663135e-08,99.72412176534766
128374.09973144531,2.4590263022478046e-06,1.1387373253916322e-06,99.72622127244581
128564.83459472656,1.3683628477765726e-07,6.33667825357545e-08,99.72753319347719
128569.6029663086,1.3585197998804074e-07,6.291096610041441e-08,99.72756330043859
128645.8969116211,1.751220861863806e-07,8.109634933900185e-08,99.72811923821548
128908.15734863281,7.819702787400167e-08,3.6211842993878685e-08,99.72961124610835
129699.70703125,1.0955144647120864e-07,5.073159283956173e-08,99.73335376306771
129704.47540283203,1.0717567849504867e-07,4.96314111666571e-08,99.73337769147251
129752.15911865234,9.633845269039695e-08,4.461285828815655e-08,99.73362210029481
130839.34783935547,2.3234719436909588e-07,1.0759641832064107e-07,99.74191581304275
130844.1162109375,2.1940268976285405e-07,1.0160201698367398e-07,99.74196568983645
130848.88458251953,2.3168315648195768e-07,1.0728891257055321e-07,99.74201549331508
131144.52362060547,1.3596011565961574e-07,6.296104206963694e-08,99.74445116211751
131850.2426147461,2.5294350271297133e-07,1.1713425248492264e-07,99.75013702172674
131998.06213378906,1.9620662415182008e-07,9.086027514489319e-08,99.75169231346976
132002.8305053711,1.8938701748272033e-07,8.770222000270342e-08,99.75173488608613
132107.73468017578,1.4699728512350275e-07,6.807218578685218e-08,99.75254832569746
132555.96160888672,2.927342127665372e-07,1.3556071937566408e-07,99.75702758716506
133161.5447998047,1.734716095942206e-07,8.033203897011327e-08,99.76272114416439
133166.31317138672,1.7596148911822282e-07,8.148506394878792e-08,99.76275972436814
133233.07037353516,1.593557520163908e-07,7.379520205661886e-08,99.76328803203171
134158.13446044922,3.038948883168504e-07,1.4072905686522653e-07,99.77209179537876
134334.56420898438,2.104315077648777e-07,9.744760034134737e-08,99.7742614186492
134339.3325805664,2.0910473146552298e-07,9.683319060805613e-08,99.77430773879934
134644.5083618164,1.4908837288955497e-07,6.904053642535361e-08,99.77670709895314
135517.12036132812,1.8861636018734784e-07,8.734534044166586e-08,99.78370361977194
135521.88873291016,1.9486249593994212e-07,9.02378300073287e-08,99.78374595889912
135588.6459350586,2.0023398839712986e-07,9.27252856919092e-08,99.78434179899396
136690.1397705078,1.3761290127977838e-07,6.372642171394142e-08,99.79286428411933
136713.98162841797,1.4340250548095728e-07,6.640749852759731e-08,99.79302637603776
136718.75,1.451517857751115e-07,6.721756337387595e-08,99.79305823473516
137071.6094970703,1.9641829496750974e-07,9.095829664970653e-08,99.79568688937582
137896.53778076172,1.1220941270897495e-07,5.19624561946257e-08,99.80131114733314
137920.37963867188,1.1734370244140687e-07,5.434006693931388e-08,99.80144677942046
137925.1480102539,1.1587969869041716e-07,5.366210928012113e-08,99.80147252914585
138902.6641845703,2.1864149025316368e-07,1.012495171779737e-07,99.80841527395026
139136.31439208984,1.3803228812412322e-07,6.392063332241307e-08,99.81031699343315
139141.08276367188,1.3807135684285518e-07,6.393872544620803e-08,99.8103474774798
139937.4008178711,1.6984839878165906e-07,7.865418567254794e-08,99.81533041573665
140314.10217285156,9.20864125155406e-08,4.264380376777682e-08,99.81752065653104
140361.78588867188,9.917217011373407e-08,4.592510931882543e-08,99.81774964476814
140366.5542602539,1.0197196032099134e-07,4.722164917663641e-08,99.81777185268594
140647.88818359375,1.2843266080115098e-07,5.94751932990488e-08,99.8189650216545
140891.07513427734,0.0,0.0,99.81976078600884
141601.5625,0.0,0.0,99.8198580668237
141606.33087158203,0.0,0.0,99.8198580668237
142850.8758544922,0.0,0.0,99.8198580668237
142855.64422607422,0.0,0.0,99.8198580668237
144062.04223632812,5.554575229488302e-08,2.572238505432915e-08,99.82030850097814
144109.72595214844,2.845144512370058e-08,1.3175427401518157e-08,99.82037136137171
144114.49432373047,9.867621075282562e-09,4.569543815360545e-09,99.82037559210254
144128.79943847656,0.0,0.0,99.82038288209732
145282.74536132812,1.0661679625556912e-07,4.937260138247053e-08,99.82336947168092
145378.11279296875,1.051810936945982e-07,4.8707749569847184e-08,99.8237727600939
145382.88116455078,9.685830204691548e-08,4.4853592543543466e-08,99.82379506685616
145735.7406616211,1.5998131965149206e-07,7.408489282364954e-08,99.82583930562924
146174.43084716797,8.937729455413671e-08,4.1389252834865076e-08,99.82825510556033
146660.80474853516,1.0961149786191373e-07,5.0759401716585556e-08,99.83073680756377
146665.5731201172,1.1788448776357327e-07,5.4590496318947563e-08,99.83076192493677
146861.07635498047,1.354121772126234e-07,6.270730018772338e-08,99.8318894168364
147242.54608154297,9.49832721804908e-08,4.3985295001068987e-08,99.83392842891217
147957.80181884766,1.1500964300771849e-07,5.3259199852046934e-08,99.83764555378134
147962.5701904297,1.1220475555993907e-07,5.19602995404117e-08,99.83767064006489
148077.01110839844,1.418603877764733e-07,6.569336749588044e-08,99.83833473053011
149183.2733154297,9.16793800446756e-08,4.245531327997819e-08,99.84384477170136
149259.5672607422,1.0278322156946841e-07,4.759733180493534e-08,99.84419652159772
149264.33563232422,9.771489538952556e-08,4.5250267768619515e-08,99.84421865819048
149931.9076538086,1.7004893638948483e-07,7.874705155973555e-08,99.84801068779063
150179.86297607422,9.569052889626692e-08,4.431281472712965e-08,99.84954757155923
150575.6378173828,1.1067696396228171e-07,5.125280270880732e-08,99.85152975250722
150580.40618896484,1.1777798143220271e-07,5.4541174872157295e-08,99.85155497575703
151438.71307373047,9.60990280071481e-08,4.450198439340141e-08,99.85584808021493
151782.03582763672,1.3867473477221728e-07,6.421814050120523e-08,99.85767509067173
151906.01348876953,1.2685220329416342e-07,5.874330769345077e-08,99.85844340300234
151910.78186035156,1.301766433880027e-07,6.028280485841511e-08,99.85847178103897
152268.4097290039,0.0,0.0,99.86008696782635
152812.00408935547,1.3817768226329992e-07,6.39879631159262e-08,99.86263809160309
153245.9259033203,1.0758770887945836e-07,4.982221611148175e-08,99.86501270245648
153250.69427490234,1.092381381619426e-07,5.058650457198588e-08,99.86503664176098
153279.30450439453,9.744800742994372e-08,4.5126676052257784e-08,99.86518002635204
154547.69134521484,1.6158312723670792e-07,7.482666532267217e-08,99.87265207540268
154595.37506103516,1.5333096431554522e-07,7.100521537520681e-08,99.87298606730633
154600.1434326172,1.522932594332936e-07,7.052467017685701e-08,99.87301981066054
155167.5796508789,1.651405190125394e-07,7.647403883489428e-08,99.87682588991214
155620.57495117188,8.952048769987433e-08,4.145556338210998e-08,99.87960462800206
155959.1293334961,1.0655714060706642e-07,4.9344975767584524e-08,99.8812228058359
155963.89770507812,1.0779358493555604e-07,4.9917554152099106e-08,99.88124647186723
156331.06231689453,1.3894424259503724e-07,6.434294543600791e-08,99.8832290859324
156922.3403930664,1.1995843696695515e-08,5.55509103522169e-09,99.88534030330185
157332.4203491211,1.0087873813843719e-07,4.6715394768913095e-08,99.88667747439332
157337.18872070312,1.0272791873951552e-07,4.757172191348783e-08,99.88669995419373
157527.92358398438,2.0964402335637312e-08,9.708292840257697e-09,99.88731800866736
158400.5355834961,1.5615998648528822e-07,7.231529210602582e-08,99.89109695981647
158720.0164794922,1.4032815001128947e-07,6.498381171235972e-08,99.89300130267105
158724.78485107422,1.2774384781707438e-07,5.915621458195846e-08,99.89303089995974
158753.3950805664,1.3961811869151138e-07,6.465500710978622e-08,99.8932017599672
159645.08056640625,6.605151045880429e-08,3.0587440357665805e-08,99.89763461694582
160121.91772460938,7.2193943038367e-08,3.343190657612629e-08,99.89956293357014
160126.6860961914,6.989406187389046e-08,3.2366866920568064e-08,99.89957862122021
160503.38745117188,9.35821115947556e-08,4.3336439046829794e-08,99.9007404620287
160846.71020507812,5.046362486101649e-08,2.3368929869221733e-08,99.90186035823709
161533.35571289062,8.510862771268785e-08,3.9412498760467393e-08,99.90422062223546
161538.12408447266,9.00530361043651e-08,4.170217837163533e-08,99.90423996148154
161552.42919921875,7.034958825163739e-08,3.2577814192082286e-08,99.90429366923338
162916.1834716797,1.7536717278145272e-07,8.1209845178191e-08,99.91145596369404
162959.09881591797,1.6915429404045666e-07,7.833275642398075e-08,99.91175346956732
162963.8671875,1.4128412904293647e-07,6.542651092408963e-08,99.91178774444758
162997.24578857422,1.3205901284790555e-07,6.115450125393932e-08,99.9120309975168
163702.96478271484,2.8409847331778943e-07,1.3156164102759725e-07,99.91917383137083
164394.37866210938,1.7567012185860024e-07,8.135013624442541e-08,99.92641875073738
164399.1470336914,1.9676901555871906e-07,9.112070997063295e-08,99.92645987099147
165677.07061767578,2.3373368241141232e-08,1.0823847964530103e-08,99.9318674847653
165843.96362304688,4.117929995930387e-08,1.906950155608052e-08,99.93212452633321
165848.7319946289,2.8375988041798348e-08,1.3140484385435466e-08,99.93213220579229
165901.18408203125,3.615741124216487e-08,1.6743941995801773e-08,99.93220838701906
166440.01007080078,9.851093656749967e-09,4.561890221595309e-09,99.93277303498228
167307.85369873047,2.0638852632502024e-08,9.557535771131821e-09,99.9336742048165
167312.6220703125,1.8867351264391907e-08,8.737180686680169e-09,99.93367856661679
168051.71966552734,0.0,0.0,99.93462254115678
168695.44982910156,4.453574978896373e-08,2.0623821938235138e-08,99.93495892657155
168781.28051757812,3.809051642217046e-08,1.763913332432398e-08,99.93509528062555
168786.04888916016,2.349874174401572e-08,1.088190650876274e-08,99.93510208057133
170102.11944580078,6.699002249070833e-08,3.102205086999801e-08,99.93810879082754
170269.01245117188,5.41997116668151e-08,2.509905430618977e-08,99.93856271289816
170273.7808227539,5.636509286141029e-08,2.6101809090769615e-08,99.93857492013525
170278.54919433594,5.741476226639376e-08,2.658789487589671e-08,99.9385874823396
170731.5444946289,0.0,0.0,99.93954784719075
171771.04949951172,5.090548596613012e-08,2.357354896279212e-08,99.9418186615662
171775.81787109375,4.8986896550945765e-08,2.2685079662087763e-08,99.9418296904827
171885.49041748047,1.7602881421881204e-08,8.151624116918064e-09,99.94203355795493
172061.92016601562,5.6522925192558516e-08,2.617489882001235e-08,99.94239979010658
173287.39166259766,4.457971753845112e-08,2.0644182727954628e-08,99.94523642214621
173292.1600341797,4.574334152950951e-08,2.1183039132267233e-08,99.945246394533
173764.22882080078,5.167260539742008e-08,2.3928790193292407e-08,99.94627460216147
174622.5357055664,3.21731948961801e-08,1.4898912578482788e-08,99.94795272518435
174818.0389404297,3.7612440453236e-08,1.7417743683350727e-08,99.94828378568332
174822.80731201172,3.665653691548486e-08,1.6975079431684892e-08,99.94829198557133
174932.47985839844,3.9291174187579284e-08,1.8195139500932403e-08,99.94847171354772
175929.06951904297,1.8157954083180807e-09,8.408669743940654e-10,99.94990718431023
176358.22296142578,1.4529204757452327e-08,6.72825164596444e-09,99.95037014240295
176362.9913330078,1.9733541826464002e-08,9.138300236736145e-09,99.9503739252837
176424.98016357422,2.972262321881867e-08,1.376409046006617e-08,99.95043936360385
176534.65270996094,3.390092939655645e-09,1.5698999898470776e-09,99.95053707805104
177912.71209716797,1.2787744288771815e-08,5.921808040799348e-09,99.95167222848228
177917.48046875,1.7848464355588052e-08,8.265349802908301e-09,99.9516756109643
178079.60510253906,2.2251907745667482e-08,1.0304516827656618e-08,99.95181738119234
179462.43286132812,6.75303880272251e-09,3.1272285853342608e-09,99.95278477692227
179481.50634765625,1.2965691376814944e-08,6.0042126051239474e-09,99.95279288146166
179486.27471923828,1.1783640139119281e-08,5.456822825820244e-09,99.95279561398544
179953.57513427734,1.9456528292902883e-08,9.010019522529745e-09,99.95303066409967
180287.36114501953,0.0,0.0,99.95318375149135
181064.60571289062,0.0,0.0,99.9532546809244
181069.37408447266,0.0,0.0,99.9532546809244
182662.0101928711,0.0,0.0,99.9532546809244
182666.77856445312,0.0,0.0,99.9532546809244
184273.71978759766,0.0,0.0,99.9532546809244
184278.4881591797,0.0,0.0,99.9532546809244
185894.96612548828,6.603536857273759e-09,3.0579965298066176e-09,99.95328409695787
185899.7344970703,1.6376541191249866e-09,7.58372478498625e-10,99.95328500685115
185904.50286865234,0.0,0.0,99.95328518766125
186147.68981933594,1.1763772494654137e-08,5.4476224247105085e-09,99.9533510426426
187535.28594970703,4.330683851807208e-09,2.0054731997033783e-09,99.953638739352
187540.05432128906,4.543483419358324e-09,2.104017412173227e-09,99.95363971913092
188107.49053955078,2.662669505103778e-09,1.233041365955338e-09,99.95380646385915
188460.3500366211,1.3657612833728615e-08,6.324630808258545e-09,99.95393943820986
189189.91088867188,3.805741598084969e-09,1.7623805018162949e-09,99.95419533415829
189194.6792602539,4.269267981375419e-09,1.977032453067946e-09,99.95419622570381
190315.24658203125,0.0,0.0,99.95467553205694
190505.9814453125,1.7126648689286685e-08,7.931088050393315e-09,99.95474955865818
190858.8409423828,1.5362465984251525e-08,7.114122126443037e-09,99.9549925205887
190863.60931396484,1.6068039021948147e-08,7.440862167035792e-09,99.95499599076739
192427.6351928711,5.821424827168436e-09,2.6958124569869663e-09,99.95568599988235
192542.07611083984,6.906601896986448e-09,3.1983412965245125e-09,99.95572419169622
192546.84448242188,6.934866877578799e-09,3.211430375064485e-09,99.95572571990489
192561.14959716797,2.385488363352375e-07,1.1046830349694243e-07,99.95577970170845
193414.68811035156,5.254876855902567e-09,2.4334527901075934e-09,99.95613304547118
194239.61639404297,6.730376248257418e-09,3.11673390431579e-09,99.95641967114815
194244.384765625,6.774317119665298e-09,3.1370822472093358e-09,99.95642116217411
195035.9344482422,5.691158386079141e-09,2.635488068191811e-09,99.95671744364073
195813.17901611328,2.4229401492441897e-08,1.1220263819920245e-08,99.95718000182138
195951.4617919922,2.1644240965971324e-08,1.0023115671919482e-08,99.95732223014764
195956.23016357422,1.9300652085058053e-08,8.93783564395506e-09,99.95732675079071
196180.3436279297,3.3302740175247564e-09,1.542198765450709e-09,99.95747430114858
197615.6234741211,2.6142691458258174e-08,1.2106279026988459e-08,99.95867041136745
197682.38067626953,2.3234603279237664e-08,1.075958804122969e-08,99.95874115356781
197687.14904785156,2.1650988352862943e-08,1.0026240283191561e-08,99.95874610929548
198249.81689453125,3.256864730475607e-08,1.5082040517232303e-08,99.95915247106582
199179.64935302734,3.967729231496112e-09,1.8373944877376769e-09,99.95985971211522
199422.83630371094,9.067875801119778e-09,4.199194057953619e-09,99.95995171258762
199427.60467529297,1.0147379699213942e-08,4.69909573877009e-09,99.95995383410524
199446.6781616211,1.1028142713078545e-08,5.1069635675099625e-09,99.95996273867476
200686.45477294922,9.238767197141568e-10,4.2783312396341926e-10,99.96023961015399
201182.36541748047,4.6855343173094344e-09,2.1697990020059438e-09,99.96033907994956
201187.1337890625,4.265369549043559e-09,1.9752271489104653e-09,99.96034006820081
201740.26489257812,0.0,0.0,99.96039560350165
202941.89453125,5.71017625414643e-09,2.6442949508989213e-09,99.96051489144587
202956.1996459961,3.7968460283418925e-09,1.7582611000482836e-09,99.96051745849009
202960.96801757812,5.509967218318663e-09,2.5515812203587694e-09,99.96051848603656
203256.60705566406,7.319516411301511e-09,3.389555668333674e-09,99.96058326418245
203490.2572631836,0.0,0.0,99.96062705840248
204744.3389892578,0.0,0.0,99.96062710135874
204749.10736083984,0.0,0.0,99.96062710135874
206470.48950195312,3.0945469209515205e-09,1.4330371663133727e-09,99.9606428969505
206551.55181884766,2.5133116435268634e-09,1.1638760334565196e-09,99.96064821881548
206556.3201904297,7.014909904418669e-10,3.248497071836523e-10,99.96064857375534
206561.08856201172,0.0,0.0,99.96064865120556
207443.2373046875,1.0396330323660496e-08,4.814380950635333e-09,99.96085582967129
208373.0697631836,8.567062472996734e-09,3.9672750950429705e-09,99.9611808359693
208377.83813476562,8.274820370371812e-09,3.831942264318171e-09,99.96118269544763
208435.05859375,9.738201669442304e-09,4.509611675584084e-09,99.96120575593994
209951.40075683594,3.0261125921494187e-09,1.40134627936603e-09,99.9616640272071
210208.89282226562,6.5076710777682915e-09,3.013602559213114e-09,99.96173131640774
210213.66119384766,5.76242037690466e-09,2.668488402007092e-09,99.9617326711238
210251.8081665039,5.744409415318573e-09,2.6601478022316757e-09,99.96174359991053
211558.34197998047,8.336520496123992e-09,3.860514645228103e-09,99.96216457314003
212063.78936767578,7.609132114926432e-09,3.523672254006544e-09,99.96234267666118
212068.5577392578,7.338717085644997e-09,3.3984472058205365e-09,99.96234432702306
212488.17443847656,9.895455874413959e-09,4.582433683470832e-09,99.9624845848663
213737.48779296875,4.899200228034515e-09,2.2687444046980723e-09,99.9629117298758
213932.99102783203,5.442908810521876e-09,2.5205275013034946e-09,99.96296520670016
213937.75939941406,5.922684952609577e-09,2.7427044663600516e-09,99.96296646155245
214009.28497314453,6.317825935422864e-09,2.9256881886204076e-09,99.96298571387112
215020.17974853516,2.3667532260400193e-09,1.0960070805339571e-09,99.9632023226319
215821.2661743164,3.3705655590848805e-09,1.5608571597225155e-09,99.9633448796664
215826.03454589844,4.005159663555663e-09,1.8547279461284163e-09,99.96334569400534
216360.09216308594,2.56620404610222e-09,1.1883696929945011e-09,99.96345411104008
216660.4995727539,8.389276691755728e-09,3.884945229421776e-09,99.96353249306814
217723.84643554688,5.782955235032796e-09,2.6779977795199537e-09,99.96381501099368
217728.6148071289,5.392862654044406e-09,2.4973518946330045e-09,99.9638162448932
218038.55895996094,8.885240726576667e-09,4.114618559058867e-09,99.96391950999424
219640.73181152344,9.838239393842453e-10,4.555937609803478e-10,99.9642509935919
219645.50018310547,1.5451669635573622e-09,7.155430967763213e-10,99.9642512728127
219650.2685546875,2.4658020145815433e-09,1.1418750537410571e-09,99.9642517156557
219960.21270751953,3.1325389440825485e-09,1.4506306889068061e-09,99.96428015028657
221071.2432861328,0.0,0.0,99.9643460746848
221581.45904541016,0.0,0.0,99.96435316230674
221586.2274169922,4.1010933483115794e-10,1.899153362600805e-10,99.96435320758609
221590.99578857422,0.0,0.0,99.96435325286545
221900.93994140625,5.34745739516444e-10,2.476325416384917e-10,99.96435371138665
223536.49139404297,0.0,0.0,99.96435379341429
223541.259765625,0.0,0.0,99.96435379341429
225505.82885742188,0.0,0.0,99.96435379341429
225510.5972290039,0.0,0.0,99.96435379341429
227494.2398071289,0.0,0.0,99.96435379341429
227499.00817871094,0.0,0.0,99.96435379341429
229191.78009033203,1.9255470423959823e-09,8.916912710406639e-10,99.96438001444959
229501.72424316406,1.2078831752060411e-09,5.59352152948655e-10,99.96439286726957
229506.4926147461,7.909642657831475e-10,3.6628340724738243e-10,99.96439308795829
230288.50555419922,1.2265506896877402e-10,5.679967922895063e-11,99.96443441444306
231437.68310546875,2.1551298198347084e-09,9.980075303249096e-10,99.96450537854227
231528.28216552734,1.6624190079286377e-09,7.698407182706488e-10,99.9645129762377
231533.05053710938,1.7497417546393942e-09,8.102785415441784e-10,99.9645133529675
231943.13049316406,8.623493168809888e-10,3.993407283853444e-10,99.96454534264842
233454.70428466797,4.550996039862867e-09,2.107496391382276e-09,99.96470710204606
233569.14520263672,3.775929007162139e-09,1.7485747486938392e-09,99.96472859700714
233573.91357421875,3.868301937319976e-09,1.7913512343826543e-09,99.96472944099125
234580.03997802734,0.0,0.0,99.96481814798521
235629.08172607422,0.0,0.0,99.96482152519268
235633.85009765625,0.0,0.0,99.96482152519268
237703.3233642578,0.0,0.0,99.96482152519268
237708.09173583984,0.0,0.0,99.96482152519268
238723.7548828125,1.8182247044169904e-09,8.4199194411876e-10,99.96482362696484
239801.40686035156,0.0,0.0,99.96482745169521
239806.1752319336,0.0,0.0,99.96482745169521
240426.06353759766,6.837636453281026e-10,3.166404458420027e-10,99.96482799514035
241918.56384277344,0.0,0.0,99.96482916832373
241923.33221435547,0.0,0.0,99.96482916832373
243597.03063964844,1.0635742488554132e-09,4.925249048332373e-10,99.9648328467516
244050.0259399414,0.0,0.0,99.96483448188144
244054.79431152344,0.0,0.0,99.96483448188144
245456.69555664062,3.465163430909593e-10,1.6046639817361491e-10,99.96483465639396
246200.5615234375,0.0,0.0,99.96483471227776
246205.32989501953,0.0,0.0,99.96483471227776
247755.0506591797,8.287843107531766e-10,3.837972893949602e-10,99.96483651173584
248374.93896484375,1.3877803954164285e-10,6.426597935381463e-11,99.96484107930732
248379.70733642578,1.7037865828512618e-10,7.889974070715236e-11,99.96484111344068
248384.4757080078,0.0,0.0,99.96484113225183
249996.18530273438,1.9670929663622303e-09,9.109305505453212e-10,99.96490064249635
250563.6215209961,3.07361821855993e-10,1.4233454055690764e-10,99.96493399179609
250568.38989257812,9.389012960173827e-10,4.347907745664399e-10,99.96493412939348
250687.5991821289,2.7844397442408434e-10,1.289431294074646e-10,99.96493854121067
251998.9013671875,2.7113838512743935e-09,1.2556002317209547e-09,99.96500747483165
252771.37756347656,8.376609428072705e-10,3.879079214099674e-10,99.96506413539319
252776.1459350586,1.3026739070888068e-09,6.032482854940555e-10,99.96506437170324
252819.06127929688,5.339849177482653e-10,2.472802167590858e-10,99.96506623471923
254549.98016357422,1.1904330706938594e-08,5.512712774729262e-09,99.96544656602498
255002.9754638672,5.711601373220668e-09,2.6449549016613347e-09,99.96557324308486
255007.74383544922,5.56404511542656e-09,2.5766238642130298e-09,99.96557448800625
256419.18182373047,1.0600126398351004e-09,4.908755783798462e-10,99.96641557980878
256748.19946289062,4.8577031981836476e-05,2.249527767307542e-05,99.97802535770565
257248.8784790039,6.3653039963184494e-09,2.947674549656725e-09,99.9848059034207
257253.64685058594,6.163228693285689e-09,2.8540965794280683e-09,99.98480728667073
257425.30822753906,2.629273165432633e-07,1.2175760338113805e-07,99.98489781287694
259366.03546142578,1.3901989674904103e-09,6.437797971315505e-10,99.98570720817067
259518.62335205078,1.9626193665817376e-09,9.088588951733335e-10,99.98572448519735
259523.3917236328,1.904237222977047e-09,8.81823020852565e-10,99.98572491212919
259747.50518798828,5.484814210745258e-09,2.539933248743536e-09,99.98574674141562
261607.17010498047,1.057705464701471e-09,4.898071609991628e-10,99.98596459674069
261807.44171142578,1.1746728042183685e-09,5.439729400467041e-10,99.9859776076124
261812.2100830078,1.2617894845403652e-09,5.843153371394828e-10,99.98597787661728
262169.83795166016,2.9363865306674807e-09,1.359795517921767e-09,99.98600497963398
263695.71685791016,4.6442837014236543e-10,2.1506964751392762e-10,99.98610571499303
264115.3335571289,1.7934971720431449e-09,8.305410035358194e-10,99.98613451027933
264120.10192871094,1.8936699043449938e-09,8.76929457841618e-10,99.98613491737201
264139.17541503906,2.036872090814403e-09,9.432441917106076e-10,99.98613659132319
264673.23303222656,3.0906448230457054e-10,1.4312301646848734e-10,99.98615928072549
266447.0672607422,7.318936170522646e-10,3.389286967737831e-10,99.98625199361317
266451.8356323242,7.982433417331013e-10,3.6965423555897713e-10,99.9862521625525
266537.6663208008,2.799630657247825e-10,1.2964659726512902e-10,99.98625539900628
267195.7015991211,1.7473158365594529e-09,8.091551361282029e-10,99.98628753108892
268797.8744506836,6.615424009120437e-10,3.063501287314919e-10,99.98635570643903
268802.6428222656,8.209254764273851e-10,3.801579838809577e-10,99.98635587011533
268921.8521118164,3.6412680255239676e-10,1.6862153156430046e-10,99.98636038668828
269331.9320678711,1.683582576132687e-09,7.79641241766633e-10,99.98637958545567
271167.7551269531,1.0615048720068147e-09,4.915666081872655e-10,99.9864786642625
271172.52349853516,1.2897030090416047e-09,5.972416617598171e-10,99.98647892385463
272884.3688964844,3.4681534553292692e-09,1.6060486161369304e-09,99.98664784203206
273456.5734863281,1.1164186627376072e-09,5.169963415442197e-10,99.98670823092756
273556.7092895508,1.5232514881081043e-09,7.053943765796476e-10,99.98671649137701
273561.4776611328,1.6097062977331858e-09,7.454302715148564e-10,99.98671683728057
273847.5799560547,2.489361652530249e-09,1.1527851603472292e-09,99.98674023783975
274558.06732177734,6.417318897700156e-10,2.9717618518648266e-10,99.98678975273884
275969.5053100586,1.1787706943778336e-09,5.458706100617309e-10,99.98687808995382
275974.2736816406,1.2198834983057848e-09,5.649093183266528e-10,99.98687835478441
276036.26251220703,1.0320451494929872e-09,4.779242630071793e-10,99.98688202209958
277843.4753417969,1.956331245438742e-09,9.059469628180073e-10,99.98700366555575
278401.37481689453,1.320082739964409e-09,6.113100487085571e-10,99.98704156280641
278406.14318847656,1.4155462822510785e-09,6.55517749421869e-10,99.98704186484169
278534.8892211914,1.7032602345048266e-09,7.887536632336898e-10,99.98705057603388
279874.8016357422,4.75597371202216e-10,2.2024184041912935e-10,99.98712032065633
280857.0861816406,1.1170421020742581e-09,5.172850467289153e-10,99.98717273631812
280861.85455322266,1.121386520126538e-09,5.192968800259865e-10,99.98717298345849
281586.6470336914,1.771287054383834e-09,8.202558390555217e-10,99.98721777356107
282859.80224609375,8.393453444472412e-10,3.8868794194762173e-10,99.98729146834458
283336.6394042969,1.260184291089289e-09,5.835719966979659e-10,99.98731614323749
283341.4077758789,1.259978686385493e-09,5.834767843164331e-10,99.98731642148361
284452.4383544922,5.925527933810501e-10,2.7440210073038875e-10,99.98736651443038
285463.3331298828,1.6650047996291458e-09,7.710381587056555e-10,99.98741623763635
285835.26611328125,9.820904240942416e-10,4.5479099666543994e-10,99.98743518663282
285840.0344848633,9.237167530731406e-10,4.2775904586804625e-10,99.98743539704915
286073.6846923828,5.144519443878039e-10,2.382347966994852e-10,99.98744386452083
286397.93395996094,1.5837857741207859e-09,7.33426875006184e-10,99.98745926269187
288352.96630859375,1.0225338728665335e-09,4.735197368348617e-10,99.98756379959126
288357.7346801758,1.1701186241295895e-09,5.418639691711557e-10,99.98756404167759
289230.3466796875,6.418399218554753e-10,2.9722621318656565e-10,99.98760433806638
289778.7094116211,1.2745857717993406e-09,5.902411012986172e-10,99.98762962594141
290899.27673339844,9.483078247178385e-10,4.3914679358249726e-10,99.98768150695047
290904.04510498047,1.054077572029154e-09,4.881271396042286e-10,99.98768172802981
290923.1185913086,1.245381120044668e-09,5.767168754708129e-10,99.98768268731759
292830.4672241211,0.0,0.0,99.98773906112723
293464.66064453125,0.0,0.0,99.9877441102963
293469.4290161133,8.003204773789348e-11,3.70616125184822e-11,99.98774411913249
293483.7341308594,0.0,0.0,99.98774419473702
296044.34967041016,7.802227092780114e-10,3.6130915735260876e-10,99.9877528961969
296049.1180419922,5.29886735519228e-10,2.4538241149112444e-10,99.98775304084344
296053.8864135742,7.116234119873363e-10,3.2954187603108643e-10,99.98775317791608
296063.4231567383,3.8396397067843585e-10,1.7780781954932156e-10,99.98775344865375
297894.4778442383,1.4365323672036905e-09,6.652360831491391e-10,99.98783698529327
298662.1856689453,1.1788331842558826e-09,5.458995481648039e-10,99.98787387097019
298666.95404052734,1.1845618294308356e-09,5.485523957893618e-10,99.98787413190786
300107.0022583008,6.683870235681786e-10,3.095197683931894e-10,99.98793950968869
300693.5119628906,1.3972371807997936e-09,6.470390856524324e-10,99.98796750710017
301294.32678222656,1.1989405280178297e-09,5.552109503386153e-10,99.98800113769785
301299.0951538086,1.0901338645476457e-09,5.048242550716451e-10,99.98800139042994
301880.8364868164,9.317682502031002e-10,4.3148757056857005e-10,99.9880301090233
303936.0046386719,1.5934323422210726e-09,7.378940525828074e-10,99.98815171101838
303950.30975341797,1.4910659230872572e-09,6.904897355863589e-10,99.98815271132166
303955.078125,1.609632347658536e-09,7.453960263706941e-10,99.98815305366351
304040.90881347656,1.7103472557245143e-09,7.920355539484511e-10,99.9881591706813
306582.4508666992,5.833503849837885e-10,2.701406066927365e-10,99.98827814572385
306634.90295410156,7.401747208202752e-10,3.4276354878307433e-10,99.98827985428743
306639.6713256836,7.705625246183052e-10,3.5683567415638284e-10,99.98828002108488
306744.5755004883,8.214032968931376e-10,3.803792552023303e-10,99.98828325988109
309305.19104003906,1.1139605628319841e-10,5.158580332188813e-11,99.98834460837799
309338.5696411133,2.5351155973347083e-10,1.173973109693326e-10,99.98834497796743
309343.3380126953,2.4003772205470083e-10,1.1115778361370476e-10,99.98834503245922
309391.0217285156,0.0,0.0,99.9883453839129
311121.94061279297,6.277864219484591e-08,2.9071825315300333e-08,99.98837034581723
312066.07818603516,9.674093018046457e-11,4.479923943428377e-11,99.98839379707043
312070.8465576172,1.6626110540279525e-10,7.699296518706212e-11,99.98839382610795
312099.4567871094,0.0,0.0,99.9883939544027
314812.66021728516,4.926185574876673e-10,2.2812409044954576e-10,99.98839452593499
314817.4285888672,2.614674613277926e-10,1.2108156684504872e-10,99.98839460919211
314822.1969604492,3.8240131584619833e-10,1.7708417808906315e-10,99.98839468028035
315127.3727416992,2.4370362468742873e-09,1.1285540683771127e-09,99.98841215866673
315628.0517578125,0.0,0.0,99.98843986771018
317592.6208496094,0.0,0.0,99.98844039805975
317597.3892211914,0.0,0.0,99.98844039805975
320019.7219848633,1.0370247515737517e-09,4.802302402754098e-10,99.98845251605984
320391.6549682617,5.825928002262407e-11,2.6978978082325356e-11,99.98845919785553
320396.42333984375,3.867117128632859e-12,1.7908025676708604e-12,99.98845920471479
320410.72845458984,0.0,0.0,99.98845926816612
320935.2493286133,5.691603954939128e-09,2.6356944042897353e-09,99.9884624954014
323219.29931640625,4.354196226978208e-10,2.016361419642854e-10,99.98852180684604
323224.0676879883,4.671599216492896e-10,2.1633458707733163e-10,99.98852190649802
324130.0582885742,2.94187129064025e-10,1.3623354260537365e-10,99.98854085881024
326070.78552246094,1.092200824776485e-09,5.057814326181104e-10,99.98859597619276
326075.55389404297,1.081533625910452e-09,5.008416166043397e-10,99.98859621619039
326542.85430908203,5.975181269324671e-10,2.7670147046175333e-10,99.98861455994174
328302.38342285156,1.287803665159566e-09,5.96362104770022e-10,99.98868667914252
328946.1135864258,6.126669222968884e-10,2.837166450047899e-10,99.988715231429
328950.8819580078,6.919097523917337e-10,3.2041278295019617e-10,99.9887153754647
329747.20001220703,4.44554354352438e-10,2.058662959415082e-10,99.988736319119
331707.0007324219,9.109183189163704e-09,4.21832287513506e-09,99.98901730188145
331845.2835083008,8.944397817735452e-09,4.142013299693616e-09,99.98907379731034
331850.0518798828,8.881087873337838e-09,4.112695436485674e-09,99.98907576538627
332589.14947509766,9.644734083774804e-09,4.466328271735768e-09,99.98938631811345
334768.29528808594,3.6934582940911574e-10,1.7103838277021666e-10,99.98976541237997
334773.06365966797,5.419612384110905e-10,2.5097392839191735e-10,99.98976551299556
334777.83203125,6.378462118223679e-10,2.953767873885035e-10,99.98976564325571
334911.3464355469,0.0,0.0,99.98976733551301
337667.46520996094,1.3316262309590864e-09,6.166556621527669e-10,99.98982695127759
337724.6856689453,1.3095570686066463e-09,6.064357719108939e-10,99.98982997559374
337729.45404052734,1.0784914676576927e-09,4.994328398259057e-10,99.98983023925337
337791.44287109375,1.2492485488333006e-09,5.785078223634444e-10,99.98983338443898
340528.4881591797,4.716907958817807e-10,2.1843276536866445e-10,99.98992724673053
340704.91790771484,7.726797348907216e-10,3.578161217265041e-10,99.98993262414771
340709.6862792969,7.419335579942939e-10,3.435780392736846e-10,99.98993279137312
340971.9467163086,1.0632877506920603e-09,4.923922319325986e-10,99.98994344101068
342597.96142578125,3.434241482036914e-10,1.59034450197988e-10,99.98999369502705
343708.99200439453,6.409861771231563e-10,2.9683085710917866e-10,99.99002531993077
343713.76037597656,6.46658660601684e-10,2.994576971144125e-10,99.99002546209704
344858.16955566406,5.256855912148087e-10,2.434369260669036e-10,99.99006432580696
346546.1730957031,8.972102296092015e-10,4.1548428182539843e-10,99.99012039398065
346736.9079589844,7.51981007407371e-10,3.4823085883124544e-10,99.99012706774904
346741.6763305664,7.532350765555362e-10,3.4881159899914543e-10,99.9901272339369
347952.84271240234,5.266238441768687e-10,2.438714166079687e-10,99.99016216427916
349531.1737060547,8.148048200709937e-10,3.77323601897102e-10,99.9902093730058
349793.4341430664,6.620907538782344e-10,3.0660406257088184e-10,99.9902183802293
349798.20251464844,6.735571281613499e-10,3.11913964449995e-10,99.99021852769549
349836.3494873047,7.229457170287036e-10,3.347850616563435e-10,99.99021976192607
352425.57525634766,2.477101918518451e-10,1.1471078657587791e-10,99.99027731054014
352878.5705566406,4.885832107671386e-10,2.262553833408165e-10,99.990284677606
352883.33892822266,4.983590060939762e-10,2.3078240406193817e-10,99.99028478657232
354051.5899658203,0.0,0.0,99.9902989452232
355987.548828125,8.965332224393907e-10,4.1517077019963155e-10,99.99030811203721
355992.31719970703,8.749782352906892e-10,4.051889866001124e-10,99.99030830762624
355997.08557128906,9.282044882478352e-10,4.298372471240582e-10,99.990308506712
357131.9580078125,2.7981466980365173e-09,1.2957787739248146e-09,99.99040546162547
359120.36895751953,5.991912157782463e-10,2.774762522181109e-10,99.99054212559292
359129.9057006836,6.26567523277791e-10,2.9015379989323497e-10,99.9905423976994
359134.6740722656,6.566385390863352e-10,3.0407922561248383e-10,99.9905425393756
361304.28314208984,7.339869771983512e-10,3.39898099716589e-10,99.99059900499564
362215.0421142578,4.3686622219368756e-10,2.023060399801506e-10,99.99062354090202
362300.8728027344,4.792035966473e-10,2.2191182805380428e-10,99.99062541589407
362305.6411743164,4.838349391626393e-10,2.2405653166436313e-10,99.99062552222122
363082.8857421875,4.0549819322602114e-10,1.8777998738087748e-10,99.99064283655756
365409.85107421875,6.263354464459541e-10,2.9004632867565187e-10,99.9906955803536
365495.6817626953,5.61685109625962e-10,2.6010775031690484e-10,99.99069796174196
365500.45013427734,5.773685046082253e-10,2.6737048973487604e-10,99.99069808750258
365581.5124511719,5.989052288609669e-10,2.773438160676794e-10,99.99070018563604
368142.12799072266,2.990427809806536e-10,1.3848212045568783e-10,99.9907502136939
368719.10095214844,4.027564849043663e-10,1.8651034435251651e-10,99.99075973336261
368723.86932373047,4.429877977208473e-10,2.0514084761787642e-10,99.99075982673953
369009.97161865234,6.172319922118419e-10,2.858306587916405e-10,99.9907668880093
371966.3619995117,2.957389354454481e-10,1.369521603146239e-10,99.99082569884548
371971.13037109375,3.200628286642806e-10,1.4821618180223697e-10,99.99082576683493
374217.03338623047,4.597902612428092e-10,2.1292181049472703e-10,99.99085584439763
374760.62774658203,1.0047079147484289e-10,4.6526480932497775e-11,99.9908621180958
375247.0016479492,2.7359384854666395e-10,1.2669711058106255e-10,99.99086679004468
375251.77001953125,2.579209791061117e-10,1.1943924537985163e-10,99.99086684872816
375967.02575683594,4.0800239466411034e-10,1.889396446180713e-10,99.99087623925529
378017.4255371094,9.754215636960507e-11,4.517027498067934e-11,99.99089251432099
378556.2515258789,1.0386031278029466e-10,4.8096116207321745e-11,99.99089574800438
378561.01989746094,1.158711842120031e-10,5.365816635589642e-11,99.99089577226448
378727.91290283203,1.0972169556889299e-10,5.08104325827439e-11,99.99089675717369
380821.22802734375,3.5428317342788996e-10,1.640630980529787e-10,99.99091619112836
381894.1116333008,2.595410146089219e-10,1.20189458947646e-10,99.99092968663248
381898.8800048828,2.4890089530641954e-10,1.1526218306397453e-10,99.99092974276853
382227.89764404297,1.5840958966383898e-10,7.335704879825548e-11,99.99093280107148
384459.4955444336,1.0761433524839049e-09,4.983454637412065e-10,99.99097930614019
385265.3503417969,4.193239582584023e-10,1.9418248689057175e-10,99.99100898090146
385270.1187133789,4.14270593891645e-10,1.918423514402228e-10,99.99100907293695
386204.71954345703,2.9156947166378754e-11,1.3502134565407906e-11,99.99101343892328
388660.4309082031,9.232969654514563e-11,4.275646486657421e-11,99.99103156319083
388665.19927978516,8.571728037017212e-11,3.969435646107132e-11,99.99103158284863
390048.0270385742,1.631301871717648e-10,7.554308502548578e-11,99.99103852508269
391178.1311035156,4.390666435415148e-11,2.0332502132169583e-11,99.99104405133293
392088.8900756836,1.0653229372973694e-10,4.933346956018502e-11,99.99104727073535
392093.6584472656,9.930654746733979e-11,4.598733740808918e-11,99.9910472934616
393109.3215942383,1.3785431204360659e-10,6.383821533211914e-11,99.99105220819582
395483.97064208984,0.0,0.0,99.99106207185177
395545.95947265625,8.516706268269444e-12,3.943955909788379e-12,99.99106207504882
395550.7278442383,0.0,0.0,99.99106207598913
398406.982421875,3.421111649649411e-10,1.58426427819288e-10,99.99108555959613
399036.4074707031,2.760683388560996e-10,1.2784300905075295e-10,99.99109405077064
399041.17584228516,2.9301911145716184e-10,1.3569265158504017e-10,99.99109411360244
399141.3116455078,3.3926274349552246e-10,1.5710736757064045e-10,99.99109552353325
402240.7531738281,5.831002917903586e-11,2.7002479237471773e-11,99.99112008245102
402555.4656982422,9.885965446051161e-11,4.578038811809315e-11,99.99112139419978
402560.2340698242,9.46236791053477e-11,4.381877296905839e-11,99.99112141556189
403256.4163208008,5.525458045371364e-11,2.558754784525193e-11,99.9911238043355
405745.5062866211,1.427941050677051e-10,6.612575763742439e-11,99.99113391536916
406103.13415527344,8.862327340041073e-11,4.10400772155975e-11,99.99113557492598
406107.90252685547,9.375395976437693e-11,4.341601929567429e-11,99.99113559506186
406484.60388183594,1.0453917126392666e-10,4.841048514809472e-11,99.99113713896725
409669.8760986328,3.300788262986967e-11,1.5285443652400143e-11,99.99114683905637
409684.1812133789,4.6041422432545024e-11,2.1321075821814922e-11,99.99114686724356
409688.94958496094,3.8903719647174515e-11,1.8015715252136016e-11,99.99114687662218
410089.49279785156,1.1239906175344598e-10,5.2050279755303597e-11,99.99114826147395
412764.5492553711,2.1634367034636134e-11,1.0018543205919644e-11,99.99115542399969
413298.6068725586,6.170474783549804e-11,2.8574521325750036e-11,99.99115657677181
413303.3752441406,6.221040600354754e-11,2.8808683859644354e-11,99.99115659045302
414819.71740722656,0.0,0.0,99.99116098890877
414829.2541503906,3.938461217205351e-09,1.82384091969226e-09,99.9911619427317
416941.64276123047,4.229265106171719e-11,1.9585077357536996e-11,99.99116787900569
416946.4111328125,3.7224222014376285e-11,1.723796568490853e-11,99.99116788778497
418481.82678222656,1.6757634593370497e-11,7.760203288310332e-12,99.99117037674378
419874.1912841797,5.16863865651228e-11,2.393517204046347e-11,99.99117253055515
420618.05725097656,4.67282697385416e-11,2.163914426356686e-11,99.991173904054
420622.8256225586,4.962256939906121e-11,2.297944999811279e-11,99.99117391469191
422163.0096435547,2.1828701337219638e-11,1.0108536437693334e-11,99.99117636174886
424327.8503417969,3.2046828464261826e-11,1.484039422405512e-11,99.99117969645037
424332.6187133789,2.956791784112068e-11,1.36924487749559e-11,99.99117970325314
426359.1766357422,4.686712176660231e-11,2.1703444505867856e-11,99.99118281492963
427441.5969848633,2.0155699601824693e-11,9.333795020817178e-12,99.99118434406911
428071.0220336914,3.8549338462551454e-11,1.785160676660339e-11,99.99118520912062
428075.79040527344,3.288189499191574e-11,1.5227100711641467e-11,99.9911852170072
429182.0526123047,1.6134173864029892e-11,7.471488196988592e-12,99.99118654660583
430293.08319091797,4.497173289136992e-11,2.0825719019000863e-11,99.99118804053764
431847.57232666016,2.7130457827414226e-11,1.2563698466665204e-11,99.99119020186097
431852.3406982422,3.3654737577888134e-11,1.5584992247203526e-11,99.99119020857215
434632.3013305664,2.0217098878639235e-11,9.362228083203237e-12,99.99119472780778
435452.4612426758,1.0788364550354543e-10,4.995925981837106e-11,99.99119685807975
435652.7328491211,7.081570816211817e-11,3.279366716595551e-11,99.9911975817509
435657.5012207031,6.566413026493592e-11,3.0408050537608934e-11,99.99119759681936
436158.1802368164,0.0,0.0,99.99119866593762
436663.6276245117,5.975138610685873e-10,2.7669949500568745e-10,99.9911998104858
439496.0403442383,3.183996319972389e-11,1.4744598096197102e-11,99.99120978335816
439500.8087158203,3.217043685044626e-11,1.4897635369849687e-11,99.99120979042542
439829.82635498047,5.045884285148028e-11,2.336671539402711e-11,99.99121034816282
442128.18145751953,1.7852885654266344e-11,8.267397238442876e-12,99.99121360815862
443372.7264404297,1.9910023128144196e-11,9.220026017901331e-12,99.99121496096393
443377.4948120117,2.2904293268511438e-11,1.0606626546746838e-11,99.99121496569097
443801.8798828125,1.33510478854701e-11,6.182665287629662e-12,99.99121539034795
445294.3801879883,3.765596001212552e-11,1.743789692288573e-11,99.9912169090035
447282.7911376953,2.942759977907567e-11,1.3627469634825836e-11,99.99121929715916
447287.55950927734,3.088335822105098e-11,1.4301609018010115e-11,99.99121930381799
449304.58068847656,4.283386605453238e-11,1.983570571105109e-11,99.99122144414542
450916.2902832031,0.0,0.0,99.9912230834029
451226.23443603516,0.0,0.0,99.99122309829035
451231.0028076172,0.0,0.0,99.99122309829035
455193.51959228516,2.765472812640512e-11,1.28064799926332e-11,99.99122519960521
455203.0563354492,2.414194003903527e-11,1.117976176370552e-11,99.99122521099686
455207.82470703125,2.5442488348451067e-11,1.1782025717553018e-11,99.99122521647136
455217.3614501953,2.056580168819677e-11,9.523707000427149e-12,99.99122522702501
459213.2568359375,1.1264558631696449e-10,5.2164441495602106e-11,99.99123568465022
459218.02520751953,1.0388091359421624e-10,4.810565612794988e-11,99.99123570855649
459222.79357910156,1.0519615721674408e-10,4.8714725255671975e-11,99.99123573164026
460467.3385620117,9.521292777960792e-11,4.409164498295441e-11,99.99124191725983
463194.8471069336,1.9171546726201968e-10,8.878048934515183e-11,99.99126024963675
463266.37268066406,1.8275479525039706e-10,8.463093971613833e-11,99.99126085311867
463271.1410522461,1.8230410525953432e-10,8.44222321011337e-11,99.9912608934241
463790.8935546875,1.5353964755960004e-10,7.110185338146637e-11,99.99126499614913
467309.95178222656,3.3998909155829636e-10,1.5744372820637276e-10,99.99130441547935
467352.86712646484,3.241432704581867e-10,1.5010577174707058e-10,99.99130507349042
467357.6354980469,3.320306023346206e-10,1.5375827403923247e-10,99.99130514593726
467724.8001098633,3.71074913220676e-10,1.7183909493549697e-10,99.99131108921996
469636.9171142578,0.0,0.0,99.99133525847326
471477.5085449219,7.409415556422426e-11,3.4311865821536714e-11,99.99133753862804
471482.2769165039,7.656941124668749e-11,3.545811872372489e-11,99.99133755526252
471606.2545776367,1.0368371228600855e-10,4.801433522989081e-11,99.9913380818621
472235.67962646484,4.348551592006224e-11,2.0137474758534225e-11,99.9913401885972
475630.7601928711,9.118065765445751e-11,4.222436259830766e-11,99.9913519617342
475635.5285644531,8.401456459473204e-11,3.8905854928471046e-11,99.99135198107714
476121.9024658203,1.383592605208586e-10,6.407204921910154e-11,99.99135438736975
477290.15350341797,0.0,0.0,99.9913592225649
479826.9271850586,4.4916919071168135e-11,2.0800335580460978e-11,99.99136293322405
479831.6955566406,5.04657995773763e-11,2.3369936946977996e-11,99.99136294375506
481786.72790527344,2.4616237439463993e-11,1.139940160761882e-11,99.99136732074268
483384.1323852539,7.456852250277644e-11,3.453153786748732e-11,99.99137108536104
484056.4727783203,4.3913733405580215e-11,2.0335775701350058e-11,99.99137271803465
484061.24114990234,4.3131696453492446e-11,1.997362639600761e-11,99.99137272764517
487089.1571044922,1.2631065203719075e-11,5.8492523621168244e-12,99.99138160647489
488324.1653442383,3.0155671901756923e-10,1.3964628656230522e-10,99.99138626819793
488328.9337158203,2.9722066360229973e-10,1.376383258740359e-10,99.99138633430773
488333.70208740234,3.062791946407917e-10,1.4183319251589337e-10,99.99138640093894
488967.8955078125,4.1373340965886365e-10,1.9159358966979325e-10,99.99139743505727
492157.9360961914,6.224831847370169e-11,2.8826240542475628e-11,99.9914178569121
492634.77325439453,1.4358824994684367e-10,6.649351393788245e-11,99.99142006756956
492639.54162597656,1.3817194559646588e-10,6.398530655359448e-11,99.99142009867815
492672.9202270508,1.3887076631490078e-10,6.43089196988103e-11,99.99142030823863
496654.5104980469,2.683690796968432e-11,1.2427760034630182e-11,99.99143116606942
496978.759765625,5.076920568475449e-11,2.351043965689513e-11,99.99143174333881
496983.52813720703,5.978575259022193e-11,2.7685864091361185e-11,99.99143175554495
497422.2183227539,1.381285374948326e-10,6.396520492820356e-11,99.99143364692597
498685.8367919922,3.709627268931663e-11,1.717871431697037e-11,99.9914373643189
501360.8932495117,1.0161312690145635e-10,4.70554789294744e-11,99.99144813257996
501365.66162109375,1.0370661642775682e-10,4.802494178627086e-11,99.9914481552489
503921.5087890625,5.348210906941286e-11,2.476674356119573e-11,99.991460678532
505781.1737060547,1.7181837853710408e-10,7.956645305079457e-11,99.9914709613987
505785.9420776367,1.604858243195073e-10,7.43185211893885e-11,99.99147099808773
506749.15313720703,1.9615692045350444e-10,9.083725812533945e-11,99.99147856772784
509357.4523925781,8.457508797377269e-11,3.916542469919077e-11,99.99149705470464
510244.36950683594,1.0338689205072975e-10,4.787688233622533e-11,99.9915014184204
510249.13787841797,1.0457757822672968e-10,4.842827082287939e-11,99.99150144138135
510344.5053100586,9.213265128049111e-11,4.266521622988876e-11,99.9915018822202
513491.6305541992,7.486788836505818e-09,3.4670169601933042e-09,99.99152045759267
514740.9439086914,1.735437919033348e-10,8.036546548919773e-11,99.99153149413932
514745.71228027344,1.7512498107680996e-10,8.109768991831239e-11,99.99153153263514
517816.54357910156,0.0,0.0,99.99157985142185
518536.5676879883,6.07544945201634e-08,2.81344736053334e-08,99.99158657853755
519280.43365478516,9.075298949694484e-13,4.2026316040856866e-13,99.99160174923843
519285.2020263672,0.0,0.0,99.99160174933861
523858.07037353516,1.3712849168487614e-10,6.350209906802713e-11,99.99161739598881
523862.8387451172,1.3142247053677447e-10,6.085972828294125e-11,99.99161742563896
523867.6071166992,1.312035020991061e-10,6.075832736143515e-11,99.99161745463496
524806.9763183594,9.051220039680675e-10,4.1914810305589186e-10,99.99162519267385
524983.4060668945,0.0,0.0,99.99162820178702
528478.6224365234,8.643392943623682e-11,4.002622564034319e-11,99.99164596540815
528483.3908081055,8.089844162968806e-11,3.74628262274108e-11,99.99164598388299
532608.0322265625,2.330056541678229e-10,1.0790134094363006e-10,99.99167071890679
532808.3038330078,7.699951511056524e-11,3.565729321939623e-11,99.99167217809666
533142.08984375,1.4077208702170084e-10,6.518939212580065e-11,99.99167407298106
533146.858215332,1.353757704430842e-10,6.26904407717288e-11,99.99167410346999
533466.3391113281,1.5449535474745728e-10,7.154442670651104e-11,99.99167607110405
537033.0810546875,0.0,0.0,99.99168784643018
537843.7042236328,0.0,0.0,99.99168791678899
537848.4725952148,0.0,0.0,99.99168791678899
540461.540222168,1.015539375831147e-09,4.702806926492607e-10,99.99171670173772
542583.4655761719,1.4526298894133685e-10,6.726905985277363e-11,99.99179173527551
542588.2339477539,1.4413863210358872e-10,6.674838746426248e-11,99.99179176722775
546441.0781860352,2.681327959373195e-11,1.2416818096509895e-11,99.99180217331647
547370.9106445312,8.625887969937482e-11,3.9945162794865484e-11,99.99180475563745
547375.6790161133,9.205035720848143e-11,4.2627107108660484e-11,99.9918047753242
551967.6208496094,0.0,0.0,99.99181325577472
552196.5026855469,2.296583354648524e-12,1.0635124904604859e-12,99.99181329040903
552201.2710571289,6.46113841162638e-12,2.9920539959719053e-12,99.99181329137595
552206.0394287109,0.0,0.0,99.99181329208932
553464.8895263672,8.4847506760529e-11,3.9291577656698275e-11,99.99181452052774
557065.0100708008,0.0,0.0,99.99181485640611
557069.7784423828,0.0,0.0,99.99181485640611
561432.8384399414,1.8144356756738747e-11,8.402373030834756e-12,99.9918148896483
561981.201171875,0.0,0.0,99.9918149531087
561985.969543457,0.0,0.0,99.9918149531087
566854.4769287109,6.936624178501267e-11,3.2122441541405894e-11,99.99182175506341
566935.5392456055,6.16758343361238e-11,2.8561131928119336e-11,99.991821986847
566940.3076171875,6.362037210922893e-11,2.946161751497322e-11,99.99182200068071
570378.303527832,3.1073683449250595e-11,1.4389745708990796e-11,99.99183274166059
570392.6086425781,1.5187767624314767e-10,7.033221998224465e-11,99.99183278676993
571932.7926635742,7.215571843977539e-11,3.3414205351407955e-11,99.9918369646118
571937.5610351562,7.358874449655241e-11,3.407781771603338e-11,99.99183698070317
572414.3981933594,7.67353276708024e-11,3.553495207229967e-11,99.99183853067797
576944.3511962891,3.462351579032877e-11,1.6033618563044032e-11,99.99185069541296
576977.7297973633,3.601053287651308e-11,1.6675924879796415e-11,99.99185076490325
576982.4981689453,3.850499003140675e-11,1.7831069689053274e-11,99.99185077313035
577840.8050537109,0.0,0.0,99.99185211030182
581660.270690918,1.7860412886738511e-09,8.270882984229784e-10,99.99198637683018
582065.5822753906,1.3282412168148604e-09,6.150881140751049e-10,99.99201557778241
582070.3506469727,1.3728995364680125e-09,6.357686962355435e-10,99.99201587600992
585117.3400878906,0.0,0.0,99.99206294027007
587201.1184692383,4.462228830601693e-11,2.066389659679509e-11,99.99206656265994
587205.8868408203,4.6591232353871166e-11,2.157568435475839e-11,99.99206657273064
587735.1760864258,3.9017728957636674e-11,1.806851121334503e-11,99.9920676660008
591440.2008056641,6.56009966241766e-11,3.037881431790897e-11,99.99207647302474
592379.5700073242,4.25298069417512e-11,1.9694900604357888e-11,99.99207872234737
592384.3383789062,4.222638492801126e-11,1.955439052844885e-11,99.99207873170513
592646.598815918,4.7215922883124225e-11,2.1864968947537593e-11,99.99207924553296
597462.6541137695,1.7628236145091755e-11,8.163365499947776e-12,99.99208632251863
597600.9368896484,2.3918432819774974e-11,1.107625900213134e-11,99.99208648165671
597605.7052612305,2.2329722771801966e-11,1.0340551771510071e-11,99.99208648676287
600266.4566040039,8.121917080021269e-11,3.7611350981897745e-11,99.99209182668879
602617.2637939453,7.916432293857172e-14,3.6659782486712146e-14,99.99209577338178
602869.987487793,6.911551060097491e-12,3.200633177973216e-12,99.9920958711588
602874.755859375,1.1198146697916685e-11,5.185689802696443e-12,99.99209587315826
603795.051574707,0.0,0.0,99.99209619086851
606775.2838134766,3.680946650542634e-11,1.7045898776750056e-11,99.99209741876297
608186.7218017578,1.8028057974737624e-11,8.348516850507932e-12,99.9920987142567
608191.4901733398,1.790228064030454e-11,8.290271298080821e-12,99.99209871822372
608434.6771240234,1.2334726786318018e-11,5.7120225909128305e-12,99.99209890700679
612621.3073730469,2.500330894024166e-11,1.1578648476644976e-11,99.99210246480868
613551.139831543,2.18822402575679e-11,1.0133329489685501e-11,99.9921033716117
613555.908203125,2.2825778658477074e-11,1.057026763633056e-11,99.99210337654783
616579.0557861328,1.6054032187990523e-10,7.434375817286898e-11,99.99210754489475
618906.0211181641,0.0,0.0,99.99211019487694
618963.2415771484,4.420116382038353e-12,2.0468880313321937e-12,99.99211020742769
618968.0099487305,5.486905571310419e-12,2.5409017257111164e-12,99.9921102085215
618977.5466918945,0.0,0.0,99.99211021049696
622243.8812255859,2.7780433968192183e-09,1.2864692437913616e-09,99.99211146327781
624418.2586669922,1.330978860958789e-11,6.163558750451611e-12,99.99211376312638
624423.0270385742,1.2444912444554468e-11,5.763047877483371e-12,99.9921137659699
625519.7525024414,8.608248403266536e-12,3.9863476669940425e-12,99.99211446787699
628299.7131347656,3.027007817525035e-11,1.4017608444924465e-11,99.99211669450453
629925.7278442383,1.2647682517100043e-11,5.856947584806122e-12,99.99211812139201
629930.4962158203,1.411309081252255e-11,6.535555666960737e-12,99.9921181243466
632610.3210449219,1.954366619344138e-11,9.050371746378975e-12,99.99211999520764
634031.2957763672,9.485170256298134e-12,4.392436713128225e-12,99.99212096333804
635480.8807373047,1.4759326903264347e-11,6.834817678461052e-12,99.99212190739283
635485.6491088867,1.3592444345047481e-11,6.294452281728457e-12,99.99212191052308
637292.8619384766,0.0,0.0,99.99212268636506
637717.2470092773,2.2775560192808143e-11,1.0547012235919091e-11,99.99212283105858
641083.7173461914,1.2369421212620169e-11,5.72808904704516e-12,99.99212423128839
641088.4857177734,1.255451534346376e-11,5.8138032971570235e-12,99.99212423404018
641679.7637939453,7.189592156365535e-12,3.3293897406922932e-12,99.99212453979133
644288.0630493164,3.371716011935098e-11,1.5613899167737304e-11,99.99212596371544
646739.0060424805,1.1791708612612759e-11,5.460559212014063e-12,99.99212730575843
646743.7744140625,1.0757021347563709e-11,4.98141142585915e-12,99.99212730824799
649299.6215820312,5.634339118899214e-12,2.6091759379473978e-12,99.99212841937349
650873.1842041016,1.4236524609416919e-11,6.5927159631356676e-12,99.99212909520433
652441.9784545898,1.2318464448795521e-11,5.704491752093394e-12,99.99212985332152
652446.7468261719,1.2555032757100829e-11,5.814042903468131e-12,99.99212985606775
652966.4993286133,9.472415630154432e-12,4.386530241591921e-12,99.99213016376073
654993.0572509766,1.3562980485566415e-10,6.28080802078236e-11,99.99213189679239
658197.4029541016,1.4489730468797139e-11,6.709971708965044e-12,99.99213489042546
658202.1713256836,1.314810431829566e-11,6.088685237608071e-12,99.99213489347689
658569.3359375,9.747811010856382e-12,4.514061614053892e-12,99.99213511014811
663948.0590820312,4.6812231868586256e-11,2.1678025836860254e-11,99.99214064143379
664000.5111694336,4.5931997727250357e-11,2.127040292086827e-11,99.9921407502934
664005.2795410156,4.3794108169664054e-11,2.028037909128859e-11,99.99214076019987
664949.4171142578,5.3118615238448294e-11,2.4598415149055288e-11,99.99214276338238
669655.7998657227,8.42124210211557e-12,3.899747920171744e-12,99.99214811493064
669856.071472168,9.749187510732818e-12,4.514699050012288e-12,99.99214821313244
669860.83984375,1.1278492807109906e-11,5.222896852252879e-12,99.99214821545405
670704.8416137695,0.0,0.0,99.99214852658098
675573.3489990234,3.2516686747981165e-11,1.505797838117722e-11,99.99215183058688
675764.0838623047,2.70860058679001e-11,1.2543113446716754e-11,99.99215207946713
675768.8522338867,2.4929484610217323e-11,1.1544461562888138e-11,99.99215208521005
675802.2308349609,2.768601468920731e-11,1.2820968319502049e-11,99.99215212491335
679178.2379150391,7.827340076784287e-12,3.62472101084092e-12,99.99215464422836
681724.5483398438,1.0169405550009338e-11,4.709295572094889e-12,99.99215592926895
681729.3167114258,1.1410001249830766e-11,5.283796392934278e-12,99.9921559316515
683288.57421875,8.02904246436568e-12,3.718126289649685e-12,99.99215672021508
687718.391418457,2.352579113480502e-11,1.0894432666328735e-11,99.99215958327363
687732.6965332031,2.0857049579979046e-11,9.658579427375545e-12,99.9921595978288
687737.4649047852,2.2109432865149314e-11,1.0238538898006803e-11,99.99215960257266
687851.9058227539,1.8286862368199297e-11,8.468365191512155e-12,99.99215971566635
693511.962890625,7.752500221303362e-10,3.5900638228372205e-10,99.99223298786752
693798.0651855469,5.157677332340042e-10,2.388441183119188e-10,99.9922404332662
693802.8335571289,5.341595281199518e-10,2.473610761412966e-10,99.99224054918656
699896.8124389648,1.8751608052792712e-10,8.683581782476408e-11,99.99233602138526
699915.885925293,2.039020451030182e-10,9.44239064341233e-11,99.99233619832351
699920.654296875,2.120770856903449e-10,9.820964221290324e-11,99.99233624425094
705552.1011352539,0.0,0.0,99.99236106959344
706090.9271240234,2.3255247272435882e-11,1.0769147957517877e-11,99.99236139976402
706095.6954956055,2.4091831061303523e-11,1.1156557065476714e-11,99.99236140499151
710549.3545532227,3.839592331512537e-11,1.7780562567322214e-11,99.99236749597618
712223.0529785156,1.3047103500165783e-11,6.041913309469503e-12,99.99236900046765
712318.4204101562,1.4447020092701855e-11,6.690193189558092e-12,99.9923690640472
712323.1887817383,1.3588973340573006e-11,6.292844912849127e-12,99.99236906714259
716919.8989868164,1.820793908262918e-11,8.431817029729956e-12,99.99237198154425
718111.9918823242,0.0,0.0,99.99237262388463
718598.3657836914,0.0,0.0,99.9923726498012
718603.1341552734,0.0,0.0,99.9923726498012
724763.8702392578,1.5631122874871204e-11,7.238533007608738e-12,99.9923743307238
724935.5316162109,1.561562420796913e-11,7.231355812928441e-12,99.99237444135554
724940.299987793,1.487939619546317e-11,6.8904199241691076e-12,99.99237444472243
725951.1947631836,8.842973049294685e-11,4.0950450466752855e-11,99.99237513271923
731158.2565307617,1.2747546808600882e-12,5.903193204912685e-13,99.9923778544629
731329.9179077148,7.462160390810562e-12,3.4556119051298704e-12,99.99237790039832
731334.6862792969,6.726484930354749e-12,3.1149318947412346e-12,99.99237790196486
731606.4834594727,2.8531574449542246e-12,1.3212534062032916e-12,99.99237798199584
732502.9373168945,1.9523729686829965e-11,9.041139456266592e-12,99.99237841770075
737776.7562866211,1.2783176280759616e-11,5.919692666424773e-12,99.99238210786655
737781.5246582031,1.2475400216071847e-11,5.777166296372635e-12,99.9923821106553
739002.2277832031,1.564881776910403e-13,7.246727241445667e-14,99.9923825183318
741462.7075195312,2.8614129100586304e-11,1.3250763853411161e-11,99.99238414959947
744280.8151245117,1.3507837374749647e-11,6.255272092814506e-12,99.99238621931094
744285.5834960938,1.3961872722903177e-11,6.46552889141686e-12,99.99238622234382
747985.83984375,2.0656480543141986e-11,9.56569898589534e-12,99.99238833576486
748043.0603027344,0.0,0.0,99.99238837061189
750846.8627929688,0.0,0.0,99.992389066709
750851.6311645508,0.0,0.0,99.992389066709
756897.9263305664,1.0425050305866299e-11,4.827680733436533e-12,99.99238916424531
757470.1309204102,7.185506145889444e-12,3.3274975719762396e-12,99.99238932660228
757474.8992919922,6.881519380955706e-12,3.1867259684603793e-12,99.99238932815541
757551.1932373047,4.48878848758368e-12,2.078689029038568e-12,99.99238935493656
763444.9005126953,2.89811737686423e-11,1.3420736603690113e-11,99.99239328105915
764145.8511352539,2.0067489528517966e-11,9.292946290220811e-12,99.9923939866431
764150.6195068359,1.9112161664058896e-11,8.850548624017812e-12,99.99239399096884
770239.8300170898,2.0198829544389514e-09,9.35376783501427e-10,99.99240482308223
770797.7294921875,1.4714803833630547e-11,6.814199728507985e-12,99.99240578452007
770888.3285522461,1.7347543179048895e-11,8.033380897052024e-12,99.99240585473234
770893.0969238281,1.7133316093195242e-11,7.934175622773974e-12,99.99240585853931
771684.6466064453,0.0,0.0,99.992406224402
777654.6478271484,2.7414638138868123e-11,1.2695298005677112e-11,99.99241021753875
777683.2580566406,2.577296065006087e-11,1.1935062366452286e-11,99.99241025192384
777688.0264282227,2.4025295329669936e-11,1.1125745389727599e-11,99.99241025742197
778970.7183837891,3.372964518467455e-11,1.5619680809796565e-11,99.99241202343283
784058.5708618164,1.4064565440673351e-11,6.513084312301911e-12,99.99241766152392
784544.9447631836,1.504711260992557e-11,6.968086820637277e-12,99.99241802147611
784549.7131347656,1.5356938281496925e-11,7.111562332168133e-12,99.99241802483297
785555.8395385742,1.870686428512352e-11,8.662861630651686e-12,99.99241877271277
787768.3639526367,0.0,0.0,99.9924200338623
791459.0835571289,7.2054531190808554e-12,3.3367347090011193e-12,99.99242037459975
791463.8519287109,7.611629838462972e-12,3.5248289114269903e-12,99.99242037623569
791506.7672729492,2.333108184945556e-12,1.0804265785793508e-12,99.99242038981781
796856.8801879883,1.0654728088946199e-09,4.934040988374517e-10,99.99242707141082
798439.9795532227,3.930737400108584e-11,1.8202641385840034e-11,99.99243022203983
798444.7479248047,3.9584777876237844e-11,1.833110286124398e-11,99.99243023075014
798530.5786132812,4.1157636162183424e-11,1.9059469384253723e-11,99.99243038608637
805296.8978881836,1.5726203043755508e-12,7.282563173985619e-13,99.99243761362064
805482.8643798828,5.3682303996815705e-12,2.4859450758340916e-12,99.99243766269944
805487.6327514648,6.830084294217698e-12,3.162907169511468e-12,99.99243766404624
805926.3229370117,0.0,0.0,99.99243779291575
812010.7650756836,3.098491198950394e-11,1.4348637008953464e-11,99.9924434552692
812582.9696655273,2.867310647576449e-11,1.3278075370334601e-11,99.99244421682921
812587.7380371094,2.8508382394824787e-11,1.3201794177577368e-11,99.99244422314251
812969.2077636719,3.1281541142063086e-11,1.4486001415145304e-11,99.99244471839951
818414.6881103516,1.2769757211861883e-11,5.91347850165074e-12,99.9924493132975
819749.8321533203,1.5788444663056506e-11,7.311386312244074e-12,99.99245023774606
819754.6005249023,1.6353212789062475e-11,7.572921760110817e-12,99.99245024129475
820751.1901855469,1.9123351280547698e-11,8.855730363611636e-12,99.99245100093789
821723.9379882812,0.0,0.0,99.99245159862461
826978.6834716797,1.770631063662152e-11,8.199520598242027e-12,99.9924539993336
826983.4518432617,1.777665953407685e-11,8.232098092536945e-12,99.99245400325123
828204.1549682617,1.5552581310799884e-11,7.2021616151917905e-12,99.9924549751201
829663.2766723633,8.540023731732081e-11,3.95475386910833e-11,99.99245621627986
834274.2919921875,2.074444588185666e-11,9.606434383659714e-12,99.99246030730238
834279.0603637695,2.068977630876284e-11,9.581117743740794e-12,99.99246031187704
834817.8863525391,1.9761988552192595e-11,9.15147347865825e-12,99.99246084104414
841622.3526000977,4.206357473973547e-11,1.947899562999892e-11,99.99246946147107
841631.8893432617,4.0978639287923606e-11,1.897657868005029e-11,99.99246947974684
841636.6577148438,3.981483096259529e-11,1.84376369133675e-11,99.9924694886671
844860.0769042969,5.206121466927412e-11,2.4108749180493536e-11,99.99247519999753
848755.8364868164,1.507596162889127e-11,6.9814463583807914e-12,99.99247932883375
849051.4755249023,1.6802789731343438e-11,7.781113939406661e-12,99.99247955225444
849056.2438964844,1.6346775616363242e-11,7.569940804268292e-12,99.9924795559144
851702.6901245117,3.865460109115068e-11,1.7900352273735704e-11,99.99248150856961
856003.7612915039,5.522133218540246e-12,2.5572151082681326e-12,99.99248416863128
856537.8189086914,7.987649200143196e-12,3.698957704528471e-12,99.99248437374429
856542.5872802734,6.289309169294264e-12,2.912482512064441e-12,99.99248437532059
856666.5649414062,6.07466690206707e-12,2.8130849736668785e-12,99.99248441761074
863981.2469482422,2.5531365924036923e-11,1.1823183558206212e-11,99.99249088320732
864090.9194946289,2.510322796955537e-11,1.162491944499225e-11,99.99249100836413
864095.6878662109,2.556135322011766e-11,1.1837070214604922e-11,99.99249101395789
864143.3715820312,2.425783829501864e-11,1.1233432466583085e-11,99.99249106937401
871696.4721679688,7.789307625825082e-11,3.607108766740975e-11,99.9925053803746
871710.7772827148,7.500873795246709e-11,3.473539488329824e-11,99.99250543097968
871715.5456542969,7.56942370083807e-11,3.50528389711374e-11,99.99250544761847
873332.0236206055,1.9864106099087753e-10,9.198762546742088e-11,99.99251236424837
877428.0548095703,4.003265508812702e-11,1.8538507921492556e-11,99.9925256291617
879397.3922729492,4.2700871628696644e-11,1.977411803440455e-11,99.99252954700846
879402.1606445312,4.255443204285441e-11,1.9706304110592098e-11,99.99252955642133
881528.8543701172,3.825421780281359e-11,1.771494092027612e-11,99.99253363586605
885314.94140625,4.814002913571968e-11,2.229290836465416e-11,99.99254132859848
887155.5328369141,4.148578782332012e-11,1.921143138018034e-11,99.9925451012866
887160.3012084961,4.3267295230953227e-11,2.0036420107905246e-11,99.99254511064403
887174.6063232422,4.489864593878417e-11,2.0791873573414356e-11,99.99254513948215
890116.6915893555,3.0429460726168157e-11,1.4091416057140866e-11,99.99255020828205
894980.4306030273,4.1646219909245435e-11,1.9285725015944462e-11,99.99255876579596
894985.1989746094,4.1157131665776234e-11,1.9059235759713446e-11,99.99255877493812
895013.8092041016,3.9577059236127206e-11,1.8327528477518515e-11,99.9925588295663
902843.4753417969,7.446763711232238e-11,3.448481939213318e-11,99.99257600117922
902872.0855712891,7.374491393323307e-11,3.415013738437979e-11,99.99257609839563
902876.8539428711,7.266371105534593e-11,3.364944893210683e-11,99.99257611456031
904588.6993408203,9.957444613297623e-11,4.611139716690671e-11,99.99258301991708
907649.9938964844,4.359873534863248e-11,2.018990493756671e-11,99.99259319259698
910830.4977416992,5.202710234595554e-11,2.4092952287315462e-11,99.99260094575719
910835.2661132812,5.122441118920451e-11,2.3721238336912147e-11,99.99260095715698
911264.4195556641,4.940693605045835e-11,2.2879593505146935e-11,99.99260199369665
917916.2979125977,1.0370461001247095e-10,4.8024012646157895e-11,99.99262165554981
918865.2038574219,8.679412936710606e-11,4.019302869792307e-11,99.99262570305488
918869.9722290039,8.812418335120421e-11,4.080895627669437e-11,99.99262572236728
919518.4707641602,8.47695038163221e-11,3.9255455690870723e-11,99.99262835073647
926790.2374267578,1.3162665991429377e-10,6.095428524860573e-11,99.99266212468237
926966.667175293,1.2607652061592375e-10,5.838410095476568e-11,99.99266315485814
926971.435546875,1.2588748883539745e-10,5.829656323954329e-11,99.99266318267698
927181.2438964844,1.2213022109443682e-10,5.655663023670769e-11,99.99266440890311
935101.5090942383,2.530331188775199e-10,1.171757523547844e-10,99.99272659468113
935144.4244384766,2.5100267256769716e-10,1.1623548384359142e-10,99.99272708956806
935149.1928100586,2.513025261321067e-10,1.1637434142540451e-10,99.99272714502658
935878.7536621094,2.6661474349365573e-10,1.2346519418617684e-10,99.99273573181542
940599.4415283203,0.0,0.0,99.99276573616048
943388.9389038086,9.36702761475846e-11,4.337726669759183e-11,99.99277626606745
943393.7072753906,9.340688893398207e-11,4.3255296122943673e-11,99.99277628672228
946002.0065307617,8.171100896576718e-11,3.783911368482495e-11,99.9927872607979
951151.8478393555,1.3377614843726988e-10,6.194968038097027e-11,99.99281225252267
951709.7473144531,1.2813069377138876e-10,5.933535700388045e-11,99.99281558404844
951714.5156860352,1.2664343186110304e-10,5.864662884821676e-11,99.99281561217754
955448.1506347656,9.50736502737879e-11,4.402714770843574e-11,99.99283569535912
960030.5557250977,1.5127396051304897e-10,7.005264849691283e-11,99.99286242538936
960102.0812988281,1.4751670837424744e-10,6.831272271919754e-11,99.99286291764285
960106.8496704102,1.5019972301765486e-10,6.955518560632792e-11,99.99286295051313
960254.6691894531,1.4451765021169887e-10,6.692390493079376e-11,99.99286397139524
967235.5651855469,3.620282345408531e-10,1.6764971693896149e-10,99.99293789327265
968565.9408569336,3.1319292618695955e-10,1.4503483544348722e-10,99.99295877493427
968570.7092285156,3.095726330206274e-10,1.4335833326309402e-10,99.99295884369255
968642.2348022461,3.1534065971565585e-10,1.4602941786494645e-10,99.99295985907878
974154.4723510742,1.9559568314898034e-11,9.057735774668974e-12,99.99300342516737
977110.8627319336,2.08740887818244e-10,9.666470020135147e-11,99.99302370655413
977115.6311035156,2.0582742186114184e-10,9.531551884913193e-11,99.99302375232578
979342.4606323242,1.754130865339558e-10,8.123110713202868e-11,99.99304385472998
984277.7252197266,2.9239616000435076e-10,1.3540417233185997e-10,99.99309742698146
985727.3101806641,2.505479708871607e-10,1.1602491847669321e-10,99.99311522042532
985732.0785522461,2.450397408283637e-10,1.1347414170823707e-10,99.99311527514216
989470.4818725586,2.0768353225702494e-10,9.61750550752827e-11,99.99315603330588
994248.3901977539,2.905970938931628e-10,1.3457105243811008e-10,99.99321279799747
994420.051574707,2.881086654982769e-10,1.3341869945504898e-10,99.99321504049978
994424.8199462891,2.8269120768557227e-10,1.3090995792006737e-10,99.99321510352063
1000876.4266967773,4.748102436816407e-10,2.1987733374967942e-10,99.99331500094502
1002974.5101928711,1.1103485933732151e-10,5.141853856196608e-11,99.99333731849698
1003189.0869140625,1.7632311532075638e-10,8.165252749087699e-11,99.99333907336558
1003193.8552856445,1.7290550580993197e-10,8.006988499940313e-11,99.9933391119232
1003575.325012207,1.969594328095809e-10,9.120888927589561e-11,99.9933421876635
1006145.4772949219,0.0,0.0,99.99335916018707
1012034.4161987305,1.3636624180307115e-10,6.314911285112769e-11,99.99338094030583
1012039.1845703125,1.3608663774661742e-10,6.301963250554385e-11,99.9933809703868
1012067.7947998047,1.302037263094366e-10,6.02953465435078e-11,99.99338114826453
1016974.4491577148,2.0257272504817753e-10,9.380831872672261e-11,99.99341908215025
1020960.807800293,1.6291049241501327e-10,7.544134775676396e-11,99.99345145510802
1020965.576171875,1.6390544387627548e-10,7.590209450227724e-11,99.99345149119112
1022310.2569580078,1.4302887227122595e-10,6.623447472482708e-11,99.99346126642833
1026988.0294799805,5.736459924243179e-10,2.65646651496885e-10,99.99350024900805
1029963.493347168,2.3012930469434362e-10,1.0656934766510052e-10,99.9935306474176
1029968.26171875,2.397176834111429e-10,1.1100957863165395e-10,99.99353069929246
1030592.9183959961,2.4681584546736473e-10,1.1429662849676103e-10,99.9935376704558
1036572.4563598633,0.0,0.0,99.99358538730269
1039047.2412109375,6.47421185843209e-11,2.998108108461705e-11,99.99359287642424
1039052.0095825195,6.188890535608669e-11,2.8659801846033276e-11,99.99359289040531
1039743.4234619141,0.0,0.0,99.99359413740163
1048011.7797851562,2.3195361392432528e-09,1.0741415725958823e-09,99.9938939302905
1048207.2830200195,2.1889397752908706e-09,1.0136644015883714e-09,99.99391431492785
1048212.0513916016,2.2389382149555396e-09,1.0368179113354837e-09,99.99391480380093
1048278.80859375,2.3796350175882317e-09,1.1019724404166291e-09,99.99392173673066
1055531.5017700195,6.834930095852918e-11,3.1651511858477e-11,99.99409942960004
1057453.1555175781,9.62316339952685e-11,4.4563392190505943e-11,99.99410654691387
1057457.9238891602,9.483521666029228e-11,4.391673276286673e-11,99.99410656800917
1059117.317199707,1.1990111448902458e-10,5.552436519280001e-11,99.99411407268266
1066651.3442993164,7.475138956037376e-11,3.4616220794172676e-11,99.99414916686442
1066775.3219604492,8.077834077872178e-11,3.7407209367322076e-11,99.99414961872003
1066780.0903320312,7.821362301556326e-11,3.6219527949138846e-11,99.99414963627402
1066884.994506836,8.083165262840102e-11,3.74318972663738e-11,99.99415000829129
1073174.4766235352,0.0,0.0,99.9941648262399
1076183.3190917969,2.734229813304753e-11,1.2661798459669144e-11,99.99416511196335
1076188.087463379,3.005156470038282e-11,1.3916418209706065e-11,99.99416511830009
1076211.929321289,2.5769151692702235e-11,1.1933298496781132e-11,99.9941651488654
1081604.9575805664,5.3502308865395876e-11,2.477609777657363e-11,99.9941755871764
1085672.378540039,4.06163424706412e-11,1.8808804586567455e-11,99.99418425846743
1085677.146911621,4.117104475004269e-11,1.9065678695419767e-11,99.99418426749742
1085925.1022338867,4.0252943999148944e-11,1.8640520333934522e-11,99.99418474185504
1091365.8142089844,6.779355996024112e-11,3.139415673485651e-11,99.99419697338138
1095247.2686767578,5.54612827744405e-11,2.568326851633283e-11,99.99420712086949
1095252.0370483398,5.350753959466689e-11,2.4778520046987933e-11,99.99420713290051
1096558.5708618164,6.017029652875528e-11,2.7863940485119455e-11,99.99421049685425
1104664.8025512695,2.5203726580991994e-11,1.167145880892191e-11,99.99422739134968
1104907.9895019531,2.7424017415349073e-11,1.269964140460874e-11,99.99422769608915
1104912.7578735352,2.735926622037946e-11,1.2669656120389451e-11,99.99422770213768
1106863.021850586,0.0,0.0,99.99422950660286
1111574.1729736328,7.369518453784414e-11,3.412710846490594e-11,99.9942322180122
1114649.772644043,2.7630607644730154e-11,1.279531016790843e-11,99.99423634894437
1114654.541015625,2.7827247893968603e-11,1.2886371248173185e-11,99.99423635506736
1117663.3834838867,2.3479152528621433e-11,1.08728350438808e-11,99.99424006749547
1123661.994934082,4.2349062712888436e-11,1.9611200727066208e-11,99.9942494536227
1124482.1548461914,3.790104482676213e-11,1.7551391937582517e-11,99.99425094831065
1124486.9232177734,3.6488621952766295e-11,1.6897320590567742e-11,99.99425095652386
1125302.3147583008,5.4831094651248936e-11,2.539143807220917e-11,99.99425254766564
1133718.490600586,2.72773822584627e-11,1.263173691484849e-11,99.9942663887736
1134395.5993652344,3.1796256453548345e-11,1.4724358173103958e-11,99.99426739776128
1134400.3677368164,3.137853862997924e-11,1.4530919462527871e-11,99.99426740473628
1134428.9779663086,3.373633004363589e-11,1.562277646534417e-11,99.99426744654077
1140727.9968261719,0.0,0.0,99.99427325697168
1144399.642944336,2.0760504858948382e-11,9.613871049385994e-12,99.99427447947659
1144404.411315918,2.0520288436617892e-11,9.502630512418284e-12,99.99427448403432
1148028.3737182617,1.802305722089283e-11,8.346201078182538e-12,99.99427815219914
1153311.7294311523,4.742720210483696e-11,2.196280911119264e-11,99.99428607920281
1154494.285583496,3.8010650080898594e-11,1.760214844792571e-11,99.9942884302443
1154499.0539550781,3.854209836812112e-11,1.784825399003502e-11,99.99428843869632
1157116.8899536133,2.8174311683703656e-11,1.3047091160482343e-11,99.99429282365544
1161627.7694702148,7.321454069976441e-10,3.3904529683157827e-10,99.99434798150122
1164674.7589111328,1.991976268752499e-10,9.224536258312196e-11,99.99440900586364
1164679.5272827148,1.9718976965187983e-10,9.131555473103893e-11,99.99440904962799
1164684.2956542969,2.0106236689711156e-10,9.31088950565666e-11,99.99440909359821
1170253.7536621094,0.0,0.0,99.99442290982094
1174945.8312988281,8.803120302737386e-12,4.076589851632155e-12,99.99442590979412
1174950.5996704102,1.0437996675890747e-11,4.83367599862003e-12,99.9944259119185
1175837.516784668,3.6192482059332455e-12,1.6760182752764887e-12,99.99442622003413
1184186.9354248047,3.329489877695099e-11,1.5418356423350512e-11,99.99443366070246
1185307.502746582,2.8383683214441966e-11,1.3144047901737268e-11,99.99443515207692
1185312.271118164,2.7391052036982966e-11,1.268437564402829e-11,99.99443515823488
1185455.322265625,2.913556318870488e-11,1.349223197367055e-11,99.9944353440042
1188278.1982421875,1.1226925901192131e-11,5.1990170098657315e-12,99.99443807704601
1195759.7732543945,1.8924333820386618e-11,8.76356843346762e-12,99.99444351566407
1195764.5416259766,1.9366014136637464e-11,8.96810380649143e-12,99.99444351989165
1200189.5904541016,2.171393612782992e-11,1.005539043129682e-11,99.994447168569
1203298.568725586,1.3738965072414988e-11,6.3623037809354375e-12,99.9944493918406
1206302.6428222656,1.7143060079922624e-11,7.93868791342107e-12,99.9944518008548
1206307.4111938477,1.813830975513404e-11,8.399572757235532e-12,99.99445180475014
1209411.62109375,5.364163954370457e-12,2.484061967445541e-12,99.99445370417892
1216187.4771118164,3.1772107231181994e-11,1.4713175039006284e-11,99.99445968549061
1216940.8798217773,2.5840840771082676e-11,1.196649660828572e-11,99.99446062480408
1216945.6481933594,2.5776305948907445e-11,1.1936611522985383e-11,99.99446063050301
1216983.7951660156,2.706125935595828e-11,1.253165371698729e-11,99.99446067648915
1226539.6118164062,9.958193401183244e-12,4.61148646886383e-12,99.99446781728741
1227674.4842529297,1.195139226858395e-11,5.534506261357608e-12,99.99446846239499
1227679.2526245117,1.2649137305522861e-11,5.857621274988329e-12,99.99446846511108
1229004.8599243164,2.2094342170025247e-11,1.023155062879302e-11,99.99446935090864
1238398.551940918,9.443760577452618e-12,4.373260526647111e-12,99.99447510103448
1238498.6877441406,1.1223886601574988e-11,5.19760955687756e-12,99.99447515272259
1238503.4561157227,1.0227692989266442e-11,4.736287590286353e-12,99.99447515509101
1242861.7477416992,7.496398885834977e-12,3.471467226487717e-12,99.99447724884426
1248188.0187988281,2.3219167269138563e-11,1.0752439861952835e-11,99.99448110547253
1249418.2586669922,1.455823048249773e-11,6.74169301358037e-12,99.99448207791417
1249423.0270385742,1.4919840079205616e-11,6.9091488657665294e-12,99.99448208116878
1259255.4092407227,7.178017077743288e-12,3.324029499502743e-12,99.99448760774773
1259970.6649780273,2.4472405740305913e-11,1.1332795356089063e-11,99.99448803237355
1260437.9653930664,9.550551706018439e-12,4.42271385864581e-12,99.9944883391937
1260442.7337646484,1.0050971457885156e-11,4.6544505624350095e-12,99.99448834135785
1260538.101196289,7.466546062622666e-12,3.4576428424097174e-12,99.9944883864061
1266536.7126464844,3.017765516387537e-11,1.3974808767392922e-11,99.99449142783695
1271553.0395507812,1.3951773829844861e-11,6.46085224909704e-12,99.99449411086418
1271557.8079223633,1.3235515912178248e-11,6.1291642046427415e-12,99.9944941138659
1271643.6386108398,1.3131828661193303e-11,6.081148230695705e-12,99.99449416897886
1282005.3100585938,5.2234347097158146e-11,2.4188924149621358e-11,99.99450776003317
1282768.2495117188,4.0467348854041595e-11,1.8739807930325117e-11,99.99450925484386
1282773.0178833008,4.1280495983671714e-11,1.911636388123075e-11,99.99450926386947
1283736.228942871,1.8629132639883486e-10,8.626865299210249e-11,99.99451118121574
1293983.4594726562,1.176876244708595e-11,5.449933195067393e-12,99.9945248793067
1294078.8269042969,1.3085728669034497e-11,6.059800032132922e-12,99.9945249353765
1294083.595275879,1.2673770257865903e-11,5.869028417011159e-12,99.99452493822055
1296973.2284545898,1.6465650175749034e-11,7.624989787554215e-12,99.99452651777403
1303467.7505493164,0.0,0.0,99.99452927771055
1305489.5401000977,2.978134652139383e-12,1.3791284319868106e-12,99.99452933944569
1305494.3084716797,4.658218404028351e-12,2.1571494219661136e-12,99.99452934028879
1305532.455444336,4.646549820119451e-12,2.151745879913968e-12,99.99452934992142
1310644.1497802734,2.0041873396968446e-11,9.281083853002911e-12,99.99453189082084
1317005.1574707031,9.169771453311638e-12,4.246380370007267e-12,99.9945348055846
1317009.9258422852,9.044747173070565e-12,4.1884835454143005e-12,99.99453480759564
1318578.7200927734,7.891012732548243e-12,3.654206840113649e-12,99.99453549845883
1320190.4296875,1.4887691648910574e-11,6.894261421294605e-12,99.99453623214956
1328616.1422729492,1.1097891158626342e-11,5.139263001745668e-12,99.99454032282173
1328620.9106445312,1.1150880933616574e-11,5.1638017529539505e-12,99.99454032527817
1332721.7102050781,2.3206250353579144e-11,1.0746458236679858e-11,99.99454238864126
1336321.8307495117,6.587684425557724e-12,3.050655512072578e-12,99.99454391477917
1340332.03125,9.10275781153371e-12,4.215347381408002e-12,99.99454552689305
1340336.799621582,8.775101500604191e-12,4.063614774556866e-12,99.99454552886692
1341576.5762329102,1.4523073613463882e-11,6.725412407319204e-12,99.99454607180985
1343207.3593139648,5.585850587434177e-12,2.5867216435048408e-12,99.99454673736379
1352152.8244018555,9.743107503976484e-12,4.511883492234097e-12,99.99455016742824
1352157.5927734375,9.93936994861369e-12,4.602769616988721e-12,99.99455016960134
1363253.5934448242,6.2907131285142725e-12,2.9131326640232422e-12,99.99455510607271
1363663.673400879,3.436030070919766e-11,1.5911727700300517e-11,99.9945555372339
1364078.5217285156,1.3587620114732317e-11,6.292218254739343e-12,99.99455593520588
1364083.2901000977,1.2437156016101572e-11,5.759455994556797e-12,99.99455593807922
1368975.6393432617,5.680265076065672e-12,2.630443543577308e-12,99.99455763260366
1370239.2578125,1.7314054338921595e-11,8.017872729367046e-12,99.99455804294828
1376104.3548583984,9.469507297251493e-12,4.385183437278273e-12,99.99456010415784
1376109.1232299805,9.73341271606508e-12,4.5073939848032984e-12,99.99456010627799
1376142.5018310547,7.923830770675667e-12,3.669404369691784e-12,99.99456012023036
1385712.6235961914,2.800358565460063e-11,1.2968030557682852e-11,99.99456479206552
1388239.860534668,1.0023459295729245e-11,4.641710102554396e-12,99.99456620040613
1388244.62890625,9.631495073115125e-12,4.460197489167215e-12,99.99456620257618
1392102.2415161133,5.562604951728161e-12,2.5759569465161585e-12,99.99456787822876
1397728.9199829102,1.3720574229033262e-11,6.353787263733056e-12,99.99456996794963
1400485.0387573242,8.772207465794224e-12,4.062274591470544e-12,99.99457116085057
1400489.8071289062,8.688734043139609e-12,4.023619331066004e-12,99.99457116277841
1404490.4708862305,7.49030927149788e-12,3.4686472195863866e-12,99.994572869979
1412816.047668457,1.4158582764184326e-11,6.5566222913050244e-12,99.99457666404487
1412835.1211547852,1.3331823314609457e-11,6.173762684032605e-12,99.99457667580467
1412839.8895263672,1.306052727721396e-11,6.048129654515719e-12,99.99457667871859
1414318.0847167969,2.638190391758537e-11,1.2217054644103902e-11,99.99457783614746
1418194.7708129883,5.9516835591157924e-12,2.7561332757968546e-12,99.99457988249348
1425294.8760986328,7.997888742373908e-12,3.703699479320541e-12,99.99458259019035
1425299.6444702148,8.692605334129051e-12,4.025412066484532e-12,99.99458259203311
1429715.1565551758,4.803642125833928e-12,2.224492914740471e-12,99.99458412060422
1436400.4135131836,2.164042744209041e-11,1.0021349687561974e-11,99.99458656075488
1437864.3035888672,8.915030319490586e-12,4.128413662156501e-12,99.99458733074246
1437869.0719604492,8.803190860268382e-12,4.0766225257414405e-12,99.9945873326987
1438789.3676757812,1.2547461371837585e-11,5.810536711201585e-12,99.99458774714431
1444582.9391479492,3.6097856741675567e-12,1.6716363221007768e-12,99.99458977103127
1450543.4036254883,7.393259764387743e-12,3.4237050829137724e-12,99.99459160769719
1450548.1719970703,7.130003507675505e-12,3.3017951523908347e-12,99.99459160930067
1451878.547668457,5.0491790412058075e-12,2.338197290346336e-12,99.99459203896687
1458477.9739379883,1.9803833145530097e-11,9.170851067363052e-12,99.99459434714407
1463332.176208496,9.71971049908953e-12,4.5010486985018016e-12,99.99459650405652
1463336.9445800781,9.885804952795712e-12,4.577964489846884e-12,99.99459650622113
1473946.5713500977,2.30187641889684e-11,1.065963627245702e-11,99.99460084301978
1476211.5478515625,4.630493207479231e-12,2.144310309128873e-12,99.99460152738088
1476240.1580810547,5.056664448830163e-12,2.3416636676883895e-12,99.9946015348018
1476244.9264526367,4.616072331056031e-12,2.137632222671259e-12,99.99460153586975
1480193.1381225586,9.16427651406654e-12,4.2438357480105714e-12,99.99460242785591
1487250.3280639648,0.0,0.0,99.99460436962005
1489257.8125,6.460084787575082e-12,2.9915660788507884e-12,99.99460438755249
1489262.580871582,4.502849701169925e-12,2.0852005611585477e-12,99.99460438876288
1489949.2263793945,2.9047036977811014e-12,1.3451236844611464e-12,99.99460464120263
1502366.065979004,3.880309853163401e-11,1.7969119158436742e-11,99.99461266711975
1502389.907836914,3.4817396612345624e-11,1.6123401794929917e-11,99.99461270774314
1502394.676208496,3.6004259461944533e-11,1.6673019757829916e-11,99.99461271556243
1502451.8966674805,3.567302135896034e-11,1.651962847807206e-11,99.99461281429376
1515607.8338623047,2.2666887597535165e-10,1.0496687625575802e-10,99.99468822731647
1515636.4440917969,2.0905530289175756e-10,9.68103009944574e-11,99.99468850804303
1515641.212463379,2.0593065386778162e-10,9.536332400641242e-11,99.9946885538608
1516036.9873046875,2.354266680380678e-10,1.0902247529539304e-10,99.99469250230514
1528797.1496582031,6.9144363337293675e-12,3.2019693038924805e-12,99.99472704449043
1529002.1896362305,7.242148115231678e-12,3.3537275983141973e-12,99.99472712038944
1529006.9580078125,8.10821197368187e-12,3.7547884738682416e-12,99.99472712208426
1533474.9221801758,3.2337670990528974e-12,1.4975078932457324e-12,99.9947285240305
1540479.6600341797,1.0890928076517237e-10,5.043421576072304e-11,99.9947307022035
1542487.1444702148,6.123965549278365e-12,2.8359144202732447e-12,99.99473133732506
1542491.9128417969,5.916739228361678e-12,2.7399510927497814e-12,99.99473133865445
1548461.9140625,3.6173574333365055e-12,1.6751426875173147e-12,99.99473291856394
1555609.7030639648,1.836548615558456e-11,8.504774660283356e-12,99.99473494224407
1556091.30859375,6.945332251740428e-12,3.2162767291564047e-12,99.99473509745371
1556096.076965332,7.0912717999983704e-12,3.2838590932410018e-12,99.99473509900345
1556315.4220581055,5.842666235532099e-12,2.7056490270657327e-12,99.99473516790286
1562166.2139892578,1.5692081868015542e-11,7.266762181387114e-12,99.99473731288118
1569814.682006836,8.667800684895504e-12,4.013925414267892e-12,99.99474044757032
1569819.450378418,8.882297078237417e-12,4.113255400708887e-12,99.99474044950799
1571087.8372192383,3.4132502782088463e-11,1.58062379777998e-11,99.9947412677141
1578636.1694335938,3.1665448943613517e-12,1.4663783223633851e-12,99.99474356389335
1583657.2647094727,5.317369800372928e-12,2.462392313193205e-12,99.99474472994625
1583662.0330810547,5.495587166829735e-12,2.5449220393014027e-12,99.99474473114009
1583671.5698242188,4.5338128653693e-12,2.0995391270998017e-12,99.99474473340368
1593112.9455566406,2.728574730708634e-11,1.2635610640431558e-11,99.99474833546624
1597623.8250732422,8.542145752999829e-12,3.955736544576523e-12,99.99475042717707
1597628.5934448242,8.084489723265285e-12,3.743803063924899e-12,99.9947504290128
1603555.679321289,3.9251494551642624e-12,1.8176764470759801e-12,99.99475205920845
1608195.3048706055,1.1504353752007903e-11,5.327489588031455e-12,99.99475332669775
1611709.5947265625,5.49662090422865e-12,2.5454007472191348e-12,99.99475436478392
1611714.3630981445,6.390334009897497e-12,2.9592655646415856e-12,99.99475436609634
1621899.6047973633,0.0,0.0,99.99475890825053
1625919.3420410156,6.528850289560845e-11,3.0234103270147474e-11,99.99476263670564
1625924.1104125977,6.463212415970424e-11,2.993014435539969e-11,99.99476265104991
1625928.8787841797,6.48362696158361e-11,3.0024680981744005e-11,99.99476266534427
1628646.8505859375,1.500209948145497e-10,6.947241931961111e-11,99.99477713498733
1632909.7747802734,5.4610157921681074e-12,2.5289125664945003e-12,99.99478554665876
1640262.6037597656,1.790926331615148e-11,8.293504868055552e-12,99.99479116899337
1640267.3721313477,1.827504651649048e-11,8.462893452002975e-12,99.99479117298841
1643843.650817871,2.3550319328898084e-11,1.0905791296414429e-11,99.99479339785313
1654353.141784668,4.8803763225815405e-12,2.2600273430996053e-12,99.99479734448512
1654725.0747680664,5.9407996304871475e-12,2.7510930955576244e-12,99.9947974496514
1654729.8431396484,6.091467630044876e-12,2.8208651328398776e-12,99.99479745097987
1656780.2429199219,4.563555177937635e-12,2.1133123353953243e-12,99.99479801829581
1665897.3693847656,2.3621405132582236e-11,1.093871004066967e-11,99.99480199901173
1669316.291809082,7.262984786178925e-12,3.3633767407096424e-12,99.99480339999013
1669321.060180664,6.933669415899393e-12,3.2108758489462327e-12,99.99480340155758
1674346.923828125,4.462074372901077e-12,2.066318132689853e-12,99.99480495633333
1681361.198425293,2.6494559305013563e-11,1.226922362434363e-11,99.9948074111724
1684041.0232543945,7.870346702412383e-12,3.644636718857988e-12,99.99480838914552
1684045.7916259766,7.800582071447226e-12,3.6123297894040095e-12,99.99480839087572
1696867.9428100586,2.007474754079406e-11,9.296307364268446e-12,99.99481425442278
1698741.9128417969,4.52910172174917e-12,2.0973574688228575e-12,99.99481490252118
1698889.7323608398,5.4769239216519944e-12,2.5362793770096646e-12,99.99481493992668
1698894.5007324219,5.961777125738456e-12,2.7608074515261046e-12,99.9948149411896
1712198.257446289,1.1275194069838554e-11,5.221369257670375e-12,99.99481845970483
1713256.8359375,4.0590879984675505e-12,1.8797013300260396e-12,99.9948187446415
1713871.955871582,5.174085596267609e-12,2.3960395982163007e-12,99.99481889191931
1713876.724243164,5.314324350384863e-12,2.460982012062691e-12,99.99481889307731
1721477.5085449219,3.80088031349342e-12,1.7601293155607075e-12,99.9948208638065
1725530.6243896484,1.2732195340049796e-11,5.896084175528689e-12,99.99482197630955
1728987.693786621,5.407980525055662e-12,2.504352748582894e-12,99.99482299190147
1728992.4621582031,4.705309689363376e-12,2.1789566731787756e-12,99.99482299301805
1730227.4703979492,4.021311106684611e-12,1.862207431456841e-12,99.99482328745715
1742138.8626098633,9.734990748184538e-10,4.50812474724917e-10,99.99489812373741
1744232.177734375,7.642989739979504e-10,3.5393512003284294e-10,99.99497722257853
1744236.946105957,7.620994121261518e-10,3.529165367014504e-10,99.9949773911051
1744337.0819091797,7.701959914310752e-10,3.5666593826502126e-10,99.99498087156107
1754961.0137939453,0.0,0.0,99.99511504880812
1759614.9444580078,4.818249311618244e-12,2.2312572782026777e-12,99.99511565037128
1759619.7128295898,4.442290505868433e-12,2.0571565276228133e-12,99.99511565139372
1760387.4206542969,3.555226826340511e-12,1.646370957352857e-12,99.99511582502942
1769590.3778076172,1.2628784827172388e-11,5.848196354750296e-12,99.99511807455077
1775131.2255859375,6.75570625894056e-12,3.128463843353488e-12,99.9951197850292
1775135.9939575195,6.3759097351068505e-12,2.9525859044521846e-12,99.99511978647904
1778512.0010375977,2.665301277618542e-11,1.2342600993994506e-11,99.99512106029742
1785116.195678711,2.929904635914781e-12,1.356793851982931e-12,99.99512312634874
1790785.789489746,5.593994062023682e-12,2.5904927615546846e-12,99.99512463617096
1790790.5578613281,6.0952356234079226e-12,2.822610032713623e-12,99.99512463746153
1791405.6777954102,4.756057220803011e-12,2.2024570758255358e-12,99.99512480572686
1797227.8594970703,4.710379240149372e-10,2.1813043043113522e-10,99.99512685645374
1806578.6361694336,6.673701711554188e-12,3.090488796532985e-12,99.9951299373547
1806583.4045410156,7.047547630228828e-12,3.2636111015489958e-12,99.99512993886962
1807289.1235351562,4.093376983296874e-12,1.895580032437334e-12,99.9951301721542
1816196.4416503906,1.2931644892233413e-11,5.988446200854127e-12,99.99513307166352
1822509.765625,1.124471611326291e-11,5.207255383929934e-12,99.99513526161795
1822514.533996582,1.246739822888949e-11,5.773460698968685e-12,99.99513526423594
1826658.2489013672,4.9343488573426626e-12,2.285021195268777e-12,99.99513666157223
1829195.0225830078,1.4188050969455394e-11,6.5702685647197465e-12,99.99513745341555
1838579.1778564453,6.539204099719445e-12,3.0282050175297852e-12,99.99514050754318
1838583.9462280273,7.130560903293177e-12,3.302053273743287e-12,99.99514050905245
1839861.8698120117,5.7117104223007044e-12,2.6450054006159915e-12,99.99514091708348
1851234.4360351562,3.768430172524098e-11,1.7451021535079027e-11,99.99514791781844
1854796.4096069336,3.126963892768843e-11,1.4480489682411561e-11,99.99515277535129
1854801.1779785156,3.110733053132049e-11,1.440532715608979e-11,99.9951527822382
1856198.3108520508,3.279750595103073e-11,1.5188021442492568e-11,99.99515467923266
1870059.9670410156,7.385574313210269e-12,3.420146068473681e-12,99.99516620144814
1871151.9241333008,8.505135808788456e-12,3.938597807652226e-12,99.99516663647515
1871156.6925048828,8.945113249720772e-12,4.142344605261482e-12,99.99516663840178
1873774.528503418,5.226692058787023e-12,2.420400843304616e-12,99.99516799029207
1882219.3145751953,3.231885843769761e-11,1.496636712808362e-11,99.99517163174436
1887650.489807129,7.775751871320108e-12,3.6008313049608595e-12,99.99517375779239
1887655.258178711,7.126945944532987e-12,3.3003792418444754e-12,99.99517375943776
1889638.900756836,4.30208833362503e-12,1.9922310542805354e-12,99.99517442410497
1904201.5075683594,2.8033599594737444e-11,1.2981929552534847e-11,99.99518077803906
1904296.875,2.2817936650605717e-11,1.056663612288926e-11,99.9951808870854
1904301.643371582,2.3011467672891906e-11,1.0656257367890596e-11,99.99518089214534
1904339.7903442383,2.4057856461687462e-11,1.1140823950030701e-11,99.99518093271053
1914658.546447754,6.703918596026049e-12,3.1044817717905904e-12,99.9951852651322
1921091.079711914,9.362413168795467e-12,4.3355897906825915e-12,99.99518813346022
1921095.848083496,9.070838026313011e-12,4.200565818959455e-12,99.9951881354954
1921949.3865966797,7.445501314529335e-12,3.447897342682678e-12,99.99518849561082
1932902.3361206055,1.9326932995364363e-11,8.950005930008409e-12,99.99519361526586
1938033.103942871,1.0141581609378779e-11,4.696410732389622e-12,99.99519625375952
1938037.8723144531,9.815081711943582e-12,4.545213642872468e-12,99.99519625596291
1948251.724243164,7.924612954457478e-12,3.669766586991717e-12,99.9952012390389
1952280.9982299805,1.3496849134442295e-10,6.250183607438438e-11,99.99520510936544
1955122.947692871,2.2395745980733508e-11,1.0371126105864994e-11,99.99521002853623
1955127.7160644531,2.099900200358863e-11,9.724315415252648e-12,99.99521003332737
1955199.2416381836,2.292180725735858e-11,1.0614737006077227e-11,99.99521010241045
1957683.5632324219,1.019297665028106e-11,4.72021098672686e-12,99.9952115852273
1972365.379333496,1.2432701213068805e-11,5.757393043670081e-12,99.99522015474388
1972370.1477050781,1.3286393162675884e-11,6.152724678193594e-12,99.99522015758346
1973319.0536499023,1.1824967976227452e-11,5.4759611126493686e-12,99.99522072358643
1985635.757446289,3.153862780106275e-11,1.460505429969377e-11,99.99522942260141
1989760.398864746,2.6571617246041323e-11,1.2304907973708226e-11,99.9952340193722
1989765.1672363281,2.6935216894744263e-11,1.247328538841861e-11,99.99523402527979
1998209.9533081055,1.8434651260595513e-10,8.536803958472892e-11,99.9952449417079
1998505.5923461914,0.0,0.0,99.99524518516674
2007303.237915039,1.541464981217896e-11,7.138287655940815e-12,99.99525135901247
2007308.006286621,1.5257399176818682e-11,7.06546730108629e-12,99.9952513623989
2008004.1885375977,2.556039074139126e-11,1.1836624505484347e-11,99.9952519818604
2024950.9811401367,9.221011002296858e-12,4.2701086184250926e-12,99.99526436583615
2025008.201599121,9.9612634391918e-12,4.612908156329115e-12,99.99526439334578
2025012.9699707031,1.0688213708158179e-11,4.949547664503063e-12,99.99526439562564
2030048.3703613281,1.5292960013809456e-11,7.081934978705902e-12,99.99526676235769
2034139.633178711,7.786792227619111e-12,3.605943924452487e-12,99.99526856636741
2042865.7531738281,1.1612115222116926e-11,5.377392270300468e-12,99.99527252020587
2042870.5215454102,1.0158322997808448e-11,4.7041634123289606e-12,99.9952725226095
2053976.058959961,6.811680336811912e-10,3.154384579405893e-10,99.99527750666518
2060580.2536010742,5.437600506081933e-12,2.5180693070195298e-12,99.99528000321013
2060880.6610107422,5.980650510156326e-12,2.769547426073529e-12,99.99528009056208
2060885.4293823242,6.154887338147319e-12,2.8502338259342454e-12,99.99528009190193
2072124.4812011719,0.0,0.0,99.99528296413428
2079043.3883666992,1.0777109545751666e-11,4.990713962011602e-12,99.9952838742763
2079052.9251098633,8.846522447800447e-12,4.096688718626865e-12,99.99528387852556
2079057.6934814453,9.404293326220615e-12,4.354983848570341e-12,99.99528388054058
2079067.2302246094,8.362962992129774e-12,3.872759759137937e-12,99.99528388449622
2088742.2561645508,2.704051395151207e-10,1.2522046838707198e-10,99.99533309861745
2097387.3138427734,6.735117913127683e-11,3.118929696515057e-11,99.99538477019033
2097392.0822143555,6.648928644763609e-11,3.079016769660777e-11,99.9953847849674
2097477.912902832,7.061973130185018e-11,3.270291329093749e-11,99.99538505383431
2113795.280456543,4.439704797722957e-12,2.0559591258808593e-12,99.99539951287566
2115883.8272094727,5.782256369639826e-12,2.677674145686647e-12,99.99540003755246
2115888.5955810547,5.977538446241639e-12,2.7681062770563676e-12,99.99540003885085
2116246.223449707,4.205481094672496e-12,1.94749372520125e-12,99.99540013417406
2130031.5856933594,1.4627957100567542e-11,6.773982339846153e-12,99.99540458297011
2134542.465209961,5.572788445574751e-12,2.5806727661620927e-12,99.99540636698924
2134547.233581543,6.048375763318014e-12,2.8009099509787384e-12,99.99540636827233
2136583.3282470703,4.2404819056970215e-12,1.9637020633943682e-12,99.99540687865107
2148904.800415039,1.84825126896345e-11,8.558967851410294e-12,99.99541220961076
2153363.2278442383,8.52373794805269e-12,3.947212172733621e-12,99.99541489148899
2153367.9962158203,8.429343443990215e-12,3.90349952720823e-12,99.99541489336075
2157196.9985961914,3.492076661428975e-11,1.61712708557171e-11,99.99541729398112
2166576.385498047,4.663750599420517e-12,2.1597112967124965e-12,99.99542164630427
2172355.6518554688,1.1940530715861646e-11,5.5294764430570506e-12,99.99542444366274
2172360.420227051,1.1473996264400757e-11,5.313431501620679e-12,99.9954244462479
2184419.631958008,2.408795527192174e-11,1.115476224692176e-11,99.99543044582984
2184910.774230957,1.6992564740717411e-12,7.868995832497088e-13,99.99543077060345
2191510.2005004883,8.062219538138362e-12,3.733490083122609e-12,99.99543298534711
2191514.9688720703,7.260436376915099e-12,3.362196611507104e-12,99.99543298703885
2207274.4369506836,0.0,0.0,99.99547351217502
2209033.966064453,8.269202926199152e-08,3.8293409121704274e-08,99.99668711795475
2210836.410522461,6.976674251501615e-09,3.2307907280298017e-09,99.99916504697126
2210841.178894043,7.030819764997276e-09,3.2558646839950732e-09,99.99916659351041
2210869.789123535,7.1343841532147196e-09,3.3038237620808788e-09,99.99917588042919
2229223.2513427734,6.485704992914022e-12,3.0034304025780216e-12,99.99934487974942
2230334.2819213867,1.1291569088548547e-11,5.228952277417667e-12,99.99934543880971
2230339.0502929688,1.308505918120501e-11,6.059490002598209e-12,99.99934544150109
2233519.5541381836,6.255007057521564e-12,2.8965977307672162e-12,99.99934685151992
2244095.802307129,2.994829863633702e-11,1.3868597280963766e-11,99.99935370286452
2250003.8146972656,1.315015336786138e-11,6.08963412100144e-12,99.99935820892388
2250008.5830688477,1.2653096708709952e-11,5.859454813812738e-12,99.99935821177277
2257027.6260375977,5.009268039300844e-12,2.3197151181461387e-12,99.99936092549373
2261424.0646362305,4.382169179949155e-11,2.0293152646750622e-11,99.9993637947467
2269845.0088500977,2.4165309100238754e-11,1.119058361714704e-11,99.99937147877236
2269849.7772216797,2.4870881719511248e-11,1.1517323463974007e-11,99.99937148418634
2281618.118286133,3.890445958688e-12,1.8016057906852805e-12,99.99937744576441
2288589.4775390625,3.8884597383946883e-11,1.8006860025633003e-11,99.9993804540298
2289862.632751465,2.1760640100858583e-11,1.0077018324127088e-11,99.99938234783778
2289867.401123047,2.2536761898619502e-11,1.0436428412320341e-11,99.99938235272857
2296581.268310547,1.7797022461900322e-12,8.241527851765485e-13,99.999384462997
2297034.26361084,2.5318076070220303e-11,1.1724412301694522e-11,99.9993847734067
2310051.918029785,6.38462684896658e-12,2.9566226660405777e-12,99.99938843309371
2310056.686401367,6.473027565604041e-12,2.9975596806363253e-12,99.9993884345133
2310786.247253418,5.2692046646679944e-12,2.440087778361827e-12,99.99938870558958
2322301.8646240234,2.0848711247540465e-09,9.654718073647585e-10,99.9995661886396
2330427.1697998047,2.0109454611735155e-10,9.312379675938929e-11,99.99994389351357
2330431.9381713867,1.993401676750951e-10,9.231137103900001e-11,99.99994393772475
2330451.011657715,2.031036746875335e-10,9.405419335266101e-11,99.99994411084589
2340035.4385375977,0.0,0.0,99.99996473124084
2350974.0829467773,3.764902782716234e-12,1.7434686734464046e-12,99.99996659237429
2350978.8513183594,3.8618565555035354e-12,1.7883664770239908e-12,99.99996659321636
2363142.967224121,1.0849485042443022e-12,5.024229943296905e-13,99.99996893266142
2369813.919067383,1.977551221002707e-11,9.15773607696306e-12,99.9999701638303
2371706.962585449,4.1247369043813886e-12,1.910102330400405e-12,99.99997066033433
2371711.7309570312,3.4979986481721327e-12,1.6198694667079931e-12,99.99997066117594
2378215.789794922,6.62809404622302e-13,3.0693685869650365e-13,99.99997184689391
2390575.408935547,3.6299164940019385e-11,1.680958595683288e-11,99.99997408133157
2392621.0403442383,3.993243500432335e-12,1.8492097539433285e-12,99.9999748341174
2392625.8087158203,3.2123112170424643e-12,1.4875720037141137e-12,99.99997483491295
2400283.8134765625,2.4073045482280606e-12,1.1147857752259553e-12,99.9999762823341
2400751.1138916016,2.3802848933898622e-11,1.1022733879223589e-11,99.99997656656898
2413721.0845947266,6.0147377637567634e-12,2.785332709850049e-12,99.9999794829142
2413725.8529663086,5.693731891439011e-12,2.6366798190111093e-12,99.9999794842069
2418632.5073242188,1.849211779523774e-12,8.56341582834114e-13,99.99998056982646
2432532.31048584,3.159397796250065e-11,1.4630686109625278e-11,99.99998612935282
2435007.095336914,5.761123928444126e-12,2.6678880366303144e-12,99.99998682183254
2435011.863708496,5.5762268613256695e-12,2.5822650437039007e-12,99.99998682308427
2451415.0619506836,1.2704150985674334e-11,5.883097265602326e-12,99.99999091429986
2455420.49407959,3.135526795623394e-12,1.4520143170807625e-12,99.99999188965752
2456483.840942383,4.931760149878179e-12,2.2838224045882412e-12,99.99999210440404
2456488.609313965,5.0660093358717505e-12,2.345991141398653e-12,99.99999210550789
2466835.9756469727,0.0,0.0,99.99999423691044
2473459.243774414,1.3929490801452468e-11,6.450533320775702e-12,99.99999532988706
2478141.7846679688,3.4649988261267553e-12,1.6045877557885114e-12,99.99999615363375
2478146.553039551,3.247911645593633e-12,1.5040580155774665e-12,99.99999615437491
2488980.293273926,1.6386414279819367e-11,7.588296860714237e-12,99.99999812700389
2495985.0311279297,1.9396580002613518e-13,8.982258389725467e-14,99.99999941657353
2499995.231628418,2.7603992686570892e-12,1.2782985189423252e-12,99.99999999955959
2500000.0,1.2284514671832702e-12,5.688770131636978e-13,100.0
