frequency_hz,density,normalised_density_per_hz,cumulative_variance_pct
0.0,0.00011186348782756145,0.0003809092478993473,0.0
4.76837158203125,0.000741616832257296,0.0025252986053866107,0.6928939469542403
9.5367431640625,0.0008746264072936197,0.0029782129402998736,2.005033349745856
14.30511474609375,0.0006765317905843475,0.0023036758511295933,3.264333770370939
19.073486328125,0.0002862759411017884,0.0009748055914799844,4.045984657528756
23.84185791015625,9.207011178703905e-05,0.00031351031257733654,4.353143104808047
28.6102294921875,7.515052996706092e-05,0.0002558970080846848,4.488900389130313
33.37860107421875,9.821886114424943e-05,0.0003344475776194117,4.629649506434185
38.14697265625,0.0001369761251344403,0.0004664209369687765,4.82059143972948
42.91534423828125,0.0001234362504887993,0.00042031596055437366,5.032005990873876
47.6837158203125,8.260989573421424e-05,0.0002812970868713615,5.199283576720238
52.45208740234375,6.091231845798217e-05,0.00020741410680312155,5.315801405107137
57.220458984375,6.229007202732647e-05,0.00021210553102099113,5.415822681062363
61.98883056640625,6.749874320978404e-05,0.000229841711621075,5.5211911146909385
66.7572021484375,8.09201645251418e-05,0.0002755433395450489,5.641684300489136
71.52557373046875,7.761182640893658e-05,0.00026427803208759637,5.7703877448824485
76.2939453125,6.808005194060439e-05,0.00023182114097514123,5.888667004817527
81.06231689453125,6.802405158849659e-05,0.00023163045273166035,5.999162475271457
85.8306884765625,7.354771804920035e-05,0.00025043923187894457,6.114096844504256
90.59906005859375,8.015790504392061e-05,0.00027294775012320205,6.238882025073463
95.367431640625,8.51408802890053e-05,0.0002899154076651531,6.373079059381983
100.13580322265625,8.610466599141755e-05,0.00029319721922110875,6.512103943340383
104.9041748046875,8.936441621781055e-05,0.0003042970788016461,6.654557684896253
109.67254638671875,8.372335136884785e-05,0.00028508854337423197,6.795078167478316
114.44091796875,9.146852710337458e-05,0.00031146184105322643,6.937306862496001
119.20928955078125,0.00011614097286825348,0.00039547462254833324,7.1058536496629685
123.9776611328125,0.00011780063555938387,0.0004011259827885896,7.295778034098841
128.74603271484375,9.384779136903826e-05,0.000319563535176914,7.4676038049455675
133.514404296875,8.794819404358454e-05,0.0002994746641450034,7.615194012837488
138.28277587890625,7.813383612041395e-05,0.0002660555408212907,7.750026920744567
143.0511474609375,8.428624151296609e-05,0.00028700525512361484,7.881886889870532
147.81951904296875,0.00010007249964779459,0.0003407594499020914,8.03155765885287
152.587890625,9.160851084942577e-05,0.00031193850331775986,8.187172977442046
157.35626220703125,9.284314287989656e-05,0.0003161425806918179,8.336919177052179
162.1246337890625,9.561927374159227e-05,0.0003255956554987536,8.489921495479877
166.89300537109375,9.800827697066289e-05,0.00033373051201795285,8.647117103503689
171.661376953125,9.933639018735472e-05,0.0003382529045905419,8.8073304348713
176.42974853515625,0.00011319847938218143,0.00038545506207784096,8.979875859968857
181.1981201171875,0.00011400669616925562,0.0003882071419073079,9.164331303347579
185.96649169921875,0.00011995531635823102,0.0004084629419563317,9.354272252755072
190.73486328125,0.00013237313412743466,0.0004507471735575307,9.559123907645576
195.50323486328125,0.0001336031803792545,0.00045493563577841506,9.775055516164164
200.2716064453125,0.0001330349802504192,0.0004530008428631021,9.99152444131635
205.03997802734375,0.00012668197323100259,0.00043136805478666035,10.202374417295621
209.808349609375,0.0001386789021105959,0.00047221910677309716,10.417806384449113
214.57672119140625,0.0001449083046534101,0.0004934310060579056,10.648035312259545
219.3450927734375,0.00015155161187053128,0.0005160523028257904,10.88871488839034
224.11346435546875,0.00015476063253521858,0.0005269794218672042,11.137393030149493
228.8818359375,0.0001673901565172104,0.0005699845397544903,11.398929619204958
233.65020751953125,0.00017526564881138658,0.0005968015817122384,11.677113108400478
238.4185791015625,0.00020842463589786715,0.0007097121039702749,11.988610244917648
243.18695068359375,0.00019684585116318859,0.0006702848853976373,12.31762716628718
247.955322265625,0.0001791535027267445,0.0006100402133658872,12.622880457122445
252.72369384765625,0.0001732850432822315,0.0005900573707355637,12.90900601790713
257.4920654296875,0.0002002376127867373,0.0006818342603918388,13.212248613371694
262.26043701171875,0.00022352411264427825,0.0007611277217276541,13.556277558846197
267.02880859375,0.0002412761539595267,0.0008215756555207876,13.933623449189014
271.79718017578125,0.00023303687934734672,0.0007935198890083081,14.318692234028903
276.5655517578125,0.00021818044612081336,0.0007429318650097267,14.685010878079988
281.33392333984375,0.00022698163734288817,0.0007729010282650928,15.046413602649983
286.102294921875,0.0002248236143938357,0.0007655526886554764,15.413209551851704
290.87066650390625,0.0002754080249432779,0.0009377989698327783,15.819320233978761
295.6390380859375,0.00025757347899491945,0.0008770700973852504,16.252018738240263
300.40740966796875,0.00023565643719702825,0.0008024398130132627,16.65244510466447
305.17578125,0.00024146563618164128,0.0008222208663229684,17.039794395353994
309.94415283203125,0.00026246384911468633,0.0008937224228262499,17.44890715617181
314.7125244140625,0.0003135486641745414,0.0010676726443097993,17.9165401811352
319.48089599609375,0.00031754457912366646,0.0010812792373769428,18.428890235324584
324.249267578125,0.00031968634129792147,0.0010885722070028527,18.946223133555087
329.01763916015625,0.0003110684017410535,0.0010592270387196248,19.45829837791565
333.7860107421875,0.0002938848098595774,0.0010007147467564763,19.9494267714408
338.55438232421875,0.0002739942436419065,0.0009329848666552547,20.410456685679666
343.32275390625,0.00030838892715624185,0.0010501030906943376,20.883261698704374
348.09112548828125,0.0002936240202612569,0.0009998267253682161,21.37200305270793
352.8594970703125,0.0003195429057232622,0.0010880837908276866,21.86979971127057
357.62786865234375,0.0003207463920634664,0.0010921818132084208,22.389615538648865
362.396240234375,0.00032836312723464597,0.0011181177546120615,22.916592020997424
367.16461181640625,0.000310339195640647,0.0010567440002173958,23.435119470326196
371.9329833984375,0.00026859379059369047,0.0009145956446770994,23.90512346738852
376.70135498046875,0.0002772243277394925,0.0009439837093353591,24.34824331611967
381.4697265625,0.00031671519444969345,0.001078455078229775,24.830430298170835
386.23809814453125,0.00039050798494784643,0.001329728812626246,25.404586079644005
391.0064697265625,0.0004017078938459475,0.0013678659113147225,26.04774278071788
395.77484130859375,0.0003927093484138018,0.001337224732147929,26.692686648273174
400.543212890625,0.0005312247607855679,0.0018088871357941495,27.442778169522487
405.31158447265625,0.0005586314265978135,0.0019022102805012387,28.32757274242311
410.0799560546875,0.0005116316664223438,0.0017421701847777356,29.196460754660418
414.84832763671875,0.0004417922915853146,0.0015043583280265737,29.97049346969593
419.61669921875,0.00039234363885948324,0.0013359794451111094,30.64768276573592
424.38507080078125,0.0003798816912458689,0.0012935449458383865,31.274610234738997
429.1534423828125,0.0003970647236708054,0.001352055332781641,31.905370494038277
433.92181396484375,0.00036372692108103613,0.0012385359212408436,32.523015579855254
438.690185546875,0.0003160877469816764,0.0010763185406715402,33.07491989149132
443.45855712890625,0.00032748647236374923,0.0011151326344980227,33.59740256684569
448.2269287109375,0.00032941469661783507,0.001121698480643794,34.13070466300797
452.99530029296875,0.0002880022478137615,0.0009806838829946824,34.631951678874834
457.763671875,0.0002503360391575975,0.0008524257043067804,35.0689990620167
462.53204345703125,0.0002536824344536989,0.0008638206012491752,35.478184067575654
467.3004150390625,0.00023968598832144796,0.0008161609414885409,35.87872287991203
472.06878662109375,0.00022271290304250603,0.0007583654509876598,36.254119225164125
476.837158203125,0.00020015129479492792,0.0006815403367713723,36.59741951712174
481.60552978515625,0.00020863403488523578,0.0007104251338635716,36.92928994678896
486.3739013671875,0.00017589736765142908,0.0005989526638295362,37.241469940822086
491.14227294921875,0.00017395746066140982,0.0005923470364982841,37.52549792265836
495.91064453125,0.00016981497688016832,0.0005782413581201855,37.80458794441608
500.67901611328125,0.000183428023249932,0.0006245954934598493,38.091366597460784
505.4473876953125,0.00014099624011032773,0.00048010993417128367,38.354748895842384
510.21575927734375,0.00014239389433758073,0.0004848691226327319,38.58481783142836
514.984130859375,0.00016593823895357017,0.0005650405778065973,38.83513581039205
519.7525024414062,0.00014712678133559158,0.0005009851982335923,39.08929616120119
524.5208740234375,0.00013387776795936002,0.0004558706410303676,39.31742837080353
529.2892456054688,0.00011856158167285053,0.0004037171000280174,39.5223700586398
534.0576171875,0.00014516642534553574,0.0004943099394848375,39.736476389395236
538.8259887695312,0.00013854024812347423,0.00047174697250499547,39.966802305683096
543.5943603515625,0.00011458877851271078,0.0003901892055097121,40.17230390452159
548.3627319335938,0.00012347802402065306,0.0004204582046852294,40.365577308212636
553.131103515625,0.00012240729914675708,0.0004168122517979786,40.56519814077108
557.8994750976562,0.00012094922418867126,0.0004118473231474301,40.76276597918847
562.6678466796875,0.00011857425029610129,0.00040376023828383334,40.9572219750894
567.4362182617188,0.0001082144371037122,0.0003684837711529882,41.14133929453902
572.20458984375,0.00012432832121750365,0.00042335357360348227,41.33012802915542
576.9729614257812,0.00011865571430696626,0.00040403763348857854,41.52739346511144
581.7413330078125,0.00011657620391390975,0.0003969566390086007,41.7183653814287
586.5097045898438,9.907461902670806e-05,0.0003373615408590859,41.893440478481196
591.278076171875,9.47033471482475e-05,0.00032247681022960046,42.05075820058448
596.0464477539062,0.00011125376952119095,0.0003788330803667556,42.21796350821034
600.8148193359375,0.00010532522797329611,0.0003586456506164,42.39379213936897
605.5831909179688,9.420072103547496e-05,0.0003207653050878522,42.55577633405401
610.3515625,9.669739498632343e-05,0.0003292667939591233,42.710756063479195
615.1199340820312,9.313031091191782e-05,0.00031712042396509914,42.864866785526104
619.8883056640625,0.00010883538228930492,0.00037059816762161475,43.02883167495393
624.6566772460938,9.018304337400187e-05,0.0003070846072475274,43.19040383921983
629.425048828125,8.299573402412605e-05,0.00028261091478496667,43.33099820768537
634.1934204101562,9.3156735238372e-05,0.00031721040212071884,43.47400675377685
638.9617919921875,9.533325425890857e-05,0.0003246217231804484,43.627031457112885
643.7301635742188,0.00010043510074210945,0.00034199415224157024,43.78596506693755
648.49853515625,8.801491669072662e-05,0.0002997018631518851,43.93895731914279
653.2669067382812,8.42972660312507e-05,0.0002870427949952011,44.07884814683364
658.0352783203125,8.77944610521272e-05,0.0002989511839702783,44.21855999866066
662.8036499023438,8.425487580417668e-05,0.00028689845093954347,44.35823743618303
667.572021484375,8.398399041131584e-05,0.000285976052100875,44.49482136120144
672.3403930664062,7.416345748615984e-05,0.00025253590211861876,44.62321261615565
677.1087646484375,8.023792190009791e-05,0.0002732202175841912,44.748562643169144
681.8771362304688,9.175335232467554e-05,0.0003124317067612916,44.888192942819686
686.6455078125,7.222738136581432e-05,0.00024594331938050933,45.02131992315822
691.4138793945312,7.528013786714528e-05,0.0002563383392884736,45.14107320252685
696.1822509765625,7.957385640690765e-05,0.000270958991043884,45.26679068278874
700.9506225585938,8.943331857618641e-05,0.0003045316999994752,45.403998355633476
705.718994140625,8.272635188794689e-05,0.00028169363472440125,45.543765366971684
710.4873657226562,6.697230429946534e-05,0.00022804912090815572,45.66529751047692
715.2557373046875,8.618705782008195e-05,0.0002934777737621757,45.78963921166747
720.0241088867188,8.339862199159826e-05,0.0002839827989954259,45.92731654091151
724.79248046875,8.317209756054087e-05,0.00028321145481207717,46.06254618897888
729.5608520507812,7.634830531167812e-05,0.00025997558380703154,46.19205207091283
734.3292236328125,8.340313821419743e-05,0.00028399817730149346,46.32174552210486
739.0975952148438,8.696826577726128e-05,0.00029613788512828,46.46006073779494
743.865966796875,8.287556596410687e-05,0.00028220172742408277,46.59794764645782
748.6343383789062,9.052813143489794e-05,0.0003082596755051665,46.738724615158525
753.4027099609375,9.60326067879016e-05,0.00032700310651659006,46.890183065004265
758.1710815429688,9.47941229001676e-05,0.0003227859130840071,47.04510483977324
762.939453125,9.229116634467763e-05,0.00031426303115361263,47.19698914387652
767.7078247070312,0.00011155486555898897,0.0003798583502517775,47.36248057735521
772.4761962890625,0.00010830831589354383,0.0003688034402418297,47.54097545767232
777.2445678710938,0.00010249902950777698,0.0003490220893202007,47.71211840047333
782.012939453125,0.00010934385098595575,0.0003723295674964353,47.88410203752411
786.7813110351562,0.00011658002120794538,0.0003969696373749878,48.06751726085351
791.5496826171875,0.00011785284252843902,0.0004013037540855883,48.257840468580135
796.3180541992188,0.00010585294316487276,0.00036044258722755216,48.439454948911816
801.08642578125,0.00011365375066633239,0.0003870053180711409,48.617660416445574
805.8547973632812,0.00012849761572785996,0.0004375505458868676,48.8142498539203
810.6231689453125,0.00013764850124460028,0.00046871046220529807,49.03031931576478
815.3915405273438,0.00012599692245038996,0.0004290353707028397,49.24435860164109
820.159912109375,0.0001044004490447352,0.00035549666203225797,49.431405614145454
824.9282836914062,8.597295184911073e-05,0.0002927487159975982,49.58595935608449
829.6966552734375,8.872222910388792e-05,0.00030211035089493184,49.727784809578694
834.4650268554688,7.14493691608186e-05,0.0002432940899525993,49.85781936140123
839.2333984375,6.079213090961035e-05,0.00020700485308194536,49.96517899557046
844.0017700195312,5.0502946195673365e-05,0.00017196888480492588,50.05553337567426
848.7701416015625,6.010347699722925e-05,0.0002046598998811978,50.14532867536787
853.5385131835938,5.752964620156816e-05,0.00019589568224740887,50.240828568110175
858.306884765625,5.7461057729263696e-05,0.00019566212987113816,50.33418322531159
863.0752563476562,5.448655835868032e-05,0.00018553358533771055,50.42506736609129
867.8436279296875,4.8779666398834025e-05,0.00016610090031702864,50.508903560524196
872.6119995117188,4.7598396552186996e-05,0.0001620785278915764,50.58714763348806
877.38037109375,4.418634024685883e-05,0.0001504600469529501,50.661662636416914
882.1487426757812,4.0670284313306014e-05,0.0001384874341976051,50.73055308430781
886.9171142578125,4.219164311657939e-05,0.00014366785230179668,50.797824146800984
891.6854858398438,4.2124980308577646e-05,0.00014344085705471528,50.86627619733345
896.453857421875,4.1603381526380355e-05,0.0001416647475869124,50.934250670486
901.2222290039062,3.979782452661098e-05,0.00013551659887299305,51.00033585326243
905.9906005859375,3.464677917730151e-05,0.00011797664148380932,51.06077335144015
910.7589721679688,2.755376263047491e-05,9.382402787717667e-05,51.111270566081956
915.52734375,2.6083356827790223e-05,8.881711114961276e-05,51.15481560693422
920.2957153320312,2.558617941115583e-05,8.712415950363263e-05,51.19676327468869
925.0640869140625,2.7424438336011386e-05,9.338366238620297e-05,51.23979969310039
929.8324584960938,2.4532599244543698e-05,8.353658650139859e-05,51.28198076745446
934.600830078125,1.918247343009725e-05,6.531873508513362e-05,51.317470641718835
939.3692016601562,1.9548887184464528e-05,6.656642001170381e-05,51.34891451300162
944.1375732421875,1.85685674412794e-05,6.322830796701995e-05,51.37985998762118
948.9059448242188,1.93267496730148e-05,6.581001384147084e-05,51.41062512095641
953.67431640625,1.7905151926524792e-05,6.096929468505009e-05,51.440851663554774
958.4426879882812,1.4981670246721355e-05,5.101447180648901e-05,51.467550674044126
963.2110595703125,1.2727352054462614e-05,4.333823478031321e-05,51.49004611228294
967.9794311523438,1.0936055071744918e-05,3.7238643218291e-05,51.509257137043804
972.747802734375,1.1660164172789218e-05,3.970432579651559e-05,51.527601770388166
977.5161743164062,1.2193890424395017e-05,4.15217308232272e-05,51.54696757139347
982.2845458984375,1.1028876293911044e-05,3.755471115619492e-05,51.56582086433061
987.0529174804688,9.406514073012748e-06,3.2030363709284495e-05,51.58241123900672
991.8212890625,8.523646940483407e-06,2.90240900629165e-05,51.59696775512291
996.5896606445312,7.747392898203078e-06,2.6380847400220115e-05,51.61017732158808
1001.3580322265625,7.100291129530878e-06,2.4177384475845477e-05,51.62223134339386
1006.1264038085938,6.644314378665651e-06,2.2624726279639405e-05,51.633389836139145
1010.894775390625,5.402479629047054e-06,1.8396122740818334e-05,51.643169968676126
1015.6631469726562,5.269239092953972e-06,1.7942421954453107e-05,51.651833752868995
1020.4315185546875,4.938964833081543e-06,1.6817796552798824e-05,51.66012123477475
1025.1998901367188,4.8373454679250744e-06,1.6471769831252038e-05,51.668058085890934
1029.96826171875,4.403754601207883e-06,1.499533838659813e-05,51.67556042912067
1034.7366333007812,3.696876520258508e-06,1.2588329599369704e-05,51.682136888048305
1039.5050048828125,3.4338352976253243e-06,1.1692641147082376e-05,51.68792592259287
1044.2733764648438,3.2431695416394583e-06,1.1043400263187438e-05,51.69334661728031
1049.041748046875,2.724166477039787e-06,9.276129540332251e-06,51.698191170704064
1053.8101196289062,2.4358187466051187e-06,8.294269245553459e-06,51.70238028021685
1058.5784912109375,2.5018140012744063e-06,8.518991389563083e-06,51.70638887392754
1063.3468627929688,2.1109828202700084e-06,7.188162053707892e-06,51.71013375113321
1068.115234375,2.2666917607554462e-06,7.718370583437814e-06,51.7136877454639
1072.8836059570312,2.016173268930581e-06,6.8653236048473885e-06,51.717164769110326
1077.6519775390625,1.567970885951077e-06,5.339138109267353e-06,51.720074539530906
1082.4203491210938,1.5069305177116834e-06,5.131287976850528e-06,51.72257088364094
1087.188720703125,1.349649318290764e-06,4.595725707663273e-06,51.724889984422504
1091.9570922851562,1.3226078197455427e-06,4.5036460034365486e-06,51.727059443696575
1096.7254638671875,1.3553130223326976e-06,4.6150113323906456e-06,51.729233501021895
1101.4938354492188,1.0770621237070245e-06,3.667532020050549e-06,51.731208213239334
1106.26220703125,1.0618899938862956e-06,3.615869009435738e-06,51.73294471136381
1111.0305786132812,1.0798133403240116e-06,3.676900258720169e-06,51.734683443050436
1115.7989501953125,9.954568201662712e-07,3.389655695970409e-06,51.73636824128028
1120.5673217773438,8.947018009726954e-07,3.0465721811575142e-06,51.73790275758553
1125.335693359375,7.667751673237062e-07,2.6109659010757852e-06,51.739251619776304
1130.1040649414062,6.513893728569355e-07,2.2180627559820264e-06,51.740402949927166
1134.8724365234375,5.947017038479521e-07,2.025034111991732e-06,51.74141458305341
1139.6408081054688,5.448447122904375e-07,1.8552647839874792e-06,51.74233971840268
1144.4091796875,5.208081471873393e-07,1.7734172561362245e-06,51.74320486361871
1149.1775512695312,4.87833142444402e-07,1.6611332169019773e-06,51.744023724262334
1153.9459228515625,4.285017443582255e-07,1.459102342836436e-06,51.744767646390954
1158.7142944335938,3.556368293787747e-07,1.210988141303073e-06,51.745404245570256
1163.482666015625,2.850707224128287e-07,9.707016702338173e-07,51.74592440095517
1168.2510375976562,2.625064430906387e-07,8.93867460672469e-07,51.746368948877986
1173.0194091796875,2.5579823384626066e-07,8.710251643374362e-07,51.74678973206991
1177.7877807617188,2.649418954798279e-07,9.021604824249354e-07,51.74721249247229
1182.55615234375,2.6333202781145715e-07,8.966786805011311e-07,51.74764136914954
1187.3245239257812,3.082737143135879e-07,1.049710776471923e-06,51.748105424558254
1192.0928955078125,3.541048837665503e-07,1.2057716737826375e-06,51.74864317347922
1196.8612670898438,4.299794666569747e-07,1.464134173153477e-06,51.74927972863759
1201.629638671875,3.961370911742499e-07,1.3488966274395134e-06,51.74995040744403
1206.3980102539062,3.3512568121424254e-07,1.1411451016067991e-06,51.75054407965497
1211.1663818359375,2.944475376808316e-07,1.0026309057760875e-06,51.75105519568457
1215.9347534179688,3.255534914706873e-07,1.1085505913981776e-06,51.75155854057735
1220.703125,3.0662229051985834e-07,1.0440874707137269e-06,51.75207176948543
1225.4714965820312,2.561778930484766e-07,8.723179516801397e-07,51.75252867614323
1230.2398681640625,2.519906256865134e-07,8.580597795761414e-07,51.75294123034322
1235.0082397460938,2.72743588140034e-07,9.287262273454042e-07,51.75336723332414
1239.776611328125,2.819566896085095e-07,9.60097996805937e-07,51.753817564111834
1244.5449829101562,2.8368274502752213e-07,9.659754326364931e-07,51.75427677580213
1249.3133544921875,3.166688089205477e-07,1.0782971296679746e-06,51.75476416836173
1254.0817260742188,3.1154485190502354e-07,1.0608494114629019e-06,51.75527418064056
1258.85009765625,3.1095562201400286e-07,1.0588430095619127e-06,51.755779554695714
1268.3868408203125,4.025104869322239e-07,1.3705988417355405e-06,51.75691608113906
1273.1552124023438,5.184540839716855e-07,1.765401374757982e-06,51.75766376185473
1277.923583984375,5.896664123709082e-07,2.007888311098849e-06,51.75856338422017
1282.6919555664062,5.554072051691004e-07,1.8912314009461398e-06,51.75949300680166
1287.4603271484375,5.076449776264595e-07,1.7285950079229795e-06,51.760356040670665
1292.2286987304688,4.598368178878521e-07,1.5658022099945206e-06,51.76114148617435
1301.7654418945312,5.127460069085239e-07,1.7459646543114318e-06,51.76270014921389
1306.5338134765625,5.03738719507954e-07,1.7152937076424595e-06,51.763525377514455
1311.3021850585938,6.14270617549465e-07,2.091668724813217e-06,51.7644330280883
1316.070556640625,6.572528964368147e-07,2.2380287913723658e-06,51.76546530841804
1325.6072998046875,9.890460859045634e-07,3.367826339372178e-06,51.768198044658845
1330.3756713867188,9.403718573332372e-07,3.2020844681213453e-06,51.769764433458384
1335.14404296875,1.0713126403333252e-06,3.6479543059079187e-06,51.77139760996968
1339.9124145507812,1.1901804512057146e-06,4.052714154882411e-06,51.773233592402235
1344.6807861328125,1.082236547084684e-06,3.6851515825670994e-06,51.775078443356634
1349.4491577148438,1.1201824957972645e-06,3.8143623113369476e-06,51.77686646680317
1354.217529296875,1.1791557240477688e-06,4.015173572056117e-06,51.77873317362353
1358.9859008789062,1.2512683583735157e-06,4.260726163330615e-06,51.78070630187922
1363.7542724609375,1.412702178436848e-06,4.810428628183421e-06,51.782869033715414
1373.291015625,1.3754345004359742e-06,4.683527496509872e-06,51.787416728760235
1378.0593872070312,1.5377399341656444e-06,5.236197915541037e-06,51.78978177559805
1382.8277587890625,1.6467663940530127e-06,5.607446726420628e-06,51.79236710194588
1387.5961303710938,1.7924061847398513e-06,6.103368534439506e-06,51.79515917788049
1397.1328735351562,2.26889140472525e-06,7.725860647858797e-06,51.801859099781375
1401.9012451171875,2.367179248064589e-06,8.06054311853009e-06,51.80562287173649
1406.6696166992188,2.6417255424337225e-06,8.995407787356672e-06,51.80968932731669
1411.43798828125,2.869215540783142e-06,9.770039848798182e-06,51.814163358678314
1420.9747314453125,3.0196238543485915e-06,1.0282199077074172e-05,51.82361123354045
1425.7431030273438,3.2498441654784015e-06,1.1066128196992097e-05,51.82870107139531
1430.511474609375,3.6822654653948426e-06,1.2538577119564014e-05,51.834328871697
1435.2798461914062,3.97953893057086e-06,1.3550830663948229e-05,51.84054907123035
1444.8165893554688,4.443918556345231e-06,1.5132101706258014e-05,51.85433052641816
1449.5849609375,4.558498787345349e-06,1.5522261806412116e-05,51.86163909621011
1459.1217041015625,6.062528502532463e-06,2.0643672185760573e-05,51.879351719119924
1463.8900756835938,5.6842832907540636e-06,1.9355699658369547e-05,51.88888831251995
1468.658447265625,5.322128864998646e-06,1.812251828152419e-05,51.897823815988446
1473.4268188476562,6.380541540414115e-06,2.1726546584138137e-05,51.90732457341224
1482.9635620117188,8.04223189655245e-06,2.7384811278816306e-05,51.93083117113847
1487.73193359375,8.650329480597479e-06,2.945546004801132e-05,51.944382947863964
1492.5003051757812,8.103230206523068e-06,2.7592518197537234e-05,51.95798424577788
1497.2686767578125,8.662513020292773e-06,2.9496946533299893e-05,51.97159543484068
1502.0370483398438,8.168340756172306e-06,2.7814227809662293e-05,51.98525948359417
1511.5737915039062,1.077663464849343e-05,3.66957966228574e-05,52.01728211432331
1516.3421630859375,1.0153644408746097e-05,3.45744364875772e-05,52.03427426203373
1521.1105346679688,1.0074137186224707e-05,3.43037043932957e-05,52.0506960905137
1525.87890625,1.0356296586827978e-05,3.52644926465388e-05,52.0672824412026
1530.6472778320312,1.3397786758246392e-05,4.562114928390497e-05,52.08656708102137
1535.4156494140625,1.4267283120936266e-05,4.8581893776996086e-05,52.109026836694994
1540.1840209960938,1.464042146945243e-05,4.9852476792562297e-05,52.132495419460945
1544.952392578125,1.4670679254018497e-05,4.9955508355282096e-05,52.15629149746288
1549.7207641601562,1.4308333469774942e-05,4.872167537871272e-05,52.17981797139849
1554.4891357421875,1.3793091151854324e-05,4.696721047138214e-05,52.20263197959868
1564.02587890625,1.5176922913016035e-05,5.167933169699498e-05,52.250558410379156
1568.7942504882812,1.6158022823890276e-05,5.502010031080132e-05,52.2759975373494
1578.3309936523438,1.789065422766553e-05,6.0919928196698996e-05,52.33106108995255
1583.099365234375,1.717909795253113e-05,5.849698956977799e-05,52.35953230180712
1592.6361083984375,1.4941702206017513e-05,5.0878375600120237e-05,52.413182354298335
1597.4044799804688,1.8021378167380253e-05,6.136505965582113e-05,52.43994327464554
1606.9412231445312,2.4359973487040092e-05,8.294877408167398e-05,52.50818624731251
1611.7095947265625,2.280519454810144e-05,7.765455621146244e-05,52.54647706511998
1621.246337890625,3.2639237636087834e-05,0.00011114070999766457,52.64114911576374
1626.0147094726562,3.4213087181169394e-05,0.00011649986568077603,52.69542285836286
1635.5514526367188,2.7121742642495917e-05,9.235294547223472e-05,52.797400489371796
1640.31982421875,2.529650784813179e-05,8.613779139235576e-05,52.839955997237844
1645.0881958007812,2.7956606507818213e-05,9.519576195520073e-05,52.8831892853704
1649.8565673828125,2.6566606107598626e-05,9.046263573761301e-05,52.92745369674658
1654.6249389648438,2.317405614863287e-05,7.891057636214791e-05,52.96783541731328
1664.1616821289062,2.3568389625788917e-05,8.025333145697015e-05,53.0435962124592
1668.9300537109375,2.288066610117353e-05,7.79115463436028e-05,53.08130565788819
1673.6984252929688,1.8684382620588695e-05,6.36226732215169e-05,53.11505004541115
1678.466796875,1.9229337443967813e-05,6.547831294761274e-05,53.14583011909419
1683.2351684570312,1.9378204685866282e-05,6.598522463300383e-05,53.17717346892784
1692.7719116210938,1.6176356424760182e-05,5.508252852803523e-05,53.23566542975937
1697.540283203125,1.7572270966585067e-05,5.9835793141757315e-05,53.26306409272462
1707.0770263671875,1.4360885568372144e-05,4.89006218852176e-05,53.313978926667524
1711.8453979492188,1.4951518403453262e-05,5.0911800987215676e-05,53.33777606270546
1716.61376953125,1.570511516675067e-05,5.347789276480705e-05,53.36266450516266
1721.3821411132812,1.4227356498779996e-05,4.8445938605992036e-05,53.386965040214676
1726.1505126953125,1.1994665640147042e-05,4.0843345371418424e-05,53.408253264429575
1730.9188842773438,1.4777730669489986e-05,5.032003189147528e-05,53.429988307302686
1740.4556274414062,1.278116221182291e-05,4.352146513516368e-05,53.4754985718081
1745.2239990234375,1.1684255273895235e-05,3.9786359026317134e-05,53.49536070487273
1754.7607421875,1.3918770215151469e-05,4.7395163491683146e-05,53.535148150532194
1759.5291137695312,1.174660285019175e-05,3.9998660366608454e-05,53.55598446183873
1764.2974853515625,1.114799357648935e-05,3.79603204877103e-05,53.57457133128223
1769.0658569335938,1.2310025003300783e-05,4.1917183673528933e-05,53.59361561232653
1773.834228515625,1.2196927822103042e-05,4.15320735445119e-05,53.613511465659535
1783.3709716796875,1.1392490730039014e-05,3.879286405202055e-05,53.65238267660135
1788.1393432617188,1.2514246065758599e-05,4.26125820811481e-05,53.67179124739955
1792.90771484375,1.3447101628655919e-05,4.5789072621204296e-05,53.69286784430392
1802.4444580078125,1.1560005147532199e-05,3.9363271716029616e-05,53.73312300542145
1807.2128295898438,1.010492394932385e-05,3.440853719446338e-05,53.75071157527963
1816.7495727539062,1.2274392315543773e-05,4.179584988930903e-05,53.78682318589332
1821.5179443359375,1.047448668643641e-05,3.5666944803406945e-05,53.805291755337194
1826.2863159179688,1.1030848481902886e-05,3.756142670439816e-05,53.822750759622004
1831.0546875,1.0215512763234272e-05,3.4785106017327505e-05,53.83999951715644
1835.8230590820312,1.1753793688379092e-05,4.002314607520649e-05,53.85783519432542
1845.3598022460938,9.899342086432665e-06,3.370850509018696e-05,53.89365666878382
1850.128173828125,1.042099605225393e-05,3.548480246517129e-05,53.91015363885451
1854.8965454101562,1.163113319731049e-05,3.96054716730644e-05,53.92805655531889
1859.6649169921875,1.1884356791105866e-05,4.046772986415221e-05,53.9471474942535
1864.4332885742188,1.1761279897607355e-05,4.0048637559355015e-05,53.966344092169024
1869.20166015625,1.0279503517829339e-05,3.5003002586428694e-05,53.98423779757183
1873.9700317382812,1.0938855622644519e-05,3.724817944639892e-05,54.001463821730496
1883.5067749023438,1.0422135362947115e-05,3.548868196140097e-05,54.03578509061235
1888.275146484375,9.938091047694622e-06,3.3840450177702246e-05,54.05231444378731
1893.0435180664062,9.472906733385776e-06,3.2256439069706934e-05,54.0680731702047
1897.8118896484375,1.1309964252587959e-05,3.851185101489693e-05,54.084945645372116
1902.5802612304688,1.0309803094915878e-05,3.510617645793799e-05,54.10249755087845
1907.3486328125,9.161878443009586e-06,3.119734861523047e-05,54.11830554311582
1916.8853759765625,1.1081888122070582e-05,3.773522309969114e-05,54.15051718628221
1921.6537475585938,1.192044523186268e-05,4.059061554466781e-05,54.16919152143874
1926.422119140625,9.556818005110465e-06,3.254216750553221e-05,54.18662773565932
1931.1904907226562,1.0399917166540997e-05,3.541302620770428e-05,54.202829516387006
1935.9588623046875,1.2361054525420517e-05,4.209094561559581e-05,54.22130790322384
1950.2639770507812,1.0860507533591944e-05,3.698139434739171e-05,54.276319955175126
1955.0323486328125,1.2539761752053982e-05,4.269946620272486e-05,54.29531735272908
1959.8007202148438,1.1662677256272122e-05,3.971288316190774e-05,54.31496598796501
1964.569091796875,1.2838209998240354e-05,4.371572002423069e-05,54.33485691699308
1969.3374633789062,1.3497110559305715e-05,4.595935932093092e-05,54.35623712199138
1978.8742065429688,1.3024162843148379e-05,4.4348912853045815e-05,54.4002464289276
1983.642578125,1.54142851059096e-05,5.2487579822730174e-05,54.42333404791654
1988.4109497070312,1.631689760690638e-05,5.556108893259472e-05,54.44909485799499
1997.9476928710938,1.500447701554549e-05,5.10921317233084e-05,54.49952409604788
2002.716064453125,1.7114394189030188e-05,5.827666511565948e-05,54.52559964918827
2007.4844360351562,1.8499691486299098e-05,6.299377667607417e-05,54.554512775607286
2012.2528076171875,1.6715021362078256e-05,5.691675040085818e-05,54.58310167309228
2017.0211791992188,1.7068149326423707e-05,5.811919554112058e-05,54.61052837986937
2021.78955078125,1.831896526098673e-05,6.23783811444639e-05,54.63925724088794
2031.3262939453125,2.152949870927747e-05,7.33106514043477e-05,54.70464267045052
2036.0946655273438,1.963264860674834e-05,6.685163819133261e-05,54.738059964379545
2040.863037109375,1.3732965408875116e-05,4.676247475303136e-05,54.765147679753625
2045.6314086914062,1.4225469554437037e-05,4.843951332313645e-05,54.78784560247838
2055.1681518554688,1.0106770968834616e-05,3.441482652824301e-05,54.828139534206535
2059.9365234375,8.601102817363597e-06,2.9287837067241076e-05,54.843327432745944
2074.2416381835938,9.73242944384535e-06,3.314014654543254e-05,54.887804987725055
2079.010009765625,9.234519319552103e-06,3.14446999377032e-05,54.903203215055065
2088.5467529296875,7.692145525683257e-06,2.6192723146957245e-05,54.930425283690596
2093.3151245117188,8.25482349605519e-06,2.8108712418043577e-05,54.943371754801184
2107.6202392578125,7.129545746330608e-06,2.42770001261276e-05,54.97920111824808
2112.3886108398438,7.013990309351256e-06,2.3883519326938354e-05,54.990683480864874
2126.6937255859375,5.0506111866043674e-06,1.719796643107617e-05,55.02160154973844
2131.4620971679688,4.877495798536723e-06,1.660848675768802e-05,55.029661636272166
2145.7672119140625,5.4785278557629896e-06,1.865507651925853e-05,55.054803802140064
2150.5355834960938,4.379039218271658e-06,1.4911179398633317e-05,55.06280662118177
2155.303955078125,4.590954232784438e-06,1.563277668085889e-05,55.07008886779038
2164.8406982421875,4.105258756708499e-06,1.3978922486848874e-05,55.084421658656304
2169.6090698242188,4.08530140719113e-06,1.3910965201211186e-05,55.09107112605018
2183.9141845703125,3.0680321240207694e-06,1.0447035324817155e-05,55.10863299082819
2188.6825561523438,3.0083014164760043e-06,1.024364475181406e-05,55.1135660333727
2193.450927734375,3.1496044859370645e-06,1.0724799478522129e-05,55.118565300052055
2202.9876708984375,2.376283829264399e-06,8.09154536282453e-06,55.12799442282385
2207.7560424804688,2.1917752376677226e-06,7.463270398214125e-06,55.13170297989578
2222.0611572265625,1.5116526499363896e-06,5.1473674310953905e-06,55.14062919137033
2226.8295288085938,1.3559911039026161e-06,4.617320285435363e-06,55.142957274341065
2241.1346435546875,1.1695724838576732e-06,3.982541433686937e-06,55.14914080408689
2245.9030151367188,1.118981196549588e-06,3.810271736281395e-06,55.150998755530075
2264.9765014648438,7.206316718892261e-07,2.4538414945090144e-06,55.156700810460954
2269.744873046875,5.986344661714642e-07,2.0384256624243906e-06,55.15777185041346
2274.5132446289062,6.161496350790257e-07,2.09806701587203e-06,55.15875806712028
2284.0499877929688,4.959448732721572e-07,1.6887546807841439e-06,55.16059706977913
2288.818359375,5.352690318943624e-07,1.8226583876679215e-06,55.16143425589354
2298.3551025390625,4.242375614985257e-07,1.4445822637870739e-06,55.162994966915846
2303.1234741210938,4.4537564175151447e-07,1.5165600861093474e-06,55.16370095826743
2307.891845703125,4.5867074843697385e-07,1.561831596828792e-06,55.164434904038394
2322.1969604492188,3.884014366420532e-07,1.3225557506521705e-06,55.16644965612756
2326.96533203125,3.7326612590751875e-07,1.2710181136575016e-06,55.167068012323085
2346.038818359375,3.0063252957793156e-07,1.0236915812256103e-06,55.16931777237778
2350.8071899414062,3.046971269594339e-07,1.037532046614892e-06,55.16980920638635
2355.5755615234375,2.704118982271813e-07,9.207865298776448e-07,55.17027610591878
2365.1123046875,2.9064130168056204e-07,9.89670193390425e-07,55.17122559714348
2369.8806762695312,2.75612260658581e-07,9.384944181351789e-07,55.171685307410435
2374.6490478515625,3.194278953911455e-07,1.087692166179126e-06,55.17216838793687
2384.185791015625,2.9941990262497906e-07,1.0195624339086266e-06,55.1731771778584
2388.9541625976562,3.1504879004238713e-07,1.0727807615978667e-06,55.17367603135006
2398.4909057617188,2.8554597286980253e-07,9.723199578238554e-07,55.17463210093785
2408.0276489257812,3.6678288740147837e-07,1.2489418709866605e-06,55.175723487630336
2412.7960205078125,3.201137785184693e-07,1.0900276845082032e-06,55.17628114142832
2417.5643920898438,2.9847544219565365e-07,1.0163464273385507e-06,55.176783340151125
2427.1011352539062,3.579237178880976e-07,1.2187752843560291e-06,55.17787953189153
2431.8695068359375,6.166093510353176e-07,2.0996324065330863e-06,55.178670701938074
2436.6378784179688,8.306125521759807e-07,2.8283402269096512e-06,55.179845622171186
2446.1746215820312,3.3199656355948324e-07,1.1304900623655743e-06,55.181497061178696
2450.9429931640625,3.570591546933368e-07,1.2158313379203036e-06,55.18205646779306
2455.7113647460938,4.1947295574625403e-07,1.4283581818379009e-06,55.18268689170124
2465.2481079101562,4.855786445006222e-07,1.6534563677992604e-06,55.18411063673396
2470.0164794921875,4.5744514723523787e-07,1.5576582705626073e-06,55.18487622612337
2474.7848510742188,4.4406090305499643e-07,1.5120832354603954e-06,55.18560810953145
2493.8583374023438,5.205774579492077e-07,1.772631730260877e-06,55.1887791996746
2498.626708984375,5.200618752668498e-07,1.7708761063698211e-06,55.18962403777804
2512.9318237304688,6.53706178457849e-07,2.2259517704952637e-06,55.19251567933515
2517.7001953125,6.774672594350931e-07,2.306861240243511e-06,55.19359638617251
2522.4685668945312,6.630516941972707e-07,2.257774427205397e-06,55.19468468012245
2536.773681640625,7.660698165300418e-07,2.608564092893887e-06,55.19811474828962
2541.5420532226562,8.311653739583655e-07,2.8302226546207843e-06,55.19941145609799
2555.84716796875,1.1224030334975911e-06,3.821923521538684e-06,55.20402157670643
2560.6155395507812,9.029709048793792e-07,3.0747295201701498e-06,55.20566586692519
2565.3839111328125,9.357973404855542e-07,3.186507662804495e-06,55.20715866219778
2579.6890258789062,1.0781489559438434e-06,3.6712328205347752e-06,55.21222756183788
2584.4573974609375,1.0534522240563278e-06,3.587137341737022e-06,55.21395809213855
2593.994140625,9.902659090248752e-07,3.3719799905442607e-06,55.21729488057549
2603.5308837890625,1.046409393868673e-06,3.5631556189965535e-06,55.220598484955644
2608.2992553710938,1.0637034673890876e-06,3.6220441148383046e-06,55.22231157006673
2627.3727416992188,1.285729062327802e-06,4.37806919527276e-06,55.2298905148469
2632.14111328125,1.1637619312316837e-06,3.9627557710580634e-06,55.23187912248392
2651.214599609375,1.592040561315749e-06,5.421098381724365e-06,55.24080354438401
2655.9829711914062,1.6801288922680537e-06,5.721050229672058e-06,55.24346003962407
2660.7513427734375,1.6800170253996702e-06,5.72066930891294e-06,55.24618795813894
2675.0564575195312,2.357330758949935e-06,8.027007774205851e-06,55.25614710108648
2679.8248291015625,2.384362893819536e-06,8.119055593939186e-06,55.25999662257281
2684.5932006835938,2.356778303870676e-06,8.02512659516499e-06,55.2638456955511
2698.8983154296875,2.9066135106870783e-06,9.897384640791704e-06,55.27615174181237
2703.6666870117188,3.08427085659302e-06,1.050233025197399e-05,55.28101541285119
2708.43505859375,3.03198708459372e-06,1.0324297431289067e-05,55.28598086783091
2722.7401733398438,3.453888073417797e-06,1.1760923371190921e-05,55.30211494952783
2727.508544921875,3.854468361273923e-06,1.3124949642263318e-05,55.308048204011385
2737.0452880859375,3.5171337653186963e-06,1.1976282908093452e-05,55.31987250943512
2746.58203125,4.533989137532429e-06,1.5438803365612312e-05,55.33269846574994
2751.3504028320312,4.859984597544072e-06,1.6548858915489796e-05,55.34032491873978
2765.655517578125,5.127165622298779e-06,1.745864391476654e-05,55.364999841607975
2770.4238891601562,5.003406553643582e-06,1.7037228717746734e-05,55.3732242985459
2775.1922607421875,4.899099237085158e-06,1.668204918354595e-05,55.381263600871456
2794.2657470703125,5.8548372655624504e-06,1.9936457397397424e-05,55.417283529198336
2799.0341186523438,6.11516848414061e-06,2.082291794497294e-05,55.427001321552524
2808.5708618164062,5.26220682945855e-06,1.7918476212628925e-05,55.44596957957465
2818.1076049804688,6.690694530277106e-06,2.2782656530258896e-05,55.46550167431836
2822.8759765625,8.350311678307098e-06,2.8433861690529328e-05,55.477712643819096
2827.6443481445312,8.31630991787992e-06,2.83180814190297e-05,55.49124336145653
2841.949462890625,1.2352222829173217e-05,4.206087257889218e-05,55.54146285668807
2846.7178344726562,1.1359536139881862e-05,3.868064952701895e-05,55.560713135663065
2856.2545776367188,8.973848085823414e-06,3.055708159576799e-05,55.593850551030414
2870.5596923828125,9.004198444881354e-06,3.0660428386278004e-05,55.63892965171268
2875.3280639648438,7.946465098355987e-06,2.7058713283990904e-05,55.652690967456664
2880.096435546875,8.888920317988095e-06,3.0267891862816075e-05,55.66635869520049
2894.4015502929688,6.984271434334617e-06,2.378232281902638e-05,55.70543940828433
2899.169921875,7.182846995192419e-06,2.4458497583522686e-05,55.7169409161394
2913.4750366210938,5.90978823337782e-06,2.012357235535546e-05,55.74885435328931
2918.243408203125,6.060851914868345e-06,2.0637963193858218e-05,55.758572660676954
2923.0117797851562,5.356057581288885e-06,1.8238049828548965e-05,55.76784142446288
2937.31689453125,5.766447911651085e-06,1.9635480528407004e-05,55.79476383202244
2942.0852661132812,4.565768123717553e-06,1.5547014811204277e-05,55.803151992570555
2946.8536376953125,5.039603190653694e-06,1.7160482820115338e-05,55.81095006768177
2951.6220092773438,5.432375928897953e-06,1.8497923402610085e-05,55.819451694226416
2965.9271240234375,4.360723857429293e-06,1.4848813290987677e-05,55.84268629515723
2970.6954956054688,5.095517442765851e-06,1.7350877882280106e-05,55.850363299774266
2975.4638671875,4.6451874681994965e-06,1.5817447669706858e-05,55.858271244823555
2980.2322387695312,4.0567313261012645e-06,1.3813680481132195e-05,55.86533585629445
2999.3057250976562,4.3662557845198535e-06,1.4867650198618767e-05,55.89390279198246
3004.0740966796875,4.260949182806221e-06,1.4509067972759609e-05,55.900906747387545
3008.8424682617188,4.8592409724585895e-06,1.654632677852955e-05,55.90831093047759
3023.1475830078125,3.7668938815817215e-06,1.2826747522496101e-05,55.93016284578387
3027.9159545898438,3.940965834858547e-06,1.3419484420752453e-05,55.93642043511055
3032.684326171875,4.772002321495494e-06,1.624926819783045e-05,55.943494016953586
3051.7578125,4.2458238855880545e-06,1.445756443304782e-05,55.97060462430805
3056.5261840820312,4.588693430153444e-06,1.5625078363503116e-05,55.977776885259225
3066.0629272460938,3.5117820550788497e-06,1.1958059661509387e-05,55.99071389364497
3075.5996704101562,4.473977579543507e-06,1.5234456461517337e-05,56.00364284299162
3080.3680419921875,4.597017920735068e-06,1.565342430111128e-05,56.0110070876345
3085.1364135742188,3.8273020626563335e-06,1.3032444978090978e-05,56.01784633182834
3104.2098999023438,4.204025218663553e-06,1.4315234714114414e-05,56.04462625736759
3108.978271484375,3.5989360337313885e-06,1.2254829922339703e-05,56.05096105442485
3118.5150146484375,4.36976211250836e-06,1.4879589686497506e-05,56.06400250543049
3123.2833862304688,3.3884228495811804e-06,1.1538006048841671e-05,56.07030095106899
3132.8201293945312,3.869404666285644e-06,1.3175809639737918e-05,56.08205647311867
3137.5885009765625,4.230349178327269e-06,1.4404871108186945e-05,56.088632219833244
3147.125244140625,3.5114884506740455e-06,1.1957059901577118e-05,56.101371639605865
3151.8936157226562,4.405707132161018e-06,1.5001987000111818e-05,56.10779917726211
3161.4303588867188,4.3127803230499405e-06,1.4685559525378052e-05,56.12182436567328
3166.19873046875,4.030936860199142e-06,1.372584707992546e-05,56.1285981728664
3190.0405883789062,5.103437561552227e-06,1.7377846883057574e-05,56.16687263920978
3194.8089599609375,4.860170584566777e-06,1.654949222469831e-05,56.174961547192545
3204.345703125,6.2542821881493655e-06,2.1296617606905095e-05,56.19253419957422
3213.8824462890625,5.555084315869917e-06,1.891576089632818e-05,56.212199937605824
3218.6508178710938,6.490047980663563e-06,2.209942978852965e-05,56.22197872109048
3232.9559326171875,6.383507402871815e-06,2.1736645718896718e-05,56.25390437611871
3242.49267578125,7.50834555854428e-06,2.5566861137766586e-05,56.276754840063894
3247.2610473632812,8.262981202731136e-06,2.8136490435472357e-05,56.28955871683898
3271.1029052734375,4.327944362880765e-06,1.473719498855956e-05,56.34016429425092
3275.8712768554688,3.612487897736154e-06,1.2300975724030124e-05,56.34661069649371
3280.6396484375,3.173809092463354e-06,1.080721920855809e-05,56.352120119495154
3294.9447631835938,3.7445901056306598e-06,1.2750800359683417e-05,56.369681105852344
3299.713134765625,3.4720237002087754e-06,1.182267746178198e-05,56.37553987951812
3304.4815063476562,3.161144181308801e-06,1.076409359289671e-05,56.38092498537948
3309.2498779296875,3.275156479191542e-06,1.1152319809343102e-05,56.38615026552184
3318.78662109375,2.7239241466003867e-06,9.27530437470218e-06,56.395785529836715
3333.0917358398438,2.7679535119798075e-06,9.42522990248488e-06,56.4092987233495
3337.860107421875,2.605436234790864e-06,8.87183812982608e-06,56.413661084311485
3352.1652221679688,1.8449503616270068e-06,6.282288066525162e-06,56.42402160285823
3361.7019653320312,1.8688800492332305e-06,6.363771663054924e-06,56.43014545951011
3366.4703369140625,1.5556786649435755e-06,5.297281550439171e-06,56.43292567124809
3371.2387084960938,1.6133339352067021e-06,5.4936049984190415e-06,56.435498419086315
3390.3121948242188,1.5021448797245107e-06,5.11499227749577e-06,56.44567834861689
3395.08056640625,1.2935192262241112e-06,4.404595683301901e-06,56.447947995252136
3404.6173095703125,9.861481580915655e-07,3.357958530624634e-06,56.451580808283616
3418.9224243164062,1.0459549424114596e-06,3.561608154617106e-06,56.45695205768967
3423.6907958984375,9.249788815612915e-07,3.149669449261366e-06,56.45855215095995
3447.5326538085938,6.176671258847264e-07,2.1032342629579125e-06,56.46481778208451
3452.301025390625,6.730898450012759e-07,2.2919555934403347e-06,56.465865677004956
3457.0693969726562,6.582578333102133e-07,2.2414507278421334e-06,56.46694652529857
3480.9112548828125,4.915413709661177e-07,1.6737602014943317e-06,56.47141546843459
3485.6796264648438,5.946433534364825e-07,2.0248354215004988e-06,56.4722972823477
3490.447998046875,5.867723395383618e-07,1.9980336290446785e-06,56.47325640907063
3509.521484375,1.8416753895786026e-06,6.27113637472585e-06,56.47973998088132
3514.2898559570312,2.432387431884318e-06,8.28258518728754e-06,56.48320985849678
3533.3633422851562,1.0297068019095717e-05,3.5062811922763855e-05,56.517789176937974
3542.9000854492188,5.640683584888356e-06,1.920723717527998e-05,56.54115468468157
3547.66845703125,4.932126136651537e-06,1.6794509931182114e-05,56.549738170071876
3571.5103149414062,7.282310795494824e-07,2.4797184335582506e-06,56.569205313647565
3576.2786865234375,6.058995758224571e-07,2.063164274699129e-06,56.5702884212879
3604.888916015625,4.730667864847074e-07,1.6108519173282347e-06,56.57529915955981
3609.6572875976562,4.247820909094183e-07,1.4464364549301384e-06,56.576028073909434
3633.4991455078125,3.4387261253715936e-07,1.1709295030799185e-06,56.579168960252936
3638.2675170898438,3.616294500924909e-07,1.231393768673877e-06,56.57974171875393
3643.035888671875,3.839556391175654e-07,1.3074172508230226e-06,56.5803470184698
3652.5726318359375,6.63424496668616e-07,2.2590438665169446e-06,56.58191429495814
3662.109375,3.7668521763936935e-07,1.2826605511084568e-06,56.58354155658402
3666.8777465820312,3.905060043591237e-07,1.3297220684724974e-06,56.58416439713625
3671.6461181640625,3.8136099907962924e-07,1.2985821751015925e-06,56.584791033699446
3676.4144897460938,4.39929086452212e-07,1.4980138801668185e-06,56.585457794157264
3685.9512329101562,3.747483035537433e-07,1.2760651149931557e-06,56.586791128071766
3700.25634765625,4.3285893792943796e-07,1.4739391350587637e-06,56.58874193954342
3705.0247192382812,4.270191539401977e-07,1.4540539359608675e-06,56.58944002749104
3728.8665771484375,5.029505172916311e-07,1.7126097799441297e-06,56.59313121626843
3733.6349487304688,4.7123823727551095e-07,1.6046254772489155e-06,56.593922106785
3738.4033203125,4.643170171410363e-07,1.5810578520374386e-06,56.59468163287783
3767.0135498046875,6.373410762567051e-07,2.1702265388554024e-06,56.60030469743526
3771.7819213867188,7.504945824175967e-07,2.555528461457353e-06,56.60143140522762
3776.55029296875,8.238308450218748e-07,2.8052476609463394e-06,56.6027095138536
3786.0870361328125,6.852066034410544e-07,2.333214680153139e-06,56.605077375795474
3800.3921508789062,8.001771022088939e-07,2.7247036911499925e-06,56.608651838934364
3805.1605224609375,8.471567437537436e-07,2.884675280405415e-06,56.6099892190984
3824.2340087890625,8.177651743345577e-07,2.784593289226117e-06,56.61540649011209
3829.0023803710938,9.208132605876353e-07,3.1354849858325562e-06,56.6168179467626
3833.770751953125,8.980253763596822e-07,3.0578893734387477e-06,56.618294562277185
3838.5391235351562,8.442770826268088e-07,2.87486967202177e-06,56.61970904225896
3867.1493530273438,1.159353979837453e-06,3.947746142063287e-06,56.62940117782167
3871.917724609375,1.2451083970404132e-06,4.239750720100219e-06,56.63135322918994
3890.9912109375,1.4993747535339818e-06,5.105559649349514e-06,56.64013949119246
3900.5279541015625,1.494481104133865e-06,5.088896157546407e-06,56.64497396195536
3905.2963256835938,1.3087701250909415e-06,4.4565269124274245e-06,56.64724976816062
3933.9065551757812,2.0389152599989945e-06,6.942762945259843e-06,56.66425062429686
3938.6749267578125,2.038831626473853e-06,6.942478162586073e-06,56.66756112375227
3943.4432983398438,2.1265232455334777e-06,7.24107915663489e-06,56.67094274733493
3952.9800415039062,1.8879983893703748e-06,6.428872016209917e-06,56.67733794981194
3972.0535278320312,2.739104367558718e-06,9.326994936658351e-06,56.69202699558532
3976.8218994140625,2.906618014790805e-06,9.897399977831487e-06,56.69661044850493
3991.1270141601562,2.3974731882265314e-06,8.163697795602035e-06,56.70954735769658
4005.43212890625,3.0550165178548033e-06,1.0402715548526301e-05,56.723225831244605
4010.2005004882812,3.1754581674041735e-06,1.0812834516176654e-05,56.72828401254589
4029.2739868164062,2.979693142260159e-06,1.0146229979336611e-05,56.74925839181883
4043.5791015625,4.1977471936922005e-06,1.4293857249343985e-05,56.76687060355169
4048.3474731445312,4.075209274416841e-06,1.387660021957678e-05,56.77358696399407
4062.652587890625,6.244575036686125e-06,2.126356353506346e-05,56.801226693349314
4076.9577026367188,4.436416668197774e-06,1.5106556833417308e-05,56.82715098483013
4081.72607421875,4.876341730597646e-06,1.6604557011179703e-05,56.834711503534685
4115.104675292969,3.6567810614388326e-06,1.2451799518287977e-05,56.88268227469122
4119.873046875,3.3456250964832655e-06,1.1392274315807935e-05,56.88836714489474
4148.4832763671875,2.8245038484097854e-06,9.617790911767934e-06,56.918136749628445
4153.251647949219,2.7649476069742045e-06,9.414994417813544e-06,56.92267451926306
4181.861877441406,2.2932987173681417e-06,7.808970617721166e-06,56.947337756631725
4186.6302490234375,2.472091781971396e-06,8.417783493935323e-06,56.951206516290455
4191.398620605469,2.632957015656151e-06,8.965549850643857e-06,56.95535102592652
4220.008850097656,2.145973466538684e-06,7.307309605894527e-06,56.978348919625745
4224.7772216796875,2.4287430957427245e-06,8.270175764286831e-06,56.982062881553674
4229.545593261719,2.4033478723890955e-06,8.18370183418036e-06,56.98598579167141
4243.8507080078125,1.9316614060336425e-06,6.577550080529347e-06,56.99684573773005
4258.155822753906,2.097157705429059e-06,7.141085798546727e-06,57.00732737920837
4262.9241943359375,2.226372342459954e-06,7.5810778921679895e-06,57.01083741655681
4281.9976806640625,1.9824064980723065e-06,6.7503435023903475e-06,57.025013428109084
4296.302795410156,2.5049971805323213e-06,8.529830515363723e-06,57.036508255327966
4301.0711669921875,2.32338041200288e-06,7.911402572073593e-06,57.04042815075935
4324.913024902344,2.212357345848885e-06,7.533355065693426e-06,57.05974917668944
4334.449768066406,2.63730599147744e-06,8.980358660393945e-06,57.067804030757266
4339.2181396484375,2.3336125870802123e-06,7.946244415366457e-06,57.07183964741161
4363.059997558594,2.048173794634534e-06,6.974289420369486e-06,57.091132171186786
4372.596740722656,2.6372718275590702e-06,8.980242327954253e-06,57.098824390279255
4377.3651123046875,2.5462084999729405e-06,8.670160242229242e-06,57.1030325741806
4382.133483886719,2.414273291736579e-06,8.220904261419621e-06,57.10705971777907
4405.975341796875,2.9943806447497683e-06,1.0196242772925356e-05,57.12931924945682
4410.743713378906,2.9372634115755108e-06,1.000175140891536e-05,57.13413482653037
4415.5120849609375,2.920642621393864e-06,9.945155527537664e-06,57.13889053973963
4439.353942871094,3.846581022871033e-06,1.3098092262815222e-05,57.16578610398487
4453.6590576171875,3.7365619187280274e-06,1.2723463373375686e-05,57.18396220737082
4458.427429199219,3.9963651528172786e-06,1.360812606734876e-05,57.190240147510764
4467.964172363281,4.300278001768798e-06,1.4642987548688598e-05,57.203930329120844
4491.8060302734375,2.106786240789223e-06,7.1738721726678875e-06,57.22816248508566
4496.574401855469,1.769388513422493e-06,6.0249904681002485e-06,57.23130933916223
4510.8795166015625,2.0119559836234023e-06,6.85096321786383e-06,57.240635361084266
4525.184631347656,1.5999943476844768e-06,5.448182024854951e-06,57.249510158908755
4529.9530029296875,1.6220982472197625e-06,5.523448583328501e-06,57.25212599948879
4534.721374511719,1.4855178865589861e-06,5.058375274177667e-06,57.2546489028972
4544.258117675781,1.6542822832273485e-06,5.633039274519113e-06,57.25977268368514
4563.331604003906,1.2277859832445854e-06,4.180765722055626e-06,57.26930068592059
4568.0999755859375,1.2526065623195046e-06,4.2652829161058214e-06,57.271314380835925
4572.868347167969,1.1881089088434314e-06,4.045660292549553e-06,57.273295864106736
4577.63671875,1.243418707033952e-06,4.23399711307398e-06,57.27526988826083
4611.015319824219,9.99744842210809e-07,3.4042569504429907e-06,57.287920135095206
4615.78369140625,1.0101296900009514e-06,3.439618663528408e-06,57.28955184219464
4649.162292480469,6.236231343351963e-07,2.1235152209667295e-06,57.2989405960929
4653.9306640625,6.06664481119179e-07,2.065768873455586e-06,57.29993939925414
4658.699035644531,6.476725923505529e-07,2.205406650806086e-06,57.30095772685373
4682.5408935546875,4.6501284317346626e-07,1.5834272272091682e-06,57.305258116232615
4692.07763671875,5.015221199593117e-07,1.7077459073426074e-06,57.30682211808754
4696.846008300781,4.418981620154768e-07,1.5047188301592268e-06,57.30758802936566
4711.151123046875,4.633291477687177e-07,1.5776940325558513e-06,57.3097262053886
4734.992980957031,3.702018179413372e-07,1.2605837595586067e-06,57.31315673415758
4739.7613525390625,4.1384151879560905e-07,1.409182430615398e-06,57.313793256019174
4768.37158203125,3.0899454540302906e-07,1.052165297008282e-06,57.31722839262423
4773.139953613281,3.398528781214317e-07,1.1572418017326276e-06,57.317755156325376
4777.9083251953125,3.5520629353809665e-07,1.2095221126063887e-06,57.3183194368149
4816.0552978515625,2.7357905886605484e-07,9.315711102653887e-07,57.32232142672362
4820.823669433594,2.7432557121408966e-07,9.341130787178282e-07,57.32276624049702
4825.592041015625,2.647183194294881e-07,9.01399177848821e-07,57.32320386072114
4849.433898925781,3.1346587089448946e-07,1.0673907227762574e-06,57.32560448128119
4858.970642089844,3.083847261220224e-07,1.050088785644352e-06,57.32658646667134
4863.739013671875,3.6067090690081553e-07,1.2281298085264611e-06,57.32712963631143
4873.2757568359375,7.777113359971961e-07,2.6482049311223083e-06,57.32919142349135
4882.8125,3.392094595320755e-07,1.1550508804971491e-06,57.330760266906196
4901.885986328125,4.298796232090021e-07,1.4637941936533424e-06,57.333131949760464
4906.654357910156,4.0868370356059866e-07,1.3916194209137862e-06,57.3338127334172
4911.4227294921875,3.803608576863999e-07,1.2951765678450472e-06,57.334453315499175
4944.801330566406,5.290776249687355e-07,1.8015758682392872e-06,57.33943056058969
4949.5697021484375,5.057938079898824e-07,1.7222915424428964e-06,57.34027071605068
4954.338073730469,4.92189181373537e-07,1.6759660774227834e-06,57.34108092380383
4987.7166748046875,8.300599974066003e-07,2.8264587084113875e-06,57.347895006268246
4992.485046386719,8.033578135055704e-07,2.735534413232158e-06,57.349221088765276
4997.25341796875,7.147597361025975e-07,2.4338468144964813e-06,57.350453565292426
5006.7901611328125,8.350255445749947e-07,2.8433670211598464e-06,57.35298646156747
5035.400390625,7.425170475990607e-07,2.5283639518677395e-06,57.36056209832786
5040.168762207031,7.247410710116081e-07,2.467834515461818e-06,57.36175328486735
5049.705505371094,7.440951844755332e-07,2.5337377064535613e-06,57.364016599590094
5059.242248535156,6.128818629507855e-07,2.086939840706589e-06,57.36615817135478
5078.315734863281,6.962792408185918e-07,2.370918403303999e-06,57.37042698523073
5083.0841064453125,6.962370642855303e-07,2.3707747869033357e-06,57.37155749298367
5121.2310791015625,9.501070051238205e-07,3.2352338709793744e-06,57.38233183956854
5125.999450683594,1.0078643941135299e-06,3.4319050460692657e-06,57.38392140935583
5164.146423339844,1.3938191059947655e-06,4.746129391125569e-06,57.39898124703341
5168.914794921875,1.2613819719572839e-06,4.295164289823472e-06,57.401136859426046
5173.683166503906,1.2473382792848578e-06,4.247343749650172e-06,57.40317355205479
5207.061767578125,1.6335098522184312e-06,5.562306533869681e-06,57.42060406353525
5211.830139160156,1.5687783386296336e-06,5.341887587211196e-06,57.42320382600384
5216.5985107421875,1.813960793621288e-06,6.1767646891387855e-06,57.42595008671273
5245.208740234375,1.7127699263314608e-06,5.832197056730725e-06,57.44463337381407
5259.513854980469,2.5378676192830406e-06,8.641758494240609e-06,57.45546949548134
5264.2822265625,2.5838525252443635e-06,8.798342883701546e-06,57.45962753967125
5278.587341308594,3.9834684121482674e-06,1.35642110430277e-05,57.475692337108505
5307.197570800781,2.8038778108059643e-06,9.547556659078386e-06,57.50705234736968
5311.9659423828125,2.7335214421352185e-06,9.307984373288276e-06,57.511547858670816
5316.734313964844,2.814354577546651e-06,9.583231367753333e-06,57.516051875485296
5345.344543457031,1.8972316324614409e-06,6.460312370429083e-06,57.53948111174076
5354.881286621094,2.1279742115829094e-06,7.246019878557208e-06,57.546008371260996
5359.649658203125,2.009981901369741e-06,6.844241219460805e-06,57.54936775129115
5378.72314453125,1.602149699330399e-06,5.455521268341372e-06,57.56139654042052
5402.565002441406,1.6840503798581856e-06,5.734403388219253e-06,57.575472234165815
5407.3333740234375,1.8391158929490644e-06,6.262420966730873e-06,57.57833249998225
5426.4068603515625,1.3978118351875367e-06,4.759725136291577e-06,57.5883615584315
5450.248718261719,1.5271985055708845e-06,5.200303025118844e-06,57.60079353858954
5455.01708984375,1.4586584405851224e-06,4.966915481857686e-06,57.60321759237939
5493.1640625,1.57487822954506e-06,5.362658483112859e-06,57.62134402164575
5497.932434082031,1.2346414925010843e-06,4.204109593461507e-06,57.62362491689716
5502.7008056640625,1.3924882431293276e-06,4.741597635653109e-06,57.625757739703786
5507.469177246094,1.4440106749330992e-06,4.9170379971996094e-06,57.62806053788743
5521.7742919921875,1.259046420323007e-06,4.2872114427084795e-06,57.63477819854579
5545.616149902344,1.3030463535192377e-06,4.437036750205e-06,57.645521151608136
5550.384521484375,1.5426091805780086e-06,5.252778312101077e-06,57.64783138354704
5559.9212646484375,1.251538863523811e-06,4.261647267395515e-06,57.652328472755975
5574.226379394531,1.673448430560287e-06,5.698302417189682e-06,57.65942365961495
5593.299865722656,1.5114090598995649e-06,5.146537976377639e-06,57.669553441659005
5598.0682373046875,1.664879274626693e-06,5.669123363280429e-06,57.67213209626766
5636.2152099609375,4.522819136013165e-06,1.540076810531097e-05,57.703493945656504
5640.983581542969,4.249627940042102e-06,1.4470517716994169e-05,57.71061581517819
5645.751953125,3.2518833971905332e-06,1.1073072037496676e-05,57.71670588155261
5650.520324707031,2.910365555248718e-06,9.91016082451183e-06,57.721708674116535
5674.3621826171875,3.061650311053106e-05,0.00010425304448863294,57.84083943185411
5693.4356689453125,1.224519800468767e-05,4.1696439588351134e-05,57.991801532920086
5698.204040527344,6.497504895598042e-06,2.212482152192277e-05,58.00701770731046
5731.5826416015625,2.3576474343724827e-06,8.02808609385575e-06,58.04845422004896
5741.119384765625,2.6900604836678772e-06,9.159994342543848e-06,58.05664824712432
5745.887756347656,2.53251155431642e-06,8.623520419264075e-06,58.060888167445256
5788.8031005859375,8.968009488544649e-07,3.053720043756854e-06,58.081986336397996
5793.571472167969,1.00495581208584e-06,3.42200095838045e-06,58.08353026859798
5798.33984375,1.1617858219414157e-06,3.956026870340402e-06,58.08528932750948
5807.8765869140625,1.3417510577700142e-06,4.568831137029916e-06,58.089301804733736
5817.413330078125,1.0330250590640129e-06,3.5175802753067955e-06,58.093150321597605
5846.0235595703125,1.1635525572191593e-06,3.962042826207253e-06,58.10492775644073
5850.791931152344,1.0334072986982943e-06,3.518881849345287e-06,58.10671134787224
5898.475646972656,5.229956747221274e-07,1.7808660625717948e-06,58.1178638550887
5903.2440185546875,4.7457134669558145e-07,1.6159751341121307e-06,58.11867372514025
5931.854248046875,4.399329614764302e-07,1.4980270751117395e-06,58.12342401931524
5946.159362792969,5.36516157173795e-07,1.8269050061262805e-06,58.125879018490664
5950.927734375,5.039419755914614e-07,1.7159858201753631e-06,58.12672370948738
5984.306335449219,4.816204066586238e-07,1.6399780700214679e-06,58.13242478774458
5993.843078613281,5.530649113178233e-07,1.8832555957341251e-06,58.134118113985366
5998.6114501953125,5.049994999548125e-07,1.719586823663653e-06,58.13497709855573
6003.379821777344,4.849391535851558e-07,1.6512788207874575e-06,58.13578077555302
6055.8319091796875,8.101296503484404e-07,2.7585933695440773e-06,58.14714564
6060.600280761719,9.359680414886569e-07,3.18708892119336e-06,58.14856320112354
6070.137023925781,8.685304187899556e-07,2.957455332601165e-06,58.15157513019855
6089.210510253906,1.9837505565411534e-06,6.7549201905523545e-06,58.15931554279155
6108.283996582031,1.017024503950511e-06,3.4630963723584875e-06,58.16716228035988
6113.0523681640625,1.2395328795069269e-06,4.2207653815275135e-06,58.16899425576126
6127.357482910156,1.1718833273486065e-06,3.990410146465689e-06,58.1748247568119
6160.736083984375,1.61917143450146e-06,5.513482417844823e-06,58.19042063567843
6165.504455566406,1.6574234393058693e-06,5.643735306107617e-06,58.1930807236749
6170.2728271484375,1.612247616913514e-06,5.48990594797753e-06,58.19573519060294
6208.4197998046875,3.1261127089341405e-06,1.0644807022683484e-05,58.2229753590207
6213.188171386719,2.7767215442815616e-06,9.455086155445334e-06,58.22776754699232
6217.95654296875,2.5533057094179896e-06,8.694327133181766e-06,58.232094704320126
6227.4932861328125,3.193397190772123e-06,1.0873919147380607e-05,58.24163307330614
6270.408630371094,2.1456002492085215e-06,7.30603875393652e-06,58.28160996568697
6275.177001953125,1.8931935149933163e-06,6.4465620724758876e-06,58.28488884123496
6279.945373535156,2.1951315908624985e-06,7.474699203054158e-06,58.28820792856757
6289.482116699219,1.6850954173449503e-06,5.737961872321982e-06,58.2942652697528
6327.629089355469,1.841485879445255e-06,6.270491068882409e-06,58.31796981208289
6332.3974609375,2.1236738207583194e-06,7.231376506832621e-06,58.32118890816551
6337.165832519531,2.3386012434824017e-06,7.963231417963009e-06,58.32481158499694
6361.0076904296875,1.8644680397041094e-06,6.348748215600354e-06,58.34223748416171
6380.0811767578125,2.2597942615974032e-06,7.694883731135062e-06,58.356202385378694
6384.849548339844,1.8563330860494698e-06,6.321047675071335e-06,58.359544043829345
6389.617919921875,1.6913609173386118e-06,5.759296687967798e-06,58.36242422236744
6437.3016357421875,2.4978207043690524e-06,8.505393711264317e-06,58.399879222793615
6442.070007324219,2.690009523355231e-06,9.159820816268744e-06,58.4040909381408
6461.143493652344,2.4591473659079775e-06,8.373706128898988e-06,58.421575196985266
6494.5220947265625,4.754862832455483e-06,1.61909060815904e-05,58.459177415790485
6499.290466308594,4.151510493710341e-06,1.4136415469568739e-05,58.466408012702665
6546.974182128906,3.1823292103610993e-06,1.0836231281786548e-05,58.524181925274064
6551.7425537109375,3.380087432603546e-06,1.1509622905480608e-05,58.5295095920782
6556.510925292969,3.4969656128873974e-06,1.1907607812015921e-05,58.53509269495236
6561.279296875,3.2819329920158473e-06,1.1175394687960023e-05,58.5405961116098
6594.657897949219,4.060349779352403e-06,1.382600176963497e-05,58.58084295214982
6608.9630126953125,3.778497444854598e-06,1.2866259115108315e-05,58.599490347377966
6613.731384277344,4.162367392695627e-06,1.4173384576355212e-05,58.6059371008063
6647.1099853515625,3.017534298619789e-06,1.0275083876962327e-05,58.64827102302049
6666.1834716796875,3.2399532953338424e-06,1.1032448539929715e-05,58.66910553497273
6670.951843261719,2.6922205898743695e-06,9.16734977590711e-06,58.673921542185326
6718.635559082031,1.9633991636470503e-06,6.685621137648276e-06,58.71254611306432
6728.172302246094,2.495795712408902e-06,8.498498358906521e-06,58.71977355197373
6732.940673828125,2.1450513897062855e-06,7.304169818287728e-06,58.72354120166655
6752.01416015625,2.4021278712296398e-06,8.179547576762595e-06,58.73854058465652
6775.856018066406,1.6723911626790305e-06,5.694702287055189e-06,58.75522014633997
6785.392761230469,2.1038541948905166e-06,7.163888187546628e-06,58.761515450497114
6790.1611328125,2.004489199048048e-06,6.8255378771019804e-06,58.76485078958189
6799.6978759765625,1.807294933816539e-06,6.154066597973029e-06,58.77107012463247
6847.381591796875,2.1408454497061408e-06,7.2898480635018e-06,58.803105059919545
6852.149963378906,2.157878956026882e-06,7.347849295250661e-06,58.80659495892515
6861.686706542969,2.0064598923212923e-06,6.832248335600369e-06,58.813272009217066
6899.833679199219,3.085250195343825e-06,1.0505665023616216e-05,58.84545473963038
6904.60205078125,2.7658828124029166e-06,9.4181789099423e-06,58.850204954191256
6909.370422363281,2.7060253051063033e-06,9.214356567833413e-06,58.85464729682492
6914.1387939453125,2.5706112271051657e-06,8.753254597850957e-06,58.85893110914889
6957.054138183594,4.646755583560234e-06,1.582278729977095e-05,58.90543053572556
6966.590881347656,4.6459608264514136e-06,1.5820081051839093e-05,58.92047917628989
6971.3592529296875,6.121019803548141e-06,2.0842842423621212e-05,58.92922029841061
7023.811340332031,0.00012035511810203032,0.00040982431718695377,59.543563452210805
7028.5797119140625,0.0001171622877012589,0.00039895232803082483,59.736390830774155
7033.348083496094,0.00012775642056861246,0.0004350266831311236,59.935226921615914
7061.958312988281,0.00044288465865458367,0.0015080779753115457,62.37198463526173
7090.568542480469,0.00017473172979482282,0.0005949835202965961,64.83595230602992
7095.3369140625,0.0001420959366820627,0.0004838545393341656,65.09316734328776
7152.557373046875,2.161417024348544e-05,7.359896862956562e-05,66.51193548725391
7157.325744628906,2.1758804101120108e-05,7.40914651090007e-05,66.54714763061276
7209.77783203125,1.1976454822965032e-05,4.078133524808734e-05,66.88098651259908
7214.546203613281,1.201321332111205e-05,4.090650255830633e-05,66.90046241081876
7219.3145751953125,1.1428208215935328e-05,3.8914486584571945e-05,66.91949321763269
7233.619689941406,1.1915564833209623e-05,4.0573997173325316e-05,66.97517294484351
7252.693176269531,9.364830362856901e-06,3.1888425432609324e-05,67.04318191288495
7281.303405761719,1.1076691346692454e-05,3.771752742580123e-05,67.14240867330113
7286.07177734375,1.140905409467437e-05,3.884926439218929e-05,67.16066361901275
7305.145263671875,1.581759043253455e-05,5.3860885193606155e-05,67.24350395382393
7343.292236328125,1.3947982769471374e-05,4.749463591393022e-05,67.4245165432562
7348.060607910156,1.408206556414519e-05,4.7951204696714605e-05,67.44727260495574
7357.597351074219,1.3836090526296313e-05,4.711362875045536e-05,67.49383388500071
7381.439208984375,1.692921106062403e-05,5.764609326835955e-05,67.6176525398167
7410.0494384765625,1.6670036967888126e-05,5.6763572879837344e-05,67.76635110055855
7414.817810058594,1.671415788969074e-05,5.6913810168758336e-05,67.79345390070098
7424.354553222656,2.215839352521251e-05,7.54521173643121e-05,67.85481451953993
7472.038269042969,1.4186013998414106e-05,4.830516219157409e-05,68.1618438944385
7476.806640625,1.36134153036914e-05,4.6355391606097714e-05,68.18441272917191
7538.795471191406,6.016826504818656e-06,2.0488051134470818e-05,68.36978866552144
7543.5638427734375,5.736648563885894e-06,1.953401000066316e-05,68.37933066847
7553.1005859375,7.110214869548959e-06,2.4211176058962062e-05,68.39856243295266
7605.552673339844,3.5751510837876125e-06,1.2173839175757822e-05,68.48962305710825
7610.321044921875,3.6748292527637893e-06,1.2513255880118301e-05,68.4955089192336
7615.089416503906,4.452961882318385e-06,1.5162895368800102e-05,68.50210742788938
7658.0047607421875,3.152985242560385e-06,1.0736311380106182e-05,68.55896498411272
7672.309875488281,3.863151037089378e-06,1.315451524565052e-05,68.57633816632932
7677.0782470703125,3.7323159884699587e-06,1.270900544673096e-05,68.58250451018336
7710.456848144531,4.518533866671001e-06,1.5386176224136247e-05,68.62488727941202
7739.067077636719,3.213125657677342e-06,1.0941097058931676e-05,68.66449880015546
7743.83544921875,3.3456245879222424e-06,1.1392272584093677e-05,68.66982349041231
7748.603820800781,3.611439235271585e-06,1.2297404896421967e-05,68.67547154965659
7781.982421875,2.658353665102478e-06,9.05202863677536e-06,68.71107247032138
7810.5926513671875,3.182667994658409e-06,1.0837384884936195e-05,68.7397371530713
7815.361022949219,3.086191263679037e-06,1.050886947967913e-05,68.74482649670605
7877.349853515625,1.9681268216981496e-06,6.701719408027128e-06,68.79688478825182
7882.118225097656,1.8449937463537283e-06,6.282435796977222e-06,68.79998045208663
7934.5703125,1.3141492266384656e-06,4.474843429859815e-06,68.82770313274197
7948.875427246094,1.325614320268882e-06,4.51388351592069e-06,68.83422066599039
7953.643798828125,1.2886854653326503e-06,4.38813611940443e-06,68.83634307286299
7958.412170410156,1.3029378014383307e-06,4.436667116714223e-06,68.8384470699114
7977.485656738281,1.0021145872316931e-06,3.4123262303407317e-06,68.84601856107496
8020.4010009765625,1.207644621030533e-06,4.11218185003789e-06,68.86220357612135
8025.169372558594,1.2406596917894964e-06,4.224602319096803e-06,68.86419122035723
8029.937744140625,1.046851100764917e-06,3.5646596865427004e-06,68.86604832513686
8072.853088378906,1.4370025811555863e-06,4.893174556305334e-06,68.88335446397825
8087.158203125,1.4266398610478985e-06,4.857888190762222e-06,68.89017402165733
8091.926574707031,1.5108055457631156e-06,5.1444829348240815e-06,68.89255877276874
8120.536804199219,1.7852437366611676e-06,6.0789794977327735e-06,68.90848771341986
8158.683776855469,9.557283993129488e-07,3.254375425335586e-06,68.92506232542421
8163.4521484375,1.0087700538399173e-06,3.4349889313649106e-06,68.92665719416924
8187.294006347656,8.322721888432715e-07,2.83399149853546e-06,68.93464872390656
8230.209350585938,1.0522371452655684e-06,3.5829998456038773e-06,68.94785504822362
8234.977722167969,1.374461753616058e-06,4.680215171221553e-06,68.94982515220673
8301.734924316406,6.366454592313882e-07,2.1678578753791847e-06,68.97499262716384
8306.503295898438,6.588638516297309e-07,2.243514296454052e-06,68.97604438024894
8311.271667480469,5.814722733357402e-07,1.979986236903917e-06,68.97705134124493
8358.955383300781,3.9880305777287476e-07,1.3579745790726e-06,68.98507034474845
8378.028869628906,4.5569701847173273e-07,1.551705672217342e-06,68.98786340748555
8382.797241210938,4.234851737527824e-07,1.4420202888663424e-06,68.98857716737542
8440.017700195312,4.961585557047195e-07,1.68948229634716e-06,68.99717271694284
8454.322814941406,4.067497637568019e-07,1.3850341126022628e-06,68.99940656178451
8459.091186523438,3.9752648372363855e-07,1.3536276838485572e-06,69.00005950963866
8525.848388671875,7.97151883057299e-07,2.7144024393819355e-06,69.01308144855048
8530.616760253906,6.694381493935653e-07,2.279521110531715e-06,69.0142720927074
8535.385131835938,6.279882784856156e-07,2.1383790859113985e-06,69.01532540219483
8602.142333984375,8.969086981179889e-07,3.0540869435534516e-06,69.03217710040515
8606.910705566406,8.495719660182206e-07,2.8928994160383916e-06,69.03359497244294
8659.36279296875,1.260583367484479e-06,4.292444941133271e-06,69.05230805951862
8678.436279296875,1.2362804559989443e-06,4.209690470344827e-06,69.05993215675309
8683.204650878906,1.1555660425149976e-06,3.934847738977461e-06,69.0618739659804
8711.814880371094,7.451833497689129e-07,2.537443046163069e-06,69.07100296840356
8754.730224609375,8.37837706436023e-07,2.852942786052022e-06,69.0828544928889
8759.498596191406,8.695799604782374e-07,2.9610291540766647e-06,69.0842406518178
8821.487426757812,6.710201834080675e-07,2.2849081353627676e-06,69.10033857971452
8831.024169921875,7.048156394788467e-07,2.3999859145768373e-06,69.10266668111795
8835.792541503906,8.543447272703612e-07,2.9091512684905382e-06,69.1039324780614
8859.634399414062,8.4651392342485e-07,2.8824863963220696e-06,69.11151386439793
8893.013000488281,1.1161371957161392e-06,3.80058755568295e-06,69.12266107952635
8907.318115234375,1.0154269241058163e-06,3.457656412020045e-06,69.12731739604683
8912.086486816406,1.3600488790741332e-06,4.631137520341446e-06,69.12924591480284
8935.928344726562,1.5894981053641657e-06,5.412440999381455e-06,69.14084192627719
8988.380432128906,1.0656843634453347e-06,3.6287893150962744e-06,69.16334897361305
8993.148803710938,1.055127394192027e-06,3.592841506776791e-06,69.1650707445724
9064.674377441406,6.648967310611743e-07,2.264057009823055e-06,69.18686522164265
9069.442749023438,7.565883906663933e-07,2.576278645113973e-06,69.18801924759187
9074.211120605469,7.460244631311321e-07,2.540307142969123e-06,69.18923913670531
9107.589721679688,7.778953424521187e-07,2.6488314962483774e-06,69.19763651059586
9140.968322753906,6.227874920941731e-07,2.1206697540165867e-06,69.20529725712085
9145.736694335938,6.794495562772851e-07,2.313611210353835e-06,69.20635447208771
9150.505065917969,6.103354027752839e-07,2.078268823477525e-06,69.20740157788495
9155.2734375,5.899072256956037e-07,2.0087083107625044e-06,69.20837598916613
9179.115295410156,7.57277348032955e-07,2.5786246316143787e-06,69.21397471743184
9226.799011230469,7.451682951731589e-07,2.537391783370736e-06,69.22471229199094
9231.5673828125,6.30382853333173e-07,2.146532914492426e-06,69.22582902666203
9236.335754394531,5.43968736392296e-07,1.8522819758610835e-06,69.22678241842628
9293.556213378906,9.10570925725164e-07,3.1006085471932457e-06,69.24110105897218
9307.861328125,8.850604497479498e-07,3.013742167405284e-06,69.2452335591731
9312.629699707031,9.922873425032829e-07,3.3788632258240846e-06,69.24675767506771
9336.471557617188,1.2153408340824239e-06,4.138388423623258e-06,69.25506229690005
9393.692016601562,5.109798948215696e-07,1.7399508204876131e-06,69.26933201886372
9398.460388183594,4.956863102849465e-07,1.687874241286809e-06,69.27014927604436
9436.607360839844,4.206976638089447e-07,1.4325284668532838e-06,69.27629620674178
9450.912475585938,5.273995646302076e-07,1.7958618616953137e-06,69.27854094362223
9474.754333496094,4.524104145697391e-07,1.5405143724933314e-06,69.28254769669404
9479.522705078125,4.470164556707172e-07,1.5221472639101124e-06,69.28327789212968
9484.291076660156,4.691788853099109e-07,1.5976131247502524e-06,69.28402170096867
9555.816650390625,2.452542092975922e-07,8.351214343656267e-07,69.29243467033442
9560.585021972656,2.593198067127138e-07,8.830165629433084e-07,69.29284430635444
9589.195251464844,2.767656946117268e-07,9.424220058416484e-07,69.29545246420639
9641.647338867188,2.7117478913865735e-07,9.233842693989402e-07,69.30024689366246
9646.415710449219,2.7529170820976996e-07,9.37402896723142e-07,69.3006905398946
9698.867797851562,2.605706471770118e-07,8.87275832073485e-07,69.30544619289464
9727.47802734375,3.493920944058308e-07,1.1897240331649326e-06,69.30835035162342
9732.246398925781,3.446837866128606e-07,1.173691652849172e-06,69.3089138338331
9741.783142089844,5.387714565447992e-07,1.834584584189512e-06,69.3102092961657
9765.625,3.1330407787348504e-07,1.0668397971870144e-06,69.31314523562123
9813.308715820312,3.8379946996390805e-07,1.3068854752095499e-06,69.31926351088246
9818.077087402344,4.0758601316372014e-07,1.387881647028657e-06,69.31990599343075
9837.150573730469,3.4326848269295985e-07,1.1688723649640186e-06,69.32244704569442
9880.06591796875,5.770076987880211e-07,1.9647837989486143e-06,69.32971297666842
9899.139404296875,5.126311147034329e-07,1.7455734319002532e-06,69.33313178795316
9903.907775878906,5.4211280126903e-07,1.8459622832993515e-06,69.33398807679517
9927.749633789062,3.860961521948573e-07,1.3147059671166432e-06,69.33786144638628
9980.201721191406,5.537783816628298e-07,1.8856850520097404e-06,69.34633877168712
9984.970092773438,4.800954674150806e-07,1.6347854600677567e-06,69.34717811726438
9989.738464355469,4.4048373742636403e-07,1.4999025365060216e-06,69.34792548512243
10056.495666503906,7.865932630314559e-07,2.6784490099743105e-06,69.36073821250982
10075.569152832031,7.013243471647409e-07,2.3880976250608447e-06,69.36549072500497
10080.337524414062,7.10201482646029e-07,2.418325388072226e-06,69.36663666555033
10089.874267578125,6.492165575194321e-07,2.210664046428929e-06,69.3689279330704
10147.0947265625,1.2866685921588035e-06,4.381268412535299e-06,69.38559154007137
10166.168212890625,1.0099106302007562e-06,3.438872737352157e-06,69.3932549625583
10170.936584472656,1.0797568325990568e-06,3.6767078428083195e-06,69.39495144916971
10232.925415039062,6.123140990781151e-07,2.0850065332983964e-06,69.41282670294243
10251.998901367188,6.303400104117813e-07,2.14638702895567e-06,69.41716715893153
10256.767272949219,7.310335148928256e-07,2.489261078434163e-06,69.41827238356652
10328.292846679688,5.416447552151047e-07,1.8443685276079701e-06,69.43334944274685
10342.597961425781,6.455524125508223e-07,2.1981871718803825e-06,69.43615397209119
10347.366333007812,6.252220595059796e-07,2.1289597623097394e-06,69.43718564431481
10385.513305664062,6.462127881339221e-07,2.20043583381266e-06,69.44466697646405
10433.197021484375,5.147216109177251e-07,1.752691834483498e-06,69.45421631437118
10437.965393066406,5.302003252957698e-07,1.8053988040827164e-06,69.45506462928553
10528.564453125,1.2019448585852203e-06,4.0927734419110506e-06,69.47797386486295
10533.332824707031,1.3101967675766613e-06,4.4613848095555245e-06,69.48001333511867
10595.321655273438,2.3945823926311314e-06,8.153854272952607e-06,69.51569973374416
10619.163513183594,1.5505727381131319e-06,5.279895227282401e-06,69.53237706042653
10623.931884765625,1.3823668984415732e-06,4.707133183778645e-06,69.53475815354973
10633.468627929688,1.8247557340140332e-06,6.213522819123589e-06,69.54000854287794
10700.225830078125,7.347994165040839e-07,2.5020844471513853e-06,69.56461858241364
10714.530944824219,7.455923054514142e-07,2.5388355917064888e-06,69.56832466808963
10719.29931640625,7.80371626140496e-07,2.657263553710945e-06,69.56956351466475
10790.824890136719,3.887437181170571e-07,1.3237212621317928e-06,69.58251715969281
10809.898376464844,4.0028861934991673e-07,1.3630331031183682e-06,69.58519577759472
10814.666748046875,3.7355640276659525e-07,1.2720065428779802e-06,69.585824020003
10824.203491210938,4.5794717516703497e-07,1.559367738822886e-06,69.58717437106739
10895.729064941406,3.1167435514996084e-07,1.0612903863027499e-06,69.59628651990887
10905.265808105469,3.631947908636581e-07,1.2367239509114504e-06,69.59737502789484
10910.0341796875,3.2915502528690803e-07,1.1208142670966809e-06,69.59793710880695
10957.717895507812,4.5661675799734975e-07,1.5548375010005293e-06,69.604175083794
11000.633239746094,3.7818173472799015e-07,1.2877563800492977e-06,69.60954513193472
11005.401611328125,3.789166176159308e-07,1.290258748727191e-06,69.61015977863863
11038.780212402344,2.851453874364272e-07,9.709559140316429e-07,69.61378158177614
11096.000671386719,3.8955515963505016e-07,1.326484322575693e-06,69.6202186908464
11100.76904296875,3.3531346330045997e-07,1.141784523232382e-06,69.62080717199746
11153.221130371094,2.7930955926909153e-07,9.510841850049536e-07,69.626433728973
11177.06298828125,4.105783361343728e-07,1.398070883162437e-06,69.62937898185766
11196.136474609375,3.616567738036041e-07,1.2314868093473986e-06,69.63173465208429
11200.904846191406,3.947132847532824e-07,1.344048387468657e-06,69.63234870752633
11210.441589355469,3.6001232714083233e-07,1.2258872615978007e-06,69.63355658984584
11281.967163085938,7.164094311074834e-07,2.4394642335111923e-06,69.64472504491742
11291.50390625,5.724257247363399e-07,1.949181600914072e-06,69.64680760896785
11296.272277832031,6.632091848484212e-07,2.2583107026840707e-06,69.64781075330444
11353.492736816406,9.808729650736327e-06,3.339995834806655e-05,69.70817471943136
11391.639709472656,1.0148139001131774e-06,3.455568988209871e-06,69.76535203455683
11396.408081054688,1.0687039834789833e-06,3.6390715011633845e-06,69.76704352866153
11405.94482421875,1.1659953156285332e-06,3.970360725877507e-06,69.77054159714835
11491.775512695312,5.82916630407864e-07,1.984904454427126e-06,69.79536447256687
11496.543884277344,5.198523193431475e-07,1.7701625420885667e-06,69.7962597503046
11520.3857421875,5.643204951255404e-07,1.9215822744934588e-06,69.80045539926168
11591.911315917969,3.843075757153835e-07,1.3086156392103917e-06,69.8113589364468
11596.6796875,4.427960850929915e-07,1.5077763711922298e-06,69.8120304166281
11601.448059082031,4.5280840482111413e-07,1.5418695793643725e-06,69.8127575088824
11630.058288574219,4.154326826648676e-07,1.4146005437503843e-06,69.817227748137
11687.278747558594,5.745326953458191e-07,1.956356100885322e-06,69.82654552067716
11696.815490722656,5.135800060733815e-07,1.7488045263805406e-06,69.82822634324059
11701.583862304688,5.05579842770342e-07,1.7215629639546465e-06,69.8290537433266
11768.341064453125,7.179665878602996e-07,2.4447665481367734e-06,69.84238275749173
11801.719665527344,4.1061864962067803e-07,1.3982081556545338e-06,69.8487533747213
11806.488037109375,4.016936907899449e-07,1.367817548122363e-06,69.84941284663935
11820.793151855469,4.3424635015496294e-07,1.4786634482159374e-06,69.85143990084704
11878.013610839844,3.014928626466161e-07,1.0266211235499185e-06,69.85859692525281
11906.623840332031,3.0683137217797666e-07,1.0447994200610077e-06,69.8617550074492
11911.392211914062,3.178311319513402e-07,1.0822549858020312e-06,69.86226213673832
11997.222900390625,2.3621987876222522e-07,8.043584024207845e-07,69.87052010876162
12011.528015136719,2.79728371198047e-07,9.525102923074151e-07,69.87181794754703
12016.29638671875,2.887046912635029e-07,9.83075791304794e-07,69.87227942723081
12025.833129882812,3.183873061322165e-07,1.0841488288517418e-06,69.87327835986918
12083.053588867188,2.395184101038056e-07,8.155903165769981e-07,69.87882202891778
12116.432189941406,2.49180973854656e-07,8.484925616490411e-07,69.88180449840365
12121.200561523438,2.435377955194891e-07,8.29276829535236e-07,69.88220450979796
12135.505676269531,2.3115460078412737e-07,7.871104937196668e-07,69.8833923069499
12178.421020507812,4.00976039155166e-07,1.3653738540290876e-06,69.88733544467046
12221.336364746094,2.4835131029307013e-07,8.456674528544688e-07,69.89104693874454
12226.104736328125,2.3058266055102003e-07,7.851629652788218e-07,69.89143575901558
12235.641479492188,2.253268064807321e-07,7.67266121010313e-07,69.8922059802965
12331.008911132812,3.195133154543489e-07,1.0879830322397345e-06,69.90096574235815
12335.777282714844,2.8163891968467306e-07,9.59015950241466e-07,69.90145378494698
12388.229370117188,2.6012194220409146e-07,8.857479351959332e-07,69.90629563638548
12435.9130859375,3.526437076427951e-07,1.2007961852728742e-06,69.91119720578085
12440.681457519531,3.485647807108012e-07,1.1869069259615855e-06,69.91176647856395
12445.449829101562,3.6712770478502237e-07,1.2501160175538658e-06,69.91234751011137
12450.218200683594,3.2289369749014125e-07,1.0994936583061326e-06,69.91290770071174
12540.817260742188,5.03844168663092e-07,1.715652775280661e-06,69.9251932644851
12550.35400390625,4.154884110284026e-07,1.41479030583856e-06,69.92671705309778
12555.122375488281,4.4446278173119227e-07,1.5134516829070948e-06,69.92741520039199
12588.5009765625,7.832141415318816e-07,2.666942676192304e-06,69.93452820766225
12660.026550292969,5.372528433412364e-07,1.829413515197717e-06,69.94858994242465
12664.794921875,4.3822687184288715e-07,1.4922176252922996e-06,69.94938188100146
12702.94189453125,4.931485060974274e-07,1.679232698785704e-06,69.9550761362581
12726.783752441406,3.7053993895078063e-07,1.2617351041296306e-06,69.95869999728903
12769.699096679688,3.7434424085110096e-07,1.2746892306616663e-06,69.96471667931185
12774.467468261719,3.496140745952286e-07,1.1904799036337885e-06,69.9653044214341
12831.687927246094,5.995285319175792e-07,2.041470068758745e-06,69.97414051355693
12884.140014648438,5.705727671783423e-07,1.9428720473366414e-06,69.98387689781049
12888.908386230469,5.095559322325294e-07,1.735102048744824e-06,69.98475379516846
12950.897216796875,4.515796962133664e-07,1.5376856719898223e-06,69.99632683966321
12989.044189453125,6.154270224788324e-07,2.095606429067455e-06,70.00319750997028
12998.580932617188,5.563907481353927e-07,1.8945804884709683e-06,70.00504977914046
13003.349304199219,4.641930425694558e-07,1.580635703025849e-06,70.0058783352469
13036.727905273438,3.4396688461635787e-07,1.171250511368528e-06,70.01043487714517
13113.021850585938,3.870072256126465e-07,1.3178082867125255e-06,70.02049497595384
13117.790222167969,4.1624171392353473e-07,1.4173553969580817e-06,70.02114708979292
13122.55859375,3.608361966761549e-07,1.228692641004088e-06,70.02177795680635
13213.157653808594,6.737006120700224e-07,2.2940353321407454e-06,70.03678685535556
13227.462768554688,6.093119193384029e-07,2.074783733626038e-06,70.03967343915413
13232.231140136719,7.097605428492494e-07,2.416823932596252e-06,70.0407443218718
13236.99951171875,7.865011711913178e-07,2.6781354256739645e-06,70.04195905484258
13341.903686523438,4.877169491888049e-07,1.6607375642501603e-06,70.06414383868372
13346.672058105469,4.250623075759671e-07,1.4473906279295402e-06,70.06488487419097
13394.355773925781,6.343482977432868e-07,2.1600357515412005e-06,70.07226118168808
13446.807861328125,3.944605675864065e-07,1.3431878537249359e-06,70.08033835282535
13461.112976074219,4.444759507338934e-07,1.5134965250178847e-06,70.08239511087969
13465.88134765625,4.6030171810505744e-07,1.5673852537161405e-06,70.08312965033575
13489.723205566406,4.369003805623831e-07,1.4877007556164609e-06,70.08699647203528
13580.322265625,5.773144756268616e-07,1.965828412675801e-06,70.10298327578096
13585.090637207031,6.540434765213822e-07,2.2271003128319406e-06,70.10398294788997
13670.921325683594,5.395798974591684e-07,1.8373374272006124e-06,70.12271725717419
13694.76318359375,8.042780321214658e-07,2.73866787337801e-06,70.12831474019924
13699.531555175781,7.953988830816168e-07,2.7084332539464335e-06,70.12961343031023
13704.299926757812,7.962242013898705e-07,2.7112435666068e-06,70.13090558195697
13709.068298339844,7.508914893274746e-07,2.556879979414318e-06,70.13216160048735
13809.2041015625,1.3807624626449334e-06,4.701669878061386e-06,70.16497673806566
13818.740844726562,1.2930827488441073e-06,4.403109422916397e-06,70.16928168111345
13823.509216308594,1.268760327904338e-06,4.320288519982095e-06,70.17136150125593
13833.045959472656,1.1794888299904643e-06,4.016307839693995e-06,70.17545758459832
13937.950134277344,2.3710624869639075e-06,8.073766035473581e-06,70.2341272879728
13942.718505859375,2.255410318416305e-06,7.679955853126112e-06,70.23788326796104
13947.486877441406,2.4879615206119833e-06,8.471821950337323e-06,70.24173415187491
13952.255249023438,2.3597409905755236e-06,8.035214916085616e-06,70.24566973614978
14047.622680664062,1.9966586951658556e-05,6.798874026346346e-05,70.46726239452822
14066.696166992188,1.7767304352527855e-05,6.049990635508077e-05,70.58843351869591
14071.464538574219,1.9806323771769262e-05,6.744302397566372e-05,70.61893749035146
14119.148254394531,5.056345353802775e-05,0.00017217491991715236,71.16539946687213
14190.673828125,2.167974414528381e-05,7.382225601404578e-05,72.0380215653764
14195.442199707031,2.0899701206738965e-05,7.116611168294522e-05,72.07258948598897
14228.82080078125,3.103581123389035e-05,0.00010568084139545817,72.3736307171854
14314.651489257812,1.1594128867201077e-05,3.947946727408908e-05,72.91887407889332
14319.419860839844,1.1958232740751127e-05,4.071928676590557e-05,72.93799495187724
14352.798461914062,1.3088056144586292e-05,4.4566477581887794e-05,73.08172149052768
14438.629150390625,9.429874477491735e-06,3.210990882515315e-05,73.40578692400783
14443.397521972656,1.020339905491878e-05,3.474385731667159e-05,73.42172610393895
14448.165893554688,1.0882797416212422e-05,3.7057294201666055e-05,73.43884483246181
14457.70263671875,1.1603055970558663e-05,3.950986518400495e-05,73.47430251479393
14567.375183105469,4.158187007577396e-06,1.4159149839156873e-05,73.76159352598775
14572.1435546875,4.1923477285085205e-06,1.4275471391168843e-05,73.76837286797877
14576.911926269531,4.379653526883485e-06,1.4913271196733423e-05,73.77533200651236
14691.352844238281,1.399495633574709e-06,4.765458681613e-06,73.863823411677
14696.121215820312,1.4022427976445398e-06,4.774813120849764e-06,73.86609798972438
14700.889587402344,1.217820769761935e-06,4.146832916575037e-06,73.86822507589588
14710.426330566406,1.3830911602681821e-06,4.709599386406629e-06,73.87245903221155
14824.867248535156,7.160497145353364e-07,2.438239353332553e-06,73.90975307699254
14829.635620117188,6.784289128484499e-07,2.310135791087002e-06,73.91088517784753
14839.17236328125,7.20208449281189e-07,2.4524003682894397e-06,73.91315460351119
14915.46630859375,5.333440968618792e-07,1.8161037417354745e-06,73.92875409272966
14958.381652832031,6.004226197959672e-07,2.0445145504562735e-06,73.9369681223501
14963.150024414062,5.28141441203362e-07,1.798388044751129e-06,73.93788434172647
15029.9072265625,6.702200795822808e-07,2.2821836811870528e-06,73.95062330690213
15091.896057128906,4.533986683239131e-07,1.5438795008434897e-06,73.96156654522827
15096.664428710938,4.3912513860816275e-07,1.4952763366253625e-06,73.96229113644469
15139.579772949219,4.1133829539078494e-07,1.4006586400294525e-06,73.96887260364845
15196.800231933594,4.864806911001219e-07,1.65652794994334e-06,73.97731322684822
15220.64208984375,4.357917419563229e-07,1.4839257017018401e-06,73.98107877458942
15225.410461425781,4.784249263461526e-07,1.6290970575826558e-06,73.9818209770524
15258.7890625,7.02603874576794e-07,2.3924545768567966e-06,73.98816674985592
15358.924865722656,5.76461405780014e-07,1.962923602535523e-06,74.01025111287787
15363.693237304688,5.896729966944142e-07,2.0079107315486604e-06,74.01119783355765
15368.461608886719,6.09853443276394e-07,2.0766276907558003e-06,74.01217166340459
15492.439270019531,3.4475735105387844e-07,1.173942149024863e-06,74.03048756286285
15497.207641601562,3.544637117884413e-07,1.2069935283358802e-06,74.03105522216397
15530.586242675781,2.9843775287832554e-07,1.0162180904719279e-06,74.03478525602158
15625.953674316406,6.982501407196827e-07,2.3776295653961974e-06,74.04613977992558
15630.722045898438,3.884196109184132e-07,1.322617636349406e-06,74.04702198760575
15635.490417480469,3.4052088770065805e-07,1.1595164583820335e-06,74.04761377448975
15683.174133300781,4.3777826791958927e-07,1.4906900725014238e-06,74.05374604641239
15769.004821777344,2.667659911208245e-07,9.083717575442984e-07,74.06388976763823
15773.773193359375,2.7182481386652375e-07,9.255976853670641e-07,74.06432702002694
15830.99365234375,3.972343232433338e-07,1.3526328406608467e-06,74.06918501778674
15888.214111328125,1.8668420513664244e-07,6.356832023948889e-07,74.07347329076983
15907.28759765625,2.027992932626736e-07,6.905571046585177e-07,74.07475381638156
15912.055969238281,1.9592262528315868e-07,6.671411851391088e-07,74.07507751687865
15921.592712402344,2.048827409574877e-07,6.976515061462722e-07,74.07572074143638
16016.960144042969,1.7637270336877135e-07,6.005712417418542e-07,74.0818983547257
16045.570373535156,1.9574231121831138e-07,6.665271930657297e-07,74.08375260426567
16050.338745117188,1.9227753516757036e-07,6.547291947621022e-07,74.08406761633628
16088.485717773438,1.8723941664168614e-07,6.375737674122901e-07,74.08662129505537
16188.621520996094,3.093764806402083e-07,1.0534658345363488e-06,74.09467172858922
16193.389892578125,2.85258457282939e-07,9.713409310826156e-07,74.09515448014122
16241.073608398438,4.0671333374720454e-07,1.3849100638368777e-06,74.10037303855472
16326.904296875,2.4923955841943305e-07,8.486920494617413e-07,74.10953912745748
16331.672668457031,2.587997804505744e-07,8.812458081041176e-07,74.10995157678342
16336.441040039062,2.3531476369748108e-07,8.012763717665507e-07,74.11035272133086
16431.808471679688,2.144837514553263e-07,7.3034415464873e-07,74.1183427851265
16441.34521484375,2.8024048053580887e-07,9.542540890231925e-07,74.1191425258539
16474.72381591797,2.776171092381793e-07,9.453211797482626e-07,74.1221068804432
16479.4921875,2.8265945326182195e-07,9.624909954494881e-07,74.1225617383112
16498.565673828125,3.116345889746758e-07,1.0611549774735257e-06,74.12441281862563
16508.102416992188,2.4814803478170063e-07,8.449752741672508e-07,74.12531207934134
16617.774963378906,2.9286487149297315e-07,9.97241728315233e-07,74.13577278847089
16622.543334960938,2.879980282922127e-07,9.806695149930146e-07,74.13624435925911
16646.385192871094,3.4557804232536726e-07,1.1767367060429872e-06,74.13872030246674
16751.28936767578,1.8058219819154636e-07,6.14905101146016e-07,74.14699429136931
16765.594482421875,2.0175576984927407e-07,6.870037761660599e-07,74.14797630073731
16770.362854003906,2.0523445547058192e-07,6.988491383072194e-07,74.14830671382002
16808.509826660156,1.8665239890159347e-07,6.355748981634878e-07,74.15091014166099
16880.035400390625,2.195143457990571e-07,7.474739612118068e-07,74.15581307595367
16913.414001464844,2.1925206098970677e-07,7.465808484419004e-07,74.15820306635592
16918.182373046875,2.198590037308224e-07,7.486475648256476e-07,74.15855955658964
16946.792602539062,2.1800493748694885e-07,7.423342360333423e-07,74.1607712851073
17032.623291015625,2.1026306228798367e-06,7.159721770931251e-06,74.18059765755531
17061.233520507812,3.788278685267849e-07,1.289956546914474e-06,74.1926171820303
17066.001892089844,3.2606359503992766e-07,1.1102875582198239e-06,74.19318944481935
17199.51629638672,1.7182297291241923e-07,5.850788372054846e-07,74.20362144085814
17213.821411132812,1.907503479015533e-07,6.49528930009078e-07,74.20454354420734
17218.589782714844,1.643511404970619e-07,5.596363079134336e-07,74.20483183166526
17223.358154296875,1.6430215591630867e-07,5.594695092539626e-07,74.20509864728405
17366.409301757812,2.3049551496303177e-07,7.848662235892589e-07,74.21438413276353
17371.177673339844,2.3732911113983532e-07,8.081354782022261e-07,74.21476393396577
17385.482788085938,2.2021025153807487e-07,7.498436077944944e-07,74.2158560426268
17457.008361816406,3.8131611044115694e-07,1.2984293236408364e-06,74.22278242280393
17518.997192382812,3.593672656617833e-07,1.2236907461162507e-06,74.22988318318764
17523.765563964844,3.6973076842080644e-07,1.2589797766856133e-06,74.23047509796605
17528.533935546875,3.40906804293788e-07,1.1608305529279464e-06,74.23105202570653
17666.81671142578,7.354936848723555e-07,2.50444851828071e-06,74.25600565576433
17671.585083007812,7.120653297777353e-07,2.424672022017987e-06,74.25718084967976
17676.353454589844,6.74025365284853e-07,2.2951411576895136e-06,74.25830614083169
17752.647399902344,4.931441616270162e-07,1.6792179053174421e-06,74.27382058698366
17805.099487304688,6.884081320567702e-07,2.344116287825344e-06,74.28459736004773
17828.941345214844,6.420295337080336e-07,2.1861913262608027e-06,74.2894259740105
17833.709716796875,6.114640411640579e-07,2.0821119791681554e-06,74.29044361681974
17838.478088378906,6.467504718535005e-07,2.2022667145156472e-06,74.29146509230023
17986.297607421875,3.5852161098651744e-07,1.2208111855679992e-06,74.31591584473757
17991.065979003906,3.886908033013316e-07,1.3235410805278384e-06,74.31652246558959
17995.834350585938,3.900813839149331e-07,1.3282761824449793e-06,74.31715470809347
18129.348754882812,1.8770112055037282e-07,6.391459273013249e-07,74.3293921682423
18143.653869628906,1.9653188453209737e-07,6.692157895233982e-07,74.33034036633302
18148.422241210938,1.853567552173858e-07,6.311630684335061e-07,74.33065040081263
18267.63153076172,2.4523749269636966e-07,8.350645122356024e-07,74.33732138404936
18301.010131835938,1.4119803885524853e-07,4.807970842829744e-07,74.3391061632658
18305.77850341797,1.4415000511670414e-07,4.908489007452736e-07,74.33933782172095
18310.546875,1.4748242693081515e-07,5.021962162236997e-07,74.33957458212672
18320.083618164062,1.2981960849127492e-07,4.4205209754612756e-07,74.34002920555962
18444.061279296875,1.5554147568488112e-07,5.296382910178229e-07,74.34587894290298
18467.90313720703,1.4610698444002128e-07,4.975126615190159e-07,74.3470350959225
18472.671508789062,1.5138179205954135e-07,5.154740450069184e-07,74.34727661077372
18482.208251953125,1.4260806887621348e-07,4.855984138788224e-07,74.34777271299558
18620.49102783203,2.2571947357270844e-07,7.686032018539758e-07,74.35605544346112
18630.027770996094,2.222895019021909e-07,7.569237168432196e-07,74.35676943339058
18634.796142578125,1.9926170733881524e-07,6.785111795778213e-07,74.35711166773899
18658.63800048828,3.1627259799045623e-07,1.0769479816097336e-06,74.35899056520041
18792.152404785156,1.8952763576925423e-07,6.453654413877559e-07,74.36995294395642
18796.920776367188,1.830409322137777e-07,6.232773997876994e-07,74.37025541198
18820.762634277344,2.158888236561803e-07,7.351286022434323e-07,74.37176914539616
18939.971923828125,1.6543186574902918e-07,5.633163133460128e-07,74.37934663852947
18959.04541015625,1.8257182621847074e-07,6.216800348625784e-07,74.38053872719064
18963.81378173828,2.0013242240056162e-07,6.814760738945057e-07,74.38084942381843
19083.023071289062,2.662126147716928e-07,9.064874414636308e-07,74.38954098271681
19121.170043945312,1.5541563180616817e-07,5.292097767802981e-07,74.39228172752324
19125.938415527344,1.838422916449478e-07,6.260061294576933e-07,74.39255715245817
19130.706787109375,1.8298427622910422e-07,6.230844790328573e-07,74.39285495886622
19297.59979248047,1.3928601718638592e-07,4.742864099780894e-07,74.40177475342648
19302.3681640625,1.3999012550846867e-07,4.7668398738795566e-07,74.4020014824374
19369.125366210938,1.7230378238411947e-07,5.867160539399614e-07,74.40549526365245
19464.492797851562,1.5721153551932683e-07,5.353250548389746e-07,74.41050392524954
19469.261169433594,1.5774554546927725e-07,5.371434258942374e-07,74.41075962166084
19483.566284179688,2.4632043883156544e-07,8.387520800549502e-07,74.41162917011074
19526.48162841797,1.5109490065449547e-07,5.144971436832867e-07,74.41414084460301
19636.154174804688,1.5777217616165335e-07,5.37234106751781e-07,74.42035283622702
19640.92254638672,1.6202580426176513e-07,5.517182455170118e-07,74.42061246269955
19645.69091796875,1.609216929309522e-07,5.479586075441157e-07,74.42087464609234
19812.583923339844,3.094460849028113e-07,1.0537028458063671e-06,74.43272538896602
19817.352294921875,2.8072572598662986e-07,9.559064108245986e-07,74.43320451714953
19822.120666503906,2.6010266095713486e-07,8.856822801245651e-07,74.43364358610852
19893.646240234375,4.0775144731346587e-07,1.388444971119299e-06,74.44222392732797
19984.24530029297,3.0946072310683594e-07,1.0537526907324814e-06,74.45290043465248
19989.013671875,3.1279338657749683e-07,1.0651008290818587e-06,74.45340560869799
20003.318786621094,3.3506975624211734e-07,1.1409546700416415e-06,74.45484973078088
20103.45458984375,2.446071448850016e-07,8.329180986434092e-07,74.46421008667173
20160.675048828125,2.96199707337915e-07,1.0085972638723104e-06,74.46966006640714
20165.443420410156,2.860499284446539e-07,9.740359899512215e-07,74.47013276301041
20184.51690673828,2.846352287219002e-07,9.692187594333583e-07,74.47204229931714
20284.652709960938,4.445135312384729e-07,1.5136244913634104e-06,74.48442534779211
20337.10479736328,3.406040130093685e-07,1.1597995105149253e-06,74.49142559207851
20341.873168945312,3.4385629645400486e-07,1.1708739447642988e-06,74.49198126793208
20446.77734375,3.098347605970823e-07,1.0550263354387461e-06,74.50414668598462
20489.69268798828,3.8506665955046305e-07,1.3112004151576463e-06,74.50929856345712
20518.30291748047,3.649130107883669e-07,1.2425747058982374e-06,74.512830620015
20523.0712890625,3.6801363061753886e-07,1.2531327064584587e-06,74.5134256430301
20527.83966064453,3.677194615334916e-07,1.252131023722333e-06,74.51402294444893
20699.501037597656,6.926155568485475e-07,2.358443098513559e-06,74.54136490369845
20704.269409179688,8.010526602972625e-07,2.727685076581553e-06,74.54257753115108
20713.80615234375,5.499592910979459e-07,1.8726805682145286e-06,74.54461145728088
20880.699157714844,1.0834790706712511e-06,3.6893825316823825e-06,74.58900007492994
20885.467529296875,1.1203996753317825e-06,3.81510183497204e-06,74.59078928342954
21066.665649414062,6.129966588520863e-06,2.087330735191247e-05,74.7432972035968
21071.434020996094,6.497714646235522e-06,2.2125535749228932e-05,74.75354892667198
21076.202392578125,5.899878419120216e-06,2.008982819120509e-05,74.76361385375891
21185.874938964844,1.4312080261335856e-05,4.873443367530458e-05,75.12421400005886
21252.63214111328,1.0094016679008523e-05,3.437139656696167e-05,75.40848527729082
21257.400512695312,9.780398797870384e-06,3.330348823018368e-05,75.42462022716504
21352.767944335938,1.7502064635697195e-05,5.959673175349186e-05,75.82514113500653
21438.5986328125,1.3596483980126097e-05,4.629773831948518e-05,76.22848040746584
21443.36700439453,1.3076392274027515e-05,4.4526760635380745e-05,76.25013465545427
21629.33349609375,3.1155087992459838e-06,1.0608699376278477e-05,76.81054942224338
21634.10186767578,3.3583924486881326e-06,1.1435748756132186e-05,76.8158052282442
21810.531616210938,7.928604475849697e-07,2.699789561758332e-06,76.91993085394496
21820.068359375,7.944034137460996e-07,2.705043555634119e-06,76.92261605593039
21824.83673095703,8.655699682448714e-07,2.9473746260858315e-06,76.92396369744176
21963.119506835938,4.2701054339683e-07,1.4540246159775387e-06,76.9518067857272
22010.80322265625,4.982626942477583e-07,1.6966471527759213e-06,76.95979345263578
22015.57159423828,5.185477602618504e-07,1.7657203543099849e-06,76.96061894537713
22039.413452148438,5.221127802041068e-07,1.7778596956743839e-06,76.96466438803472
22172.927856445312,3.872181735027359e-07,1.31852659081443e-06,76.98461698195122
22206.30645751953,4.5281087425979536e-07,1.5418779881137245e-06,76.98944182309238
22211.074829101562,4.889650729604169e-07,1.6649875826999952e-06,76.99020639942513
22234.91668701172,4.237468767774481e-07,1.4429114205862121e-06,76.99392970394831
22301.673889160156,6.700202241333149e-07,2.281503148242545e-06,77.00579610423503
22401.809692382812,5.000580543974514e-07,1.7027605799326202e-06,77.0251036380456
22406.578063964844,4.7641250870958825e-07,1.6222445223784548e-06,77.02589638103758
22420.883178710938,5.06704094184502e-07,1.7253911814448574e-06,77.02827142637916
22559.165954589844,2.499927283989594e-07,8.512566879869049e-07,77.04433373283742
22597.312927246094,2.8693182981994166e-07,9.770389750726947e-07,77.04808178941838
22602.081298828125,2.743202299656787e-07,9.340948910950877e-07,77.04853743923921
22606.849670410156,2.742627231849873e-07,9.338990732727786e-07,77.04898280370598
22711.753845214844,1.5546157081159609e-06,5.293662048726688e-06,77.07384111893258
22797.584533691406,2.8348133754297515e-07,9.65289614815594e-07,77.09203866398785
22802.352905273438,2.8393653024899545e-07,9.668396032404741e-07,77.09249931949066
22821.426391601562,3.132552012938149e-07,1.0666733662848176e-06,77.09435662807671
22997.85614013672,1.3355515979249014e-07,4.5477211963974175e-07,77.10586747143591
23002.62451171875,1.4726271292836929e-07,5.014480624064897e-07,77.10609545209303
23050.308227539062,1.3556269105018982e-07,4.616080161092277e-07,77.10843344545393
23136.138916015625,2.0904510877256935e-07,7.11824892160905e-07,77.1133648374011
23202.896118164062,1.893408249808212e-07,6.447293271533133e-07,77.11773324355184
23207.664489746094,2.0879566362721472e-07,7.109755000620672e-07,77.11805646877042
23398.399353027344,1.2382061899099009e-07,4.216247836558971e-07,77.12863707344914
23407.936096191406,1.3544042978930344e-07,4.6119170113607716e-07,77.12905619665773
23412.704467773438,1.2749123001693756e-07,4.341236759430748e-07,77.12926965647779
23436.546325683594,3.0156648372050885e-07,1.0268718125676725e-06,77.13059315621611
23612.97607421875,1.8837019715656293e-07,6.414242173117686e-07,77.1418228673969
23617.74444580078,1.7003685257012842e-07,5.789968727553105e-07,77.1421138384591
23627.281188964844,1.7348126363047089e-07,5.907255257048207e-07,77.14266697667415
23765.56396484375,1.1779531740328204e-07,4.0110787379806643e-07,77.14929317829748
23822.784423828125,1.3803459719125197e-07,4.700251674725144e-07,77.15173180887021
23827.552795410156,1.3619480906799605e-07,4.637604574770256e-07,77.15195444071212
23951.53045654297,1.692366638763242e-07,5.762721295933202e-07,77.15790435328184
24023.056030273438,1.0692942379491664e-07,3.641081391885308e-07,77.1610374163791
24032.5927734375,1.1520177021690548e-07,3.922765193736717e-07,77.16140258060535
24037.36114501953,1.1584438142497522e-07,3.944646913743057e-07,77.16159015432694
24242.401123046875,8.289813261660389e-08,2.822785697146029e-07,77.16827197886371
24247.169494628906,8.351281929225413e-08,2.843716551695872e-07,77.16840707880517
24271.011352539062,7.696647522671998e-08,2.6208053013031776e-07,77.16911377320153
24437.904357910156,1.0861330555769238e-07,3.698419684143732e-07,77.17438410905886
24456.97784423828,1.0402153220635332e-07,3.5420640253179494e-07,77.17505690964667
24461.746215820312,1.0486627120671767e-07,3.570828450918199e-07,77.17522649421842
24480.819702148438,1.0323227541871115e-07,3.5151888388546356e-07,77.17591726842365
24671.554565429688,1.9916485645300495e-07,6.781813901282981e-07,77.18508320342713
24676.32293701172,1.974247294534139e-07,6.722560387957406e-07,77.18540517280009
24852.752685546875,2.940059736718349e-07,1.0011273247789921e-06,77.2005991718132
24890.899658203125,2.565154352743482e-07,8.734673254202935e-07,77.204054699641
24895.668029785156,2.6202499636240985e-07,8.922280739993487e-07,77.20447567422926
24924.278259277344,3.073962799537997e-07,1.046723002100153e-06,77.2071420363707
25081.634521484375,2.2464048988114218e-07,7.649291266536412e-07,77.2217596566346
25110.244750976562,2.417938501752136e-07,8.233384762587e-07,77.22411676065842
25115.013122558594,2.3693913525889307e-07,8.068075612706749e-07,77.2245054177604
25320.053100585938,9.765120016649263e-08,3.325146205813434e-07,77.23474517720888
25334.35821533203,1.0178270140452542e-07,3.465829020182695e-07,77.2352423343486
25339.126586914062,9.718761151383539e-08,3.309360429019978e-07,77.23540386745276
25429.725646972656,8.160424457538785e-08,2.778727181698585e-07,77.23834978189653
25553.70330810547,1.1347303257125518e-07,3.8638995022400404e-07,77.2425137896727
25558.4716796875,1.0925608819117995e-07,3.720307241401194e-07,77.24269461125223
25572.776794433594,1.419228695876384e-07,4.83265224106708e-07,77.24326454509821
25629.99725341797,9.719206626460391e-08,3.3095121188874914e-07,77.24531476079619
25782.58514404297,1.1895925960132273e-07,4.0507124340028577e-07,77.25086353228461
25787.353515625,1.1748380276560523e-07,4.0004712726985135e-07,77.25105548746255
25820.73211669922,1.0037140090636755e-07,3.4177724628776017e-07,77.25231751293579
25992.393493652344,1.7302372500402294e-07,5.891675491257797e-07,77.25981559890391
26006.698608398438,1.3747574074693387e-07,4.6812219097836947e-07,77.26055339070965
26011.46697998047,1.484573779592258e-07,5.055160471192199e-07,77.26078552415494
26021.00372314453,1.4874196296218026e-07,5.06485094853597e-07,77.2612543406235
26168.8232421875,1.0898019433962088e-07,3.7109127086954536e-07,77.26754430945721
26235.580444335938,1.1153827905886143e-07,3.798018711323476e-07,77.27016340943476
26240.34881591797,1.1187724675955908e-07,3.809560987936015e-07,77.27034478826899
26307.106018066406,1.0968609897787006e-07,3.7349496496192555e-07,77.27307934798468
26392.93670654297,1.6068997717148618e-07,5.471695862344934e-07,77.27697480429761
26469.23065185547,1.1921221576658383e-07,4.0593259096357325e-07,77.28028876394647
26473.9990234375,1.1191490408540798e-07,3.8108432672521324e-07,77.28047640340172
26535.987854003906,1.0502609077970794e-07,3.5762705084232503e-07,77.28290234656315
26702.880859375,1.2576825221563956e-07,4.282567197879853e-07,77.28954458461833
26707.64923095703,1.2402902573877948e-07,4.223344348486078e-07,77.28974738135281
26731.491088867188,1.1761508775577053e-07,4.00494169176335e-07,77.29074279753782
26793.479919433594,1.753398971247854e-07,5.97054406559414e-07,77.2935906803202
26936.53106689453,1.5918888592469514e-07,5.420581817096777e-07,77.30088111621009
26941.299438476562,1.5207529257017355e-07,5.178355014843879e-07,77.30113381455604
26965.14129638672,1.5148742367480903e-07,5.158337339448141e-07,77.30244757310315
27151.107788085938,2.1522657012807318e-07,7.328735456721691e-07,77.31387000423902
27174.949645996094,1.8722923288538145e-07,6.375390904410088e-07,77.31548708019893
27179.718017578125,1.9874244281209804e-07,6.767430185435653e-07,77.31580042947189
27337.074279785156,2.6826028690538926e-07,9.134600226653997e-07,77.32822063789908
27413.368225097656,2.3333708659808103e-07,7.945421324615733e-07,77.3342622600349
27418.136596679688,2.3398787179761477e-07,7.967581379313879e-07,77.33464165558429
27422.90496826172,2.2924651506561443e-07,7.806132218208447e-07,77.3350177302226
27656.55517578125,4.029695449079118e-07,1.37216199188987e-06,77.35995164798582
27661.32354736328,4.049937913138099e-07,1.3790548055416504e-06,77.36060758918548
27666.091918945312,3.8894035918145856e-07,1.3243908496925057e-06,77.36125214085726
27899.742126464844,7.359165685132251e-07,2.505888490274439e-06,77.40398824406803
27904.510498046875,7.103270494595253e-07,2.4187529588678347e-06,77.40516237008492
28128.623962402344,3.2195217160570594e-06,1.096287644230558e-05,77.52411901614694
28147.69744873047,2.7403578686745115e-06,9.331263265641566e-06,77.54327796068509
28152.4658203125,2.829776187580457e-06,9.63574388987699e-06,77.54780004758092
28395.652770996094,8.688341824271071e-06,2.9584896859975557e-05,78.01638819595257
28400.421142578125,8.985581941230501e-06,3.059703684948726e-05,78.03073668707519
28500.55694580078,1.1793158706419714e-05,4.015718891354988e-05,78.35661243188792
28643.60809326172,5.410665914043494e-06,1.84239980710234e-05,78.77323018544851
28648.37646484375,5.40928949331992e-06,1.8419311185313043e-05,78.78201431489079
28886.795043945312,1.1277620060533991e-06,3.840171497222159e-06,78.97988560698558
28896.331787109375,1.1691644534903087e-06,3.981152038957957e-06,78.98381570158372
28901.100158691406,1.193446927800003e-06,4.063836918591775e-06,78.98573377641988
29149.05548095703,7.246128634137135e-07,2.467397952463136e-06,79.0648566433786
29153.823852539062,7.450552038545689e-07,2.537006693204636e-06,79.06604978642346
29158.592224121094,7.852616818444979e-07,2.673914808526713e-06,79.06729216692372
29382.705688476562,5.169638651824362e-07,1.7603269923187946e-06,79.11942309394539
29411.31591796875,5.913260058056143e-07,2.0135394355122685e-06,79.12498700950704
29416.08428955078,5.380466426760226e-07,1.8321165017885026e-06,79.12590388533133
29425.621032714844,5.814594662385759e-07,1.979942627127006e-06,79.12770839186855
29659.271240234375,2.926974742914081e-07,9.966717197862043e-07,79.16088714081401
29668.807983398438,3.1801956900199265e-07,1.0828966376639063e-06,79.16186096711054
29673.57635498047,3.178899736541809e-07,1.0824553492021848e-06,79.1623772272545
29678.3447265625,3.235442337726177e-07,1.1017088161820547e-06,79.16289797257134
29902.45819091797,2.2019042726034553e-07,7.497761036350347e-07,79.18319219247397
29931.068420410156,2.2197952290797844e-07,7.558681993741767e-07,79.18544024087811
29935.836791992188,2.0407126409831377e-07,6.948883253612055e-07,79.18578612818736
29993.057250976562,2.470628506173273e-07,8.412800855770209e-07,79.1901343283167
30179.02374267578,1.857405400786301e-07,6.324699041641877e-07,79.20372412915958
30193.328857421875,2.1423109897890697e-07,7.294838411841513e-07,79.20472663305804
30198.097229003906,2.084569369158824e-07,7.098220929999174e-07,79.20506979033377
30407.90557861328,1.8013136063578957e-07,6.133699425556382e-07,79.21967629751312
30441.2841796875,2.2757215387569204e-07,7.749118113432066e-07,79.22198491646452
30460.357666015625,2.0570139983284143e-07,7.004391425998916e-07,79.22340502680363
30465.126037597656,2.030459196554416e-07,6.913968985502137e-07,79.22373686637492
30655.860900878906,2.3658618177107394e-07,8.056057102449328e-07,79.23743126459516
30717.849731445312,1.7905559885578077e-07,6.097068383694566e-07,79.24179066377441
30732.154846191406,2.0158191935151236e-07,6.864117933516905e-07,79.24274240302792
30736.923217773438,1.8791113901682702e-07,6.39861066598835e-07,79.24305861111868
30856.13250732422,2.4100851466899554e-07,8.206643100688945e-07,79.25094021714031
30932.42645263672,1.5842256644752764e-07,5.394487674909072e-07,79.25576271751171
30999.183654785156,1.6831896300821501e-07,5.731472426953996e-07,79.2597014675
31003.952026367188,1.5503561700892455e-07,5.279157785917933e-07,79.25996398138105
31147.003173828125,1.482923835800188e-07,5.049542205025831e-07,79.26786823291937
31251.907348632812,2.3740322372153076e-07,8.083878408658775e-07,79.27416717072607
31275.74920654297,1.55219541895112e-07,5.285420659660582e-07,79.27564088584849
31280.517578125,1.471292715032531e-07,5.009936775677301e-07,79.27588634629761
31433.10546875,1.3096113165872776e-07,4.4593912752899753e-07,79.28358163944029
31514.16778564453,1.636406127915841e-07,5.57216871695582e-07,79.28775944551876
31552.31475830078,1.6161167673033965e-07,5.503080891774128e-07,79.28978355468523
31557.083129882812,1.5680550557322577e-07,5.339424717960395e-07,79.29004206016336
31561.851501464844,1.4391455363019314e-07,4.900471588151281e-07,79.29028619831611
31757.354736328125,2.123460798489989e-07,7.230651139211859e-07,79.3016146183549
31828.880310058594,1.9358359019357351e-07,6.591764764205903e-07,79.30638915832836
31833.648681640625,2.0501041336710942e-07,6.980862467615611e-07,79.30671275497828
31886.10076904297,1.9137057294963395e-07,6.516408743188864e-07,79.3104078153434
32081.60400390625,3.058435527378017e-07,1.0414357706046505e-06,79.32629625098643
32110.214233398438,2.5066907757861836e-07,8.535597420248622e-07,79.32884924216947
32114.98260498047,2.4330363694753015e-07,8.284794901417821e-07,79.32925027157319
32134.056091308594,2.6348466995323957e-07,8.9719844619549e-07,79.33087097955351
32367.706298828125,1.4779378173187853e-07,5.032564184881394e-07,79.34590611090539
32391.54815673828,1.490215715639812e-07,5.074371973160408e-07,79.34714671825114
32396.316528320312,1.5378720255650204e-07,5.236647703372325e-07,79.34739255211719
32486.915588378906,1.7401848796699993e-07,5.92554842150737e-07,79.3522302164877
32663.345336914062,1.2815414436847182e-07,4.363809827012356e-07,79.36090341001359
32677.650451660156,1.495794780823502e-07,5.093369391928333e-07,79.36157787311785
32682.418823242188,1.456117557481323e-07,4.958263455259335e-07,79.36181752271995
32744.407653808594,1.2856832221689871e-07,4.3779131037655405e-07,79.36477720044657
32877.92205810547,1.6343470157723615e-07,5.565157181081647e-07,79.37123189510686
32968.52111816406,1.4402757504355548e-07,4.904320109451344e-07,79.37570110253981
32973.289489746094,1.3777511307981318e-07,4.691415914313101e-07,79.37592988271463
33106.80389404297,1.3143136461710297e-07,4.475403299051321e-07,79.38237196924592
33245.086669921875,1.6642657902580107e-07,5.667034371831914e-07,79.38936360118093
33259.39178466797,1.5022276691344306e-07,5.115274185851025e-07,79.39012703073637
33264.16015625,1.6817591542881363e-07,5.726601476928944e-07,79.3903855211954
33297.53875732422,1.834667897243411e-07,6.247274981818337e-07,79.39233273943205
33383.36944580078,1.4358707763498393e-07,4.889320618566592e-07,79.39695637966408
33550.262451171875,1.6048099141063327e-07,5.464579634294646e-07,79.40584429792166
33555.030822753906,1.6287203523045072e-07,5.545997684168525e-07,79.4061068105416
33569.3359375,1.4967927457904693e-07,5.096767588179673e-07,79.40688985038724
33712.38708496094,1.8326878359046837e-07,6.240532623878524e-07,79.4148328125845
33845.90148925781,1.6911935542696131e-07,5.758726795664452e-07,79.42246588346038
33850.669860839844,1.63705836994417e-07,5.574389683110945e-07,79.42273608601313
33898.353576660156,1.6000158133690216e-07,5.448255118211098e-07,79.42550947522501
34055.70983886719,2.6838594239394754e-07,9.138878954107493e-07,79.43617404497843
34146.30889892578,1.9706497318922838e-07,6.71031023460717e-07,79.443199300502
34151.07727050781,2.1088811283753012e-07,7.181005528424476e-07,79.44353049527861
34208.29772949219,2.0395670218672464e-07,6.944982276409503e-07,79.44776270294588
34432.411193847656,2.719674466926153e-07,9.260833680823756e-07,79.4664911430211
34446.71630859375,2.5883480847984577e-07,8.813650829501308e-07,79.4677731102284
34451.48468017578,2.5880525820010357e-07,8.812644605303367e-07,79.46819335385965
34461.021423339844,2.5402636689782767e-07,8.64991734486351e-07,79.46904817707266
34747.12371826172,4.173798105388146e-07,1.42123075909976e-06,79.50036429776658
34751.89208984375,4.139227982359893e-07,1.4094591973344248e-06,79.50103918684385
34756.66046142578,3.994745446232771e-07,1.3602610762677827e-06,79.50169953961601
34770.965576171875,3.9199475136678796e-07,1.3347914393102452e-06,79.50374288453585
35057.06787109375,9.021178879197471e-07,3.071824890117494e-06,79.55980870059344
35061.83624267578,8.385293503120815e-07,2.8552979204552134e-06,79.5612218367921
35090.44647216797,8.135250110991997e-07,2.7701550000191827e-06,79.56967368671035
35367.01202392578,3.085585792911131e-06,1.0506807775549328e-05,79.73692006680884
35371.78039550781,3.064472281193329e-06,1.0434913612179959e-05,79.74191296226604
35376.548767089844,2.8317505204044402e-06,9.64246674150348e-06,79.74669978276205
35572.052001953125,5.263697973518516e-06,1.7923553745731297e-05,80.01397082393514
35676.95617675781,3.924005007402967e-06,1.3361730669682088e-05,80.17901716991777
35681.724548339844,3.892249627352349e-06,1.3253599605947648e-05,80.18536275914443
35696.02966308594,3.936482178588214e-06,1.3404217007131268e-05,80.20412655107617
35982.13195800781,1.2369386167436846e-06,4.211931590473876e-06,80.40513011605734
35991.668701171875,1.2646713844722407e-06,4.3063651532279316e-06,80.40926410140979
35996.437072753906,1.2860126806031725e-06,4.379034951178104e-06,80.41133486216162
36034.584045410156,1.3797602011129907e-06,4.6982570514658196e-06,80.42739381767268
36311.14959716797,7.103005540551591e-07,2.4186627386829834e-06,80.5215200373866
36315.91796875,6.630510458384318e-07,2.25777221946199e-06,80.52263498636458
36339.759826660156,7.540983451912833e-07,2.567799727036419e-06,80.5284511237297
36616.32537841797,3.484522071471475e-07,1.1865235988161743e-06,80.57728049966535
36630.63049316406,3.6227530082007124e-07,1.2335929716459593e-06,80.57901402796497
36635.398864746094,3.432008359287119e-07,1.1686420192221422e-06,80.57958676541817
36649.70397949219,3.7440141942119584e-07,1.274883930885607e-06,80.58132908358505
36802.29187011719,2.6050166763983455e-07,8.870409480721285e-07,80.5972169055853
36954.87976074219,2.938724077107929e-07,1.000672515879739e-06,80.61224523823482
36959.64813232422,2.740959008750068e-07,9.333310223219138e-07,80.61270634061039
36988.258361816406,2.8294039319584287e-07,9.634476312656156e-07,80.61536504885125
37150.38299560547,2.1930600038124118e-07,7.467645188553707e-07,80.62900842885155
37279.12902832031,2.447734463515329e-07,8.334843760568102e-07,80.63976739788582
37283.897399902344,2.339782988968617e-07,7.967255410001024e-07,80.64015607021788
37331.581115722656,2.5017988362269996e-07,8.518939750668979e-07,80.6439114019344
37574.76806640625,1.8320243811226236e-07,6.23827347688644e-07,80.66140992195784
37608.14666748047,2.014947820662099e-07,6.861150799338171e-07,80.66360473666423
37612.9150390625,1.918031842666291e-07,6.531139702735145e-07,80.66392403375147
37751.197814941406,2.0141529246957758e-07,6.858444078579051e-07,80.67234266565248
37860.870361328125,1.4689717206610095e-07,5.002033497873217e-07,80.67857245530193
37937.164306640625,1.5631980308498304e-07,5.322885937247195e-07,80.68270562305796
37941.932678222656,1.6489374767301435e-07,5.614839536047198e-07,80.68296639875456
38018.226623535156,1.559006359402821e-07,5.308612768679603e-07,80.68732219709581
38170.814514160156,2.1389268018477407e-07,7.283314826188e-07,80.6966726245254
38275.718688964844,1.86182053772655e-07,6.339733138324749e-07,80.70326009198627
38280.487060546875,1.8657199173891706e-07,6.353011016597706e-07,80.7035627105889
38371.08612060547,2.0095410179541636e-07,6.842739955969917e-07,80.70938661973891
38385.39123535156,1.651568132438747e-07,5.623797249657834e-07,80.71025497535511
38609.50469970703,1.855311622337367e-07,6.317569462636788e-07,80.72427596849121
38614.27307128906,1.72550616966442e-07,5.875565567432796e-07,80.72456667548408
38723.94561767578,1.6584215050853195e-07,5.647133845638143e-07,80.73141978819083
38905.14373779297,2.181890111031123e-07,7.429610298518849e-07,80.7429880186664
38952.82745361328,2.1201876010044706e-07,7.219505490022405e-07,80.74622386545498
38957.59582519531,2.2052427809638586e-07,7.509129077284554e-07,80.74657502346754
39000.511169433594,1.9385347277938863e-07,6.600954605751201e-07,80.74971386041753
39062.5,2.711381122178456e-07,9.232593798698098e-07,80.754212690128
39296.15020751953,2.2249602984961474e-07,7.576269704843423e-07,80.77202604207163
39300.91857910156,2.2271491108891603e-07,7.583722886382877e-07,80.77238748446092
39358.13903808594,2.414305891873925e-07,8.221015268988212e-07,80.77679390228862
39448.73809814453,1.874465400545225e-07,6.382790486880488e-07,80.78370207093143
39644.24133300781,2.0923092091965626e-07,7.124576058959402e-07,80.79765897027251
39649.009704589844,2.2968474501980565e-07,7.821054499419208e-07,80.79801530187267
39663.31481933594,2.027098359266997e-07,6.902524911762577e-07,80.79909073132822
39749.1455078125,2.7878716561890486e-07,9.493053689116565e-07,80.80608158115385
39992.332458496094,2.1638925375722023e-07,7.368326296889841e-07,80.8247750794877
39997.100830078125,2.153907955916127e-07,7.334327540342326e-07,80.82512561807138
40073.394775390625,2.4578865737975735e-07,8.369412973161956e-07,80.8308027626903
40335.655212402344,1.4674352026095996e-07,4.996801460622165e-07,80.8479542637847
40345.191955566406,1.601903182051657e-07,5.454681845996661e-07,80.84845507254914
40349.96032714844,1.678969218441179e-07,5.717101394410597e-07,80.84872142861776
40378.570556640625,1.5260033617908778e-07,5.196233410205033e-07,80.85027074385297
40602.684020996094,1.9708234632736865e-07,6.710901811815353e-07,80.86316116363338
40698.05145263672,1.7316896261985914e-07,5.896621014778406e-07,80.86892654104295
40702.81982421875,1.820977955024111e-07,6.200659006437902e-07,80.86921496267432
40755.271911621094,1.6526413653598287e-07,5.627451742761252e-07,80.87234322506929
40941.23840332031,1.9671030983198305e-07,6.698233501144861e-07,80.88368791003369
41060.447692871094,1.8672331926188683e-07,6.358163909117002e-07,80.89134253936979
41065.216064453125,1.8032493536108194e-07,6.14029088845955e-07,80.89164052575316
41089.05792236328,1.6737205574063342e-07,5.699229043332618e-07,80.89315124943062
41408.538818359375,2.30333702733483e-07,7.843152325925062e-07,80.91475180203379
41422.84393310547,2.104831637791718e-07,7.167216503582466e-07,80.91581612938775
41427.6123046875,2.1442250305389354e-07,7.301355961371204e-07,80.91616108703661
41456.22253417969,2.0288462632004348e-07,6.908476744533181e-07,80.91823600169728
41780.47180175781,3.3121856695265225e-07,1.1278408860513773e-06,80.94582879568406
41785.240173339844,3.1336240355522425e-07,1.0670384034704048e-06,80.94635209568558
41790.008544921875,3.33898757601706e-07,1.1369672723654862e-06,80.94687757158715
41799.54528808594,3.172881289038706e-07,1.0804059921184304e-06,80.94793431805563
42157.17315673828,6.372652095525797e-07,2.1699682031842173e-06,81.00001470000487
42161.94152832031,5.936431062861805e-07,2.0214294541278174e-06,81.00101400707877
42510.032653808594,1.9683642144810737e-06,6.702527760315765e-06,81.13106637495366
42529.10614013672,1.7087579888095385e-06,5.818535904787651e-06,81.14254001811128
42533.87451171875,1.7800748089368178e-06,6.061378648607068e-06,81.14537241045895
42676.92565917969,2.419830411386688e-06,8.239826952885067e-06,81.24804058235664
42896.270751953125,1.26148925549707e-06,4.295529603772157e-06,81.38793250495459
42901.039123535156,1.2726487708249372e-06,4.333529157272685e-06,81.38998983288339
42905.80749511719,1.3022856213054757e-06,4.434446361320974e-06,81.39208028114811
42920.11260986328,1.4124547571400824e-06,4.809586127543619e-06,81.39866366849549
43268.20373535156,4.926787793305619e-07,1.677633220055336e-06,81.49493606076939
43282.508850097656,5.372578874910372e-07,1.8294306911623166e-06,81.49763434115374
43287.27722167969,5.749170685594721e-07,1.957664940029967e-06,81.49853725511305
43659.210205078125,2.0753742854704226e-07,7.066910513346337e-07,81.54214192732013
43663.978576660156,2.106916998498158e-07,7.174317419115454e-07,81.54248146465297
43668.74694824219,2.1636485642608653e-07,7.367495537074161e-07,81.54282816849123
43678.28369140625,2.323172932404505e-07,7.910696077941269e-07,81.54355750039059
43978.69110107422,1.5035153494931884e-07,5.119658899456106e-07,81.56268701528214
44045.448303222656,1.526081458031508e-07,5.19649933772848e-07,81.56638863734814
44050.21667480469,1.5592807103759316e-07,5.309546968254974e-07,81.56663912101136
44264.793395996094,1.8232098257625157e-07,6.208258807059932e-07,81.57832415605385
44412.61291503906,1.3473890162885583e-07,4.588029095011495e-07,81.58602495138943
44436.45477294922,1.394381336668708e-07,4.748043857296046e-07,81.58716773097152
44441.22314453125,1.4273851318920575e-07,4.86042593173779e-07,81.58739681474297
44450.75988769531,1.458016293769979e-07,4.964728891173385e-07,81.5878537239431
44798.851013183594,1.0457434099714448e-07,3.5608878600491713e-07,81.60285190290442
44827.46124267578,1.1227302622926668e-07,3.8230377767496013e-07,81.60395310781739
44832.22961425781,1.1356818447191107e-07,3.8671395441535287e-07,81.60413645593238
44846.534729003906,9.851615751223311e-08,3.354599091507371e-07,81.604665064737
45056.34307861328,1.324419069965462e-07,4.509813538281256e-07,81.61244877023837
45223.236083984375,1.2198020543486527e-07,4.153579439828135e-07,81.61901094192181
45228.004455566406,1.2040009145001895e-07,4.0997745709426895e-07,81.61920771721543
45266.151428222656,1.1853687756384098e-07,4.0363297942919115e-07,81.62085231383567
45475.95977783203,1.8782332096972987e-07,6.395620351014145e-07,81.63166933379114
45619.01092529297,1.6492035720965997e-07,5.615745624243398e-07,81.63917240600195
45623.779296875,1.6296539670482348e-07,5.549176759814809e-07,81.639438598495
45695.30487060547,1.418533969245813e-07,4.83028660949698e-07,81.64330752709418
46005.2490234375,2.263109400964124e-07,7.706172197706083e-07,81.66321676624715
46024.322509765625,2.1186985218280156e-07,7.214434988108139e-07,81.66462615597892
46029.090881347656,2.5356109068607523e-07,8.63407410456e-07,81.6650040138808
46052.93273925781,2.1856291877860758e-07,7.442342325225923e-07,81.6669665750362
46114.92156982422,3.0779497011983283e-07,1.0480805922686506e-06,81.67217405100912
46429.63409423828,2.4482294528679364e-07,8.336529261580823e-07,81.6996149104663
46434.40246582031,2.1946806711853797e-07,7.473163764830212e-07,81.69999184292104
46496.39129638672,2.56452538450102e-07,8.732531538216412e-07,81.70459870380782
46811.10382080078,1.6322408405982164e-07,5.557985389667771e-07,81.72647033464938
46839.71405029297,1.6668764880236896e-07,5.675924126136288e-07,81.72814412209837
46844.482421875,1.8081241574454703e-07,6.156890208741572e-07,81.72842623837641
46873.09265136719,2.5980470726697924e-07,8.846677103285566e-07,81.73012283291212
47245.025634765625,1.185508270141795e-07,4.036804790623623e-07,81.74807071021756
47249.794006347656,1.224314657090764e-07,4.168945419827041e-07,81.74826635054812
47254.56237792969,1.1688477471357504e-07,3.9800736139806696e-07,81.74846063830203
47450.06561279297,1.0514960315389244e-07,3.580476260136392e-07,81.75625277440642
47492.98095703125,1.4828177436551968e-07,5.049180947926294e-07,81.75800805005132
47669.410705566406,1.2634621990115466e-07,4.3022477246250095e-07,81.76522613007911
47674.17907714844,1.2482655069148082e-07,4.250501076370579e-07,81.76543004350077
47683.7158203125,1.1437160647938217e-07,3.8944970741711294e-07,81.76581536489559
47912.59765625,1.688067411888371e-07,5.748081887603827e-07,81.77624593527878
48089.027404785156,1.5102858728427414e-07,5.14271338315805e-07,81.78491908010946
48093.79577636719,1.4773605630710832e-07,5.030598561552378e-07,81.78516163076732
48122.406005859375,1.3915048111497712e-07,4.7382489260520774e-07,81.78662814827186
48251.15203857422,2.1939972954026712e-07,7.470836784324961e-07,81.79414362305108
48513.41247558594,1.6893427227268296e-07,5.752424481436267e-07,81.80921569435431
48518.18084716797,1.6092662578933273e-07,5.479754045474295e-07,81.80948349035877
48551.55944824219,1.543581406680122e-07,5.256088864279774e-07,81.81136594161198
48942.56591796875,2.5177446799739436e-07,8.573237354531752e-07,81.83783449891108
48947.33428955078,2.6110462953770317e-07,8.890941091838502e-07,81.8382508773721
48966.407775878906,2.3375687996692655e-07,7.959715816903204e-07,81.83985285690048
49366.95098876953,6.074458171870738e-07,2.068429421054792e-06,81.89302053350805
49371.71936035156,5.847449181978542e-07,1.9911300043411623e-06,81.89398840789804
49376.487731933594,5.877016931610199e-07,2.0011981950376946e-06,81.89494025311464
49409.86633300781,5.839599286952279e-07,1.9884570163371124e-06,81.90192568425752
49695.96862792969,1.463079233713834e-06,4.9819688385737926e-06,81.99638469304287
49810.40954589844,1.3929983035459656e-06,4.743334455534715e-06,82.04882660555273
49815.17791748047,1.284402587072066e-06,4.373552380163272e-06,82.05100024075793
49819.9462890625,1.407875946910171e-06,4.7939947027201955e-06,82.05318595430728
50249.09973144531,6.631904163355297e-07,2.2582467935366937e-06,82.2045012089935
50253.868103027344,7.210812503394397e-07,2.4553723656866285e-06,82.20562502337587
50263.404846191406,7.277642713702126e-07,2.4781288929857895e-06,82.20795901311504
50683.021545410156,3.003223449331397e-07,1.0226353634904747e-06,82.27557616995279
50692.55828857422,3.2850894481837777e-07,1.1186142818277638e-06,82.27659458265198
50697.32666015625,3.1532577745469553e-07,1.0737239385803565e-06,82.2771172768154
50725.93688964844,3.407518277925887e-07,1.1603028384461228e-06,82.28031711143089
50854.68292236328,2.540367665513328e-07,8.650271466147584e-07,82.29323987989274
51136.016845703125,2.731820707419048e-07,9.30219315763611e-07,82.3211477466792
51140.785217285156,2.6591380767154235e-07,9.054699656992353e-07,82.32158540910936
51145.55358886719,2.919693065150792e-07,9.941922169080753e-07,82.3220383238677
51579.47540283203,1.766941572898918e-07,6.016658327805051e-07,82.35377519936368
51589.012145996094,1.943332571111621e-07,6.617291865791889e-07,82.35437288681543
51593.780517578125,1.7931729572478052e-07,6.105979491285094e-07,82.35467623324327
51627.159118652344,1.9382152808257e-07,6.599866848639755e-07,82.35668761354671
52042.00744628906,1.3333846832102954e-07,4.540342579207553e-07,82.37869141958363
52046.775817871094,1.3811300574685275e-07,4.702921584677246e-07,82.37891179617444
52161.216735839844,1.2973014410096117e-07,4.4174746004295303e-07,82.3844931012285
52366.25671386719,1.7655393200399397e-07,6.011883480424095e-07,82.39476427824627
52504.539489746094,1.5291374046920765e-07,5.206905220529954e-07,82.40191292311792
52509.307861328125,1.5699139520960691e-07,5.345754493918693e-07,82.4021645181314
52595.13854980469,1.5122947799805825e-07,5.149553964672497e-07,82.40684124848437
52947.998046875,2.606135967483019e-07,8.874220807665611e-07,82.43042987362024
52967.071533203125,2.383991014177563e-07,8.117789296977737e-07,82.43196298298484
52971.839904785156,2.580019890744196e-07,8.785292281102936e-07,82.43236598385406
52981.37664794922,2.2437558327621535e-07,7.640270863399886e-07,82.4331572056549
53329.4677734375,3.6981231454756305e-07,1.2592574515052993e-06,82.46796398582754
53434.37194824219,3.418300959786588e-07,1.163974477260236e-06,82.47982557992508
53439.14031982422,3.4878070329490986e-07,1.1876421695224165e-06,82.4803862490246
53467.750549316406,3.523675945101927e-07,1.1998559853227632e-06,82.48365729730251
53896.90399169922,2.285009728984698e-07,7.7807455695638e-07,82.52461177608956
53901.67236328125,2.402909201420375e-07,8.182208104349334e-07,82.52499236256287
53906.44073486328,2.3195333244641868e-07,7.898302755060686e-07,82.5253757518179
53935.05096435547,2.5009347494805204e-07,8.515997426599588e-07,82.527738693408
54349.89929199219,1.4249137683829174e-07,4.852010628104459e-07,82.55440254909517
54378.509521484375,1.5282736953625511e-07,5.203964181612767e-07,82.55594487521066
54383.277893066406,1.5756867379735712e-07,5.365411556018105e-07,82.5561968687652
54683.685302734375,2.431045929516594e-07,8.278017202971399e-07,82.57096674638882
54855.3466796875,1.253261487120994e-07,4.267513017441036e-07,82.57918621540904
54860.11505126953,1.319227926887423e-07,4.492137043081663e-07,82.57939506174114
54864.88342285156,1.2906494048732843e-07,4.394823580593696e-07,82.57960694339357
55079.46014404297,1.21298779625115e-07,4.130376033807817e-07,82.58919187631325
55222.511291503906,1.524265178808217e-07,5.190314678494669e-07,82.59581314293203
55341.72058105469,1.2913613098673949e-07,4.3972477066525974e-07,82.60134177318898
55346.48895263672,1.3223640085880643e-07,4.5028157957751563e-07,82.60155396723839
55351.25732421875,1.2228654752601443e-07,4.1640107733942234e-07,82.60176060048599
55632.591247558594,1.5784204754542575e-07,5.374720276029837e-07,82.61467490400327
55832.862854003906,1.4784652352977928e-07,5.034360109446359e-07,82.62436652266781
55837.63122558594,1.5622058623114244e-07,5.319507478564267e-07,82.62461337810765
55875.77819824219,1.3864540583488792e-07,4.721050477406537e-07,82.6265466774127
56324.005126953125,2.6641150509590056e-07,9.071646880369293e-07,82.65549672423809
56328.773498535156,2.6069834732328366e-07,8.877106671355566e-07,82.65592465586995
56362.152099609375,2.4373128910189837e-07,8.299356995238286e-07,82.65878746668957
56791.30554199219,5.836300765303483e-07,1.9873338282220064e-06,82.71399694536483
56819.915771484375,5.703373374250476e-07,1.942070379410831e-06,82.71906936138099
56824.684143066406,5.862228616815536e-07,1.996162587820783e-06,82.7200083092892
56905.74645996094,6.083846474640594e-07,2.071626256247907e-06,82.73481815807776
57277.679443359375,3.406927078907468e-07,1.1601015277433744e-06,82.79831743950054
57320.594787597656,3.7531998652625834e-07,1.2780117674293217e-06,82.80397059135011
57325.36315917969,3.9455795096567345e-07,1.3435194563816637e-06,82.80459561309956
57334.89990234375,4.0355036780448176e-07,1.3741397669171981e-06,82.80585650486813
57816.505432128906,2.0412506711874705e-07,6.950715314139217e-07,82.8524012939193
57826.04217529297,2.043588117014291e-07,6.958674611218101e-07,82.85307021820702
57830.810546875,2.1008924718697974e-07,7.153803148091687e-07,82.85340668589652
57930.946350097656,2.1435281216462783e-07,7.298982898924183e-07,82.86028891965232
58307.647705078125,1.3912636388299642e-07,4.7374277039649077e-07,82.88222023470264
58336.25793457031,1.5208711473259445e-07,5.178757574345978e-07,82.88369964736768
58341.026306152344,1.4600665499810785e-07,4.971710271483774e-07,82.8839416533798
58450.69885253906,1.8441737101780712e-07,6.279643470642812e-07,82.88945690496026
58593.75,1.2315806578360569e-07,4.1936870663899657e-07,82.89636883055607
58851.24206542969,1.3676020441748207e-07,4.656856997658276e-07,82.9083780737276
58856.01043701172,1.5049405358560963e-07,5.124511838302859e-07,82.90861127973356
58865.54718017578,1.5808197199297784e-07,5.382890005281495e-07,82.90910925811616
59056.28204345703,1.2366980682426002e-07,4.2111124925679294e-07,82.91800921715607
59370.994567871094,1.332114098971459e-07,4.536016080041409e-07,82.93248724346925
59375.762939453125,1.4026436876169668e-07,4.776178201635758e-07,82.93270926348215
59394.83642578125,1.3088457621498654e-07,4.45678446612781e-07,82.93359059191238
59671.40197753906,1.978176766240387e-07,6.735940733424338e-07,82.94761768209902
59895.51544189453,1.6856617528862386e-07,5.739890316082142e-07,82.95980625323206
59900.28381347656,1.6677408171334228e-07,5.678867275483048e-07,82.96007849762807
60343.74237060547,2.8889052207598005e-07,9.83708568597831e-07,82.9926782893949
60420.03631591797,2.7795647746651733e-07,9.464767712565165e-07,82.99971515842172
60424.8046875,2.8003835295203503e-07,9.53565819173841e-07,83.00016816387637
60644.14978027344,3.084287604932956e-07,1.0502387282178327e-06,83.02059201006341
60911.17858886719,1.8881182689108667e-07,6.429280221125516e-07,83.04259964527847
60954.09393310547,2.12998435971009e-07,7.252864685796466e-07,83.04565361716624
60958.8623046875,2.21375067842995e-07,7.538099538405963e-07,83.04600626123363
61464.30969238281,1.38716312186444e-07,4.723464927873534e-07,83.07673382612278
61492.919921875,1.4754884613759906e-07,5.024223819779905e-07,83.07822397016628
61497.68829345703,1.5194332539270077e-07,5.173861366443067e-07,83.07846711146425
61745.643615722656,1.6038590603565606e-07,5.461341857664203e-07,83.0905585204915
62017.44079589844,1.1582923444865803e-07,3.944131140145346e-07,83.10266577032822
62031.74591064453,1.2389713011484426e-07,4.2188531365732305e-07,83.10324283405785
62036.51428222656,1.270227914834496e-07,4.325285838094107e-07,83.10344654220526
62136.65008544922,1.0980058773682846e-07,3.738848135882709e-07,83.10775335850019
62499.046325683594,2.9194972435423095e-07,9.941255371870528e-07,83.12423269341659
62580.108642578125,1.3947757397595963e-07,4.7493868494343835e-07,83.12841212344237
62584.877014160156,1.3838090637046863e-07,4.7120439379164545e-07,83.12863770153083
62694.549560546875,1.257357837654252e-07,4.2814616063064274e-07,83.1336580584244
63042.640686035156,1.5886853851129128e-07,5.409673584689947e-07,83.15022503330329
63133.23974609375,1.508420529023634e-07,5.136361652803413e-07,83.15471537837048
63138.00811767578,1.444263083922333e-07,4.917897481559692e-07,83.15495509058816
63171.38671875,1.4082948238250864e-07,4.795421031308025e-07,83.15664729470105
63657.76062011719,2.4570505138218237e-07,8.36656608377252e-07,83.1860804685613
63691.139221191406,2.4039123650673146e-07,8.185624002759945e-07,83.18880950365259
63695.90759277344,2.5013907453549303e-07,8.517550149913869e-07,83.18920773835738
63724.517822265625,2.348737631303654e-07,7.997747093599381e-07,83.19164254846358
63986.778259277344,3.6994316289768125e-07,1.2597030065974954e-06,83.21914486164746
64253.807067871094,3.345035785698213e-07,1.139026763845259e-06,83.24938037793332
64258.575439453125,3.2487092579760115e-07,1.1062263694180981e-06,83.24991568799508
64282.41729736328,3.573307642287284e-07,1.2167562025553824e-06,83.25255307221971
64797.401428222656,2.0467821414576392e-07,6.969550666239408e-07,83.30123513934548
64816.47491455078,2.214268480563566e-07,7.539862719807748e-07,83.30264109367371
64821.24328613281,2.0186709386364266e-07,6.873828484389685e-07,83.30298474285136
64878.46374511719,2.446884690199407e-07,8.331950175530311e-07,83.30727845415616
65388.67950439453,1.5830323790110433e-07,5.390424387794237e-07,83.34104633018981
65393.44787597656,1.549557665602025e-07,5.276438777691226e-07,83.34130064802574
65703.3920288086,1.2864990288568263e-07,4.3806910281618827e-07,83.35743898022372
65760.61248779297,1.8722696509167408e-07,6.375313683181585e-07,83.36029179592137
65965.65246582031,1.4068389940332066e-07,4.790463747730839e-07,83.37025868246509
65970.42083740234,1.4082870232091855e-07,4.795394469229605e-07,83.37048722713465
66285.1333618164,1.588340684758476e-07,5.408499836621573e-07,83.38567673355031
66318.51196289062,1.2333083642571865e-07,4.1995701240904176e-07,83.38722336424549
66547.39379882812,1.397413349661272e-07,4.7583682429472334e-07,83.39781501279563
66552.16217041016,1.4884540056857428e-07,5.068373129152829e-07,83.39804930056715
66571.23565673828,1.2399797289190836e-07,4.2222869599872455e-07,83.39896801722631
66976.54724121094,1.796748682043664e-07,6.118155284022623e-07,83.41835564913266
67133.90350341797,1.690122478927187e-07,5.755079649387768e-07,83.42664958741466
67138.671875,1.6059500724367588e-07,5.468462016835751e-07,83.42691717750031
67143.44024658203,1.468152380838485e-07,4.999243542708822e-07,83.42716674704891
67396.16394042969,2.1392266806069263e-07,7.284335951086219e-07,83.44220182616884
67725.18157958984,1.9662695360379785e-07,6.695395116717344e-07,83.46389946718766
67729.94995117188,1.9679879481118914e-07,6.701246525996342e-07,83.46421886801419
68044.66247558594,2.2417334398336267e-07,7.633384361071712e-07,83.4846400228216
68316.45965576172,1.612349238013704e-07,5.490251980607084e-07,83.50198543597452
68325.99639892578,1.8200788689745235e-07,6.197597505338696e-07,83.50255608619257
68330.76477050781,1.6916266488782107e-07,5.760201537287782e-07,83.50284118233826
68430.90057373047,1.8583116716832722e-07,6.327785008050242e-07,83.50831743965377
68917.27447509766,1.3375751964536002e-07,4.5546118039458344e-07,83.53346758333872
68926.81121826172,1.6146633311852094e-07,5.498131758956977e-07,83.53393265113084
68931.57958984375,1.4646293424268776e-07,4.987247153737341e-07,83.53418264204501
69212.9135131836,1.266853120234287e-07,4.313794237948741e-07,83.5476326724704
69413.1851196289,1.7553465965418795e-07,5.977175974721456e-07,83.55723534248759
69537.16278076172,1.4821112536367826e-07,5.046775260540814e-07,83.56361098677797
69541.93115234375,1.488175569114278e-07,5.067425017601116e-07,83.56385212810387
70118.90411376953,2.171819055162215e-07,7.39531708639863e-07,83.59887585853215
70147.51434326172,1.9824058295007938e-07,6.750341225820244e-07,83.60083853084559
70152.28271484375,2.060844341042933e-07,7.017434224779097e-07,83.60116678019162
70176.1245727539,1.8829186464105898e-07,6.411574852426535e-07,83.6028462812647
70748.32916259766,4.2959165692050617e-07,1.4628136322163484e-06,83.6586221014373
70767.40264892578,4.068249139138042e-07,1.3852900083403557e-06,83.66127453298526
70772.17102050781,4.0469686089069925e-07,1.3780437200986518e-06,83.66193336308638
70815.0863647461,3.8261543172659356e-07,1.3028536760656257e-06,83.66787806036707
71244.2398071289,6.57247149060133e-07,2.238009220831774e-06,83.74452777860357
71392.05932617188,4.971961086906774e-07,1.6930152947831304e-06,83.7737195319312
71396.8276977539,6.219746734125227e-07,2.1179020041571934e-06,83.77462812541869
71458.81652832031,6.345266957907622e-07,2.160643219334403e-06,83.78689198529538
72002.41088867188,2.7517728102912247e-07,9.370132577786916e-07,83.86521768191886
72021.484375,3.0296570087759483e-07,1.0316363230018105e-06,83.86706215887658
72026.25274658203,3.176284334870517e-07,1.0815647720327135e-06,83.86756598527903
72031.02111816406,3.3473900468558463e-07,1.1398284193848174e-06,83.86809560668735
72655.67779541016,1.7497496496321767e-07,5.95811766642703e-07,83.91927420754723
72660.44616699219,1.781928812754533e-07,6.06769176483045e-07,83.91956092518696
73065.75775146484,2.270240939617586e-07,7.730455983931691e-07,83.94302601393856
73289.87121582031,1.3371147200425276e-07,4.5530438238405884e-07,83.9545858710617
73294.63958740234,1.3828697675618357e-07,4.708845516391466e-07,83.95480669171131
73299.40795898438,1.4215621611917543e-07,4.840597984003748e-07,83.95503436818638
73304.1763305664,1.3347558097426006e-07,4.545011437530658e-07,83.95525813855261
73823.92883300781,1.670879397510048e-07,5.689554536482587e-07,83.98198535345514
73943.1381225586,1.4807881866659157e-07,5.04227005107005e-07,83.98814978990762
73947.90649414062,1.5457024794248243e-07,5.263311383795434e-07,83.98839549411589
74234.0087890625,1.1777449962485072e-07,4.0103698664373924e-07,84.00213698195186
74281.69250488281,1.924898693219246e-07,6.554522192682136e-07,84.0044080966238
74596.40502929688,1.4142217074310194e-07,4.81560281555744e-07,84.0190457933258
74601.1734008789,1.423397681370638e-07,4.846848161111764e-07,84.01927616410906
74653.62548828125,1.5452014959718983e-07,5.261605472117101e-07,84.02176767394084
75154.30450439453,1.0910770452023706e-07,3.715254590746627e-07,84.04425337542695
75254.44030761719,1.2828891016817446e-07,4.3683987720206163e-07,84.0484467947439
75259.20867919922,1.1731792848815795e-07,3.994823044890197e-07,84.04864618949011
75502.39562988281,1.611893485936829e-07,5.488700087454077e-07,84.05868005025141
75640.67840576172,1.0118427135358091e-07,3.445451724154073e-07,84.06424974748266
75917.24395751953,1.244159085173852e-07,4.236518193776069e-07,84.07563477619486
75922.01232910156,1.2558850751411442e-07,4.2764466646834106e-07,84.07583774109341
76060.29510498047,1.0795601524839722e-07,3.676038122275118e-07,84.08157941551043
76527.59552001953,1.422561375494794e-07,4.844000434401575e-07,84.10151717411951
76584.8159790039,1.234502532983995e-07,4.203636418825432e-07,84.10412588268002
76589.58435058594,1.2539717162360795e-07,4.2699314369210406e-07,84.10432790828084
76594.35272216797,1.2501122642636706e-07,4.25678951745595e-07,84.10453120115027
76718.33038330078,1.953510055816822e-07,6.651947481487881e-07,84.1103962320364
77261.92474365234,1.7401934664574513e-07,5.925577660598817e-07,84.13920416118236
77266.69311523438,1.7272148378624238e-07,5.881383797588595e-07,84.1394856610798
77352.52380371094,1.7035803342783328e-07,5.800905339786814e-07,84.14469633291183
77939.03350830078,3.177217228577719e-07,1.0818824340753347e-06,84.19063589872341
77943.80187988281,2.916138485323539e-07,9.929818377621252e-07,84.19113058491493
77948.57025146484,2.9877079185185884e-07,1.0173521300713841e-06,84.19160988588307
77958.1069946289,2.6789360129024927e-07,9.122114120186998e-07,84.19256040636826
78125.0,4.538310101371223e-07,1.5453516791038244e-06,84.21046466376202
78630.44738769531,3.061019576449991e-07,1.0423156718196547e-06,84.2710924551951
78635.21575927734,3.0449144358552263e-07,1.0368316688528227e-06,84.2715881625498
78687.66784667969,3.541259508898614e-07,1.2058434099876468e-06,84.27735458515218
79250.33569335938,1.9445089447484996e-07,6.621297566007162e-07,84.32503541095613
79321.86126708984,2.1023370081977498e-07,7.158721976003541e-07,84.33020899630252
79326.62963867188,2.1037357247990577e-07,7.163484781982288e-07,84.33055046432099
79398.15521240234,2.429674974301973e-07,8.273348928006561e-07,84.33564460214642
79936.98120117188,1.2150310303095413e-07,4.137333502804885e-07,84.36758215241412
80022.81188964844,1.33348628484348e-07,4.5406885455495054e-07,84.37145748635854
80027.58026123047,1.2465460417045537e-07,4.2446460810298583e-07,84.3716669450584
80370.90301513672,1.7045101993544316e-07,5.804071647343133e-07,84.3852651043627
80575.94299316406,9.531585435257605e-08,3.245624743105682e-07,84.39268449422474
80728.53088378906,1.0462037702463648e-07,3.5624554446962086e-07,84.3980147332561
80733.2992553711,1.0324122475176516e-07,3.5154935749029215e-07,84.39818348471093
80795.2880859375,1.2156048092614384e-07,4.1392872923145106e-07,84.40040572311062
81057.54852294922,8.56167153089307e-08,2.915356857655763e-07,84.40929933930435
81439.01824951172,9.722350509110324e-08,3.3105826504782063e-07,84.42168599773333
81443.78662109375,9.617465782548869e-08,3.2748680816885776e-07,84.42184300711398
81591.60614013672,1.3163988672117686e-07,4.4825037390050273e-07,84.42664255161162
81701.27868652344,8.728632627681518e-08,2.9722092113962196e-07,84.43031020656008
82159.04235839844,9.941156946187088e-08,3.385088994774322e-07,84.4460344118889
82163.81072998047,1.0434070735730195e-07,3.552932340713534e-07,84.44619982720776
82807.54089355469,1.3910885516711e-07,4.7368315101639187e-07,84.46750065526484
82879.06646728516,8.495454999567598e-08,2.892809295769824e-07,84.4698657246847
82883.83483886719,9.34852962098767e-08,3.183291935599582e-07,84.47001059022689
82888.60321044922,8.869516440676875e-08,3.020181921966426e-07,84.47015849256914
83165.16876220703,1.1069076702955856e-07,3.7691598605995433e-07,84.47939214877859
83508.49151611328,8.32018352546145e-08,2.833127154012455e-07,84.49111116761063
83613.39569091797,9.449187271003517e-08,3.217567131651001e-07,84.49466456702959
83618.1640625,9.26293435874051e-08,3.1541456720604255e-07,84.4948164805009
83708.7631225586,9.213615161446403e-08,3.1373518649718633e-07,84.49789311101256
84352.49328613281,1.487040109244457e-07,5.063558633909414e-07,84.52327053859186
84357.26165771484,1.457079690582369e-07,4.96153963949975e-07,84.52350955556044
84438.32397460938,1.3898507733174991e-07,4.7326167191638114e-07,84.52761200636333
85058.21228027344,2.624922001437161e-07,8.938189616465087e-07,84.56639155619834
85096.35925292969,2.5740984034955877e-07,8.765128872129045e-07,84.56949371952793
85101.12762451172,2.451428165790912e-07,8.347421281465048e-07,84.56990171451719
85144.04296875,2.22444604403695e-07,7.574518603719312e-07,84.57332459481289
85577.96478271484,3.2821599471736923e-07,1.1176167498822267e-06,84.61409295474473
85844.9935913086,2.6128543647357193e-07,8.897097795450579e-07,84.63998521160431
85849.76196289062,2.6984449954156576e-07,9.188544659773125e-07,84.64041640692194
85935.59265136719,4.0100746497854395e-07,1.3654808629108951e-06,84.64800932849276
86536.40747070312,1.5609633311345912e-07,5.315276503603174e-07,84.69096793507487
86603.16467285156,1.7448425428014274e-07,5.941408350379743e-07,84.69483617982785
86607.9330444336,1.691114229578306e-07,5.758456685111916e-07,84.6951151263476
86727.14233398438,1.816085850826979e-07,6.184000776245336e-07,84.70151878836761
87361.33575439453,1.1107215703363718e-07,3.7821466700072616e-07,84.73050001129191
87366.10412597656,1.1121883748740957e-07,3.7871413239746136e-07,84.73068047718074
87370.8724975586,1.1928722838502013e-07,4.0618801836554715e-07,84.73086761243626
87680.81665039062,1.478171743361432e-07,5.033360732483288e-07,84.74296772389314
87871.55151367188,9.196578742689403e-08,3.131550750075794e-07,84.75024572297147
88138.58032226562,1.1307381751274017e-07,3.850305727305769e-07,84.76057070547724
88143.34869384766,1.2125941172244604e-07,4.1290355071991597e-07,84.76076094779717
88429.45098876953,9.415894520213624e-08,3.206230531201507e-07,84.7714737477987
88896.7514038086,1.5131029038505312e-07,5.152305728107463e-07,84.78886894887236
88915.82489013672,1.149669603910053e-07,3.9147696237862346e-07,84.7896634326865
88920.59326171875,1.0684942459443233e-07,3.638357318473973e-07,84.78984351326584
89211.46392822266,1.2697916470144082e-07,4.323800291286479e-07,84.80091647299966
89621.54388427734,1.0164317456291835e-07,3.461077955708446e-07,84.81665517174986
89697.83782958984,1.1042965710718478e-07,3.760268739279978e-07,84.81954357332417
89702.60620117188,1.208614453213454e-07,4.115484250620594e-07,84.8197313459079
90017.31872558594,9.982549316674264e-08,3.3991836176197546e-07,84.83151742495578
90112.68615722656,1.3428639896051729e-07,4.5726208099296834e-07,84.83511519933622
90489.38751220703,1.249161507904842e-07,4.253552072453921e-07,84.84994631056193
90494.15588378906,1.324202500119737e-07,4.5090760907132e-07,84.85015522789752
90827.94189453125,1.1363568724019157e-07,3.8694380983284604e-07,84.86451797501027
91271.40045166016,1.679884330253142e-07,5.72021746524665e-07,84.88556494173652
91285.70556640625,1.5480914751718278e-07,5.271446214837254e-07,84.88633598133303
91290.47393798828,1.5327596831560166e-07,5.219239534363511e-07,84.88658609877204
91300.01068115234,1.489518933758463e-07,5.071999343202869e-07,84.88707638261329
92034.33990478516,2.452446290439161e-07,8.350888123967135e-07,84.93551066554659
92091.56036376953,2.288130620771017e-07,7.791372598688212e-07,84.94005590644606
92096.32873535156,2.466755728610301e-07,8.399613560992961e-07,84.94044192963752
92105.86547851562,2.1442284102971963e-07,7.301367469873238e-07,84.94121170808776
92549.32403564453,3.48444326603312e-07,1.186496764573083e-06,84.98214545984747
92902.18353271484,2.6496307453708114e-07,9.022325997790983e-07,85.01662668398478
92906.95190429688,2.681311292342177e-07,9.130202245476955e-07,85.01705947398388
92926.025390625,2.904824921795431e-07,9.89129427062044e-07,85.01889020004998
93712.80670166016,1.540488447182998e-07,5.245556948113806e-07,85.07638603801632
93722.34344482422,1.6154135689583618e-07,5.500686412950581e-07,85.07690518158768
93727.11181640625,1.653967111435942e-07,5.631966074922397e-07,85.07717060470645
93746.18530273438,3.176737141983e-07,1.0817189585505925e-06,85.07834286317633
94509.12475585938,9.956052826584843e-08,3.390161229432206e-07,85.11335862500196
94552.04010009766,1.0892274116534978e-07,3.70895635583841e-07,85.11491150248773
94556.80847167969,1.0399518054151321e-07,3.5411667179811165e-07,85.11508435889189
94985.9619140625,1.3751095224590185e-07,4.682420905617794e-07,85.12974765185474
95067.02423095703,8.528660091826328e-08,2.904116047386758e-07,85.13247980126567
95381.7367553711,1.0603889382627884e-07,3.610757726212685e-07,85.14273762441121
95386.50512695312,9.928408018370004e-08,3.380747824477706e-07,85.14290431489313
95701.21765136719,8.284960013051961e-08,2.8211331049435095e-07,85.15319383081065
96201.89666748047,1.3820483771158801e-07,4.7060485785963297e-07,85.16901226142572
96225.73852539062,1.0020883648231642e-07,3.4122369397410476e-07,85.16987639487881
96230.50689697266,8.802939096892697e-08,2.997511498899464e-07,85.17002921519034
96616.74499511719,1.0739653295931429e-07,3.6569870465321467e-07,85.18236124582526
96712.11242675781,8.309504252681101e-08,2.8294907272910346e-07,85.1854924149139
97074.50866699219,8.487913725574157e-08,2.8902413971097427e-07,85.19686890290737
97079.27703857422,7.939218441469858e-08,2.7034037505701787e-07,85.19700226580017
97422.59979248047,1.1792137420411566e-07,4.0153711306219656e-07,85.20734531800919
97494.12536621094,7.644150461186005e-08,2.6029293914813953e-07,85.20953530330499
97928.04718017578,8.894658903529727e-08,3.0287432468469625e-07,85.22322138714415
97932.81555175781,9.078629973447752e-08,3.0913877104146784e-07,85.22336730243683
97942.35229492188,8.610933922131349e-08,2.932131321567725e-07,85.22365683666054
98638.53454589844,1.5479135039288903e-07,5.270840200367193e-07,85.24745738981916
98791.12243652344,1.208994185734727e-07,4.11677728762391e-07,85.25346204541889
98795.89080810547,1.2400790784262757e-07,4.2226252575568873e-07,85.25366087226942
98819.73266601562,1.1624727645970391e-07,3.9583659964966233e-07,85.25465039022777
99568.36700439453,1.762673098721378e-07,6.002123636278617e-07,85.29057630814627
99663.73443603516,1.4882559652547248e-07,5.067698776572755e-07,85.29563356769329
99668.50280761719,1.549675722349565e-07,5.276840775767527e-07,85.29588020073544
99854.4692993164,2.1814497996593843e-07,7.428110982909192e-07,85.30572800504008
100541.1148071289,1.1450703978423194e-07,3.899108748569336e-07,85.33930264786214
100545.88317871094,1.2150063291916226e-07,4.1372493923910993e-07,85.33949424957108
100550.65155029297,1.2093283809601127e-07,4.117915264406374e-07,85.33969106803386
101075.1724243164,1.5618230246308996e-07,5.318203868103085e-07,85.35908231068247
101332.6644897461,8.671608264627375e-08,2.952791698439377e-07,85.36758686684642
101428.03192138672,9.137049594112736e-08,3.1112803261396295e-07,85.3706130581879
101432.80029296875,9.531164204191418e-08,3.245481308628777e-07,85.37076461519555
101561.5463256836,2.2488585355145478e-07,7.657646208165326e-07,85.37512257723468
101933.47930908203,6.997073478305477e-08,2.3825915389177885e-07,85.3859351774142
102324.4857788086,8.542616160427581e-08,2.908868264305588e-07,85.39671620514689
102329.25415039062,8.332832284693773e-08,2.8374342156458906e-07,85.39685320767411
102362.63275146484,7.259914239582715e-08,2.472092124533122e-07,85.39775094705743
102796.55456542969,9.57124710339742e-08,3.259130040030501e-07,85.40996471457483
103225.7080078125,7.74035770953992e-08,2.635689169783182e-07,85.42201354078493
103230.47637939453,8.120959291765755e-08,2.765288796301554e-07,85.42214231013416
103511.81030273438,1.1350111682622251e-07,3.864855806450214e-07,85.43015458029092
103702.54516601562,7.301580034855006e-08,2.486279851957428e-07,85.43558899430208
104136.46697998047,7.786606153243567e-08,2.6514373466457056e-07,85.44803515021869
104141.2353515625,8.154249434605554e-08,2.7766245087112347e-07,85.44816456529819
104627.60925292969,6.97816803478364e-08,2.37615399757793e-07,85.46108480187297
104727.74505615234,1.2072968017170356e-07,4.1109974815215656e-07,85.46385764263678
105056.7626953125,8.513098539192091e-08,2.89881714295854e-07,85.4728352915625
105061.53106689453,7.978755962627516e-08,2.7168667738858683e-07,85.47296917990053
105237.96081542969,7.329317468712344e-08,2.495724797108381e-07,85.47789613644213
105948.44818115234,1.1961799129660717e-07,4.0731430768775954e-07,85.4982455338319
105981.82678222656,9.142372869090986e-08,3.1130929682337615e-07,85.49930722410876
105986.5951538086,9.025878358483297e-08,3.073425121931329e-07,85.49945472219403
106158.25653076172,8.483995663966444e-08,2.888907247845134e-07,85.50483885905831
106639.86206054688,1.1877611761390349e-07,4.0444762189481127e-07,85.52180459233671
106916.42761230469,1.1401098645372207e-07,3.882217508656117e-07,85.53222895893951
106921.19598388672,1.1622093689881858e-07,3.9574691013146766e-07,85.53241587163373
107164.38293457031,1.514679551258074e-07,5.157674410864211e-07,85.54202673514736
107836.72332763672,1.0145389725054504e-07,3.4546328251210936e-07,85.56908577973275
107860.56518554688,1.1862290681015641e-07,4.0392591983492806e-07,85.57000420252922
107865.3335571289,1.1375927283371608e-07,3.873646343252236e-07,85.57019286089879
108375.54931640625,1.300968001894726e-07,4.4299597014776847e-07,85.58852300535963
108518.60046386719,8.647549914224224e-08,2.944599527485536e-07,85.59345893245901
108809.4711303711,1.0263399242332969e-07,3.4948165502529235e-07,85.60343037233919
108814.23950195312,1.0328347636316599e-07,3.516932295421455e-07,85.60359754545887
109000.20599365234,8.590885371726012e-08,2.9253045379543434e-07,85.60981079756385
109372.13897705078,2.495848296022703e-07,8.49867741272626e-07,85.62237825208564
109772.6821899414,1.0262683265888734e-07,3.4945727512670493e-07,85.63655307654405
109777.45056152344,9.14566468735907e-08,3.1142138737634105e-07,85.63671064229572
110702.5146484375,1.3446565881488885e-07,4.5787248334706335e-07,85.67282552427154
110740.66162109375,1.2986240912443277e-07,4.421978390861277e-07,85.67443025932097
110745.42999267578,1.2558504255258123e-07,4.276328678384464e-07,85.67463764312218
110816.95556640625,1.5577871186375615e-07,5.30446110049973e-07,85.67765245413663
111708.6410522461,1.0222044812501567e-07,3.4807348466780554e-07,85.71370547345282
111713.40942382812,1.1207786208197531e-07,3.8163921920279567e-07,85.71387945051883
111718.17779541016,1.0609488266221946e-07,3.612664216507514e-07,85.71405657302613
111966.13311767578,9.384234261101603e-08,3.1954498147042275e-07,85.72314261344391
112032.89031982422,1.3312798333773566e-07,4.533175300747206e-07,85.72559663924618
112700.4623413086,1.0681426218338186e-07,3.6371599941452154e-07,85.74991960390052
112705.23071289062,1.0611788063925715e-07,3.61344732655591e-07,85.75009247185002
112876.89208984375,9.821798217080554e-08,3.3444458460426497e-07,85.75644962784415
113253.59344482422,1.428007772395559e-07,4.862546100977157e-07,85.77092953281495
113692.2836303711,1.3921956290090403e-07,4.7406012477641917e-07,85.78923403068384
113697.05200195312,1.318701979546725e-07,4.4903461262251383e-07,85.78945411361951
113825.79803466797,1.1486591292205712e-07,3.911328830356075e-07,85.79510984640328
114469.52819824219,1.7399810511270962e-07,5.924854359678212e-07,85.82358154942617
114698.41003417969,1.3237629426636706e-07,4.5075793422812457e-07,85.833694223754
114703.17840576172,1.3411141225067113e-07,4.566662292335218e-07,85.8339105705337
115513.80157470703,9.970407065869236e-08,3.395049028477426e-07,85.86681272056168
115690.23132324219,1.430102194441555e-07,4.869677871511203e-07,85.87362442138671
115709.30480957031,1.0937368374246349e-07,3.7243115178515015e-07,85.87441378755713
115714.07318115234,1.1242991634669132e-07,3.82838008260754e-07,85.8745938577571
115799.9038696289,9.8418778408614e-08,3.351283210531279e-07,85.87782925273399
116138.45825195312,1.32451482007025e-07,4.510139579432926e-07,85.8909385419966
116729.736328125,1.3114815057359877e-07,4.465759504601427e-07,85.91465877879966
116734.50469970703,1.254104120975885e-07,4.2703822917159074e-07,85.91486706465106
116786.95678710938,1.1451602788806386e-07,3.899414804811381e-07,85.91708863919222
117182.73162841797,2.62968717879879e-07,8.954415644816029e-07,85.93436857246654
117759.70458984375,1.377082309078637e-07,4.689138492223918e-07,85.96114460774025
117764.47296142578,1.2863811154105576e-07,4.380289518044438e-07,85.9613608397542
118122.10083007812,1.766957425470236e-07,6.01671230780456e-07,85.97788429570484
118675.23193359375,1.080079216282878e-07,3.6778055998059256e-07,86.00295887851945
118794.44122314453,1.2139728556436086e-07,4.1337302849545003e-07,86.00784914477734
118799.20959472656,1.2587975992738655e-07,4.286364175735755e-07,86.00804989547305
119338.0355834961,1.5325883166905516e-07,5.218656009991591e-07,86.02968385705134
119452.47650146484,1.0022288671482804e-07,3.412715367832532e-07,86.03421641784485
119843.4829711914,1.100799113629377e-07,3.748359456726361e-07,86.04942460658613
119848.25134277344,1.1183388913570769e-07,3.8080846063022333e-07,86.0496047662518
120129.58526611328,9.910010741780713e-08,3.374483320370856e-07,86.06033306161932
120558.7387084961,1.4201462660236847e-07,4.835776682844204e-07,86.07697011300371
120902.06146240234,1.206028792469593e-07,4.1066797505250384e-07,86.09093554042389
120906.82983398438,1.2057354128724413e-07,4.105680756091105e-07,86.09113133835619
121774.67346191406,1.805579113847247e-07,6.148224015136339e-07,86.12667903027025
121927.26135253906,9.777148415411503e-08,3.329242026902994e-07,86.13278665344116
121965.40832519531,1.1724509848895776e-07,3.9923430918010697e-07,86.1342399990075
121970.17669677734,1.1541199526487437e-07,3.929923621072263e-07,86.13442888056481
122208.5952758789,1.3217787028905e-07,4.5008227562465293e-07,86.14366370747423
122466.0873413086,8.909292428846933e-08,3.0337261462996286e-07,86.15309038267071
123043.06030273438,1.0144643413105363e-07,3.454378696514194e-07,86.17310870189388
123047.8286743164,1.0018504435358545e-07,3.4114267878284947e-07,86.17327239545266
123238.56353759766,8.689412650611028e-08,2.958854315836751e-07,86.1798313589747
123343.46771240234,1.174991671632867e-07,4.0009944497671833e-07,86.18348714481499
124130.2490234375,1.0253192436512167e-07,3.491341004474618e-07,86.21121155514516
124135.01739501953,1.0766432775651003e-07,3.666105796248625e-07,86.21138220197477
124154.09088134766,9.527085750069722e-08,3.2440925436955023e-07,86.21206562087625
124998.09265136719,2.632906368173825e-07,8.965377389595347e-07,86.24478112991974
125222.20611572266,1.0859351413332256e-07,3.6977457612473543e-07,86.25350204946483
125226.97448730469,1.180783572453229e-07,4.020716600651595e-07,86.25368607194774
125427.24609375,1.4095840108218224e-07,4.799810875204948e-07,86.26130194103942
125689.50653076172,8.893785814456379e-08,3.02844594903448e-07,86.27096870435017
126328.4683227539,9.582164167867933e-08,3.2628474378137183e-07,86.29278687736937
126333.23669433594,8.995054149035914e-08,3.0629290908619295e-07,86.29293769563454
126509.6664428711,8.28940512136049e-08,2.8226467202397203e-07,86.29857020130154
126647.94921875,1.2662925391196398e-07,4.3118853887351705e-07,86.30305560993493
127439.49890136719,9.126628002005692e-08,3.1077316429289585e-07,86.32842340437779
127444.26727294922,8.875952383667158e-08,3.0223734415154413e-07,86.32856955747218
127635.00213623047,8.359864869195598e-08,2.846639150724653e-07,86.33463107200605
127863.88397216797,1.1808436192907711e-07,4.0209210676870065e-07,86.34211704349063
128564.83459472656,8.913396220196135e-08,3.0351235388775983e-07,86.36572150518018
128569.6029663086,8.730003091618281e-08,2.972675871606413e-07,86.36586474228007
129084.58709716797,1.2752551509836113e-07,4.3424042095820744e-07,86.3827381892892
129680.63354492188,7.957282761766585e-08,2.709554878870993e-07,86.40160445013878
129699.70703125,9.707178692447679e-08,3.3054164560509925e-07,86.40219027380333
129704.47540283203,8.800514054460648e-08,2.9966857414455755e-07,86.40234052762844
130300.52185058594,1.2119812382936053e-07,4.1269485773426074e-07,86.41961747556496
130600.9292602539,7.538835719440797e-08,2.567068397112331e-07,86.42840413965035
130844.1162109375,8.4307711011783e-08,2.87078361467838e-07,86.43549114437394
130848.88458251953,7.626365294592207e-08,2.596873318528037e-07,86.43562150347366
131015.77758789062,7.405775733138378e-08,2.5217597979507515e-07,86.44034121226724
131521.22497558594,1.1490007498772581e-07,3.9124920916662006e-07,86.45514443068939
131998.06213378906,8.588223815924528e-08,2.924398244722947e-07,86.46958458347336
132002.8305053711,8.407244558230619e-08,2.8627725308529885e-07,86.46972256037671
132203.1021118164,7.42073151652839e-08,2.526852430331047e-07,86.47572870624546
132808.68530273438,2.3052342444546665e-07,7.849612588878178e-07,86.49368877489142
133161.5447998047,1.0023557370736337e-07,3.4131473758879384e-07,86.50402162269572
133166.31317138672,9.14905697423682e-08,3.115368990118494e-07,86.50417727465528
133752.82287597656,6.795758735507484e-08,2.314041336560035e-07,86.52049486119749
133953.09448242188,1.053779258872127e-07,3.5882509364241015e-07,86.52598869911641
134334.56420898438,8.0298330712816e-08,2.734259171906116e-07,86.53650201323863
134339.3325805664,8.223340645114455e-08,2.8001509350211036e-07,86.53663396385802
134491.9204711914,7.295066297704601e-08,2.484061842518281e-07,86.54080815190306
135173.79760742188,1.0454909808260798e-07,3.5600283070549264e-07,86.55963956440422
135517.12036132812,8.421438808396076e-08,2.8676058515906306e-07,86.56947866614243
135521.88873291016,8.172899209843718e-08,2.7829749917843276e-07,86.56961338648802
136389.73236083984,1.2296386789651988e-07,4.187074384043825e-07,86.59444641788744
136590.00396728516,7.48891469965511e-08,2.550069661894771e-07,86.60019301617746
136713.98162841797,8.390806346631137e-08,2.85717511301919e-07,86.6037776876698
136718.75,8.36450749032365e-08,2.84822002162052e-07,86.60391371488991
137114.5248413086,7.205450446103812e-08,2.453546517727285e-07,86.61526813760881
137605.6671142578,1.0306578249493757e-07,3.5095195453606836e-07,86.62917033148005
137920.37963867188,8.198563794397262e-08,2.79171410567197e-07,86.63817387030215
137925.1480102539,8.406187845136898e-08,2.8624127067516737e-07,86.63830867519023
138216.0186767578,7.470842265253801e-08,2.5439157706392753e-07,86.64650308885801
138826.3702392578,1.1946997958010174e-07,4.068103091739524e-07,86.66377263195932
139136.31439208984,1.0001130756654111e-07,3.4055108316777687e-07,86.67349415301189
139141.08276367188,9.622096504851765e-08,3.2764449008847987e-07,86.67365346325101
139160.15625,8.79318645779363e-08,2.994190602603091e-07,86.6742461247473
140042.30499267578,1.3001886234114334e-07,4.4273058197003027e-07,86.70408501266975
140361.78588867188,1.0205646809769543e-07,3.4751511204694334e-07,86.7150107872306
140366.5542602539,1.0074124460560002e-07,3.430366106080656e-07,86.7151754275911
140619.27795410156,2.1075205040494324e-07,7.176372431435411e-07,86.7240085608954
141553.8787841797,8.600772748117726e-08,2.9286713139937886e-07,86.75471168126396
141601.5625,9.117569160156342e-08,3.1046469933237233e-07,86.75619826255291
141606.33087158203,9.091764553444907e-08,3.095860200129913e-07,86.75634609416439
142478.94287109375,1.0504079716258546e-07,3.5767712792600963e-07,86.7821100328802
142755.50842285156,7.42338186472156e-08,2.527754907230827e-07,86.79013203860222
142850.8758544922,8.676164395488385e-08,2.954343118311314e-07,86.79290425455305
142855.64422607422,8.342218070091347e-08,2.8406301936420766e-07,86.79304241748335
143165.58837890625,7.290731204215519e-08,2.482585688652021e-07,86.8019486367046
143342.0181274414,9.512693114733012e-08,3.2391916703114657e-07,86.80699616518311
144109.72595214844,8.692315447483717e-08,2.9598427546875807e-07,86.82888488700087
144114.49432373047,8.02084611847339e-08,2.731199001423716e-07,86.82902057200978
144772.52960205078,7.03701819162207e-08,2.396193216285861e-07,86.84697599760763
144915.58074951172,1.0454704191423753e-07,3.5599582919353593e-07,86.85086106101578
145378.11279296875,7.65907186803999e-08,2.608010318218735e-07,86.86336575464705
145382.88116455078,7.748522082519764e-08,2.638469241486396e-07,86.86349084046725
146131.5155029297,1.0458835945770266e-07,3.5613652062656736e-07,86.88359217503178
146183.96759033203,7.032355483874461e-08,2.394605505643356e-07,86.88506376918346
146660.80474853516,7.617909068452604e-08,2.593993867152564e-07,86.89780905394971
146665.5731201172,7.44310890216925e-08,2.534472211637664e-07,86.89793132610927
147347.45025634766,9.157227080948203e-08,3.1181510142294236e-07,86.91574349012525
147933.9599609375,6.79672215175172e-08,2.3143693919104738e-07,86.93099570097456
147957.80181884766,7.921204748113713e-08,2.697269861379493e-07,86.93160623634031
147962.5701904297,7.294862581433699e-08,2.4839924745653937e-07,86.93172976726072
148434.63897705078,1.9580609633761455e-07,6.667443894207942e-07,86.94395563224194
148615.83709716797,6.757163057582663e-08,2.300899022713026e-07,86.9488298865236
149259.5672607422,6.984792128611022e-08,2.3784095848538177e-07,86.96559581066019
149264.33563232422,7.445051627231313e-08,2.5351337339597695e-07,86.96571295866184
149297.71423339844,6.999868763404836e-08,2.3835433686573567e-07,86.9665873586578
149784.08813476562,9.693636017702684e-08,3.300805004940498e-07,86.97952498184077
150575.6378173828,7.320223044319598e-08,2.4926280311995104e-07,87.00087567799496
150580.40618896484,7.37093258165844e-08,2.509895266563061e-07,87.0009949474446
151000.0228881836,9.661718172418619e-08,3.289936577111337e-07,87.01236115521792
151629.44793701172,6.526651514215829e-08,2.2224069424809766e-07,87.02868981799577
151906.01348876953,7.324911821661037e-08,2.4942246188666567e-07,87.03569467399439
151910.78186035156,7.408497092105683e-08,2.522686454912403e-07,87.03581428647534
152044.29626464844,6.362130736256106e-08,2.1663855479996455e-07,87.03913614563466
152220.7260131836,1.0092062760566181e-07,3.436474322887269e-07,87.04359913699992
153245.9259033203,7.485015594870797e-08,2.5487419676669963e-07,87.06917344146235
153250.69427490234,7.498178126878318e-08,2.553223975393382e-07,87.06929508180943
153436.66076660156,8.82217287569662e-08,3.00406084253316e-07,87.07396626065508
154581.06994628906,6.284743878454275e-08,2.140034349431594e-07,87.10221502021456
154595.37506103516,7.447645450372166e-08,2.53601696336818e-07,87.10254466122551
154600.1434326172,7.521964305215719e-08,2.5613234683350524e-07,87.10266619129179
154652.59552001953,1.0254798921721015e-07,3.491888032896981e-07,87.10398209573627
155787.46795654297,6.235917655844571e-08,2.123408406424437e-07,87.131219386715
155959.1293334961,6.968651219820252e-08,2.3729134023663008e-07,87.1354842371965
155963.89770507812,6.683159649136915e-08,2.2756999312127581e-07,87.13559506877506
156245.23162841797,1.6199410140112856e-07,5.516102932884889e-07,87.14238281666414
156421.66137695312,6.194099600924502e-08,2.1091688326747144e-07,87.14678559476043
157332.4203491211,6.293000665367292e-08,2.1428458892415723e-07,87.16820997876414
157337.18872070312,7.275867068622249e-08,2.477524263499397e-07,87.1683201369728
158309.9365234375,8.944682524112592e-08,3.0457769189266265e-07,87.19084187907079
158605.57556152344,5.927214688151266e-08,2.018291162601666e-07,87.19774311386631
158720.0164794922,6.735512159668963e-08,2.2935266196163464e-07,87.20039337541033
158724.78485107422,6.713768103207384e-08,2.2861224948622276e-07,87.20050256275378
159473.41918945312,5.768457412149177e-08,1.9642323130387744e-07,87.21773316838937
159525.87127685547,8.457784171929629e-08,2.879981905079625e-07,87.21895711476841
160121.91772460938,7.051730088897059e-08,2.4012028023760314e-07,87.23287693983602
160126.6860961914,7.004589555708373e-08,2.3851508578218295e-07,87.23299105539989
160274.50561523438,6.06841905691713e-08,2.0663730264441548e-07,87.23642262291564
160741.80603027344,9.248983662876067e-08,3.1493952846260654e-07,87.24737232992065
161533.35571289062,6.286888801883428e-08,2.1407647228412445e-07,87.26607728870346
161538.12408447266,6.62741358743702e-08,2.2567176959474047e-07,87.26618213285444
161962.50915527344,8.726336817535843e-08,2.9714274591615166e-07,87.27619419616927
162816.04766845703,5.351875993758051e-08,1.8223810996984454e-07,87.29580400400182
162959.09881591797,6.696051356625594e-08,2.2800897197836465e-07,87.29896513848014
162963.8671875,6.214220260561307e-08,2.1160201703885075e-07,87.2990699499075
163536.07177734375,5.6747073572402405e-08,1.9323092400152218e-07,87.31183140078707
164060.5926513672,1.4927713157266894e-07,5.083074112937461e-07,87.32329308083055
164394.37866210938,7.271529225150788e-08,2.4760471732295437e-07,87.33052459734613
164399.1470336914,7.383307166504923e-08,2.514108968369147e-07,87.3306435719398
164403.91540527344,7.534276789848176e-08,2.5655160242370737e-07,87.33076467963711
165681.8389892578,5.662363888299966e-08,1.928106133566622e-07,87.3584552062029
165843.96362304688,6.306864904020483e-08,2.1475668369079146e-07,87.36195225638292
165848.7319946289,6.519056356688852e-08,2.219820695799899e-07,87.36205638301593
165944.09942626953,5.608175349388377e-08,1.9096542544035157e-07,87.36413841469754
166831.01654052734,7.843724407242723e-08,2.670886830650425e-07,87.3836951686841
167307.85369873047,6.770973832443189e-08,2.3056017652854186e-07,87.394543210271
167312.6220703125,6.778311132283827e-08,2.3081002081805818e-07,87.3946532094979
168046.9512939453,8.706478208701263e-08,2.9646653530423447e-07,87.41167756008673
168342.59033203125,6.150261584930307e-08,2.09424143676919e-07,87.41864377183342
168781.28051757812,6.977906892760753e-08,2.3760650754341058e-07,87.42895459840784
168786.04888916016,7.061101749183998e-08,2.404393970594359e-07,87.42906857343317
169262.88604736328,8.415394603762612e-08,2.865547723879977e-07,87.44027516460984
169348.71673583984,6.043648319329537e-08,2.05793827869255e-07,87.44231486367447
170269.01245117188,6.67275534781064e-08,2.272157135730448e-07,87.46346569061674
170273.7808227539,6.554787970708149e-08,2.231987759858639e-07,87.46357307779937
171570.7778930664,5.8986339131221625e-08,2.008559049172932e-07,87.49349563232141
171699.52392578125,8.15851772444805e-08,2.7780779150954766e-07,87.49645859660215
171771.04949951172,6.858247369322595e-08,2.335319502448679e-07,87.4982093056675
171775.81787109375,6.509375597861223e-08,2.216524275640167e-07,87.4983178300801
171871.18530273438,1.505657168229025e-07,5.126952061681315e-07,87.50061190543047
172867.7749633789,5.8467861199954386e-08,1.99090422339494e-07,87.5238916844389
173287.39166259766,7.312928525088503e-08,2.490144155640054e-07,87.53359906467745
173292.1600341797,6.934269380209548e-08,2.3612059534731486e-07,87.53371472987742
173559.18884277344,6.056281050245236e-08,2.0622398824825473e-07,87.53983091670982
174140.93017578125,7.903991087781022e-08,2.6914083934972943e-07,87.55338793444623
174818.0389404297,6.783448774415614e-08,2.3098496399553283e-07,87.56922526104043
174822.80731201172,6.718601893900925e-08,2.287768461399958e-07,87.56933487679792
174927.7114868164,6.045249956403106e-08,2.0584836562638638e-07,87.57181410722691
175352.0965576172,8.177444938442319e-08,2.784522869555059e-07,87.58167433131378
176358.22296142578,6.96158730412874e-08,2.370508050212946e-07,87.60526546008046
176362.9913330078,6.920906325679279e-08,2.356655665305298e-07,87.6053781644461
177798.27117919922,8.103187501245025e-08,2.75923727806934e-07,87.63883233891008
177836.41815185547,6.159116988164224e-08,2.097256812966718e-07,87.63974205671768
177912.71209716797,6.538885654926656e-08,2.226572821292157e-07,87.64148507718411
177917.48046875,6.390678956648942e-08,2.17610657616521e-07,87.64159004524073
179004.66918945312,8.213034604349762e-08,2.7966415984960793e-07,87.6664090997976
179433.82263183594,5.869816933008943e-08,1.9987465049417192e-07,87.67613841600742
179481.50634765625,6.372987042452953e-08,2.1700822568263725e-07,87.67719069188378
179486.27471923828,6.559274125788366e-08,2.2335153520969567e-07,87.67729568183226
179681.77795410156,1.5135606679151663e-07,5.15386447233189e-07,87.68175168386534
180935.85968017578,5.494467437013028e-08,1.870935279853155e-07,87.70937020274013
181064.60571289062,6.127806503661207e-08,2.0865951991237873e-07,87.71211911793395
181069.37408447266,5.8440045437167035e-08,1.989957061681244e-07,87.71221631051371
181188.58337402344,5.521838856480876e-08,1.8802555925002158e-07,87.71483562146433
181446.07543945312,7.726310917899942e-08,2.630906060528417e-07,87.72036605576858
182662.0101928711,7.392839384628009e-08,2.5173548085504166e-07,87.74635165046514
182666.77856445312,6.663915047607675e-08,2.2691469023049477e-07,87.74646576955882
183811.18774414062,5.516271850856869e-08,1.8783599570551986e-07,87.77079735698352
183882.7133178711,7.389280265058688e-08,2.516142883565185e-07,87.77236541415677
184273.71978759766,6.256557810767689e-08,2.1304366388182007e-07,87.78067896818472
184278.4881591797,6.677798368151274e-08,2.2738743475950137e-07,87.78078397514145
185098.64807128906,7.635671501947477e-08,2.6000421991997673e-07,87.79821539278791
185637.4740600586,5.386046873200758e-08,1.8340167140006252e-07,87.80937219554717
185894.96612548828,6.044536307604228e-08,2.058240649870514e-07,87.81466304687416
185899.7344970703,6.058289106855417e-08,2.0629236510186247e-07,87.81476130308783
187072.75390625,5.387122620742454e-08,1.8343830195709187e-07,87.83900868476061
187497.13897705078,1.234148602774009e-07,4.2024312419378453e-07,87.84793812403996
187535.28594970703,7.402177282698206e-08,2.5205344803092326e-07,87.84880968173559
187540.05432128906,6.307470386857147e-08,2.1477730114304586e-07,87.84892098285948
187706.94732666016,5.383736688758428e-08,1.8332300671370898e-07,87.85233045792299
188751.220703125,7.713158940406788e-08,2.626427646746944e-07,87.87389697009891
189189.91088867188,6.589064655561939e-08,2.2436594022342694e-07,87.88300551926228
189194.6792602539,6.127440556712281e-08,2.086470589584255e-07,87.8831087576063
189967.15545654297,7.618443083209609e-08,2.594175705894953e-07,87.89947106397442
190715.78979492188,5.466046415285206e-08,1.861257564433121e-07,87.9155076158701
190858.8409423828,6.251300952330669e-08,2.128646612391843e-07,87.91857300695501
190863.60931396484,6.427401946184285e-08,2.1886112160581533e-07,87.91867593840271
191187.85858154297,7.524953659607802e-08,2.562341381110084e-07,87.92567296918831
192317.96264648438,5.71764001749766e-08,1.9469283509034688e-07,87.95016978394568
192542.07611083984,6.153943968227504e-08,2.0954953346043575e-07,87.95494320817966
192546.84448242188,6.443419250705906e-08,2.1940653097371476e-07,87.95504547927503
192785.26306152344,5.54928935899627e-08,1.8896028339197896e-07,87.960099496412
193104.74395751953,7.099325333579492e-08,2.4174095819138887e-07,87.96697085861169
194239.61639404297,6.627403183547675e-08,2.2567141532922075e-07,87.99175380851334
194244.384765625,6.519888652789402e-08,2.2201041030919894e-07,87.9918605441781
195307.73162841797,1.281793374762682e-07,4.364667684024446e-07,88.01578412824198
195899.00970458984,5.908604164735783e-08,2.0119540452679632e-07,88.02915692394181
195951.4617919922,6.453911638268879e-08,2.1976380996911327e-07,88.0303317267679
195956.23016357422,6.424436688686635e-08,2.1876015085788023e-07,88.03043627902754
196056.36596679688,8.252978738119572e-08,2.810243078521182e-07,88.03279816533724
196723.93798828125,6.068704993689631e-08,2.066470391512128e-07,88.04824986244118
197682.38067626953,6.58448930020642e-08,2.242101436180118e-07,88.07094807049994
197687.14904785156,6.824156466380689e-08,2.323711121151085e-07,88.07105692795416
197963.71459960938,6.146541432475309e-08,2.092974678060675e-07,88.07761279163483
198493.00384521484,8.50754420235624e-08,2.8969258213952575e-07,88.09040659647414
199422.83630371094,7.463587888050122e-08,2.54144556394512e-07,88.11280874299482
199427.60467529297,7.491638155415037e-08,2.5509970328406863e-07,88.11293015628763
199713.70697021484,8.224271096238422e-08,2.800467765333407e-07,88.11966726502152
200071.3348388672,5.949039641690241e-08,2.0257228338282812e-07,88.12809517016366
201182.36541748047,7.256148025953633e-08,2.470809681415405e-07,88.15483287537532
201187.1337890625,7.01377860589693e-08,2.388279845004518e-07,88.15494872509738
201635.36071777344,6.607501202930009e-08,2.2499372785352998e-07,88.16616485317105
202145.57647705078,8.842202571578123e-08,3.010881205943996e-07,88.17906150306723
202956.1996459961,6.979503008349688e-08,2.3766085728704444e-07,88.19974386879534
202960.96801757812,7.148877716565246e-08,2.4342827916638115e-07,88.19985856938368
203118.32427978516,1.259509919471443e-07,4.288789715614692e-07,88.20399503956196
203661.91864013672,6.855945614021528e-08,2.334535725813778e-07,88.2179564397239
204744.3389892578,8.410794855469114e-08,2.8639814517235936e-07,88.24667697539188
204749.10736083984,7.779843068132211e-08,2.6491344310891865e-07,88.24680841831739
205798.14910888672,9.032349674077999e-08,3.0756286862971183e-07,88.2749233624218
206246.37603759766,6.54013358483465e-08,2.2269977571241398e-07,88.28631027252484
206551.55181884766,6.915708048192285e-08,2.3548855864293423e-07,88.2939054113838
206556.3201904297,6.853678352340721e-08,2.3337636946904876e-07,88.29401719749377
206756.591796875,6.274749713068778e-08,2.1366312103964158e-07,88.29889158921566
207014.0838623047,9.072457893999205e-08,3.0892860397208907e-07,88.30513662748245
208373.0697631836,7.628581716246955e-08,2.5976280379829133e-07,88.33888091360251
208377.83813476562,8.09837673185148e-08,2.757599150573854e-07,88.3390085921682
209465.02685546875,8.697785300729867e-08,2.9617053085258107e-07,88.36674965142211
210056.30493164062,6.383700872567927e-08,2.1737304507549465e-07,88.38136756816978
210208.89282226562,7.448806448023162e-08,2.5364122976730925e-07,88.38518701553059
210213.66119384766,7.529847555219242e-08,2.564007814128448e-07,88.38530861902217
210933.68530273438,1.0894062327288939e-07,3.709565264094897e-07,88.40300612459372
211563.1103515625,6.354116915624934e-08,2.163656741265025e-07,88.41856071038887
212063.78936767578,7.30096334975649e-08,2.4860698629238045e-07,88.43085081387821
212068.5577392578,7.365753560548664e-08,2.5081317447257835e-07,88.43096988492331
212602.6153564453,8.126363112961985e-08,2.7671288653961386e-07,88.44392206955723
213670.7305908203,5.8415598820649654e-08,1.9891246236362517e-07,88.4692269753085
213932.99102783203,6.705106366349202e-08,2.28317306450186e-07,88.47529862974879
213937.75939941406,6.760223314727234e-08,2.3019410787672e-07,88.47540794738869
214734.07745361328,7.815284403906097e-08,2.6612026517538136e-07,88.49350767068549
215134.6206665039,5.890739154081096e-08,2.0058707844074752e-07,88.50273763000857
215821.2661743164,7.538724059251242e-08,2.5670303754131596e-07,88.51870172868385
215826.03454589844,7.218854360502381e-08,2.458110719194288e-07,88.51882153738381
216579.43725585938,7.884287014578385e-08,2.6846989087047765e-07,88.53649488272744
217399.59716796875,5.978460138912771e-08,2.0357408832271465e-07,88.5555223988801
217723.84643554688,7.176779730684884e-08,2.4437837784644125e-07,88.56300833993053
217728.6148071289,6.88191630832088e-08,2.3433790739205698e-07,88.56312247478704
218257.90405273438,5.863482520254706e-08,1.9965895577152747e-07,88.57543053623877
218744.27795410156,9.719619743143575e-08,3.309652790314909e-07,88.58672128249795
219645.50018310547,6.650068085516196e-08,2.2644318375251986e-07,88.60803993632352
219650.2685546875,6.580590190426741e-08,2.2407737402513592e-07,88.60814734879476
220413.2080078125,7.892455450808533e-08,2.6874803639958323e-07,88.6260709302533
221304.89349365234,5.501643738118054e-08,1.8733789006535617e-07,88.64546258809821
221581.45904541016,6.344799873785503e-08,2.1604841713151452e-07,88.65132060647902
221586.2274169922,6.208440485728534e-08,2.1140520843513792e-07,88.65142251936507
221629.14276123047,7.291560363832552e-08,2.4828680279320183e-07,88.65235600933991
223083.49609375,5.37293882948942e-08,1.829553260224524e-07,88.6824626264639
223536.49139404297,6.135954138370568e-08,2.089369571235343e-07,88.69156457890715
223541.259765625,5.984109845184659e-08,2.0376646792830986e-07,88.69166297507132
224227.9052734375,5.1967052064076145e-08,1.7695434946376087e-07,88.70558921873072
224924.08752441406,6.989778065068181e-08,2.3801073589379747e-07,88.71957759972737
225505.82885742188,6.389882391205392e-08,2.1758353356113013e-07,88.73144377187839
225510.5972290039,5.727266359575175e-08,1.9502062414752524e-07,88.7315421443754
225572.5860595703,5.406167385672764e-08,1.840868001602953e-07,88.73278934541793
226554.87060546875,8.887740622034945e-08,3.026387484969597e-07,88.75352378676557
227494.2398071289,5.940529195115719e-08,2.0228249197126533e-07,88.77371291466551
227499.00817871094,6.465532120749702e-08,2.2015950201554946e-07,88.77381363268547
228886.60430908203,5.058766072749034e-08,1.7225734844241137e-07,88.80180666258644
228934.28802490234,7.006478187030545e-08,2.385793960545031e-07,88.80271654584264
229501.72424316406,5.7277769926095374e-08,1.9503801184469515e-07,88.81376777624934
229506.4926147461,5.5277022435226254e-08,1.882252149546299e-07,88.81385915332329
229759.21630859375,6.542712109252425e-08,2.2278757771248917e-07,88.81877535184563
230035.78186035156,4.9144603584734475e-08,1.6734355734222463e-07,88.82411092742008
231528.28216552734,5.3379763948401866e-08,1.8176481114171683e-07,88.85266511328801
231533.05053710938,5.305135311954303e-08,1.806465309570738e-07,88.85275151888524
231637.95471191406,4.794402286461989e-08,1.6325542896340763e-07,88.85472106868039
233464.24102783203,6.822869240017726e-08,2.3232728043818565e-07,88.89090825011989
233569.14520263672,6.221125582747294e-08,2.1183715194582077e-07,88.89318787784404
233573.91357421875,6.318348511135593e-08,2.15147714958843e-07,88.89328967896931
234370.23162841797,9.363077301530077e-08,3.1882456038265467e-07,88.91059979467929
234727.8594970703,5.2194343050938574e-08,1.7772830386605456e-07,88.91840932491529
235629.08172607422,6.158308995909809e-08,2.096981681439966e-07,88.93715385613147
235633.85009765625,5.822108910288065e-08,1.9825013230630818e-07,88.93725111858562
235767.36450195312,6.608821759924378e-08,2.2503869448038043e-07,88.9399183715475
236067.7719116211,5.116789106924701e-08,1.7423310574605998e-07,88.94586996496369
237703.3233642578,5.455246261920065e-08,1.8575799763519636e-07,88.97804249244373
237708.09173583984,5.985802960986189e-08,2.038241206512038e-07,88.97813537605882
238008.4991455078,5.066423081833331e-08,1.725180792338519e-07,88.98400162270946
239715.576171875,6.992272255343048e-08,2.3809566621021867e-07,89.01838177330455
239801.40686035156,6.086088866893708e-08,2.0723898190182235e-07,89.02026206110376
239806.1752319336,6.292519594650978e-08,2.1426820786110474e-07,89.02036255624903
239877.70080566406,5.8800691841988207e-08,2.0022375254398744e-07,89.02193380950038
241107.94067382812,8.355490306025838e-08,2.845149556935614e-07,89.051315162876
241918.56384277344,6.854603868912794e-08,2.334078844725797e-07,89.07146075707398
241923.33221435547,6.884846079396311e-08,2.3443766978267548e-07,89.07157230014626
242180.82427978516,9.51680576436426e-08,3.240592079245905e-07,89.07771378829676
243625.64086914062,5.7271224682105556e-08,1.9501572446555208e-07,89.11034977793354
244050.0259399414,6.639861023976643e-08,2.260956204671441e-07,89.11959724204398
244054.79431152344,6.10146805398583e-08,2.077626625685287e-07,89.11970068191935
244388.58032226562,7.284807895308397e-08,2.480568727456992e-07,89.12708718898699
245890.61737060547,5.4910857666153176e-08,1.8697837785430752e-07,89.1593126657942
246200.5615234375,5.892085268734689e-08,2.006329153380448e-07,89.16578013176468
246205.32989501953,5.8846090060057275e-08,2.0037833918737296e-07,89.16587574029819
246224.40338134766,5.7561647976466146e-08,1.960046523165938e-07,89.16626645201035
248026.84783935547,8.830133025360968e-08,3.006771373628424e-07,89.2093473465685
248374.93896484375,7.700291674465471e-08,2.6220461808303943e-07,89.21866684005155
248379.70733642578,8.091722523240549e-08,2.7553333088353397e-07,89.21879504676929
249996.18530273438,9.56452680703234e-08,3.2568416945803484e-07,89.26120546316753
250062.9425048828,6.805744109312202e-08,2.3174414819513643e-07,89.26290860020096
250563.6215209961,7.216968104598711e-08,2.457468425330968e-07,89.27590210485367
250568.38989257812,7.765471717231424e-08,2.6442408053233285e-07,89.27602373908024
250921.24938964844,9.341596704146752e-08,3.180931190202752e-07,89.2854071432226
252666.47338867188,6.737588368828961e-08,2.2942335949529599e-07,89.3329544566503
252771.37756347656,7.352596476966019e-08,2.503651592256606e-07,89.33564329074186
252776.1459350586,7.668380705900387e-08,2.611180094610552e-07,89.33576523783216
253181.45751953125,6.187271898203229e-08,2.1068439140091626e-07,89.34585753474266
254945.7550048828,9.043688619922399e-08,3.0794897399951935e-07,89.39172529484995
255002.9754638672,8.13884923990367e-08,2.7713805486887823e-07,89.39330955691992
255007.74383544922,7.905177866978773e-08,2.691812506743195e-07,89.3934398095925
255661.0107421875,7.284357351479388e-08,2.480415311615607e-07,89.41177772406978
256948.47106933594,9.697357086004637e-08,3.302072075506422e-07,89.44910539122387
257248.8784790039,8.243270724350792e-08,2.806937377711135e-07,89.458211971657
257253.64685058594,7.970867892074523e-08,2.7141807866347386e-07,89.45834360537177
257258.41522216797,7.905658614757572e-08,2.691976207409434e-07,89.45847249819866
258984.56573486328,1.140516667134003e-07,3.883602722671817e-07,89.51539428497753
259518.62335205078,9.905453845245861e-08,3.3729316397773443e-07,89.53318092193784
259523.3917236328,9.618372243408232e-08,3.2751767430139983e-07,89.53333942519326
259952.54516601562,1.0759231456710783e-07,3.6636536565606237e-07,89.54735964061908
261077.880859375,7.706100055553769e-08,2.624024007657381e-07,89.58323498020079
261807.44171142578,8.584255277535945e-08,2.92304690747948e-07,89.60522937326601
261812.2100830078,8.606620690115518e-08,2.930662611808113e-07,89.60536893657662
261907.57751464844,9.375679282358781e-08,3.1925367368251023e-07,89.60816540813028
263152.1224975586,7.136441175716626e-08,2.4300479930596237e-07,89.64351372493728
264115.3335571289,8.01665895733229e-08,2.729773220382856e-07,89.66998159507828
264120.10192871094,7.745116928147058e-08,2.637309743587414e-07,89.67010955630772
265574.45526123047,9.712052889428976e-08,3.3070761814379937e-07,89.71154684102677
266423.22540283203,7.004968966393539e-08,2.385280051932918e-07,89.73604538150245
266447.0672607422,7.745369626062064e-08,2.637395790406282e-07,89.73668782642578
266451.8356323242,7.991169720926552e-08,2.72109381474533e-07,89.73681558277356
266494.7509765625,8.69825168322527e-08,2.9618641176323456e-07,89.73800580274717
268335.34240722656,6.283758382503184e-08,2.1396987756632195e-07,89.78379726171411
268797.8744506836,6.829575241032059e-08,2.325556282085251e-07,89.79482376297787
268802.6428222656,6.923879353781488e-08,2.3576680187732514e-07,89.7949354197462
269060.1348876953,6.288641784175313e-08,2.141361635363239e-07,89.80108878303042
270838.73748779297,8.21722455598381e-08,2.7980683297348905e-07,89.84436770376469
271167.7551269531,7.28047820004018e-08,2.479094411752844e-07,89.85261151819643
271172.52349853516,7.595518708230377e-08,2.5863696678377785e-07,89.85273228827127
271425.2471923828,6.735348775112301e-08,2.2934709851195098e-07,89.859195245716
273427.96325683594,9.681694265060184e-08,3.296738687944673e-07,89.91520308674184
273556.7092895508,8.134742948903187e-08,2.7699823049481064e-07,89.9188855295109
273561.4776611328,7.963710585161365e-08,2.7117436335956e-07,89.91901622404183
273661.61346435547,9.630127200084808e-08,3.27917945363363e-07,89.92190825045158
275430.67932128906,6.219495773627181e-08,2.1178165489506556e-07,89.96648364989402
275969.5053100586,6.891089074603417e-08,2.3465025162284155e-07,89.97925315782453
275974.2736816406,7.291135023761387e-08,2.4827231942872295e-07,89.97936829553772
276045.7992553711,8.071256967167545e-08,2.7483645295464026e-07,89.98113327656073
277953.1478881836,5.9079111529734116e-08,2.0117180660451472e-07,90.02667898631174
278401.37481689453,6.729153575058815e-08,2.2913614415688947e-07,90.03723587971153
278406.14318847656,7.14279784911232e-08,2.4322125203145115e-07,90.03734849849077
278434.75341796875,6.581366323766972e-08,2.2410380234170625e-07,90.03805505632745
280499.4583129883,9.34304127759246e-08,3.181423085633e-07,90.09411834987183
280857.0861816406,8.64401628164485e-08,2.943396281140994e-07,90.10430630472199
280861.85455322266,7.552901185452415e-08,2.571857865225553e-07,90.1044377986277
280976.2954711914,9.382421366972232e-08,3.194832501447909e-07,90.10756113465531
283322.3342895508,6.052821886283204e-08,2.0610619936389873e-07,90.1650904611673
283336.6394042969,6.806975052372131e-08,2.3178606335478954e-07,90.16540958156948
283341.4077758789,6.426470091278552e-08,2.1882939077404999e-07,90.16551701666577
284953.11737060547,8.268345607964358e-08,2.815475691010583e-07,90.2036982751983
285515.78521728516,5.774614670013877e-08,1.966328936796815e-07,90.216572290598
285835.26611328125,6.092303944014876e-08,2.0745061309604276e-07,90.22399861806808
285840.0344848633,6.383355075609043e-08,2.1736127025405002e-07,90.2240999011137
285873.4130859375,5.931256819310127e-08,2.0196675591091713e-07,90.22485174186012
287528.03802490234,8.687879959063605e-08,2.958332415084389e-07,90.26536325931109
288352.96630859375,6.922550560577098e-08,2.3572155479716277e-07,90.28577026099752
288357.7346801758,6.902925713829052e-08,2.3505330407835258e-07,90.28588250247044
289292.3355102539,5.549670477224321e-08,1.8897326094707108e-07,90.30684476055188
290236.4730834961,7.710536777294719e-08,2.6255347672218324e-07,90.32752298056793
290899.27673339844,7.261980867585077e-08,2.472795837365034e-07,90.34301815787317
290904.04510498047,6.903129466258254e-08,2.3506024210487686e-07,90.3431331566491
292334.55657958984,5.8797665908685243e-08,2.0021344886044413e-07,90.37602630830325
293292.9992675781,8.263192188756157e-08,2.81372088694285e-07,90.39934170955888
293464.66064453125,8.129236349595659e-08,2.7681072386137303e-07,90.40387372198151
293469.4290161133,7.981925956730206e-08,2.7179461967547156e-07,90.404004519688
294117.92755126953,1.20109186142161e-07,4.089868879266339e-07,90.42376868484523
295462.60833740234,6.687433370310429e-08,2.277155187033535e-07,90.46342452420197
296049.1180419922,7.884243684301868e-08,2.68468415420055e-07,90.47834966301517
296053.8864135742,8.121997093134849e-08,2.765642180722734e-07,90.4784796089212
297002.79235839844,6.241123062219639e-08,2.1251809127764595e-07,90.50154201889688
298275.9475708008,8.560040459285592e-08,2.914801457255382e-07,90.53470411349653
298662.1856689453,7.086868263801768e-08,2.413167792951098e-07,90.54473809823104
298666.95404052734,7.465286773652836e-08,2.5420240558639437e-07,90.544856239211
300035.4766845703,6.417411140486467e-08,2.1852092210388932e-07,90.57914389845583
301060.67657470703,1.0541758592580423e-07,3.589601410628415e-07,90.60708060784765
301294.32678222656,9.183156928923049e-08,3.1269804536488955e-07,90.61474623530457
301299.0951538086,9.260136655557583e-08,3.153193018932984e-07,90.61489596630817
301399.23095703125,9.829823244512342e-08,3.347178468833856e-07,90.61810060007502
302519.7982788086,6.314864055993817e-08,2.150290648780017e-07,90.64920736580797
303950.30975341797,7.77221970952616e-08,2.646538581585929e-07,90.68511709489422
303955.078125,7.635193238609603e-08,2.5998793445169166e-07,90.68524217924497
304002.7618408203,6.841742870662182e-08,2.3296995130367765e-07,90.68649376348446
305209.1598510742,1.1894375835235004e-07,4.050184596975571e-07,90.72564830318353
306634.90295410156,7.536671361095499e-08,2.566331405869251e-07,90.7671177726997
306639.6713256836,7.910774942807228e-08,2.693718381471095e-07,90.76724318205933
306730.2703857422,6.869972002176511e-08,2.339311887425237e-07,90.76965731684523
308284.7595214844,1.46839710914727e-07,5.000076873385786e-07,90.82061270948567
309338.5696411133,7.696610351946869e-08,2.6207926442036827e-07,90.85898172461769
309343.3380126953,8.105891190503076e-08,2.7601579182727144e-07,90.85911001647644
309619.9035644531,7.105265685524071e-08,2.419432346477564e-07,90.86716545328744
311975.47912597656,1.39392168055899e-07,4.7464786704201016e-07,90.93744693438262
312066.07818603516,1.2367049592479144e-07,4.211135957307877e-07,90.94120196955184
312070.8465576172,1.2591843837294676e-07,4.287681225462558e-07,90.94140459714353
312170.98236083984,1.5063466857569726e-07,5.129299955601706e-07,90.94574681886787
313501.35803222656,7.093363599978731e-08,2.4153795366273135e-07,90.99095254131777
314817.4285888672,1.1520078667486158e-07,3.922731702892877e-07,91.03263839312746
314822.1969604492,1.174333535759239e-07,3.998753414327401e-07,91.03282725605006
315623.28338623047,2.2327916845309923e-07,7.602936559439809e-07,91.07587973602583
317225.45623779297,6.809992444620333e-08,2.3188880935656375e-07,91.13594206948106
317592.6208496094,7.747232201950253e-08,2.638030020926449e-07,91.1457490604936
317597.3892211914,8.531851698039911e-08,2.905202829451234e-07,91.14588122146358
317649.84130859375,7.173526653890577e-08,2.4426760648939324e-07,91.14731254365901
319299.69787597656,1.4931679055756274e-07,5.08442455126204e-07,91.20483122163316
320391.6549682617,7.828370897858663e-08,2.6656587675659683e-07,91.24112660034498
320396.42333984375,8.1897734813079e-08,2.788720893487463e-07,91.24125664288985
321054.45861816406,6.880955282060753e-08,2.3430518323897847e-07,91.25921950245313
322670.93658447266,2.3609276983993103e-07,8.039255805507298e-07,91.33062809977865
323219.29931640625,1.1242833873454411e-07,3.828326362929373e-07,91.35796857371338
323224.0676879883,1.1207806469985506e-07,3.816399091421645e-07,91.35815083817143
325398.44512939453,6.910684419909852e-08,2.353174977804536e-07,91.42565844668982
326070.78552246094,9.023568126168325e-08,3.0726384587665574e-07,91.44600204937717
326075.55389404297,9.409417427715441e-08,3.2040249997274126e-07,91.4461516966955
326519.0124511719,1.1918057869809626e-07,4.05824862765594e-07,91.46244664815632
328292.8466796875,6.804437287793006e-08,2.3169964927849412e-07,91.51489153867453
328946.1135864258,8.635294849489361e-08,2.940426523780958e-07,91.5330347488396
328950.8819580078,8.660745100909496e-08,2.949092654540475e-07,91.533175165919
329585.07537841797,1.6170603142651146e-07,5.506293787872091e-07,91.5575464175304
331292.15240478516,7.095830152178333e-08,2.4162194286792255e-07,91.61586700719025
331845.2835083008,8.726511072262894e-08,2.9714867950881117e-07,91.63096006088197
331850.0518798828,8.77223144617582e-08,2.98705515754405e-07,91.63110212359257
332112.31231689453,7.565066197855163e-08,2.576000204978234e-07,91.63914655948885
333476.06658935547,1.3894937476970042e-07,4.731401002014055e-07,91.68608431757416
334773.06365966797,9.111517464734763e-08,3.1025863149054863e-07,91.73039937513077
334777.83203125,9.306392602321512e-08,3.1689437506819183e-07,91.73054890005947
335326.1947631836,7.961249051005597e-08,2.710905450250738e-07,91.7475038022834
336966.51458740234,2.506674961458101e-07,8.535543570472139e-07,91.81531613452822
337724.6856689453,1.1712926475851128e-07,3.9883988075665425e-07,91.85578068768585
337729.45404052734,1.1371680432745455e-07,3.872200237190853e-07,91.85596809897135
339837.07427978516,9.178234508794047e-08,3.125304307673479e-07,91.93363540722906
340485.5728149414,1.6486091392999166e-07,5.613721505794129e-07,91.96004764167242
340704.91790771484,1.3193757570204398e-07,4.4926404232808486e-07,91.96952196793542
340709.6862792969,1.293358232283203e-07,4.4040474786809057e-07,91.96973408150424
342059.1354370117,9.297065277244018e-08,3.1657676791601205e-07,92.01955233945351
343694.68688964844,2.580600332694301e-07,8.78726875895963e-07,92.0954239678979
343708.99200439453,2.2959666959433706e-07,7.818055420387686e-07,92.09657949788149
343713.76037597656,2.498984059726117e-07,8.509355082599191e-07,92.09696877368275
343761.4440917969,2.2673468746680296e-07,7.720601328720092e-07,92.10105960517728
344610.21423339844,7.101698422915847e-07,2.4182176486851506e-06,92.24673561496923
346736.9079589844,3.672774990667331e-07,1.2506260859264345e-06,92.56286878784285
346741.6763305664,4.1054832805779883e-07,1.3979687018868423e-06,92.56350026204878
347657.2036743164,2.421551571182043e-07,8.245687718501225e-07,92.66040170563392
349125.86212158203,7.362198171918074e-07,2.5069210901721223e-06,92.86166655759173
349793.4341430664,5.147570593652954e-07,1.7528125409067057e-06,92.98075564639345
349798.20251464844,4.77065815122722e-07,1.624469112897733e-06,92.98156085308658
349974.6322631836,6.043623670551012e-07,2.0579298854733937e-06,93.01211133438575
352849.96032714844,3.351664356841183e-07,1.141283875703427e-06,93.45706839546
352878.5705566406,3.758407029236018e-07,1.2797848722656977e-06,93.46078693659271
352883.33892822266,4.0623923883344723e-07,1.3832957110168532e-06,93.46142186448141
352888.1072998047,4.2175452584316294e-07,1.4361272150275587e-06,93.46209406728933
355901.71813964844,9.707716379137045e-08,3.305599545132541e-07,93.63067932404017
355992.31719970703,1.0835505723717064e-07,3.6896260039669756e-07,93.63410548522958
355997.08557128906,1.1855574064253876e-07,4.036972105850345e-07,93.63428970168385
356564.5217895508,8.457249601258014e-08,2.8797998770413184e-07,93.65468329705564
358276.3671875,7.287725619699067e-07,2.481562249315475e-06,93.773006105193
359129.9057006836,1.526098790633597e-07,5.196558357418945e-07,93.85949246796135
359134.6740722656,1.5273908759432871e-07,5.20095807043607e-07,93.85974036407065
360589.02740478516,1.84105863831392e-07,6.269036259085496e-07,93.92324815204232
362162.59002685547,7.877771620819236e-08,2.6824803351695124e-07,93.98390277445692
362300.8728027344,9.306717769827618e-08,3.1690544743081853e-07,93.98823317137129
362305.6411743164,9.607333928014527e-08,3.27141805776616e-07,93.98838672420229
362739.56298828125,8.008593745011906e-08,2.7270269141315776e-07,94.00202739599793
365424.15618896484,6.789371818941236e-07,2.3118665111251305e-06,94.16531783663952
365495.6817626953,4.87818487073227e-07,1.6610833135195567e-06,94.17857226139743
365500.45013427734,4.805055392265621e-07,1.636181806170758e-06,94.17935839066219
365529.06036376953,5.286968340780531e-07,1.800279227354995e-06,94.18394648317451
368618.9651489258,8.100042214266721e-08,2.7581662682871483e-07,94.32544420381832
368719.10095214844,9.315932653297961e-08,3.1721922580482913e-07,94.32866126889891
368723.86932373047,9.147708135304391e-08,3.1149096934943075e-07,94.32881116509031
368852.6153564453,8.805121287301653e-08,2.998254562184537e-07,94.33296856821838
371918.6782836914,6.785264652959642e-07,2.3104679694423802e-06,94.50624029550065
371966.3619995117,6.114536017699179e-07,2.082076431717887e-06,94.51574905048578
371971.13037109375,6.650055643030739e-07,2.2644276007023805e-06,94.51678533780125
372443.19915771484,2.4769470728540883e-06,8.434316370161298e-06,94.72378379532017
374140.73944091797,2.1661197441891644e-07,7.375910215591637e-07,95.16848079927178
375247.0016479492,5.756751573541443e-07,1.9602463277394635e-06,95.30657986625847
375251.77001953125,5.521250452204387e-07,1.8800552334422509e-06,95.30749546550001
375475.8834838867,6.872571240337954e-07,2.340196960716276e-06,95.350730768367
377054.21447753906,1.4473092472939692e-07,4.928270051031665e-07,95.50900340405862
378556.2515258789,4.4720825149103876e-07,1.5228003528052264e-06,95.63229765855871
378561.01989746094,4.608024212686107e-07,1.5690902109739e-06,95.63303482271365
378580.09338378906,3.929536663220969e-07,1.3380566653595993e-06,95.63592249376872
379543.3044433594,4.0620765586916705e-06,1.383188167050506e-05,96.16812496536011
381894.1116333008,6.066688539814154e-07,2.0657837636015842e-06,97.08347825187677
381898.8800048828,5.751811963841289e-07,1.9585643284988333e-06,97.0844377312307
382132.53021240234,7.085697889571256e-07,2.412769265802908e-06,97.12864019815459
384774.20806884766,1.0156206544639281e-07,3.4583160882596896e-07,97.3620908445614
385265.3503417969,1.0460799527793054e-07,3.562033830645276e-07,97.38195830971947
385270.1187133789,1.1293595871342285e-07,3.8456114617697957e-07,97.38213492174597
386581.4208984375,1.7539244000971504e-07,5.972333216922218e-07,97.43757349650326
388555.52673339844,8.062480712502459e-08,2.7453761044322093e-07,97.5147998112009
388660.4309082031,9.806617741357131e-08,3.339276703096314e-07,97.51810053450012
388665.19927978516,9.49633825370581e-08,3.2336226343960354e-07,97.51825724463217
389213.56201171875,1.1949722773720184e-07,4.0690309257655507e-07,97.5367251030556
391764.64080810547,6.993560653014993e-08,2.3813953777168585e-07,97.61322276356938
392088.8900756836,8.63482390967103e-08,2.9402661628486374e-07,97.62218816716445
392093.6584472656,7.950441523055642e-08,2.707225351030683e-07,97.62232281385467
392122.2686767578,7.258967441545087e-08,2.471769727891081e-07,97.62314446265948
393953.3233642578,2.303895696932535e-07,7.845054666182985e-07,97.70187163145349
395545.95947265625,9.746179372423696e-08,3.3186966781911493e-07,97.77149664491719
395550.7278442383,1.0836328019221392e-07,3.68990600593025e-07,97.77166374302654
396113.39569091797,1.171591404055542e-07,3.9894161109303685e-07,97.79156589362239
398869.51446533203,6.41956718530923e-08,2.1859433814229697e-07,97.87879574225103
399036.4074707031,7.083426070514543e-08,2.4119956828357915e-07,97.88307708292812
399041.17584228516,7.883064640882287e-08,2.6842826750844284e-07,97.88319858767261
400991.43981933594,1.0719755074367722e-07,3.650211451780399e-07,97.93796669408286
402526.85546875,6.437711650293017e-08,2.1921217999979066e-07,97.98286002423204
402555.4656982422,7.88611400348673e-08,2.685321021410641e-07,97.9835854204786
402560.2340698242,8.217967124991663e-08,2.7983211838231975e-07,97.9837161606969
405111.31286621094,9.003318936063351e-08,3.065743354811506e-07,98.04929047196033
405898.0941772461,5.672727122254473e-08,1.931634945092239e-07,98.06794599903216
406103.13415527344,6.677717753234276e-08,2.273846897201682e-07,98.07249695900512
406107.90252685547,6.299970170408472e-08,2.1452190933808524e-07,98.07260231774858
406303.40576171875,5.955502970774941e-08,2.0279236786869488e-07,98.07699421837664
408387.1841430664,1.0632229340080712e-07,3.620407838227337e-07,98.13317994583478
409684.1812133789,7.316302014652878e-08,2.491292871273473e-07,98.1697163899739
409688.94958496094,7.842583675048205e-08,2.6704983969883717e-07,98.16983945666787
410256.38580322266,8.442615203832198e-08,2.8748166806247e-07,98.18410593779072
413289.07012939453,4.8725731074976636e-08,1.6591724375451027e-07,98.25401384100427
413298.6068725586,5.955216938438647e-08,2.0278262810783023e-07,98.25419104199368
413303.3752441406,5.5747058316568825e-08,1.89825746258677e-07,98.25428464712444
415019.9890136719,6.666413347402402e-08,2.2699976048123672e-07,98.28632050926547
416874.88555908203,4.382472538993885e-08,1.4922870287586436e-07,98.32149344152303
416941.64276123047,5.463698833489418e-08,1.8604581833002942e-07,98.32262848675055
416946.4111328125,5.322245570671873e-08,1.8122915679022496e-07,98.32271605192824
418939.59045410156,6.306995839192268e-08,2.1476114219810037e-07,98.35652697306661
420513.1530761719,3.8479959788779694e-08,1.3102910366012965e-07,98.38181789174031
420618.05725097656,4.313105011979678e-08,1.4686665132027993e-07,98.38333956548925
420622.8256225586,4.1625393025534285e-08,1.4173969951046395e-07,98.38340837460532
422391.8914794922,5.2987571761458377e-08,1.8042934740943156e-07,98.410273990729
424246.78802490234,3.476743637121975e-08,1.1838749440715003e-07,98.43793816588632
424327.8503417969,4.351930720479634e-08,1.481887155354307e-07,98.43905146889523
424332.6187133789,4.331823730244231e-08,1.4750404722436453e-07,98.43912196754357
424685.4782104492,3.5006818148900284e-08,1.1920261947313814e-07,98.4439701604939
426716.80450439453,5.582588421537605e-08,1.900941583600048e-07,98.47434619054931
428071.0220336914,4.3031652502981815e-08,1.4652818993132037e-07,98.49434038089711
428075.79040527344,4.421286620041576e-08,1.505503711616388e-07,98.49441120994554
428099.6322631836,4.0593979627813187e-08,1.382276071447684e-07,98.49477227746144
429487.2283935547,7.911698196265574e-08,2.694032760887711e-07,98.52116703039226
431847.57232666016,4.648187739683365e-08,1.582766397152802e-07,98.5655777822178
431852.3406982422,4.656786659049953e-08,1.5856944373670705e-07,98.5656533242108
434298.5153198242,3.643022084557472e-08,1.2404948471199023e-07,98.60192706373816
435585.97564697266,5.442610533428268e-08,1.853277351849597e-07,98.62058798308891
435652.7328491211,5.117362869929164e-08,1.7425264309812603e-07,98.62171978888382
435657.5012207031,5.424012415728391e-08,1.8469444588181154e-07,98.62180536853876
436787.60528564453,7.556570203305371e-08,2.5731072119588255e-07,98.64567206467983
439443.58825683594,3.769325841330164e-08,1.283502865136747e-07,98.69260385395317
439496.0403442383,3.946659573650267e-08,1.3438872317581064e-07,98.693358493394
439500.8087158203,3.90581175280984e-08,1.3299780349175439e-07,98.69342224330975
439858.43658447266,4.901849776508501e-08,1.6691415116286024e-07,98.6985333166264
441808.70056152344,3.061929967088646e-08,1.0426256712843586e-07,98.72405148027693
443372.7264404297,4.273452568473058e-08,1.4551643573816246e-07,98.74465851209284
443377.4948120117,4.319640373299667e-08,1.4708918859437106e-07,98.74472827471004
443773.2696533203,5.020460230664208e-08,1.709529863326607e-07,98.75060250459772
447072.98278808594,2.602228547232851e-08,8.860915550180589e-08,98.7917667604078
447282.7911376953,2.8589589542521408e-08,9.73511488143474e-08,98.79392444727651
447287.55950927734,2.8721398908591885e-08,9.77999762867519e-08,98.79397097493047
447301.86462402344,3.476183169844379e-08,1.1836840979130912e-07,98.79412610579274
449390.4113769531,2.13739009564419e-08,7.278082148255241e-08,98.81350747900758
451226.23443603516,2.7143225216244152e-08,9.242609633824381e-08,98.82992892123742
451231.0028076172,2.925353528564685e-08,9.961196759061993e-08,98.82997470667976
454945.56427001953,1.498080022281383e-08,5.101150926563939e-08,98.85631120444482
455203.0563354492,1.759197081508117e-08,5.99028736040253e-08,98.85778189801961
455207.82470703125,1.6637470922537613e-08,5.665268139877927e-08,98.85780968702942
455460.5484008789,1.8911657101373324e-08,6.43965714185393e-08,98.85921927324155
458612.44201660156,1.267438054370229e-08,4.315786012263303e-08,98.87533731781846
459218.02520751953,1.4036967522729444e-08,4.779764019259432e-08,98.87828436599165
459222.79357910156,1.3956373043538752e-08,4.75232058525826e-08,98.87830709225231
459914.2074584961,1.634301615010345e-08,5.5650025857758e-08,98.88160308295961
462884.90295410156,1.1500698380539916e-08,3.916132471393725e-08,98.89544644181674
463266.37268066406,1.4208354944979302e-08,4.838123592500377e-08,98.89720529474724
463271.1410522461,1.3758742642328807e-08,4.685024947558343e-08,98.89722799970268
463318.8247680664,1.2499541781591147e-08,4.256251214383525e-08,98.8974468946337
465641.0217285156,1.7404107782296084e-08,5.926317634519706e-08,98.90892689799722
467352.86712646484,1.4754214338317754e-08,5.023995582560135e-08,98.91772861660503
467357.6354980469,1.4068174589442882e-08,4.790390418044069e-08,98.91775201592466
468440.05584716797,1.3013819257316726e-08,4.431369164211959e-08,98.9232088609604
471220.0164794922,1.729390672674436e-08,5.88879278883223e-08,98.93720623367496
471477.5085449219,1.4782121321850979e-08,5.033498261508575e-08,98.93855560736901
471482.2769165039,1.56515689418833e-08,5.329556113329633e-08,98.938580314816
472507.4768066406,1.859073894888238e-08,6.330380473946875e-08,98.94414403026505
474781.99005126953,1.170638759951642e-08,3.986172237918902e-08,98.95596112419224
475630.7601928711,1.3228815360121248e-08,4.5045780417563474e-08,98.95990201127681
475635.5285644531,1.492688741705568e-08,5.082792938008159e-08,98.95992486935047
475735.6643676758,1.5308786734389576e-08,5.21283445965566e-08,98.96039337029308
478258.1329345703,1.031010151046792e-08,3.510719260043182e-08,98.97138349571631
479826.9271850586,1.1682432726807778e-08,3.978015302421737e-08,98.97800106172318
479831.6955566406,1.2090780297759618e-08,4.11706278713146e-08,98.97802036189334
480093.95599365234,1.4121518060956595e-08,4.808554541127689e-08,98.97912131407041
482697.4868774414,9.87908426148669e-09,3.3639524647916614e-08,98.98964653820612
484056.4727783203,1.2657554060613974e-08,4.3100563831033024e-08,98.99513118799827
484061.24114990234,1.295726107506528e-08,4.4121103916827474e-08,98.99515198326435
484285.3546142578,1.0663535203062354e-08,3.631067878384103e-08,98.99608977092876
485825.5386352539,1.495642905597634e-08,5.0928522376791376e-08,99.00269443993706
488328.9337158203,1.3109055941669706e-08,4.463798453262236e-08,99.01360248257427
488333.70208740234,1.2761123863803983e-08,4.3453232039439005e-08,99.01362348515696
488524.4369506836,1.4162463090087681e-08,4.822496838614051e-08,99.01442629645264
489845.27587890625,1.0636032999781493e-08,3.6217030322035186e-08,99.01993184203977
492634.77325439453,1.1466513504339652e-08,3.904492091019525e-08,99.03149863178425
492639.54162597656,1.1842843305848956e-08,4.032637122467133e-08,99.03151755537493
492930.41229248047,1.3944003085824088e-08,4.748108459048765e-08,99.0327171927901
496482.84912109375,1.0276219199270949e-08,3.499181906858714e-08,99.04727949601472
496978.759765625,1.2202119618842735e-08,4.1549752265511654e-08,99.04928181895782
496983.52813720703,1.2526650312210916e-08,4.26548201007081e-08,99.04930189489232
497822.76153564453,1.339640790335346e-08,4.5616454109541744e-08,99.05272608467716
500316.6198730469,9.20398384908484e-09,3.134072281955838e-08,99.06224695741055
501360.8932495117,1.060994628418007e-08,3.612820177383884e-08,99.06613629161204
501365.66162109375,1.0588080809788714e-08,3.605374708297302e-08,99.06615350112972
501403.80859375,1.2979301359709912e-08,4.4196153858595926e-08,99.0662982005585
503387.451171875,8.164073655546816e-09,2.7799697795253373e-08,99.07312598791556
505781.1737060547,9.720440979192416e-09,3.309932431520263e-08,99.08114156713592
505785.9420776367,9.471774278578245e-09,3.225258291863035e-08,99.08115714824478
506076.8127441406,1.0860968178035124e-08,3.6982962899667425e-08,99.08210609011067
510220.5276489258,7.090530771696065e-09,2.4144149229615553e-08,99.094541926663
510244.36950683594,8.238210615913598e-09,2.8052143471347314e-08,99.09460718705044
510249.13787841797,8.070931386621256e-09,2.7482536652747567e-08,99.09462042754996
512018.20373535156,9.54026136277474e-09,3.248579005563934e-08,99.0994400583121
513577.4612426758,6.5054629105308145e-09,2.2151919563845857e-08,99.10363929066291
514740.9439086914,7.220535843092884e-09,2.4586832851685332e-08,99.10656939817005
514745.71228027344,7.745853845521766e-09,2.6375606732235403e-08,99.1065815485625
516881.94274902344,6.3422550264273486e-09,2.159617618776834e-08,99.11200378988185
519227.9815673828,8.665022517129707e-09,2.9505491685711336e-08,99.11797739764377
519280.43365478516,8.044967252353587e-09,2.739412550941275e-08,99.11811703476243
519285.2020263672,8.257328457127649e-09,2.8117242125606407e-08,99.11813026970383
519356.72760009766,8.865885542845388e-09,3.0189455555799934e-08,99.11832192597647
523800.8499145508,6.276206071397256e-09,2.137127118727495e-08,99.12938475374446
523862.8387451172,7.365576505699533e-09,2.508071455322396e-08,99.12953240656591
523867.6071166992,7.584419386960459e-09,2.582590209321667e-08,99.12954454364912
527243.6141967773,9.40195723180174e-09,3.201484709173402e-08,99.13817691122705
528421.4019775391,6.23517798830133e-09,2.123156540321329e-08,99.14137989665487
528478.6224365234,7.0009670636347245e-09,2.383917353701681e-08,99.14152364817144
528483.3908081055,7.059709064176905e-09,2.403919743830189e-08,99.14153506326461
529050.8270263672,1.1814004942518935e-08,4.0228172969816094e-08,99.14312202091982
532426.8341064453,5.472136448716292e-09,1.8633312974258675e-08,99.15138895441106
533142.08984375,6.190667558318533e-09,2.1080001789940665e-08,99.15291702481117
533146.858215332,5.552301592543919e-09,1.8906285373351e-08,99.15292655828495
537419.319152832,1.0378719785390438e-08,3.534084645836603e-08,99.16300290886106
537843.7042236328,7.729814463968693e-09,2.6320990620376193e-08,99.16420054846252
537848.4725952148,7.491020428803561e-09,2.5507866891587988e-08,99.16421290542509
537853.2409667969,7.782720778168038e-09,2.6501143275564848e-08,99.16422530533939
541939.7354125977,5.143403492988351e-09,1.7513935907104438e-08,99.17295001257305
542583.4655761719,6.119644279682423e-09,2.0838158591824675e-08,99.17422448400886
542588.2339477539,5.718434287112566e-09,1.9471988096988442e-08,99.17423409469676
544247.6272583008,6.528520734401209e-09,2.2230434354679185e-08,99.17740863139105
546569.82421875,4.573928305937636e-09,1.5574801258172252e-08,99.18178380648703
547370.9106445312,5.358782731461112e-09,1.8247329307695154e-08,99.18326128128902
547375.6790161133,5.435217012061986e-09,1.8507597648177143e-08,99.18327004434647
547461.5097045898,5.0864980160349375e-09,1.732016559966425e-08,99.1834299982705
551381.1111450195,8.549275049969851e-09,2.9111356999601077e-08,99.1917018311757
552196.5026855469,5.453373393444803e-09,1.856942241076423e-08,99.19362495089175
552201.2710571289,5.593714309779945e-09,1.9047300885044677e-08,99.19363391941746
554037.0941162109,4.342421242881373e-09,1.478649058607804e-08,99.19687495718861
555834.7702026367,2.333752747248189e-08,7.94672167836984e-08,99.2000743409263
557065.0100708008,5.0990115517077006e-09,1.7362775762767882e-08,99.20221815666189
557069.7784423828,4.971365212528014e-09,1.6928123920613717e-08,99.20222633224947
559191.7037963867,4.1982913467227055e-09,1.4295710158864483e-08,99.20579531465144
561957.3593139648,5.632272959794962e-09,1.9178597938823965e-08,99.21027793061063
561981.201171875,5.407165549031519e-09,1.8412078887829864e-08,99.21032029538564
561985.969543457,5.050205622163885e-09,1.7196585433138426e-08,99.2103287851528
564532.2799682617,4.145172524350483e-09,1.4114833886614753e-08,99.2145961719076
565819.7402954102,6.509193802251564e-09,2.2164623719481832e-08,99.21691309982961
566935.5392456055,4.850090578938818e-09,1.6515168537522688e-08,99.21890992200676
566940.3076171875,4.845758789119239e-09,1.6500418248270333e-08,99.21891779353604
569348.3352661133,5.121895739780079e-09,1.7440699301866482e-08,99.22261880520341
570406.9137573242,3.7725006064104576e-09,1.2845839125834847e-08,99.22419606250736
571932.7926635742,4.220595061085629e-09,1.4371657111961809e-08,99.22641885296072
571937.5610351562,3.911365713983313e-09,1.3318692285630618e-08,99.22642545485448
573344.2306518555,5.184362231536817e-09,1.7653405564258806e-08,99.22861196830293
575623.5122680664,3.5352819107453227e-09,1.203807962621367e-08,99.23198409877112
576977.7297973633,4.266212545745437e-09,1.4526990385671394e-08,99.23394042852121
576982.4981689453,4.574979996066258e-09,1.5578382395357374e-08,99.2339476062014
578608.512878418,3.7356754121800784e-09,1.2720444707061995e-08,99.23629858148296
579719.5434570312,5.475848263901143e-09,1.8645952171890188e-08,99.23799833522708
582065.5822753906,4.106667793482501e-09,1.3983720434313865e-08,99.24167045054745
582070.3506469727,4.427966810223282e-09,1.507778400406586e-08,99.24167737935004
584464.0731811523,3.849743073923302e-09,1.3108859444417817e-08,99.24531974823387
586295.1278686523,5.229705726438519e-09,1.780780586837555e-08,99.24806513271841
587201.1184692383,4.927692146828788e-09,1.6779411638062735e-08,99.24950491378365
587205.8868408203,4.889702693194561e-09,1.6650052769561987e-08,99.24951288398907
587968.8262939453,5.45724198459724e-09,1.8582595450286978e-08,99.25076146537226
592117.3095703125,3.884324954125971e-09,1.3226615096729046e-08,99.25731515176561
592379.5700073242,4.708714254024904e-09,1.6033764366782495e-08,99.25769669677995
592384.3383789062,4.209119245587258e-09,1.4332580516591796e-08,99.25770393668074
593004.2266845703,3.6853571771210322e-09,1.2549104786912988e-08,99.2585906375258
593695.6405639648,4.935017687697253e-09,1.68043560262349e-08,99.25959148496861
597600.9368896484,4.416916039394831e-09,1.504015473926534e-08,99.26537960701444
597605.7052612305,4.505865721867733e-09,1.5343039597494218e-08,99.26538685093247
597610.4736328125,4.72179767196589e-09,1.6078315050697666e-08,99.2653943423672
600128.173828125,3.4403724818602528e-09,1.1714901081746175e-08,99.26888982416656
602869.987487793,3.79718851725467e-09,1.292990456787051e-08,99.27254462558403
602874.755859375,3.57377673133384e-09,1.2169159332766317e-08,99.27255060966719
603561.4013671875,4.501495457684867e-09,1.5328158298194995e-08,99.27346032751572
607643.1274414062,3.218775480681402e-09,1.0960335416978927e-08,99.27869378302256
608186.7218017578,3.6458487549699793e-09,1.2414573639534087e-08,99.27937595688377
608191.4901733398,3.775577420473321e-09,1.2856316064766145e-08,99.27938198193338
610165.5960083008,4.435495565473851e-09,1.5103420362772404e-08,99.2819240442677
610933.3038330078,3.121739479624162e-09,1.0629915626753446e-08,99.2828938297817
613551.139831543,3.774494759458895e-09,1.2852629467818884e-08,99.28612935825703
613555.908203125,3.4424268849189828e-09,1.1721896582594399e-08,99.2861352172806
614261.6271972656,3.1595664407815504e-09,1.0758721187929848e-08,99.28700965861255
617294.3115234375,4.411755525097294e-09,1.5022582538916296e-08,99.2908670045482
618963.2415771484,3.840627399983704e-09,1.307781942794899e-08,99.29295867396087
618968.0099487305,3.4686372463479472e-09,1.1811146160387529e-08,99.29296460795268
619173.0499267578,3.1117319527857894e-09,1.0595838738973823e-08,99.29321198683952
620326.9958496094,4.194488948847994e-09,1.4282762515779163e-08,99.29461999095382
624418.2586669922,3.804580778498231e-09,1.2955076147312955e-08,99.29967450060546
624423.0270385742,3.507145153450011e-09,1.1942270428165019e-08,99.29968043659547
625000.0,1.456853685121077e-08,4.9607700624737356e-08,99.30043281036166
628037.4526977539,3.0832464442911106e-09,1.0498841999220236e-08,99.30424796569017
629925.7278442383,3.809581957846503e-09,1.297210579211624e-08,99.30660548579681
629930.4962158203,3.888355685214667e-09,1.3240340243131119e-08,99.30661173533095
630345.344543457,4.359384803958233e-09,1.4844253645472736e-08,99.30715564493109
632739.0670776367,3.1920295233698897e-09,1.0869262067830538e-08,99.31030711006098
635480.8807373047,3.95651094180747e-09,1.3472417465407352e-08,99.31378227056365
635485.6491088867,3.6278897010314933e-09,1.2353420801717715e-08,99.3137884279233
636601.448059082,3.24767773868728e-09,1.1058751241243075e-08,99.31524609210327
640044.2123413086,6.217387403430611e-09,2.1170986223765204e-08,99.32055284019698
641083.7173461914,4.752552200299981e-09,1.6183038088435377e-08,99.3224074507109
641088.4857177734,4.9636191627582295e-09,1.6901747646734722e-08,99.3224153387385
641946.7926025391,6.022665056580004e-09,2.050793213767773e-08,99.32389608498376
643858.9096069336,3.726608906898897e-09,1.2689572116060237e-08,99.32677041798887
646739.0060424805,4.392868772069626e-09,1.4958270769001527e-08,99.33115194474755
646743.7744140625,4.75572604216309e-09,1.6193845419232104e-08,99.33115937199081
648298.2635498047,4.348034916876363e-09,1.4805605852202049e-08,99.33383311559763
651488.3041381836,9.366765454902747e-09,3.1895014664449966e-08,99.33999440297949
652441.9784545898,7.397498675984462e-09,2.5189413558687574e-08,99.34257213753872
652446.7468261719,7.438519919231367e-09,2.5329096052202897e-08,99.34258418209
652484.8937988281,8.300885707373704e-09,2.8265560041970362e-08,99.34267923238113
658135.4141235352,4.869415761742225e-09,1.658097321597604e-08,99.35472911887841
658197.4029541016,5.56043737337604e-09,1.8933988730523395e-08,99.35484735751648
658202.1713256836,5.510385062677951e-09,1.8763554316275355e-08,99.35485634531112
659961.7004394531,6.6370668909478846e-09,2.260004767226405e-08,99.35833121003833
663943.2907104492,4.301387055050998e-09,1.464676401462764e-08,99.36540683088609
664000.5111694336,4.889176102186633e-09,1.6648259660937573e-08,99.36550061550065
664005.2795410156,5.228625771331086e-09,1.7804128485381993e-08,99.3655088295901
664567.9473876953,3.954902311870134e-09,1.3466939878113423e-08,99.36640980685722
669689.1784667969,5.6437289425065365e-09,1.9217607001060076e-08,99.3747341070831
669856.071472168,5.371493636882362e-09,1.8290611539620477e-08,99.3750242300624
669860.83984375,5.972563357245052e-09,2.0337329548908337e-08,99.37503343968123
670518.8751220703,6.307754853734259e-09,2.147869875980561e-08,99.37626188361195
675754.5471191406,4.214848350125582e-09,1.435208883823642e-08,99.38555190383602
675764.0838623047,5.254598201396912e-09,1.7892567876953107e-08,99.38556792301053
675768.8522338867,4.600195422343466e-09,1.5664244093801093e-08,99.38557592357795
677499.7711181641,6.902003464319485e-09,2.3502190032240974e-08,99.38870620438269
679264.0686035156,3.902734672192577e-09,1.3289302502592877e-08,99.39187336755954
681724.5483398438,4.732760728944063e-09,1.611564563880404e-08,99.39606305944424
681729.3167114258,4.610840467484915e-09,1.5700491811599186e-08,99.39607064500254
682849.8840332031,3.882875584730988e-09,1.3221679811615978e-08,99.39789453574932
687689.7811889648,7.303851434203008e-09,2.487053292008448e-08,99.40679192478791
687732.6965332031,6.378707004174181e-09,2.172029975746602e-08,99.40688739947895
687737.4649047852,6.252195657006057e-09,2.1289512705887335e-08,99.40689765381731
687866.2109375,5.8056531712837595e-09,1.976897936927455e-08,99.40719338852132
690870.2850341797,1.6095119044120525e-08,5.4805905027716116e-08,99.4168351154645
693798.0651855469,1.2075227059998636e-08,4.111766714022182e-08,99.42808192600273
693802.8335571289,1.3713962161404356e-08,4.6697766304883465e-08,99.4281028628336
693969.7265625,1.022778632244623e-08,3.48268990303943e-08,99.42878854424272
699844.3603515625,2.034800636090221e-08,6.928752133252125e-08,99.45660590500704
699915.885925293,1.8225901144064444e-08,6.206148611936035e-08,99.45704909252345
699920.654296875,1.7812225806387737e-08,6.065286955635954e-08,99.45707834990577
700082.7789306641,1.98960700631078e-08,6.774862138728935e-08,99.45805330472558
705971.7178344727,4.791726557220799e-09,1.6316431701681654e-08,99.48227089137127
706090.9271240234,5.491828425616699e-09,1.8700366632753106e-08,99.48248949296057
706095.6954956055,5.610828636882264e-09,1.9105577321721646e-08,99.48249850660001
706906.3186645508,4.167447784769347e-09,1.41906839504532e-08,99.48392430974198
709352.4932861328,7.146983944998261e-09,2.4336379386225893e-08,99.4884898137799
712318.4204101562,5.200731207202703e-09,1.7709143985533378e-08,99.49415069114241
712323.1887817383,4.945701413227843e-09,1.684073545562381e-08,99.49415892847558
714011.1923217773,4.323647299198106e-09,1.4722562946171786e-08,99.49707072264255
716199.8748779297,6.808808626522697e-09,2.3184849886115746e-08,99.5010531432037
718598.3657836914,5.839089681038848e-09,1.988283489113011e-08,99.50587036071869
718603.1341552734,5.984670124057605e-09,2.0378554612873545e-08,99.50587995978198
721492.7673339844,4.906210003834705e-09,1.670626223882573e-08,99.51147387726319
723772.0489501953,8.030916610639783e-09,2.7346281306879404e-08,99.51649155189428
724935.5316162109,6.850634721687419e-09,2.3327273001657434e-08,99.51916460650752
724940.299987793,6.740705897066617e-09,2.29529515253477e-08,99.5191756405729
727400.7797241211,5.072234802155931e-09,1.727159756216791e-08,99.52411313687448
730586.051940918,9.083163498680786e-09,3.092931432785922e-08,99.53103406120238
731329.9179077148,7.264678325507726e-09,2.4737143557203175e-08,99.53297549066941
731334.6862792969,6.994490676667114e-09,2.3817120624696208e-08,99.53298706690809
731382.3699951172,7.812487911857014e-09,2.660250411032682e-08,99.5331023938202
737299.919128418,4.4624127572109955e-09,1.5195076786680476e-08,99.5447395519622
737776.7562866211,5.260443525390894e-09,1.7912471940464053e-08,99.54560187273275
737781.5246582031,6.007592705253165e-09,2.0456608885386235e-08,99.54561102063447
741925.2395629883,4.2149212085334075e-09,1.4352336930280275e-08,99.55280391966578
744242.6681518555,9.374890894408417e-09,3.192268280810492e-08,99.55730844083416
744280.8151245117,8.230311277823757e-09,2.8025245231455647e-08,99.55742063463052
744285.5834960938,8.20227843201129e-09,2.7929789865077606e-08,99.55743397535048
746703.1478881836,6.220548295200958e-09,2.118174945786702e-08,99.56529398240723
750832.5576782227,2.403626559775249e-08,8.184650799787639e-08,99.58016497776198
750846.8627929688,2.2139932410661733e-08,7.538925494695426e-08,99.5802697648077
750851.6311645508,2.0202659003989253e-08,6.87925952982891e-08,99.58030414043957
750865.9362792969,1.8862107287102355e-08,6.422784806783704e-08,99.58040421335365
752496.7193603516,9.664875462346957e-08,3.291011674049006e-07,99.61018366347865
757470.1309204102,2.230013943404128e-08,7.593478001477411e-08,99.66381488515054
757474.8992919922,2.1784512994957573e-08,7.417900712656275e-08,99.66385067506639
759210.5865478516,2.9202298466107813e-08,9.94374997747634e-08,99.6778045072285
764117.2409057617,8.7723134227137e-09,2.9870830715864206e-08,99.70376159730384
764145.8511352539,1.0418913704715058e-08,3.547771180985292e-08,99.70385967115935
764150.6195068359,9.676136993176818e-09,3.29484636696079e-08,99.70387598523088
764451.0269165039,1.1837351798565753e-08,4.0307671951568893e-08,99.70493506338855
768647.1939086914,5.539470259765519e-09,1.8862593071125443e-08,99.71613912085654
770888.3285522461,6.468258411432286e-09,2.2025233564282373e-08,99.7210483591455
770893.0969238281,5.9614123718832214e-09,2.029935904101519e-08,99.72105845011473
774159.4314575195,7.902123101015139e-09,2.6907723205052065e-08,99.72835013122338
777659.4161987305,4.813177626267451e-09,1.6389475290218718e-08,99.73566417840912
777683.2580566406,5.226329568374333e-09,1.7796309625463827e-08,99.73570650129533
777688.0264282227,5.501828650463922e-09,1.873441865633431e-08,99.73571521089966
777854.9194335938,6.4462718727841185e-09,2.195036663439285e-08,99.73602574215654
783486.3662719727,3.976842551231194e-09,1.3541649153106132e-08,99.74605605590608
784544.9447631836,4.456233777851109e-09,1.517403658467651e-08,99.74771525979314
784549.7131347656,4.401015569605699e-09,1.4986011639436725e-08,99.74772245050899
785503.3874511719,5.257063775930338e-09,1.7900963468395906e-08,99.7491737447734
791029.9301147461,3.119440975342989e-09,1.0622088930536136e-08,99.75675915738613
791459.0835571289,3.3270640340897772e-09,1.132907156347274e-08,99.75728013695053
791463.8519287109,3.3955049620644156e-09,1.15621215327401e-08,99.75728559463626
792112.3504638672,2.9466691294763936e-09,1.0033779061558387e-08,99.75807186788946
796856.8801879883,1.1649914139523124e-07,3.9669423143843525e-07,99.76426676329493
798439.9795532227,3.4149210674133413e-09,1.1628235813898528e-08,99.76641245959081
798444.7479248047,3.398942407474483e-09,1.157382646677418e-08,99.76641799139354
801219.9401855469,4.3464405878283925e-09,1.4800176961235385e-08,99.76979479802412
805463.7908935547,2.8654122376800954e-09,9.757089123296506e-09,99.77494412507615
805482.8643798828,3.0729486289511086e-09,1.0463776642575777e-08,99.7749644149656
805487.6327514648,3.0928891302370337e-09,1.0531676557865976e-08,99.77496942067171
805892.9443359375,3.755177154167291e-09,1.2786850591746434e-08,99.77541141593113
811619.758605957,2.5862570482170908e-09,8.806530586900199e-09,99.78148115687402
812582.9696655273,2.7823378452746007e-09,9.474210366828163e-09,99.78245141918802
812587.7380371094,2.84929254072989e-09,9.702199527406799e-09,99.78245599120041
816063.8809204102,3.384265779982899e-09,1.1523850703921731e-08,99.7858471030931
819702.1484375,2.132581320171597e-09,7.261707662852052e-09,99.78923622497638
819749.8321533203,2.36245800436399e-09,8.044466689821585e-09,99.78927505005815
819754.6005249023,2.2990135130402217e-09,7.82843021587625e-09,99.78927883445166
819783.2107543945,2.722403691691831e-09,9.270127034473207e-09,99.78930335495775
825042.724609375,1.6679624855008216e-09,5.679622084158771e-09,99.79314726779052
826978.6834716797,1.9481910420426036e-09,6.633835570482326e-09,99.79443395814252
826983.4518432617,1.833039627632656e-09,6.241730518965845e-09,99.7944370279167
830473.8998413086,2.4632524187148473e-09,8.387684350100729e-09,99.79683226789959
834064.4836425781,1.5971776207049798e-09,5.4385907151601206e-09,99.79932351047881
834274.2919921875,2.055569211323509e-09,6.999471744500503e-09,99.7994530166926
834279.0603637695,2.021028275619607e-09,6.881855513358179e-09,99.79945632625892
836048.1262207031,1.4667695529507556e-09,4.994534839798528e-09,99.800525956243
840301.513671875,2.060649932279536e-09,7.016772238484115e-09,99.80310533240643
841631.8893432617,1.8045335134261233e-09,6.144663614171303e-09,99.80390792258314
841636.6577148438,1.908325775708202e-09,6.498089323769976e-09,99.80391093685031
844211.5783691406,1.5625271440866937e-09,5.320601483424639e-09,99.80548345136663
845618.2479858398,2.0886802922960777e-09,7.112219140414329e-09,99.80636046168328
849051.4755249023,1.9571107466410564e-09,6.664208286692627e-09,99.80849542440137
849056.2438964844,1.9218103103100318e-09,6.544005860373712e-09,99.80849857348501
853838.9205932617,2.168841844251137e-09,7.38517930872872e-09,99.81150975419281
856151.5808105469,1.5224367449360338e-09,5.18408863115239e-09,99.81294022193242
856537.8189086914,1.7788277300872156e-09,6.057132188248122e-09,99.81317101532736
856542.5872802734,1.6834851809021227e-09,5.732478814674762e-09,99.81317382618965
857772.8271484375,2.0572890108184137e-09,7.005327878122509e-09,99.81390175343894
859017.3721313477,1.4530427103822965e-09,4.947793214087334e-09,99.8146233802812
864090.9194946289,1.546544985426193e-09,5.266180222712979e-09,99.81751992250955
864095.6878662109,1.7729060885035312e-09,6.036968253743883e-09,99.81752261739014
867342.9489135742,2.001598719778686e-09,6.8156954315825045e-09,99.81937722588907
868639.9459838867,1.4613571582994674e-09,4.97610495515972e-09,99.82011876429267
871710.7772827148,1.7149228263699393e-09,5.839527952185402e-09,99.82187492943024
871715.5456542969,1.7023381491953015e-09,5.796675543318652e-09,99.82187770371735
872979.1641235352,2.00416801755371e-09,6.824444213710794e-09,99.82259387670994
878996.8490600586,1.34874210445586e-09,4.59263653043263e-09,99.82590844189716
879397.3922729492,1.6290295491481388e-09,5.54705053831645e-09,99.82611744456423
879402.1606445312,1.5165965169210951e-09,5.164201920091134e-09,99.82611999832584
882630.3482055664,1.1247744141341497e-09,3.829998370913548e-09,99.827729938931
883078.5751342773,1.6951158745766632e-09,5.772082789717505e-09,99.82794721050762
887155.5328369141,1.3115006546235201e-09,4.465824708972306e-09,99.82983108636799
887160.3012084961,1.3923334109750362e-09,4.741070412690665e-09,99.82983328146284
891046.5240478516,1.0952599568864482e-09,3.729497931219503e-09,99.83152340165572
894832.6110839844,1.5808751950973627e-09,5.383078905205608e-09,99.83322366461485
894980.4306030273,1.4923910563326226e-09,5.081779281866004e-09,99.83329599654172
894985.1989746094,1.5027746416818792e-09,5.117136696181397e-09,99.83329842815277
895190.2389526367,1.5893266336278252e-09,5.41185711654896e-09,99.83339698224553
901789.665222168,1.0583983863747036e-09,3.603979646632654e-09,99.83632737832288
902872.0855712891,1.2017878539517253e-09,4.092238821383632e-09,99.83678375540362
902876.8539428711,1.1695850040849352e-09,3.982584066635744e-09,99.83678568059142
904426.5747070312,1.4299619473114873e-09,4.869200312390961e-09,99.83743649446247
904474.2584228516,1.0413925843048197e-09,3.5460727513430133e-09,99.8374562047608
910830.4977416992,1.3332295115639908e-09,4.539814200232098e-09,99.84012133684628
910835.2661132812,1.2787827174558837e-09,4.354416017169726e-09,99.840123457396
914506.9122314453,1.0230600271701844e-09,3.483648088158989e-09,99.84165343282886
915946.9604492188,1.4525254954048454e-09,4.946032032026152e-09,99.84225485740758
918865.2038574219,1.2025228284050885e-09,4.094741501853307e-09,99.84348102296892
918869.9722290039,1.2905780299095207e-09,4.394580539863481e-09,99.84348304698104
920615.1962280273,1.4134224401435501e-09,4.812881209899929e-09,99.84422466486068
923657.4172973633,1.0620068201019163e-09,3.6162668173960585e-09,99.84550841195261
926966.667175293,1.2595719908463592e-09,4.289001076454539e-09,99.8468832029036
926971.435546875,1.2640098929953337e-09,4.3041126915368666e-09,99.84688525166156
927085.8764648438,1.3569352479490104e-09,4.620535214681758e-09,99.84693193260156
935010.9100341797,9.395030302895055e-10,3.1991260027435036e-09,99.85004529350313
935144.4244384766,1.1821805615322613e-09,4.025473524199679e-09,99.85009404109685
935149.1928100586,1.265632450862669e-09,4.309637705184506e-09,99.85009602834222
937500.0,1.034538568926159e-08,3.522733966779093e-08,99.85097328006194
943136.2152099609,8.344092696242285e-10,2.8412685274282954e-09,99.85293605142115
943388.9389038086,1.0026569502339198e-09,3.414173044589766e-09,99.85301858667194
943393.7072753906,9.895118350518124e-10,3.3694122738073877e-09,99.85302020400471
944337.8448486328,1.0795164788304175e-09,3.6758894079908456e-09,99.85332736222821
950040.8172607422,7.842291533837403e-10,2.6703989192311087e-09,99.85510915348172
951709.7473144531,9.185830850188425e-10,3.127890957476299e-09,99.85561828657715
951714.5156860352,9.336076484862987e-10,3.1790514860951346e-09,99.8556197902694
953860.2828979492,1.0409363677637099e-09,3.5445192766308596e-09,99.85627644308457
955414.7720336914,7.436902384349093e-10,2.5323588142451256e-09,99.8567473565792
960102.0812988281,8.591376482885192e-10,2.925471767481968e-09,99.85815439707793
960106.8496704102,9.113643948741656e-10,3.1033104094598995e-09,99.85815583445161
961885.4522705078,7.29893513406799e-10,2.485379229967969e-09,99.85869366646769
962157.2494506836,1.0280196613371311e-09,3.5005362663936932e-09,99.85877562866027
968565.9408569336,8.656091258033293e-10,2.9475079624981983e-09,99.86067615417814
968570.7092285156,8.534434582707436e-10,2.9060823341718753e-09,99.86067754978282
972523.6892700195,1.0078080966048627e-09,3.4317133459703195e-09,99.86183977543504
976614.9520874023,6.890868612033751e-10,2.3464274459501396e-09,99.86299045122452
977110.8627319336,7.481117850113106e-10,2.5474147365453956e-09,99.86312093567258
977115.6311035156,7.802226525811293e-10,2.6567562800012e-09,99.86312217644364
981802.9403686523,9.016075412329818e-10,3.0700870954500922e-09,99.86436157436816
984616.2796020508,6.43900136377742e-10,2.192560963663272e-09,99.86509307223514
985727.3101806641,7.179952648314161e-10,2.4448641968308393e-09,99.86537591113462
985732.0785522461,7.331793597670889e-10,2.496567950167184e-09,99.86537708926386
987577.4383544922,8.62079884264955e-10,2.9354904510997555e-09,99.86584194096847
987629.8904418945,6.334005841818881e-10,2.1568086676471875e-09,99.86585503010662
994420.051574707,7.34933238356774e-10,2.5025401273938904e-09,99.86756557603313
994424.8199462891,7.319783698967697e-10,2.4924784285804513e-09,99.86756676693837
995202.0645141602,6.16184518724515e-10,2.0981857990731024e-09,99.86775947407628
996050.8346557617,8.572752923321299e-10,2.9191302111757437e-09,99.8679759927678
1003189.0869140625,7.718814340704129e-10,2.6283533816901906e-09,99.86976510749597
1003193.8552856445,7.697767499982342e-10,2.6211866676660834e-09,99.86976635908384
1005258.5601806641,6.101016727814593e-10,2.0774729434465317e-09,99.87028360568945
1010022.1633911133,8.606885430414954e-10,2.930752759210367e-09,99.87147263531205
1012034.4161987305,7.347895040377756e-10,2.502050693956669e-09,99.87200008542281
1012039.1845703125,7.1372106681952e-10,2.4303100149283945e-09,99.87200126138923
1013827.3239135742,6.526124724134075e-10,2.222227563831393e-09,99.87245532995323
1018066.40625,9.161630773826154e-10,3.1196505270505384e-09,99.87355946411506
1020960.807800293,7.98406599369339e-10,2.718674906261235e-09,99.87429668855296
1020965.576171875,7.937711224897763e-10,2.7028905243673778e-09,99.8742979811549
1023192.4057006836,6.234083505102242e-10,2.122783855024009e-09,99.87484656145095
1024994.8501586914,9.247107379966693e-10,3.148756386692758e-09,99.87531629174299
1029963.493347168,7.165085797808452e-10,2.439801847216378e-09,99.87658498944447
1029968.26171875,7.48782399494376e-10,2.5496982632200566e-09,99.87658617903398
1029992.1035766602,6.819291325671128e-10,2.3220544795385333e-09,99.87659215577062
1035118.1030273438,2.0889200886053963e-09,7.113035677012691e-09,99.87828404484748
1039047.2412109375,1.0400825343325077e-09,3.5416118663897996e-09,99.88013310442791
1039052.0095825195,9.953851322182902e-10,3.3894115894895618e-09,99.88013475691268
1040372.8485107422,8.464167547090253e-10,2.882155524621366e-09,99.88058895808186
1047372.8179931641,3.1438074856588717e-09,1.0705059963342318e-08,99.88465929927031
1048207.2830200195,2.5554527541429613e-09,8.701638090557385e-09,99.88538607807126
1048212.0513916016,2.6289045554512303e-09,8.95175071386763e-09,99.88539028696714
1049833.2977294922,2.8954106887223344e-09,9.85923762274486e-09,99.88672540093496
1056776.0467529297,8.027662133573468e-10,2.7335199403072265e-09,99.8904798264491
1057453.1555175781,9.800320941902836e-10,3.3371325636716557e-09,99.89069855580007
1057457.9238891602,9.476858355986412e-10,3.226989484175572e-09,99.89070012080873
1059741.9738769531,1.08592234598846e-09,3.6977021914888397e-09,99.89143333506803
1064891.8151855469,6.950500650750095e-10,2.366732905273169e-09,99.8929424003965
1066775.3219604492,8.395695333775749e-10,2.8588398746428523e-09,99.89346275266206
1066780.0903320312,8.428751654540297e-10,2.8700959676945487e-09,99.89346411854682
1068172.4548339844,9.604901709445013e-10,3.2705898567471922e-09,99.89386888879643
1076059.341430664,6.316612865624897e-10,2.1508861404585178e-09,99.89599934925322
1076183.3190917969,7.369845941973748e-10,2.5095252520810597e-09,99.89603069141009
1076188.087463379,7.54059433368378e-10,2.5676672273845214e-09,99.8960319019071
1078977.5848388672,6.363834056391118e-10,2.166965549932501e-09,99.8967266213349
1080722.8088378906,8.876084765024151e-10,3.0224185190327864e-09,99.89716393107527
1085672.378540039,7.977959620966744e-10,2.7165956095328105e-09,99.89843494291296
1085677.146911621,7.38968483006024e-10,2.5162806430374315e-09,99.89843619052786
1086664.1998291016,6.867704379578042e-10,2.338539733404942e-09,99.89869393731911
1094684.6008300781,1.0043121242513677e-09,3.4198091203314813e-09,99.90099824440077
1095247.2686767578,9.010149873257245e-10,3.068069374855673e-09,99.90117204761965
1095252.0370483398,9.183000850468648e-10,3.1269273069717864e-09,99.90117352462194
1100287.4374389648,8.291753101505322e-10,2.823446237015408e-09,99.90283801334274
1104149.8184204102,1.1188360989782792e-09,3.809777660798567e-09,99.90411880937619
1104907.9895019531,1.0311003795541177e-09,3.511026499460904e-09,99.90437572780786
1104912.7578735352,1.0159307857800523e-09,3.4593721244040036e-09,99.9043773896804
1105437.2787475586,8.708376733095213e-10,2.9653118244809364e-09,99.90455349220004
1110277.1759033203,1.3466516420044584e-09,4.585518242816275e-09,99.90628619254072
1114649.772644043,9.586394931489615e-10,3.264288066047713e-09,99.90793477907182
1114654.541015625,9.834060912411801e-10,3.3486214480612855e-09,99.90793635571231
1115436.5539550781,8.574927181316393e-10,2.919870573374111e-09,99.90819836822136
1124410.629272461,3.6035295844470835e-09,1.2270471540371496e-08,99.91220573848815
1124482.1548461914,2.9451870937270917e-09,1.0028732543399603e-08,99.91228351069937
1124486.9232177734,3.0913793263226675e-09,1.0526535485612058e-08,99.91228841145717
1128025.0549316406,2.477583898597788e-09,8.43648484192797e-09,99.91627144561764
1132745.7427978516,6.159945342116046e-09,2.0975388779075764e-08,99.92265769785715
1134395.5993652344,3.626353289940667e-09,1.2348189128680906e-08,99.92517628993053
1134400.3677368164,3.5027876940505144e-09,1.1927432730763944e-08,99.9251820776898
1134495.735168457,4.014580632322306e-09,1.3670152066476211e-08,99.9253004445443
1144294.7387695312,1.137183561573664e-09,3.872253078951473e-09,99.9325502909945
1144399.642944336,1.266473995987715e-09,4.312503272197299e-09,99.93259609036949
1144404.411315918,1.167378689847963e-09,3.975071289115968e-09,99.93259806628124
1145210.2661132812,1.6007166716780125e-09,5.450641628917551e-09,99.93295837426237
1153402.328491211,7.725078747412413e-10,2.6304864909773478e-09,99.93608121595146
1154494.285583496,8.544685467124247e-10,2.909572889266608e-09,99.93640990878757
1154499.0539550781,8.512462071157089e-10,2.8986004175861845e-09,99.93641129356399
1154603.9581298828,1.0068938386028894e-09,3.4286001824646863e-09,99.93644303551402
1164603.2333374023,5.842086349676682e-10,1.9893038924807307e-09,99.93914540590578
1164674.7589111328,7.408042217945674e-10,2.5225315645388388e-09,99.93916268885313
1164679.5272827148,7.286153932161269e-10,2.4810270699378407e-09,99.93916388179449
1165041.9235229492,8.27504523035029e-10,2.817756996710767e-09,99.93925288397446
1172943.115234375,5.614520904322292e-10,1.911814995682303e-09,99.9410669741124
1174945.8312988281,7.2165128939312e-10,2.457313420372366e-09,99.94153427513031
1174950.5996704102,7.599877134425301e-10,2.5878537667838907e-09,99.9415354779919
1175212.8601074219,7.972199525379116e-10,2.7146342245262086e-09,99.94160047719947
1185126.3046264648,4.5878630425671577e-10,1.5622250789313359e-09,99.94368511230178
1185307.502746582,5.679388577237541e-10,1.933903254311622e-09,99.94371879244402
1185312.271118164,5.620604482634872e-10,1.9138865306259958e-09,99.9437197098286
1186180.1147460938,6.075044717471073e-10,2.0686291472101455e-09,99.94387551648177
1195759.7732543945,3.863465711747662e-10,1.3155586752446417e-09,99.94544371355903
1195764.5416259766,4.4408440982386707e-10,1.5121632789654295e-09,99.94544438774048
1196632.3852539062,4.892443317565969e-10,1.6659384940302961e-09,99.94557327951861
1204690.933227539,3.330297645739504e-10,1.1340082417911632e-09,99.94670042567041
1206302.6428222656,3.978370323513689e-10,1.3546851409913855e-09,99.94691635866437
1206307.4111938477,3.749411855770915e-10,1.2767219025462142e-09,99.9469169860407
1209573.745727539,4.876689214078602e-10,1.660574023614398e-09,99.94735285234647
1216425.895690918,3.2262170971348546e-10,1.0985675057119682e-09,99.94824099064397
1216940.8798217773,3.7536948661707523e-10,1.278180321465408e-09,99.94830517082669
1216945.6481933594,3.6498160863598145e-10,1.2428082901986185e-09,99.94830577187719
1223664.2837524414,4.1588725923661863e-10,1.4161484341605714e-09,99.94910527900437
1226854.3243408203,2.8671499497231536e-10,9.76300625139828e-10,99.94946877260001
1227674.4842529297,3.4714210731856086e-10,1.1820625440960742e-09,99.94955960516835
1227679.2526245117,3.34325253934608e-10,1.1384195460300438e-09,99.94956015841439
1229267.1203613281,2.722703383132906e-10,9.271147521529695e-10,99.94973691121028
1238369.9417114258,3.9465411531626e-10,1.3438469080923875e-09,99.95075186950324
1238498.6877441406,3.438705756145044e-10,1.170922567102044e-09,99.95076776876336
1238503.4561157227,3.6325765474624543e-10,1.2369380103396107e-09,99.95076834284205
1240191.4596557617,4.293076854076424e-10,1.4618466734929039e-09,99.95098500073713
1249155.9982299805,2.736025435251889e-10,9.316510784839885e-10,99.95202066820814
1249418.2586669922,3.396562403948633e-10,1.1565722255376564e-09,99.95204868210462
1249423.0270385742,3.282999983763884e-10,1.1179027929084116e-09,99.95204922438171
1250000.0,6.605064591398804e-09,2.2491075816576154e-08,99.95211843063457
1259198.1887817383,2.4144109731461453e-10,8.221373083938801e-10,99.95306203111375
1260437.9653930664,2.8015004000258337e-10,9.539461276306097e-10,99.95318366818421
1260442.7337646484,2.8491562560031623e-10,9.70173546076838e-10,99.9531841269301
1262288.0935668945,3.3232750873307394e-10,1.131616972312837e-09,99.95336364596771
1269545.555114746,2.4109390871666566e-10,8.209550875433395e-10,99.95405270568256
1271553.0395507812,2.927959651891766e-10,9.9700709368275e-10,99.95424242365428
1271557.8079223633,2.8274034754423684e-10,9.627664506571918e-10,99.95424289090069
1274533.2717895508,2.404628699224696e-10,8.18806321067695e-10,99.95452418543869
1280360.221862793,3.7806034592695154e-10,1.2873430359116796e-09,99.95512554007556
1282768.2495117188,2.780309898609144e-10,9.467304953327112e-10,99.9553895101136
1282773.0178833008,2.67719892910604e-10,9.116199131343946e-10,99.95538995317887
1282777.7862548828,2.5344618471654527e-10,8.630161411751756e-10,99.95539037628508
1288962.3641967773,3.8901444203319765e-10,1.3246431111219157e-09,99.95602729172593
1294078.8269042969,2.942014851566199e-10,1.0017930659790156e-09,99.95656670816761
1294083.595275879,2.9398553361305024e-10,1.001057723807577e-09,99.95656718568445
1294307.7087402344,2.791865078441137e-10,9.50665179423673e-10,99.95659104669659
1305456.1614990234,4.295426666651788e-10,1.4626468142342387e-09,99.95789701385634
1305489.5401000977,3.6574373142880007e-10,1.2454034141792599e-09,99.9579012825499
1305494.3084716797,4.070935839819932e-10,1.38620486371984e-09,99.95790190997421
1306166.648864746,4.464935356044901e-10,1.5203666553039772e-09,99.95799103310218
1316542.625427246,2.912760701241487e-10,9.91831659791415e-10,99.95927499572433
1317005.1574707031,3.2195747424652523e-10,1.0963057003895923e-09,99.95932647624838
1317009.9258422852,3.306737021195451e-10,1.1259855527534779e-09,99.95932700608391
1320071.2203979492,3.6868861078531685e-10,1.2554310988387466e-09,99.95965734543613
1326203.3462524414,2.4107211746810686e-10,8.208808856007708e-10,99.9602608554417
1328616.1422729492,2.8174951493509485e-10,9.593925409814608e-10,99.96049297295916
1328620.9106445312,2.8987272711462705e-10,9.870531003107227e-10,99.96049343702796
1334586.1434936523,2.4297433167886634e-10,8.273581642770872e-10,99.96106607863892
1338891.9830322266,3.344582350750716e-10,1.13887236354166e-09,99.96147446467769
1340332.03125,2.979981473178611e-10,1.0147211782384474e-09,99.96161261269931
1340336.799621582,2.8856793071055755e-10,9.82610104418247e-10,99.9616130889002
1343240.737915039,3.2974491789014473e-10,1.1228229256161314e-09,99.96188786555025
1349062.9196166992,2.2037692440184685e-10,7.504111498622197e-10,99.96240783657616
1352152.8244018555,2.453329856792196e-10,8.353896778547282e-10,99.96267334698601
1352157.5927734375,2.552992491224552e-10,8.693260585831888e-10,99.96267375342191
1354174.6139526367,2.8869813590465353e-10,9.830534694832818e-10,99.96284629907349
1358523.3688354492,2.0310128967439755e-10,6.915854404300198e-10,99.96320658407252
1364078.5217285156,2.2711202774878516e-10,7.733450239996087e-10,99.9636477222251
1364083.2901000977,2.3695483255384e-10,8.068610125346075e-10,99.96364809897558
1371378.8986206055,2.644639343506895e-10,9.005329646551885e-10,99.96421600312644
1373419.7616577148,1.8734219709932027e-10,6.379237477997827e-10,99.96437154483539
1376104.3548583984,2.107652097324254e-10,7.17682052308993e-10,99.96457340791189
1376109.1232299805,2.156898588118831e-10,7.344511019198551e-10,99.9645737541274
1376414.2990112305,1.9369637895312672e-10,6.595605363351099e-10,99.96459702875062
1379456.5200805664,4.283717887788701e-10,1.4586598277409932e-09,99.96487804707161
1388239.860534668,2.704854267105405e-10,9.210369036129847e-10,99.96580392322512
1388244.62890625,2.4833576725457785e-10,8.456145268531691e-10,99.96580434442765
1388592.7200317383,2.36318627868856e-10,8.046946555509878e-10,99.96583521379104
1398849.4873046875,9.703461781244428e-10,3.3041508010294708e-09,99.96761396804433
1400485.0387573242,6.422012786939972e-10,2.1867761395426373e-09,99.96802986463113
1400489.8071289062,6.276434720591446e-10,2.137204976654405e-09,99.96803089554857
1400532.7224731445,7.244772580509139e-10,2.466936199144352e-09,99.96803962630952
1412014.9612426758,2.2750949674459238e-10,7.746984559298702e-10,99.96941345155051
1412835.1211547852,2.5756238702028366e-10,8.770323278163027e-10,99.96948614067828
1412839.8895263672,2.338566331207806e-10,7.963112537276227e-10,99.96948653963449
1417660.7131958008,3.0478667174107353e-10,1.037836957860644e-09,99.96989660048128
1424775.1235961914,1.9249047821220758e-10,6.554542926162223e-10,99.97049382663906
1425294.8760986328,2.1409517691100076e-10,7.290210094446396e-10,99.97053232490967
1425299.6444702148,2.2997955307648108e-10,7.831093084602249e-10,99.97053268542963
1427378.6544799805,1.7795497945597117e-10,6.059590908608936e-10,99.9706846662224
1435866.355895996,2.539073776369521e-10,8.64586561084838e-10,99.97129389263907
1437864.3035888672,2.1540200678102407e-10,7.334709295444877e-10,99.97143735795561
1437869.0719604492,2.1366074722250172e-10,7.275417217062991e-10,99.97143770628817
1445617.67578125,2.373855839516704e-10,8.083277752305114e-10,99.97198673873963
1448564.5294189453,1.6333232273461236e-10,5.561671052703033e-10,99.97219000104785
1450543.4036254883,1.9928370109711244e-10,6.785860710915239e-10,99.97232146163849
1450548.1719970703,1.8683441582681224e-10,6.361946886906427e-10,99.97232177510665
1450896.2631225586,1.666154181529958e-10,5.673464581662722e-10,99.97234459858937
1461791.9921875,2.4410484433774864e-10,8.312077020932097e-10,99.97308940261914
1463332.176208496,2.171175945572775e-10,7.393127217346737e-10,99.97320440527065
1463336.9445800781,2.2729038685914784e-10,7.739523592070446e-10,99.97320476606116
1464948.6541748047,1.8931742592225642e-10,6.446496504154201e-10,99.97332513635823
1475801.4678955078,2.776140595830036e-10,9.453107952887587e-10,99.97418163092816
1476240.1580810547,2.44661805131143e-10,8.331042236574962e-10,99.97421815268717
1476244.9264526367,2.5204992968894883e-10,8.5826171716457e-10,99.97421855594024
1476364.1357421875,2.1734793150665966e-10,7.400970480225133e-10,99.9742284621298
1485538.4826660156,2.963918513635331e-10,1.0092515384502619e-09,99.97501130317404
1489257.8125,2.405832476387114e-10,8.192162223343907e-10,99.97532551772059
1489262.580871582,2.573143658197025e-10,8.761877844285434e-10,99.97532592193642
1489486.6943359375,2.1398976039026176e-10,7.286620529306718e-10,99.97534434583059
1502237.319946289,5.864084456342048e-10,1.9967945245250584e-09,99.97677767024523
1502389.907836914,5.773406707017726e-10,1.9659176102010773e-09,99.97680481087669
1502394.676208496,5.48358624822117e-10,1.867230098189817e-09,99.97680572477033
1505465.5075073242,9.093451951272863e-10,3.0964347803169215e-09,99.97751385457578
1515460.0143432617,3.924290643560098e-10,1.3362703296728666e-09,99.9796492818851
1515636.4440917969,4.4596383919798173e-10,1.518562972406756e-09,99.97967654425976
1515641.212463379,4.884842390774993e-10,1.6633502828422524e-09,99.979677302887
1515722.2747802734,5.784263535174161e-10,1.9696144967616102e-09,99.97968972066342
1528968.8110351562,2.0799908165804695e-10,7.082630382511713e-10,99.98118197435276
1529002.1896362305,2.1255275368164975e-10,7.237688643198582e-10,99.98118455991788
1529006.9580078125,2.232137983680891e-10,7.600710625813038e-10,99.98118491369289
1529154.7775268555,2.805678486713874e-10,9.553688187060506e-10,99.98119669897147
1540689.468383789,1.474050288958987e-10,5.019326661785378e-10,99.9819844232065
1542487.1444702148,1.821697230963357e-10,6.203108231492218e-10,99.98209177474358
1542491.9128417969,1.8653562417352333e-10,6.35177265524754e-10,99.98209207407525
1549000.7400512695,1.9658555648312555e-10,6.693985492683021e-10,99.98245687223098
1555886.2686157227,1.2992909376271512e-10,4.4242490866806066e-10,99.98281960479083
1556091.30859375,1.4784747390007652e-10,5.034392470750497e-10,99.98282989783678
1556096.076965332,1.4824879210639616e-10,5.048057860513168e-10,99.98283013822113
1562500.0,9.542773500489223e-10,3.2494344200571047e-09,99.98313567556895
1568307.876586914,1.0471357143323263e-10,3.5656288315426396e-10,99.98338909917625
1569814.682006836,1.2622816033525996e-10,4.298227647893485e-10,99.98345228610003
1569819.450378418,1.2005686767680365e-10,4.088087369707006e-10,99.98345248604537
1570124.626159668,1.4214792932023758e-10,4.840315808075552e-10,99.98346524783523
1579189.3005371094,9.757727796325561e-11,3.322629061802917e-10,99.98383007331026
1583657.2647094727,1.1920184043940495e-10,4.058972616693668e-10,99.98400675543333
1583662.0330810547,1.1705591896263083e-10,3.985901290951607e-10,99.98400694723809
1593713.7603759766,4.6229239375127107e-10,1.574163754708168e-09,99.98440316388472
1596636.7721557617,8.770271771334156e-11,2.986387863608771e-10,99.98450716960832
1597623.8250732422,1.0112885243291304e-10,3.4435646401912045e-10,99.9845415863382
1597628.5934448242,1.0756228709072563e-10,3.662631183216802e-10,99.9845417557631
1601324.0814208984,1.1697095598317604e-10,3.983008194622151e-10,99.98466765948339
1609563.8275146484,8.151301498785408e-11,2.775620699480971e-10,99.9849393361325
1611709.5947265625,1.0453483678472924e-10,3.5595426919221826e-10,99.98500866599306
1611714.3630981445,9.719693996469818e-11,3.3096780745065635e-10,99.98500882976806
1612014.7705078125,1.0998793923115315e-10,3.745227689942926e-10,99.98501846558835
1624321.9375610352,7.328737994147084e-11,2.495527478729421e-10,99.98539608386412
1625924.1104125977,8.492404799279683e-11,2.891770664201852e-10,99.98544276376464
1625928.8787841797,8.759066308317556e-11,2.982572262492706e-10,99.98544290381989
1634678.840637207,9.778171206316994e-11,3.329590300072493e-10,99.98569275908189
1635971.0693359375,6.982280463507444e-11,2.3775543312906055e-10,99.98572894744034
1640262.6037597656,7.552513295794124e-11,2.571725783917454e-10,99.9858491300194
1640267.3721313477,8.33162376426351e-11,2.8370226992368265e-10,99.98584925897403
1642675.3997802734,6.99306400412686e-11,2.381226262522864e-10,99.98591636570521
1649475.09765625,1.0084008209468355e-10,3.433731646916384e-10,99.98611086293269
1654725.0747680664,7.995473214460292e-11,2.722559208429285e-10,99.98626234638273
1654729.8431396484,7.661259322312706e-11,2.608755173915635e-10,99.98626247349117
1667490.005493164,1.33036117434412e-10,4.5300471511764943e-10,99.98662965372996
1667914.3905639648,7.151161275820053e-11,2.4350603723160646e-10,99.98664224661883
1669316.291809082,7.667009771259377e-11,2.6107132741196413e-10,99.98668147313754
1669321.060180664,8.045624623402513e-11,2.7396363940528204e-10,99.98668160069982
1671786.3082885742,6.71538915921831e-11,2.2866744848259916e-10,99.98675068905891
1677365.3030395508,9.752516196745443e-11,3.3208544465866673e-10,99.98690905152712
1684041.0232543945,8.267291493196052e-11,2.815116751671758e-10,99.98709927996126
1684045.7916259766,8.135729721365571e-11,2.7703183133846344e-10,99.9870994131284
1686406.135559082,9.417206386213356e-11,3.20667723807701e-10,99.98716449309761
1693224.9069213867,6.668153529388823e-11,2.2705901586693307e-10,99.98735152309061
1698889.7323608398,8.083805523760285e-11,2.7526374709205627e-10,99.9875033013788
1698894.5007324219,7.613825355418038e-11,2.5926033114933025e-10,99.98750342881925
1699004.1732788086,9.03910178306327e-11,3.077927864344632e-10,99.98750627820169
1708054.542541504,6.368788348921011e-11,2.1686525488613598e-10,99.98773875386392
1713871.955871582,7.054643100699967e-11,2.402194719539099e-10,99.9878874946995
1713876.724243164,8.004771969723186e-11,2.725725551569818e-10,99.98788761695867
1715960.5026245117,6.515817586713416e-11,2.2187178538812167e-10,99.98794091888789
1725397.1099853516,1.1324585627720406e-10,3.856163863651606e-10,99.98820571574947
1728987.693786621,9.00497618834746e-11,3.0663076700616186e-10,99.98831863321833
1728992.4621582031,9.649919370021486e-11,3.2859189364723e-10,99.9883187846672
1737227.439880371,6.409086539237145e-11,2.1823745895943338e-10,99.98854881535313
1744208.3358764648,2.139094105390921e-10,7.283884515798447e-10,99.98881495428877
1744232.177734375,1.9049141170297769e-10,6.486472196800974e-10,99.98881647146925
1744236.946105957,2.0634355196774804e-10,7.026257513986561e-10,99.98881679363784
1748614.3112182617,2.8741874130661206e-10,9.786969699357466e-10,99.98916486844499
1759490.966796875,8.792188359199088e-11,2.9938507374760866e-10,99.98970526473823
1759614.9444580078,1.0450134927925438e-10,3.558402400235219e-10,99.98970994130525
1759619.7128295898,1.0682105727558314e-10,3.6373913755825426e-10,99.98971011286633
1759777.0690917969,1.277086965488885e-10,4.348641768405294e-10,99.98971581102177
1774830.8181762695,5.91991711447518e-11,2.0158062469652675e-10,99.99013146565606
1775131.2255859375,6.39265332893543e-11,2.1767788747653386e-10,99.99013836502371
1775135.9939575195,6.998050591125648e-11,2.382924258124629e-10,99.99013847373553
1775302.8869628906,8.54932445768095e-11,2.91115252390726e-10,99.99014229657377
1789927.4826049805,5.258472392637482e-11,1.790575998548041e-10,99.99045556758364
1790785.789489746,6.187896573710163e-11,2.1070566238773673e-10,99.9904734515872
1790790.5578613281,5.941317805990532e-11,2.0230934516358427e-10,99.99047355005766
1791138.6489868164,7.111861298082081e-11,2.421678235522951e-10,99.99048079166371
1803717.6132202148,4.654875263496407e-11,1.5850435831367236e-10,99.99072136640743
1806578.6361694336,5.6609149186057314e-11,1.927612741158448e-10,99.99077335957963
1806583.4045410156,5.2426613228437885e-11,1.7851921303882318e-10,99.99077344809979
1811127.6626586914,6.26380807886089e-11,2.1329054463085475e-10,99.99085640093996
1822204.58984375,4.416862987439128e-11,1.503997409068251e-10,99.99105426575622
1822509.765625,4.687833361454561e-11,1.5962662300872507e-10,99.99105943134863
1822514.533996582,4.733770549742647e-11,1.611908420565344e-10,99.99105950783746
1822710.0372314453,5.837623589960493e-11,1.987784266658166e-10,99.99106290265281
1823506.3552856445,4.176002895302567e-11,1.4219815178007338e-10,99.99107653785835
1838579.1778564453,4.993107090500026e-11,1.7002157750123888e-10,99.99133083000615
1838583.9462280273,4.875717963206221e-11,1.6602433004745198e-10,99.99133091012573
1840500.831604004,4.609903333920439e-11,1.5697300753925604e-10,99.99136516230483
1844477.653503418,7.299656346485032e-11,2.48562481186845e-10,99.99144610868544
1854796.4096069336,5.3256340324619916e-11,1.8134453817668765e-10,99.9916550963115
1854801.1779785156,5.457068701461052e-11,1.8582005399410138e-10,99.99165518385037
1861824.9893188477,4.6151361466050185e-11,1.571511913937729e-10,99.9917865512774
1865224.838256836,6.735735103559436e-11,2.2936025348155708e-10,99.99185141026689
1871151.9241333008,5.5248170750158666e-11,1.8812697133758245e-10,99.99196266936818
1871156.6925048828,5.921845160487387e-11,2.0164627708862422e-10,99.99196276229738
1871743.2022094727,4.9490774093167016e-11,1.685223114698917e-10,99.99197367797336
1875000.0,2.003030672058243e-10,6.820571409226565e-10,99.99203868704248
1887650.489807129,9.222586748591704e-11,3.140406803252751e-10,99.99240279796761
1887655.258178711,9.169861396939819e-11,3.12245315775771e-10,99.99240294728583
1888551.7120361328,9.85669046729064e-11,3.356327096165592e-10,99.99242952584845
1903977.394104004,4.573062519617257e-11,1.5571853146839934e-10,99.9927707467111
1904296.875,5.265290544280971e-11,1.7928976649514596e-10,99.99277660005309
1904301.643371582,5.277372634412583e-11,1.7970117686277002e-10,99.99277668564321
1906471.2524414062,6.03548023698503e-11,2.0551569439040065e-10,99.99281473103821
1916418.0755615234,3.7724511014816666e-11,1.284567055532485e-10,99.99297252227285
1921091.079711914,5.0873130762655366e-11,1.7322940982279787e-10,99.99304796789934
1921095.848083496,5.0208845175650284e-11,1.7096743383536457e-10,99.99304804996227
1921448.7075805664,5.5484692030033163e-11,1.8893235604870523e-10,99.99305380289752
1937880.516052246,3.490110760055413e-11,1.1884266175818086e-10,99.99329177716858
1938033.103942871,4.090990710614655e-11,1.3930337995053148e-10,99.99329378749687
1938037.8723144531,3.8703448859135045e-11,1.3179011205845536e-10,99.99329385213059
1942687.0346069336,3.248104196332321e-11,1.1060203383170598e-10,99.99335429969604
1951847.0764160156,4.659356205120694e-11,1.5865694001277143e-10,99.99347660508994
1955122.947692871,3.98831082723595e-11,1.3580700075551957e-10,99.9935219931537
1955127.7160644531,4.26760634151852e-11,1.453173643561102e-10,99.99352206017896
1959028.2440185547,4.8768957972835055e-11,1.660644367794377e-10,99.99357705791766
1971292.495727539,3.2857978865374165e-11,1.1188555139989648e-10,99.99374341593946
1972365.379333496,3.739356415282884e-11,1.2732978985678142e-10,99.99375706986517
1972370.1477050781,3.789196809884009e-11,1.290269179895808e-10,99.99375713098537
1973848.3428955078,4.213282189948396e-11,1.4346755865818275e-10,99.99377559666378
1989712.7151489258,2.898842943080847e-11,9.87092488059539e-11,99.99396114646547
1989760.398864746,3.3278363745846236e-11,1.133170148001412e-10,99.99396170661771
1989765.1672363281,3.2909341049695544e-11,1.1206044609860714e-10,99.99396176035188
2004275.3219604492,2.802533034028062e-11,9.542977524983686e-11,99.99412701147759
2006344.7952270508,3.8567360624492557e-11,1.313267145003037e-10,99.99415056216864
2007303.237915039,3.4912956029492336e-11,1.1888300714918636e-10,99.99416146944512
2007308.006286621,3.393726387659636e-11,1.1556065263156391e-10,99.99416152534083
2008638.3819580078,3.867552619569618e-11,1.316950318769198e-10,99.99417643305073
2024765.0146484375,2.6662276968336335e-11,9.078840705332293e-11,99.99434997158563
2025008.201599121,3.101562581820686e-11,1.056121075158353e-10,99.99435253607082
2025012.9699707031,2.957933967326872e-11,1.0072137251497434e-10,99.99435258526455
2034993.1716918945,2.6044102745993318e-11,8.868344606313443e-11,99.99445914413981
2035684.585571289,3.657194909957041e-11,1.2453208724552474e-10,99.99446645523834
2042865.7531738281,3.057092092874083e-11,1.040978314256352e-10,99.99454124543475
2042870.5215454102,3.0489481449693916e-11,1.0382051975481643e-10,99.99454129500633
2056570.053100586,3.729661483084996e-11,1.2699966521972154e-10,99.99468378172776
2057728.7673950195,2.560787300700802e-11,8.719802892645117e-11,99.99469600138411
2060880.6610107422,3.104255611455976e-11,1.057038085626085e-10,99.99472874391635
2060885.4293823242,3.033553346116554e-11,1.0329630748801893e-10,99.99472879374586
2062783.2412719727,2.6161341719283738e-11,8.908265951524299e-11,99.99474840043952
2068648.338317871,3.9969348936723376e-11,1.361006610663068e-10,99.99481014381722
2079052.9251098633,3.147748924354321e-11,1.0718481057912866e-10,99.99492629565881
2079057.6934814453,3.299842281249023e-11,1.1236378070694672e-10,99.99492634800328
2084498.405456543,2.7399276617298298e-11,9.329798356877122e-11,99.99498579412389
2096705.436706543,8.376612932243416e-11,2.85234207687438e-10,99.99517569284711
2097387.3138427734,7.106785867823135e-11,2.4199499876735e-10,99.99519243294222
2097392.0822143555,7.575017605285459e-11,2.579388784391793e-10,99.99519255213575
2098073.959350586,7.963961728176872e-11,2.711829150951629e-10,99.99520886528181
2114930.1528930664,2.832881348671158e-11,9.646317354003984e-11,99.99547682077447
2115883.8272094727,3.299592047205701e-11,1.1235525992299015e-10,99.99548770633494
2115888.5955810547,3.1786272553575594e-11,1.0823625659312759e-10,99.99548775892806
2119517.3263549805,3.762595582778678e-11,1.2812111274368044e-10,99.99552756353462
2130155.563354492,2.3754902341052894e-11,8.088843071477609e-11,99.99563262396521
2134542.465209961,2.8043582865943137e-11,9.549192739579077e-11,99.99567377587128
2134547.233581543,2.6933404348145393e-11,9.171162988799073e-11,99.99567382050411
2139759.063720703,3.1635785566955876e-11,1.0772382947320515e-10,99.99572220682926
2149167.060852051,2.215619128245511e-11,7.544461845069244e-11,99.99580739359128
2153363.2278442383,2.632564280351174e-11,8.964212537526347e-11,99.99584444944509
2153367.9962158203,2.6203101853089322e-11,8.922485802405922e-11,99.9958444920903
2154083.251953125,2.2062962095420463e-11,7.512716134109134e-11,99.99585077654011
2164883.613586426,3.184593701848153e-11,1.0843942160161248e-10,99.99594734877381
2172355.6518554688,2.6067880865788823e-11,8.876441355220225e-11,99.99601580690472
2172360.420227051,2.6563297695863435e-11,9.045137017947366e-11,99.9960158496331
2181839.942932129,2.3255788314830625e-11,7.91888846695338e-11,99.99610455977827
2187500.0,1.831871384483722e-10,6.237752504084797e-10,99.99616037258001
2191510.2005004883,3.4205591204458004e-11,1.1647434093711877e-10,99.99620378344753
2191514.9688720703,3.2168647532015795e-11,1.0953829149550526e-10,99.99620383733314
2203798.294067383,4.3590552398386556e-11,1.4843131438188118e-10,99.99635969126106
2210516.929626465,3.068194191087382e-11,1.0447587183566168e-10,99.99644481640414
2210836.410522461,3.709843559630215e-11,1.2632483999616655e-10,99.99644856954004
2210841.178894043,3.777498807979947e-11,1.286285863092679e-10,99.99644863032566
2210903.1677246094,4.024140463760342e-11,1.370270449509993e-10,99.9964493778232
2219839.096069336,2.643245287489252e-11,9.000582710446794e-11,99.99654470157796
2230334.2819213867,2.9281742807492957e-11,9.970801775086586e-11,99.99665561021081
2230339.0502929688,2.9889136009558e-11,1.0177626801081143e-10,99.9966556582484
2241997.718811035,2.7403927111982848e-11,9.331381908818022e-11,99.99678296604955
2249770.164489746,3.7509584673508963e-11,1.2772485432447692e-10,99.9968685057444
2250003.8146972656,3.4773246856706966e-11,1.1840727984116293e-10,99.99687122063945
2250008.5830688477,3.426083097454688e-11,1.1666243930314792e-10,99.99687127668444
2250204.086303711,3.000074064753027e-11,1.0215629584239155e-10,99.99687351533132
2262883.186340332,4.955610143935238e-11,1.6874475930149414e-10,99.99704520151691
2269845.0088500977,3.7663776508836494e-11,1.282498969203002e-10,99.99714395873477
2269849.7772216797,4.122676234559677e-11,1.4038231189960499e-10,99.99714402278168
2270531.65435791,4.661169758373174e-11,1.587186937823743e-10,99.99715308605928
2285962.1047973633,2.7474498201209783e-11,9.355412252447488e-11,99.9973381510469
2289862.632751465,3.242385485779187e-11,1.1040730454353055e-10,99.99738124606982
2289867.401123047,3.4446511629162896e-11,1.1729470528977862e-10,99.99738130035821
2293663.0249023438,3.815536091160529e-11,1.2992380365049582e-10,99.9974226675199
2307348.2513427734,2.5930028438392478e-11,8.82950086957974e-11,99.99757048630039
2310051.918029785,3.306547989927976e-11,1.1259211852289874e-10,99.99759937239939
2310056.686401367,3.179796885212074e-11,1.082760839610075e-10,99.99759942505847
2313351.631164551,3.615007799580294e-11,1.23095563068e-10,99.99763432273795
2325024.6047973633,2.540643641247277e-11,8.651211198237997e-11,99.99775565783949
2330427.1697998047,2.910456635231267e-11,9.9104709633098e-11,99.99781190383297
2330431.9381713867,3.193553174543255e-11,1.087445029174326e-10,99.99781195338807
2330932.6171875,2.6576571592927042e-11,9.049656946876263e-11,99.9978171845328
2349581.718444824,4.042835455707298e-11,1.3766363294412324e-10,99.99802353180797
2350974.0829467773,3.526246509003911e-11,1.2007312946677494e-10,99.99803995070518
2350978.8513183594,3.397967488910191e-11,1.157050674642307e-10,99.99804000691907
2359409.3322753906,4.183101179795811e-11,1.4243985729634205e-10,99.99814266122881
2369852.066040039,2.942993369992971e-11,1.0021262638125856e-10,99.99827053518909
2371706.962585449,3.631247486934437e-11,1.2364854485109287e-10,99.99829253073447
2371711.7309570312,3.5135053725169004e-11,1.1963927774170344e-10,99.9982925887388
2390575.408935547,5.254818023317814e-11,1.7893316398246236e-10,99.99850737622111
2392449.378967285,2.863811137055761e-11,9.751637174260494e-11,99.99852868345317
2392621.0403442383,3.412113145080805e-11,1.1618674485134179e-10,99.99853064425047
2392625.8087158203,3.1785891291260925e-11,1.0823495834698531e-10,99.99853069775678
2399291.9921875,2.806761483236419e-11,9.557375926455117e-11,99.99860629737242
2412767.4102783203,3.8716057320322605e-11,1.31833045454878e-10,99.99875711541554
2413721.0845947266,3.324325670879614e-11,1.1319747092270247e-10,99.99876839642157
2413725.8529663086,3.277332980955708e-11,1.115973107164272e-10,99.99876845001683
2416267.3950195312,3.076069637473711e-11,1.0474404069201921e-10,99.99879906274975
2434058.18939209,4.245245809371769e-11,1.4455596010812379e-10,99.99901912614503
2435007.095336914,3.673266043309992e-11,1.250793295528448e-10,99.9990313474385
2435011.863708496,3.6091033585927064e-11,1.2289450942489217e-10,99.99903140656008
2435646.0571289062,3.375257449530716e-11,1.1493176205530807e-10,99.99903977780883
2445225.715637207,6.950942763777108e-11,2.3668834503204193e-10,99.9991997597724
2456483.840942383,4.877671522377816e-11,1.6609085119472093e-10,99.99940911015082
2456488.609313965,5.19033617684993e-11,1.767374759954129e-10,99.99940919188745
2457838.0584716797,5.729324642946177e-11,1.9509071128552158e-10,99.9994323768119
2470631.5994262695,3.300373444955485e-11,1.1238186749932815e-10,99.99962018377325
2478141.7846679688,3.7198706978590906e-11,1.2666627666647954e-10,99.99971951933864
2478146.553039551,4.0030869474243564e-11,1.3631014623552754e-10,99.9997195820371
2492213.249206543,3.090015056990277e-11,1.0521889976917264e-10,99.9998988157623
2499995.231628418,1.049080137096519e-09,3.572249835653013e-09,99.99999751437635
2500000.0,2.012616210498883e-09,6.853211373427957e-09,100.0
