frequency_hz,density,normalised_density_per_hz,cumulative_variance_pct
0.0,0.00011185435230815296,0.00038385427534703596,0.0
4.76837158203125,0.000741571897417286,0.002544876774366611,0.6982638954433552
9.5367431640625,0.0008745777232823087,0.0030013172601485037,2.020579596574011
14.30511474609375,0.0006764882056084534,0.0023215269194824368,3.289644542660642
19.073486328125,0.00028623522988839275,0.0009822828927112989,4.077334183705672
23.84185791015625,9.203181121370671e-05,0.00031582860633790164,4.386828082824382
28.6102294921875,7.511301195935062e-05,0.0002577678041115277,4.523584123981491
33.37860107421875,9.818146500014089e-05,0.00033693257635887677,4.665371743684404
38.14697265625,0.00013693922391786283,0.0004699388577993253,4.857744884534043
42.91534423828125,0.00012339688034567544,0.00042346515006123415,5.070748998651799
47.6837158203125,8.256817307661437e-05,0.0002833519267604064,5.239267321792334
52.45208740234375,6.087460982679211e-05,0.0002089054092211094,5.356630616389368
57.220458984375,6.225364881615419e-05,0.00021363790287033782,5.457372792467079
61.98883056640625,6.74613343484313e-05,0.00023150928932046317,5.56350415352026
66.7572021484375,8.088381119927895e-05,0.00027757164647175433,5.684878506879534
71.52557373046875,7.75749016545912e-05,0.0002662163522945028,5.814527668877867
76.2939453125,6.80429583870574e-05,0.0002335052677447642,5.93367058747396
81.06231689453125,6.798790031768706e-05,0.00023331632314954688,6.044969527868913
85.8306884765625,7.351072434872975e-05,0.00025226918079485967,6.160742133751654
90.59906005859375,8.01182491411414e-05,0.00027494444187045283,6.286439656550506
95.367431640625,8.510469927750078e-05,0.00029205660750503804,6.421623241091705
100.13580322265625,8.607047907177694e-05,0.00029537090592460577,6.561676874168764
104.9041748046875,8.933148592341399e-05,0.00030656181084789697,6.705188817216408
109.67254638671875,8.369009093553129e-05,0.0002872020493336168,6.846753153082743
114.44091796875,9.14360816426351e-05,0.00031378422149200394,6.990039445832534
119.20928955078125,0.00011610859832880545,0.0003984537119331664,7.159850201901996
123.9776611328125,0.00011776886292475704,0.00040415129678536424,7.351206147660465
128.74603271484375,9.381683686271687e-05,0.000321954337816718,7.524323221339932
133.514404296875,8.791185871898662e-05,0.00030169002928040684,7.673011625207922
138.28277587890625,7.809996531885951e-05,0.00026801823061394024,7.808840659034357
143.0511474609375,8.425492860178753e-05,0.000289140421409405,7.941677633183904
147.81951904296875,0.00010004150594337361,0.0003433157403006197,8.092466932602836
152.587890625,9.157843198356214e-05,0.000314272729858772,8.249248241291808
157.35626220703125,9.281255204833851e-05,0.000318507900447851,8.400114900052504
162.1246337890625,9.558901490793138e-05,0.0003280359797492346,8.554262973295904
166.89300537109375,9.79790803974237e-05,0.00033623804643300153,8.712638242752346
171.661376953125,9.93074679602073e-05,0.00034079671790863215,8.87405590926904
176.42974853515625,0.00011316869051450003,0.0003883647331821353,9.047901546373735
181.1981201171875,0.00011397609549738221,0.000391135531530348,9.233748891895777
185.96649169921875,0.0001199274797855038,0.0004115590935651543,9.425126203863506
190.73486328125,0.00013234587182348967,0.0004541756996993889,9.631533463152426
195.50323486328125,0.0001335748556889986,0.000458393244223794,9.849106854094803
200.2716064453125,0.00013300848240422372,0.00045644960231521414,10.067222385667861
205.03997802734375,0.00012665533799432351,0.00043464730680042835,10.279676444581007
209.808349609375,0.00013865231190388901,0.0004758177184239902,10.49674822221668
214.57672119140625,0.00014488420301751409,0.0004972039049969719,10.7287346551078
219.3450927734375,0.00015152562385713556,0.000519995488257356,10.97125388911047
224.11346435546875,0.00015473274524368998,0.0005310014726502949,11.22183109117013
228.8818359375,0.00016736551454958458,0.0005743537643356583,11.485368316174792
233.65020751953125,0.00017524199054665379,0.0006013837271735277,11.76568597829685
238.4185791015625,0.0002084022408018706,0.0007151808532520525,12.07957943485736
243.18695068359375,0.0001968229836043659,0.0006754439338663851,12.411130220665552
247.955322265625,0.00017912687513301685,0.0006147156139256587,12.718728226864446
252.72369384765625,0.00017325883465937392,0.0005945780656118315,13.007046307656273
257.4920654296875,0.0002002121274144288,0.0006870745706222493,13.312616108088973
262.26043701171875,0.00022349962519101245,0.0007669910459244327,13.659292366306472
267.02880859375,0.00024125082866472965,0.0008279084372045648,14.039546034883903
271.79718017578125,0.00023301036372289037,0.000799629361482432,14.42758128428094
276.5655517578125,0.00021815942153202724,0.0007486648926418309,14.796723400380362
281.33392333984375,0.0002269608445528784,0.0007788690267320632,15.160915866966926
286.102294921875,0.00022480361223135457,0.0007714659813212555,15.530544536718407
290.87066650390625,0.0002753892904210695,0.000945062524001661,15.939796823944826
295.6390380859375,0.0002575544125302105,0.000883857984460471,16.375845452862077
300.40740966796875,0.00023563798771168205,0.0008086466655147634,16.77937000663196
305.17578125,0.0002414478820093497,0.0008285846716759375,17.16971637570552
309.94415283203125,0.00026244469009813236,0.0009006401115153847,17.581995691461202
314.7125244140625,0.00031352600702858237,0.001075937554033238,18.053248529965188
319.48089599609375,0.0003175251823062744,0.0010896616559258057,18.56956761650709
324.249267578125,0.00031966958325955916,0.0010970206675064095,19.0909133090063
329.01763916015625,0.00031105152527519244,0.0010674457932683982,19.606962327097218
333.7860107421875,0.0002938677888051664,0.0010084757972481761,20.101900603034434
338.55438232421875,0.00027397880687817975,0.0009402221210394832,20.56650639181075
343.32275390625,0.0003083735203649035,0.001058255595363691,21.04298060932173
348.09112548828125,0.000293608943826978,0.0010075875103869195,21.535515987241553
352.8594970703125,0.00031952926692980154,0.0010965391393229545,22.03717887331511
357.62786865234375,0.00032073077663132265,0.0011006623998513355,22.561032542284813
362.396240234375,0.00032834643039155673,0.0011267972904041414,23.09210031664153
367.16461181640625,0.0003103261947100603,0.001064956652410483,23.614655177427643
371.9329833984375,0.0002685805448999791,0.0009216967271051729,24.08831025333908
376.70135498046875,0.00027721150170809724,0.0009513158666626979,24.53487125458455
381.4697265625,0.00031670263589726337,0.0010868388962454278,25.02080521714619
386.23809814453125,0.0003904966145834148,0.0013400801303058625,25.599427803051096
391.0064697265625,0.00040169661855880416,0.0013785155538825241,26.24759152322693
395.77484130859375,0.0003926986929445463,0.001347637075352049,26.897556959503028
400.543212890625,0.0005312140595159864,0.0018229848339553923,27.65349212998839
405.31158447265625,0.0005586178490414011,0.001917027323612489,28.545180514418295
410.0799560546875,0.0005116207583247961,0.0017557458550940186,29.420837877047827
414.84832763671875,0.00044178358200499786,0.0015160833104067395,30.20090273774957
419.61669921875,0.00039233480828213544,0.0013463883203370024,30.883369156670028
424.38507080078125,0.00037987364554043667,0.0013036249365661267,31.515181551981176
429.1534423828125,0.0003970571856145872,0.0013625942586081357,32.150857744067935
433.92181396484375,0.00036371961420645694,0.001248188613672269,32.77331688681973
438.690185546875,0.0003160804034327061,0.001084703560544569,33.329521724193654
443.45855712890625,0.0003274793471399446,0.0011238216921699647,33.856075176855775
448.2269287109375,0.0003294059385883458,0.0011304332396784467,34.39353143463976
452.99530029296875,0.00028799234634675243,0.000988312847298724,34.89867986617385
457.763671875,0.00025032898467949166,0.000859062245050447,35.33912841075936
462.53204345703125,0.0002536761475648774,0.0008705488144804735,35.751499821971066
467.3004150390625,0.0002396798201533797,0.0008225171554060083,36.15515820483661
472.06878662109375,0.0002227071615738305,0.0007642715223544044,36.5334781067227
476.837158203125,0.00020014592167064517,0.000686847370184542,36.87945181118927
481.60552978515625,0.0002086290315355491,0.0007159591385036782,37.21390694574514
486.3739013671875,0.0001758930719387272,0.0006036180646918191,37.528518667545825
491.14227294921875,0.00017395293201241498,0.0005969600224241857,37.814758789176494
495.91064453125,0.0001698074205918166,0.0005827337339565471,38.096019698347774
500.67901611328125,0.00018342223787875433,0.0006294561521353421,38.38502828859108
505.4473876953125,0.00014099183501280034,0.00048384633715091067,38.650460286196946
510.21575927734375,0.0001423898522588278,0.0004886439591103865,38.882320040821625
514.984130859375,0.000165934232882937,0.0005694419877652221,39.13458738884303
519.7525024414062,0.0001471225583470806,0.0005048853429139594,39.39072698451354
524.5208740234375,0.0001338739374381782,0.00045941961294107536,39.620635201909096
529.2892456054688,0.00011855768965448049,0.0004068583395285754,39.82717196044392
534.0576171875,0.00014516276585729317,0.0004981598582951272,40.042945113230104
538.8259887695312,0.00013853463638831563,0.0004754138874703938,40.2750631823461
543.5943603515625,0.00011458281645041176,0.0003932176358647543,40.482161075902496
548.3627319335938,0.00012347532260931674,0.00042373434296830723,40.67693760589008
553.131103515625,0.00012240480581192636,0.0004200606151157062,40.878114000849536
557.8994750976562,0.00012094689311398991,0.0004150574479555773,41.07722166282905
562.6678466796875,0.00011857190078472647,0.00040690710833363186,41.27319328441136
567.4362182617188,0.00010821225389624454,0.0003713555659289689,41.45874556537683
572.20458984375,0.00012432633660525066,0.0004266547958070082,41.64900606193025
576.9729614257812,0.00011865363015138325,0.0004071875817006957,41.8478095767703
581.7413330078125,0.00011657349843897568,0.0004000491249968129,42.040269805379744
586.5097045898438,9.906924342176537e-05,0.000339979194891543,42.21670630590244
591.278076171875,9.470030372119526e-05,0.0003249861602157256,42.375246401018885
596.0464477539062,0.00011125182542271496,0.00038178656393291285,42.54375414965815
600.8148193359375,0.00010532355952607058,0.00036144233804573557,42.72095372841511
605.5831909179688,9.41992305162989e-05,0.00032326661074811593,42.88420106308467
610.3515625,9.669600641183986e-05,0.00033183487905694744,43.04038942945131
615.1199340820312,9.312887710908325e-05,0.00031959344360697425,43.19570204452735
619.8883056640625,0.00010883408504593204,0.0003734895244243337,43.36094590096488
624.6566772460938,9.018157915352632e-05,0.0003094791038641152,43.523778310892354
629.425048828125,8.299231671800171e-05,0.00028480747450395114,43.66546727248599
634.1934204101562,9.315293261704706e-05,0.00031967599568820317,43.80958736253959
638.9617919921875,9.533199821221464e-05,0.0003271539670653236,43.9638036431796
643.7301635742188,0.00010043405372203072,0.0003446628594784269,44.12397725638068
648.49853515625,8.801410103904631e-05,0.000302040897627203,44.27816344724943
653.2669067382812,8.429622673952933e-05,0.0002892821455927644,44.419145847003946
658.0352783203125,8.779324220365666e-05,0.0003012829690668647,44.55994754250805
662.8036499023438,8.425391584967349e-05,0.00028913694591452423,44.70071461971118
667.572021484375,8.398308903529658e-05,0.00028820754059026115,44.83836427183577
672.3403930664062,7.416160937734185e-05,0.0002545028444461749,44.96775651069982
677.1087646484375,8.023338453341247e-05,0.0002753395557990128,45.094080782914034
681.8771362304688,9.175147888097072e-05,0.00031486658061232,45.23479689133425
686.6455078125,7.222645984052683e-05,0.0002478619278630109,45.36896182274487
691.4138793945312,7.527912741061405e-05,0.00025833786799239484,45.48964925881422
696.1822509765625,7.957278522279894e-05,0.0002730725553252921,45.61634737686138
700.9506225585938,8.94323117880044e-05,0.00030690781829767385,45.754625473447355
705.718994140625,8.27254444912738e-05,0.0002838916402687425,45.895483040892735
710.4873657226562,6.697129415052869e-05,0.00022982760218737236,46.01796325273625
715.2557373046875,8.618592016402048e-05,0.0002957670689338585,46.14327478740833
720.0241088867188,8.339463666831016e-05,0.00028618812916598747,46.28202371884007
724.79248046875,8.316862844657496e-05,0.0002854125292864438,46.418303935641816
729.5608520507812,7.634727298067529e-05,0.0002620034584258492,46.54881807760965
734.3292236328125,8.340213419179652e-05,0.0002862138586649776,46.67952327138932
739.0975952148438,8.696718737999196e-05,0.0002984481694440375,46.81891756138572
743.865966796875,8.2874259798028e-05,0.0002844023346722764,46.957879950405754
748.6343383789062,9.052504731345374e-05,0.00031065779489323586,47.099753340976754
753.4027099609375,9.603012618135791e-05,0.00032954975587608633,47.25239071556126
758.1710815429688,9.479235395619664e-05,0.0003253020520475842,47.40851955312851
762.939453125,9.228865132491365e-05,0.0003167100130309178,47.56158715745058
767.7078247070312,0.00011154981792266975,0.00038280919463765177,47.72836553299717
772.4761962890625,0.0001083059304250528,0.0003716770387670008,47.90824906871719
777.2445678710938,0.00010249728232129142,0.00035174330921061643,48.080725920175176
782.012939453125,0.0001093419302266282,0.0003752323135049728,48.254050415184494
786.7813110351562,0.00011657868808811113,0.00040006693448716433,48.43889616026929
791.5496826171875,0.00011785154370837648,0.000404435035161444,48.63070437675732
796.3180541992188,0.00010585141693397282,0.0003632538037474784,48.813735658922106
801.08642578125,0.00011365227873834121,0.00039002427886273183,48.99333114904639
805.8547973632812,0.0001284958802481713,0.00044096355644577043,49.19145408799133
810.6231689453125,0.00013764370504230577,0.0004723564489429736,49.409206545941146
815.3915405273438,0.00012599265819035528,0.00043237316662894393,49.624910895356905
820.159912109375,0.00010439861969688117,0.00035826819148329343,49.813414484536956
824.9282836914062,8.597123401210994e-05,0.00029503032337529827,49.9691729881787
829.6966552734375,8.87205501699054e-05,0.00030446524244347254,50.1121038691589
834.4650268554688,7.144759916050328e-05,0.00024518908594173196,50.243151673129525
839.2333984375,6.0790239042944346e-05,0.0002086158712154257,50.35134720620418
844.0017700195312,5.0500919538725065e-05,0.00017330567361823902,50.442404398251696
848.7701416015625,6.010159648792789e-05,0.00020625263381362363,50.5328981505958
853.5385131835938,5.752678730676484e-05,0.00019741657610109598,50.62914039005071
858.306884765625,5.745580109497962e-05,0.00019717297037344958,50.7232178690495
863.0752563476562,5.448440646944182e-05,0.0001869759372923081,50.81480610577859
867.8436279296875,4.877802763287024e-05,0.0001673931685580763,50.89929428447293
872.6119995117188,4.7596520017460946e-05,0.00016333854984927097,50.978146870839424
877.38037109375,4.41843306088438e-05,0.00015162882675165578,51.05324094523197
882.1487426757812,4.0668352642404906e-05,0.00013956292903204444,51.12266646989201
886.9171142578125,4.218987260946287e-05,0.00014478437935855543,51.190460151129834
891.6854858398438,4.212323125900855e-05,0.00014455568403504832,51.2594441979213
896.453857421875,4.160131520384864e-05,0.00014276460746975327,51.327946693568926
901.2222290039062,3.979297960984384e-05,0.0001365588824827751,51.39454260315309
905.9906005859375,3.464266421141159e-05,0.00011888437501589138,51.45544502164701
910.7589721679688,2.755184443814233e-05,9.455057459133416e-05,51.50633187906296
915.52734375,2.6081795043093284e-05,8.950575752685082e-05,51.550214328241225
920.2957153320312,2.558448794154024e-05,8.77991323204782e-05,51.592487108146386
925.0640869140625,2.7422848202741926e-05,9.410789394958582e-05,51.63585712287828
929.8324584960938,2.45309545003739e-05,8.418368681238868e-05,51.67836514822932
934.600830078125,1.9180660226181685e-05,6.58229052322896e-05,51.714129506760486
939.3692016601562,1.954677475966072e-05,6.707931256953335e-05,51.74581586468824
944.1375732421875,1.8565165060964113e-05,6.371069014410679e-05,51.77699863129591
948.9059448242188,1.9321727185503233e-05,6.630700937601217e-05,51.80799726647355
953.67431640625,1.7902807064741208e-05,6.143765433089127e-05,51.83845396768236
958.4426879882812,1.4979699741649281e-05,5.1406330380475075e-05,51.8653580701774
963.2110595703125,1.2725496462995156e-05,4.367050653314838e-05,51.88802615453982
967.9794311523438,1.0933958065478482e-05,3.752242504016719e-05,51.90738405791863
972.747802734375,1.1658478164740807e-05,4.000878459558729e-05,51.925868938756004
977.5161743164062,1.219233080366389e-05,4.184082432964586e-05,51.945383406215974
982.2845458984375,1.10274570221283e-05,3.784328849795777e-05,51.9643815791733
987.0529174804688,9.404956352893396e-06,3.2275299360409934e-05,51.9810991532591
991.8212890625,8.518775194457023e-06,2.9234162208583644e-05,51.99576415168769
996.5896606445312,7.743461616994528e-06,2.6573492996323657e-05,52.009069733544635
1001.3580322265625,7.097443071052402e-06,2.435652981432608e-05,52.02121239721676
1006.1264038085938,6.642280223503635e-06,2.2794532436437813e-05,52.03245408648171
1010.894775390625,5.400505482655876e-06,1.8533093042651915e-05,52.04230736022607
1015.6631469726562,5.267134269471402e-06,1.8075398645137177e-05,52.051035504797326
1020.4315185546875,4.936814096091122e-06,1.694182799572622e-05,52.059384262217115
1025.1998901367188,4.835443768348759e-06,1.659395209376724e-05,52.06737981525512
1029.96826171875,4.401581044397529e-06,1.5105051053568278e-05,52.074937446544446
1034.7366333007812,3.693374356241808e-06,1.2674674769872037e-05,52.08156064930309
1039.5050048828125,3.429000023411963e-06,1.1767412639658448e-05,52.087388097053555
1044.2733764648438,3.241225511450721e-06,1.1123020644799325e-05,52.092845601632256
1049.041748046875,2.722736942089729e-06,9.343706295729707e-06,52.09772524958828
1053.8101196289062,2.4343244581111914e-06,8.353951648242908e-06,52.10194470004872
1058.5784912109375,2.500173687194389e-06,8.579928622677093e-06,52.105982051721575
1063.3468627929688,2.109170762634994e-06,7.238110971703322e-06,52.10975336624585
1068.115234375,2.2651087286733717e-06,7.773248440362995e-06,52.11333235322725
1072.8836059570312,2.0147825696951756e-06,6.914195892365016e-06,52.1168341128357
1077.6519775390625,1.5660529337988001e-06,5.3742755793922e-06,52.11976391274332
1082.4203491210938,1.5024065743010947e-06,5.155858265274975e-06,52.12227449229232
1087.188720703125,1.3466781779975226e-06,4.621439983996289e-06,52.12460558184836
1091.9570922851562,1.3210371179298548e-06,4.53344671124201e-06,52.126788276926085
1096.7254638671875,1.353770198644613e-06,4.6457779054992025e-06,52.128976774616454
1101.4938354492188,1.0756251489366468e-06,3.691258351330415e-06,52.13096447895472
1106.26220703125,1.0605497260803587e-06,3.639523524775715e-06,52.13271227355334
1111.0305786132812,1.078639104162722e-06,3.7016014410301907e-06,52.13446253413668
1115.7989501953125,9.942930216338224e-07,3.412148203678316e-06,52.13615858421906
1120.5673217773438,8.933570815766339e-07,3.065763004286304e-06,52.13770303860481
1125.335693359375,7.636911060562029e-07,2.620783993246662e-06,52.13905881705996
1130.1040649414062,6.472075055852713e-07,2.2210433740761017e-06,52.14021319866112
1134.8724365234375,5.93349319201559e-07,2.0362164569359393e-06,52.14122820850091
1139.6408081054688,5.437710996470791e-07,1.8660772433302657e-06,52.142158587820155
1144.4091796875,5.197270461877692e-07,1.783564470902759e-06,52.143028730211896
1149.1775512695312,4.867930429020952e-07,1.6705437640225148e-06,52.143852253789326
1153.9459228515625,4.2726783778411754e-07,1.466269151511263e-06,52.14460012826755
1158.7142944335938,3.545053288802513e-07,1.2165676463719765e-06,52.14523976640486
1163.482666015625,2.841150752264722e-07,9.75007087929621e-07,52.14576227853901
1168.2510375976562,2.61254998643417e-07,8.965574080549218e-07,52.14620849428684
1173.0194091796875,2.518587337388603e-07,8.643119354248461e-07,52.1466283182537
1177.7877807617188,2.630328036202457e-07,9.026583601145155e-07,52.147049596800876
1182.55615234375,2.6240552897391616e-07,9.005057209919264e-07,52.14747950461898
1187.3245239257812,3.0721988462546175e-07,1.054296625492247e-06,52.147945565816855
1192.0928955078125,3.5339779157938606e-07,1.2127668740348196e-06,52.14848607587514
1196.8612670898438,4.293347272511758e-07,1.4733621643643914e-06,52.149126498943765
1201.629638671875,3.9547797462185263e-07,1.3571748280832852e-06,52.149801351551595
1206.3980102539062,3.345227154029137e-07,1.147992651679309e-06,52.15039863002253
1211.1663818359375,2.9375320580870214e-07,1.008082578994552e-06,52.15091267841545
1215.9347534179688,3.225579236362273e-07,1.1069326805784364e-06,52.15141693734843
1220.703125,3.0286914308346866e-07,1.0393660420383007e-06,52.1519286548402
1225.4714965820312,2.553141350748826e-07,8.761699503210204e-07,52.15238535420972
1230.2398681640625,2.513486136335119e-07,8.625613394101375e-07,52.152799900053246
1235.0082397460938,2.722360912466565e-07,9.342415862451696e-07,52.15322829125372
1239.776611328125,2.8141033292566637e-07,9.65725134438745e-07,52.15368127861959
1244.5449829101562,2.829592197545049e-07,9.710405005287515e-07,52.15414303953033
1249.3133544921875,3.1475906486167665e-07,1.0801690793267684e-06,52.15463208600381
1254.0817260742188,3.1045469143789957e-07,1.0653976188756352e-06,52.15514362896735
1258.85009765625,3.098206809951497e-07,1.0632218642979883e-06,52.15565113139997
1268.3868408203125,4.009021372860399e-07,1.3757891062571913e-06,52.156788133928124
1273.1552124023438,5.179452455824973e-07,1.7774498069130619e-06,52.15753992466937
1277.923583984375,5.889768953821031e-07,2.0212114656942614e-06,52.15844559609247
1282.6919555664062,5.546623461924528e-07,1.9034530938361347e-06,52.15938130904021
1287.4603271484375,5.07159979438911e-07,1.7404376528525218e-06,52.16025008029443
1292.2286987304688,4.593896005008201e-07,1.5765024656027933e-06,52.16104090044443
1301.7654418945312,5.122892350780315e-07,1.7580398888477752e-06,52.16261028135393
1306.5338134765625,5.011840664730157e-07,1.7199299149440213e-06,52.16343949397271
1311.3021850585938,6.112840719823165e-07,2.097763740435646e-06,52.16434970306947
1316.070556640625,6.56608625616791e-07,2.2533055082057402e-06,52.165387078817304
1325.6072998046875,9.885564703628937e-07,3.3924618912045102e-06,52.16813950367343
1330.3756713867188,9.399222604086898e-07,3.2255622665245876e-06,52.16971736358958
1335.14404296875,1.0708285729286726e-06,3.6747977830137216e-06,52.17136253762787
1339.9124145507812,1.1895531273859003e-06,4.082228757997402e-06,52.173211956873836
1344.6807861328125,1.0814859624881746e-06,3.711371098776916e-06,52.17507009587777
1349.4491577148438,1.1190846681257296e-06,3.8403998187924735e-06,52.17687057836964
1354.217529296875,1.1757127977154857e-06,4.034732441523592e-06,52.17874815621338
1358.9859008789062,1.2500347350403764e-06,4.289785488682976e-06,52.18073287595001
1363.7542724609375,1.4122750975779344e-06,4.8465510995760214e-06,52.182911148337574
1373.291015625,1.374812948809346e-06,4.717991006278148e-06,52.18749280523547
1378.0593872070312,1.537187015896889e-06,5.275215455491617e-06,52.189875371320746
1382.8277587890625,1.64638084923667e-06,5.64993954001838e-06,52.19248013125124
1387.5961303710938,1.7920309052338748e-06,6.149771647981756e-06,52.1952934016265
1397.1328735351562,2.266275228142971e-06,7.777251555122107e-06,52.20204238429693
1401.9012451171875,2.364566956934284e-06,8.114562527375144e-06,52.20583128802983
1406.6696166992188,2.6408508129497758e-06,9.062694961674541e-06,52.20992666535322
1411.43798828125,2.86871266858736e-06,9.84465601790624e-06,52.21443452910835
1420.9747314453125,3.0191700142685286e-06,1.0360985460662074e-05,52.22395477401045
1425.7431030273438,3.2493462501230627e-06,1.1150888851927884e-05,52.22908360451787
1430.511474609375,3.681694088617263e-06,1.2634591209667539e-05,52.2347545048774
1435.2798461914062,3.978896319023287e-06,1.3654509920293443e-05,52.24102231501466
1444.8165893554688,4.4404024394867195e-06,1.5238275717360246e-05,52.25490569437632
1449.5849609375,4.557258368765007e-06,1.5639294069596972e-05,52.26226748069104
1459.1217041015625,6.0618940202448716e-06,2.080280193265239e-05,52.280116028263066
1463.8900756835938,5.68362018099736e-06,1.9504667104183036e-05,52.28972607775801
1468.658447265625,5.321413306778327e-06,1.8261669810291165e-05,52.29873027414303
1473.4268188476562,6.3799789364381495e-06,2.1894384445846144e-05,52.308304223541114
1482.9635620117188,8.041618681773582e-06,2.7596688443605513e-05,52.33199275261088
1487.73193359375,8.647431169976845e-06,2.9675675169261055e-05,52.34564754816525
1492.5003051757812,8.100662639992607e-06,2.7799311545238124e-05,52.3593506528316
1497.2686767578125,8.660685439293393e-06,2.9721160283061023e-05,52.37306460199416
1502.0370483398438,8.166182647049753e-06,2.8024158717571358e-05,52.386832158900056
1511.5737915039062,1.0775602428246295e-05,3.697899076941644e-05,52.41910057975212
1516.3421630859375,1.0152525527926232e-05,3.484075719045893e-05,52.436223742012146
1521.1105346679688,1.0072943652119157e-05,3.456765343867532e-05,52.45277199665204
1525.87890625,1.0355322929445739e-05,3.553670373161876e-05,52.469486177877414
1530.6472778320312,1.3395566331456062e-05,4.597000743304494e-05,52.48891889214053
1535.4156494140625,1.426330275357657e-05,4.8947847174029425e-05,52.51154907216732
1540.1840209960938,1.4639031854902966e-05,5.0237249141322604e-05,52.53519664189887
1544.952392578125,1.4669944026928192e-05,5.034333146308561e-05,52.55917692101178
1549.7207641601562,1.4307551479161515e-05,4.909969698714752e-05,52.58288598655645
1554.4891357421875,1.3792273915733109e-05,4.733140195319576e-05,52.605876952147014
1564.02587890625,1.517572718751039e-05,5.207904424119145e-05,52.65417456567004
1568.7942504882812,1.6157089496783094e-05,5.544681769216077e-05,52.67981072888887
1578.3309936523438,1.7886866393188405e-05,6.138295020180571e-05,52.735298992633794
1583.099365234375,1.717612386384827e-05,5.894387158815849e-05,52.76398714251277
1592.6361083984375,1.4940494209823614e-05,5.127178746195657e-05,52.8180511168581
1597.4044799804688,1.8020314611305558e-05,6.184090885969138e-05,52.84501928519345
1606.9412231445312,2.4359039726511772e-05,8.359372120460886e-05,52.91379243819981
1611.7095947265625,2.2804332157632827e-05,7.825837988874769e-05,52.9523809861671
1621.246337890625,3.263710492122215e-05,0.00011200183095644962,53.04778888485622
1626.0147094726562,3.4208934751965476e-05,0.00011739593130389632,53.10248157338341
1635.5514526367188,2.7120875285501614e-05,9.307160351537567e-05,53.20524973605156
1640.31982421875,2.529564631929315e-05,8.680790498502084e-05,53.24813635287771
1645.0881958007812,2.7955660957930564e-05,9.59363650802857e-05,53.291705982085624
1649.8565673828125,2.6565730510217242e-05,9.116649485369024e-05,53.33631478009693
1654.6249389648438,2.3172955090381502e-05,7.952339538261711e-05,53.37701042119406
1664.1616821289062,2.3567361345209288e-05,8.087689235448436e-05,53.453359888967015
1668.9300537109375,2.287752107430481e-05,7.8509544711509e-05,53.491360576820355
1673.6984252929688,1.868222077182262e-05,6.41123940933911e-05,53.52536429681892
1678.466796875,1.9228585407141504e-05,6.598737165875037e-05,53.556382498111
1683.2351684570312,1.937741793521491e-05,6.649812516125418e-05,53.58796950201439
1692.7719116210938,1.617553932694935e-05,5.551013258373721e-05,53.64691567579254
1697.540283203125,1.7571501987365035e-05,6.030070375390639e-05,53.67452713083672
1707.0770263671875,1.4360073236004885e-05,4.927993763489204e-05,53.72583724444131
1711.8453979492188,1.4949472183558831e-05,5.130259747096473e-05,53.74981798954368
1716.61376953125,1.5701669068169307e-05,5.388393636482382e-05,53.77489641348143
1721.3821411132812,1.4226173745763386e-05,4.88204303315518e-05,53.7993830426567
1726.1505126953125,1.1993991557865814e-05,4.116017698872743e-05,53.8208360912007
1730.9188842773438,1.4777035267406902e-05,5.0710840010242734e-05,53.84273984853421
1740.4556274414062,1.2780546881725235e-05,4.385942487341081e-05,53.88860362437919
1745.2239990234375,1.1683421470831727e-05,4.009438336297286e-05,53.90861977204908
1754.7607421875,1.3917519791988474e-05,4.7761212363592313e-05,53.94871334136545
1759.5291137695312,1.1743435785000655e-05,4.030033646716945e-05,53.96970885071117
1764.2974853515625,1.114599748922251e-05,3.825008773425741e-05,53.9884367312371
1769.0658569335938,1.2309160139709699e-05,4.224175142100832e-05,54.00762748115777
1773.834228515625,1.2196158005507171e-05,4.185395826462331e-05,54.02767746076956
1783.3709716796875,1.1391631621693971e-05,3.9093038499915346e-05,54.0668494144392
1788.1393432617188,1.2513490817462008e-05,4.2942959756860123e-05,54.08640832057876
1792.90771484375,1.3446460136883924e-05,4.614466138614589e-05,54.10764846462721
1802.4444580078125,1.155806155358848e-05,3.966418159435144e-05,54.148214995270884
1807.2128295898438,1.0102016174271675e-05,3.466742257320682e-05,54.16593703071886
1816.7495727539062,1.227371668012151e-05,4.21201189300478e-05,54.20232627487547
1821.5179443359375,1.047390577699787e-05,3.594364840633567e-05,54.22093812736313
1826.2863159179688,1.1030216335368884e-05,3.785275772434515e-05,54.2385325616556
1831.0546875,1.0214927066703865e-05,3.505490261219486e-05,54.25591510243866
1835.8230590820312,1.1753177982324512e-05,4.033376908750893e-05,54.27388916242566
1845.3598022460938,9.898197760651446e-06,3.396797219109707e-05,54.309987915552995
1850.128173828125,1.0417993458531757e-05,3.575177225628068e-05,54.32661039795946
1854.8965454101562,1.1629537071004143e-05,3.990946648829154e-05,54.34464944299401
1859.6649169921875,1.1883821805695937e-05,4.078210381131699e-05,54.36388781253031
1864.4332885742188,1.1760753934402248e-05,4.035976773248657e-05,54.38323354224942
1869.20166015625,1.027899238615714e-05,3.527475768502979e-05,54.40126621833049
1873.9700317382812,1.0938195627464151e-05,3.75369672215994e-05,54.41862588632467
1883.5067749023438,1.0421650515100624e-05,3.576432229810005e-05,54.4532134757143
1888.275146484375,9.937566440207773e-06,3.410307498907163e-05,54.46987116130103
1893.0435180664062,9.47100475388758e-06,3.2501959839669665e-05,54.48575103906591
1897.8118896484375,1.1307499098009783e-05,3.8804318139504686e-05,54.502751780542724
1902.5802612304688,1.0309033814149752e-05,3.537785184573554e-05,54.52043818810528
1907.3486328125,9.161152972642961e-06,3.143863124761834e-05,54.536368479064954
1916.8853759765625,1.1081434430734587e-05,3.802852455393703e-05,54.5688300475464
1921.6537475585938,1.1920016889282729e-05,4.090631567517953e-05,54.587649579995436
1926.422119140625,9.55639131487459e-06,3.279498372131307e-05,54.605221339075484
1931.1904907226562,1.0399500963997399e-05,3.568831095198302e-05,54.62154902888368
1935.9588623046875,1.236007562108979e-05,4.241647976019049e-05,54.6401706621063
1950.2639770507812,1.0860063041682652e-05,3.726883704626637e-05,54.69560444831728
1955.0323486328125,1.2539327170465922e-05,4.3031623222834215e-05,54.714749569955835
1959.8007202148438,1.1662139975961645e-05,4.002135095410287e-05,54.73455094204925
1964.569091796875,1.2837664174430727e-05,4.405543617336318e-05,54.754596410171615
1969.3374633789062,1.349642378470078e-05,4.631612328665019e-05,54.776142668969264
1978.8742065429688,1.3023668615678816e-05,4.469375375809082e-05,54.82049414359983
1983.642578125,1.541229306496746e-05,5.2890875176593505e-05,54.84376013217259
1988.4109497070312,1.6314599426275204e-05,5.598734971972632e-05,54.869718723847484
1997.9476928710938,1.5002660700428232e-05,5.1485126261113556e-05,54.9205376417668
2002.716064453125,1.711270934957956e-05,5.872624990497143e-05,54.946814081473136
2007.4844360351562,1.8498898232202097e-05,6.348328007906155e-05,54.975951103964604
2012.2528076171875,1.6714256137479132e-05,5.7358864856161305e-05,55.00476211645565
2017.0211791992188,1.706729994100999e-05,5.857041693771783e-05,55.03240181109721
2021.78955078125,1.8318180308998438e-05,6.286310441291981e-05,55.06135381871293
2031.3262939453125,2.1526131227544866e-05,7.387193553819506e-05,55.12724458013689
2036.0946655273438,1.963121554100633e-05,6.736909078794243e-05,55.160919064944416
2040.863037109375,1.3732326488067155e-05,4.712567838562068e-05,55.18821674512534
2045.6314086914062,1.422488270711683e-05,4.881599983158562e-05,55.2110910237225
2055.1681518554688,1.0106131174761e-05,3.4681544156303834e-05,55.25169778356383
2059.9365234375,8.600136065851105e-06,2.9513370998283124e-05,55.26700304402053
2074.2416381835938,9.730172854210315e-06,3.339135556982759e-05,55.31182264728528
2079.010009765625,9.232150865229134e-06,3.16822770606552e-05,55.327337410314016
2088.5467529296875,7.691208889158486e-06,2.6394175584309572e-05,55.35476802638989
2093.3151245117188,8.253659045401767e-06,2.832435436312724e-05,55.36781394055049
2107.6202392578125,7.12851382755491e-06,2.4463156355677794e-05,55.403918372690484
2112.3886108398438,7.013140702287395e-06,2.4067226590941616e-05,55.415488917635884
2126.6937255859375,5.048949359821436e-06,1.7326646284079147e-05,55.44663849234567
2131.4620971679688,4.8765163538922045e-06,1.6734902242197535e-05,55.4547593983473
2145.7672119140625,5.477532540192808e-06,1.8797429340192643e-05,55.48009331321446
2150.5355834960938,4.3780805645111936e-06,1.5024403680525294e-05,55.48815706658588
2155.303955078125,4.589707998200694e-06,1.5750652534737426e-05,55.49549441176049
2164.8406982421875,4.102467796994427e-06,1.4078574242792914e-05,55.509933888965755
2169.6090698242188,4.082853602947825e-06,1.4011263565229539e-05,55.51663102818314
2183.9141845703125,3.0669779408798894e-06,1.0525049501502357e-05,55.53432400369995
2188.6825561523438,3.00720574593189e-06,1.0319927285833385e-05,55.53929383344699
2193.450927734375,3.148474267941139e-06,1.0804723138888936e-05,55.54433034258528
2202.9876708984375,2.375144390672821e-06,8.150861456106605e-06,55.553829386725425
2207.7560424804688,2.189963294437919e-06,7.515369371655664e-06,55.55756450721926
2222.0611572265625,1.5102043394066244e-06,5.18261811334654e-06,55.56654944669865
2226.8295288085938,1.3548160693752505e-06,4.649367054630473e-06,55.56889357463215
2241.1346435546875,1.1685983601218646e-06,4.010317591044841e-06,55.57512020009065
2245.9030151367188,1.1177373917168591e-06,3.835776325839831e-06,55.576990854653815
2264.9765014648438,7.192659740666681e-07,2.4683288004432587e-06,55.58272240830491
2269.744873046875,5.970493030378374e-07,2.048913813676763e-06,55.583799402870426
2274.5132446289062,6.146323997649237e-07,2.1092543074819433e-06,55.58479078740554
2284.0499877929688,4.942609021391904e-07,1.696171463228636e-06,55.586638628621564
2288.818359375,5.337451783765993e-07,1.8316709581518036e-06,55.58747973179897
2298.3551025390625,4.2222531206390353e-07,1.4489645494433966e-06,55.589047474692144
2303.1234741210938,4.422722306366899e-07,1.5177602220561022e-06,55.589754796996736
2307.891845703125,4.56932923883787e-07,1.56807180731249e-06,55.59049051668453
2322.1969604492188,3.86962123268484e-07,1.3279506997167386e-06,55.59251318369542
2326.96533203125,3.7181179045337637e-07,1.2759588021820937e-06,55.59313400409898
2346.038818359375,2.973163295764711e-07,1.0203102685178058e-06,55.595389341827186
2350.8071899414062,3.0208157880757786e-07,1.0366633316996056e-06,55.59587976255019
2355.5755615234375,2.687046728839808e-07,9.221227012077988e-07,55.59634677353292
2360.3439331054688,3.0265770776923713e-07,1.038640452486778e-06,55.596814255897975
2365.1123046875,2.890563590420012e-07,9.919642548091762e-07,55.59729838978701
2369.8806762695312,2.738587340121848e-07,9.39810063019261e-07,55.597758960675016
2374.6490478515625,3.1760531805190317e-07,1.0899366604109507e-06,55.59824289000475
2384.185791015625,2.9784768179584546e-07,1.0221337274795108e-06,55.59925400025006
2388.9541625976562,3.1263529813073585e-07,1.0728808788885274e-06,55.599753490655715
2398.4909057617188,2.837021687873972e-07,9.735901032644143e-07,55.60070795673543
2408.0276489257812,3.6495516497997746e-07,1.2524286940718013e-06,55.601801792481076
2412.7960205078125,3.1835379933188006e-07,1.092505248341663e-06,55.60236086829972
2417.5643920898438,2.967841997654025e-07,1.0184841410690004e-06,55.60286416739044
2427.1011352539062,3.563986423833219e-07,1.2230649928563023e-06,55.603963677515246
2431.8695068359375,6.147763604309023e-07,2.1097483420543796e-06,55.604758282134966
2436.6378784179688,8.271492401496227e-07,2.8385553680269463e-06,55.605938049674485
2446.1746215820312,3.30563285266568e-07,1.1344049445010753e-06,55.607594473858235
2450.9429931640625,3.5569531042773075e-07,1.2206513453533595e-06,55.60815596303256
2455.7113647460938,4.180648568550534e-07,1.4346869778840236e-06,55.60878904502262
2465.2481079101562,4.838244034295677e-07,1.6603561858909611e-06,55.6102188114771
2470.0164794921875,4.556087388632938e-07,1.5635275578400465e-06,55.610987445258466
2474.7848510742188,4.423671765853482e-07,1.5180860512041623e-06,55.611722159196475
2493.8583374023438,5.189119848668083e-07,1.7807673980462737e-06,55.614902210967045
2498.626708984375,5.176824533322229e-07,1.7765479740678095e-06,55.61575034104348
2512.9318237304688,6.52620563943438e-07,2.239619545236263e-06,55.618657054949374
2517.7001953125,6.762874212215898e-07,2.3208378810701614e-06,55.61974435272901
2522.4685668945312,6.615973087617238e-07,2.270425336929603e-06,55.62083899518172
2536.773681640625,7.647038732319474e-07,2.6242595398152005e-06,55.62428519579004
2541.5420532226562,8.29837836895854e-07,2.8477819142849032e-06,55.6255898321383
2555.84716796875,1.1210487294041656e-06,3.847139952754308e-06,55.63022952334433
2560.6155395507812,9.016377959770902e-07,3.0941802054050055e-06,55.63188446303352
2565.3839111328125,9.346132413651032e-07,3.207343130516672e-06,55.63338686327345
2579.6890258789062,1.0769445035116881e-06,3.695786024003653e-06,55.63848589607917
2584.4573974609375,1.0523794355912569e-06,3.6114852690408925e-06,55.640228085317965
2593.994140625,9.888789043076761e-07,3.393568398422761e-06,55.643586904230204
2603.5308837890625,1.0452393834205834e-06,3.586982516172025e-06,55.646912252048295
2608.2992553710938,1.0625265581849647e-06,3.646307484803536e-06,55.64863680277256
2627.3727416992188,1.2844831313697992e-06,4.40800318819161e-06,55.6562635508459
2632.14111328125,1.1626950420038846e-06,3.990058979273727e-06,55.658265804895066
2651.214599609375,1.5910038037773503e-06,5.4599003040207865e-06,55.66725305984856
2655.9829711914062,1.678797968331089e-06,5.761186438346893e-06,55.669928375405654
2660.7513427734375,1.6780191079938246e-06,5.758513597601872e-06,55.6726748859199
2675.0564575195312,2.356238297010078e-06,8.085980790018957e-06,55.68270374503842
2679.8248291015625,2.3831909654911445e-06,8.17847515268771e-06,55.68658149351413
2684.5932006835938,2.355672799416469e-06,8.084040153248676e-06,55.690458779306
2698.8983154296875,2.9057440962312763e-06,9.971737991293926e-06,55.70285599604456
2703.6666870117188,3.083068601427958e-06,1.0580268352777076e-05,55.7077559761948
2708.43505859375,3.029732248134838e-06,1.0397232227489963e-05,55.71275740207625
2722.7401733398438,3.4529166749048304e-06,1.1849488202549648e-05,55.729010705355094
2727.508544921875,3.853544009424239e-06,1.32243342590759e-05,55.73498877047904
2737.0452880859375,3.515995648033299e-06,1.2065958398122884e-05,55.74690211837954
2746.58203125,4.5317784901398046e-06,1.5551853928522596e-05,55.7598235560471
2751.3504028320312,4.856050066932015e-06,1.6664667409238107e-05,55.76750457328805
2765.655517578125,5.1262825101927e-06,1.759203301050965e-05,55.792362978456254
2770.4238891601562,5.002656617233252e-06,1.716778195029748e-05,55.80065036414904
2775.1922607421875,4.898448621210015e-06,1.6810167928371302e-05,55.8087513386799
2794.2657470703125,5.8538573827982605e-06,2.0088875732510398e-05,55.845047473904394
2799.0341186523438,6.113010062530471e-06,2.097821854331848e-05,55.85483863216947
2808.5708618164062,5.261385867475756e-06,1.805567166413993e-05,55.87395105352011
2818.1076049804688,6.690001949645295e-06,2.295830066027904e-05,55.89363314008698
2822.8759765625,8.349748173133194e-06,2.865410659657151e-05,55.90593849688917
2827.6443481445312,8.315696443970025e-06,2.853725015287916e-05,55.91957397890226
2841.949462890625,1.2350485581014925e-05,4.23835693029081e-05,55.97018182040846
2846.7178344726562,1.1357953126316722e-05,3.8977462894933995e-05,55.98957980209931
2856.2545776367188,8.973285781562139e-06,3.079392120276337e-05,56.022973494213915
2870.5596923828125,9.003704938452392e-06,3.089831162820348e-05,56.06840229604756
2875.3280639648438,7.945747012914057e-06,2.726768247095458e-05,56.08227014971272
2880.096435546875,8.888411829445272e-06,3.0502656457911024e-05,56.09604367183435
2894.4015502929688,6.983482256031718e-06,2.396544672131233e-05,56.13542446706467
2899.169921875,7.182391340319454e-06,2.4648049595797404e-05,56.147014827781746
2913.4750366210938,5.909317494900082e-06,2.0279200031048745e-05,56.179174704337406
2918.243408203125,6.0603912388510735e-06,2.0797644788106663e-05,56.18896818731317
2923.0117797851562,5.3555438562344186e-06,1.8378796744186156e-05,56.198308578837555
2937.31689453125,5.7651093665465924e-06,1.978431623380694e-05,56.22543643273218
2942.0852661132812,4.565237839005125e-06,1.5666677481180594e-05,56.23388860828143
2946.8536376953125,5.03913913217387e-06,1.7292980201830764e-05,56.2417468030339
2951.6220092773438,5.4318807057983356e-06,1.8640764432228432e-05,56.25031407537134
2965.9271240234375,4.360157940483438e-06,1.4962898019667875e-05,56.27372777779255
2970.6954956054688,5.094906110073398e-06,1.7484357581862823e-05,56.28146380636881
2975.4638671875,4.644414998475048e-06,1.5938392354542287e-05,56.289432410918316
2980.2322387695312,4.055217207928471e-06,1.3916422835615968e-05,56.29655035353529
2999.3057250976562,4.3641855744876395e-06,1.497671978431219e-05,56.325334581608466
3004.0740966796875,4.259869972103808e-06,1.4618736486084139e-05,56.33239068824032
3008.8424682617188,4.858678008585428e-06,1.6673685803410613e-05,56.33985138309923
3023.1475830078125,3.7653750766507413e-06,1.2921762020271513e-05,56.36187021899733
3027.9159545898438,3.939733564164243e-06,1.352011380090421e-05,56.36817445345941
3032.684326171875,4.771239285155861e-06,1.637361944813049e-05,56.37530167486467
3051.7578125,4.245382078966058e-06,1.4569017904670557e-05,56.40262081367396
3056.5261840820312,4.5882305020226135e-06,1.5745582162301644e-05,56.409848377547966
3066.0629272460938,3.510819940618149e-06,1.2048196752033535e-05,56.422884314071574
3075.5996704101562,4.473379851423158e-06,1.53514453911411e-05,56.43591069208775
3080.3680419921875,4.596597882883817e-06,1.577429677957627e-05,56.44333164730958
3085.1364135742188,3.82682831213516e-06,1.3132653118273811e-05,56.4502236012304
3104.2098999023438,4.20353948472938e-06,1.4425425291974438e-05,56.4772093703731
3108.978271484375,3.598404718927408e-06,1.2348764328668466e-05,56.483592834619046
3118.5150146484375,4.368852824402299e-06,1.4992736540002838e-05,56.496732795470614
3123.2833862304688,3.3877543185256107e-06,1.1625868391860998e-05,56.50307916543614
3132.8201293945312,3.869004168051752e-06,1.327738939608447e-05,56.51492475146459
3137.5885009765625,4.229933139789755e-06,1.4516001269823278e-05,56.52155121217557
3147.125244140625,3.5110732693766222e-06,1.2049066108701396e-05,56.53438876625163
3151.8936157226562,4.405208319600051e-06,1.5117498893689084e-05,56.540865780078576
3161.4303588867188,4.311294529232672e-06,1.4795211837328057e-05,56.55499696274583
3166.19873046875,4.030353596600733e-06,1.3831097559381513e-05,56.561822006757126
3190.0405883789062,5.102885430848539e-06,1.751174048052255e-05,56.60039166069917
3194.8089599609375,4.859718321369501e-06,1.6677255879153078e-05,56.608542952632156
3204.345703125,6.253067916435051e-06,2.1458859706651067e-05,56.62625071060533
3213.8824462890625,5.5545611876701065e-06,1.9061771093984243e-05,56.64606740257325
3218.6508178710938,6.489294406312655e-06,2.2269525954486757e-05,56.65592155168797
3232.9559326171875,6.3829399912495565e-06,2.1904545995445608e-05,56.68809377586336
3242.49267578125,7.507677111349125e-06,2.5764343520376278e-05,56.71112081267906
3247.2610473632812,8.260696380075125e-06,2.8348504616967824e-05,56.72402232104311
3271.1029052734375,4.327443711126217e-06,1.4850631518237001e-05,56.77501373120138
3275.8712768554688,3.611982100263177e-06,1.2395358276657134e-05,56.7815096813745
3280.6396484375,3.173063575133317e-06,1.0889107076561168e-05,56.787061130519156
3294.9447631835938,3.7434787800583067e-06,1.2846619776024124e-05,56.804755920168795
3299.713134765625,3.4713101717498095e-06,1.1912609773206785e-05,56.81065898049758
3304.4815063476562,3.1607128814232354e-06,1.0846722793014867e-05,56.816085228229305
3309.2498779296875,3.2743149887155204e-06,1.1236574896869014e-05,56.82135029668641
3318.78662109375,2.723340704547424e-06,9.345778247297955e-06,56.831057566788786
3333.0917358398438,2.767557941849934e-06,9.497520001037166e-06,56.844674117547854
3337.860107421875,2.604504235199837e-06,8.937963210288498e-06,56.84906947926015
3352.1652221679688,1.8445184823936662e-06,6.329895000177188e-06,56.85950679056808
3361.7019653320312,1.8684872469724424e-06,6.412149401266588e-06,56.86567707646727
3366.4703369140625,1.5552758742849236e-06,5.337291588293899e-06,56.868478361493246
3371.2387084960938,1.6128083476169432e-06,5.534727677315671e-06,56.87107045287851
3390.3121948242188,1.5015277908260807e-06,5.152842514997693e-06,56.881325144327576
3395.08056640625,1.2930786675429246e-06,4.437500773586092e-06,56.88361166034753
3404.6173095703125,9.855325232419917e-07,3.382084511989227e-06,56.88727139039612
3418.9224243164062,1.0455307545795115e-06,3.587982424202061e-06,56.89268207480118
3423.6907958984375,9.245045572522879e-07,3.1726528253585245e-06,56.8942939358512
3447.5326538085938,6.172498494980428e-07,2.118236696185029e-06,56.90060295079672
3452.301025390625,6.726570886217854e-07,2.3083795487781142e-06,56.90165833835207
3457.0693969726562,6.578714438445788e-07,2.2576391632287214e-06,56.90274696204553
3480.9112548828125,4.909111329072115e-07,1.6846759495129187e-06,56.90724547645033
3485.6796264648438,5.941799418085531e-07,2.0390669319716913e-06,56.908133285937076
3490.447998046875,5.862278054248685e-07,2.0117773228860236e-06,56.90909908246847
3509.521484375,1.8410431779638098e-06,6.317968683176508e-06,56.91562508140484
3514.2898559570312,2.4317946471037055e-06,8.34527001224927e-06,56.919121069939635
3533.3633422851562,1.0296403702787929e-05,3.533450867540464e-05,56.95396542113282
3542.9000854492188,5.640332115078652e-06,1.9356114018571994e-05,56.977511939784186
3547.66845703125,4.93172761184081e-06,1.6924372539718674e-05,56.98616188183853
3571.5103149414062,7.276957688630376e-07,2.497257605680717e-06,57.00577598938656
3576.2786865234375,6.054342434891123e-07,2.0776886907766287e-06,57.006866741582016
3604.888916015625,4.726057884069666e-07,1.621856894168863e-06,57.011912064463665
3609.6572875976562,4.2400908043666655e-07,1.4550859662857878e-06,57.01264566480844
3633.4991455078125,3.43469540820853e-07,1.1786957679782464e-06,57.01580659826357
3638.2675170898438,3.612682410606099e-07,1.2397761554792076e-06,57.016383206903164
3643.035888671875,3.835202633862442e-07,1.3161391554747815e-06,57.016992584599905
3652.5726318359375,6.627471965035822e-07,2.274371444673944e-06,57.01857058515887
3662.109375,3.7610678826167727e-07,1.2906980880239222e-06,57.020207779655905
3666.8777465820312,3.901020057238258e-07,1.3387259380485442e-06,57.020834683196064
3671.6461181640625,3.809471520010717e-07,1.3073089241448326e-06,57.02146554706816
3676.4144897460938,4.3951450332761336e-07,1.5082964381622579e-06,57.02213683969796
3685.9512329101562,3.742183622910651e-07,1.2842175142461682e-06,57.02347906138468
3700.25634765625,4.3201882591180476e-07,1.482573274393416e-06,57.0254425698158
3705.0247192382812,4.2638949827603906e-07,1.4632549248099784e-06,57.02614490998933
3728.8665771484375,5.024671900498184e-07,1.7243332525038991e-06,57.02986036262057
3733.6349487304688,4.707874194574633e-07,1.6156167373844205e-06,57.03065666875142
3738.4033203125,4.638365517706019e-07,1.591763215157384e-06,57.031421367722345
3767.0135498046875,6.368963004443556e-07,2.185658070816585e-06,57.03707889471795
3771.7819213867188,7.500391241047235e-07,2.5739340358610166e-06,57.03821366990513
3776.55029296875,8.233325308220175e-07,2.8254574405621123e-06,57.03950098514895
3786.0870361328125,6.846755599863718e-07,2.349623733928129e-06,57.04188550552668
3800.3921508789062,7.99768047459634e-07,2.7445904246763507e-06,57.045484998859564
3805.1605224609375,8.467546932531616e-07,2.9058360490073023e-06,57.04683216551074
3824.2340087890625,8.173766003534695e-07,2.805018277249777e-06,57.052288785302196
3829.0023803710938,9.204053653169953e-07,3.1585854929985346e-06,57.053710619239425
3833.770751953125,8.974727876785572e-07,3.07988700885738e-06,57.05519798698909
3838.5391235351562,8.435602783031969e-07,2.8948736697125e-06,57.05662248094055
3867.1493530273438,1.1589123677495324e-06,3.977077851093948e-06,57.06638564717985
3871.917724609375,1.2446279453481722e-06,4.271230829910851e-06,57.06835219721557
3890.9912109375,1.4989786416793235e-06,5.144094515672783e-06,57.07720357497198
3900.5279541015625,1.4940731552544417e-06,5.1272601958810936e-06,57.08207444088509
3905.2963256835938,1.3081483152653285e-06,4.48921578142309e-06,57.08436718742356
3933.9065551757812,2.038429650453538e-06,6.995346360462737e-06,57.1014957461493
3938.6749267578125,2.0383064419628753e-06,6.9949235418157735e-06,57.10483128642064
3943.4432983398438,2.1260988067348845e-06,7.296203499771472e-06,57.10823855662366
3952.9800415039062,1.8875887677115146e-06,6.477700720906999e-06,57.114682394883346
3972.0535278320312,2.738291643054967e-06,9.397085876801367e-06,57.12948268733216
3976.8218994140625,2.9060810232785865e-06,9.972894234970827e-06,57.134100850467625
3991.1270141601562,2.396910751906671e-06,8.225557796892195e-06,57.147136233029386
4005.43212890625,3.0542901950071543e-06,1.04815085449167e-05,57.16091509799308
4010.2005004882812,3.1749566031896396e-06,1.0895603443468461e-05,57.166011798658644
4029.2739868164062,2.979064002415978e-06,1.0223352335092598e-05,57.18714654638052
4043.5791015625,4.197406436329206e-06,1.4404378307205964e-05,57.204893973455654
4048.3474731445312,4.074753287703183e-06,1.3983465445852399e-05,57.211662162827004
4062.652587890625,6.243838432750808e-06,2.1427186582643497e-05,57.23951541703569
4076.9577026367188,4.435974832860197e-06,1.5223081353456879e-05,57.26563979451035
4081.72607421875,4.8759828601981545e-06,1.673307143426645e-05,57.27325873505155
4115.104675292969,3.6564266501051762e-06,1.2547880106346207e-05,57.321599209094586
4119.873046875,3.3452716770336586e-06,1.1480079307858295e-05,57.32732792103682
4148.4832763671875,2.8241262055951824e-06,9.69164718017233e-06,57.35732608327145
4153.251647949219,2.7642601718487016e-06,9.48620293479913e-06,57.36189843904609
4181.861877441406,2.2928410602810288e-06,7.868418398735413e-06,57.3867500374176
4186.6302490234375,2.4716033414060552e-06,8.481882823361371e-06,57.39064825300285
4191.398620605469,2.632496783182041e-06,9.034026161788354e-06,57.39482437113477
4220.008850097656,2.1452671825277136e-06,7.3619842481080725e-06,57.41799719014289
4224.7772216796875,2.4283220148872007e-06,8.333352865571411e-06,57.421739250116055
4229.545593261719,2.402889647491933e-06,8.246075770354094e-06,57.42569209393373
4243.8507080078125,1.9309763223720356e-06,6.6265952253194154e-06,57.43663455561369
4258.155822753906,2.096659144769193e-06,7.19517443941654e-06,57.44719176457489
4262.9241943359375,2.225955939080871e-06,7.638886519108108e-06,57.45072848031093
4281.9976806640625,1.9817148743175547e-06,6.80071638991701e-06,57.46501196669331
4296.302795410156,2.5046475286367335e-06,8.595281652125044e-06,57.47659418001761
4301.0711669921875,2.323004384474838e-06,7.971930874661023e-06,57.48054411128791
4324.913024902344,2.2119709110763518e-06,7.590893636581789e-06,57.50001268190182
4334.449768066406,2.636890252935611e-06,9.049103377057275e-06,57.50812922542694
4339.2181396484375,2.333173556233717e-06,8.006828757272065e-06,57.51219567653166
4363.059997558594,2.0478399188363572e-06,7.027639889291699e-06,57.531635469372446
4372.596740722656,2.6368291120182235e-06,9.048893557751602e-06,57.53938660441682
4377.3651123046875,2.545659107009765e-06,8.736022440233571e-06,57.543626858818506
4382.133483886719,2.4138762896379866e-06,8.283778993093716e-06,57.54768469569284
4405.975341796875,2.993773446887351e-06,1.0273831221535578e-05,57.57011480574036
4410.743713378906,2.936815190702283e-06,1.00783656924633e-05,57.57496714761019
4415.5120849609375,2.9202105926551536e-06,1.0021383144897781e-05,57.579759301168295
4439.353942871094,3.846070415408773e-06,1.3198686879641425e-05,57.60686137857371
4453.6590576171875,3.736183365433502e-06,1.2821583860689818e-05,57.62517743337723
4458.427429199219,3.996005367972974e-06,1.3713223608683203e-05,57.63150382447081
4467.964172363281,4.299635044295756e-06,1.4755199597759143e-05,57.64529942007152
4491.8060302734375,2.106152895896442e-06,7.2277544587369824e-06,57.669716504597936
4496.574401855469,1.7675062687000137e-06,6.065609642743731e-06,57.67288588957848
4510.8795166015625,2.0113700804378015e-06,6.9024851402665175e-06,57.68227714918849
4525.184631347656,1.5994655340364781e-06,5.488938703240616e-06,57.69121860667956
4529.9530029296875,1.6213992731964984e-06,5.564209440383911e-06,57.69385388255457
4534.721374511719,1.4849488659094422e-06,5.095948070762059e-06,57.69639546216138
4544.258117675781,1.6538946892743293e-06,5.675725033056535e-06,57.70155775758082
4563.331604003906,1.2271430255214692e-06,4.211227253017484e-06,57.71115682707033
4568.0999755859375,1.2520865689880142e-06,4.296826835012828e-06,57.71318530523691
4572.868347167969,1.18765797359249e-06,4.075725096127933e-06,57.7151814771718
4577.63671875,1.2429434797683212e-06,4.2654501937428506e-06,57.717170168332444
4611.015319824219,9.992577437966136e-07,3.4291858047083354e-06,57.72991319574464
4615.78369140625,1.0096183988614241e-06,3.464740806905005e-06,57.73155683593182
4649.162292480469,6.231606069453462e-07,2.1385208377483015e-06,57.74101286707424
4653.9306640625,6.059626233460896e-07,2.0795019493841188e-06,57.74201852207376
4658.699035644531,6.470142154348528e-07,2.2203800538825676e-06,57.743043693831275
4682.5408935546875,4.644281463513833e-07,1.5937934098205246e-06,57.747373442369586
4692.07763671875,5.008918932141481e-07,1.71892725432113e-06,57.748947612384704
4696.846008300781,4.413530488952324e-07,1.5146058357135185e-06,57.74971854674952
4711.151123046875,4.627560975698482e-07,1.58805538478943e-06,57.75187070861676
4734.992980957031,3.696527292299402e-07,1.2685494804681851e-06,57.75532312384719
4739.7613525390625,4.13189823675995e-07,1.4179571655018922e-06,57.75596363694447
4768.37158203125,3.0827030844369735e-07,1.0579013996046148e-06,57.759414899650764
4773.139953613281,3.391495274445389e-07,1.163870635385407e-06,57.75994461138243
4777.9083251953125,3.5434587523764823e-07,1.2160204440399276e-06,57.760512021632
4816.0552978515625,2.7277705618776735e-07,9.360980335015642e-07,57.76453552973963
4820.823669433594,2.736923126511715e-07,9.39238949337801e-07,57.76498264491842
4825.592041015625,2.6404556636516193e-07,9.06133891477634e-07,57.76542261608905
4849.433898925781,3.1274092872158786e-07,1.0732433748761156e-06,57.76783588675294
4858.970642089844,3.0769442791679436e-07,1.0559251313792013e-06,57.768823154649276
4863.739013671875,3.60002256651065e-07,1.2354316349657123e-06,57.769369456673715
4873.2757568359375,7.76762920008466e-07,2.665642968946542e-06,57.77144492777507
4882.8125,3.385154378894695e-07,1.1616946093154e-06,57.77302345092766
4901.885986328125,4.291104305308661e-07,1.47259243790082e-06,57.77540897913794
4906.654357910156,4.0776788319353644e-07,1.399350513262423e-06,57.77609370369563
4911.4227294921875,3.796183473214284e-07,1.3027488212354972e-06,57.776737934379554
4944.801330566406,5.284326251249099e-07,1.8134396936852075e-06,57.78174606617276
4949.5697021484375,5.051150929382882e-07,1.7334201483060648e-06,57.78259170345655
4954.338073730469,4.915157497986262e-07,1.6867508332695845e-06,57.78340713576227
4987.7166748046875,8.293365538269208e-07,2.8460616446199463e-06,57.79026538777099
4992.485046386719,8.02621581388973e-07,2.7543829913134264e-06,57.79160063782343
4997.25341796875,7.132138781986105e-07,2.4475596231530985e-06,57.792840877590145
5006.7901611328125,8.343076211215484e-07,2.863121020448468e-06,57.79538895878862
5035.400390625,7.416974831302294e-07,2.5453077510057944e-06,57.803016212792535
5040.168762207031,7.240567222449124e-07,2.484769369204176e-06,57.8042154766323
5049.705505371094,7.433909230609749e-07,2.5511191847501804e-06,57.80649426229212
5059.242248535156,6.121605673837011e-07,2.1007716386550784e-06,57.80865032452578
5078.315734863281,6.95643131894134e-07,2.387261512701121e-06,57.81294793683751
5083.0841064453125,6.956225545119643e-07,2.3871908966190614e-06,57.81408625499692
5121.2310791015625,9.494494940516717e-07,3.2582571889001935e-06,57.82493584002641
5125.999450683594,1.007088813578078e-06,3.456059945536354e-06,57.82653665797724
5164.146423339844,1.3931454500325733e-06,4.780903256245445e-06,57.84170511964284
5168.914794921875,1.2607716837519894e-06,4.3266318302162965e-06,57.843876525217276
5173.683166503906,1.2467459994625286e-06,4.278499426174072e-06,57.84592814838441
5207.061767578125,1.6330218210337527e-06,5.60409492168789e-06,57.86348809738767
5211.830139160156,1.568220510474862e-06,5.381714123866149e-06,57.86610731837059
5216.5985107421875,1.8132218376293209e-06,6.2224932706162746e-06,57.86887397700918
5245.208740234375,1.7117651739743327e-06,5.874321086854278e-06,57.88769618431687
5259.513854980469,2.5373662877570686e-06,8.707563698493614e-06,57.898611284866206
5264.2822265625,2.583450847798501e-06,8.865713605353356e-06,57.90280108067115
5278.587341308594,3.982850982316884e-06,1.366808126893997e-05,57.918989116537865
5307.197570800781,2.803355718016368e-06,9.620368411902269e-06,57.95058916455405
5311.9659423828125,2.7329960998891875e-06,9.37891298640843e-06,57.95511894622899
5316.734313964844,2.8139046074824367e-06,9.65656938431109e-06,57.959657358888315
5345.344543457031,1.896658959967814e-06,6.508827199259924e-06,57.9832652685924
5354.881286621094,2.127529452801877e-06,7.301113095133578e-06,57.98984207075033
5359.649658203125,2.0095879103860384e-06,6.8963692084350936e-06,57.99322701430797
5378.72314453125,1.6016648504024241e-06,5.496486169856697e-06,58.005346787699686
5402.565002441406,1.6835453938169869e-06,5.777478335193544e-06,58.01952906652055
5407.3333740234375,1.8385398205135788e-06,6.309377828729059e-06,58.02241079759295
5426.4068603515625,1.3974455922050861e-06,4.795660196171857e-06,58.03251517563992
5450.248718261719,1.526873762447512e-06,5.239823122984298e-06,58.04504073795162
5455.01708984375,1.4583647902245343e-06,5.004718620166444e-06,58.04748322703757
5493.1640625,1.5742614323621739e-06,5.402444955037508e-06,58.06574500526547
5497.932434082031,1.2329838515805647e-06,4.23127140872602e-06,58.06804186223239
5502.7008056640625,1.3910616933540068e-06,4.773752359625462e-06,58.070188827204014
5507.469177246094,1.4434803002900136e-06,4.953639024425857e-06,58.07250801803616
5521.7742919921875,1.2587014380222169e-06,4.3195272995655545e-06,58.07927619987792
5545.616149902344,1.302728584959087e-06,4.470616713918346e-06,58.09009964370474
5550.384521484375,1.542221306104462e-06,5.292491795478736e-06,58.09242735016318
5559.9212646484375,1.250999684177546e-06,4.293096936509115e-06,58.09695811565525
5574.226379394531,1.6731066950884761e-06,5.741655507978385e-06,58.10410655364669
5593.299865722656,1.5108806249287882e-06,5.1849389447105505e-06,58.11431300484215
5598.0682373046875,1.664365049466404e-06,5.7116565139619796e-06,58.11691095564846
5636.2152099609375,4.522470618831007e-06,1.5519911799114715e-05,58.148512895736445
5640.983581542969,4.24921307453609e-06,1.45821648587054e-05,58.15568979008121
5645.751953125,3.2514356719469454e-06,1.1158059189814166e-05,58.16182673772462
5650.520324707031,2.9100048816531593e-06,9.986359869359254e-06,58.16686796007263
5674.3621826171875,3.061611428421753e-05,0.00010506633063444734,58.2869258531965
5693.4356689453125,1.2244759947864853e-05,4.2020747155526455e-05,58.43906442959101
5698.204040527344,6.497160276963532e-06,2.2296519522607803e-05,58.454398860924115
5731.5826416015625,2.357025027368397e-06,8.088680638575177e-06,58.49615374061401
5741.119384765625,2.6894816570568093e-06,9.229583035665556e-06,58.50440983211443
5745.887756347656,2.5314377047926467e-06,8.687218384514472e-06,58.50868153045108
5788.8031005859375,8.963897212218924e-07,3.076170213924534e-06,58.52993456960832
5793.571472167969,1.0046000828477703e-06,3.447519286086784e-06,58.53148993838941
5798.33984375,1.1614131434054623e-06,3.985659845512618e-06,58.53326214639617
5807.8765869140625,1.341327046429325e-06,4.603076329046696e-06,58.537304746139554
5817.413330078125,1.0325880209660824e-06,3.5435664177644602e-06,58.54118182359508
5846.0235595703125,1.163019689836741e-06,3.991173083964805e-06,58.553047002244476
5850.791931152344,1.0330716674702434e-06,3.5452261634475554e-06,58.554843819844585
5898.475646972656,5.226316586481036e-07,1.7935323254217677e-06,58.56607679058362
5903.2440185546875,4.7406681443372777e-07,1.6268707454423525e-06,58.566892278223726
5931.854248046875,4.3946866744622684e-07,1.508139141654152e-06,58.57167491531009
5946.159362792969,5.361450938646465e-07,1.8399068274009554e-06,58.57414686014009
5950.927734375,5.035599322709558e-07,1.7280832520772753e-06,58.574997535265084
5984.306335449219,4.811049652255656e-07,1.6510237999836833e-06,58.58073726526052
5993.843078613281,5.523408156376745e-07,1.8954862207515235e-06,58.582441849830914
5998.6114501953125,5.031656336250546e-07,1.7267301243905154e-06,58.58330545350512
6003.379821777344,4.835965607484114e-07,1.6595742906364304e-06,58.58411281139215
6055.8319091796875,8.097061863470878e-07,2.7786954641515438e-06,58.595557316403166
6060.600280761719,9.354237486068617e-07,3.2101245749891375e-06,58.596985162367396
6070.137023925781,8.681813228105502e-07,2.9793665213774982e-06,58.600019084174036
6089.210510253906,1.983341176774603e-06,6.8062974257753695e-06,58.60781772588951
6108.283996582031,1.0166644546648207e-06,3.4889209893356037e-06,58.615722799886086
6113.0523681640625,1.2392083099341167e-06,4.252632088050756e-06,58.61756852997083
6127.357482910156,1.1714746404059988e-06,4.020188217098976e-06,58.623442704223564
6160.736083984375,1.618713780614529e-06,5.554993546788982e-06,58.639155256492536
6165.504455566406,1.6570336670439195e-06,5.686497166748366e-06,58.64183543673545
6170.2728271484375,1.6118811153338563e-06,5.531545663663469e-06,58.64451002656737
6208.4197998046875,3.1257636181161805e-06,1.0726786251755538e-05,58.67195733819916
6213.188171386719,2.7762516093204445e-06,9.527354346846147e-06,58.6767863016216
6217.95654296875,2.5526827503755634e-06,8.760125709161783e-06,58.6811463766319
6227.4932861328125,3.192794608716904e-06,1.0956818716222809e-05,58.6907573897563
6270.408630371094,2.1451568756440883e-06,7.361605704332117e-06,58.73103501939569
6275.177001953125,1.8926310758333795e-06,6.4950045762354245e-06,58.734338692729956
6279.945373535156,2.1945200143796655e-06,7.531006817987478e-06,58.73768275443704
6289.482116699219,1.6846994453745308e-06,5.781438732041703e-06,58.743785844863396
6327.629089355469,1.841089709098459e-06,6.318128365608199e-06,58.76766961074521
6332.3974609375,2.1233086007493018e-06,7.286628257730696e-06,58.770913237488365
6337.165832519531,2.3381753935878916e-06,8.023993727730265e-06,58.7745635742273
6361.0076904296875,1.8640565103634609e-06,6.396944296099034e-06,58.792122028410354
6380.0811767578125,2.2594114506768523e-06,7.75369690328217e-06,58.806192939549504
6384.849548339844,1.8559547239649523e-06,6.369141128114579e-06,58.809560086525835
6389.617919921875,1.6910278753224769e-06,5.803156214121086e-06,58.81246218836257
6437.3016357421875,2.4972606869504914e-06,8.569931983524182e-06,58.850202124221695
6442.070007324219,2.689558050234216e-06,9.229845196655716e-06,58.85444592180532
6461.143493652344,2.4587085058224475e-06,8.437631190174774e-06,58.872063809521656
6494.5220947265625,4.754110482447523e-06,1.6314837970114705e-05,58.90995368626866
6499.290466308594,4.149384891102761e-06,1.423958118430851e-05,58.91723842746873
6546.974182128906,3.1817212292879707e-06,1.0918817834284608e-05,58.975453880232145
6551.7425537109375,3.3796692197336964e-06,1.1598122491287282e-05,58.980822337150286
6556.510925292969,3.4965085700374675e-06,1.1999083948909557e-05,58.98644834958052
6561.279296875,3.2813101586178864e-06,1.1260580452472292e-05,58.991993885717484
6594.657897949219,4.059715336495693e-06,1.3931859211992562e-05,59.03255002828905
6608.9630126953125,3.7781328557068034e-06,1.2965543312045578e-05,59.051341105464374
6613.731384277344,4.1619653000279055e-06,1.4282753789145797e-05,59.05783760574217
6647.1099853515625,3.017173842606842e-06,1.0354135132437437e-05,59.1004964994694
6666.1834716796875,3.2395260682825543e-06,1.1117188609546794e-05,59.121490722261086
6670.951843261719,2.6918094389825277e-06,9.237571361786303e-06,59.12634367521139
6718.635559082031,1.9626958216919254e-06,6.735448078825408e-06,59.16526240275327
6728.172302246094,2.495114940017092e-06,8.562568352899161e-06,59.172544196951485
6732.940673828125,2.1445163048390414e-06,7.359407436342488e-06,59.17634029179564
6752.01416015625,2.400410273519076e-06,8.237567220798118e-06,59.1914505745726
6775.856018066406,1.671935337717332e-06,5.737635722198085e-06,59.208255328692516
6785.392761230469,2.103391958725027e-06,7.218279659452531e-06,59.21459813618127
6790.1611328125,2.0040995709742555e-06,6.8775346927967165e-06,59.217958840210414
6799.6978759765625,1.8069249505895717e-06,6.200884035376808e-06,59.22422562810844
6847.381591796875,2.140420678366453e-06,7.345352339698626e-06,59.25650347541884
6852.149963378906,2.1575074608875915e-06,7.403989615650078e-06,59.26001999257052
6861.686706542969,2.0059004763045818e-06,6.883714919102408e-06,59.266747673508746
6899.833679199219,3.0848956019694914e-06,1.0586538130880988e-05,59.29917639487906
6904.60205078125,2.765193799527198e-06,9.489406895740995e-06,59.30396287316643
6909.370422363281,2.705404342984132e-06,9.284225442886086e-06,59.30843885591318
6914.1387939453125,2.5701449317025967e-06,8.820051253594786e-06,59.31275525183881
6957.054138183594,4.646341559018952e-06,1.5945003795994783e-05,59.359611066514304
6966.590881347656,4.645397137321183e-06,1.5941762792860453e-05,59.374775768176804
6971.3592529296875,6.120396266488571e-06,2.1003566023406614e-05,59.383584220977625
7023.811340332031,0.00012035469270190093,0.00041302517424112784,60.00271363507606
7028.5797119140625,0.00011716168567851866,0.00040206762657448184,60.19704690248244
7033.348083496094,0.0001277557897850411,0.0004384237635583783,60.397435665465004
7061.958312988281,0.00044288400414131077,0.0015198596653986896,62.85322833792777
7090.568542480469,0.00017473106026505598,0.0005996303508502241,65.33644399241723
7095.3369140625,0.00014209534193589763,0.00048763327830755865,65.59566784198984
7152.557373046875,2.1613597356400206e-05,7.417209594158e-05,67.02551221770352
7157.325744628906,2.1758141621176755e-05,7.466813326928735e-05,67.06099849366512
7209.77783203125,1.1975966121109627e-05,4.109831850203396e-05,67.39743576942881
7214.546203613281,1.2012642084530582e-05,4.122418061710679e-05,67.41706298269689
7219.3145751953125,1.1427390985421367e-05,3.921575508954465e-05,67.4362413578711
7233.619689941406,1.1914911980674984e-05,4.088879699169603e-05,67.49235267738416
7252.693176269531,9.363178250168457e-06,3.213192806536479e-05,67.56088565103408
7281.303405761719,1.1075980289347914e-05,3.800980739679098e-05,67.66088028424842
7286.07177734375,1.1408484753095391e-05,3.9150873947601804e-05,67.67927682425704
7305.145263671875,1.5817051276494387e-05,5.427989730018865e-05,67.76276099047553
7343.292236328125,1.3947353221928225e-05,4.786359273050992e-05,67.94518021894011
7348.060607910156,1.4081496787202553e-05,4.8323937634202077e-05,67.96811311325695
7357.597351074219,1.3835397860625505e-05,4.7479391819259916e-05,68.01503638628866
7381.439208984375,1.6928753971012415e-05,5.8094964156326185e-05,68.13981817623811
7410.0494384765625,1.666945780222922e-05,5.720512892940242e-05,68.28967322896166
7414.817810058594,1.6713627259411144e-05,5.735670671452365e-05,68.31698689903514
7424.354553222656,2.2157901169141322e-05,7.60400013140305e-05,68.37882538060686
7472.038269042969,1.4185390777192366e-05,4.8680474071251786e-05,68.68824426845752
7476.806640625,1.3612897588637408e-05,4.67158302867304e-05,68.71098851979409
7538.795471191406,6.016146571444312e-06,2.064580890157268e-05,68.89779490733045
7543.5638427734375,5.736143854862638e-06,1.9684914330634954e-05,68.90741050105761
7553.1005859375,7.109660231887189e-06,2.4398455848693664e-05,68.92679079032597
7605.552673339844,3.574628088295316e-06,1.2267169279990058e-05,69.01855200340066
7610.321044921875,3.6743024645576888e-06,1.2609225129238152e-05,69.02448299800888
7615.089416503906,4.452421118256531e-06,1.527952061426962e-05,69.03113219314196
7658.0047607421875,3.1523138553691614e-06,1.0817899577886632e-05,69.08842523514555
7672.309875488281,3.8623866918197405e-06,1.325467998432491e-05,69.10593107256989
7677.0782470703125,3.7316641687947827e-06,1.2806075184316391e-05,69.11214444078752
7710.456848144531,4.517883372895262e-06,1.5504169595721028e-05,69.15485147145625
7739.067077636719,3.212427195853814e-06,1.1024192513961717e-05,69.19476501092606
7743.83544921875,3.3447496200499473e-06,1.1478287747663837e-05,69.2001300202963
7748.603820800781,3.609283213071653e-06,1.2386096416338173e-05,69.20581973285981
7781.982421875,2.657448411527182e-06,9.11965348892862e-06,69.24168770354359
7810.5926513671875,2.8138523562821435e-06,9.656390072141195e-06,69.27022078135445
7815.361022949219,2.839401216904635e-06,9.744066941014128e-06,69.27484621074946
7877.349853515625,1.9672994962252134e-06,6.7512466607799176e-06,69.32708637496306
7882.118225097656,1.8442826746594642e-06,6.329085770987036e-06,69.33020496923561
7934.5703125,1.3132435776514388e-06,4.506701361649197e-06,69.35812898073584
7948.875427246094,1.3247524932288024e-06,4.546196887373653e-06,69.36469296162252
7953.643798828125,1.2878529479314289e-06,4.4195674989906496e-06,69.36683056642808
7958.412170410156,1.3021657697310047e-06,4.468685282310441e-06,69.3689496910269
7977.485656738281,1.0012508746114197e-06,3.4360256975582935e-06,69.37657414923707
8020.4010009765625,1.2067107627569265e-06,4.141109182014071e-06,69.39286653540762
8025.169372558594,1.2397575978879127e-06,4.25451709766469e-06,69.3948682086959
8029.937744140625,1.045661735790977e-06,3.588431916751735e-06,69.39673811345588
8072.853088378906,1.436030407822482e-06,4.9280729823762875e-06,69.41416436338076
8087.158203125,1.4256191150417424e-06,4.892344205057308e-06,69.42103248781231
8091.926574707031,1.5096507142150374e-06,5.1807182194904206e-06,69.42343409304279
8120.536804199219,1.784228069842599e-06,6.1229944000431255e-06,69.43947799357107
8158.683776855469,9.547500743103852e-07,3.276447365251328e-06,69.45616969441893
8163.4521484375,1.0078632152934033e-06,3.4587174854811992e-06,69.45777548285265
8187.294006347656,8.312740608645338e-07,2.852710651516467e-06,69.46582138731155
8230.209350585938,1.05125872320418e-06,3.607639283325212e-06,69.47911694994312
8234.977722167969,1.3734734996167833e-06,4.713394374242241e-06,69.48110083896441
8301.734924316406,6.358098943133168e-07,2.18192981501288e-06,69.50643946294953
8306.503295898438,6.579636632514902e-07,2.257955635613411e-06,69.50749801413004
8311.271667480469,5.804079542979749e-07,1.9918051475451223e-06,69.50851123605747
8358.955383300781,3.9803242815383976e-07,1.3659410306421919e-06,69.51657923568047
8378.028869628906,4.548696974229994e-07,1.560991364918969e-06,69.51938892253533
8382.797241210938,4.227414785875153e-07,1.4507358951513718e-06,69.52010697426931
8440.017700195312,4.953390617922602e-07,1.6998714193215142e-06,69.5287549372953
8454.322814941406,4.061245194587429e-07,1.3937109276536937e-06,69.53100283900059
8459.091186523438,3.968816695228139e-07,1.3619919342387293e-06,69.53165984976134
8525.848388671875,7.965246908637981e-07,2.733460090718877e-06,69.54476368480097
8530.616760253906,6.685720502812522e-07,2.2943607877767514e-06,69.5459624107108
8535.385131835938,6.273238624204685e-07,2.152808019073933e-06,69.54702269837874
8602.142333984375,8.964156750653336e-07,3.076259280586322e-06,69.56399250462353
8606.910705566406,8.490796648686819e-07,2.9138147308937195e-06,69.56542064955806
8659.36279296875,1.2600297476020353e-06,4.324085703424468e-06,69.58427100839376
8678.436279296875,1.235788484214092e-06,4.240896159171058e-06,69.59195136919207
8683.204650878906,1.1550083831045323e-06,3.9636804180397205e-06,69.59390749268174
8711.814880371094,7.446615834538825e-07,2.555479751990229e-06,69.6031031156856
8754.730224609375,8.368883155846279e-07,2.8719772748773382e-06,69.61503601237551
8759.498596191406,8.689195913435996e-07,2.9819000618872538e-06,69.61643168549237
8821.487426757812,6.705547905967336e-07,2.301165023206981e-06,69.63264388612754
8831.024169921875,7.043857660265395e-07,2.4172638990210866e-06,69.63498870978486
8835.792541503906,8.538862690820042e-07,2.9303097133339365e-06,69.63626367068716
8859.634399414062,8.460965393046341e-07,2.9035774403634224e-06,69.6439003994858
8893.013000488281,1.115665865206659e-06,3.828667399892592e-06,69.6551296029783
8907.318115234375,1.0149090877977069e-06,3.482897038878246e-06,69.65982013398734
8912.086486816406,1.3596015596237738e-06,4.665789579580298e-06,69.66176293227245
8935.928344726562,1.5890462896783726e-06,5.453182638230952e-06,69.67344625299656
8988.380432128906,1.0652031977200464e-06,3.655492997105047e-06,69.69612113500344
8993.148803710938,1.0544793945265496e-06,3.61869176748044e-06,69.69785543579913
9064.674377441406,6.644703722880577e-07,2.280284923929746e-06,69.7198060130103
9069.442749023438,7.561956127160576e-07,2.595061461176354e-06,69.72096838616807
9074.211120605469,7.456439218274045e-07,2.5588508750331215e-06,69.72219717462409
9107.589721679688,7.775354005503245e-07,2.668293915936945e-06,69.73065556393759
9140.968322753906,6.224420889441398e-07,2.1360550757910284e-06,69.73837208649167
9145.736694335938,6.791055755474777e-07,2.3305090343534917e-06,69.73943699836028
9150.505065917969,6.099944117683636e-07,2.0933379708821554e-06,69.74049172567743
9155.2734375,5.893920131215473e-07,2.022636038951984e-06,69.74147305035247
9179.115295410156,7.56894813924934e-07,2.5974609330593577e-06,69.74711242203597
9226.799011230469,7.448451424659874e-07,2.5561096775149933e-06,69.7579276462895
9231.5673828125,6.299907200524718e-07,2.1619599624955545e-06,69.75905252174918
9236.335754394531,5.435774392202249e-07,1.8654126524468576e-06,69.76001272220556
9293.556213378906,9.102318437287687e-07,3.1236726829344464e-06,69.7744307700772
9307.861328125,8.845859887923016e-07,3.0356629554705357e-06,69.77859359342887
9312.629699707031,9.9168475494969e-07,3.4031973287477526e-06,69.78012873734886
9336.471557617188,1.2149687348144833e-06,4.169448337483468e-06,69.78849495765515
9393.692016601562,5.106026154642341e-07,1.7522518606103338e-06,69.80286844832287
9398.460388183594,4.953632485206418e-07,1.6999544217161852e-06,69.80369151843946
9436.607360839844,4.20276128096951e-07,1.4422754704427747e-06,69.80988133783877
9450.912475585938,5.270161846179399e-07,1.8085788480126378e-06,69.81214168524261
9474.754333496094,4.520648917000699e-07,1.551366020477313e-06,69.81617645586608
9479.522705078125,4.4662376857653395e-07,1.5326935385348588e-06,69.81691175296399
9484.291076660156,4.6878583830784734e-07,1.6087478452413821e-06,69.81766073095504
9555.816650390625,2.4488698068183497e-07,8.403867401831775e-07,69.8261266263573
9560.585021972656,2.5881508577039965e-07,8.881842784586611e-07,69.82653874980342
9589.195251464844,2.76372598845671e-07,9.484369760008841e-07,69.82916333303235
9641.647338867188,2.708282247364039e-07,9.29410164240333e-07,69.83398832830572
9646.415710449219,2.749488240299781e-07,9.435509609388192e-07,69.8344348770359
9698.867797851562,2.602092554222575e-07,8.929686965021395e-07,69.83922077319392
9727.47802734375,3.490661321693493e-07,1.1979017753633873e-06,69.84214393150093
9732.246398925781,3.443059636715576e-07,1.1815661479019209e-06,69.84271124086222
9741.783142089844,5.383533898470658e-07,1.8474851096634824e-06,69.84401557463077
9765.625,3.128799192400362e-07,1.0737203532291093e-06,69.84696813012525
9813.308715820312,3.8334994731755876e-07,1.3155546761963616e-06,69.85312772629833
9818.077087402344,4.0721210517166834e-07,1.39744323146752e-06,69.85377455540457
9837.150573730469,3.4290690295033696e-07,1.176764945014159e-06,69.85633307881352
9880.06591796875,5.767020426063744e-07,1.9790874479873936e-06,69.86365056134925
9899.139404296875,5.123571202096948e-07,1.758272852496339e-06,69.86709408033224
9903.907775878906,5.416916954973933e-07,1.8589412834274065e-06,69.86795649138683
9927.749633789062,3.857888957291708e-07,1.3239244960185617e-06,69.87185742119189
9980.201721191406,5.534386673050452e-07,1.8992537545803024e-06,69.88039495254512
9984.970092773438,4.797683043283664e-07,1.6464367366330719e-06,69.88124031103395
9989.738464355469,4.40106350582628e-07,1.5103274999359105e-06,69.88199294227779
10056.495666503906,7.862607982739661e-07,2.69823715150364e-06,69.89489466042079
10075.569152832031,7.00997911289528e-07,2.405637686019791e-06,69.89968178543842
10080.337524414062,7.099078000018367e-07,2.436214045406002e-06,69.90083617284844
10089.874267578125,6.488575582693529e-07,2.2267059143730374e-06,69.90314429882147
10147.0947265625,1.2864284856259048e-06,4.414679124647023e-06,69.91993229453149
10166.168212890625,1.0096610960652685e-06,3.46488733230972e-06,69.92765346780519
10170.936584472656,1.0795033461342423e-06,3.7045672887496292e-06,69.92936279898888
10232.925415039062,6.120254207300851e-07,2.1003078514199922e-06,69.94737140897759
10251.998901367188,6.291739795673823e-07,2.159157127196067e-06,69.95174181057871
10256.767272949219,7.306223705643126e-07,2.507300921404163e-06,69.95285438087609
10328.292846679688,5.413673215981191e-07,1.85782811880325e-06,69.96804107931851
10342.597961425781,6.451484238136208e-07,2.2139771551491906e-06,69.97086597220567
10347.366333007812,6.248982339901927e-07,2.1444839098716413e-06,69.97190511029987
10385.513305664062,6.459177904031053e-07,2.2166174158863787e-06,69.97944114540104
10433.197021484375,5.144104877819007e-07,1.7653194618162766e-06,69.98906043312697
10437.965393066406,5.298517008058077e-07,1.8183095825711842e-06,69.98991483687176
10528.564453125,1.2015315746951835e-06,4.123335591274844e-06,70.01299051581022
10533.332824707031,1.3098028103010035e-06,4.49489356668472e-06,70.01504526176042
10595.321655273438,2.394175551139378e-06,8.216171318075837e-06,70.05100369956583
10619.163513183594,1.5503242312422291e-06,5.320298871312317e-06,70.06780896454326
10623.931884765625,1.3819937814451989e-06,4.742633706816344e-06,70.07020815463014
10633.468627929688,1.8244980758509966e-06,6.261190309773922e-06,70.07549855450718
10700.225830078125,7.345324809817077e-07,2.5207193764738517e-06,70.10029415960662
10714.530944824219,7.452449908631753e-07,2.557481850466551e-06,70.10402787674086
10719.29931640625,7.799429291530786e-07,2.676555911363296e-06,70.10527576858699
10790.824890136719,3.8841297087337276e-07,1.3329296213636968e-06,70.11831968058188
10809.898376464844,3.9989966422433697e-07,1.3723488863398223e-06,70.12101721265567
10814.666748046875,3.7313974450898833e-07,1.2805159859768447e-06,70.12164970492908
10824.203491210938,4.576421686601066e-07,1.570505746037626e-06,70.12300948354621
10895.729064941406,3.1141103831032536e-07,1.0686795460257212e-06,70.1321851635597
10905.265808105469,3.6278866329517574e-07,1.2449938386808673e-06,70.13328120871537
10910.0341796875,3.2882724637812893e-07,1.1284473225065354e-06,70.13384708118463
10957.717895507812,4.5638720978564054e-07,1.5661990622170324e-06,70.14012905738001
11000.633239746094,3.7694053304823986e-07,1.2935592775464243e-06,70.14553493778386
11005.401611328125,3.7847113203298204e-07,1.2988118846378006e-06,70.14615300723285
11038.780212402344,2.8485237234464695e-07,9.775372948028656e-07,70.14979885859263
11096.000671386719,3.8921545618271773e-07,1.3356835367057358e-06,70.15628006784442
11100.76904296875,3.3506400746850283e-07,1.1498502215395807e-06,70.15687266527138
11153.221130371094,2.7893135581182604e-07,9.572179467969665e-07,70.1625363155658
11177.06298828125,4.1032934767549e-07,1.4081407755299e-06,70.16550225484278
11196.136474609375,3.613521901534747e-07,1.2400642463540165e-06,70.16787436774298
11200.904846191406,3.944462626233195e-07,1.3536342679406387e-06,70.16849275365738
11210.441589355469,3.5976319946466396e-07,1.2346112545231197e-06,70.16970929901628
11281.967163085938,7.160079378466577e-07,2.45714808993464e-06,70.18095511088836
11291.50390625,5.721657391607225e-07,1.963520065619582e-06,70.18305286077971
11296.272277832031,6.629337635668031e-07,2.2750116930270794e-06,70.18406340549909
11353.492736816406,9.808474940934186e-06,3.3660067427143146e-05,70.24489286888348
11391.639709472656,1.014540544519255e-06,3.481632296736658e-06,70.30251327706551
11396.408081054688,1.0684623412239897e-06,3.666677507516511e-06,70.30421756693202
11405.94482421875,1.165615796415904e-06,4.000082228661499e-06,70.30774202637657
11491.775512695312,5.826079225451153e-07,1.9993548512434293e-06,70.33275050024297
11496.543884277344,5.191614398937223e-07,1.7816234611015937e-06,70.33365195571982
11520.3857421875,5.640199247481501e-07,1.9355658052450256e-06,70.33787620360884
11591.911315917969,3.8392201373175384e-07,1.3175178554052159e-06,70.34885744055164
11596.6796875,4.424471698276995e-07,1.5183605666561033e-06,70.34953356665554
11601.448059082031,4.52535824069533e-07,1.5529821346444193e-06,70.3502658318183
11630.058288574219,4.1513411445678944e-07,1.4246294523939542e-06,70.35476818136235
11687.278747558594,5.74179963353075e-07,1.9704323453099765e-06,70.36415312452424
11696.815490722656,5.133238507962698e-07,1.7615904137812431e-06,70.36584604777512
11701.583862304688,5.053143450262527e-07,1.7341039282775967e-06,70.36667948625312
11768.341064453125,7.176681230618e-07,2.4628454023730923e-06,70.38010390984336
11801.719665527344,4.103746405098766e-07,1.4082962084456794e-06,70.38652090350223
11806.488037109375,4.013896371126851e-07,1.37746207551433e-06,70.38718508003402
11820.793151855469,4.3397456258069963e-07,1.489284840517728e-06,70.38922629565944
11878.013610839844,3.012153220972145e-07,1.033690569934333e-06,70.39643368137706
11906.623840332031,3.0649478562345255e-07,1.0518082792971494e-06,70.3996138092528
11911.392211914062,3.1755762451685554e-07,1.089772988931418e-06,70.4001244020158
11997.222900390625,2.3546339353626743e-07,8.080475049161757e-07,70.40843854588394
12011.528015136719,2.7940996707326e-07,9.58860412871282e-07,70.40974363071759
12016.29638671875,2.8841737504401087e-07,9.897714323177347e-07,70.41020822075332
12025.833129882812,3.18105531075647e-07,1.0916532579664877e-06,70.41121403524198
12083.053588867188,2.392992494689255e-07,8.212111384179788e-07,70.41679547803878
12116.432189941406,2.4893176529098005e-07,8.542673611249615e-07,70.41979799698107
12121.200561523438,2.432471641949585e-07,8.347593277822905e-07,70.4202006923243
12135.505676269531,2.3090583113047157e-07,7.924071674726576e-07,70.42139637718178
12178.421020507812,4.007421708310635e-07,1.3752401440899826e-06,70.42536633890502
12221.336364746094,2.4801485935204326e-07,8.511207847290574e-07,70.42910279299973
12226.104736328125,2.3032325060079075e-07,7.904079066264114e-07,70.42949416393787
12235.641479492188,2.250371050367757e-07,7.722672662938488e-07,70.43026943576665
12331.008911132812,3.1930917458155846e-07,1.095783841141874e-06,70.43908530811218
12335.777282714844,2.8139745792099285e-07,9.656809508599477e-07,70.43957679961876
12388.229370117188,2.5987903458432696e-07,8.918354667454725e-07,70.44445166425162
12435.9130859375,3.523412805595504e-07,1.2091412102716617e-06,70.44938722841435
12440.681457519531,3.4826296454233405e-07,1.1951455184892625e-06,70.44996045503997
12445.449829101562,3.6688583257002675e-07,1.2590542298102114e-06,70.45054558185679
12450.218200683594,3.226605964285115e-07,1.1072850261909838e-06,70.45110976109987
12540.817260742188,5.03617199743471e-07,1.7282797787542407e-06,70.46348077683766
12550.35400390625,4.152303938690995e-07,1.4249598576332722e-06,70.46501569498415
12555.122375488281,4.441871986906383e-07,1.5243318811779217e-06,70.46571886092987
12588.5009765625,7.829524500133055e-07,2.6868837835033237e-06,70.47288452963845
12660.026550292969,5.369403870892078e-07,1.8426360614280888e-06,70.48704937778368
12664.794921875,4.3799055743349376e-07,1.5030666627017215e-06,70.48784705547325
12702.94189453125,4.929021836283387e-07,1.691508704036694e-06,70.49358221949052
12726.783752441406,3.702577846225405e-07,1.2706258690438533e-06,70.49723200033567
12769.699096679688,3.740550116589277e-07,1.2836569384864173e-06,70.50328975635686
12774.467468261719,3.4934550390978033e-07,1.1988605045926278e-06,70.50388163463823
12831.687927246094,5.992952439600993e-07,2.056621283322754e-06,70.51278134725452
12884.140014648438,5.703211951165251e-07,1.9571900828981182e-06,70.5225887456831
12888.908386230469,5.093099076739026e-07,1.747815632588324e-06,70.52347208788136
12950.897216796875,4.5131608391934825e-07,1.5487963120832107e-06,70.53512954758416
12989.044189453125,6.151154838739025e-07,2.1109121231749157e-06,70.54204995495532
12998.580932617188,5.553522280757112e-07,1.9058205842815994e-06,70.54391495408541
13003.349304199219,4.634972809646039e-07,1.5905989283263808e-06,70.54474856545754
13036.727905273438,3.4368817597040105e-07,1.1794460654424341e-06,70.54933702470537
13113.021850585938,3.867625986198225e-07,1.32726598438966e-06,70.55946844530555
13117.790222167969,4.160033875192015e-07,1.4276125654741822e-06,70.56012525953503
13122.55859375,3.605672933939368e-07,1.2373706902192974e-06,70.56076064105618
13213.157653808594,6.733909544703467e-07,2.310897980450092e-06,70.57587802096934
13227.462768554688,6.090263871621975e-07,2.0900159688674793e-06,70.57878544377645
13232.231140136719,7.094382347634438e-07,2.434602622867746e-06,70.57986419691208
13236.99951171875,7.86203224437689e-07,2.6980395734680333e-06,70.58108791417156
13341.903686523438,4.873681379495867e-07,1.672517336692288e-06,70.60343353077131
13346.672058105469,4.2475360862982506e-07,1.4576409882778957e-06,70.60417981867153
13394.355773925781,6.340326196666487e-07,2.1758306829048155e-06,70.61160929628996
13446.807861328125,3.9417102079713946e-07,1.3526897114745437e-06,70.61974418224989
13461.112976074219,4.4419459838296764e-07,1.5243572749464992e-06,70.62181562862341
13465.88134765625,4.5994107762357636e-07,1.578394987860156e-06,70.62255538240922
13489.723205566406,4.3656591777229633e-07,1.4981776797207729e-06,70.62644970526883
13580.322265625,5.770748762467477e-07,1.980366913505697e-06,70.6425504123383
13585.090637207031,6.537840226040659e-07,2.2436122247507912e-06,70.64355748744259
13670.921325683594,5.393279750120292e-07,1.8508296257644774e-06,70.66242979071943
13694.76318359375,8.040139167253522e-07,2.75916111447589e-06,70.66806865451655
13699.531555175781,7.951329106447575e-07,2.7286838725709203e-06,70.6693770587207
13704.299926757812,7.959577787032343e-07,2.7315145995324535e-06,70.67067887148201
13709.068298339844,7.506175661328958e-07,2.575919094474942e-06,70.67194426228201
13809.2041015625,1.3804644014069789e-06,4.737385282824009e-06,70.705003613732
13818.740844726562,1.2927989709547624e-06,4.436540929566163e-06,70.70934114066168
13823.509216308594,1.26851377106089e-06,4.35320060695414e-06,70.7114367783495
13833.045959472656,1.1792374938359974e-06,4.046828257620494e-06,70.71556405292499
13937.950134277344,2.370766327869677e-06,8.13583711337835e-06,70.77468211503536
13942.718505859375,2.2551453698879162e-06,7.739056852930819e-06,70.7784669846982
13947.486877441406,2.4877070180512452e-06,8.537146342406502e-06,70.7823475339372
13952.255249023438,2.3594924662502047e-06,8.097148230084983e-06,70.78631345881352
14047.622680664062,1.9966319893355686e-05,6.851907946234222e-05,71.00962643091721
14066.696166992188,1.776700579332526e-05,6.097162062227915e-05,71.13174246720587
14071.464538574219,1.9806071286681947e-05,6.796914902583441e-05,71.16248434229362
14119.148254394531,5.056319667792775e-05,0.0001735193921338447,71.71321199434715
14190.673828125,2.1679471600890088e-05,7.439815876221156e-05,72.59264607973354
14195.442199707031,2.0899453094115356e-05,7.172134348862772e-05,72.62748368383922
14228.82080078125,3.103553859124742e-05,0.00010650568288239875,72.93087414538846
14314.651489257812,1.1593813738386987e-05,3.978687354781335e-05,73.48036848700616
14319.419860839844,1.1957999625741765e-05,4.103666228644964e-05,73.49963831957774
14352.798461914062,1.3087836715040339e-05,4.491396154413169e-05,73.64448511101446
14438.629150390625,9.429371317934412e-06,3.2359085002363526e-05,73.97107532131845
14443.397521972656,1.0203113605046239e-05,3.501436196562766e-05,73.98713840281374
14448.165893554688,1.0882567792231242e-05,3.734606734205223e-05,74.00439047355246
14457.70263671875,1.1602850441102487e-05,3.981788509900296e-05,74.04012449434623
14567.375183105469,4.157917937729405e-06,1.4268864322262312e-05,74.32964919617682
14572.1435546875,4.192109771143737e-06,1.4386201566340998e-05,74.33648109627005
14576.911926269531,4.379434751357258e-06,1.5029050888253504e-05,74.34349423896418
14691.352844238281,1.3992475588125666e-06,4.8018440644974126e-06,74.432667893307
14696.121215820312,1.4020347521833364e-06,4.81140896804843e-06,74.43495987143555
14700.889587402344,1.2176206676142572e-06,4.178549062865364e-06,74.43710324445546
14710.426330566406,1.3828804655814302e-06,4.745676570053682e-06,74.44136964434313
14824.867248535156,7.158392750567159e-07,2.456569284267492e-06,74.47894404191973
14829.635620117188,6.782337946159878e-07,2.3275173149361146e-06,74.48008465704902
14839.17236328125,7.199840794518337e-07,2.4707931464124356e-06,74.48237115232104
14915.46630859375,5.331316347645967e-07,1.8295654402732484e-06,74.49808669929098
14958.381652832031,6.002309492713945e-07,2.0598323741457207e-06,74.50636179996721
14963.150024414062,5.279152501659493e-07,1.8116642009497314e-06,74.50728483667966
15029.9072265625,6.699201315736796e-07,2.2989870428748814e-06,74.52011622600126
15091.896057128906,4.5314284876052076e-07,1.5550652813264093e-06,74.5311401724627
15096.664428710938,4.388658164976684e-07,1.5060703181419148e-06,74.53187000406277
15139.579772949219,4.111359287329933e-07,1.410908746386176e-06,74.53849963492604
15196.800231933594,4.862784487714743e-07,1.6687778143475023e-06,74.54700165223126
15220.64208984375,4.3549080724236975e-07,1.494488187404497e-06,74.55079472891316
15225.410461425781,4.782037272824303e-07,1.6410675259068067e-06,74.55154230365102
15258.7890625,7.023464094536715e-07,2.410265371710358e-06,74.55793334935396
15358.924865722656,5.762222725536298e-07,1.9774410052506628e-06,74.58018179496442
15363.693237304688,5.894193385036229e-07,2.022729812368206e-06,74.58113551000692
15368.461608886719,6.096225942954355e-07,2.092061992579237e-06,74.58211655282234
15492.439270019531,3.444322027590896e-07,1.181999366748261e-06,74.60056347483071
15497.207641601562,3.537726129444697e-07,1.2140531608936662e-06,74.6011347382698
15530.586242675781,2.9806389507821243e-07,1.0228757137420992e-06,74.60488931388697
15625.953674316406,5.723086078070378e-07,1.9640103526720703e-06,74.61609816097253
15630.722045898438,3.7640536464984726e-07,1.2917227224771348e-06,74.61687438822622
15635.490417480469,3.4011722571409054e-07,1.1671915174999445e-06,74.61746063906544
15683.174133300781,4.374578370591164e-07,1.501238508597303e-06,74.62363542299641
15769.004821777344,2.664366057997335e-07,9.143393004808986e-07,74.63384748933923
15773.773193359375,2.715148566764293e-07,9.3176650174826e-07,74.63428763526146
15830.99365234375,3.9698225036878524e-07,1.362337100850018e-06,74.6391773242434
15888.214111328125,1.864002973034506e-07,6.39676057027893e-07,74.64349298020342
15907.28759765625,2.0242513915531748e-07,6.946690361088765e-07,74.64478146942156
15912.055969238281,1.9560671982824435e-07,6.712700412928732e-07,74.64510713467554
15921.592712402344,2.04601690811264e-07,7.021383803177369e-07,74.64575444142136
16016.960144042969,1.760961067219244e-07,6.043148258635228e-07,74.65196962093049
16045.570373535156,1.954998854544664e-07,6.709034142436573e-07,74.6538355953936
16050.338745117188,1.9203380078797863e-07,6.590087370094558e-07,74.65415267115904
16088.485717773438,1.8697861397058562e-07,6.416606854362061e-07,74.65672283421193
16188.621520996094,3.0907591154794763e-07,1.0606660143864105e-06,74.66482752374269
16193.389892578125,2.850066872501819e-07,9.780668623611864e-07,74.66531359553834
16241.073608398438,4.064422361610793e-07,1.3948012465552329e-06,74.6705687877802
16326.904296875,2.4899854306874125e-07,8.544965246305638e-07,74.67979761774194
16331.672668457031,2.585742586335365e-07,8.873578240186064e-07,74.68021290818075
16336.441040039062,2.3508574106749066e-07,8.067515024652746e-07,74.6806168153192
16431.808471679688,2.1423283756046352e-07,7.351899047321828e-07,74.6886612005619
16441.34521484375,2.800059183155418e-07,9.609055584335934e-07,74.68946633370992
16474.72381591797,2.773695535719101e-07,9.51858258464172e-07,74.69245101645313
16479.4921875,2.8239606053913784e-07,9.691078884483186e-07,74.69290901047238
16498.565673828125,3.109376162519685e-07,1.0670548879110041e-06,74.69477240458353
16508.102416992188,2.4789716664696803e-07,8.507168947856797e-07,74.69567707370408
16617.774963378906,2.926338518395899e-07,1.0042412550066692e-06,74.70621025329235
16622.543334960938,2.8773599672590606e-07,9.87433123837679e-07,74.70668510546778
16646.385192871094,3.4536268404175625e-07,1.1851925300996343e-06,74.70917856815814
16751.28936767578,1.7989683908728567e-07,6.173579246593078e-07,74.71750792794076
16765.594482421875,2.0152010079010075e-07,6.915631860576916e-07,74.7184959574683
16770.362854003906,2.0501011168121652e-07,7.035399717072282e-07,74.71882857598087
16808.509826660156,1.8632691004253788e-07,6.394242115406494e-07,74.72144931281616
16880.035400390625,2.193296264956374e-07,7.526807236671323e-07,74.72638509843593
16913.414001464844,2.190635994796217e-07,7.51767789969442e-07,74.72879146402248
16918.182373046875,2.1968903620647458e-07,7.539141218430568e-07,74.72915044656447
16946.792602539062,2.1782813010334295e-07,7.475279889035127e-07,74.73137751692349
17032.623291015625,2.1023947877471223e-06,7.2148576348712585e-06,74.7513515286453
17061.233520507812,3.7860246852041087e-07,1.2992625963997331e-06,74.76346303140178
17066.001892089844,3.258376950305384e-07,1.118187980402612e-06,74.76403939653335
17199.51629638672,1.7165624682270519e-07,5.890784119995186e-07,74.77454435370164
17213.821411132812,1.9056552377743435e-07,6.539700022954191e-07,74.7754728553023
17218.589782714844,1.641006129443895e-07,5.631494936579389e-07,74.77576303920311
17366.409301757812,2.3033918103252297e-07,7.904625756151664e-07,74.78537924739088
17371.177673339844,2.3715047583568102e-07,8.138371209671285e-07,74.785761742245
17385.482788085938,2.2006323331218927e-07,7.551982664104077e-07,74.78686150991125
17457.008361816406,3.811708360239323e-07,1.3080765479943305e-06,74.79383792961836
17518.997192382812,3.591872987111256e-07,1.2326349168852933e-06,74.80098914648524
17523.765563964844,3.6956675179602347e-07,1.2682544288683924e-06,74.80158540496954
17528.533935546875,3.4067499736586536e-07,1.1691056409004476e-06,74.80216651689413
17666.81671142578,7.353513686555671e-07,2.5235295803519623e-06,74.82730716637394
17671.585083007812,7.119198905675941e-07,2.4431190030595375e-06,74.82849130767211
17676.353454589844,6.73856900129719e-07,2.3124969815594698e-06,74.82962513487792
17752.647399902344,4.926810892119834e-07,1.6907499670253746e-06,74.84525548141444
17805.099487304688,6.882480278776887e-07,2.3618834899887974e-06,74.85611305686277
17828.941345214844,6.4188970211286e-07,2.20279409225364e-06,74.86097801960844
17833.709716796875,6.113259303372255e-07,2.0979073871347617e-06,74.86200338674429
17838.478088378906,6.465848722456156e-07,2.2189066626789264e-06,74.86303259541629
17986.297607421875,3.5837553412282667e-07,1.229849157535175e-06,74.8876664500781
17991.065979003906,3.8850800518577904e-07,1.3332557537525493e-06,74.88827754190913
17995.834350585938,3.89759860900521e-07,1.337551788357421e-06,74.88891431204837
18129.348754882812,1.8755390682166094e-07,6.43634936915071e-07,74.90123904702934
18143.653869628906,1.9638352836727891e-07,6.739358408141383e-07,74.90219395792569
18148.422241210938,1.8522348861959035e-07,6.356375637976895e-07,74.90250618455605
18267.63153076172,2.450676515658267e-07,8.41006754423302e-07,74.90922182413503
18301.010131835938,1.4105990664694807e-07,4.840799408262105e-07,74.9110187113323
18305.77850341797,1.4401084395809966e-07,4.94206769865871e-07,74.9112519530598
18310.546875,1.4728527937736164e-07,5.054437580482241e-07,74.91149028831828
18320.083618164062,1.2968552794031827e-07,4.4504610972478185e-07,74.91194789363952
18444.061279296875,1.5540416473206333e-07,5.333056050854228e-07,74.91783711161979
18467.90313720703,1.4591107267501457e-07,5.007278475179548e-07,74.91900117924989
18472.671508789062,1.5121880967132962e-07,5.189425838819028e-07,74.91924428762529
18482.208251953125,1.424511062112361e-07,4.888541663220741e-07,74.91974378251902
18620.49102783203,2.255861134973438e-07,7.741513167616408e-07,74.92808325532887
18630.027770996094,2.221676954035925e-07,7.624202184795183e-07,74.92880231740283
18634.796142578125,1.991317034369947e-07,6.833668439726596e-07,74.92914701989994
18658.63800048828,3.160993269413918e-07,1.0847685009743664e-06,74.93103942771326
18792.152404785156,1.8940287825114402e-07,6.499801132408551e-07,74.942072705702
18796.920776367188,1.8291106475608597e-07,6.277019424463156e-07,74.94237732884226
18820.762634277344,2.157475221682805e-07,7.403878979306157e-07,74.94390162534226
18939.971923828125,1.6503803612267464e-07,5.663664797417958e-07,74.95153196595174
18959.04541015625,1.824514476901476e-07,6.261246593800577e-07,74.95273232190365
18963.81378173828,1.999897095489189e-07,6.863112918867528e-07,74.95304523101831
19083.023071289062,2.6609101087831237e-07,9.131533109741134e-07,74.96179791718258
19121.170043945312,1.5526176636422978e-07,5.328169319031333e-07,74.96455811544817
19125.938415527344,1.8365761750236076e-07,6.302639121642232e-07,74.9648354155304
19130.706787109375,1.8285281000100763e-07,6.275020276791681e-07,74.96513529029862
19297.59979248047,1.3915742567200054e-07,4.775511340258444e-07,74.97411593881392
19302.3681640625,1.3987170503552682e-07,4.800023501101894e-07,74.97434423735501
19369.125366210938,1.7217898761607788e-07,5.908723188461794e-07,74.97786212539165
19464.492797851562,1.5706453692422141e-07,5.390035591790764e-07,74.98290558457681
19469.261169433594,1.5756983099417379e-07,5.407375935287132e-07,74.98316301492824
19483.566284179688,2.4618538007812813e-07,8.448425002773587e-07,74.98403868826516
19526.48162841797,1.5096668808709763e-07,5.180773699137588e-07,74.98656729656787
19636.154174804688,1.5764926325164445e-07,5.410101838303098e-07,74.99282297852484
19640.92254638672,1.618991244417391e-07,5.555945728485847e-07,74.99308442947277
19645.69091796875,1.6079973710429743e-07,5.518217690101004e-07,74.99334845810347
19812.583923339844,3.092891528283361e-07,1.0613978015316448e-06,75.00528347646058
19817.352294921875,2.805915064982811e-07,9.62915140742183e-07,75.00576611027593
19822.120666503906,2.599835858588362e-07,8.921942588075175e-07,75.00620840282305
19893.646240234375,4.076308331556259e-07,1.3988801941205847e-06,75.01485278974542
19984.24530029297,3.093292384454602e-07,1.061535364667951e-06,75.02560882867418
19989.013671875,3.126517886861375e-07,1.0729374700721798e-06,75.02611772665458
20003.318786621094,3.347641720690761e-07,1.148821266495853e-06,75.02757185825824
20103.45458984375,2.445034101115959e-07,8.390704283880143e-07,75.03700089118067
20160.675048828125,2.9606907081000214e-07,1.0160300094121592e-06,75.04249029532427
20165.443420410156,2.8594026201739644e-07,9.812706417256598e-07,75.04296648890755
20184.51690673828,2.844998157650052e-07,9.763274147436223e-07,75.04489019515768
20284.652709960938,4.4437231914413615e-07,1.5249671651526891e-06,75.05736491495686
20337.10479736328,3.4048656706481654e-07,1.1684589984125159e-06,75.06441770451471
20341.873168945312,3.437042160423559e-07,1.1795011106871626e-06,75.0649775018277
20446.77734375,3.0971926869794725e-07,1.0628738443680468e-06,75.07723362794985
20489.69268798828,3.8492365214069916e-07,1.320955211017148e-06,75.08242391508706
20518.30291748047,3.647861212713045e-07,1.251848581193262e-06,75.08598161982036
20523.0712890625,3.67901017360188e-07,1.262538072985997e-06,75.08658109631376
20527.83966064453,3.6757493677091546e-07,1.2614190514574015e-06,75.0871828545851
20699.501037597656,6.925094572062114e-07,2.3765075777698093e-06,75.11473140803152
20704.269409179688,8.009518722681013e-07,2.7486529953731094e-06,75.11595334153304
20713.80615234375,5.498362823770112e-07,1.8868913312365772e-06,75.11800281035626
20880.699157714844,1.0833673009723227e-06,3.7178273501932727e-06,75.16272674715673
20885.467529296875,1.12029032062211e-06,3.844537296286809e-06,75.16452975539039
21066.665649414062,6.1298291224890715e-06,2.1035937066909237e-05,75.31822110672147
21071.434020996094,6.4975951534352385e-06,2.229801190255966e-05,75.32855272526163
21076.202392578125,5.899773056135716e-06,2.0246446065289803e-05,75.33869611447898
21185.874938964844,1.4311944237449323e-05,4.911477176085589e-05,75.70210955112402
21252.63214111328,1.0093715944626161e-05,3.4638938400977064e-05,75.988598762091
21257.400512695312,9.78026561714843e-06,3.356326055895817e-05,76.00485943345862
21352.767944335938,1.7501953424549794e-05,6.006203165371556e-05,76.40850592582763
21438.5986328125,1.3596346435473777e-05,4.6659031147736864e-05,76.81499339132579
21443.36700439453,1.3076285182254617e-05,4.4874319767525675e-05,76.83681664279142
21629.33349609375,3.1153938113372834e-06,1.0691199843319359e-05,77.40160200346956
21634.10186767578,3.3582856763870075e-06,1.1524739879289475e-05,77.40689869625163
21810.531616210938,7.927288569490335e-07,2.7204338020977995e-06,77.51182804851544
21820.068359375,7.942935489522407e-07,2.7258034073267294e-06,77.51453382204627
21824.83673095703,8.654656904032053e-07,2.970047195948314e-06,77.51589181865387
21963.119506835938,4.2688831796040197e-07,1.46496674079674e-06,77.54394672043254
22010.80322265625,4.98129616448319e-07,1.7094478579062799e-06,77.55199300312388
22015.57159423828,5.184139651030227e-07,1.7790583271733787e-06,77.55282472781171
22039.413452148438,5.219963887113796e-07,1.7913522485970489e-06,77.55690067043768
22172.927856445312,3.870986803218964e-07,1.3284193270673912e-06,77.577003517581
22206.30645751953,4.526980156458227e-07,1.5535387328339341e-06,77.58186466602677
22211.074829101562,4.888382800712429e-07,1.6775624719697318e-06,77.58263502058496
22234.91668701172,4.2361529215227974e-07,1.4537345900234944e-06,77.5863862363132
22301.673889160156,6.698860315480486e-07,2.2988700206906052e-06,77.59834153214726
22401.809692382812,4.999074480002181e-07,1.7155489011644203e-06,77.61779538547631
22406.578063964844,4.762392722827471e-07,1.634326040798763e-06,77.61859405790014
22420.883178710938,5.065759512357376e-07,1.7384334239773347e-06,77.62098698000557
22559.165954589844,2.4982460427594933e-07,8.573313461600077e-07,77.63716697904523
22597.312927246094,2.867393578861604e-07,9.840129254125042e-07,77.64094196805789
22602.081298828125,2.7414311268984735e-07,9.407859747203773e-07,77.64140087587671
22606.849670410156,2.7408236336939e-07,9.405774992708235e-07,77.64184942788296
22711.753845214844,1.5543686464521854e-06,5.334178224574703e-06,77.66689570375796
22797.584533691406,2.833056655315711e-07,9.722294099449576e-07,77.68522848605018
22802.352905273438,2.8374593282801086e-07,9.737402897681075e-07,77.68569244138097
22821.426391601562,3.129847021004291e-07,1.0740799400320804e-06,77.68756267442039
22997.85614013672,1.3231569616502562e-07,4.540721448955407e-07,77.69913422109059
23002.62451171875,1.4591138532938137e-07,5.007289204642723e-07,77.69936186340391
23036.00311279297,1.348733054072681e-07,4.628491770095634e-07,77.70100046320717
23136.138916015625,2.024189848904682e-07,6.946479163149188e-07,77.70660268749923
23202.896118164062,1.8177434072084276e-07,6.238010090287607e-07,77.71081006337641
23207.664489746094,2.019815371644834e-07,6.931467125048292e-07,77.71112404818093
23231.50634765625,2.0372331808092602e-07,6.99124039606527e-07,77.7127119242247
23398.399353027344,1.2327877184463486e-07,4.2305983321710853e-07,77.7216687218252
23407.936096191406,1.3505361734966828e-07,4.6346795945797236e-07,77.72208953928327
23412.704467773438,1.2713891097613043e-07,4.363068001744324e-07,77.72230406230297
23436.546325683594,2.7416625138839354e-07,9.408653805564456e-07,77.72360391900726
23612.97607421875,1.8812014621618562e-07,6.455781193480569e-07,77.73486842909496
23617.74444580078,1.6978742659738954e-07,5.826651199054734e-07,77.73516126510286
23627.281188964844,1.7318817152302208e-07,5.943355685928209e-07,77.73571783529411
23765.56396484375,1.1761916981597702e-07,4.036375899996247e-07,77.74238624040305
23822.784423828125,1.378993048571706e-07,4.7323359927006575e-07,77.74484052233304
23827.552795410156,1.3606331907680798e-07,4.669329862252823e-07,77.74506467551447
23951.53045654297,1.6911324207629717e-07,5.803514986162352e-07,77.75105507830324
24023.056030273438,1.0679498376319491e-07,3.6649187320117944e-07,77.75420865638374
24032.5927734375,1.1504975795502187e-07,3.948200544491271e-07,77.75457619901022
24037.36114501953,1.1570230896367591e-07,3.970594352991794e-07,77.75476499779298
24242.401123046875,8.276790815293597e-08,2.8403736421903643e-07,77.76149026232291
24247.169494628906,8.32618261280159e-08,2.85732358848149e-07,77.76162610601071
24271.011352539062,7.684647999524945e-08,2.6371660362649023e-07,77.76233693454908
24437.904357910156,1.0847374615183926e-07,3.7225293753954016e-07,77.76764158083645
24456.97784423828,1.0391587033530868e-07,3.566115245540519e-07,77.76831889508587
24461.746215820312,1.047590091506957e-07,3.595049518755541e-07,77.76848963055866
24480.819702148438,1.0310474746382209e-07,3.538279674047142e-07,77.76918498308099
24671.554565429688,1.9906251315441032e-07,6.831294013945709e-07,77.7784143256563
24676.32293701172,1.9731934049225535e-07,6.77147298193143e-07,77.7787386408942
24852.752685546875,2.939015022265011e-07,1.0085914927097194e-06,77.79404394011885
24890.899658203125,2.5640294669008477e-07,8.799064611041812e-07,77.79752500976763
24895.668029785156,2.619124762964953e-07,8.98813695833371e-07,77.79794908970005
24924.278259277344,3.072973368499917e-07,1.054562420849401e-06,77.80063514770961
25081.634521484375,2.2453998293709927e-07,7.705612759645267e-07,77.81536049215273
25110.244750976562,2.416955498264541e-07,8.294346015043227e-07,77.81773493830342
25115.013122558594,2.3684112287971078e-07,8.127755042102474e-07,77.81812647170341
25320.053100585938,9.754159559142941e-08,3.347367153742186e-07,77.82843823941084
25334.35821533203,1.0168880521665428e-07,3.489688316267653e-07,77.82893877333275
25339.126586914062,9.708178871703379e-08,3.3315878093600854e-07,77.8291014052289
25429.725646972656,8.150805757475769e-08,2.797138933772414e-07,77.83206714330278
25553.70330810547,1.1337802176137337e-07,3.890831021362078e-07,77.83625881330501
25558.4716796875,1.0915200881820632e-07,3.7458055393461806e-07,77.8364408849088
25572.776794433594,1.4182948940724708e-07,4.867209434039226e-07,77.83701474182435
25629.99725341797,9.709761322093815e-08,3.3321308640873795e-07,77.83907902118325
25782.58514404297,1.188258625598355e-07,4.077786373455898e-07,77.8446654249202
25787.353515625,1.1738153223566935e-07,4.028220812661521e-07,77.84485868719176
25820.73211669922,1.0027805415463955e-07,3.4412751061037016e-07,77.84612944150902
25992.393493652344,1.7292074897189802e-07,5.934178457912049e-07,77.8536803195527
26006.698608398438,1.3736211413544462e-07,4.713901041269961e-07,77.85442296599908
26011.46697998047,1.4835867756574906e-07,5.091273740654816e-07,77.85465673958302
26021.00372314453,1.486344370032134e-07,5.100737068353176e-07,77.85512887517115
26168.8232421875,1.0889032135902658e-07,3.736825124374565e-07,77.86146305473946
26235.580444335938,1.1144370791488489e-07,3.8244505341914005e-07,77.86410042768549
26240.34881591797,1.1177676549430896e-07,3.8358801811528756e-07,77.86428306420194
26307.106018066406,1.0959124034161268e-07,3.760878792612378e-07,77.86703631767065
26392.93670654297,1.6060512531389183e-07,5.511539133009696e-07,77.87095941438196
26469.23065185547,1.1910042146935266e-07,4.0872085022401616e-07,77.87429683270501
26473.9990234375,1.1182118713684022e-07,3.8374046133320174e-07,77.8744857702049
26535.987854003906,1.0492546527451876e-07,3.600761848536965e-07,77.87692811170842
26702.880859375,1.2567939815641296e-07,4.312981418235358e-07,77.88361686585806
26707.64923095703,1.2394305765512734e-07,4.2533948477422835e-07,77.88382110418381
26731.491088867188,1.1751665145128897e-07,4.0328577434135976e-07,77.88482350620541
26793.479919433594,1.75256413968808e-07,6.014332245077376e-07,77.88769091879317
26936.53106689453,1.5907892276374716e-07,5.459163935994149e-07,77.89503371320377
26941.299438476562,1.51973564144433e-07,5.215326997366698e-07,77.89528821289986
26965.14129638672,1.5138010303609191e-07,5.194960996492513e-07,77.8966115079143
27151.107788085938,2.1512775741264378e-07,7.382610307479677e-07,77.90811647785621
27174.949645996094,1.871337472681332e-07,6.421930614974278e-07,77.90974534546339
27179.718017578125,1.9864138632093193e-07,6.816842065303721e-07,77.91006098240054
27337.074279785156,2.681503348147155e-07,9.202203609458042e-07,77.92257179349032
27413.368225097656,2.3320946487700325e-07,8.0031262348928e-07,77.92865738971635
27418.136596679688,2.338757637038757e-07,8.025991831812007e-07,77.92903955367171
27422.90496826172,2.2912076092738687e-07,7.862812830961521e-07,77.92941837229485
27656.55517578125,4.0272567294884184e-07,1.3820469938223163e-06,77.95453351019901
27661.32354736328,4.0478699727851176e-07,1.3891209086096534e-06,77.95519420811277
27666.091918945312,3.887308495695107e-07,1.3340204961847153e-06,77.95584345561718
27899.742126464844,7.356534547864069e-07,2.5245662593050213e-06,77.99889246374556
27904.510498046875,7.100346812477861e-07,2.436649467968594e-06,78.00007530974989
28128.623962402344,3.2192286142148803e-06,1.1047533166001135e-05,78.11993772240571
28147.69744873047,2.740069575921723e-06,9.40318726774505e-06,78.13924445883008
28152.4658203125,2.829484044074623e-06,9.710033851450763e-06,78.14380140585136
28395.652770996094,8.688075938314512e-06,2.9815157163255546e-05,78.61602723924086
28400.421142578125,8.98532730768154e-06,3.083524450567698e-05,78.6304874218287
28500.55694580078,1.1792795258389631e-05,4.046972500233382e-05,78.95890075330504
28643.60809326172,5.410468157043861e-06,1.8567282281414684e-05,79.37876308698245
28648.37646484375,5.409086849843015e-06,1.8562542003869188e-05,79.38761552693083
28886.795043945312,1.1276097207226005e-06,3.869655523370263e-06,79.58701888172219
28896.331787109375,1.169032119723768e-06,4.011806138197701e-06,79.5909792165959
28901.100158691406,1.1933139945588484e-06,4.095135050095642e-06,79.59291206199487
29149.05548095703,7.245138050017968e-07,2.486337955198346e-06,79.67264280904956
29153.823852539062,7.449332090169163e-07,2.55641189840664e-06,79.67384509430443
29158.592224121094,7.851512156549343e-07,2.6944293601805745e-06,79.67509699241639
29382.705688476562,5.168833379482625e-07,1.773805623410021e-06,79.72762742768911
29411.31591796875,5.912255543048472e-07,2.028928262792283e-06,79.73323389597681
29416.08428955078,5.37963725794928e-07,1.8461478866652206e-06,79.73415778612627
29425.621032714844,5.813714512985995e-07,1.9951116120263156e-06,79.73597612220192
29659.271240234375,2.925936278027104e-07,1.0041032168507163e-06,79.7694063807911
29668.807983398438,3.179392533410177e-07,1.0910826371724335e-06,79.7703875194051
29673.57635498047,3.1781216944555854e-07,1.0906465191708259e-06,79.77090768417054
29678.3447265625,3.2346190016950635e-07,1.1100348867058888e-06,79.77143236750439
29902.45819091797,2.2010409459792836e-07,7.553384914343202e-07,79.79187798920496
29931.068420410156,2.2189002604212769e-07,7.614673313604055e-07,79.79414275535707
29935.836791992188,2.039747243087989e-07,6.999867986626253e-07,79.79449119317418
29993.057250976562,2.469692362154451e-07,8.475324852744306e-07,79.79887164565942
30179.02374267578,1.8565021660045495e-07,6.371019803043786e-07,79.81256165807523
30193.328857421875,2.14152219853493e-07,7.349132462843822e-07,79.81357154460206
30198.097229003906,2.083745793833068e-07,7.150859266483149e-07,79.81391725134456
30407.90557861328,1.800282273882106e-07,6.178088142313262e-07,79.82863119233889
30441.2841796875,2.2748368727660367e-07,7.806632833764817e-07,79.83095687698886
30460.357666015625,2.056162762589886e-07,7.056201667102865e-07,79.83238753179592
30465.126037597656,2.0295277560315896e-07,6.964797435346806e-07,79.83272181846428
30655.860900878906,2.3648131530914425e-07,8.115407406859484e-07,79.84651718057479
30717.849731445312,1.7895083031058582e-07,6.141114750937903e-07,79.8509087596864
30732.154846191406,2.0149402201568704e-07,6.914736906661583e-07,79.85186749964211
30736.923217773438,1.878243094272628e-07,6.445628864680692e-07,79.85218603558447
30856.13250732422,2.4091547593074173e-07,8.267575961506919e-07,79.86012517426913
30932.42645263672,1.5833584246313975e-07,5.433663403879985e-07,79.86498300380288
30999.183654785156,1.6810761117710207e-07,5.769004418436416e-07,79.86895031748709
31003.952026367188,1.5489924361007336e-07,5.315728505936268e-07,79.86921459811445
31147.003173828125,1.4819664177132002e-07,5.085713104777234e-07,79.87717600189218
31251.907348632812,2.3188395462288448e-07,7.957638261688316e-07,79.88350419949086
31275.74920654297,1.5512009673360206e-07,5.323307595523832e-07,79.88498396117564
31280.517578125,1.4701833088158337e-07,5.045276620779962e-07,79.88523116748725
31433.10546875,1.3086355115144776e-07,4.490887708883309e-07,79.89298158423914
31514.16778564453,1.6353923917892177e-07,5.612230087648988e-07,79.89718913955492
31552.31475830078,1.6152092006562095e-07,5.542966763990308e-07,79.89922777078436
31557.083129882812,1.5670934043544465e-07,5.377846196564585e-07,79.89948814325523
31561.851501464844,1.4380700976265377e-07,4.935072653247488e-07,79.89973402240108
31757.354736328125,2.1224350070455085e-07,7.28363031736273e-07,79.91114447474058
31828.880310058594,1.9350082661748647e-07,6.640431780042036e-07,79.9159540126619
31833.648681640625,2.0493195318341587e-07,7.032717526087631e-07,79.91628000594484
31886.10076904297,1.9129006350466057e-07,6.564564292087712e-07,79.92000230765248
32081.60400390625,3.057638671131611e-07,1.0492999621032623e-06,79.93600831155959
32110.214233398438,2.5058210015411643e-07,8.5993086978508e-07,79.93858036258729
32114.98260498047,2.4322098336447314e-07,8.346694821615653e-07,79.93898438679534
32134.056091308594,2.6339419141976606e-07,9.0389854656271e-07,79.94061713505772
32367.706298828125,1.4770530775586807e-07,5.06885183308214e-07,79.95576198556198
32391.54815673828,1.4892585268190513e-07,5.110737676452967e-07,79.95701152208227
32396.316528320312,1.536997042466292e-07,5.274563517395045e-07,79.95725912695768
32486.915588378906,1.7393560578505277e-07,5.969005634374643e-07,79.96213174531196
32663.345336914062,1.280713627327523e-07,4.395067256663622e-07,79.97086691862361
32677.650451660156,1.4949303133714808e-07,5.130201733703131e-07,79.97154626029312
32682.418823242188,1.4552446190684865e-07,4.994011025751487e-07,79.9717876403352
32744.407653808594,1.2845757679308465e-07,4.4083210921379264e-07,79.97476853458876
32877.92205810547,1.6333985690951773e-07,5.605387820454208e-07,79.98126936669867
32968.52111816406,1.4392365657528655e-07,4.939075660444861e-07,79.98577082630176
32973.289489746094,1.376918670641194e-07,4.725217281440152e-07,79.98600124100088
33106.80389404297,1.3134333140335603e-07,4.507352486258685e-07,79.99248924283162
33245.086669921875,1.6631923366613034e-07,5.707632076694202e-07,79.99953130578777
33259.39178466797,1.501319673660934e-07,5.152128312447984e-07,80.00030005391811
33264.16015625,1.680815948441294e-07,5.768111607344639e-07,80.00056041272663
33297.53875732422,1.8338480339818275e-07,6.293276869919098e-07,80.00252174727794
33383.36944580078,1.4350703040856821e-07,4.92477816267064e-07,80.00717888962156
33550.262451171875,1.6038270153035662e-07,5.503906142563902e-07,80.01613086748655
33555.030822753906,1.6277083127440145e-07,5.585860379785677e-07,80.01639526812426
33569.3359375,1.4958518614123863e-07,5.133364240553689e-07,80.01718392273112
33712.38708496094,1.8315245291168406e-07,6.285303221528932e-07,80.02518370226586
33845.90148925781,1.689748377711891e-07,5.79876531990924e-07,80.03286980281095
33850.669860839844,1.6355981721578303e-07,5.612936270936848e-07,80.03314187897878
33898.353576660156,1.5984041730367895e-07,5.485296395641403e-07,80.03593420714508
34055.70983886719,2.6813629917390935e-07,9.201721943736549e-07,80.04667075911381
34146.30889892578,1.9681059749415126e-07,6.754014280428503e-07,80.05374322288938
34151.07727050781,2.1066499396550624e-07,7.229460180220716e-07,80.05407661490057
34208.29772949219,2.0374999108663628e-07,6.99215574241228e-07,80.05833693654661
34432.411193847656,2.717758785119399e-07,9.326622590026906e-07,80.07719147454351
34446.71630859375,2.5863617043528454e-07,8.87570288793602e-07,80.07848244618995
34451.48468017578,2.5855892283547705e-07,8.873051956538669e-07,80.07890560948103
34461.021423339844,2.5364623732059075e-07,8.704461705072244e-07,80.07976605774422
34747.12371826172,4.1634393722166166e-07,1.4287812411364162e-06,80.11117914425685
34751.89208984375,4.1244334631774897e-07,1.415395454495573e-06,80.11185724882334
34756.66046142578,3.956730468102366e-07,1.3578442637553652e-06,80.11251844069646
34813.880920410156,0.0,0.0,80.11975311004895
35057.06787109375,9.017882789392126e-07,3.0946966227565487e-06,80.16736884416106
35061.83624267578,8.381329701582637e-07,2.876248597088423e-06,80.16879242843626
35090.44647216797,8.13218343964534e-07,2.7907482514533316e-06,80.17730719789049
35367.01202392578,3.0854528787372684e-06,1.058845055597173e-05,80.34584556733955
35371.78039550781,3.064347047060659e-06,1.0516020976284907e-05,80.35087726545497
35376.548767089844,2.8316385800180654e-06,9.717427643611847e-06,80.35570129552525
35572.052001953125,5.263609730168997e-06,1.806330336719815e-05,80.62505413605928
35676.95617675781,3.92391379357715e-06,1.3465824571656022e-05,80.7913869906682
35681.724548339844,3.892167902458133e-06,1.3356881148541246e-05,80.79778202205368
35696.02966308594,3.936401443039239e-06,1.3508678850780114e-05,80.81669201592423
35982.13195800781,1.2368511281352535e-06,4.2445428694142645e-06,81.01925774951717
35991.668701171875,1.26458990699935e-06,4.339734953049559e-06,81.02342375945058
35996.437072753906,1.2858735634010866e-06,4.412774779719124e-06,81.02551052038463
36034.584045410156,1.3796620545631538e-06,4.7346318426586685e-06,81.04169361399624
36311.14959716797,7.10208075906767e-07,2.4372445121470164e-06,81.13654753895327
36315.91796875,6.629724660330988e-07,2.2751445095590024e-06,81.13767106004799
36339.759826660156,7.540132977739744e-07,2.587572338908098e-06,81.14353203851933
36616.32537841797,3.4838188712825907e-07,1.195553629055375e-06,81.19273536984909
36630.63049316406,3.622006619943203e-07,1.242975975195134e-06,81.19448204841966
36635.398864746094,3.4313123723811374e-07,1.1775348003992477e-06,81.19505914315948
36649.70397949219,3.7433157800516775e-07,1.284606040351751e-06,81.19681471279839
36802.29187011719,2.604245243037989e-07,8.937074418332214e-07,81.21282234082872
36954.87976074219,2.9380340402010254e-07,1.0082548458546536e-06,81.22796408329079
36959.64813232422,2.7402365973241234e-07,9.403760440608357e-07,81.22842867309873
36988.258361816406,2.828585209712024e-07,9.706949291880278e-07,81.23110735542056
37150.38299560547,2.1924139056339834e-07,7.52377921504049e-07,81.24485281217582
37279.12902832031,2.446844773952206e-07,8.396918029658522e-07,81.25569223018796
37283.897399902344,2.338902862349328e-07,8.026490206307062e-07,81.25608379475354
37331.581115722656,2.5010937870160075e-07,8.583086159625689e-07,81.25986721079147
37574.76806640625,1.83130032489863e-07,6.284533812507871e-07,81.27749082146687
37608.14666748047,2.0140786412765592e-07,6.911780197960209e-07,81.27970187386163
37612.9150390625,1.9173158821519198e-07,6.579716241413915e-07,81.28002353620273
37751.197814941406,2.0126546923286286e-07,6.906893585322792e-07,81.28850408242737
37860.870361328125,1.4682335785546398e-07,5.038585667043349e-07,81.29477945289807
37937.164306640625,1.5622950479610307e-07,5.361379518440366e-07,81.29894276971275
37941.932678222656,1.648067869457253e-07,5.655728943031359e-07,81.29920543804727
38018.226623535156,1.5580557847631772e-07,5.346831498902115e-07,81.3035929202008
38170.814514160156,2.1379812661956794e-07,7.336980928378794e-07,81.31301169696869
38275.718688964844,1.8608177230657447e-07,6.385829642752841e-07,81.31964674497252
38280.487060546875,1.8645619850218197e-07,6.39867895017987e-07,81.31995155140984
38371.08612060547,2.0084056555315556e-07,6.892312025401278e-07,81.32581756250296
38385.39123535156,1.650503088094498e-07,5.66408596326367e-07,81.32669212258749
38609.50469970703,1.8537630881622012e-07,6.361620019140902e-07,81.34081235272036
38614.27307128906,1.724051532324136e-07,5.916484588619725e-07,81.34110508554582
38723.94561767578,1.6567067728597258e-07,5.685375353179206e-07,81.34800567122441
38905.14373779297,2.179882586529082e-07,7.480775073360759e-07,81.3596528856908
38952.82745361328,2.118262856279152e-07,7.26931260977236e-07,81.36291088783871
38957.59582519531,2.2033482412328847e-07,7.561302935674574e-07,81.36326447726728
39000.511169433594,1.9357028677812553e-07,6.642815467317265e-07,81.36642489671001
39062.5,2.652862628229328e-07,9.103916304917695e-07,81.37094498561675
39296.15020751953,2.2229502825870762e-07,7.628571908442005e-07,81.38887512682516
39300.91857910156,2.225084183054622e-07,7.635894885158869e-07,81.38923906007352
39358.13903808594,2.412376073136687e-07,8.278630650574298e-07,81.39367612547333
39448.73809814453,1.8725889172741138e-07,6.42622523871834e-07,81.4006322886793
39644.24133300781,2.0908305910920195e-07,7.1751723992464e-07,81.41468627221636
39649.009704589844,2.2951276129426695e-07,7.876265237028831e-07,81.41504512645382
39663.31481933594,2.025462559485339e-07,6.950846766086254e-07,81.41612817454796
39749.1455078125,2.7856492681135333e-07,9.55960460292954e-07,81.42316881673499
39992.332458496094,2.162439817680451e-07,7.420916147371081e-07,81.44199630467267
39997.100830078125,2.152126928215146e-07,7.385525063959924e-07,81.44234931774018
40073.394775390625,2.4566289731063056e-07,8.43049478906616e-07,81.44806725867767
40335.655212402344,1.46616643687008e-07,5.03149178864709e-07,81.4653410963655
40345.191955566406,1.600537928057523e-07,5.492618873223637e-07,81.46584537906871
40349.96032714844,1.6777188594098884e-07,5.757483224619216e-07,81.4661136024044
40378.570556640625,1.5247539448417318e-07,5.23254847488931e-07,81.46767374013746
40602.684020996094,1.9694327911338325e-07,6.758567559380211e-07,81.48065442240005
40698.05145263672,1.7303095814025795e-07,5.937960542344567e-07,81.48646025712453
40702.81982421875,1.819776949699097e-07,6.244988665220416e-07,81.48675072126848
40755.271911621094,1.6509556730243772e-07,5.665639113916344e-07,81.48990053161764
40941.23840332031,1.9655693502115031e-07,6.745309261558225e-07,81.50132391863544
41060.447692871094,1.865494748682899e-07,6.401879946044628e-07,81.50903138563783
41065.216064453125,1.8015084856366868e-07,6.182296173693032e-07,81.50933141577677
41089.05792236328,1.6720552714279334e-07,5.738047302674147e-07,81.51085255970986
41408.538818359375,2.3013101333850473e-07,7.897481996638589e-07,81.5326017946077
41422.84393310547,2.1029627747753827e-07,7.21680681471666e-07,81.53367350076401
41427.6123046875,2.1423523022111258e-07,7.351981157047614e-07,81.53402084773676
41456.22253417969,2.0267884608314e-07,6.955396905529838e-07,81.53611011125543
41780.47180175781,3.3099543815232464e-07,1.1358879778330661e-06,81.56389535349761
41785.240173339844,3.131217422283064e-07,1.0745502251653303e-06,81.56442236303317
41790.008544921875,3.336786449007921e-07,1.1450960270576664e-06,81.56495156793873
41799.54528808594,3.170786181502879e-07,1.0881291669617652e-06,81.56601589333988
42157.17315673828,6.370463571258247e-07,2.1861730252867298e-06,81.61847751300533
42161.94152832031,5.934160690364047e-07,2.0364455245489155e-06,81.61948426372007
42510.032653808594,1.968140838467322e-06,6.75413392274156e-06,81.75052654478891
42529.10614013672,1.7085337226735853e-06,5.863231608691189e-06,81.76208835708726
42533.87451171875,1.7798415264729408e-06,6.107940954274652e-06,81.7649425070399
42676.92565917969,2.4196153907344883e-06,8.303474055888162e-06,81.86840255143662
42896.270751953125,1.2612789987354484e-06,4.328372799801564e-06,82.00937182079446
42901.039123535156,1.2724455661758927e-06,4.366693478116852e-06,82.01144488614162
42905.80749511719,1.3020782741865336e-06,4.468385020960516e-06,82.01355133300362
42920.11260986328,1.412253631455047e-06,4.846477433573086e-06,82.02018514602076
43268.20373535156,4.924670047719277e-07,1.690015286381261e-06,82.11718629649319
43282.508850097656,5.370488203846709e-07,1.8430081755496635e-06,82.11990470412772
43287.27722167969,5.74718905180266e-07,1.9722818497795095e-06,82.12081434015442
43659.210205078125,2.0737562048391716e-07,7.116577663978288e-07,82.16473711069217
43663.978576660156,2.1052766259811795e-07,7.224747334325723e-07,82.16507903452504
43668.74694824219,2.162099393341921e-07,7.419747901924387e-07,82.16542818649962
43678.28369140625,2.3214636339973776e-07,7.966643430356785e-07,82.16616271851962
43978.69110107422,1.5022781573611777e-07,5.155417572620671e-07,82.18542565250767
44045.448303222656,1.5246510538269493e-07,5.232195380395407e-07,82.18915270181122
44050.21667480469,1.557805942205053e-07,5.345974105943141e-07,82.18940490502507
44264.793395996094,1.8217938599169466e-07,6.251910162633228e-07,82.2011711277285
44412.61291503906,1.3461188604749846e-07,4.6195205555800283e-07,82.2089255431611
44436.45477294922,1.393172357301883e-07,4.780995594810278e-07,82.21007625031571
44441.22314453125,1.4260762952943551e-07,4.893913125630789e-07,82.21030691811471
44450.75988769531,1.4568316230236615e-07,4.999457199642945e-07,82.21076700631352
44798.851013183594,1.0446266461879065e-07,3.584879765572036e-07,82.22586787116367
44827.46124267578,1.1216708232768718e-07,3.8492748128449345e-07,82.22697655757922
44832.22961425781,1.1346036189141832e-07,3.8936567148016415e-07,82.22716116345251
44846.534729003906,9.840245015511348e-08,3.376909384143001e-07,82.227693322652
45056.34307861328,1.3233626666305955e-07,4.54142737353084e-07,82.23552956970879
45223.236083984375,1.218730857873169e-07,4.182358939446276e-07,82.24213667073386
45228.004455566406,1.2029538292924468e-07,4.1282163893531117e-07,82.24233481029
45266.151428222656,1.1841715878688639e-07,4.063760751085409e-07,82.2439906316337
45475.95977783203,1.8772188844278587e-07,6.442114049926911e-07,82.25488429939531
45619.01092529297,1.6481128699045845e-07,5.655883372552825e-07,82.26244052341043
45623.779296875,1.6284274100303932e-07,5.58832812969501e-07,82.26270860630338
45695.30487060547,1.417369016030102e-07,4.864032067779627e-07,82.26660508212319
46005.2490234375,2.2617624549933332e-07,7.761764922448328e-07,82.2866576806915
46024.322509765625,2.1175257835921363e-07,7.266783173086937e-07,82.2880772891271
46029.090881347656,2.534279123366037e-07,8.696969374484372e-07,82.28845789464707
46052.93273925781,2.1842914639697605e-07,7.495905163698443e-07,82.2904347473617
46114.92156982422,3.0767180236539336e-07,1.0558474865271402e-06,82.29568033878671
46429.63409423828,2.445663761174145e-07,8.392865109099389e-07,82.32330200698547
46434.40246582031,2.1922692939022216e-07,7.523282946184101e-07,82.32368147752588
46496.39129638672,2.5627231661364026e-07,8.794581735561563e-07,82.32832087036118
46811.10382080078,1.630906770936596e-07,5.596836634409714e-07,82.35034895418364
46839.71405029297,1.6657549642125873e-07,5.716426330305116e-07,82.3520346625881
46844.482421875,1.8069063385421402e-07,6.200820163798884e-07,82.3523187918857
46873.09265136719,2.5494460585744675e-07,8.749018247000557e-07,82.35402226542857
47245.025634765625,1.184320885432134e-07,4.0642731004645574e-07,82.3720897061643
47249.794006347656,1.2226498623661968e-07,4.195807916609083e-07,82.37228664184222
47254.56237792969,1.1676102631980114e-07,4.006926706194572e-07,82.37248221027558
47450.06561279297,1.0504049285376423e-07,3.604709287967355e-07,82.38032811707235
47492.98095703125,1.481696386423352e-07,5.084786429480772e-07,82.38209559423838
47669.410705566406,1.2624981034890116e-07,4.3325564418512e-07,82.38936365569032
47674.17907714844,1.247284448413752e-07,4.280347239224867e-07,82.38956900331608
47683.7158203125,5.668182077812738e-08,1.945168765556632e-07,82.3898863360316
47912.59765625,1.6871090256828504e-07,5.789707768373812e-07,82.40031959853559
48089.027404785156,1.509228097704154e-07,5.179267912451067e-07,82.40905423269439
48093.79577636719,1.4762864186536875e-07,5.066220864395255e-07,82.40929850418203
48122.406005859375,1.3905609441618593e-07,4.772033922083105e-07,82.41077551796847
48251.15203857422,2.192515271407228e-07,7.524127075312629e-07,82.41834531555602
48513.41247558594,1.6882572962629788e-07,5.79364832645083e-07,82.43352626840016
48518.18084716797,1.6082741038101307e-07,5.519167363078494e-07,82.43379598694439
48551.55944824219,1.5426578112479811e-07,5.293989764597445e-07,82.43569202835047
48942.56591796875,2.5168191046651333e-07,8.63705125160689e-07,82.46235467630738
48947.33428955078,2.6101158717042675e-07,8.957220848632197e-07,82.46277415644282
48966.407775878906,2.3367161041272571e-07,8.018985835888111e-07,82.46438809093306
49366.95098876953,6.073576499494374e-07,2.0842893082563307e-06,82.51795856668754
49371.71936035156,5.846559643386879e-07,2.006383183912921e-06,82.51893385901069
49376.487731933594,5.876181439652161e-07,2.0165485935775914e-06,82.51989300068891
49409.86633300781,5.838706403855745e-07,2.003688161763899e-06,82.52693203035352
49695.96862792969,1.462992423342508e-06,5.020599421587368e-06,82.622120359999
49810.40954589844,1.3929151919315645e-06,4.780113071914825e-06,82.67496840205665
49815.17791748047,1.2843112934906876e-06,4.407413486466085e-06,82.67715887908415
49819.9462890625,1.407793240718931e-06,4.8311705633579735e-06,82.67936152916621
50249.09973144531,6.630442728828201e-07,2.2753909314969594e-06,82.83184624650085
50253.868103027344,7.209701968915256e-07,2.474177238201526e-06,82.8329786317952
50263.404846191406,7.27671290815023e-07,2.4971736035548393e-06,82.83533053990527
50683.021545410156,3.002328309961831e-07,1.0303189227714013e-06,82.90346322630239
50692.55828857422,3.284179291040804e-07,1.1270426548975e-06,82.90448930277452
50697.32666015625,3.152358010639041e-07,1.081805110698472e-06,82.90501593312025
50721.168518066406,3.4066151203893155e-07,1.1690593628585906e-06,82.90768246564274
50854.68292236328,2.539444744081053e-07,8.714696405711708e-07,82.92125959389428
51136.016845703125,2.731033628419851e-07,9.372178308246992e-07,82.94937708436233
51140.785217285156,2.658296275227754e-07,9.122563130794673e-07,82.9498180333598
51145.55358886719,2.918854589128508e-07,1.0016729702806814e-06,82.95027434966005
51579.47540283203,1.7661329890529163e-07,6.060896913619582e-07,82.98224655580123
51589.012145996094,1.942541476432376e-07,6.666283746503452e-07,82.98284866001639
51593.780517578125,1.7923306535125712e-07,6.150800304050396e-07,82.98315424311315
51627.159118652344,1.937401652041727e-07,6.648645241374493e-07,82.98518043387418
52042.00744628906,1.3326088320735887e-07,4.573157744880907e-07,83.00734465512018
52046.775817871094,1.3803612032608335e-07,4.737031134337264e-07,83.00756662732056
52161.216735839844,1.296545318885868e-07,4.4493973955026036e-07,83.01318846409285
52366.25671386719,1.7647800314950426e-07,6.056253924480259e-07,83.0235342646703
52504.539489746094,1.528171414767102e-07,5.244276319310681e-07,83.03073502537548
52509.307861328125,1.569104462946797e-07,5.384747612760895e-07,83.0309884410538
52595.13854980469,1.5115031140964312e-07,5.187075161347868e-07,83.03569941974281
52947.998046875,2.605292260634542e-07,8.940667503201127e-07,83.05946271358208
52967.071533203125,2.3831484970482557e-07,8.178329412329523e-07,83.06100726793986
52971.839904785156,2.579262120308825e-07,8.851339010874043e-07,83.06141328687467
52981.37664794922,2.2429750268598092e-07,7.697291484776804e-07,83.06221043998772
53329.4677734375,3.697366738074795e-07,1.2688375558476026e-06,83.09727932824524
53434.37194824219,3.4174938752712904e-07,1.1727926611037892e-06,83.10923068276375
53439.14031982422,3.4869938681289137e-07,1.1966432032100909e-06,83.10979560029578
53467.750549316406,3.5227225287889243e-07,1.2089043256999746e-06,83.11309138753134
53896.90399169922,2.2842046775021452e-07,7.838780638694795e-07,83.15435324059199
53901.67236328125,2.4021007735523246e-07,8.243368565599161e-07,83.15473666890821
53906.44073486328,2.318656581768704e-07,7.957010376507165e-07,83.15512291604105
53935.05096435547,2.5000339071647775e-07,8.579448934932563e-07,83.15750351331255
54349.89929199219,1.424149753574055e-07,4.887301748775874e-07,83.18436383734795
54378.509521484375,1.5274701986146927e-07,5.241869932679403e-07,83.18591741504407
54383.277893066406,1.5748906491194376e-07,5.404604258966338e-07,83.18617124676899
54683.685302734375,2.386933979634154e-07,8.191320177953427e-07,83.20104402391176
54855.3466796875,1.2523855514772347e-07,4.2978528630964294e-07,83.20931251601431
54860.11505126953,1.3183170870927853e-07,4.5241122915762613e-07,83.20952284805402
54864.88342285156,1.2898302819550098e-07,4.4263531814703953e-07,83.20973624378006
55079.46014404297,1.2120415008802599e-07,4.159402852105331e-07,83.2193891301344
55222.511291503906,1.5232323349628751e-07,5.22732671600951e-07,83.22605742020517
55341.72058105469,1.2902686579423987e-07,4.4278575708258055e-07,83.23162489723353
55346.48895263672,1.321435594155527e-07,4.5348141752672555e-07,83.2318385839798
55351.25732421875,1.221848889850066e-07,4.193059192769484e-07,83.2320466726965
55632.591247558594,1.577263649135637e-07,5.412747761501735e-07,83.24505089440707
55832.862854003906,1.4772774390669194e-07,5.069621781880587e-07,83.25480979411918
55837.63122558594,1.560930478494197e-07,5.356696680329524e-07,83.25505837692249
55875.77819824219,1.3850071646346877e-07,4.752974833439272e-07,83.25700515391429
56324.005126953125,2.6627836153022236e-07,9.137962483944346e-07,83.28615576407714
56328.773498535156,2.6058645289355096e-07,8.942631375231487e-07,83.28658683902685
56362.152099609375,2.4360937022664684e-07,8.360023221848419e-07,83.28947062683024
56791.30554199219,5.835195629283647e-07,2.00248335765796e-06,83.34509359335996
56819.915771484375,5.702129463538742e-07,1.95681860204389e-06,83.35020453512811
56824.684143066406,5.861087067189757e-07,2.0113686079232e-06,83.35115062468432
56905.74645996094,6.082811283539747e-07,2.087458439599523e-06,83.36607310341638
57277.679443359375,3.4057447990456854e-07,1.1687606918084398e-06,83.4300545892279
57320.594787597656,3.752191664456681e-07,1.2876520069199186e-06,83.43575030224584
57325.36315917969,3.9446232491529026e-07,1.3536893894385297e-06,83.43638004710849
57334.89990234375,4.034495085311511e-07,1.3845310042982992e-06,83.43765047561482
57816.505432128906,2.040333869856319e-07,7.001881133083319e-07,83.48454351003002
57826.04217529297,2.0427136621727297e-07,7.010047944979701e-07,83.48521735908209
57830.810546875,2.1000801832541505e-07,7.206914530181716e-07,83.48555631788133
57930.946350097656,2.1426576679653204e-07,7.353029090792464e-07,83.49248947537127
58307.647705078125,1.3906481657037137e-07,4.7723332431292e-07,83.51458178971156
58336.25793457031,1.5201238665394458e-07,5.216659282248618e-07,83.51607206159754
58341.026306152344,1.4593246151740123e-07,5.008012483148431e-07,83.51631583676895
58450.69885253906,1.843451998195302e-07,6.326235111127861e-07,83.52187147310889
58593.75,1.2308650757088126e-07,4.224000335584105e-07,83.5288336607907
58851.24206542969,1.3669073402915943e-07,4.6908610684068103e-07,83.5409302534963
58856.01043701172,1.5041533864290798e-07,5.161852858151503e-07,83.54116516050176
58865.54718017578,1.580145175195888e-07,5.422636389659039e-07,83.54166679428721
59056.28204345703,1.2359592132443116e-07,4.2414820556232145e-07,83.55063141518099
59370.994567871094,1.3314014192088807e-07,4.569014226272437e-07,83.565214710185
59375.762939453125,1.4019171971963356e-07,4.811005550716716e-07,83.56543834728372
59394.83642578125,1.308108076274067e-07,4.489077691947691e-07,83.56632610730482
59671.40197753906,1.9775114400499903e-07,6.786291325702255e-07,83.58045592671563
59895.51544189453,1.6849835062763948e-07,5.782413553221116e-07,83.59273419033185
59900.28381347656,1.667156383326724e-07,5.721235626567747e-07,83.59300845870105
60343.74237060547,2.888222896988701e-07,9.911609913130807e-07,83.62585205518994
60420.03631591797,2.7789358124778745e-07,9.536565815480296e-07,83.63294210588154
60424.8046875,2.799699037998483e-07,9.607819662305344e-07,83.63339854359988
60644.14978027344,3.083593480004038e-07,1.0582069595923264e-06,83.65397663213078
60911.17858886719,1.8873781012493803e-07,6.476977769850615e-07,83.67614970553399
60954.09393310547,2.1293022004349611e-07,7.307196691739601e-07,83.6792265171019
60958.8623046875,2.2130776220718854e-07,7.594691573259647e-07,83.67958180580449
61464.30969238281,1.3861664248813606e-07,4.756953105117957e-07,83.71053498221002
61492.919921875,1.4744160097926814e-07,5.059802120527639e-07,83.71203576286983
61497.68829345703,1.5181630528429711e-07,5.209930293121067e-07,83.71228061237082
61745.643615722656,1.6028860610609383e-07,5.50067703880991e-07,83.7244587088915
62017.44079589844,1.1575693286056374e-07,3.9724688993034783e-07,83.73665365165861
62031.74591064453,1.2382476111020258e-07,4.249335226136943e-07,83.73723487036054
62036.51428222656,1.269467592063811e-07,4.356473865994418e-07,83.73744004883812
62136.65008544922,1.0973772101070867e-07,3.765905618116073e-07,83.74177825756738
62499.046325683594,2.8691200352631745e-07,9.846053991582887e-07,83.75837027619187
62580.108642578125,1.3942031217010508e-07,4.784532903044883e-07,83.76257533123314
62584.877014160156,1.383142629294282e-07,4.7465762459263015e-07,83.76280257058319
62694.549560546875,1.2566753831290226e-07,4.312574420068315e-07,83.76785962837641
63042.640686035156,1.588079549256772e-07,5.449865043194865e-07,83.78454782261377
63133.23974609375,1.5077841145743833e-07,5.174312547850103e-07,83.78907117957307
63138.00811767578,1.44362385449459e-07,4.954131664131275e-07,83.78931266050083
63171.38671875,1.4076745103355333e-07,4.830763112379622e-07,83.79101730864085
63657.76062011719,2.4563872511069985e-07,8.429665263697099e-07,83.82066902441355
63691.139221191406,2.4032338445053075e-07,8.247256962613662e-07,83.82341859740741
63695.90759277344,2.500701748841252e-07,8.581740789272423e-07,83.8238198319806
63724.517822265625,2.3480912970276236e-07,8.058022461085079e-07,83.82627301971868
63986.778259277344,3.698784258529256e-07,1.2693240110240069e-06,83.85398392112333
64253.807067871094,3.3442163273005033e-07,1.1476457629320996e-06,83.88444913397663
64258.575439453125,3.2479537594572256e-07,1.1146110195716189e-06,83.88498849802428
64282.41729736328,3.572583984201153e-07,1.226015446045369e-06,83.88764589870812
64797.401428222656,2.046009750300517e-07,7.021359239477086e-07,83.93669562341393
64816.47491455078,2.2134845805636128e-07,7.596088146157481e-07,83.93811206562408
64821.24328613281,2.017886539500398e-07,6.924847888069217e-07,83.93845827171774
64878.46374511719,2.446114091730748e-07,8.39441052334483e-07,83.9427840552101
65388.67950439453,1.5822658949592556e-07,5.429914133718017e-07,83.9768018282078
65393.44787597656,1.5486899537782155e-07,5.314690467359141e-07,83.977057999544
65703.3920288086,1.2858513785830887e-07,4.412698647346439e-07,83.99331461423624
65760.61248779297,1.87155727297044e-07,6.422684910886378e-07,83.99618825867917
65965.65246582031,1.4061869973733095e-07,4.825658365014846e-07,84.00622822783355
65970.42083740234,1.407612374659386e-07,4.830549879327455e-07,84.00645844977845
66285.1333618164,1.5876489664735536e-07,5.448387398035615e-07,84.02175930677205
66318.51196289062,1.2326514380790071e-07,4.230130654333161e-07,84.02331727786414
66547.39379882812,1.3967854457807876e-07,4.793394749883062e-07,84.03398640549938
66552.16217041016,1.4877716888114213e-07,5.105635245352164e-07,84.03422241676599
66571.23565673828,1.2393298692920243e-07,4.2530492473143735e-07,84.03514786420624
66976.54724121094,1.7961040693480067e-07,6.163749659808174e-07,84.05467771915107
67133.90350341797,1.689469960262198e-07,5.797809865551045e-07,84.06303272594026
67138.671875,1.6052940066286275e-07,5.508940465148601e-07,84.06330229987508
67143.44024658203,1.467467962922005e-07,5.035958278588675e-07,84.0635537098526
67396.16394042969,2.1386092196812884e-07,7.339135897096561e-07,84.07870031005058
67725.18157958984,1.965579588028096e-07,6.74534439501158e-07,84.1005596934387
67729.94995117188,1.9672820020109022e-07,6.751186625306834e-07,84.10088147581358
68044.66247558594,2.240889584864433e-07,7.69013480459946e-07,84.12145364844298
68316.45965576172,1.6114181708040942e-07,5.529956961629702e-07,84.13892602131112
68325.99639892578,1.8191906182634143e-07,6.242976532266151e-07,84.13950082562607
68330.76477050781,1.6907739769806443e-07,5.802284902795199e-07,84.1397880070377
68430.90057373047,1.857529033139594e-07,6.374543736908373e-07,84.14530416726416
68917.27447509766,1.3367959006027665e-07,4.587526646250682e-07,84.17063765585652
68926.81121826172,1.6138682658213458e-07,5.538365033626645e-07,84.17110608727059
68931.57958984375,1.4637586554754764e-07,5.023228925706598e-07,84.17135789529307
69212.9135131836,1.263029811964386e-07,4.334381123388386e-07,84.18489979902931
69413.1851196289,1.753156833129273e-07,6.016366210736086e-07,84.19456159829602
69537.16278076172,1.4345268729642922e-07,4.922913252141924e-07,84.20093332728781
69541.93115234375,1.4452162716536735e-07,4.959596414693382e-07,84.20116894467907
69637.29858398438,0.0,0.0,84.20570858942294
70118.90411376953,2.1710242272298842e-07,7.450375549163528e-07,84.23493490012035
70147.51434326172,1.9816149411507683e-07,6.800373445967773e-07,84.23691189694753
70152.28271484375,2.0600209270006657e-07,7.069441857345884e-07,84.23724257911324
70176.1245727539,1.8820689100203003e-07,6.458758042948054e-07,84.23893449054383
70748.32916259766,4.295031455363935e-07,1.4739401309566016e-06,84.29512179768903
70767.40264892578,4.067441250735555e-07,1.3958372487075193e-06,84.29779440356376
70772.17102050781,4.046183277471648e-07,1.3885420798078028e-06,84.29845825132693
70815.0863647461,3.8253649614856035e-07,1.3127631289515492e-06,84.30444824992917
71244.2398071289,6.571692580332377e-07,2.2552294489868583e-06,84.38168580623292
71392.05932617188,4.971138353891284e-07,1.7059619684943716e-06,84.41110179433676
71396.8276977539,6.219013058308927e-07,2.13419925251932e-06,84.41201736011858
71458.81652832031,6.344514738928795e-07,2.177268078787659e-06,84.4243754404319
72002.41088867188,2.750845491202999e-07,9.440167332142541e-07,84.5032984322174
72021.484375,3.0288438977270767e-07,1.0394183646053578e-06,84.50515678530635
72026.25274658203,3.175478825243029e-07,1.0897395570137987e-06,84.50566441611271
72031.02111816406,3.3466395646210963e-07,1.1484773532873212e-06,84.50619804860818
72655.67779541016,1.7487983782774837e-07,6.001409157262143e-07,84.5577579663212
72660.44616699219,1.7809833305053372e-07,6.111859320886229e-07,84.55804676914708
73065.75775146484,2.2691528347801533e-07,7.787126732865807e-07,84.58168133812151
73289.87121582031,1.3360381225662884e-07,4.5849261543336147e-07,84.59332331211532
73294.63958740234,1.381777481350716e-07,4.74189142263775e-07,84.59354568077474
73299.40795898438,1.4205079670837263e-07,4.874804109789395e-07,84.5937749606632
73304.1763305664,1.3336256313797995e-07,4.576647128644747e-07,84.59400030082065
73823.92883300781,1.6696861897413284e-07,5.72991724679984e-07,84.62091567083729
73943.1381225586,1.4794950088457333e-07,5.077231889336514e-07,84.6271231640987
73947.90649414062,1.544363768908518e-07,5.299844155848614e-07,84.62737057287129
74234.0087890625,1.1765552777878943e-07,4.037623608215057e-07,84.64120660609537
74281.69250488281,1.923470725012653e-07,6.600838018952556e-07,84.64349317637623
74596.40502929688,1.412840178859129e-07,4.848490307673241e-07,84.65823045029218
74601.1734008789,1.422094674788456e-07,4.880249267028414e-07,84.65846240151876
74653.62548828125,1.5437891132292822e-07,5.297872090973396e-07,84.66097090003478
75154.30450439453,1.0898294847961887e-07,3.740003839866519e-07,84.68360382064051
75254.44030761719,1.2815340793310483e-07,4.397882828903517e-07,84.68782562498785
75259.20867919922,1.171956610574239e-07,4.021842210044722e-07,84.68802636687587
75502.39562988281,1.6106607051231312e-07,5.527357541633372e-07,84.69812851854746
75640.67840576172,1.0106357595375343e-07,3.468232117140471e-07,84.70373634209413
75917.24395751953,1.2431614139544378e-07,4.2661980856876784e-07,84.71520018367683
75922.01232910156,1.2549154017214163e-07,4.3065346337399313e-07,84.71540457355223
76060.29510498047,1.0784996248904749e-07,3.701122785404643e-07,84.72118630408569
76527.59552001953,1.4215376642878149e-07,4.878337755695397e-07,84.74126422896232
76584.8159790039,1.2334907864682262e-07,4.233011073923986e-07,84.74389137238222
76589.58435058594,1.2529963245510157e-07,4.299948873227459e-07,84.74409481400085
76594.35272216797,1.2491531818220533e-07,4.2867602333860965e-07,84.7442995370993
76718.33038330078,1.9523933725853166e-07,6.700092823938033e-07,84.75020593395189
77261.92474365234,1.7391615562781697e-07,5.968338156904427e-07,84.77921769475554
77266.69311523438,1.7261662957923204e-07,5.923741892263788e-07,84.77950122403833
77352.52380371094,1.7025516041547417e-07,5.842702574981667e-07,84.78474957381734
77939.03350830078,3.1762289667300757e-07,1.0899969855456136e-06,84.83102873154446
77943.80187988281,2.915189999037701e-07,1.0004153807951374e-06,84.83152712469058
77948.57025146484,2.986753422318866e-07,1.0249740371353634e-06,84.83201001515773
77958.1069946289,2.677898257607609e-07,9.189831901177925e-07,84.83296763745042
78125.0,4.520560996337656e-07,1.551335848452976e-06,84.85100203357362
78630.44738769531,3.060087996686628e-07,1.05014050524406e-06,84.91208558832237
78635.21575927734,3.044022232797273e-07,1.0446271639851922e-06,84.91258501985361
78687.66784667969,3.540352972138378e-07,1.2149546231772756e-06,84.91839488301733
79250.33569335938,1.943371722319066e-07,6.669132928735693e-07,84.96643026808783
79321.86126708984,2.101383056484961e-07,7.21138564328158e-07,84.97164194371922
79326.62963867188,2.1027908092143738e-07,7.216216674820951e-07,84.97198592456368
79398.15521240234,2.4288146315778617e-07,8.335043394539801e-07,84.97711762050696
79936.98120117188,1.2140330096514075e-07,4.166237178534491e-07,85.00928675786426
80022.81188964844,1.3324880990525415e-07,4.572743421384787e-07,85.01318936060223
80027.58026123047,1.2455227863013845e-07,4.2743016851664413e-07,85.01340029059459
80370.90301513672,1.7034704472581466e-07,5.84585579920886e-07,85.02709256811862
80575.94299316406,9.520409333950824e-08,3.267150316889798e-07,85.03456222308616
80728.53088378906,1.0449683173515267e-07,3.586052289789575e-07,85.03992844692803
80733.2992553711,1.031192752767234e-07,3.53877822980099e-07,85.04009831612493
80795.2880859375,1.214578635993247e-07,4.1681096224737315e-07,85.04233555833666
81057.54852294922,8.550687385910842e-08,2.9343676330050227e-07,85.0512890397105
81439.01824951172,9.711431978327707e-08,3.3327041887053144e-07,85.06375895469164
81443.78662109375,9.607607472719204e-08,3.2970743901849833e-07,85.06391702093048
81591.60614013672,1.3153709483746332e-07,4.5140019300266936e-07,85.06874897101928
81701.27868652344,8.719902600782276e-08,2.992437777207568e-07,85.07244163638974
82159.04235839844,9.931599832280021e-08,3.408259918356987e-07,85.08827333515654
82163.81072998047,1.0424257452189977e-07,3.577326861021629e-07,85.08843988452396
82807.54089355469,1.390090669597624e-07,4.770420065327926e-07,85.10988543611303
82879.06646728516,8.485575562266463e-08,2.9120229934216816e-07,85.1122665860938
82883.83483886719,9.339089597317502e-08,3.2049262239731866e-07,85.11241242552789
82888.60321044922,8.858662330201946e-08,3.040056411873656e-07,85.11256131751654
83165.16876220703,1.1059554172608711e-07,3.795343734942508e-07,85.12185738057418
83508.49151611328,8.307906044741382e-08,2.85105155825306e-07,85.13365483999009
83613.39569091797,9.436438336549937e-08,3.238333712356891e-07,85.13723157271062
83618.1640625,9.250450019074745e-08,3.1745074871325276e-07,85.13738446675929
83708.7631225586,9.200673291388197e-08,3.157425443080609e-07,85.14048110963509
84352.49328613281,1.4858610904173657e-07,5.099078581736528e-07,85.16602743556453
84357.26165771484,1.4558957580236767e-07,4.996245560811027e-07,85.1662681268483
84438.32397460938,1.3886353635371718e-07,4.7654258434517483e-07,85.17039923724633
85058.21228027344,2.6236935456982757e-07,9.003815800945808e-07,85.2094566017645
85096.35925292969,2.572933564078427e-07,8.829621095426999e-07,85.21258151519821
85101.12762451172,2.4503471403380823e-07,8.408937216067528e-07,85.21299251445605
85144.04296875,2.2233413950687602e-07,7.629914102063782e-07,85.21644049684369
85577.96478271484,3.2810647995248164e-07,1.1259738445568434e-06,85.25751087302062
85844.9935913086,2.611721758013469e-07,8.962731821721649e-07,85.28359548076658
85849.76196289062,2.6974012202951724e-07,9.256760862412538e-07,85.28402986732235
85935.59265136719,3.9906490429327534e-07,1.3694842131124127e-06,85.29167626850075
86536.40747070312,1.5598280082211595e-07,5.352913296679127e-07,85.33494599796039
86603.16467285156,1.7438047237628385e-07,5.984272268124635e-07,85.33884200056346
86607.9330444336,1.6900434133775517e-07,5.799777803548069e-07,85.33912295421088
86727.14233398438,1.8149366320969438e-07,6.2283779874302e-07,85.34557210578257
87361.33575439453,1.1096484642369223e-07,3.808017286230967e-07,85.37475580048616
87366.10412597656,1.111116917290244e-07,3.8130566250768175e-07,85.37493750104747
87370.8724975586,1.1917576714513479e-07,4.089794164682532e-07,85.37512591969309
87680.81665039062,1.4772131076726064e-07,5.069401013709867e-07,85.38730899607596
87871.55151367188,9.185628358324291e-08,3.152262423707898e-07,85.39463677801884
88138.58032226562,1.1297572987098674e-07,3.8770254376833196e-07,85.4050324141871
88143.34869384766,1.2115160412453183e-07,4.157599614920256e-07,85.40522397457596
88429.45098876953,9.404785524257216e-08,3.227471312213671e-07,85.41600984795824
88896.7514038086,1.5119739948894632e-07,5.188691098518432e-07,85.433522455712
88915.82489013672,1.1485644293106964e-07,3.941566488962663e-07,85.43432240497637
88920.59326171875,1.067433971078869e-07,3.663148415722601e-07,85.43450371550858
89211.46392822266,1.2686700404137918e-07,4.353736881654045e-07,85.4456517793398
89621.54388427734,1.0154119604083378e-07,3.484622763425949e-07,85.46149821604287
89697.83782958984,1.1032853604555239e-07,3.786180812812054e-07,85.4644065624691
89702.60620117188,1.2076405516681535e-07,4.144299969331506e-07,85.46459563986507
90017.31872558594,9.972157306401344e-08,3.422178160711882e-07,85.47646280269691
90112.68615722656,1.3419300242760258e-07,4.60514558803948e-07,85.4800854589576
90489.38751220703,1.248108224610964e-07,4.283174219210034e-07,85.49501917489249
90494.15588378906,1.3231209054631024e-07,4.540597713747021e-07,85.49522955000914
90827.94189453125,1.1353529384017595e-07,3.8962281792370586e-07,85.50969246011557
91271.40045166016,1.6787842165531936e-07,5.76113924591647e-07,85.53088735014136
91285.70556640625,1.546992608148301e-07,5.308865630297911e-07,85.53166386610785
91290.47393798828,1.5317436544744687e-07,5.25653529230495e-07,85.5319157648954
91300.01068115234,1.4884346960574956e-07,5.107910509217539e-07,85.53240953677441
92034.33990478516,2.45139049284459e-07,8.412517723325876e-07,85.58119345544209
92091.56036376953,2.2870406671486302e-07,7.848512998036916e-07,85.5857720904177
92096.32873535156,2.465691050388961e-07,8.461593418995994e-07,85.5861609536574
92105.86547851562,2.1431947345337584e-07,7.354872159874595e-07,85.58693640189516
92549.32403564453,3.4833461977221074e-07,1.195391420108391e-06,85.62817291452149
92902.18353271484,2.6484532429652784e-07,9.088784471865774e-07,85.6629099880524
92906.95190429688,2.680107566830938e-07,9.197413660612751e-07,85.66334596499
92926.025390625,2.903863022974997e-07,9.965282650068807e-07,85.66519028662785
93712.80670166016,1.5394157907259784e-07,5.282864015688675e-07,85.72310016197399
93722.34344482422,1.614165680563839e-07,5.539385681622021e-07,85.72362297925855
93727.11181640625,1.652931037265305e-07,5.672418036627897e-07,85.72389028948972
93746.18530273438,3.1590392633449486e-07,1.0840979382576277e-06,85.72506925520659
94509.12475585938,9.945665649860663e-08,3.4130869314353037e-07,85.76032546067455
94552.04010009766,1.0880694861107257e-07,3.733963994245144e-07,85.76188873445821
94556.80847167969,1.0386739499512833e-07,3.5644517012802235e-07,85.76206274224819
94985.9619140625,1.3738242539210842e-07,4.7145980693736684e-07,85.7768223928557
95067.02423095703,8.514755375556486e-08,2.92203672632887e-07,85.77957227819894
95381.7367553711,1.059123767608871e-07,3.6346300159899336e-07,85.78989633111821
95386.50512695312,9.916356611941952e-08,3.403028852085462e-07,85.79006412198098
95701.21765136719,8.272150899447725e-08,2.8387813469439695e-07,85.80041987789544
96201.89666748047,1.3806896489815932e-07,4.738158272365704e-07,85.81633884351226
96225.73852539062,1.0007927242309335e-07,3.4344534477649466e-07,85.8172086204378
96230.50689697266,8.789502139611855e-08,3.0163224808338646e-07,85.8173624189209
96616.74499511719,1.0726544228702964e-07,3.6810636125659197e-07,85.82977332801156
96712.11242675781,8.2961784594902e-08,2.847026964086388e-07,85.83292475850126
97074.50866699219,8.476166032109043e-08,2.908793893878034e-07,85.84437367563119
97079.27703857422,7.926313945373652e-08,2.72009933712051e-07,85.84450787890381
97422.59979248047,1.1779676979417445e-07,4.0424706571090335e-07,85.85491629191097
97494.12536621094,7.6298992345196e-08,2.6183777217437336e-07,85.8571200642769
97928.04718017578,8.879748362513008e-08,3.047292575228666e-07,85.87089275836615
97932.81555175781,9.063904398228413e-08,3.1104900102695264e-07,85.8710395713436
97942.35229492188,8.597393815928503e-08,2.9503960328647656e-07,85.87133090258298
98638.53454589844,1.546514066993608e-07,5.307223404811215e-07,85.89528242741649
98791.12243652344,1.2073204606160953e-07,4.143201502295602e-07,85.90132593990762
98795.89080810547,1.2384626689840136e-07,4.2500732473738877e-07,85.9015260511716
98819.73266601562,1.1609604810202574e-07,3.9841064290539445e-07,85.90252205110306
99568.36700439453,1.7608625520731434e-07,6.042810180954416e-07,85.93868521706692
99663.73443603516,1.486487508557911e-07,5.101228281559927e-07,85.94377614669693
99668.50280761719,1.5479554001542037e-07,5.312169675425433e-07,85.94402442145139
99854.4692993164,2.179858648981804e-07,7.480692926089112e-07,85.95393822276166
100541.1148071289,1.1431452536508525e-07,3.9229693248562826e-07,85.98773437020323
100545.88317871094,1.2131566059871802e-07,4.163229595132491e-07,85.98792716020893
100550.65155029297,1.2074785490381885e-07,4.143744019555334e-07,85.9881252138935
101075.1724243164,1.5594804854997971e-07,5.351720691477609e-07,86.00763077283847
101332.6644897461,8.639114938180614e-08,2.9647136081922143e-07,86.01617715872936
101428.03192138672,9.09959042197822e-08,3.1227365009101065e-07,86.01921484315179
101432.80029296875,9.4897344589666e-08,3.2566235187228466e-07,86.01936693894693
101561.5463256836,2.2321817683190026e-07,7.660251902942736e-07,86.02373626929453
101933.47930908203,6.897323325944797e-08,2.366977227511753e-07,86.03454104124887
102324.4857788086,8.405109496239187e-08,2.884409187764988e-07,86.04523999503559
102329.25415039062,8.190310962949261e-08,2.8106960656198065e-07,86.04537577692582
102362.63275146484,7.102582173781612e-08,2.4374165842905646e-07,86.04626318773357
102796.55456542969,9.397736538250533e-08,3.225052288403071e-07,86.0583231176823
103225.7080078125,7.633794541310831e-08,2.619714487041416e-07,86.07025161077989
103230.47637939453,8.004641817179104e-08,2.746979371603679e-07,86.07037956273233
103511.81030273438,1.128199110176253e-07,3.8716781506257997e-07,86.07837210389442
103702.54516601562,7.266644994415507e-08,2.493718564344338e-07,86.08381506751168
104136.46697998047,7.759152103258617e-08,2.6627338556290354e-07,86.0963087462203
104141.2353515625,8.125495124314587e-08,2.7884530001898797e-07,86.09643871264277
104455.94787597656,5.5375920311163886e-08,1.9003537478950356e-07,86.10466720483424
104727.74505615234,1.204497975117777e-07,4.133515485584784e-07,86.11181261686933
105056.7626953125,8.488821362031165e-08,2.913136865247759e-07,86.12083197968002
105061.53106689453,7.952882661884353e-08,2.7292170113215277e-07,86.1209665038794
105237.96081542969,7.307748263676287e-08,2.5078241090199933e-07,86.12591762096845
105948.44818115234,1.193631986564905e-07,4.0962263137660504e-07,86.14636706435368
105981.82678222656,9.120134775553577e-08,3.1297867745842287e-07,86.147434120588
105986.5951538086,9.001352155271769e-08,3.089023750445049e-07,86.14758238858491
106158.25653076172,8.45371128084201e-08,2.9010880227180466e-07,86.15299344189751
106639.86206054688,1.1850599373695428e-07,4.066809329408929e-07,86.17004866804774
106916.42761230469,1.1370500095908811e-07,3.902052074490754e-07,86.18052751739833
106921.19598388672,1.1591239020647119e-07,3.9778037803902937e-07,86.18071538780197
107164.38293457031,1.5113500026316603e-07,5.186549723676966e-07,86.19037485395754
107836.72332763672,1.01144891435026e-07,3.4710226473696735e-07,86.2175717555984
107860.56518554688,1.1832687911975533e-07,4.0606625939292447e-07,86.21849481771811
107865.3335571289,1.134705711681607e-07,3.894007069923718e-07,86.21868447182194
108375.54931640625,1.2975046206607594e-07,4.4526894630890816e-07,86.23710506922609
108518.60046386719,8.616477870463151e-08,2.956945170893744e-07,86.2420642029868
108809.4711303711,1.0233292058722765e-07,3.511792636189883e-07,86.25208278218442
108814.23950195312,1.0295600571328011e-07,3.5331752542646337e-07,86.25225074730784
109000.20599365234,8.555842180444517e-08,2.936136620871347e-07,86.25849228048591
109372.13897705078,2.4816129107684245e-07,8.516232993156669e-07,86.27111528594266
109772.6821899414,1.0229649532275746e-07,3.5105426183578536e-07,86.28535276069331
109777.45056152344,9.112610691696802e-08,3.127204709875172e-07,86.28551101692194
110702.5146484375,1.340841902221422e-07,4.6014114436442005e-07,86.32179487776013
110740.66162109375,1.295073127754523e-07,4.4443452285709327e-07,86.32340734081949
110745.42999267578,1.252214666644729e-07,4.2972664319724207e-07,86.32361575708259
110816.95556640625,1.554148299562623e-07,5.333422052875769e-07,86.32664486052684
111708.6410522461,1.0177946922193306e-07,3.492799662882979e-07,86.36285894480659
111713.40942382812,1.116649479413938e-07,3.832042901256329e-07,86.36303358266221
111718.17779541016,1.0566532214571954e-07,3.626151761159489e-07,86.36321139987963
111966.13311767578,9.339829896131577e-08,3.2051802747624073e-07,86.37233344687473
112032.89031982422,1.3274729485130459e-07,4.5555327636287897e-07,86.37479735241232
112700.4623413086,1.0639442706029823e-07,3.6511726953352585e-07,86.39920975813406
112705.23071289062,1.0571437835891077e-07,3.62783523943076e-07,86.39938330320699
112876.89208984375,9.781212522617987e-08,3.3566510085734176e-07,86.40576502891221
113253.59344482422,1.4233807720839295e-07,4.884662809596876e-07,86.42030094632821
113692.2836303711,1.3865266509233198e-07,4.7581893047243566e-07,86.43867454711804
113697.05200195312,1.3136548049800294e-07,4.508112584055493e-07,86.43889547297103
113825.79803466797,1.1428589580970763e-07,3.921986834948093e-07,86.44457174269849
114469.52819824219,1.7321489246380833e-07,5.944272677279055e-07,86.47312727448268
114698.41003417969,1.3155223652375887e-07,4.514521552276573e-07,86.48325986083587
114703.17840576172,1.333095662102801e-07,4.5748284155720715e-07,86.4834765678263
115513.80157470703,9.867386965711047e-08,3.386223776842454e-07,86.51636303228607
115690.23132324219,1.418372962568965e-07,4.867477344277236e-07,86.52316122150742
115709.30480957031,1.0832360056467432e-07,3.717376779687818e-07,86.52394964221402
115714.07318115234,1.1135952839509673e-07,3.821561717806471e-07,86.5241293845145
115799.9038696289,9.719076349287833e-08,3.335327532736935e-07,86.52735591428866
116138.45825195312,1.3113247792927696e-07,4.5001165579441527e-07,86.5404222728248
116729.736328125,1.2959982764131731e-07,4.447520091780333e-07,86.56403567629539
116734.50469970703,1.2385321606712454e-07,4.25031172429226e-07,86.56424304876568
117092.13256835938,1.1296181302170796e-07,3.8765478485699066e-07,86.57948159038811
117182.73162841797,2.600780451201171e-07,8.925184177744292e-07,86.58365261800984
117759.70458984375,1.3601551603676299e-07,4.6676893895383316e-07,86.6103061223585
117764.47296142578,1.2698467115497944e-07,4.3577749028567224e-07,86.61052130619572
118122.10083007812,1.7510830016582495e-07,6.009249374778658e-07,86.62696709841161
118675.23193359375,1.065087044529746e-07,3.6550943903653716e-07,86.65192821432402
118794.44122314453,1.1976886869144963e-07,4.110147826347899e-07,86.65679245679614
118799.20959472656,1.242108867599968e-07,4.2625860275976083e-07,86.65699207832701
119338.0355834961,1.5132830278566448e-07,5.193183350189056e-07,86.67849621788008
119452.47650146484,9.819843463889607e-08,3.369908116286973e-07,86.68298676738212
119843.4829711914,1.0707646842082176e-07,3.674578533981502e-07,86.69796594287332
119848.25134277344,1.0890956038261527e-07,3.737485356301677e-07,86.69814266024741
120129.58526611328,9.712714109527576e-08,3.333144181904032e-07,86.70871115564502
120558.7387084961,1.4076645716463477e-07,4.830729005451671e-07,86.72525817180642
120902.06146240234,1.1955880215565222e-07,4.102938903654302e-07,86.73920623627458
120906.82983398438,1.1948428985974866e-07,4.1003818405844894e-07,86.73940181868215
121774.67346191406,1.7950174040225486e-07,6.160020514518419e-07,86.77490931704632
121927.26135253906,9.668733036846201e-08,3.318051051923194e-07,86.781009341684
121965.40832519531,1.1612150440353023e-07,3.9849800213608493e-07,86.78246075665322
121970.17669677734,1.1442069793282027e-07,3.926612883931872e-07,86.78264938372712
122208.5952758789,1.3109591042845533e-07,4.4988616589402705e-07,86.79187101010308
122466.0873413086,8.780134684251926e-08,3.013107820237444e-07,86.80126965799185
123043.06030273438,9.98718119855621e-08,3.42733395940634e-07,86.82116521415499
123047.8286743164,9.840205974335573e-08,3.376895986253758e-07,86.82132743963852
123238.56353759766,8.543410516865606e-08,2.9318704058193885e-07,86.82783464162263
123343.46771240234,1.159631648234369e-07,3.9795462296914796e-07,86.8314608637702
124130.2490234375,1.0101006774194469e-07,3.4663958581621547e-07,86.85897628058781
124135.01739501953,1.0605771763660252e-07,3.6396177268277156e-07,86.85914570115402
124154.09088134766,9.369791907878001e-08,3.215462437297468e-07,86.85982362944394
124998.09265136719,2.6017951981946154e-07,8.928666518518625e-07,86.89226860876987
125222.20611572266,1.0640493288266346e-07,3.651533227111423e-07,86.90089262193203
125226.97448730469,1.159359537064731e-07,3.978612416802845e-07,86.9010745387803
125427.24609375,1.3860327931733578e-07,4.7564945167717703e-07,86.90859242121081
126299.85809326172,8.619567507475954e-08,2.9580054518324484e-07,86.93853878516305
126328.4683227539,9.257336963589277e-08,3.176870902629046e-07,86.93943985928833
126333.23669433594,8.660008753930043e-08,2.9718838079548806e-07,86.93958645702446
126509.6664428711,7.903325483007836e-08,2.712210310559914e-07,86.94504943650205
126647.94921875,1.2248788961265443e-07,4.203457365389092e-07,86.9493840998666
127439.49890136719,8.52370480855401e-08,2.9251079328104625e-07,86.97360285348942
127444.26727294922,8.232674477686869e-08,2.825234092898315e-07,86.97373995232694
127863.88397216797,1.1115705506523396e-07,3.8146133736689577e-07,86.98641305943117
128469.46716308594,7.372193451478163e-08,2.529939976979375e-07,87.00494837902158
128564.83459472656,7.572314235716355e-08,2.598616087502105e-07,87.00777593225251
128569.6029663086,7.36678869394694e-08,2.528085208485559e-07,87.00789816233635
129084.58709716797,1.032774289472366e-07,3.5442056415498924e-07,87.0216815731115
129680.63354492188,7.080006711680804e-09,2.4296692883950442e-08,87.03214888382549
129699.70703125,2.5811573774708542e-08,8.857843027477017e-08,87.03226764346489
129704.47540283203,1.2793442739465258e-08,4.390368001436534e-08,87.03229922966138
129714.0121459961,1.2830567931487646e-08,4.403108376206765e-08,87.03232873943855
129728.31726074219,0.0,0.0,87.03234925608318
130844.1162109375,0.0,0.0,87.03240462731014
130848.88458251953,0.0,0.0,87.03240462731014
131993.29376220703,5.228919562575749e-08,1.7944255973257785e-07,87.03567232944309
131998.06213378906,4.623793235162551e-08,1.5867623968249286e-07,87.03575294324682
132002.8305053711,4.325649712699526e-08,1.4844474994580648e-07,87.03582616659678
132069.58770751953,4.2716536076860606e-08,1.465917477752333e-07,87.03697000668998
132808.68530273438,2.1436492100034636e-07,7.356431798355234e-07,87.05345242581579
133161.5447998047,9.016613399241442e-08,3.0942610019457636e-07,87.06239675296415
133166.31317138672,8.109062043706975e-08,2.7828136056395664e-07,87.06253687334187
133752.82287597656,6.111773904134856e-08,2.0973976377722138e-07,87.07728211161037
133953.09448242188,9.965624618845015e-08,3.4199363167458154e-07,87.08237859881885
134334.56420898438,7.546642054598089e-08,2.5898060803129516e-07,87.0922425277869
134339.3325805664,7.74221402591516e-08,2.656921159680886e-07,87.09236761951225
134491.9204711914,6.816012344319677e-08,2.3390734693786052e-07,87.09632467126887
135173.79760742188,1.0105236953532206e-07,3.4678475427777e-07,87.11436771096727
135517.12036132812,8.118758104783936e-08,2.78614103494528e-07,87.12389577344787
135521.88873291016,7.861681652728902e-08,2.697919259774195e-07,87.12402652363419
136065.48309326172,7.246798763398274e-08,2.4869078676943745e-07,87.13913422462855
136389.73236083984,1.204657011050706e-07,4.134061254448747e-07,87.14825372532205
136713.98162841797,8.159191524371588e-08,2.800016705096105e-07,87.15739281615153
136718.75,8.126285877151359e-08,2.7887243654527185e-07,87.15752606212203
137114.5248413086,7.006934974164823e-08,2.404593018876919e-07,87.16867211126157
137605.6671142578,1.0134438142862194e-07,3.4778686113711273e-07,87.18236642249917
137920.37963867188,8.036398451357876e-08,2.757877400646457e-07,87.19125679312634
137925.1480102539,8.236901596574315e-08,2.826684727249025e-07,87.19138993946308
138216.0186767578,7.29644393890023e-08,2.503944766548592e-07,87.19948250978645
138826.3702392578,1.1754214388081409e-07,4.033732575537719e-07,87.21648204710004
139136.31439208984,9.78317989124097e-08,3.3573261569619534e-07,87.22607275186294
139141.08276367188,9.416363772502914e-08,3.231444657906914e-07,87.2262298404005
139160.15625,8.574048479412958e-08,2.9423845366234574e-07,87.22681306083288
140042.30499267578,1.2779802435161994e-07,4.3856870131550785e-07,87.25619123224266
140361.78588867188,1.0018776329810228e-07,3.4381765649569886e-07,87.26698170411218
140366.5542602539,9.896764329149767e-08,3.3963053036866754e-07,87.26714465085777
140619.27795410156,2.0856149545260298e-07,7.157273726971262e-07,87.27590334542508
141530.03692626953,8.436866550391108e-08,2.8953073609313386e-07,87.30562212970688
141601.5625,8.944156487327374e-08,3.069395724160206e-07,87.30782010618796
141606.33087158203,8.918529769165152e-08,3.060601318643841e-07,87.30796625670645
142478.94287109375,1.023982114123876e-07,3.514033243002351e-07,87.33324160048349
142755.50842285156,7.128704410252e-08,2.446381038461432e-07,87.3410568323771
142850.8758544922,8.36611222545253e-08,2.871026365541777e-07,87.34375293456682
142855.64422607422,8.043720338853313e-08,2.760390076962342e-07,87.34388719799749
143165.58837890625,6.973707964661932e-08,2.3931903962775376e-07,87.3524956716564
143342.0181274414,9.175014699315705e-08,3.148620099289178e-07,87.35738876184301
144109.72595214844,8.429488865348782e-08,2.892775536386989e-07,87.37864604497533
144114.49432373047,7.735643076205935e-08,2.6546661851654305e-07,87.37877830629262
144772.52960205078,6.827149267464527e-08,2.3428953640792998e-07,87.39633198565248
144915.58074951172,1.0260336836814704e-07,3.521073682016158e-07,87.40015070592348
145378.11279296875,7.502917160999239e-08,2.574800864154019e-07,87.41247569032001
145382.88116455078,7.595164353320684e-08,2.6064576378339513e-07,87.41259922114901
146131.5155029297,1.0285603862070863e-07,3.529744650529889e-07,87.43243539906675
146183.96759033203,6.877631387169212e-08,2.3602194798399808e-07,87.43388722279192
146660.80474853516,7.443087809475442e-08,2.554269027976218e-07,87.44644726911217
146665.5731201172,7.276705603384869e-08,2.497171096754383e-07,87.44656770482987
147347.45025634766,8.990037076987363e-08,3.085140717656669e-07,87.46413016522328
147933.9599609375,6.59059209567506e-08,2.2617152580918002e-07,87.47902115398351
147957.80181884766,7.722032460987098e-08,2.649995385385141e-07,87.47962099305242
147962.5701904297,7.083388878546639e-08,2.430829957769635e-07,87.47974212936833
148434.63897705078,1.9275951983886119e-07,6.614992110467522e-07,87.4917394041935
148615.83709716797,6.557720315269831e-08,2.250434540635179e-07,87.49651611160867
149259.5672607422,6.744832785353263e-08,2.3146465450231698e-07,87.51292291881387
149264.33563232422,7.191801100381581e-08,2.468034138020546e-07,87.51303694680716
149297.71423339844,6.743226651910043e-08,2.3140953629044272e-07,87.51389123968214
149784.08813476562,9.437945966268917e-08,3.2388510906272296e-07,87.5265049980638
150575.6378173828,7.002583722018362e-08,2.4030997853057025e-07,87.54726023989494
150580.40618896484,7.056809420781403e-08,2.42170859745682e-07,87.54737527229085
151000.0228881836,9.273527977525388e-08,3.1824272263601576e-07,87.55828721764588
151629.44793701172,6.16882543387264e-08,2.116976199672608e-07,87.5739161418773
151906.01348876953,6.883082270944514e-08,2.362090077629332e-07,87.58059641932581
151910.78186035156,6.972449653232011e-08,2.392758577387949e-07,87.58070978375183
152220.7260131836,9.590366150781713e-08,3.2911576287878875e-07,87.5880755515227
153017.0440673828,5.780009972407965e-08,1.9835451135106014e-07,87.60635111487804
153245.9259033203,6.453690210742176e-08,2.2147341860546727e-07,87.61149510715313
153250.69427490234,6.557112301590891e-08,2.2502258865727182e-07,87.61160156009676
153436.66076660156,7.837457359964588e-08,2.6896061292138184e-07,87.6156879284775
154581.06994628906,4.719836902225249e-08,1.619722019281512e-07,87.63880783367713
154595.37506103516,5.830415435488206e-08,2.0008429227642762e-07,87.63905900516696
154600.1434326172,5.898655729216046e-08,2.0242611697594444e-07,87.63915497112679
154652.59552001953,8.714730998359471e-08,2.990663021322415e-07,87.64017930332186
155787.46795654297,4.0142266108739246e-08,1.3775754049791096e-07,87.66045048073586
155959.1293334961,4.9517061003715803e-08,1.6992933378695963e-07,87.66359339486968
155963.89770507812,4.855612531215294e-08,1.6663165903467302e-07,87.66367363726336
156245.23162841797,1.390014768633066e-07,4.770159593480856e-07,87.66858930584274
157332.4203491211,3.070678440680609e-08,1.0537748628895395e-07,87.68586778952653
157337.18872070312,4.180186656900834e-08,1.4345284621375094e-07,87.68592711530083
157790.1840209961,0.0,0.0,87.68949795380264
158720.0164794922,0.0,0.0,87.68949795380264
158724.78485107422,0.0,0.0,87.68949795380264
160121.91772460938,0.0,0.0,87.68949795380264
160126.6860961914,0.0,0.0,87.68949795380264
161461.83013916016,2.7915576119992534e-08,9.579880461793806e-08,87.69269896425409
161533.35571289062,1.5764800320254388e-08,5.410058596781922e-08,87.69321308270962
161538.12408447266,1.762541198394993e-08,6.048570846982524e-08,87.69324040221113
161600.11291503906,1.577121494070794e-08,5.412259923270356e-08,87.69374867082375
161962.50915527344,4.631144782728324e-08,1.5892852516851176e-07,87.69689622418711
162959.09881591797,3.746913468999352e-08,1.285840671151033e-07,87.7075151351793
162963.8671875,3.43344832089074e-08,1.1782678009042913e-07,87.70757388410337
162987.70904541016,2.8814455672547573e-08,9.888351926828729e-08,87.70783841747225
164060.5926513672,1.3596987921766097e-07,4.6661232557434407e-07,87.72466646741674
164394.37866210938,6.487372394409763e-08,2.2262930122755859e-07,87.73091466650249
164399.1470336914,6.622591031210015e-08,2.2726964384912964e-07,87.73102193076969
164437.29400634766,5.0145855766453156e-08,1.720871895432346e-07,87.73179637900714
164833.06884765625,6.884270966027051e-08,2.3624980060470469e-07,87.73955651482287
165843.96362304688,5.757317920989326e-08,1.9757578072737884e-07,87.75973911741748
165848.7319946289,5.948881185733063e-08,2.0414972055662588e-07,87.75983489624068
165944.09942626953,5.006769215711199e-08,1.7181895290332715e-07,87.7617318461131
166831.01654052734,7.383989581153068e-08,2.533988093762337e-07,87.7797147442266
167307.85369873047,6.403782328505311e-08,2.1976071332625207e-07,87.7900030801087
167312.6220703125,6.429879962465129e-08,2.206563144508574e-07,87.79010808371068
168046.9512939453,8.358228511388198e-08,2.8683208853465406e-07,87.80645942143899
168342.59033203125,5.836869466203501e-08,2.0030577738024027e-07,87.81317491528759
168781.28051757812,6.724126198467789e-08,2.3075405972081602e-07,87.82312006572177
168786.04888916016,6.756609408736868e-08,2.3186879677677177e-07,87.82323036360586
169262.88604736328,8.105913684855451e-08,2.781733172933511e-07,87.83406304684709
169348.71673583984,5.7835950466881364e-08,1.98477541529277e-07,87.83603612771881
170269.01245117188,6.48083110668857e-08,2.2240482169625367e-07,87.85661194604926
170273.7808227539,6.357829926114882e-08,2.1818374955541563e-07,87.85671699055038
171570.7778930664,5.7380468471433536e-08,1.9691444892100213e-07,87.88609201794027
171699.52392578125,8.016737411678093e-08,2.7511302567194504e-07,87.88901277327801
171771.04949951172,6.704878959543012e-08,2.3009354586530261e-07,87.89073945304378
171775.81787109375,6.359586491792516e-08,2.182440301999658e-07,87.89084634505161
171871.18530273438,1.4811039368691997e-07,5.082753300777275e-07,87.89310815928611
172867.7749633789,5.713871865335398e-08,1.9608482808534117e-07,87.91608242031337
173287.39166259766,7.17075727600391e-08,2.460812459301449e-07,87.9256575858559
173292.1600341797,6.802269381259873e-08,2.3343572513525873e-07,87.9257719116108
173559.18884277344,5.9141653272649185e-08,2.029583649749827e-07,87.93180977960593
174140.93017578125,7.754852127337599e-08,2.6612582186894685e-07,87.94519370280464
174818.0389404297,6.666336575522358e-08,2.287708741423788e-07,87.96084777221375
174822.80731201172,6.60180105226199e-08,2.2655618727467388e-07,87.96095633064476
174927.7114868164,5.9302581835736625e-08,2.0351062884037426e-07,87.96341401496798
175352.0965576172,8.066249619734688e-08,2.7681215246962537e-07,87.97318305864397
176358.22296142578,6.861946910224968e-08,2.3548369860814513e-07,87.99659033392611
176362.9913330078,6.81999347715363e-08,2.34043968788285e-07,87.99670227804542
177254.67681884766,6.013185938497779e-08,2.0635648799700835e-07,88.01729609501515
177798.27117919922,7.952604514654134e-08,2.7291215586178176e-07,88.02971795108128
177912.71209716797,6.414094129997009e-08,2.2011458682401402e-07,88.03233802872067
177917.48046875,6.262120853119762e-08,2.1489926968489022e-07,88.03244174410622
179004.66918945312,8.119504263406802e-08,2.7863970966644384e-07,88.05707921278055
179433.82263183594,5.7624802888247735e-08,1.9775293940950965e-07,88.06673990434636
179481.50634765625,6.26678563078192e-08,2.1505935240069097e-07,88.06778370713594
179486.27471923828,6.456760544445336e-08,2.2157878426128487e-07,88.06788780978006
179681.77795410156,1.4920146828703164e-07,5.120196068209481e-07,88.07230647640651
180935.85968017578,5.4027346923447345e-08,1.8540743095171607e-07,88.09970259606004
181064.60571289062,6.035621275146259e-08,2.0712640885512963e-07,88.10242912276793
181069.37408447266,5.747178057826846e-08,1.9722780769405164e-07,88.10252552832569
181446.07543945312,7.620765499877799e-08,2.6152432678581295e-07,88.11060348718787
181655.8837890625,5.4190603070110037e-08,1.859676824625425e-07,88.11504827658487
182662.0101928711,7.303838305698081e-08,2.5064823158260845e-07,88.13635295116813
182666.77856445312,6.568296845679547e-08,2.25406412350999e-07,88.13646645143992
183811.18774414062,5.4169624958977424e-08,1.858956911856651e-07,88.16061245367828
183882.7133178711,7.287986211212287e-08,2.501042300202183e-07,88.16216939316263
184273.71978759766,6.149495595089797e-08,2.1103427150513552e-07,88.17041066858864
184278.4881591797,6.5731710878234e-08,2.255736833286039e-07,88.17051476403685
185098.64807128906,7.531656532857731e-08,2.584663449320377e-07,88.1877854380732
185637.4740600586,5.2857988374405045e-08,1.8139450459524403e-07,88.19884539364166
185894.96612548828,5.927934634086841e-08,2.0343089082517035e-07,88.20408477740212
185899.7344970703,5.9467217576405046e-08,2.0407561474951794e-07,88.20418193452414
187072.75390625,5.2318126433934925e-08,1.7954184254258023e-07,88.22804060938037
187497.13897705078,1.2119679863861007e-07,4.1591505699875534e-07,88.23682117307776
187535.28594970703,7.268218163431502e-08,2.494258433951709e-07,88.23767993603036
187540.05432128906,6.170048730245943e-08,2.1173960023295626e-07,88.23778988644014
187616.34826660156,5.2360091370883024e-08,1.796858550028001e-07,88.23934020951498
188751.220703125,7.541557238809242e-08,2.588061107283629e-07,88.26227840030583
189189.91088867188,6.300627567140239e-08,2.1622071730863625e-07,88.2711013436369
189194.6792602539,5.847686021978747e-08,2.0067697269747027e-07,88.27120073979178
189976.69219970703,7.366301612429488e-08,2.527918055112392e-07,88.28713681342795
190715.78979492188,5.286694982269017e-08,1.814252578933193e-07,88.30252843192187
190858.8409423828,6.079183745810228e-08,2.0862135654951857e-07,88.30552813944018
190863.60931396484,6.253672913049376e-08,2.1460935893515385e-07,88.30562904550601
191187.85858154297,7.359396521415049e-08,2.525548412221563e-07,88.31248390683353
192317.96264648438,5.5712319285067193e-08,1.9118980625945119e-07,88.33647697550695
192542.07611083984,6.029583956506579e-08,2.0691922419725515e-07,88.34118489115417
192546.84448242188,6.321926167930927e-08,2.169516284268636e-07,88.34128594984057
192785.26306152344,5.4230250700559083e-08,1.861037425455093e-07,88.34628191551667
193104.74395751953,6.986242636438034e-08,2.3974919609927603e-07,88.3530754901811
194239.61639404297,6.507620918776734e-08,2.2332417652631475e-07,88.3776052069606
194244.384765625,6.399004022008234e-08,2.1959673460392498e-07,88.37771080753488
195307.73162841797,1.2651420417880197e-07,4.34162973224076e-07,88.40145365596898
195899.00970458984,5.782074260015956e-08,1.9842535219073441e-07,88.41470671468048
195951.4617919922,6.328579562083727e-08,2.171799551516106e-07,88.41586770682277
195956.23016357422,6.301642735315865e-08,2.1625555517022758e-07,88.41597104590126
196056.36596679688,8.11742328257463e-08,2.785682959598816e-07,88.41830631949573
196723.93798828125,5.910273714836924e-08,2.0282481522589793e-07,88.43353601096227
197682.38067626953,6.427580415713683e-08,2.2057740014545146e-07,88.45594297725022
197687.14904785156,6.666434716098239e-08,2.2877424206493697e-07,88.45605011103027
197963.71459960938,5.989875560350171e-08,2.0555653805073673e-07,88.46250854474718
198493.00384521484,8.36841253717767e-08,2.871815771114386e-07,88.47512428761982
199422.83630371094,7.291200438632985e-08,2.502145337242685e-07,88.49712872629219
199427.60467529297,7.31313395762809e-08,2.509672335402293e-07,88.49724821733702
199713.70697021484,8.006106196552759e-08,2.747481907510158e-07,88.50384385205928
200071.3348388672,5.650761568646142e-08,1.9391905118862715e-07,88.51204722774507
201182.36541748047,6.944004871568201e-08,2.382997087711726e-07,88.53789301891969
201187.1337890625,6.707764643646898e-08,2.3019257483983247e-07,88.53800471618428
201635.36071777344,6.339809640368786e-08,2.1756534145739562e-07,88.54888058886826
202145.57647705078,8.666509482507883e-08,2.9741146844527394e-07,88.56150985663665
202956.1996459961,6.854636105200366e-08,2.3523281129736879e-07,88.58196946123513
202960.96801757812,7.021630185738714e-08,2.409636023170777e-07,88.58208299530745
203118.32427978516,1.2434255545522731e-07,4.2671045457017906e-07,88.58619051824205
203661.91864013672,6.741644073694829e-08,2.3135522643110821e-07,88.60005529623113
204744.3389892578,8.313542073994007e-08,2.852985693027397e-07,88.62860861302492
204749.10736083984,7.684709549393208e-08,2.6371871585364926e-07,88.62873950894597
205798.14910888672,8.936042359393606e-08,3.0666111720763414e-07,88.65672838116832
206246.37603759766,6.447615314125622e-08,2.2126494437174847e-07,88.66806558245716
206551.55181884766,6.831368263347938e-08,2.3443432108318853e-07,88.67563423615911
206556.3201904297,6.76613333444451e-08,2.321956324810182e-07,88.6757454894096
206756.591796875,6.202007198788263e-08,2.1283632955375347e-07,88.68060578779819
207014.0838623047,9.00700606628288e-08,3.090964021761509e-07,88.68683796658833
208373.0697631836,7.577973846664368e-08,2.600558314884739e-07,88.72055589058931
208377.83813476562,8.046958642073052e-08,2.761501376174323e-07,88.72068373205457
209465.02685546875,8.65123339815046e-08,2.968872340127143e-07,88.7484398350717
210056.30493164062,6.343489735509771e-08,2.176916324978783e-07,88.76307693997957
210208.89282226562,7.405423802003723e-08,2.541343746128541e-07,88.76690235912417
210213.66119384766,7.487197941115182e-08,2.569406447546078e-07,88.7670242089041
210933.68530273438,1.0810609693217389e-07,3.709912635690203e-07,88.78474639509494
211563.1103515625,6.305956009334328e-08,2.1640357521938662e-07,88.80032564997461
212063.78936767578,7.258553353502737e-08,2.490941729205744e-07,88.81263483843456
212068.5577392578,7.31531717552889e-08,2.5104215575004443e-07,88.81275408022739
212602.6153564453,8.085547999770504e-08,2.7747442135153816e-07,88.82572737168914
213670.7305908203,5.793573041677288e-08,1.988199596790353e-07,88.8510638066343
213932.99102783203,6.659641104438023e-08,2.285411034496744e-07,88.85713708238579
213937.75939941406,6.704941909902702e-08,2.300957061535885e-07,88.85724642992227
214734.07745361328,7.749013341498127e-08,2.659254503267522e-07,88.87533596846446
215134.6206665039,5.823333263348675e-08,1.9984125103588532e-07,88.88455145528275
215821.2661743164,7.491260898087543e-08,2.570800745910164e-07,88.90051439432423
215826.03454589844,7.169581282600656e-08,2.460408889760967e-07,88.9006343477095
216579.43725585938,7.841864325892729e-08,2.6911184822675155e-07,88.91833039230708
217399.59716796875,5.9368563379790936e-08,2.0373705988446516e-07,88.9373891844712
217723.84643554688,7.140053493017551e-08,2.4502757406799224e-07,88.94489049991179
217728.6148071289,6.842231245168307e-08,2.348071096183434e-07,88.94500490141527
218257.90405273438,5.828126847536883e-08,2.0000575404778516e-07,88.95734116394391
218744.27795410156,9.658050481774563e-08,3.3143850842149534e-07,88.96866014159329
219645.50018310547,6.616146179905083e-08,2.2704847375817435e-07,88.99004243100792
219650.2685546875,6.547075424972375e-08,2.2467814984719008e-07,88.99015013102766
220413.2080078125,7.863741497439156e-08,2.6986261434870463e-07,89.00813106865849
221304.89349365234,5.464442132001872e-08,1.8752506554029744e-07,89.02757517683317
221581.45904541016,6.315027131985208e-08,2.1671487193157398e-07,89.03344829967224
221586.2274169922,6.175832981829756e-08,2.119381003050869e-07,89.03355049850481
221629.14276123047,7.260957294933793e-08,2.4917666977268193e-07,89.03448664672877
223083.49609375,5.341309334270285e-08,1.8329947664997884e-07,89.06466468814195
223536.49139404297,6.104783724022509e-08,2.094998794574608e-07,89.07378616603327
223541.259765625,5.9502223967483746e-08,2.0419574733803814e-07,89.07388479875678
224227.9052734375,5.1621247082849436e-08,1.7715033865564803e-07,89.08784261869297
224924.08752441406,6.957543371732035e-08,2.3876431395303963e-07,89.10186416189512
225505.82885742188,6.358404716660485e-08,2.1820347483242145e-07,89.11375927864304
225510.5972290039,5.694127350258452e-08,1.9540724903986426e-07,89.11385789112413
225572.5860595703,5.3764479920915444e-08,1.845053415766728e-07,89.1151082099041
226554.87060546875,8.827699000099903e-08,3.0294306236111595e-07,89.13589920353378
227494.2398071289,5.906839364867259e-08,2.027069575036287e-07,89.15614430201352
227499.00817871094,6.433376833131743e-08,2.2077631771653432e-07,89.15624526829427
228886.60430908203,5.019046955606901e-08,1.7224029215864558e-07,89.18428567338705
228934.28802490234,6.967607792826396e-08,2.391096980159968e-07,89.18519607877627
229501.72424316406,5.687800645946674e-08,1.9519013343829677e-07,89.19625947110997
229506.4926147461,5.485172180097472e-08,1.8823646544789547e-07,89.19635088713488
229759.21630859375,6.500556064104491e-08,2.2308172957501732e-07,89.20127095315458
230035.78186035156,4.870760421129653e-08,1.671514941761876e-07,89.2066083528091
231528.28216552734,5.2798298519106434e-08,1.8118966494726955e-07,89.23515447056258
231533.05053710938,5.2486070285677525e-08,1.8011818100576355e-07,89.23524061306584
231637.95471191406,4.731675197068308e-08,1.6237846060245007e-07,89.23720315533743
233464.24102783203,6.564239492530918e-08,2.2526717482286032e-07,89.27256538372768
233569.14520263672,5.943674106564264e-08,2.0397102750090038e-07,89.27476360391053
233573.91357421875,6.046587452739143e-08,2.0750273879369534e-07,89.27486170690122
234370.23162841797,9.207558169347305e-08,3.1597881493904766e-07,89.29175966293428
234727.8594970703,5.1474805163226085e-08,1.7664778908312367e-07,89.29950440576346
235629.08172607422,6.112787134387137e-08,2.097745351344572e-07,89.31822732621873
235633.85009765625,5.7752861674041436e-08,1.9819240297447886e-07,89.31832459311643
235767.36450195312,6.561622179689777e-08,2.251773556335967e-07,89.32099100916373
236067.7719116211,5.066225256912583e-08,1.738593255074692e-07,89.3269402108978
237703.3233642578,5.402502152845708e-08,1.8539945081692052e-07,89.35909108342094
237708.09173583984,5.933365248584938e-08,2.0361725501662473e-07,89.3591838322312
238008.4991455078,5.012487352304253e-08,1.7201518408548225e-07,89.36504200845546
239715.576171875,6.948974290831102e-08,2.384702459734087e-07,89.39938634195984
239801.40686035156,6.040725714434798e-08,2.0730157958418244e-07,89.40126810746527
239806.1752319336,6.245618316975287e-08,2.143329467012593e-07,89.40136863296992
239877.70080566406,5.835744513984506e-08,2.002671720233711e-07,89.40294086046428
241107.94067382812,8.31521125813158e-08,2.853558512461176e-07,89.43236181163844
241918.56384277344,6.813946000912289e-08,2.3383643554863927e-07,89.45254618859254
241923.33221435547,6.837219009520832e-08,2.346351030720957e-07,89.45265788091112
242180.82427978516,9.45159545471999e-08,3.2435352306630234e-07,89.45880774189473
243625.64086914062,5.679988642606912e-08,1.949220463393941e-07,89.49147499276935
244050.0259399414,6.589981559275304e-08,2.261505738298904e-07,89.50072563789658
244054.79431152344,6.054097367614936e-08,2.0776045902300065e-07,89.50082909034847
244388.58032226562,7.232689625310913e-08,2.482065988174681e-07,89.50821606172528
245890.61737060547,5.41240245196737e-08,1.8573920265193139e-07,89.5403555972029
246200.5615234375,5.8045663015695194e-08,1.9919721900981296e-07,89.54677872100943
246205.32989501953,5.799148519251544e-08,1.9901129518452226e-07,89.54687366131758
246224.40338134766,5.665186151927987e-08,1.9441406437752672e-07,89.5472617927625
248026.84783935547,8.686092825966885e-08,2.980835165111031e-07,89.58997174203563
248374.93896484375,7.55636145775062e-08,2.5931415199958367e-07,89.59919051472782
248379.70733642578,7.933210013327389e-08,2.7224658835377943e-07,89.59931724868426
249996.18530273438,9.419161161311444e-08,3.232404647064067e-07,89.6412471276927
250062.9425048828,6.669416268780257e-08,2.288765609931278e-07,89.64293211753782
250563.6215209961,7.081520255333675e-08,2.43018869616961e-07,89.65580595831806
250568.38989257812,7.636261948705614e-08,2.62056123538689e-07,89.65592637758027
250921.24938964844,9.220106416074585e-08,3.164094372666533e-07,89.66524213811333
252666.47338867188,6.643636348539688e-08,2.2799186295516628e-07,89.71259335350874
252771.37756347656,7.27158219024413e-08,2.495412878144325e-07,89.71527192264752
252776.1459350586,7.589088727826789e-08,2.604372645365519e-07,89.71539351100934
253939.62860107422,5.984976173863053e-08,2.0538840418639889e-07,89.7443671208675
254945.7550048828,8.702134108364061e-08,2.9863401049753663e-07,89.76930711009024
255002.9754638672,7.961041437685875e-08,2.7320168853616404e-07,89.77085928255423
255007.74383544922,7.746003560567856e-08,2.658221626804423e-07,89.77098779585492
255661.0107421875,7.181703364592349e-08,2.464568864677097e-07,89.7892279856767
256948.47106933594,9.553807087134036e-08,3.278611534161919e-07,89.82631358359569
257248.8784790039,8.093872551653279e-08,2.777600977480853e-07,89.83533570661683
257253.64685058594,7.817530687775018e-08,2.682767827301048e-07,89.83546589195402
257258.41522216797,7.735439239216975e-08,2.654596233752659e-07,89.83559314462957
258293.15185546875,1.1014520385996319e-07,3.7798893416448656e-07,89.86820402407369
259518.62335205078,8.994740978172258e-08,3.086754970963199e-07,89.90822765481357
259523.3917236328,8.668236486594381e-08,2.974707346149369e-07,89.90837217133686
259695.05310058594,9.636279271751837e-08,3.3069137861615e-07,89.91349769952585
260400.77209472656,0.0,0.0,89.92908609033256
261807.44171142578,0.0,0.0,89.92908609033256
261812.2100830078,0.0,0.0,89.92908609033256
263605.11779785156,8.500253607153373e-08,2.9170601065668674e-07,89.95244978611132
264115.3335571289,7.708807787950246e-08,2.645457030658203e-07,89.96587193030066
264120.10192871094,7.447610642170755e-08,2.555821143411112e-07,89.96599593843584
265574.45526123047,9.591064875752962e-08,3.291397412544148e-07,90.00676868752844
266423.22540283203,6.903011395139069e-08,2.3689292210047522e-07,90.03114220108372
266447.0672607422,7.653316802400304e-08,2.6264140058612025e-07,90.03178162033896
266451.8356323242,7.901743765786153e-08,2.7116675074365626e-07,90.03190889011992
266494.7509765625,8.597901174727858e-08,2.9505701448597384e-07,90.0330950644625
268335.34240722656,6.222877733170449e-08,2.1355255057565065e-07,90.07877880546336
268797.8744506836,6.768607907571905e-08,2.322805532243785e-07,90.08979468511754
268802.6428222656,6.862782159537546e-08,2.3551236213468635e-07,90.08990621563974
269060.1348876953,6.217578479493551e-08,2.1337069433688564e-07,90.09604822520265
270838.73748779297,8.166199808773375e-08,2.802421761202516e-07,90.13932560429507
271167.7551269531,7.231144663898095e-08,2.481535798663661e-07,90.14757643452256
271172.52349853516,7.545549512981336e-08,2.5894311491976834e-07,90.14769733579601
271425.2471923828,6.684065959977919e-08,2.2937929928472724e-07,90.15416578566015
272979.736328125,9.481487592499716e-08,3.253793414318139e-07,90.19682794921687
273556.7092895508,7.90288921943658e-08,2.712060596549194e-07,90.21345945372674
273561.4776611328,7.724350678847875e-08,2.6507909358654594e-07,90.21358731407098
273661.61346435547,9.403230526413032e-08,3.22693767846735e-07,90.21641827287803
275955.2001953125,5.5267023915475266e-08,1.896616714315886e-07,90.27166627001486
275969.5053100586,6.020323018232202e-08,2.066014135196204e-07,90.27196494450163
275974.2736816406,6.440380029429445e-08,2.2101664871702696e-07,90.27206689659243
277047.15728759766,7.917239963041499e-08,2.716985388632368e-07,90.297411858175
277953.1478881836,5.7987059247793074e-08,1.9899610652383027e-07,90.3185676672828
278401.37481689453,6.5462385292748e-08,2.2464942982111108e-07,90.32900113856077
278406.14318847656,6.953600622949621e-08,2.3862900934078996e-07,90.32911159274796
278434.75341796875,6.408783009049248e-08,2.1993232333219504e-07,90.32980651739786
280499.4583129883,9.300217818536437e-08,3.191586467256032e-07,90.38561905131031
280857.0861816406,8.60397690507171e-08,2.9526551733098767e-07,90.39583838650168
280861.85455322266,7.513680432366567e-08,2.578494531540056e-07,90.39597025938703
280976.2954711914,9.345067105326983e-08,3.206977545140412e-07,90.39910290052438
283322.3342895508,6.019052011040421e-08,2.0655779594600847e-07,90.4567474614581
283336.6394042969,6.768788046463422e-08,2.3228673511021827e-07,90.45706737485362
283341.4077758789,6.393489679598943e-08,2.19407497094087e-07,90.45717506715064
284953.11737060547,8.227081183821069e-08,2.823314623767829e-07,90.49544586266134
285515.78521728516,5.74155223587981e-08,1.9703474450409534e-07,90.50834854640203
285835.26611328125,6.058115419781039e-08,2.0789834784634094e-07,90.5157959268642
285840.0344848633,6.350109773573115e-08,2.179188145306859e-07,90.51589744958702
285873.4130859375,5.89993042244877e-08,2.0246986104464092e-07,90.5166515193931
287528.03802490234,8.659098141751012e-08,2.9715713101656655e-07,90.55730564062578
288352.96630859375,6.888089929859816e-08,2.3638085724795123e-07,90.57778628529898
288357.7346801758,6.867426378237741e-08,2.3567173932179886e-07,90.5778988314083
289292.3355102539,5.2721890665832495e-08,1.8092745359345033e-07,90.59868917352486
290236.4730834961,7.6275123353642e-08,2.617558601676686e-07,90.61877612132383
290899.27673339844,7.231119314757311e-08,2.4815270995152906e-07,90.63428341256738
290904.04510498047,6.873206305905322e-08,2.3587009100866797e-07,90.63439881259583
292334.55657958984,5.847904678813726e-08,2.0068447641629825e-07,90.66739615346884
293292.9992675781,8.230764394672604e-08,2.824578603401336e-07,90.69078907953633
293464.66064453125,8.096171699075534e-08,2.778389983495795e-07,90.69533784443331
293469.4290161133,7.950029171264343e-08,2.7282377695204255e-07,90.69546913266976
294117.92755126953,1.197685410829853e-07,4.1101365837000194e-07,90.71531624919618
295462.60833740234,6.624340580922537e-08,2.2732968372448771e-07,90.7551220187204
296049.1180419922,7.853542500102293e-08,2.695126119883832e-07,90.77007444359222
296053.8864135742,8.092287009324077e-08,2.77705686168272e-07,90.77020491060132
297002.79235839844,6.20773184461293e-08,2.130327841153598e-07,90.79334116056266
297665.5960083008,8.520472197431231e-08,2.923998586974196e-07,90.81030348344002
298662.1856689453,7.024984678099978e-08,2.410787195394226e-07,90.83661831483082
298666.95404052734,7.39928914894497e-08,2.539238496975709e-07,90.83673633264002
300035.4766845703,6.373925200296439e-08,2.1873609639574712e-07,90.87104446706668
301060.67657470703,1.0497439155525976e-07,3.6024408678734254e-07,90.89904670051627
301294.32678222656,9.136219347840913e-08,3.1353065703831557e-07,90.90673415597817
301299.0951538086,9.213249993824613e-08,3.1617414315963585e-07,90.90688428930189
301399.23095703125,9.777922186596403e-08,3.355521853092964e-07,90.91009751572467
302519.7982788086,6.261034706497384e-08,2.148619960324976e-07,90.9412454970885
303950.30975341797,7.709284743978523e-08,2.645620709233805e-07,90.97715603283376
303955.078125,7.568367912781247e-08,2.597261814825824e-07,90.97728103289394
305209.1598510742,1.1821657543302844e-07,4.0568772658787087e-07,91.01770626066252
306301.1169433594,6.755802891132398e-08,2.318411192457477e-07,91.05012113125699
306634.90295410156,7.403731363837964e-08,2.5407629465331017e-07,91.05900864075008
306639.6713256836,7.782376247936748e-08,2.670703762067203e-07,91.05913289179887
306730.2703857422,6.743692504799646e-08,2.314255231179257e-07,91.0615244938095
308284.7595214844,1.4548711168563687e-07,4.992729265873445e-07,91.11224527315254
309338.5696411133,7.531040029315776e-08,2.5844518817635835e-07,91.15037683622937
309343.3380126953,7.930524164481362e-08,2.7215441719179885e-07,91.15050334103336
309619.9035644531,6.923539385730075e-08,2.3759738793394883e-07,91.15845257862532
311975.47912597656,1.3520333629471879e-07,4.6398175490689474e-07,91.22705514629104
312066.07818603516,1.1884396312406411e-07,4.078407536497118e-07,91.23070251703251
312070.8465576172,1.21226716355825e-07,4.1601772661709913e-07,91.23089894020076
312170.98236083984,1.457065826868929e-07,5.000260924714465e-07,91.23510974720101
313501.35803222656,6.432823194214985e-08,2.2075731830696187e-07,91.27798962314571
314817.4285888672,1.0766780620300007e-07,3.694871667970427e-07,91.31666899411326
314822.1969604492,1.0932858700913453e-07,3.7518652314477545e-07,91.31684653815631
315623.28338623047,2.1201654728389364e-07,7.275841881863689e-07,91.35774557323867
316443.44329833984,0.0,0.0,91.38781882864623
317592.6208496094,0.0,0.0,91.38798114905735
317597.3892211914,0.0,0.0,91.38798114905735
319299.69787597656,1.0331866579944082e-07,3.54562078022745e-07,91.39642383625535
320391.6549682617,4.566092405929465e-08,1.5669610126721058e-07,91.42113412202882
320396.42333984375,4.834247908447335e-08,1.6589848221844466e-07,91.42121103457103
320591.92657470703,3.661353080546606e-08,1.256478630041126e-07,91.42439804074307
322670.93658447266,2.3226425812673342e-07,7.970689262643532e-07,91.497163191152
323219.29931640625,1.1002654334624542e-07,3.7758172296022373e-07,91.5241704536367
323224.0676879883,1.0983541138783405e-07,3.769258091054858e-07,91.52435034225041
325398.44512939453,6.732572787619063e-08,2.3104392411061504e-07,91.59088147362839
326070.78552246094,8.891352606751575e-08,3.0512748420526463e-07,91.6110300218467
326075.55389404297,9.276380517872476e-08,3.1834061420529626e-07,91.61117866822484
326519.0124511719,1.1800568036137744e-07,4.0496399100465605e-07,91.6274077672291
328326.2252807617,6.723160304571951e-08,2.3072091282095938e-07,91.68054581302485
328946.1135864258,8.568121513163355e-08,2.9403505600389076e-07,91.69779128063576
328950.8819580078,8.593092529416631e-08,2.9489199461654067e-07,91.69793169178637
329585.07537841797,1.6111017133143772e-07,5.5288709640097e-07,91.72235070366503
331292.15240478516,7.046538819725025e-08,2.4181840013686745e-07,91.78081688928077
331845.2835083008,8.680524611511859e-08,2.9789243025647777e-07,91.79594019947945
331850.0518798828,8.727017234832462e-08,2.9948793296740915e-07,91.79608262605683
332112.31231689453,7.518322640942921e-08,2.5800876135903426e-07,91.80414745185341
333476.06658935547,1.3856458658728564e-07,4.7551666855744937e-07,91.851250254899
334773.06365966797,9.067130217263052e-08,3.1115970252424713e-07,91.8957216301128
334777.83203125,9.265838540246245e-08,3.1797884167709873e-07,91.89587162843057
335326.1947631836,7.919322880551477e-08,2.71770019031411e-07,91.91288298150269
336966.51458740234,2.503009361809558e-07,8.589659900915841e-07,91.98095933184437
337724.6856689453,1.1684890232450774e-07,4.0099423760733904e-07,92.02165883867268
337729.45404052734,1.1347392501817195e-07,3.8941221651023246e-07,92.02184728625639
339837.07427978516,9.156821313015731e-08,3.1423766148201556e-07,92.09994003654536
340485.5728149414,1.6465234945184735e-07,5.650429060543495e-07,92.12650959598747
340704.91790771484,1.317289241185443e-07,4.52058499882645e-07,92.13604195043096
340709.6862792969,1.291149029799183e-07,4.430878772005272e-07,92.13625536995829
342059.1354370117,9.274762058821151e-08,3.1828507301145754e-07,92.18636911029203
343694.68688964844,2.5788279522480885e-07,8.849849061999513e-07,92.26272828270564
343708.99200439453,2.2941039412278887e-07,7.872752268993507e-07,92.26389190346876
343713.76037597656,2.4972548985073564e-07,8.569912119132685e-07,92.26428392713674
343761.4440917969,2.2654365200507275e-07,7.774373332859563e-07,92.26840334107081
344610.21423339844,7.099001682040205e-07,2.4361878551133594e-06,92.41515164988074
346736.9079589844,3.6704503534303917e-07,1.2596005712248e-06,92.7335473627631
346741.6763305664,4.102976929893881e-07,1.408032145098055e-06,92.73418337596489
347657.2036743164,2.419404134394633e-07,8.302749080528918e-07,92.8317715852672
349125.86212158203,7.360254869417824e-07,2.5258429743407853e-06,93.03451235723986
349793.4341430664,5.145830330082115e-07,1.7659115909685483e-06,93.15449073855
349798.20251464844,4.768852429720581e-07,1.6365428397495788e-06,93.15530194690083
349974.6322631836,6.041841734275291e-07,2.073398784056682e-06,93.18608052654808
352849.96032714844,3.349769790341659e-07,1.1495515631869316e-06,93.63433519761588
352878.5705566406,3.756593424847921e-07,1.2891625735723238e-06,93.63808103347552
352883.33892822266,4.0607304037813726e-07,1.3935342651924338e-06,93.63872063824397
352888.1072998047,4.2157158832712314e-07,1.446721144103498e-06,93.63939780790294
355901.71813964844,9.681747610472872e-08,3.3225173061415845e-07,93.80907745455063
355992.31719970703,1.080763224392608e-07,3.708890854582438e-07,93.8125217326016
355997.08557128906,1.1828226552024681e-07,4.0591315742991107e-07,93.8127069366886
356564.5217895508,8.43044104321653e-08,2.893102298410893e-07,93.83320496576687
358276.3671875,7.282883788050537e-07,2.4992912847925443e-06,93.95226537909966
359129.9057006836,1.5131333214838793e-07,5.19266959788486e-07,94.03917412007952
359134.6740722656,1.5135903777717388e-07,5.194238093044402e-07,94.0394217632568
360589.02740478516,1.834170621519215e-07,6.294383904226165e-07,94.10282581515061
362162.59002685547,7.83359477563305e-08,2.688280593390711e-07,94.16375197831991
362300.8728027344,9.263489905647649e-08,3.1789824280782854e-07,94.16809675785419
362305.6411743164,9.560722424356274e-08,3.2809846932777214e-07,94.1682507754724
362739.56298828125,7.949053610419672e-08,2.727902983083098e-07,94.18192404702688
365424.15618896484,6.784214269285656e-07,2.328161218940653e-06,94.3457147437246
365495.6817626953,4.873634719682932e-07,1.6725013242901662e-06,94.35906139321581
365500.45013427734,4.800561850335024e-07,1.6474246663575404e-06,94.35985292525322
365529.06036376953,5.282638631934104e-07,1.8128605477907014e-06,94.36447248866149
368618.9651489258,8.08068708883239e-08,2.7730760786532387e-07,94.50682110971871
368719.10095214844,9.297514563397792e-08,3.1906587822612957e-07,94.5100564648248
368723.86932373047,9.125567774019376e-08,3.131651234612843e-07,94.51020720044187
368852.6153564453,8.78570737332296e-08,3.015020218352453e-07,94.51438804547499
371918.6782836914,6.783388828719873e-07,2.3278779497752763e-06,94.68881735356238
371966.3619995117,6.112799819863263e-07,2.0977497046613143e-06,94.69839740842565
371971.13037109375,6.6482348571118e-07,2.281496714927154e-06,94.69944150213455
372443.19915771484,2.476749315549938e-06,8.499542432801627e-06,94.90802691870111
374140.73944091797,2.1642778267028612e-07,7.427223703642426e-07,95.3560761547302
375247.0016479492,5.754449415523552e-07,1.9747734127784714e-06,95.49517496694124
375251.77001953125,5.519069798526893e-07,1.893997412158664e-06,95.49609735378418
375475.8834838867,6.870224276197011e-07,2.3576775571020833e-06,95.53965239163045
377054.21447753906,1.4433673309363892e-07,4.953251343763665e-07,95.69898473002091
378556.2515258789,4.466595424201501e-07,1.5328163048156006e-06,95.8230065229513
378561.01989746094,4.602012630343756e-07,1.5792878747282778e-06,95.82374850640781
378580.09338378906,3.9238326208149293e-07,1.3465546008406785e-06,95.82665523180502
379543.3044433594,4.061500739917876e-06,1.3937986239888053e-05,96.36282723884194
381894.1116333008,6.062308773252064e-07,2.0804225254246395e-06,97.28489206565717
381898.8800048828,5.747775177871427e-07,1.972482992598493e-06,97.28585835363202
382132.53021240234,7.081519659079854e-07,2.430188491551217e-06,97.33037203545798
384774.20806884766,1.0123033480824951e-07,3.473954835830393e-07,97.56532617896761
385265.3503417969,1.0427452353426701e-07,3.578423265831743e-07,97.58529343767549
385270.1187133789,1.1261242249203445e-07,3.8645576983599747e-07,97.58547089217005
386581.4208984375,1.7499265263494478e-07,6.00528066026325e-07,97.6411837680998
388555.52673339844,7.986781307954454e-08,2.7408501216600835e-07,97.71865288122473
388660.4309082031,9.723022042183287e-08,3.336681589200427e-07,97.72194981832983
388665.19927978516,9.41079705139497e-08,3.229534307837511e-07,97.72210636911625
389213.56201171875,1.180860733387208e-07,4.052398782403723e-07,97.7405180585183
391197.20458984375,0.0,0.0,97.79320119766037
392088.8900756836,0.0,0.0,97.79322210984411
392093.6584472656,0.0,0.0,97.79322210984411
393953.3233642578,2.230782502997411e-07,7.655449997921124e-07,97.83267623364573
395545.95947265625,9.660331609509842e-08,3.3151679063543967e-07,97.9016471613487
395550.7278442383,1.0746220140119541e-07,3.6878158600759633e-07,97.90181412549262
396113.39569091797,1.164107701406042e-07,3.994906849204021e-07,97.92171738833282
398869.51446533203,6.38164942090399e-08,2.1900117102563397e-07,98.00905769770108
399036.4074707031,7.047038595780351e-08,2.418355511168333e-07,98.01335128128473
399041.17584228516,7.846691823968906e-08,2.6927751507274655e-07,98.01347314013574
400991.43981933594,1.0683109060465065e-07,3.6661578224160623e-07,98.06841451954425
402526.85546875,6.385649329239082e-08,2.1913843720113262e-07,98.11345182950136
402555.4656982422,7.834354102059295e-08,2.6885411739484487e-07,98.11417782974594
402560.2340698242,8.163905127246397e-08,2.801634287763607e-07,98.11430872572919
403838.1576538086,8.582158408704116e-08,2.945167647845269e-07,98.14605358117343
404582.02362060547,3.592058854131194e-08,1.232698701484441e-07,98.1622171194457
406103.13415527344,6.579763868269719e-08,2.2579992995276492e-07,98.19535234998688
406107.90252685547,6.204054411817268e-08,2.1290658443946098e-07,98.19545694577067
406303.40576171875,5.8741910905588125e-08,2.015865558905136e-07,98.19982470770431
408387.1841430664,1.0562149475634004e-07,3.624647722162037e-07,98.2559469486901
409684.1812133789,7.251516604836711e-08,2.488526904923757e-07,98.29245951778456
409688.94958496094,7.775912373504571e-08,2.668485532928241e-07,98.29258247054233
410256.38580322266,8.367590366869767e-08,2.8715336242142075e-07,98.30682014777665
412168.5028076172,0.0,0.0,98.3493096418164
413298.6068725586,5.5353179351603754e-08,1.8995733388745085e-07,98.35622021839815
413303.3752441406,5.201871166423962e-08,1.785143309877955e-07,98.35630806888892
415019.9890136719,6.59007158139022e-08,2.261536631485421e-07,98.38766906607708
416874.88555908203,4.331260547548033e-08,1.4863729881855237e-07,98.42273426289061
416941.64276123047,5.410992185138832e-08,1.8569080605936762e-07,98.42386652464626
416946.4111328125,5.270475743911621e-08,1.8086865693342038e-07,98.42395391923259
418939.59045410156,6.237200080190058e-08,2.1404405528897063e-07,98.45764892417387
420293.80798339844,2.1096993965046413e-08,7.239925102014482e-08,98.47770862511099
420618.05725097656,3.6041509880814664e-08,1.236848399032279e-07,98.48110995298902
420622.8256225586,3.4913895561280765e-08,1.19815168597965e-07,98.48116800791506
420851.7074584961,3.424247247700437e-08,1.1751102382265792e-07,98.48420430643048
422391.8914794922,5.2547415855671026e-08,1.803287026245445e-07,98.50726050586687
424327.8503417969,4.3172949707913125e-08,1.481580375081846e-07,98.53602507144839
424332.6187133789,4.300150117330321e-08,1.4756967190904641e-07,98.53609557842867
424685.4782104492,3.4676029128314856e-08,1.1899887450326612e-07,98.54094000453306
426716.80450439453,5.5508865899390255e-08,1.9049160855579125e-07,98.57133837823001
428071.0220336914,3.900252900166499e-08,1.338462670222321e-07,98.59099164469993
428075.79040527344,4.020779894562145e-08,1.3798243169877862e-07,98.59105645371203
428099.6322631836,3.66005840268979e-08,1.2560343311647026e-07,98.59138832835595
429487.2283935547,7.875564742082136e-08,2.7026835654031635e-07,98.61746071163233
431847.57232666016,4.626215063820042e-08,1.5875935037645807e-07,98.66200987285977
431852.3406982422,4.635550833315269e-08,1.5907972906181534e-07,98.66208565160146
434298.5153198242,3.6190305083193336e-08,1.241954653139122e-07,98.69845160704477
435585.97564697266,5.399073858207912e-08,1.8528180089747513e-07,98.71714034096715
435652.7328491211,5.040277341164829e-08,1.7296886231219897e-07,98.7182674364616
435657.5012207031,5.355735358982919e-08,1.837945393049349e-07,98.71835249548491
436787.60528564453,7.505843058992447e-08,2.5758049542325416e-07,98.74212386656048
439443.58825683594,3.751218535267739e-08,1.2873180549619193e-07,98.78903223960207
439496.0403442383,3.929158016906121e-08,1.3483821346069898e-07,98.78978952034001
439500.8087158203,3.88611195809803e-08,1.3336098764253818e-07,98.78985346401244
439858.43658447266,4.884105551431866e-08,1.6760946342064356e-07,98.79498300235716
441808.70056152344,3.046971749308727e-08,1.0456393593086332e-07,98.82059214358422
443372.7264404297,4.250700321534878e-08,1.458726869335467e-07,98.8412720499041
443377.4948120117,4.2953961190306114e-08,1.4740652737915733e-07,98.84134197311766
443773.2696533203,4.981758035139051e-08,1.709606359584803e-07,98.84721401379132
447072.98278808594,2.584391003281381e-08,8.868939967977138e-08,98.88851027241536
447282.7911376953,2.8378523691020615e-08,9.738751708851844e-08,98.89067096684482
447287.55950927734,2.8519154022276555e-08,9.787012284128652e-08,98.8907175198939
447301.86462402344,3.454897976180631e-08,1.1856287499579873e-07,98.89087286263073
449390.4113769531,2.1150315363447033e-08,7.258223582423337e-08,98.91018124361763
451226.23443603516,2.6955614724671384e-08,9.250447339024501e-08,98.92662986193585
451231.0028076172,2.906658835117429e-08,9.974877130943214e-08,98.9266756986813
454945.56427001953,1.481693469998021e-08,5.0847764210876354e-08,98.95297115500175
455203.0563354492,1.742597773116812e-08,5.980130335727281e-08,98.95443873487963
455207.82470703125,1.648107603175473e-08,5.655865298544573e-08,98.95446647725508
455460.5484008789,1.87436215588936e-08,6.432310520244065e-08,98.95587345126893
458612.44201660156,1.2380902116231976e-08,4.248795073146569e-08,98.97187345811658
459218.02520751953,1.3723105499660165e-08,4.709403441513666e-08,98.97478200145962
459222.79357910156,1.3609966760890749e-08,4.670577246834743e-08,98.97480436507631
459914.2074584961,1.60142147311142e-08,5.4956509639684456e-08,98.97805012702283
462884.90295410156,1.120940172568845e-08,3.846767414676924e-08,98.99169126639147
463266.37268066406,1.392029009806364e-08,4.7770719314453224e-08,98.99342759343475
463271.1410522461,1.3465156927920984e-08,4.620882378149975e-08,98.99344999990389
463318.8247680664,1.2245304467936909e-08,4.2022615803043136e-08,98.9936661161511
465641.0217285156,1.6955582386057387e-08,5.818703211437422e-08,99.00495089562769
467352.86712646484,1.427001291614072e-08,4.89708746605364e-08,99.01354781551676
467357.6354980469,1.3530032410869687e-08,4.643145911916151e-08,99.01357056120563
469441.41387939453,1.6300281240264913e-08,5.593821352786744e-08,99.02362269807601
470633.50677490234,1.195438330877898e-08,4.102425205208209e-08,99.02923620293019
471477.5085449219,1.3180309839871008e-08,4.5231304620985444e-08,99.03321408058525
471482.2769165039,1.4078573975734666e-08,4.8313907325547735e-08,99.03323638350176
472507.4768066406,1.674211702944366e-08,5.7454475999356724e-08,99.03824253759703
474758.1481933594,0.0,0.0,99.04737348383989
475630.7601928711,0.0,0.0,99.04740501648864
475635.5285644531,0.0,0.0,99.04740501648864
478610.9924316406,1.6956480267101825e-09,5.8190113402411284e-09,99.04740739075055
479826.9271850586,0.0,0.0,99.04741264679711
479831.6955566406,7.970756318003198e-10,2.7353507729282285e-09,99.04741329895556
479850.76904296875,0.0,0.0,99.0474175182362
483970.64208984375,1.3370011443817708e-08,4.58823098810626e-08,99.06163255482177
484056.4727783203,1.210542165135281e-08,4.1542575321064706e-08,99.0619762334306
484061.24114990234,1.2411229733430562e-08,4.259202701712237e-08,99.06199629268295
484285.3546142578,1.012557955048459e-08,3.474828578965118e-08,99.06289804529848
485825.5386352539,1.4651127396917817e-08,5.027875781236876e-08,99.06932859579867
488328.9337158203,1.291661433847057e-08,4.432637205900984e-08,99.08011773723862
488333.70208740234,1.258773827334592e-08,4.31977572035984e-08,99.08013860461716
488524.4369506836,1.3985810079257646e-08,4.799556639803107e-08,99.08093606335242
489845.27587890625,1.0476881212836818e-08,3.595385930778235e-08,99.08641006147806
492634.77325439453,1.1270973297386014e-08,3.8678971343062815e-08,99.09791936654396
492639.54162597656,1.1640304101424636e-08,3.994641606221882e-08,99.0979381122971
492930.41229248047,1.3714968238845689e-08,4.7066109508427216e-08,99.09912581499972
496373.17657470703,1.0029677005242832e-08,3.441917385749949e-08,99.11291118224898
496978.759765625,1.2053911701300434e-08,4.136580692410465e-08,99.11533527980853
496983.52813720703,1.2365155396354961e-08,4.243391219275213e-08,99.11535525921849
497822.76153564453,1.3277680780884894e-08,4.556545569540921e-08,99.11876810404439
500316.6198730469,9.10342300968423e-09,3.124051742692153e-08,99.12826961497711
501360.8932495117,1.0509691258871227e-08,3.606645462646914e-08,99.13215396508356
501365.66162109375,1.0488646976901635e-08,3.5994236268944866e-08,99.13217114569109
501403.80859375,1.2884366700177616e-08,4.421570677354564e-08,99.13231566272711
503387.451171875,8.053218753147815e-09,2.763649679168895e-08,99.13912842520942
505781.1737060547,9.596612306057484e-09,3.2933011425248234e-08,99.14711094661081
505785.9420776367,9.332004216079655e-09,3.202494710290895e-08,99.14712643379498
506076.8127441406,1.07502480086602e-08,3.689198117027046e-08,99.14806968541599
510220.5276489258,6.857370972244437e-09,2.3532666463304234e-08,99.16030681421195
510244.36950683594,7.987560470735217e-09,2.74111750952512e-08,99.16037061594034
510249.13787841797,7.814932550135237e-09,2.681876215825598e-08,99.16038354536492
512204.1702270508,9.297530859732849e-09,3.1906643747284234e-08,99.1656348180674
513577.4612426758,6.331864994491659e-09,2.1729270242072658e-08,99.16923416371607
514740.9439086914,7.037891282682592e-09,2.4152163975191476e-08,99.17211617341033
514745.71228027344,7.562507961433419e-09,2.595250835966465e-08,99.17212811929512
515704.1549682617,8.475792870939613e-09,2.9086658349269755e-08,99.17451949471321
518331.52770996094,5.333730573627119e-09,1.8303939381773496e-08,99.18085499704917
519280.43365478516,7.598117399707832e-09,2.607471044516494e-08,99.18305155440187
519285.2020263672,7.82180817226839e-09,2.6842357457831007e-08,99.183064170814
519356.72760009766,8.380285848737058e-09,2.875890374659577e-08,99.18324553143258
521073.3413696289,0.0,0.0,99.18681224070191
523862.8387451172,0.0,0.0,99.18685254956235
523867.6071166992,0.0,0.0,99.18685254956235
527524.9481201172,9.238731949598302e-09,3.170486158525703e-08,99.19349021688411
528478.6224365234,6.878611294277211e-09,2.3605557577988503e-08,99.19598071596494
528483.3908081055,6.930534752766999e-09,2.3783745025511333e-08,99.19599201445514
529050.8270263672,1.1709204413773478e-08,4.01828635398725e-08,99.1975698625598
532426.8341064453,5.4009672948349885e-09,1.8534677858760555e-08,99.2058001702445
533142.08984375,6.126008095986357e-09,2.1022824324051985e-08,99.20732386883917
533146.858215332,5.485193123220396e-09,1.8823718415996234e-08,99.20733336899528
535340.3091430664,4.601628856692219e-09,1.5791561738566817e-08,99.21209901061253
537419.319152832,1.0326103199341368e-08,3.543642941869664e-08,99.21708336150897
537843.7042236328,7.668982907136023e-09,2.6317901947682497e-08,99.21828175695477
537848.4725952148,7.43202808241814e-09,2.550473624911864e-08,99.2182941124345
537853.2409667969,7.72244268206483e-09,2.6501361623073396e-08,99.21830651165448
541939.7354125977,5.093510495026448e-09,1.7479568203609267e-08,99.22702587714892
542583.4655761719,6.057818523200315e-09,2.0788815914831574e-08,99.22829674427818
542588.2339477539,5.659821136142191e-09,1.9422995135874954e-08,99.22830633152104
544247.6272583008,6.4865480854767e-09,2.2260101314563474e-08,99.23147725858975
546569.82421875,4.509643552632744e-09,1.5475892732366214e-08,99.23584720600618
547370.9106445312,5.3105977631744605e-09,1.8224553752070124e-08,99.23732191745772
547375.6790161133,5.389996630671293e-09,1.849702946819074e-08,99.23733067256542
547461.5097045898,5.042799161584763e-09,1.7305540445650303e-08,99.23749053187197
551381.1111450195,8.103435622842966e-09,2.7808827682076876e-08,99.24556652328249
552196.5026855469,5.265199470522179e-09,1.8068758931677033e-08,99.24741531739335
552201.2710571289,5.408451645481887e-09,1.8560362152082408e-08,99.24742405045636
555815.6967163086,1.606286430966679e-08,5.512346200529108e-08,99.25371508993027
555834.7702026367,0.0,0.0,99.25375155703333
557065.0100708008,5.0622433299017486e-09,1.7372267640301435e-08,99.25582333995888
557069.7784423828,4.931360101490902e-09,1.692311134231209e-08,99.2558315166144
559191.7037963867,4.163070109800728e-09,1.4286545201334879e-08,99.25940158467394
561957.3593139648,5.5978436198028e-09,1.9210304845945736e-08,99.26388491120547
561981.201171875,5.375739367311994e-09,1.8448102346605535e-08,99.26392732890724
561985.969543457,5.017340918964451e-09,1.7218174553568547e-08,99.26393583241028
564532.2799682617,4.109428967481855e-09,1.4102463121480957e-08,99.26820564855299
565819.7402954102,6.467321305966963e-09,2.2194120140262497e-08,99.27052289049716
566935.5392456055,4.8058252874075e-09,1.6492309374427492e-08,99.27251917794868
566940.3076171875,4.806182330199174e-09,1.6493534649968746e-08,99.27252704238676
569348.3352661133,5.071913854585916e-09,1.740545429927596e-08,99.27621827738594
570406.9137573242,3.725532863284907e-09,1.2785034180682121e-08,99.27779004398391
571932.7926635742,4.177235929039694e-09,1.4335158511111955e-08,99.28000550958629
571937.5610351562,3.861505566750617e-09,1.3251656198321781e-08,99.28001208679544
573344.2306518555,5.1409943472601844e-09,1.7642520107703734e-08,99.28219563421814
575623.5122680664,3.497692406256887e-09,1.2003146558765657e-08,99.28556244544207
576977.7297973633,4.22690398658113e-09,1.45056060247048e-08,99.28751604781813
576982.4981689453,4.532349410338848e-09,1.5553813174227055e-08,99.28752321454213
578608.512878418,3.62540641621105e-09,1.244142694509843e-08,99.28985722531003
579719.5434570312,5.3891082537e-09,1.8493980795595406e-08,99.29152961842414
582065.5822753906,4.065344016295658e-09,1.3951175338376485e-08,99.29518935671612
582070.3506469727,4.3864470257251414e-09,1.505311514181606e-08,99.29519627187784
584464.0731811523,3.8076289087973835e-09,1.306676589168638e-08,99.29883428978185
586295.1278686523,5.187929166676208e-09,1.7803587877743188e-08,99.30157570850325
587201.1184692383,4.885626217021371e-09,1.67661648603952e-08,99.30301437024053
587205.8868408203,4.846651821129878e-09,1.6632415138696377e-08,99.30302233308252
587968.8262939453,5.41607820210046e-09,1.8586534458334296e-08,99.30426979507745
592117.3095703125,3.8402462556891984e-09,1.3178699918360708e-08,99.31080873616793
592379.5700073242,4.652400585058297e-09,1.5965796755782654e-08,99.3111887187055
592384.3383789062,4.156381918771273e-09,1.4263593115269232e-08,99.31119592595368
593695.6405639648,4.882258300844559e-09,1.6754607071209508e-08,99.31307528900219
596733.0932617188,3.5201503789453527e-09,1.2080216325423868e-08,99.31747206516451
597600.9368896484,4.279866079447574e-09,1.4687357788123929e-08,99.31869547559707
597605.7052612305,4.366450417848907e-09,1.4984492122082463e-08,99.31870254991738
597610.4736328125,4.5844601310083394e-09,1.5732643255557217e-08,99.31870987345313
600128.173828125,3.3800197493565875e-09,1.1599325415372094e-08,99.32216191686803
602869.987487793,3.74737797098869e-09,1.2860000758329565e-08,99.32579414089828
602874.755859375,3.523955876638539e-09,1.2093275777552548e-08,99.32580009022303
603561.4013671875,4.454976012332038e-09,1.5288288328656275e-08,99.32670529293738
607643.1274414062,3.12967255167367e-09,1.0740200668156218e-08,99.33188101345276
608186.7218017578,3.5700854881590173e-09,1.2251580289060973e-08,99.33255355271405
608191.4901733398,3.7069075013096316e-09,1.2721116910798879e-08,99.33255950666901
610165.5960083008,4.377166060354891e-09,1.5021265346406185e-08,99.33507898434645
610933.3038330078,3.069606895507641e-09,1.0534071371932359e-08,99.33604157282494
613551.139831543,3.7019206453863796e-09,1.270400335261201e-08,99.33924504116607
613555.908203125,3.374725066461264e-09,1.1581155477197694e-08,99.33925083119914
614261.6271972656,3.089597843526084e-09,1.0602674968545026e-08,99.34011549996235
617294.3115234375,4.329904389079396e-09,1.4859075908044719e-08,99.34392015443963
618963.2415771484,3.7544067309164865e-09,1.2884121585932586e-08,99.34598087031863
618968.0099487305,3.3815745165745886e-09,1.1604660961387818e-08,99.34598670889937
619888.3056640625,6.627735227276088e-10,2.274461789246487e-09,99.3470811433125
620326.9958496094,4.105424209114429e-09,1.4088719859914941e-08,99.34760469425215
624418.2586669922,3.4918192369503985e-09,1.198299140966675e-08,99.35246584700269
624423.0270385742,3.1954909931749208e-09,1.0966071987828527e-08,99.35247131848577
624704.3609619141,3.933243629130122e-09,1.3497842076486113e-08,99.35280261035416
625000.0,0.0,0.0,99.3531448047329
629925.7278442383,3.2244569893521446e-09,1.106547555365207e-08,99.35864032919653
629930.4962158203,3.2760531415073944e-09,1.1242539773215793e-08,99.35864564784185
630345.344543457,3.7144107144261556e-09,1.274686593508077e-08,99.35910514336038
633172.9888916016,0.0,0.0,99.36172744964598
635480.8807373047,0.0,0.0,99.36173942605907
635485.6491088867,0.0,0.0,99.36173942605907
640044.2123413086,5.768928576041229e-09,1.9797422741177556e-08,99.36392392631745
641083.7173461914,4.2879706678178805e-09,1.4715170571727552e-08,99.3656204085907
641088.4857177734,4.490817512750235e-09,1.541128678948036e-08,99.36562759129785
641946.7926025391,5.617958419295253e-09,1.9279333467752555e-08,99.36698622994165
643858.9096069336,3.4719417854211936e-09,1.1914777302704971e-08,99.3696605963162
646739.0060424805,4.257671817375748e-09,1.461119300589916e-08,99.3739055792092
646743.7744140625,4.627116380453134e-09,1.587902811570593e-08,99.37391284864438
650987.6251220703,6.928311102953329e-09,2.377611405299897e-08,99.38117684243606
652155.876159668,0.0,0.0,99.38305617872997
652441.9784545898,0.0,0.0,99.3830747023201
652446.7468261719,0.0,0.0,99.3830747023201
657091.1407470703,6.067898612888298e-09,2.0823408091557556e-08,99.38592328379407
658197.4029541016,5.448073170851594e-09,1.86963326493862e-08,99.38794430270903
658202.1713256836,5.407044121822771e-09,1.855553190665114e-08,99.38795318424565
659961.7004394531,6.5675448627316515e-09,2.2538060630379733e-08,99.3914009487765
663943.2907104492,4.2489791171450285e-09,1.458136197939892e-08,99.39844411459114
664000.5111694336,4.834891977536248e-09,1.6592058495010388e-08,99.39853757011522
664005.2795410156,5.177380471658226e-09,1.776738757262829e-08,99.39854576204553
666127.2048950195,3.12022338203315e-09,1.0707773640596302e-08,99.40179270139828
669689.1784667969,5.589157544090028e-09,1.918049655302254e-08,99.40753069423039
669856.071472168,5.314386794714351e-09,1.8237556696756665e-08,99.40782004834567
669860.83984375,5.915836879406641e-09,2.0301572818194117e-08,99.40782923679016
670518.8751220703,6.25731151030033e-09,2.1473422587883765e-08,99.40905565199849
675754.5471191406,4.167169736293094e-09,1.4300614024978731e-08,99.41830786208732
675764.0838623047,5.206430508987842e-09,1.7867079545250364e-08,99.41832385117243
675768.8522338867,4.5493526653663165e-09,1.5612163806119582e-08,99.41833183324607
677499.7711181641,6.5943035003303744e-09,2.2629889130860736e-08,99.42130611859652
679264.0686035156,3.837614853181477e-09,1.3169669647460161e-08,99.42445478670992
681724.5483398438,4.465687329148851e-09,1.5325046708369595e-08,99.42854291542965
681729.3167114258,4.3430000816761044e-09,1.490401682887745e-08,99.42855012260003
682849.8840332031,3.735027486279738e-09,1.2817617192019343e-08,99.43030323520092
687689.7811889648,7.219140440319155e-09,2.4774162696083202e-08,99.43917511471379
687732.6965332031,6.297822087316256e-09,2.1612444073087116e-08,99.43927015348517
687737.4649047852,6.17560815699083e-09,2.119303849168302e-08,99.43928035910751
687866.2109375,5.721906454016841e-09,1.9636055371893388e-08,99.43957469054904
690870.2850341797,1.6033447195064153e-08,5.502251032146668e-08,99.44914559048492
693798.0651855469,1.2044180120831741e-08,4.1332410737977714e-08,99.46044424558941
693802.8335571289,1.3685994690086513e-08,4.696668002415872e-08,99.46046529773317
693969.7265625,1.0200120960754094e-08,3.500409200936375e-08,99.46115464489253
699844.3603515625,2.0318789289237866e-08,6.972866033019818e-08,99.48912958715543
699915.885925293,1.819800010161082e-08,6.245067802569493e-08,99.48957554402239
699920.654296875,1.778484626830862e-08,6.103284436954755e-08,99.48960498478834
700082.7789306641,1.9866981128563838e-08,6.817817534206272e-08,99.49058596180443
705971.7178344727,4.7634798701132044e-09,1.6346991207236382e-08,99.5149339640431
706090.9271240234,5.465562698223226e-09,1.875635203814369e-08,99.51515313684193
706095.6954956055,5.584513961401882e-09,1.9164561016934844e-08,99.51516217789214
706906.3186645508,4.1414092610463356e-09,1.4212210951210104e-08,99.51659193808257
709352.4932861328,7.078446375552327e-09,2.4291338226920696e-08,99.52116210892315
712318.4204101562,5.166606740622948e-09,1.7730415003979934e-08,99.52681663585577
712323.1887817383,4.910143024390458e-09,1.6850299998029876e-08,99.5268248805407
715255.7373046875,2.538432987246357e-09,8.711224326363917e-09,99.5318824104255
716199.8748779297,6.785067375429149e-09,2.3284539821937113e-08,99.53373076448867
718598.3657836914,5.8160212342595346e-09,1.9959032171848192e-08,99.53856752322086
718603.1341552734,5.9630481852484e-09,2.046358941583307e-08,99.53857716072486
721492.7673339844,4.879796085727469e-09,1.6746157406265622e-08,99.54418871173122
723772.0489501953,8.006280581912578e-09,2.747541751910079e-08,99.5492264415838
724935.5316162109,6.825641012538162e-09,2.342377771254478e-08,99.55191094051018
724940.299987793,6.714680276728428e-09,2.3042990090451373e-08,99.55192201905093
727400.7797241211,5.039309180298492e-09,1.7293563761596693e-08,99.55687391173633
730586.051940918,9.053352355393394e-09,3.106868830876606e-08,99.56381267162865
731329.9179077148,7.2403831225273255e-09,2.4847061910259335e-08,99.56576257686632
731334.6862792969,6.968480003730417e-09,2.3913962996567994e-08,99.56577420240058
731382.3699951172,7.7873939735409e-09,2.6724257115362464e-08,99.56589002993074
737299.919128418,4.419991788626663e-09,1.5168231812643295e-08,99.57756253720505
737776.7562866211,5.217688750079759e-09,1.7905714823063377e-08,99.57842448274606
737781.5246582031,5.969075803699573e-09,2.048427459316322e-08,99.57843363563278
741925.2395629883,4.187446517097087e-09,1.437019852340258e-08,99.58563555789055
744242.6681518555,9.342053351635991e-09,3.205943305331895e-08,99.59015245526764
744280.8151245117,8.198824855425306e-09,2.81361780622206e-08,99.59026512508647
744285.5834960938,8.172583043560053e-09,2.8046123169679815e-08,99.5902785199909
746703.1478881836,6.1924650863591774e-09,2.1250886972978024e-08,99.59817574276987
750832.5576782227,2.4003875153720348e-08,8.237489120913219e-08,99.61310881992438
750846.8627929688,2.2107789372671118e-08,7.586803100689918e-08,99.61321426216008
750851.6311645508,2.0170916228941497e-08,6.922119946495588e-08,99.61324885412827
752496.7193603516,9.660146982458362e-08,3.3151045472793206e-07,99.6433396288272
755681.9915771484,1.8781549792340722e-08,6.445326477392455e-08,99.68322156803877
757470.1309204102,2.218332803898766e-08,7.612725954312757e-08,99.69713581712296
757474.8992919922,2.167585059824344e-08,7.438573244782793e-08,99.69717170221665
759210.5865478516,2.915004801163318e-08,1.0003518258288798e-07,99.71118745364943
764117.2409057617,8.723818039614767e-09,2.993781451284345e-08,99.73727155769335
764145.8511352539,1.036853741669089e-08,3.558205232397033e-08,99.73736993132519
764150.6195068359,9.628039394951546e-09,3.3040860804237646e-08,99.73738629230263
764451.0269165039,1.178817002480711e-08,4.045385243547796e-08,99.73844868946944
768647.1939086914,5.449504233964734e-09,1.8701243675939344e-08,99.74965402901351
770888.3285522461,6.376760644252077e-09,2.188334012625153e-08,99.75453496224989
770893.0969238281,5.870705853671563e-09,2.014669518650858e-08,99.7545449829912
774159.4314575195,7.818161369458638e-09,2.6829842604175474e-08,99.76178695536055
777659.4161987305,4.724182571458809e-09,1.621213336946068e-08,99.76905652324926
777683.2580566406,5.140208082333862e-09,1.763982185638587e-08,99.76909847374412
777688.0264282227,5.4126282751645515e-09,1.857469523011781e-08,99.76910710795782
777854.9194335938,6.358203688256416e-09,2.1819657607427966e-08,99.76941504148712
783066.7495727539,0.0,0.0,99.77743649315643
784544.9447631836,0.0,0.0,99.77745870926383
784549.7131347656,0.0,0.0,99.77745870926383
788974.7619628906,4.4562358497991434e-09,1.529261175450437e-08,99.78095014614375
791459.0835571289,2.5174974992994062e-09,8.639379320880589e-09,99.78374941306808
791463.8519287109,2.532337055272696e-09,8.690304715262258e-09,99.78375354478672
796842.5750732422,0.0,0.0,99.78771204125498
796856.8801879883,4.808348737320744e-08,1.6500969180843915e-07,99.78775138263123
798439.9795532227,3.218332928289886e-09,1.1044459411027972e-08,99.7896570169192
798444.7479248047,3.1984195490430547e-09,1.0976122009730929e-08,99.78966226703491
801219.9401855469,4.1872592397370655e-09,1.4369555837500454e-08,99.79289060163275
805463.7908935547,2.7961309657356096e-09,9.595574990867993e-09,99.79793892903601
805482.8643798828,3.005158227558965e-09,1.0312900749403818e-08,99.79795890451251
805487.6327514648,3.0275655672905683e-09,1.0389796757271564e-08,99.79796384042024
805892.9443359375,3.6874319542568015e-09,1.2654282032703516e-08,99.7984000048233
810623.1689453125,6.455045693873617e-10,2.2151993516780283e-09,99.80334698084238
812582.9696655273,2.5968744145058777e-09,8.911779702601296e-09,99.80525312443551
812587.7380371094,2.6807692658876446e-09,9.199684435121463e-09,99.80525744254506
815205.5740356445,3.221270364239514e-09,1.1054539906999344e-08,99.80769666850662
817022.3236083984,3.367032967647044e-10,1.1554758247628156e-09,99.808988184715
819749.8321533203,2.2628820081564944e-09,7.765606930017008e-09,99.81100125024675
819754.6005249023,2.1940751347239552e-09,7.529480109778674e-09,99.81100489687967
819783.2107543945,2.6237276008571635e-09,9.0039326691594e-09,99.81102867177121
825042.724609375,1.6403953242440181e-10,5.629398816200175e-10,99.81440337380505
826978.6834716797,1.853836202138551e-09,6.361870926788484e-09,99.81543499877269
826983.4518432617,1.7286074480747494e-09,5.9321192751822645e-09,99.81543792988836
830473.8998413086,2.387304135970393e-09,8.192590455678701e-09,99.81775406655925
832633.9721679688,1.1358352785085356e-09,3.897883441713098e-09,99.81918129409618
834274.2919921875,1.9305274670967822e-09,6.625054873845711e-09,99.82007335859947
834279.0603637695,1.850275106139074e-09,6.349650196024654e-09,99.82007645201023
836048.1262207031,1.0906300687189509e-09,3.7427512301574195e-09,99.8210217624114
837850.5706787109,1.966927983613552e-09,6.749971728679479e-09,99.82203875979107
841631.8893432617,1.70716062319986e-09,5.8585194978739535e-09,99.8241767424007
841636.6577148438,1.807055620835707e-09,6.201332460776488e-09,99.82417961769346
845618.2479858398,2.0553677435241455e-09,7.053473373915613e-09,99.82658188923541
848522.1862792969,1.5168428729177434e-09,5.205399788066334e-09,99.82834540356943
849051.4755249023,1.8842001915224954e-09,6.46607203207502e-09,99.82865825147303
849056.2438964844,1.8584554066366272e-09,6.377722803436109e-09,99.82866131367234
853838.9205932617,2.1413154679227428e-09,7.348423018573701e-09,99.8316401248652
856151.5808105469,1.4535079847393633e-09,4.988051360363485e-09,99.83305104403152
856537.8189086914,1.7264072901236784e-09,5.924568920470713e-09,99.83327517860855
856542.5872802734,1.6315170680557924e-09,5.5989310111916765e-09,99.83327792602502
857772.8271484375,2.02520137665095e-09,6.949950456326654e-09,99.83399466899375
859017.3721313477,1.4247522894930195e-09,4.889369491190648e-09,99.83470876748375
864090.9194946289,1.5089405560822383e-09,5.178281146369686e-09,99.83758044796953
864095.6878662109,1.7350976667974206e-09,5.9543919731437285e-09,99.83758310220566
867342.9489135742,1.976688449818052e-09,6.783467042940079e-09,99.83942466446321
868639.9459838867,1.435604394490708e-09,4.926611018354487e-09,99.84016081751616
871710.7772827148,1.676966550269979e-09,5.75490150049514e-09,99.84190431028279
871715.5456542969,1.671553429784263e-09,5.7363251161298154e-09,99.8419070500047
872979.1641235352,1.9816218983719553e-09,6.8003973212935155e-09,99.8426179692638
878996.8490600586,1.3279562243200109e-09,4.557191237178073e-09,99.84591653881265
879397.3922729492,1.6088859069052303e-09,5.521266907967703e-09,99.84612429113182
879402.1606445312,1.4963841652122905e-09,5.1351909650857286e-09,99.84612683182937
883078.5751342773,1.6672068724775676e-09,5.721408891854344e-09,99.84794112075548
886936.1877441406,1.0377253341798127e-09,3.5611963052046425e-09,99.8496691380597
887155.5328369141,1.238086402506774e-09,4.248782001275924e-09,99.84975964386118
887160.3012084961,1.3183553398568327e-09,4.524243564850125e-09,99.84976173551348
891046.5240478516,1.0707805185220881e-09,3.6746328731194163e-09,99.85139915403091
894832.6110839844,1.5547726351767648e-09,5.335564606024524e-09,99.85308180670363
894980.4306030273,1.4683281681031673e-09,5.038910273121308e-09,99.85315343623097
894985.1989746094,1.4784209730717783e-09,5.073546085295805e-09,99.85315584722845
895190.2389526367,1.5648633935298412e-09,5.370193394760891e-09,99.85325337301478
901789.665222168,1.0041009941101113e-09,3.4458065467809396e-09,99.85611570092718
902872.0855712891,1.1461190804768552e-09,3.933174704600094e-09,99.85655566535888
902876.8539428711,1.1174618275633175e-09,3.834830663232283e-09,99.85655751739569
905990.6005859375,0.0,0.0,99.85781623964041
907549.8580932617,1.3847890649164411e-09,4.752226373432366e-09,99.85845212548278
910830.4977416992,1.2195205048935863e-09,4.185068797208155e-09,99.85977321363355
910835.2661132812,1.1595134378919028e-09,3.97914056335477e-09,99.85977516013274
910978.3172607422,1.2546674851651392e-09,4.305683850305111e-09,99.85982902338532
912833.2138061523,0.0,0.0,99.86031545885898
918865.2038574219,1.0286352721488201e-09,3.530001639089608e-09,99.86075869981593
918869.9722290039,1.1313985463841659e-09,3.882657761537355e-09,99.86076046713166
919089.3173217773,9.6508783057821e-10,3.311923784890039e-09,99.86084224340571
924658.7753295898,1.3722566580455244e-09,4.709218498830072e-09,99.86312260120826
926966.667175293,1.2137473967529822e-09,4.1652570313172164e-09,99.86406034198497
926971.435546875,1.2171323952235356e-09,4.176873442374566e-09,99.86406233090385
927538.8717651367,4.935964764937363e-10,1.6938913317952598e-09,99.86424674158381
928678.5125732422,1.3202502857096531e-09,4.530746513123004e-09,99.86464173952037
935144.4244384766,1.1500467325585847e-09,3.946653357978678e-09,99.86710285976636
935149.1928100586,1.2330708559208906e-09,4.231569984394456e-09,99.86710480960676
937500.0,5.8952048850470345e-09,2.023076932167882e-08,99.86795468063308
943136.2152099609,7.209672427136824e-10,2.4741671002518453e-09,99.86980132890906
943388.9389038086,8.809471025570226e-10,3.023175269385106e-09,99.8698743084565
943393.7072753906,8.730466692349857e-10,2.996063091403838e-09,99.86987574355476
944337.8448486328,9.658202322292756e-10,3.3144371918271085e-09,99.87014771620424
951642.9901123047,1.8629929600514194e-10,6.393294475364306e-10,99.87189443234752
951709.7473144531,3.5117799612314323e-10,1.2051491286481466e-09,99.87190106407684
951714.5156860352,3.220009464712621e-10,1.1050212836445597e-09,99.87190161486438
955057.1441650391,0.0,0.0,99.87233954941013
958600.0442504883,9.296606500545836e-10,3.190347159333073e-09,99.87287099552479
960102.0812988281,7.933422763796968e-10,2.7225388938191514e-09,99.87328747921678
960106.8496704102,8.516835387388897e-10,2.922750530859644e-09,99.87328882515868
961885.4522705078,6.928793522248599e-10,2.377776958722878e-09,99.8738018583302
964117.0501708984,9.985608983257265e-10,3.426794417089199e-09,99.87444720374114
968565.9408569336,8.435235424675906e-10,2.894747602132071e-09,99.875735609331
968570.7092285156,8.310565141083599e-10,2.8519640891277707e-09,99.87573697945385
972523.6892700195,9.822255138456368e-10,3.370735738613771e-09,99.87687032212658
976614.9520874023,6.705302558150901e-10,2.301080826386435e-09,99.87800115734572
977110.8627319336,7.292615025599264e-10,2.502630785724261e-09,99.87812955504474
977115.6311035156,7.61897844458004e-10,2.614629998188983e-09,99.87813077509477
981802.9403686523,8.838755726500769e-10,3.033224996930333e-09,99.87934936255539
984616.2796020508,6.245253028950337e-10,2.1432041099145304e-09,99.88006753938382
985727.3101806641,6.957977529433038e-10,2.387792130862665e-09,99.88034460310556
985732.0785522461,7.116968660965024e-10,2.44235364261563e-09,99.88034575470206
987577.4383544922,8.381741916472826e-10,2.8763900582338284e-09,99.88079980485975
994415.283203125,5.048042633635154e-10,1.7323534641876664e-09,99.88243314727806
994420.051574707,5.613500264678615e-10,1.9264034271302516e-09,99.88243401959367
994424.8199462891,5.698508036605556e-10,1.955575825001714e-09,99.88243494512966
997490.8828735352,8.35202478004226e-10,2.866191930369731e-09,99.88313754514364
1001358.0322265625,1.7659396882072873e-10,6.060233556722941e-10,99.88408327785079
1003189.0869140625,7.547018654449288e-10,2.589935319327791e-09,99.88453473196991
1003193.8552856445,7.526938023252433e-10,2.583044182793966e-09,99.88453596530434
1005258.5601806641,5.946380044916957e-10,2.040638880811168e-09,99.88504613613216
1010022.1633911133,8.463026200457848e-10,2.904284654449643e-09,99.88621996762951
1012034.4161987305,7.181011751526525e-10,2.4643315215369116e-09,99.88674096060886
1012039.1845703125,6.976933229887746e-10,2.394297221198079e-09,99.88674211899622
1018066.40625,8.681216882903027e-10,2.9791618716246466e-09,99.88824315594944
1018691.0629272461,6.199796104824277e-10,2.127604507118706e-09,99.88839759642333
1020960.807800293,7.73081901876491e-10,2.6530106974396104e-09,99.888948539286
1020965.576171875,7.666906054777927e-10,2.6310774744847124e-09,99.8889497991108
1021080.0170898438,6.001781406461182e-10,2.0596511490421e-09,99.88897753876151
1024994.8501586914,9.062265213055916e-10,3.1099274856796783e-09,99.88994944471797
1029963.493347168,6.837902261435781e-10,2.3465855045373802e-09,99.89118894690077
1029968.26171875,7.152643913909775e-10,2.454596437003463e-09,99.89119009159174
1029992.1035766602,6.46095800573602e-10,2.2172282992681194e-09,99.89119584028191
1035118.1030273438,2.057094481906598e-09,7.059399079056564e-09,99.89283812017122
1039047.2412109375,1.006721756829523e-09,3.454800304768513e-09,99.89465922960538
1039052.0095825195,9.63604213098443e-10,3.306832405781077e-09,99.89466084170425
1043925.2853393555,4.322229504460198e-10,1.4832737752996821e-09,99.89621619067893
1047372.8179931641,2.3691950834681835e-09,8.130445022067798e-09,99.89759243791224
1048207.2830200195,1.9717560200918876e-09,6.766540260931445e-09,99.89813313292687
1048212.0513916016,2.1449346535852855e-09,7.360843097552965e-09,99.89813650115752
1049833.2977294922,2.78607863564003e-09,9.561078077652158e-09,99.89932998098993
1056776.0467529297,7.839665678986306e-10,2.6903639653465436e-09,99.9030401443891
1057453.1555175781,9.429141400230505e-10,3.2358295986184883e-09,99.90325464954284
1057457.9238891602,9.000097755550023e-10,3.0885932739492757e-09,99.90325615740275
1058373.4512329102,5.889525605710921e-10,2.02112795511954e-09,99.90349991187027
1059741.9738769531,1.0668931210415474e-09,3.661292362785335e-09,99.90389743159447
1066775.3219604492,8.216332419362722e-10,2.819625934765663e-09,99.90590079982205
1066780.0903320312,8.25043622722766e-10,2.831329451154999e-09,99.90590214711482
1068172.4548339844,9.391945539780976e-10,3.223064972330699e-09,99.90630112379016
1076059.341430664,5.861952192312722e-10,2.0116654957691426e-09,99.90830176717057
1076183.3190917969,6.971294596026572e-10,2.3923621925916233e-09,99.90833149230674
1076188.087463379,7.110525327090804e-10,2.4401424624477867e-09,99.90833264446563
1076560.0204467773,6.127077432538562e-10,2.10264940016182e-09,99.90842231575587
1080722.8088378906,8.70919343058514e-10,2.988762675898801e-09,99.90944090611997
1085672.378540039,7.811395843892561e-10,2.6806625126626153e-09,99.91069403068619
1085677.146911621,7.222516969331317e-10,2.4785750042220444e-09,99.91069526074426
1086664.1998291016,6.686744485813223e-10,2.294712191405301e-09,99.9109489080199
1094684.6008300781,9.82427449322551e-10,3.371428727259793e-09,99.91321642589638
1095247.2686767578,8.794577813721879e-10,3.0180643166830707e-09,99.9133874505239
1095252.0370483398,8.962307228106866e-10,3.075624573825107e-09,99.91338890337256
1096725.4638671875,6.288867481634329e-10,2.158171425699927e-09,99.91386484353595
1097693.4432983398,1.0790755622549748e-09,3.703099248681515e-09,99.91418141218752
1104907.9895019531,9.795340845130455e-10,3.361499471675642e-09,99.9165017178315
1104912.7578735352,9.683478755953713e-10,3.32311138905419e-09,99.91650331156691
1110277.1759033203,1.1784338280894522e-09,4.0440702913331256e-09,99.91825039141976
1113533.9736938477,0.0,0.0,99.91927772970162
1114649.772644043,0.0,0.0,99.9192795815346
1114654.541015625,0.0,0.0,99.9192795815346
1124410.629272461,3.5858080095182894e-09,1.2305535784921922e-08,99.92307112335499
1124482.1548461914,2.9259862960189015e-09,1.0041203816901701e-08,99.92314905919687
1124486.9232177734,3.0731636198259953e-09,1.0546277100253683e-08,99.92315396763483
1128025.0549316406,2.4615100225513855e-09,8.447245247667113e-09,99.92714763035202
1132745.7427978516,6.142974838304305e-09,2.1081049654073238e-08,99.93355611258885
1134395.5993652344,3.6096433494830293e-09,1.238733230835634e-08,99.9360846590237
1134400.3677368164,3.4855140911504144e-09,1.1961353832567e-08,99.93609046420286
1134495.735168457,3.997977988867337e-09,1.3719993116961735e-08,99.93620920775763
1144294.7387695312,1.1141309450275074e-09,3.823399963615633e-09,99.94345627093976
1144399.642944336,1.2426541064077225e-09,4.264457141623329e-09,99.94350156000408
1144404.411315918,1.143583619405173e-09,3.924473679094534e-09,99.94350351239733
1145210.2661132812,1.5696948596371102e-09,5.386773696583749e-09,99.94385916676826
1153402.328491211,6.757202379738499e-10,2.318891459584921e-09,99.94686909181715
1154494.285583496,8.016516821567566e-10,2.751054556082615e-09,99.94717110102798
1154499.0539550781,7.98158768318578e-10,2.739067808293759e-09,99.94717240997517
1156401.6342163086,9.621696803898196e-10,3.301909472502511e-09,99.94771010424155
1164603.2333374023,5.558400855102507e-10,1.9074947807535605e-09,99.9498368347097
1164674.7589111328,7.147151398871606e-10,2.4527115524761267e-09,99.94985356609976
1164679.5272827148,7.007521862190086e-10,2.4047944231790302e-09,99.94985472421945
1165041.9235229492,8.015711026547698e-10,2.750778028744119e-09,99.94994099559345
1174936.294555664,1.1584336500014267e-10,3.975435019585804e-10,99.95191693792603
1174945.8312988281,1.93715198053782e-10,6.647788435427927e-10,99.95191744425352
1174950.5996704102,2.901013766910843e-10,9.955504763922985e-10,99.95191784010689
1176166.5344238281,0.0,0.0,99.95198018466695
1183829.3075561523,6.387474283630296e-10,2.192010647637554e-09,99.95297406406918
1185307.502746582,5.516729125372877e-10,1.8931941556211946e-09,99.95324324801348
1185312.271118164,5.450583895072098e-10,1.870494878462252e-09,99.95324414534687
1186180.1147460938,5.926629740443043e-10,2.033861103589919e-09,99.95339636360183
1192092.8955078125,1.298753899023183e-10,4.456976652908872e-10,99.95431194805853
1195759.7732543945,3.7111058024794105e-10,1.2735524359592417e-09,99.95486538711485
1195764.5416259766,4.2857068657438046e-10,1.470740180737693e-09,99.95486604140521
1196632.3852539062,4.745847358899075e-10,1.6286481136103863e-09,99.95499155465401
1204690.933227539,2.950762562029258e-10,1.0126229347325497e-09,99.95606495162758
1206302.6428222656,3.72937473738512e-10,1.2798218466928304e-09,99.95626394942043
1206307.4111938477,3.476980121927147e-10,1.1932067528507891e-09,99.95626453903638
1209573.745727539,4.721630211926063e-10,1.6203374352948134e-09,99.95668185149094
1216883.659362793,3.069991367147008e-10,1.053539077595621e-09,99.95759708464804
1216940.8798217773,3.5856611659454396e-10,1.2305031856982753e-09,99.95760381221295
1216945.6481933594,3.4837548618861184e-10,1.1955316627393658e-09,99.95760439062474
1217346.19140625,3.974033354686768e-10,1.3637821524956888e-09,99.95765206391279
1227593.4219360352,2.47104977828252e-10,8.479983142506235e-10,99.95876495903966
1227674.4842529297,3.037979858112377e-10,1.0425535823067105e-09,99.95877265973
1227679.2526245117,2.9337304294709924e-10,1.0067779615456717e-09,99.9587731483287
1229267.1203613281,7.379142628622201e-11,2.532324749052914e-10,99.95889192981863
1238369.9417114258,3.6783179182116915e-10,1.2623005094172377e-09,99.95974548178339
1238498.6877441406,3.179521923046632e-10,1.0911270402413477e-09,99.9597603190011
1238503.4561157227,3.3909390690114853e-10,1.1636797605295168e-09,99.95976085658893
1240191.4596557617,4.097150238607861e-10,1.4060325802039646e-09,99.95996678849778
1246199.607849121,2.459959142059189e-10,8.441923039856711e-10,99.9606385021489
1249418.2586669922,3.1962394285607785e-10,1.0968640418262875e-09,99.96096761633153
1249423.0270385742,3.0753127811057497e-10,1.0553652448003865e-09,99.96096812946298
1250000.0,1.91591577179026e-09,6.574911436440389e-09,99.96102806745694
1259198.1887817383,2.1745898607322108e-10,7.462611851425759e-10,99.96189716300788
1260437.9653930664,2.471676501044524e-10,8.482133887709155e-10,99.9620074543319
1260442.7337646484,2.5090682746727446e-10,8.61045247231335e-10,99.96200786185092
1262288.0935668945,3.0064388304461663e-10,1.0317295436629933e-09,99.962167214061
1271553.0395507812,9.671275206677406e-12,3.3189234567409143e-11,99.96287975367161
1271557.8079223633,2.5539769474687843e-11,8.76456704807371e-11,99.96287978248091
1271586.4181518555,0.0,0.0,99.96288007196277
1280984.878540039,3.507712964152555e-10,1.2037534438273628e-09,99.96338639154739
1282768.2495117188,2.550205444274106e-10,8.751624255988393e-10,99.96356496585062
1282773.0178833008,2.4465718580901736e-10,8.395981455280419e-10,99.96356537468141
1287460.3271484375,0.0,0.0,99.96400805142092
1288962.3641967773,3.6926401592655393e-10,1.267215520185817e-09,99.96416666804271
1294078.8269042969,2.679212964945827e-10,9.194343625775058e-10,99.96466866920775
1294083.595275879,2.6894827734057243e-10,9.229586866676999e-10,99.9646691084685
1301164.6270751953,3.6822297599710596e-10,1.26364294907455e-09,99.96540793099985
1305394.172668457,7.08176834034785e-11,2.4302738323233454e-10,99.96578020495764
1305489.5401000977,9.724212724003898e-11,3.337090199413609e-10,99.96578404819753
1305494.3084716797,1.529519277492323e-10,5.24890182434451e-10,99.96578425290353
1306939.1250610352,5.396196363915994e-12,1.8518305297542768e-11,99.96582599882413
1314101.219177246,3.7855547776616614e-10,1.2991013366762944e-09,99.96632376718976
1317005.1574707031,3.0548496280947106e-10,1.0483428369921252e-09,99.96663608754972
1317009.9258422852,3.1509263866978865e-10,1.081313815581955e-09,99.96663659529942
1317205.4290771484,3.503236930870423e-10,1.202217388701668e-09,99.96665755546829
1328353.8818359375,1.854273816443261e-10,6.363372702252287e-10,99.96769037042202
1328616.1422729492,2.691702394136845e-10,9.237204012453701e-10,99.96771453663271
1328620.9106445312,2.772241717955084e-10,9.513593470201576e-10,99.96771498368656
1330995.5596923828,3.203962992202385e-10,1.0995145626719833e-09,99.96793354380391
1334586.1434936523,2.1504395193206262e-10,7.379734327121758e-10,99.96825726326422
1340332.03125,2.853102093852179e-10,9.791084692972763e-10,99.96876837957245
1340336.799621582,2.756446347261072e-10,9.4593879748724e-10,99.96876883853949
1343240.737915039,3.184304021651618e-10,1.0927681288148149e-09,99.96903400095162
1349062.9196166992,2.0906903725901844e-10,7.174691206782258e-10,99.96953594389227
1352152.8244018555,2.341156494368943e-10,8.034224069745875e-10,99.96979166933377
1352157.5927734375,2.4403468426429235e-10,8.374618864158839e-10,99.96979206055107
1354174.6139526367,2.7737781990025374e-10,9.518866262961842e-10,99.96995814668635
1363058.090209961,1.8820019702475866e-10,6.458528323519023e-10,99.97064940947806
1364078.5217285156,2.1327504592977545e-10,7.319030195574481e-10,99.97072498482834
1364083.2901000977,2.2302592943905966e-10,7.653654485663623e-10,99.97072534180495
1371378.8986206055,2.535093285557535e-10,8.699763361768581e-10,99.97126820230086
1373419.7616577148,1.7595285442915806e-10,6.038232222388366e-10,99.97141738160576
1376104.3548583984,1.9632589593379258e-10,6.737380616885534e-10,99.97160972722388
1376109.1232299805,2.0117723697764234e-10,6.903865689877418e-10,99.97161005245654
1379456.5200805664,4.138283503443354e-10,1.4201484185600683e-09,99.9719000857609
1382827.7587890625,0.0,0.0,99.97228720435214
1388239.860534668,2.472898946544615e-10,8.486328994308995e-10,99.97278498175037
1388244.62890625,2.2474422464423036e-10,7.71262178976959e-10,99.97278536796344
1388549.8046875,2.1183515653550958e-10,7.269617035638323e-10,99.97281016572755
1398849.4873046875,9.56797134973103e-10,3.2834723309416594e-09,99.97453541858934
1400485.0387573242,6.302043106066998e-10,2.16269294825536e-09,99.97494733441272
1400489.8071289062,6.147972064221113e-10,2.109819879930951e-09,99.97494835305916
1400532.7224731445,7.117731445783674e-10,2.442615410001312e-09,99.97495697158523
1412014.9612426758,2.0462115887081687e-10,7.022051895007313e-10,99.97627031723499
1412835.1211547852,2.3808286016731386e-10,8.170368150744965e-10,99.97633774705594
1412839.8895263672,2.1429567078874858e-10,7.354055315970599e-10,99.97633811718704
1417660.7131958008,2.871155474118526e-10,9.853039074333013e-10,99.97672150059569
1423721.3134765625,1.3357759516466843e-10,4.5840264537293457e-10,99.97719491617954
1425294.8760986328,1.8782236925405394e-10,6.445562283115847e-10,99.97729762650717
1425299.6444702148,2.0035513897351878e-10,6.87565348113227e-10,99.9772979441097
1425657.2723388672,2.1870073664913016e-10,7.505225416087436e-10,99.97732081409548
1429920.1965332031,0.0,0.0,99.97755911760048
1437864.3035888672,1.3465377247773209e-11,4.6209579860413754e-11,99.97758503730118
1437869.0719604492,6.049764790949055e-12,2.0761177655851454e-11,99.97758505326826
1437902.4505615234,0.0,0.0,99.97758519202287
1446328.1631469727,2.2132404169065375e-10,7.59525024167081e-10,99.97794452513
1450543.4036254883,1.4404996321656032e-10,4.943410167172333e-10,99.97819181402164
1450548.1719970703,1.354354080112757e-10,4.647781630818943e-10,99.97819204269346
1450681.6864013672,1.1821653473707258e-10,4.0568758693021497e-10,99.97819864345404
1461791.9921875,2.2478582167516624e-10,7.714049288819649e-10,99.9788913399294
1463332.176208496,1.935112618083334e-10,6.640789887933055e-10,99.97899617267655
1463336.9445800781,2.0512242482016595e-10,7.039254004158458e-10,99.9789964988342
1464948.6541748047,1.5987746153581498e-10,5.486567654791265e-10,99.97910345190152
1475801.4678955078,2.656240223713108e-10,9.115507310900814e-10,99.97986169287307
1476240.1580810547,2.335825588554779e-10,8.015929824184453e-10,99.97989677319505
1476244.9264526367,2.4081360712302237e-10,8.264080095985312e-10,99.97989716134073
1478195.1904296875,0.0,0.0,99.98005435674376
1485538.4826660156,2.859548987738118e-10,9.813208711661001e-10,99.9806605336648
1489257.8125,2.2981690547559673e-10,7.886702653357856e-10,99.98096385055308
1489262.580871582,2.460260667752823e-10,8.442957795538899e-10,99.98096423988252
1489486.6943359375,2.039619915761274e-10,6.999431033233565e-10,99.98098199664211
1502237.319946289,5.759338015505746e-10,1.976451049781328e-09,99.98237400125011
1502389.907836914,5.668823823102758e-10,1.9453889954074822e-09,99.98240079956041
1502394.676208496,5.377364659904285e-10,1.8453679916877652e-09,99.9824017033473
1505465.5075073242,8.989423354067106e-10,3.0849301043350076e-09,99.98310446212028
1515460.0143432617,3.8234613547893486e-10,1.3121098619540133e-09,99.9852208413356
1515636.4440917969,4.359313943695204e-10,1.4960001648012614e-09,99.98524771006934
1515641.212463379,4.787069350665528e-10,1.6427944006804512e-09,99.9852484584163
1515722.2747802734,5.687894612952002e-10,1.9519335813505574e-09,99.98526069297586
1528968.8110351562,1.975979912269169e-10,6.781035531230696e-10,99.98671736017909
1529002.1896362305,2.0275533615974303e-10,6.958021840753173e-10,99.98671984970684
1529006.9580078125,2.1308871778732577e-10,7.312635911166151e-10,99.98672018994583
1529154.7775268555,2.7070808740642266e-10,9.289978849969198e-10,99.98673154794821
1540689.468383789,1.2899926051493736e-10,4.426910231338002e-10,99.98747137516729
1542487.1444702148,1.630286081320515e-10,5.594706593352932e-10,99.98756804006605
1542491.9128417969,1.6835164410871003e-10,5.777378977154088e-10,99.98756831119769
1542615.8905029297,1.7657400292494415e-10,6.059548380482599e-10,99.98757490476582
1553473.4725952148,1.0968227450538236e-10,3.7640028420788987e-10,99.98809946499627
1556091.30859375,1.3245913724183738e-10,4.545643963766712e-10,99.98821612836825
1556096.076965332,1.314915298174568e-10,4.5124382601850776e-10,99.98821634432976
1562500.0,2.693571572496387e-10,9.243618533568798e-10,99.98848518330706
1567077.63671875,0.0,0.0,99.98859951131371
1569814.682006836,3.672403916438005e-11,1.2602709818947096e-10,99.98861531163324
1569819.450378418,2.7959966536371367e-11,9.595114067603357e-11,99.98861536455696
1573562.6220703125,0.0,0.0,99.98868502854097
1576442.7185058594,1.1881888859828266e-10,4.077547045713801e-10,99.98878141401687
1583657.2647094727,9.965772226278043e-11,3.4199869716761525e-10,99.98900699138854
1583662.0330810547,9.78282931609976e-11,3.357205848932801e-10,99.9890071529694
1588172.9125976562,0.0,0.0,99.98914998136928
1593718.5287475586,1.2850471322508344e-10,4.409938688643916e-10,99.98915061103544
1597623.8250732422,7.605483545164004e-11,2.6099989089829473e-10,99.98923118052035
1597628.5934448242,8.225620079820003e-11,2.82281321188178e-10,99.9892313100487
1597661.9720458984,5.952889172435374e-11,2.0428726396012059e-10,99.9892321247176
1605339.0502929688,1.0404859922368264e-10,3.570670146642985e-10,99.98944920467709
1611709.5947265625,9.154381756538881e-11,3.141539424166179e-10,99.98963117329008
1611714.3630981445,8.420976861890996e-11,2.8898544440453716e-10,99.98963131708972
1612014.7705078125,9.795967285939125e-11,3.3617144494370774e-10,99.98963974183404
1614456.1767578125,2.1609684295720677e-12,7.41586673619983e-12,99.98970690899263
1625924.1104125977,6.521381920363023e-11,2.2379641736298798e-10,99.98999743978816
1625928.8787841797,6.933871084591806e-11,2.379519442563302e-10,99.98999754987754
1632866.8594360352,2.7575335182045876e-11,9.463118855308342e-11,99.99014143528545
1636548.0422973633,8.41031770255554e-11,2.886196505129192e-10,99.99021900951868
1640262.6037597656,6.069604573613503e-11,2.0829262493325851e-10,99.99030787969522
1640267.3721313477,6.862990056229556e-11,2.35519496594134e-10,99.99030798550827
1641473.7701416016,5.2443532929398486e-11,1.799722041552188e-10,99.99033488535531
1649475.09765625,8.862123531407299e-11,3.0412442037235884e-10,99.99052961345036
1654725.0747680664,6.788787247653271e-11,2.329730543031541e-10,99.99066095490635
1654729.8431396484,6.499096657524495e-11,2.2303164663737196e-10,99.99066106362635
1667451.8585205078,1.0269121537305051e-10,3.524088356699154e-10,99.99097623276091
1668930.0537109375,0.0,0.0,99.99101031333187
1669316.291809082,6.264070050824274e-11,2.1496616094633281e-10,99.99101917506655
1669321.060180664,6.532585345948663e-11,2.241808890192837e-10,99.99101927976737
1671786.3082885742,5.15024318251043e-11,1.7674259641119534e-10,99.9910765545271
1677365.3030395508,8.661714657797996e-11,2.9724692286198186e-10,99.99121165852138
1684041.0232543945,6.967891576056049e-11,2.3911943669882194e-10,99.9913760151221
1684045.7916259766,6.791932016306395e-11,2.3308097436773533e-10,99.99137612770345
1686406.135559082,8.13891531699364e-11,2.7930584520382293e-10,99.9914311294696
1698856.3537597656,6.03950885929334e-12,2.0725982036436776e-11,99.99165977020455
1698889.7323608398,2.0686058894959192e-11,7.098903156700767e-11,99.99165995913174
1698894.5007324219,1.1857011602394021e-11,4.0690098351109124e-11,99.99165998575812
1707911.491394043,6.806253905489543e-11,2.3357246336933023e-10,99.99178243140078
1709823.6083984375,0.0,0.0,99.99181729623602
1713871.955871582,5.0743405644882825e-11,1.7413782119801743e-10,99.99188159914554
1713876.724243164,5.915498633757655e-11,2.0300412049428294e-10,99.99188168906319
1714081.7642211914,4.684253078350544e-11,1.6075106009096356e-10,99.99188566874045
1725397.1099853516,9.919387417246352e-11,3.404068943552474e-10,99.99215359041501
1728987.693786621,7.398501637302294e-11,2.538968244004154e-10,99.99224976836352
1728992.4621582031,8.097714781386166e-11,2.778919528149111e-10,99.99224989515183
1737227.439880371,5.2944609351574364e-11,1.8169176466367283e-10,99.9924485358168
1744208.3358764648,1.9649223007096038e-10,6.743088760410617e-10,99.99268577079793
1744232.177734375,1.7322304490905823e-10,5.944552447435435e-10,99.99268716064262
1744236.946105957,1.8941013979455426e-10,6.500050329192236e-10,99.99268745734507
1745581.6268920898,2.35805790513385e-10,8.092225199318668e-10,99.99277266064531
1748542.7856445312,0.0,0.0,99.99290371987072
1759614.9444580078,9.062391330535459e-11,3.1099707658316973e-10,99.9931369449374
1759619.7128295898,9.411774311900685e-11,3.229869677553133e-10,99.99313709609098
1759777.0690917969,1.1488845681189366e-10,3.942665119885034e-10,99.99314212442066
1764297.4853515625,0.0,0.0,99.99326346729993
1775131.2255859375,5.2368322718838645e-11,1.7971410279145949e-10,99.99350825444012
1775135.9939575195,5.878059564332708e-11,2.01719311582763e-10,99.99350834538095
1775302.8869628906,7.382789078155486e-11,2.5335761131834153e-10,99.99351151062865
1790719.0322875977,2.7634535838559112e-11,9.483434940142799e-11,99.99377075626795
1790785.789489746,3.565703323450441e-11,1.223654186968836e-10,99.99377155122521
1790790.5578613281,3.1572546924053114e-11,1.0834855211538634e-10,99.99377160623169
1794147.4914550781,5.509375939798497e-11,1.890670738640182e-10,99.99381351189899
1805191.0400390625,0.0,0.0,99.9939787318448
1806578.6361694336,4.5837277062183566e-11,1.573012976921356e-10,99.99399899910973
1806583.4045410156,4.187675994422405e-11,1.4370986028319475e-10,99.99399907087638
1811127.6626586914,5.164969599615721e-11,1.7724796773110933e-10,99.99406661511252
1812596.321105957,1.1943303944268616e-11,4.0986230630942255e-11,99.99408781965874
1822509.765625,3.3495756956576715e-11,1.149484955073136e-10,99.99421638455065
1822514.533996582,3.38451118663595e-11,1.1614738829035128e-10,99.99421643964818
1829271.3165283203,7.627964153566305e-12,2.6177136536214505e-11,99.99427921328498
1837849.6170043945,4.648692369934222e-11,1.5953071151459621e-10,99.99436164600172
1838579.1778564453,3.918217878529635e-11,1.3446277711852313e-10,99.99437166302346
1838583.9462280273,3.781697317545188e-11,1.2977775593469958e-10,99.9943717260233
1840500.831604004,3.2730663568347e-11,1.1232289925601493e-10,99.99439858351258
1848139.762878418,6.093296632741585e-11,2.0910567315180568e-10,99.99452444698905
1854796.4096069336,4.2413597738465893e-11,1.455521442733599e-10,99.99463467042253
1854801.1779785156,4.40442510668545e-11,1.5114811116060652e-10,99.99463474116138
1859660.1486206055,0.0,0.0,99.99470712026599
1865224.838256836,5.5568607494892446e-11,1.9069662576233134e-10,99.99479013653033
1871151.9241333008,4.178535093177286e-11,1.433961689559411e-10,99.9948720230109
1871156.6925048828,4.4931479911243994e-11,1.5419284369092303e-10,99.99487209396165
1875000.0,0.0,0.0,99.99493206950525
1884770.393371582,9.829125577570944e-11,3.373093489897669e-10,99.99517539403348
1887650.489807129,8.194294005724039e-11,2.812062939564753e-10,99.99525645662027
1887655.258178711,8.210558944424779e-11,2.817644632301515e-10,99.99525659084297
1888551.7120361328,8.880189638740251e-11,3.0474440094490975e-10,99.99528024101673
1900558.4716796875,0.0,0.0,99.99551719977575
1904296.875,2.382065658972302e-11,8.174613401138306e-11,99.99556546440162
1904301.643371582,2.119950266679221e-11,7.275103351777169e-11,99.99556550123661
1905016.8991088867,0.0,0.0,99.99556875072267
1920652.3895263672,4.47700342433448e-11,1.5363880525986908e-10,99.99564964999317
1921091.079711914,4.0542434009767845e-11,1.391308099013518e-10,99.99565532789295
1921095.848083496,4.0114284001352055e-11,1.3766151337574587e-10,99.9956553938854
1921448.7075805664,4.469573862146568e-11,1.5338384252029415e-10,99.99565990839223
1937704.086303711,2.231907287272629e-11,7.659309957269832e-11,99.9958338706486
1938033.103942871,2.8592991073475025e-11,9.812351188871017e-11,99.99583683964718
1938037.8723144531,2.579814976796256e-11,8.85323626674272e-11,99.99583688414941
1953907.0129394531,3.55989228685139e-11,1.22165999434538e-10,99.99597061716248
1955027.5802612305,0.0,0.0,99.99598169735958
1955122.947692871,2.8260471839553443e-11,9.698239465060501e-11,99.99598248020679
1955127.7160644531,2.9550812950495924e-11,1.0141050086078431e-10,99.99598252750734
1961812.973022461,1.1864367736988295e-11,4.071534264116823e-11,99.99604018810744
1968140.6021118164,3.357008136339427e-11,1.1520355702911251e-10,99.99609864558978
1972365.379333496,1.9061517515127777e-11,6.541403925550144e-11,99.9961357208233
1972370.1477050781,1.989085519668528e-11,6.826010477019167e-11,99.99613575269372
1974601.7456054688,1.2833016369433669e-11,4.4039486147438525e-11,99.99615093112727
1983103.7521362305,2.9323633998977436e-11,1.0063088334917433e-10,99.99620746325319
1989760.398864746,2.3376712558916094e-11,8.022263661746346e-11,99.99626189862299
1989765.1672363281,2.3542352717132537e-11,8.079106941948245e-11,99.99626193701165
1995925.9033203125,0.0,0.0,99.99631350657096
2006344.7952270508,2.9962962578179153e-11,1.0282488835134033e-10,99.99640214125132
2007303.237915039,2.6656529264815593e-11,9.147809193891357e-11,99.99641034920978
2007308.006286621,2.5270905730141957e-11,8.672300188805303e-11,99.99641039169622
2008638.3819580078,3.032374268003979e-11,1.0406298934340384e-10,99.99642155239378
2009506.2255859375,3.19375811621871e-12,1.0960125216741253e-11,99.99642869557289
2025008.201599121,2.0176347047944315e-11,6.923983658590692e-11,99.99654442359743
2025012.9699707031,1.8349627648710564e-11,6.297102328731045e-11,99.99654445511896
2035684.585571289,2.884080862297026e-11,9.89739555586865e-11,99.99661744702595
2036819.4580078125,9.013547870870104e-12,3.093208994449181e-11,99.9966260576955
2042865.7531738281,2.1857669043107155e-11,7.500968481050053e-11,99.99667128403527
2042870.5215454102,2.10212276431188e-11,7.213924123063648e-11,99.99667131911832
2050395.0119018555,0.0,0.0,99.99672583510801
2056570.053100586,2.692638566342274e-11,9.240416705532687e-11,99.99677055658486
2060880.6610107422,1.850602827137606e-11,6.350774846999888e-11,99.99679789433536
2060885.4293823242,1.750004828615382e-11,6.005549372735568e-11,99.99679792379513
2063312.5305175781,0.0,0.0,99.99680851738523
2078566.551208496,2.5839490474386105e-11,8.867423293513773e-11,99.9968502636905
2079052.9251098633,2.172698057155651e-11,7.456119686606113e-11,99.99685393468629
2079057.6934814453,2.337483207657619e-11,8.02161833041056e-11,99.99685397158807
2091293.3349609375,0.0,0.0,99.99694746657421
2097344.398498535,7.138390666683215e-11,2.4497051030744797e-10,99.99704403333713
2097387.3138427734,5.919776222331502e-11,2.031509159142522e-10,99.99704491941075
2097392.0822143555,6.350064870354655e-11,2.1791727357210658e-10,99.99704501980125
2098073.959350586,6.803744777055401e-11,2.3348635678009473e-10,99.99705857016458
2108769.416809082,1.7182191579319038e-11,5.89646943677552e-11,99.99720420414516
2115883.8272094727,2.3731627717814696e-11,8.144061069104604e-11,99.99726458974733
2115888.5955810547,2.2778690930806547e-11,7.817038604372238e-11,99.99726462780156
2119517.3263549805,2.8524303758829933e-11,9.788779536231172e-11,99.99729330362456
2132186.8896484375,0.0,0.0,99.99737339588754
2134542.465209961,9.000036791115175e-12,3.088572352582804e-11,99.99738048969637
2134547.233581543,7.137276004009773e-12,2.4493225806031218e-11,99.99738050289973
2135200.5004882812,0.0,0.0,99.99738166898857
2144298.553466797,2.1417411433597906e-11,7.349883823031008e-11,99.99741409668805
2153363.2278442383,1.768730609112031e-11,6.069811252175417e-11,99.99746690588478
2153367.9962158203,1.74172501732379e-11,5.977135270845386e-11,99.99746693460693
2159347.5341796875,1.0544934693653087e-11,3.618740068569499e-11,99.99750268430306
2167229.652404785,2.3475597264431997e-11,8.05619825275282e-11,99.99755134838479
2172355.6518554688,1.5924925977938474e-11,5.4650094476218253e-11,99.99758268721754
2172360.420227051,1.6749578256640587e-11,5.748008093917155e-11,99.99758271395146
2186655.9982299805,0.0,0.0,99.99766572932715
2187500.0,7.943342663008173e-11,2.725943138396727e-10,99.99767035708406
2191510.2005004883,2.2095275446415036e-11,7.582508655283323e-11,99.99769719302918
2191514.9688720703,2.056462438314091e-11,7.057230074183861e-11,99.99769722793306
2196016.311645508,3.468826172367595e-11,1.1904085350480742e-10,99.99773861769782
2200241.0888671875,7.166622690178637e-12,2.4593935798273202e-11,99.99777884377751
2210836.410522461,2.6275690016158778e-11,9.017115331023926e-11,99.99787979099325
2210841.178894043,2.7555380598077237e-11,9.456270974818157e-11,99.99787983503724
2210903.1677246094,3.002468672235817e-11,1.0303670913565795e-10,99.99788037000322
2221713.066101074,0.0,0.0,99.9979423888521
2230334.2819213867,0.0,0.0,99.99794293947896
2230339.0502929688,0.0,0.0,99.99794293947896
2249770.164489746,2.7180771522431955e-11,9.327715141001253e-11,99.99806719465083
2250003.8146972656,2.307810730759842e-11,7.919790311363349e-11,99.99806901540163
2250008.5830688477,2.2136341914099344e-11,7.596601570640425e-11,99.99806905239559
2262883.186340332,3.906995120113164e-11,1.3407764201108615e-10,99.99818496264422
2268371.58203125,1.27029084489756e-11,4.3592990499359025e-11,99.99823526040778
2269845.0088500977,2.19550108088782e-11,7.53437357632798e-11,99.99824639648178
2269849.7772216797,2.5220234591181173e-11,8.65491120668218e-11,99.99824643508002
2275276.1840820312,3.362523780832329e-11,1.1539283922298387e-10,99.99829542013025
2282028.1982421875,0.0,0.0,99.99835441018007
2289862.632751465,1.861070562931591e-11,6.386697321671725e-11,99.99841501367601
2289867.401123047,1.949285307908593e-11,6.689426775728048e-11,99.99841504485192
2290601.7303466797,0.0,0.0,99.99841832918236
2309947.0138549805,2.7629399650121453e-11,9.481672337391901e-11,99.99850580218474
2310051.918029785,2.3101848981648673e-11,7.92793782006554e-11,99.99850658120936
2310056.686401367,2.1878216645869492e-11,7.508019869758404e-11,99.99850661801155
2322921.7529296875,1.712583989305067e-12,5.877131042470096e-12,99.99860046256825
2324123.3825683594,2.6542623200851087e-11,9.108719673690772e-11,99.99860894695493
2330427.1697998047,1.7855253220095057e-11,6.127446223152328e-11,99.99865355826654
2330431.9381713867,2.1024159055671548e-11,7.214930105591783e-11,99.99865359007725
2336497.3068237305,0.0,0.0,99.99869432995598
2349514.961242676,2.5737895840125937e-11,8.832558727309279e-11,99.99878005657263
2350974.0829467773,1.959701730363185e-11,6.725173156718218e-11,99.99878985513827
2350978.8513183594,1.8606976170384272e-11,6.385417470931813e-11,99.99878988639635
2351708.41217041,1.5834586498841346e-11,5.434007350190227e-11,99.99879501485121
2359409.3322753906,3.0696663758960844e-11,1.0534275492746006e-10,99.99885743080914
2371706.962585449,2.5899091666577746e-11,8.887876831499951e-11,99.99896112020194
2371711.7309570312,2.345650063974269e-11,8.049644800982349e-11,99.99896116058413
2372264.862060547,2.6459024632863625e-11,9.080030876989798e-11,99.99896546023342
2377390.8615112305,0.0,0.0,99.99900307235498
2392621.0403442383,2.2007895140986615e-11,7.552522067253717e-11,99.99904141080258
2392625.8087158203,1.888514236792768e-11,6.480876683721232e-11,99.99904144426081
2397007.942199707,2.837156569428915e-11,9.736363910131357e-11,99.99907442466643
2412004.4708251953,1.4536856480125458e-11,4.988661053286254e-11,99.99918969940171
2413721.0845947266,1.8659841358954938e-11,6.40355939230647e-11,99.99920115484584
2413725.8529663086,1.674427415953307e-11,5.7461878693934217e-11,99.99920118381308
2431864.7384643555,0.0,0.0,99.99934027809702
2434058.18939209,3.3119997982535726e-11,1.1365899102483905e-10,99.99936127130191
2435007.095336914,2.698030717843879e-11,9.258921129942636e-11,99.99937054135604
2435011.863708496,2.6045031616101217e-11,8.937959526015211e-11,99.99937058474079
2445225.715637207,5.937355279743142e-11,2.0375418223378165e-10,99.99950686675568
2450022.6974487305,0.0,0.0,99.99958042006422
2456483.840942383,1.692600519397251e-11,5.808553108736668e-11,99.99959894321643
2456488.609313965,2.2685453930661024e-11,7.785042155071997e-11,99.99959897562609
2461600.3036499023,3.830175689552209e-11,1.3144140423919232e-10,99.99965052013785
2472763.0615234375,0.0,0.0,99.99976352168137
2478141.7846679688,2.6261887363363553e-11,9.012378629074249e-11,99.99981500576848
2478146.553039551,2.8861483931869923e-11,9.904490769913958e-11,99.99981505086983
2486343.3837890625,5.04918416467706e-12,1.732745207165776e-11,99.99988791828098
2499995.231628418,7.111977128350426e-10,2.440640681881327e-09,99.9999982863932
2500000.0,1.3831924413838328e-09,4.746747187719298e-09,100.0
