frequency_hz,density,normalised_density_per_hz,cumulative_variance_pct
0.0,0.03950630872013841,0.00038378717277095034,0.0
4.76837158203125,0.26184642162395805,0.002543727852863724,0.6979739727102934
9.5367431640625,0.308964904794913,0.003001464098726105,2.0200507586537606
14.30511474609375,0.23913272836403224,0.0023230738762756785,3.2895195370259964
19.073486328125,0.10117801112307205,0.000982901822354198,4.077725565637627
23.84185791015625,0.03255128420363576,0.00031622203489259056,4.387460829759347
28.6102294921875,0.026594416076148764,0.00025835356650662266,4.5244503282313735
33.37860107421875,0.03471848390398721,0.000337275468452278,4.66645935641791
38.14697265625,0.04843079306697481,0.00047048478454162407,4.859044408191434
42.91534423828125,0.04365688716296358,0.0004241082966000648,5.072332019471324
47.6837158203125,0.02921523546843773,0.0002838137245799871,5.241113781875779
52.45208740234375,0.021550516461631974,0.00020935420322748348,5.358694178482097
57.220458984375,0.022045133789547894,0.00021415920253098987,5.459667642913496
61.98883056640625,0.023870407690923336,0.00023189097076841046,5.566014291439545
66.7572021484375,0.02861717709328503,0.00027800383901012014,5.687582687478203
71.52557373046875,0.027451908558386064,0.0002666837453082286,5.817446327385647
76.2939453125,0.02408763430018525,0.00023400123591137362,5.936818929185517
81.06231689453125,0.024075133985423037,0.00023387980061112017,6.048370461101776
85.8306884765625,0.026027226749173325,0.0002528435607562044,6.16441435333451
90.59906005859375,0.028365161414913884,0.000275555612693124,6.290394533466739
95.367431640625,0.030131524798543446,0.000292715090028544,6.425880826954685
100.13580322265625,0.030474991572804783,0.00029605172527757,6.566253774482121
104.9041748046875,0.03163354120228135,0.00030730654763927017,6.710105596600127
109.67254638671875,0.029633104753181726,0.0002878731489244835,6.8520074941649565
114.44091796875,0.032370080340092866,0.00031446171557303717,6.995615316701788
119.20928955078125,0.04110595968660127,0.00039932710909322566,7.165795834057293
123.9776611328125,0.041696531576049765,0.00040506426660330953,7.357577682892412
128.74603271484375,0.03322068727879165,0.00032272500421524203,7.531096166726334
133.514404296875,0.03112646675289335,0.00030238053264015674,7.680132940611917
138.28277587890625,0.02765214771275718,0.00026862898447189065,7.816272218335241
143.0511474609375,0.029830420098756846,0.0002897899845154532,7.949409675464561
147.81951904296875,0.03542199658286991,0.00034410979822855687,8.100543160959177
152.587890625,0.03242502064538987,0.0003149954375309776,8.257686094747365
157.35626220703125,0.032865759010282075,0.00031927702537032555,8.408908434115542
162.1246337890625,0.03384672042684144,0.00032880665293754985,8.56342362383662
166.89300537109375,0.03469249925136382,0.000337023038481247,8.722169792788321
171.661376953125,0.03516673023285565,0.000341629993003788,8.88397328425795
176.42974853515625,0.04007332162828628,0.0003892954646866609,9.058239493309665
181.1981201171875,0.0403595117423857,0.0003920756812729102,9.244532891680306
185.96649169921875,0.042466567159290654,0.0004125448384157402,9.436369372700435
190.73486328125,0.04686437074469321,0.00045526765052152486,9.643271993239448
195.50323486328125,0.04729581640414361,0.0004594589636360392,9.861359812853278
200.2716064453125,0.04709432232971273,0.0004575015334518188,10.079980231661228
205.03997802734375,0.04484567001837563,0.00043565682203556313,10.292925777689216
209.808349609375,0.04909859521386575,0.00047697220151953575,10.51051349273207
214.57672119140625,0.05130480804873494,0.000498404631272048,10.743061451294821
219.3450927734375,0.05365743843381938,0.0005212594459413398,10.986168311744944
224.11346435546875,0.05478885725521439,0.0005322507039138085,11.237344704742481
228.8818359375,0.059261925099945795,0.0005757046766426507,11.501501852282685
233.65020751953125,0.06205173505334212,0.0006028065069393507,11.782480814127606
238.4185791015625,0.07379669335704267,0.0007169038369030634,12.097124279132148
243.18695068359375,0.06969385720697635,0.0006770465093675819,12.429467940028125
247.955322265625,0.06342354777915961,0.0006161330905830494,12.737785982771483
252.72369384765625,0.061346255049997515,0.0005959530654333857,13.026769841837593
257.4920654296875,0.0708900598793785,0.0006886671152043469,13.333047159990432
262.26043701171875,0.07913953039580164,0.0007688072515249405,13.680536127582982
267.02880859375,0.08542585237778703,0.0008298762255383041,14.061691970617545
271.79718017578125,0.08250564643071452,0.0008015076530078976,14.450644196909726
276.5655517578125,0.07724413569363436,0.0007503942892007989,14.82064645287608
281.33392333984375,0.08036261890366812,0.0007806890419449965,15.185685165173945
286.102294921875,0.07959733925797036,0.0007732546720654389,15.556174217472119
290.87066650390625,0.09751145211799365,0.0009472827437830938,15.966382303449796
295.6390380859375,0.09119602753628528,0.0008859310502540425,16.403454531413516
300.40740966796875,0.08343706014071975,0.0008105559454458289,16.80792855039256
305.17578125,0.08549366449761493,0.0008305349917604969,17.199195119817745
309.94415283203125,0.09292834680351503,0.0009027598033176727,17.612444802024417
314.7125244140625,0.11101569576666623,0.001078470790913708,18.084806985173607
319.48089599609375,0.11242615943187273,0.001092172852176896,18.602328758295105
324.249267578125,0.11318360770657841,0.0010995311435811584,19.124871710774958
329.01763916015625,0.11012907812293322,0.0010698576734182819,19.642094310042783
333.7860107421875,0.10404678442046156,0.0010107707483256259,20.138154781993293
338.55438232421875,0.09700619391124543,0.0009423743728173101,20.603820866555342
343.32275390625,0.10918599707556205,0.0010606960377051496,21.08139006767249
348.09112548828125,0.10395230088134241,0.0010098528804830793,21.575047398707206
352.8594970703125,0.1131244884351045,0.0010989568247244921,22.077826812218383
357.62786865234375,0.11355101747674831,0.0011031003749649563,22.602838160868703
362.396240234375,0.11625138133988906,0.0011293332741160568,23.135091819421117
367.16461181640625,0.10986996272535356,0.0010673404763153333,23.65881965374867
371.9329833984375,0.09508668997231694,0.0009237271993984341,24.133527179887395
376.70135498046875,0.09813969985385904,0.0009533859062945694,24.581065819359644
381.4697265625,0.1121131694655766,0.0010891322862986359,25.068040104626803
386.23809814453125,0.13823587319645356,0.0013429033657742508,25.647882589118364
391.0064697265625,0.14219639961910577,0.001381378214163706,26.297401932479737
395.77484130859375,0.13899273653029565,0.0013502559747240507,26.948674274419602
400.543212890625,0.1880439774937744,0.0018267681496183846,27.706135851916713
405.31158447265625,0.19774525295695056,0.0019210119603641515,28.59967626052385
410.0799560546875,0.18111902270589278,0.0017594951265061803,29.477177530548705
414.84832763671875,0.1563611595402278,0.0015189828990664885,30.258827603021437
419.61669921875,0.1388810318476395,0.0013491708107152953,30.94264873515249
424.38507080078125,0.1344650148862067,0.0013062710633219652,31.57575541364724
429.1534423828125,0.14054645026646329,0.0013653496501753136,32.21271942805756
433.92181396484375,0.12873254972678722,0.0012505825753863634,32.83640627230196
438.690185546875,0.11186519049625336,0.0010867232749121908,33.393663412055915
443.45855712890625,0.11590579097373784,0.0011259760090650082,33.9212120313208
448.2269287109375,0.11659203685922102,0.0011326425992058643,34.45970867063709
452.99530029296875,0.10193774376652237,0.0009902823054400037,34.96585340994208
457.763671875,0.08860622192773353,0.0008607721780452156,35.4071791897342
462.53204345703125,0.08979799829100955,0.0008723497841505362,35.82038766537062
467.3004150390625,0.08484482748409246,0.0008242318130764808,36.22488423911135
472.06878662109375,0.07882825892512704,0.0007657833801088402,36.60397340222048
476.837158203125,0.07085261676171917,0.0006883033710649487,36.950654699325746
481.60552978515625,0.07385573325926147,0.0007174773847207991,37.2858189496485
486.3739013671875,0.06226216075494808,0.0006048507041249138,37.601086533697185
491.14227294921875,0.06157508746851385,0.0005981760761318252,37.88791046926712
495.91064453125,0.06010920975987974,0.0005839356907440134,38.1697478770649
500.67901611328125,0.06492828351097492,0.0006307509653222918,38.45935174365786
505.4473876953125,0.04991574486523859,0.00048491046668758177,38.725346157036064
510.21575927734375,0.05040905009002029,0.0004897027194610129,38.95771204805126
514.984130859375,0.05874711976371239,0.0005707035593294632,39.21053260631086
519.7525024414062,0.05208785881167244,0.0005060116400810164,39.46724151425136
524.5208740234375,0.04739263606439881,0.0004603995259128445,39.697651891275505
529.2892456054688,0.0419710175354986,0.000407730782249923,39.90463028582268
534.0576171875,0.051387744028592065,0.0004992103194332943,40.12086189461479
538.8259887695312,0.04904011672577954,0.00047640410760396614,40.353466500059994
543.5943603515625,0.04056251424330623,0.0003940477651860298,40.56099839874688
548.3627319335938,0.043709158225066484,0.0004246160879830644,40.75618307138127
553.131103515625,0.043333998307322805,0.0004209715671753172,40.95778687862995
557.8994750976562,0.04281844473588389,0.0004159631810718176,41.15732767210776
562.6678466796875,0.04197848571580976,0.0004078033324805119,41.35372891378036
567.4362182617188,0.03831101712183613,0.00037217541763586576,41.53969033911252
572.20458984375,0.04401582292273595,0.0004275952065370393,41.730370514935
576.9729614257812,0.04200779057719129,0.00040808801688314075,41.92961292164185
581.7413330078125,0.041270692530187794,0.0004009274193816521,42.12249723242733
586.5097045898438,0.03507441756622871,0.0003407332142744293,42.29932290687917
591.278076171875,0.033526785839814145,0.00032569862298981,42.45821263858775
596.0464477539062,0.03938787712549568,0.0003826366596415999,42.62709293020024
600.8148193359375,0.037290817444543954,0.0003622646068693258,42.80469123173273
605.5831909179688,0.03335003993497092,0.0003239816108639961,42.968305079878526
610.3515625,0.03423079446973738,0.00033253777072184956,43.12483149798886
615.1199340820312,0.03297029795086648,0.0003202925772087818,43.28047838193686
619.8883056640625,0.038527402686318005,0.00037427751238253626,43.446076795783675
624.6566772460938,0.03192564351578725,0.00031014419875606856,43.609255647659595
629.425048828125,0.02938069095028219,0.0002854210549951462,43.75124946922123
634.1934204101562,0.03297906806048594,0.0003203777751350065,43.89568316552224
638.9617919921875,0.03375031416134831,0.00032787010661698327,44.05023750439515
643.7301635742188,0.03555398905950246,0.0003453920496226999,44.21075571104866
648.49853515625,0.03115866255044164,0.0003026933012717112,44.36527129954545
653.2669067382812,0.02984297351985043,0.00028991193572137924,44.50655939811749
658.0352783203125,0.03108195237846756,0.00030194809421545945,44.64766982548205
662.8036499023438,0.029828988381559493,0.0002897760759850645,44.78874786136131
667.572021484375,0.02973106882402021,0.0002888248286687636,44.92669706691575
672.3403930664062,0.026253533481957025,0.00025504203548006065,45.056365031886536
677.1087646484375,0.028404115789464595,0.0002759340380575838,45.182959592876315
681.8771362304688,0.03248060871298425,0.00031553545222718667,45.323976908331936
686.6455078125,0.025569384642995255,0.00024839581726413755,45.458428600314996
691.4138793945312,0.026649658848797664,0.00025889022680766825,45.57937501814065
696.1822509765625,0.02816805598811449,0.0002736408163747682,45.70634031278368
700.9506225585938,0.031658773311157906,0.0003075516669643223,45.8449073988459
705.718994140625,0.029286130835187493,0.0002845024432492052,45.986064098554245
710.4873657226562,0.023709464541769056,0.00023032747576743893,46.10880911632517
715.2557373046875,0.03051241810162262,0.00029641530826335035,46.23439438244579
720.0241088867188,0.029521710872050046,0.0002867910042218143,46.373441602791566
724.79248046875,0.029442820725801098,0.0002860246196323845,46.51001148991806
729.5608520507812,0.02702623488638948,0.0002625485046241168,46.640801514736594
734.3292236328125,0.02952372122390156,0.0002868105339444931,46.77177891612872
739.0975952148438,0.030787629071647348,0.00029908886708276744,46.9114682188181
743.865966796875,0.02933815877355833,0.0002850078727874062,47.05072773359581
748.6343383789062,0.032046291669124996,0.00031131624482085127,47.19290248239996
753.4027099609375,0.03399469939980147,0.0003302442064195569,47.34586241359246
758.1710815429688,0.033553122516493644,0.0003259544727264839,47.50231237028277
762.939453125,0.03266686378130254,0.00031734484187658456,47.655686878807444
767.7078247070312,0.03948433678185354,0.0003835737246319611,47.82279888750032
772.4761962890625,0.03833607752841197,0.0003724188689452849,48.0030415674723
777.2445678710938,0.036276282953959356,0.00035240883100885924,48.175853957788824
782.012939453125,0.03869896295561981,0.0003759441482401556,48.34950684018577
786.7813110351562,0.0412663918151102,0.000400885639743564,48.53471749444061
791.5496826171875,0.04171619099797173,0.00040525524961848293,48.72691645983798
796.3180541992188,0.03747009711214943,0.00036400623343466846,48.91032268958507
801.08642578125,0.040231440901287746,0.00039083152691853676,49.09029003586069
805.8547973632812,0.045489216844510155,0.0004419086087741704,49.28883075577339
810.6231689453125,0.04872764268153098,0.0004733685536914,49.50704983633254
815.3915405273438,0.04459960590069863,0.0004332664126274704,49.72320845676607
820.159912109375,0.036956345306523294,0.0003590153507282131,49.91210314903341
824.9282836914062,0.0304323706146634,0.0002956376805957004,50.06818459456619
829.6966552734375,0.031406831451401794,0.000305104157764123,50.2114126100748
834.4650268554688,0.025291844073135002,0.00024569962736215343,50.34273446588836
839.2333984375,0.02152138255248314,0.00020907117955389242,50.45116027549016
844.0017700195312,0.01787900832314454,0.00017368704590692757,50.54241694774397
848.7701416015625,0.021277811009667226,0.00020670498446219237,50.633109475126126
853.5385131835938,0.02036703114691239,0.00019785714117165454,50.72956460227807
858.306884765625,0.020342916629556992,0.00019762287877816886,50.823854386697555
863.0752563476562,0.01929017889143489,0.00018739597443625006,50.91565003460825
867.8436279296875,0.01727096371527181,0.00016778014828641813,51.000330621118586
872.6119995117188,0.016852446202874134,0.00016371442668291236,51.079365086662655
877.38037109375,0.01564433068337629,0.00015197809254718396,51.15463204853049
882.1487426757812,0.014400631648079821,0.0001398960795219813,51.22422027391167
886.9171142578125,0.014939156231899037,0.00014512761934909438,51.29217521920678
891.6854858398438,0.014914828933355169,0.00014489128987585896,51.36132111545677
896.453857421875,0.014730369402305274,0.00014309934311581638,51.42998343296921
901.2222290039062,0.014090070455812757,0.00013687910816186544,51.49673549750189
905.9906005859375,0.01226669258151492,0.00011916575903003037,51.557781350924024
910.7589721679688,0.009756396815706486,9.477929150143026e-05,51.60878982587755
915.52734375,0.009235381059512856,8.971784257044617e-05,51.65277737043128
920.2957153320312,0.009059740296521615,8.801156643289907e-05,51.69515136359042
925.0640869140625,0.009710911708620068,9.433742281722739e-05,51.73862675050805
929.8324584960938,0.008687059138930215,8.4391125737459e-05,51.781238957099326
934.600830078125,0.0067921972165582096,6.598333914494e-05,51.81709102334975
939.3692016601562,0.006921994681592318,6.724426692463114e-05,51.84885495988596
944.1375732421875,0.006573329355915511,6.385712993512666e-05,51.8801119686435
948.9059448242188,0.006842085464518355,6.646798249075986e-05,51.911183896769316
953.67431640625,0.006339735661989697,6.158786544868753e-05,51.941714790080695
958.4426879882812,0.005304457661045341,5.1530575109844557e-05,51.968684327948836
963.2110595703125,0.004506297069159194,4.377678066786918e-05,51.991407372291285
967.9794311523438,0.0038719231719883023,3.761410507598834e-05,52.010812471622145
972.747802734375,0.004129071167112931,4.011218969158018e-05,52.02934386437947
977.5161743164062,0.004317494583786578,4.194264393323802e-05,52.04890726122071
982.2845458984375,0.0039042958763055666,3.7928592282395946e-05,52.067950047870326
987.0529174804688,0.0033295668781893675,3.234534179804839e-05,52.084704659381664
991.8212890625,0.003015928572806095,2.9298477578249513e-05,52.099401691207746
996.5896606445312,0.00274140341533929,2.6631581139378274e-05,52.11273645633627
1001.3580322265625,0.002512810157440084,2.4410893785742624e-05,52.12490593068174
1006.1264038085938,0.0023515989229475633,2.28447944484674e-05,52.136172564725015
1010.894775390625,0.0019119233356773876,1.8573531046710722e-05,52.146047463038336
1015.6631469726562,0.00186447533197941,1.8112593647525413e-05,52.154794116760684
1020.4315185546875,0.0017476663686946284,1.6977843699334985e-05,52.16316032897297
1025.1998901367188,0.0017118280426586256,1.662968943557838e-05,52.1711729892701
1029.96826171875,0.0015582255221708995,1.5137505554616952e-05,52.17874687876171
1034.7366333007812,0.0013072848524822156,1.2699722494819826e-05,52.18538379111938
1039.5050048828125,0.0012138056766303597,1.1791611618977498e-05,52.19122298019909
1044.2733764648438,0.0011474366469709798,1.1146864410804628e-05,52.19669193906087
1049.041748046875,0.0009639628781025634,9.364493915741235e-06,52.20158222796852
1053.8101196289062,0.0008616943768030499,8.37099843998561e-06,52.205810698855636
1058.5784912109375,0.0008846538052419869,8.59403963048096e-06,52.20985547912681
1063.3468627929688,0.0007461917930669086,7.24893941964395e-06,52.21363273968068
1068.115234375,0.0008014224104334076,7.78548163723356e-06,52.217217224986676
1072.8836059570312,0.000712791241709306,6.9244671115543095e-06,52.220724350066014
1077.6519775390625,0.0005540564329992513,5.382425209165306e-06,52.223658541846284
1082.4203491210938,0.0005313888033337133,5.162218721022283e-06,52.22617258086926
1087.188720703125,0.0004763673274471371,4.627708224944731e-06,52.22850668134122
1091.9570922851562,0.000467648125052661,4.543004840999172e-06,52.230693149719755
1096.7254638671875,0.00047915954641695075,4.654833457822688e-06,52.23288608525777
1101.4938354492188,0.00038048267080479736,3.69622911497366e-06,52.234877133730365
1106.26220703125,0.0003749093576291681,3.642086721620887e-06,52.23662672456511
1111.0305786132812,0.000381378837784406,3.7049350002506453e-06,52.23837839104467
1115.7989501953125,0.000351470518467851,3.4143882575988747e-06,52.240075769979974
1120.5673217773438,0.0003156569752856545,3.0664747488432692e-06,52.241620928129315
1125.335693359375,0.00026974875404341993,2.6204956885794287e-06,52.24297680754041
1130.1040649414062,0.0002285096807558114,2.2198754368403075e-06,52.24413084194646
1134.8724365234375,0.00020956064374982156,2.0357935123360864e-06,52.24514547249044
1139.6408081054688,0.00019206981672359978,1.8658774844588086e-06,52.24607570334562
1144.4091796875,0.00018346645799759826,1.782299473028364e-06,52.24694549651213
1149.1775512695312,0.00017170200289941108,1.6680127399066106e-06,52.2477681150474
1153.9459228515625,0.0001506895236187067,1.463885341592151e-06,52.24851481773788
1158.7142944335938,0.0001249895219133414,1.214220634504928e-06,52.249153327959384
1163.482666015625,0.00010007686745736632,9.722046747854498e-07,52.24967461237493
1168.2510375976562,9.19703020161171e-05,8.934528011639644e-07,52.25011941977944
1173.0194091796875,8.862420888658331e-05,8.609469137850846e-07,52.25053770126665
1177.7877807617188,9.255900427970558e-05,8.991717960451873e-07,52.2509573462685
1182.55615234375,9.23444044803615e-05,8.970870492557334e-07,52.2513856077501
1187.3245239257812,0.00010813533281668409,1.0504892763419775e-06,52.251849946130335
1192.0928955078125,0.0001245066063192247,1.2095293126235048e-06,52.252388776551065
1196.8612670898438,0.00015131716976074573,1.4699826598726351e-06,52.25302762198824
1201.629638671875,0.00013927805173947298,1.353027691976969e-06,52.25370068010512
1206.3980102539062,0.00011767188829357346,1.1431329017025771e-06,52.25429581116706
1211.1663818359375,0.00010331348566037934,1.0036470592985886e-06,52.254807643395004
1215.9347534179688,0.00011328172268501189,1.1004842893292518e-06,52.2553093074014
1220.703125,0.00010639344032854195,1.0335675234637022e-06,52.25581810500233
1225.4714965820312,8.975639995849539e-05,8.719456738465163e-07,52.256272414751294
1230.2398681640625,8.832625873254607e-05,8.580524533571396e-07,52.25668487844663
1235.0082397460938,9.575537170246379e-05,9.302231611577223e-07,52.25711123657768
1239.776611328125,9.905722898753862e-05,9.622993159133821e-07,52.257562449097584
1244.5449829101562,9.95910336699661e-05,9.67485003883676e-07,52.25802254553308
1249.3133544921875,0.00011085483923043076,1.076908137320813e-06,52.258509966840926
1254.0817260742188,0.00010923096234331401,1.0611328563688639e-06,52.259019715536716
1258.85009765625,0.0001090907445014452,1.0597706990110581e-06,52.25952537834879
1268.3868408203125,0.00014133359032796633,1.3729963847998778e-06,52.2606595908133
1273.1552124023438,0.0001826717443071942,1.7745791637845122e-06,52.2614100313032
1277.923583984375,0.0002077902973264137,2.018595341444496e-06,52.26231439457902
1282.6919555664062,0.0001955859716101381,1.9000354502786174e-06,52.263248668964415
1287.4603271484375,0.0001788360075234465,1.7373165942502024e-06,52.264115881270556
1292.2286987304688,0.00016191752582114393,1.572960660465027e-06,52.26490511287006
1301.7654418945312,0.00018082675230709003,1.75665584251142e-06,52.26647189109413
1306.5338134765625,0.00017707385164462521,1.7201979910543084e-06,52.26730083764487
1311.3021850585938,0.00021598845540396534,2.0982369990035844e-06,52.268211223489594
1316.070556640625,0.0002319312442698015,2.253114487261161e-06,52.269248666528114
1325.6072998046875,0.0003494039132750068,3.394312057369337e-06,52.272000955872514
1330.3756713867188,0.00033233519504458645,3.22849663890333e-06,52.27357995651154
1335.14404296875,0.0003785866444081694,3.677810016003525e-06,52.275226548331034
1339.9124145507812,0.00042040308663969126,4.084039164190046e-06,52.277077117383776
1344.6807861328125,0.0003822778810954654,3.7136688278778825e-06,52.278936235843496
1349.4491577148438,0.00039550737866950577,3.842187832452282e-06,52.28073769245235
1354.217529296875,0.00041554419504874506,4.03683707604509e-06,52.28261619837574
1358.9859008789062,0.0004418221312297927,4.292116173482984e-06,52.284601975574894
1363.7542724609375,0.0004992949289148471,4.850440229801111e-06,52.28678173088193
1373.291015625,0.00048628246206782074,4.724029587456025e-06,52.29136760072793
1378.0593872070312,0.0005435620359088363,5.280476555399712e-06,52.29375286086713
1382.8277587890625,0.0005823993651049162,5.6577648734687745e-06,52.29636074084646
1387.5961303710938,0.000633898293665765,6.158055303868471e-06,52.29917785190407
1397.1328735351562,0.0008015343334369318,7.786568922137722e-06,52.30593446539026
1401.9012451171875,0.0008364317350980839,8.125582501347632e-06,52.30972821792309
1406.6696166992188,0.0009340361403187858,9.073768245427248e-06,52.31382886268962
1411.43798828125,0.0010149299489409852,9.859617572068146e-06,52.3183429336338
1420.9747314453125,0.001068337244124686,1.0378446981545414e-05,52.32788002744265
1425.7431030273438,0.0011495462278434572,1.1167358101686132e-05,52.33301694767619
1430.511474609375,0.001302772548721236,1.2655887361667349e-05,52.33869685200916
1435.2798461914062,0.0014076637504993681,1.3674861269458843e-05,52.34497459168447
1444.8165893554688,0.0015716347236270003,1.5267770306821698e-05,52.358882808030714
1449.5849609375,0.0016130978487634492,1.5670567128035578e-05,52.36625908248169
1459.1217041015625,0.0021448938650294866,2.0836741751420683e-05,52.38413807060359
1463.8900756835938,0.002010902867908652,1.9535075571316334e-05,52.393763461925424
1468.658447265625,0.0018828310452815244,1.8290911681799813e-05,52.40278188005942
1473.4268188476562,0.002257631758378683,2.193194296748837e-05,52.41237175591231
1482.9635620117188,0.0028461027246774063,2.7648690892825416e-05,52.43610196092501
1487.73193359375,0.0030600802224347817,2.9727392284105836e-05,52.44978148515046
1492.5003051757812,0.0028662709134760094,2.78446163642168e-05,52.46350772164842
1497.2686767578125,0.0030643669501431957,2.9769036040785447e-05,52.47724388679167
1502.0370483398438,0.002889608450037964,2.8071330716094114e-05,52.49103410484855
1511.5737915039062,0.0038133844668865576,3.70454261774402e-05,52.52335803533401
1516.3421630859375,0.0035928203008167795,3.490273807387278e-05,52.54051181442379
1521.1105346679688,0.003564811250276965,3.4630641928550184e-05,52.557089864084084
1525.87890625,0.0036649339411560537,3.560329175860423e-05,52.57383493875849
1530.6472778320312,0.004741227797309714,4.605903387944163e-05,52.59330475440325
1535.4156494140625,0.005048594336277967,4.904497052643812e-05,52.61597931600057
1540.1840209960938,0.005180827209206946,5.03295572694897e-05,52.63967204971656
1544.952392578125,0.005191875076303049,5.043688265156979e-05,52.663696641143666
1549.7207641601562,0.005063515252401476,4.918992095080603e-05,52.68744952209897
1554.4891357421875,0.004880993545742138,4.7416799339664264e-05,52.71048235908229
1564.02587890625,0.005370892922143939,5.217596572859233e-05,52.75887138251766
1568.7942504882812,0.005718055900363922,5.5548508044444605e-05,52.78455489848909
1578.3309936523438,0.006330532129833578,6.149845700481782e-05,52.84014714822531
1583.099365234375,0.006079822190113576,5.9062915389620886e-05,52.868891219326144
1592.6361083984375,0.0052870040359848805,5.136102048341742e-05,52.92305686016003
1597.4044799804688,0.00637606570107062,6.194079649785989e-05,52.950070118374335
1606.9412231445312,0.008620732165083352,8.374678708381596e-05,53.01896457060863
1611.7095947265625,0.008069605622087878,7.839282452371881e-05,53.05762166642417
1621.246337890625,0.011550839450722494,0.0001122115469538712,53.1531907183436
1626.0147094726562,0.01210794243038194,0.0001176235680824557,53.2079876798982
1635.5514526367188,0.009597575947647709,9.323641356866518e-05,53.310939237173386
1640.31982421875,0.008951982125268109,8.696474112250835e-05,53.35390254042731
1645.0881958007812,0.009893079964419054,9.610711080192309e-05,53.397550271236625
1649.8565673828125,0.009400670350448462,9.132355851082596e-05,53.442237225094225
1654.6249389648438,0.008200749742960981,7.966683449847921e-05,53.48300451163552
1664.1616821289062,0.008339308367618356,8.101287325894629e-05,53.55948775266328
1668.9300537109375,0.008095847264124838,7.86477510388123e-05,53.59755381184682
1673.6984252929688,0.006611762580443001,6.423049254630774e-05,53.63161863966691
1678.466796875,0.006805141558478682,6.610908798227713e-05,53.66269401725724
1683.2351684570312,0.006857866383048428,6.662128747678855e-05,53.6943394047778
1692.7719116210938,0.005725446854608386,5.5620308056277054e-05,53.75339859647939
1697.540283203125,0.006219872754189223,6.04234477140233e-05,53.781065583843755
1707.0770263671875,0.005082166286450208,4.937110790192123e-05,53.8324763241921
1711.8453979492188,0.005291140105649222,5.140120066056599e-05,53.85650231481236
1716.61376953125,0.005557823586240021,5.3991918506814334e-05,53.88162999253133
1721.3821411132812,0.005036013118122059,4.892274928374304e-05,53.90616676139466
1726.1505126953125,0.0042461413093782575,4.124947688371411e-05,53.92766549543193
1730.9188842773438,0.005230125897736517,5.08084732934116e-05,53.949613821108166
1740.4556274414062,0.0045241515986559335,4.3950229912273435e-05,53.99557046140608
1745.2239990234375,0.004134924375443182,4.0169051148635547e-05,54.01562606087167
1754.7607421875,0.004926694283713758,4.786076278722202e-05,54.0557997281646
1759.5291137695312,0.0041563732223535875,4.037741767493532e-05,54.0768373497729
1764.2974853515625,0.0039453099903959754,3.832702715015264e-05,54.09560195167706
1769.0658569335938,0.004356833659551058,4.232480650818332e-05,54.11483084725982
1773.834228515625,0.0043172373092186245,4.194014461902064e-05,54.134921177175634
1783.3709716796875,0.004032846571142438,3.917740821401537e-05,54.174177833627134
1788.1393432617188,0.004429155458551336,4.302738236675441e-05,54.19377698299274
1792.90771484375,0.004759984171232444,4.6241244163126525e-05,54.215060282088345
1802.4444580078125,0.004091773650401157,3.974986000414744e-05,54.25571058681962
1807.2128295898438,0.0035767806062361168,3.474691918735443e-05,54.27347200306208
1816.7495727539062,0.004344805024505932,4.220795337799176e-05,54.309940648518385
1821.5179443359375,0.0037076774995214177,3.6018527450083826e-05,54.32859129492553
1826.2863159179688,0.0039042003037449173,3.792766383516728e-05,54.346221440781726
1831.0546875,0.0036162371805109235,3.513022321090741e-05,54.36363979840342
1835.8230590820312,0.0041604051297141,4.04165859591131e-05,54.38165156130139
1845.3598022460938,0.0035045517288275606,3.4045246022963886e-05,54.41782908350758
1850.128173828125,0.003687785809289742,3.58252880459742e-05,54.43448751696136
1854.8965454101562,0.004116901507650986,3.999396656849441e-05,54.45256423591508
1859.6649169921875,0.0042067953125294495,4.086724707334559e-05,54.471843051575995
1864.4332885742188,0.004163502123371148,4.044667194988859e-05,54.4912298006107
1869.20166015625,0.0036392843778155558,3.53541170390172e-05,54.50930211701621
1873.9700317382812,0.003872509770648567,3.7619803635248056e-05,54.52670045549483
1883.5067749023438,0.003689481446021262,3.5841760443632175e-05,54.56136404075893
1888.275146484375,0.0035180548231297224,3.417642290467656e-05,54.57805767654411
1893.0435180664062,0.003352717220810106,3.2570237639521e-05,54.59397132051084
1897.8118896484375,0.00400226936831104,3.8880363549350855e-05,54.61100647132224
1902.5802612304688,0.003649467008900193,3.545303701716617e-05,54.628728935065105
1907.3486328125,0.003242926896277151,3.150367081474881e-05,54.6446926582077
1916.8853759765625,0.00392248761686714,3.8105317390463306e-05,54.67722048293169
1921.6537475585938,0.004219413650983991,4.0989828924129e-05,54.696078235329836
1926.422119140625,0.003382658186441344,3.2861101527388794e-05,54.71368566923341
1931.1904907226562,0.003682033826299027,3.5769409950516814e-05,54.73004845826299
1935.9588623046875,0.00437520621487885,4.250328815565339e-05,54.7487101237279
1950.2639770507812,0.0038446575528896625,3.7349231054427765e-05,54.804259071023075
1955.0323486328125,0.004439177560478632,4.312474287165874e-05,54.823445561541185
1959.8007202148438,0.004127870174783064,4.010052255623569e-05,54.84328801106986
1964.569091796875,0.004544202008692676,4.4145011212531356e-05,54.863373711526656
1969.3374633789062,0.004777621382073785,4.641258224819831e-05,54.88496432428642
1978.8742065429688,0.0046103837633470314,4.478793912279872e-05,54.92940787245537
1983.642578125,0.005455400355536674,5.2996919899980014e-05,54.952721599601226
1988.4109497070312,0.005774349860341703,5.609538018825845e-05,54.97873123077919
1997.9476928710938,0.005309952684952624,5.158395695588399e-05,55.0296486070681
2002.716064453125,0.00605628271831654,5.883423932186918e-05,55.05597435653159
2007.4844360351562,0.0065474915897210904,6.360612690397233e-05,55.08516641467184
2012.2528076171875,0.005915664634315843,5.7468193780095105e-05,55.114032782175016
2017.0211791992188,0.006041766470168796,5.869322007668153e-05,55.14172782141318
2021.78955078125,0.006483315667704066,6.298268481411878e-05,55.17073761776814
2031.3262939453125,0.007619396688643332,7.401923409422798e-05,55.236760643494605
2036.0946655273438,0.0069483141069793175,6.74999490722544e-05,55.27050144606077
2040.863037109375,0.004860543586411742,4.721813658606985e-05,55.29785236904069
2045.6314086914062,0.0050351350458640075,4.891421918107531e-05,55.32077210870837
2055.1681518554688,0.0035779708390938896,3.475848179895299e-05,55.36146438190561
2059.9365234375,0.00304450340138148,2.957607001922012e-05,55.376802934337235
2074.2416381835938,0.0034446206395867458,3.3463040698144685e-05,55.42171893627319
2079.010009765625,0.003268980698373895,3.1756772543829004e-05,55.437268551475604
2088.5467529296875,0.002722893100027638,2.645176121160718e-05,55.46476321803257
2093.3151245117188,0.002922295927328613,2.838887580954391e-05,55.47783824478819
2107.6202392578125,0.002523778609055455,2.4517447679829733e-05,55.51402763169927
2112.3886108398438,0.002483527838384745,2.4126428372331404e-05,55.52562523550962
2126.6937255859375,0.0017881606136540926,1.737122825714271e-05,55.55685142522907
2131.4620971679688,0.0017273736952395328,1.6780708911864312e-05,55.56499388156247
2145.7672119140625,0.001942208644087373,1.886774007984268e-05,55.59040627976234
2150.5355834960938,0.0015536328778824199,1.5092889947031225e-05,55.59850312491874
2155.303955078125,0.0016279517764259935,1.5814866787680722e-05,55.60587210836264
2164.8406982421875,0.0014546185836901257,1.4131007724595168e-05,55.620367626501
2169.6090698242188,0.001447747458922371,1.4064257637487465e-05,55.62708990160602
2183.9141845703125,0.001088621612572077,1.0575501089359342e-05,55.6448633379139
2188.6825561523438,0.0010674845323922534,1.0370163245717368e-05,55.649857173442996
2193.450927734375,0.0011170199721761472,1.0851379208496886e-05,55.65491678344128
2202.9876708984375,0.0008426610160479718,8.18609734572576e-06,55.66445590687822
2207.7560424804688,0.000776278621872654,7.5412203069017e-06,55.66820559160603
2222.0611572265625,0.0005353625588122202,5.200822084125195e-06,55.677222145416515
2226.8295288085938,0.0004799138616608105,4.6621613131500415e-06,55.6795736639038
2241.1346435546875,0.0004138432179560167,4.0203127990241496e-06,55.68581470138033
2245.9030151367188,0.00039598108365283276,3.846789677123888e-06,55.68769036477435
2264.9765014648438,0.00025463188799061193,2.473641693065367e-06,55.693434354254045
2269.744873046875,0.00021142920225893457,2.053945772332071e-06,55.6945138152243
2274.5132446289062,0.00021741401446970072,2.1120857057337497e-06,55.69550707452979
2284.0499877929688,0.00017492702776016874,1.6993424999759254e-06,55.69735816528988
2288.818359375,0.0001889558391684224,1.8356265022564518e-06,55.69820096757656
2298.3551025390625,0.0001491864122821114,1.4492832471692466e-06,55.699770856868646
2303.1234741210938,0.00015637837076728383,1.5191500988982558e-06,55.700478586529165
2307.891845703125,0.00016161793208184313,1.5700502332975424e-06,55.701215109282934
2322.1969604492188,0.00013688080185981464,1.3297394176849548e-06,55.703240561125064
2326.96533203125,0.00013144408232888886,1.2769239741388714e-06,55.70386203810715
2346.038818359375,0.00010496955311541614,1.0197350580784537e-06,55.706118228796
2350.8071899414062,0.00010680086373242692,1.037525470469215e-06,55.70660871792805
2355.5755615234375,9.497432717725111e-05,9.226356421044222e-07,55.70707605675532
2360.3439331054688,0.00010700380107005311,1.039496921348338e-06,55.70754386561312
2365.1123046875,0.00010217276535326777,9.9256544130461e-07,55.708028347034265
2369.8806762695312,9.680139705902285e-05,9.403848575359993e-07,55.70848919829798
2374.6490478515625,0.00011222138395243759,1.0901835445232258e-06,55.708973323531175
2384.185791015625,0.00010530732237362104,1.0230163443553799e-06,55.70998511538202
2388.9541625976562,0.00011052087949764785,1.0736638589810663e-06,55.71048500289694
2398.4909057617188,0.00010038627241244983,9.752104137876434e-07,55.71144071323184
2408.0276489257812,0.00012910909974690212,1.2542406004539668e-06,55.71253622789952
2412.7960205078125,0.00011261091762551298,1.0939677003183857e-06,55.71309608438604
2417.5643920898438,0.00010506430335615928,1.020655516815102e-06,55.713600249848795
2427.1011352539062,0.00012618373936784829,1.225821954784828e-06,55.714702406548156
2431.8695068359375,0.00021733837758120534,2.111350925175068e-06,55.71549805056441
2436.6378784179688,0.00029211554024024893,2.837779608959405e-06,55.71667801523416
2446.1746215820312,0.00011702656951049203,1.1368639011475198e-06,55.71833652272211
2450.9429931640625,0.0001258372427597488,1.2224558859744194e-06,55.71889902839341
2455.7113647460938,0.00014790408855180144,1.4368260114776243e-06,55.71953305060483
2465.2481079101562,0.0001712987962301988,1.664095756704875e-06,55.72096574694299
2470.0164794921875,0.00016124153728109143,1.566393716120767e-06,55.7217359556529
2474.7848510742188,0.00015654337105660028,1.5207530073094601e-06,55.72247198878818
2493.8583374023438,0.00018366146178660754,1.7841938528195426e-06,55.72565947324798
2498.626708984375,0.00018336641242473934,1.7813275723674398e-06,55.72650955979993
2512.9318237304688,0.0002310788334512721,2.2448336746851176e-06,55.729423616638606
2517.7001953125,0.00023942264357598578,2.325890280620796e-06,55.730513362149495
2522.4685668945312,0.00023431174616535066,2.2762400619317954e-06,55.731610595526604
2536.773681640625,0.00027090457654588615,2.6317240180492594e-06,55.735065839870025
2541.5420532226562,0.0002941303417294987,2.857352557997281e-06,55.73637453770787
2555.84716796875,0.00039741373926657563,3.860707323833122e-06,55.74102993794659
2560.6155395507812,0.00031950722905611274,3.1038783447975936e-06,55.742690424565744
2565.3839111328125,0.0003311768859068046,3.2172441528172927e-06,55.744197497609946
2579.6890258789062,0.000381384613532618,3.704991109215232e-06,55.74931261758196
2584.4573974609375,0.0003726916487811329,3.6205426129357163e-06,55.751059160923155
2593.994140625,0.00035026138218973785,3.4026420072225323e-06,55.75442578094824
2603.5308837890625,0.0003700770700579271,3.5951430803376545e-06,55.75775914483098
2608.2992553710938,0.00037618968274565106,3.654524541619801e-06,55.759487600284366
2627.3727416992188,0.00045465844533695225,4.416815566050516e-06,55.76712976221063
2632.14111328125,0.00041134450781562924,3.996038880973574e-06,55.76913554301408
2651.214599609375,0.0005629099355106802,5.46843326226012e-06,55.77813708272319
2655.9829711914062,0.0005940135216282256,5.77059151915152e-06,55.78081667504207
2660.7513427734375,0.0005938018252335263,5.768534977717012e-06,55.78356781718552
2675.0564575195312,0.0008337582479266334,8.099610697951905e-06,55.79361511646274
2679.8248291015625,0.0008432683430395474,8.191997272005773e-06,55.797499338486226
2684.5932006835938,0.000833650276589647,8.098561801826078e-06,55.80138331043337
2698.8983154296875,0.001028146399346307,9.988009828886115e-06,55.81380133443143
2703.6666870117188,0.0010906636590698117,1.0595338712195337e-05,55.81870878714375
2708.43505859375,0.00107198835943192,1.0413916031087618e-05,55.82371778380762
2722.7401733398438,0.0012221259066098823,1.1872439153720508e-05,55.83999806110067
2727.508544921875,0.001363873490931691,1.3249457316043729e-05,55.84598758796133
2737.0452880859375,0.0012441852084767665,1.2086735993163694e-05,55.857922105743704
2746.58203125,0.0016034663157644183,1.557700083599514e-05,55.87086507789868
2751.3504028320312,0.0017183144429235187,1.66927020859568e-05,55.87855877461736
2765.655517578125,0.0018140480719640976,1.7622714026299324e-05,55.90346141858921
2770.4238891601562,0.0017704112752006279,1.7198800899480274e-05,55.91176351469998
2775.1922607421875,0.0017334719176842085,1.6839950577987817e-05,55.91987898546162
2794.2657470703125,0.0020714736023841485,2.0123494780554198e-05,55.956240474071905
2799.0341186523438,0.0021633472014200242,2.1016008152938614e-05,55.96604889590625
2808.5708618164062,0.0018618141097655062,1.808674099303358e-05,55.98519498591532
2818.1076049804688,0.002367908634143167,2.3003236432830284e-05,56.00491355736579
2822.8759765625,0.0029544010166702374,2.8700763249022655e-05,56.017240751503806
2827.6443481445312,0.0029423945973514657,2.8584125935268635e-05,56.03089853338711
2841.949462890625,0.004370759991462245,4.246009496525296e-05,56.08159101568043
2846.7178344726562,0.00401967313705348,3.904943384261811e-05,56.10102440172204
2856.2545776367188,0.0031752730239905814,3.084644190086058e-05,56.13447368615206
2870.5596923828125,0.0031858167826611093,3.0948870081615374e-05,56.179983204368476
2875.3280639648438,0.002811632124001616,2.731382350567481e-05,56.1938741129882
2880.096435546875,0.0031452144654027583,3.055443564687943e-05,56.207670981110425
2894.4015502929688,0.002471433090990785,2.4008932988477926e-05,56.247120442095685
2899.169921875,0.0025418163613957286,2.4692676857094966e-05,56.25873181071503
2913.4750366210938,0.00209119889194625,2.0315117672147418e-05,56.29094762734825
2918.243408203125,0.0021445892190538403,2.0833782243902085e-05,56.30075828959783
2923.0117797851562,0.0018951610262599617,1.8410692260986695e-05,56.31011490144687
2937.31689453125,0.0020403907311888694,1.9821537760419872e-05,56.337291457866655
2942.0852661132812,0.0016155993596583922,1.5694868254238654e-05,56.34575922892346
2946.8536376953125,0.0017831899915592665,1.732294075414667e-05,56.35363128803229
2951.6220092773438,0.0019223645884347822,1.867496342563365e-05,56.36221385719746
2965.9271240234375,0.0015432191119245267,1.4991724590804439e-05,56.38567291857939
2970.6954956054688,0.0018033648491811991,1.7518931010351777e-05,56.39342406289348
2975.4638671875,0.0016438466494280467,1.5969278793475172e-05,56.40140827429156
2980.2322387695312,0.0014350426585971827,1.3940835845996783e-05,56.408539401324674
2999.3057250976562,0.0015445843653627512,1.5004987453728024e-05,56.43737922355172
3004.0740966796875,0.0015076303642455916,1.4645994875813508e-05,56.44444856862769
3008.8424682617188,0.0017196615988883835,1.6705789139538532e-05,56.45192341642493
3023.1475830078125,0.001333028196229406,1.2949808251613615e-05,56.47398715138284
3027.9159545898438,0.001394675105490045,1.3548682046247525e-05,56.480304883787994
3032.684326171875,0.001688737403949828,1.6405373592498676e-05,56.48744648717171
3051.7578125,0.0015029795262625802,1.4600813940961808e-05,56.51482135841513
3056.5261840820312,0.0016243642684925792,1.5780015657021772e-05,56.52206471263981
3066.0629272460938,0.0012432110911212142,1.2077272852770525e-05,56.53512885549276
3075.5996704101562,0.0015836779616963123,1.5384765299251163e-05,56.54818565495123
3080.3680419921875,0.0016274783505342396,1.5810267654266365e-05,56.55562313038304
3085.1364135742188,0.0013550662780608311,1.3163898947337512e-05,56.562531110014845
3104.2098999023438,0.0014883267207419265,1.4458468098332688e-05,56.58957485447673
3108.978271484375,0.0012736808617284366,1.2373273858563412e-05,56.59597204026892
3118.5150146484375,0.0015469155380271862,1.5027633815666374e-05,56.609139644180914
3123.2833862304688,0.0011994409656011418,1.1652064493159465e-05,56.61550057994257
3132.8201293945312,0.0013699224445839983,1.3308220356571942e-05,56.62737464934363
3137.5885009765625,0.001497713806323826,1.4549659686530846e-05,56.63401648552029
3147.125244140625,0.0012433280897268671,1.2078409445014558e-05,56.646884500371456
3151.8936157226562,0.0015597442455274615,1.515225931324738e-05,56.65337679772479
3161.4303588867188,0.001525856793142293,1.4823056966466641e-05,56.667537910922825
3166.19873046875,0.0014266889511878192,1.3859683092103553e-05,56.67437640905233
3190.0405883789062,0.0018069237202064357,1.7553503945492534e-05,56.713029979162044
3194.8089599609375,0.001720345031816862,1.6712428402985224e-05,56.72119961406417
3204.345703125,0.0022137491484583807,2.1505641869240272e-05,56.738945980610275
3213.8824462890625,0.001966333868699998,1.910210648982883e-05,56.758805059118046
3218.6508178710938,0.002296923459378649,2.231364531652235e-05,56.76867934381614
3232.9559326171875,0.002259594655993996,2.1951011692221837e-05,56.800920057746005
3242.49267578125,0.0026580190903232786,2.5821537493488467e-05,56.82399511937161
3247.2610473632812,0.0029250686504328953,2.8415811648288237e-05,56.83692631108822
3271.1029052734375,0.0015323718477014013,1.48863479812613e-05,56.88803421246513
3275.8712768554688,0.001279086456865901,1.242578694171801e-05,56.89454593286569
3280.6396484375,0.0011236959139478678,1.0916233174892538e-05,56.900111104135256
3294.9447631835938,0.0013257621203609236,1.2879221380679693e-05,56.91785065065649
3299.713134765625,0.001229143534775085,1.1940612459714748e-05,56.92376816017425
3304.4815063476562,0.0011190774873266406,1.0871367102788279e-05,56.92920695992804
3309.2498779296875,0.0011595148442903516,1.1264199017644483e-05,56.93448449015008
3318.78662109375,0.0009645214768503598,9.369920467628147e-06,56.94421524086828
3333.0917358398438,0.0009801093170130944,9.52134977852734e-06,56.95786615068806
3337.860107421875,0.000922331131721199,8.960059010055491e-06,56.96227246191123
3352.1652221679688,0.0006530084605287758,6.343702537162058e-06,56.97273466198002
3361.7019653320312,0.0006616953812011687,6.428092317755347e-06,56.97891902272395
3366.4703369140625,0.0005507308683128311,5.350118746976963e-06,56.98172716707036
3371.2387084960938,0.0005709878247718831,5.546906558853723e-06,56.98432522036021
3390.3121948242188,0.0005317248952850125,5.1654837129680995e-06,56.99460167074035
3395.08056640625,0.00045776606356992864,4.447004770112436e-06,56.99689346658611
3404.6173095703125,0.0003488448296047649,3.3888807946648267e-06,57.00056082217476
3418.9224243164062,0.0003702466743279938,3.596790714485403e-06,57.005983829108466
3423.6907958984375,0.00032754736645284715,3.1819848979064074e-06,57.00760001515802
3447.5326538085938,0.00021850835794742904,2.1227167923364724e-06,57.01392542857996
3452.301025390625,0.00023828723938872038,2.3148603064951503e-06,57.01498342940652
3457.0693969726562,0.00023300954419964293,2.263589717544116e-06,57.01607501695574
3480.9112548828125,0.00017396426858010244,1.6899896994803282e-06,57.02058944369036
3485.6796264648438,0.0002108338571202357,2.04816224471316e-06,57.02148068856536
3490.447998046875,0.00020776053976007214,2.0183062592035896e-06,57.02245021020803
3509.521484375,0.0006513548237266391,6.3276381511527795e-06,57.02899350141627
3514.2898559570312,0.0008603089596571161,8.35753969512253e-06,57.03249472065224
3533.3633422851562,0.0036427363269879004,3.538765127332869e-05,57.067398393818515
3542.9000854492188,0.001996056368109044,1.939084807023544e-05,57.09098350217463
3547.66845703125,0.0017458036977433962,1.6959748634487492e-05,57.09965015979046
3571.5103149414062,0.0002578394494404158,2.504801803442417e-06,57.119312590545036
3576.2786865234375,0.0002148382123894103,2.087062871912065e-06,57.12040737639635
3604.888916015625,0.00016763165330611185,1.6284710056062002e-06,57.12547304464781
3609.6572875976562,0.00014979638768367168,1.4552089016383342e-06,57.12620825122969
3633.4991455078125,0.00012190853365922182,1.1842901294869712e-06,57.12937711950848
3638.2675170898438,0.00012821998053343003,1.2456031812606915e-06,57.129956451219
3643.035888671875,0.0001357990026395416,1.3192301932672666e-06,57.1305679551478
3652.5726318359375,0.00023453371467799724,2.2783963926716854e-06,57.13214887740884
3662.109375,0.00013308657612826064,1.2928801105630618e-06,57.13378842583785
3666.8777465820312,0.00013807579534545026,1.3413482767808697e-06,57.134416474827
3671.6461181640625,0.00013485720888206315,1.310081063034005e-06,57.135048624842774
3676.4144897460938,0.00015569891220941932,1.5125494447904494e-06,57.13572159239778
3685.9512329101562,0.0001325098993914607,1.2872779386166251e-06,57.13706648695883
3700.25634765625,0.00015312957447320133,1.4875894093525103e-06,57.139035333924426
3705.0247192382812,0.0001510194815644621,1.4670907442540864e-06,57.139739784568356
3728.8665771484375,0.00017786321373589322,1.7278663117634485e-06,57.14346417262167
3733.6349487304688,0.00016653765448810496,1.6178432672277067e-06,57.144261851945586
3738.4033203125,0.00016422977831401667,1.5954232208945176e-06,57.14502795437596
3767.0135498046875,0.00022539373233136122,2.189605308471917e-06,57.15069965047381
3771.7819213867188,0.00026558988681063024,2.580094042642093e-06,57.15183683541585
3776.55029296875,0.00029157847910836585,2.83256228595232e-06,57.15312731324688
3786.0870361328125,0.00024234350832324413,2.3542652531179147e-06,57.155518259689295
3800.3921508789062,0.0002829294754776878,2.748540853471296e-06,57.15912676600047
3805.1605224609375,0.0002997806309164852,2.9122427409241014e-06,57.16047640198164
3824.2340087890625,0.0002896686681631576,2.8140092758905407e-06,57.165949006476794
3829.0023803710938,0.00032601074514173836,3.1670572681754774e-06,57.16737500386374
3833.770751953125,0.0003177699417357808,3.0870013291876503e-06,57.16886608762813
3838.5391235351562,0.00029900411759654064,2.9046992406241452e-06,57.170294620364395
3867.1493530273438,0.00041097735598061123,3.992472155321288e-06,57.18009043064931
3871.917724609375,0.0004415347290875821,4.289324182553417e-06,57.1820649647646
3890.9912109375,0.0005313128437142073,5.1614808052675745e-06,57.19095160141946
3900.5279541015625,0.0005300392684746471,5.1491085574839506e-06,57.195841008413005
3905.2963256835938,0.00046381460413903193,4.505763797711065e-06,57.19814290936134
3933.9065551757812,0.0007226949729141738,7.0206776946772555e-06,57.21533206402991
3938.6749267578125,0.0007224529676128558,7.018326714962943e-06,57.218679223513256
3943.4432983398438,0.0007531793634445678,7.316820726874582e-06,57.22209698899755
3952.9800415039062,0.0006685230261289937,6.494420016505854e-06,57.22855760469413
3972.0535278320312,0.0009697124076512932,9.420348177041665e-06,57.243398260142676
3976.8218994140625,0.001029192250976168,9.99816983758259e-06,57.24802799561598
3991.1270141601562,0.0008491340107014166,8.248979766227393e-06,57.26109645660485
4005.43212890625,0.0010818605502695207,1.0509820212808514e-05,57.274913030036565
4010.2005004882812,0.0011243275927453843,1.0922369668724842e-05,57.280022862295155
4029.2739868164062,0.001054996177181298,1.024884412747414e-05,57.30121244926003
4043.5791015625,0.0014863466829932075,1.4439232864412359e-05,57.31900233265706
4048.3474731445312,0.0014419324380999003,1.4007767156008425e-05,57.325784625981626
4062.652587890625,0.0022109192602636483,2.1478150695685995e-05,57.353696652298936
4076.9577026367188,0.001570033279069335,1.525221294651528e-05,57.37988078095086
4081.72607421875,0.0017259496820505257,1.6766875222676365e-05,57.38751472645629
4115.104675292969,0.0012943912576955958,1.2574466644543724e-05,57.435955563198014
4119.873046875,0.0011842274322254108,1.1504271415261706e-05,57.4416963817128
4148.4832763671875,0.000999603448608739,9.710727067702007e-06,57.47176085632333
4153.251647949219,0.0009786026998996344,9.506713626956734e-06,57.47634265122772
4181.861877441406,0.0008122431421399742,7.890600494537969e-06,57.50125573924324
4186.6302490234375,0.0008755435006532262,8.505536853216418e-06,57.50516488301245
4191.398620605469,0.0009325971626661662,9.05978918276939e-06,57.509352783087394
4220.008850097656,0.0007596291930018287,7.37947810821008e-06,57.53257961013198
4224.7772216796875,0.0008600271918217442,8.3548024391141e-06,57.53633095494326
4229.545593261719,0.0008508591109187455,8.265738389257586e-06,57.540293600671454
4243.8507080078125,0.000684061268923922,6.645367509837578e-06,57.55126296265228
4258.155822753906,0.0007424815784179647,7.2128962448543584e-06,57.56184617105322
4262.9241943359375,0.0007883838427562446,7.658817436301767e-06,57.56539186389789
4281.9976806640625,0.0007023476273870067,6.823011791021609e-06,57.57971655787364
4296.302795410156,0.0008877078333357697,8.623708228880752e-06,57.59133983315047
4301.0711669921875,0.0008236309732089999,8.001228483625361e-06,57.59530352693911
4324.913024902344,0.0007842647551306174,7.61880223251662e-06,57.614851323452456
4334.449768066406,0.0009350784000855159,9.083893360684151e-06,57.62300042628412
4339.2181396484375,0.0008276602380280588,8.040371096624378e-06,57.6270831690842
4363.059997558594,0.0007263876401892507,7.056550404110196e-06,57.646597929370046
4372.596740722656,0.0009349167087632695,9.082322597496273e-06,57.65437753767129
4377.3651123046875,0.0009024353230482747,8.766779597021364e-06,57.65863309525474
4382.133483886719,0.0008560822833461591,8.316479312511456e-06,57.662706061570375
4405.975341796875,0.0010608927133366674,1.0306126496126752e-05,57.68521438989838
4410.743713378906,0.001040527365796709,1.0108285710488527e-05,57.690081565049866
4415.5120849609375,0.0010347383828783704,1.0052048176296528e-05,57.69488816320937
4439.353942871094,0.0013621815816199393,1.3233021128701048e-05,57.722064336564486
4453.6590576171875,0.0013227097799537741,1.28495691774457e-05,57.740426347111864
4458.427429199219,0.0014150364654283288,1.3746484094012676e-05,57.74676734034255
4467.964172363281,0.0015229968985077823,1.4795274292970693e-05,57.760598503919745
4491.8060302734375,0.0007458978881965862,7.246084257445839e-06,57.78507463880133
4496.574401855469,0.0006258661550951881,6.080026455991452e-06,57.78825183118258
4510.8795166015625,0.0007124988759106083,6.9216269007896944e-06,57.79766711149827
4525.184631347656,0.0005663897429938151,5.502238128343667e-06,57.80663355051991
4529.9530029296875,0.0005742232827752135,5.578337672514929e-06,57.80927536565799
4534.721374511719,0.0005259501431850175,5.109384425190793e-06,57.81182351717435
4544.258117675781,0.0005858409586601659,5.6911985073157845e-06,57.816999455251896
4563.331604003906,0.00043476510622067005,4.2235601437204655e-06,57.82662723135448
4568.0999755859375,0.0004435898435702594,4.309288755366703e-06,57.82866162106468
4572.868347167969,0.0004206271060736741,4.086215418768095e-06,57.83066326524072
4577.63671875,0.0004403395722184237,4.277713736255298e-06,57.83265738134558
4611.015319824219,0.0003539271251049137,3.4382531578234825e-06,57.84543732463996
4615.78369140625,0.00035754227685230565,3.4733728365081747e-06,57.847085184688815
4649.162292480469,0.00022065836720713895,2.143603227995666e-06,57.85656633958239
4653.9306640625,0.000214525094197667,2.0840210603775175e-06,57.857574283758204
4658.699035644531,0.00022923455443543556,2.226917279754303e-06,57.858602091551845
4682.5408935546875,0.00016459502029603028,1.598971393128154e-06,57.86294474604446
4692.07763671875,0.00017751065617026607,1.7244413632999117e-06,57.864524733849265
4696.846008300781,0.00015637954357782685,1.5191614922593944e-06,57.86529806903326
4711.151123046875,0.000164195108310701,1.5950864163945897e-06,57.867458836283895
4734.992980957031,0.00013109793965655533,1.273561343665563e-06,57.87092610500905
4739.7613525390625,0.00014666372403394012,1.424776391886798e-06,57.8715694388579
4768.37158203125,0.00010922552149240785,1.061080000790745e-06,57.8750320085516
4773.139953613281,0.0001200231780724788,1.165974692946701e-06,57.875562979767246
4777.9083251953125,0.00012532522158631266,1.217481815631782e-06,57.87613124008138
4816.0552978515625,9.63589717253606e-05,9.360868815045934e-07,57.88015910376271
4820.823669433594,9.671947417918376e-05,9.39589011215316e-07,57.88060629974391
4825.592041015625,9.332901203608642e-05,9.066520975313765e-07,57.881046477925736
4849.433898925781,0.00011047027045429736,1.0731722134111975e-06,57.88345971431893
4858.970642089844,0.00010858454811272039,1.0548532140019733e-06,57.88444657590778
4863.739013671875,0.0001270647185577109,1.2343802970724499e-06,57.88499237170872
4873.2757568359375,0.0002740901466247392,2.6626704915071438e-06,57.887065422175034
4882.8125,0.00011940907021484073,1.1600088934049382e-06,57.88864202727979
4901.885986328125,0.00015141008876447856,1.470885328911951e-06,57.89102500851472
4906.654357910156,0.00014386117904096986,1.3975508460370246e-06,57.89170889699179
4911.4227294921875,0.00013400428713396682,1.301795286992117e-06,57.89235247126133
4944.801330566406,0.0001864789834028218,1.811564890264929e-06,57.89735514904301
4949.5697021484375,0.00017826087538579596,1.73172942743484e-06,57.89819993623957
4954.338073730469,0.00017339527780122106,1.6844621933823385e-06,57.89901441979175
4987.7166748046875,0.00029270135545855433,2.8434705574100006e-06,57.90586479969442
4992.485046386719,0.00028333004513303906,2.752432219192506e-06,57.9071989668832
4997.25341796875,0.00025162930263002885,2.4444728391816783e-06,57.908438005602946
5006.7901611328125,0.0002943525412903289,2.8595111332730952e-06,57.910983800420176
5035.400390625,0.000261714170331537,2.542443087183054e-06,57.91860103798708
5040.168762207031,0.0002555619039413197,2.4826764068596247e-06,57.91979911983667
5049.705505371094,0.00026235111081935014,2.5486306961235105e-06,57.9220757415556
5059.242248535156,0.00021602719133370464,2.0986133022685796e-06,57.924229635584304
5078.315734863281,0.00024568869479849373,2.3867623327317644e-06,57.928525115733486
5083.0841064453125,0.0002456047716701191,2.3859470548378677e-06,57.92966301832414
5121.2310791015625,0.00033547128885570184,3.258962471229976e-06,57.94051188110521
5125.999450683594,0.00035581071125606763,3.4565514050412334e-06,57.94211298438153
5164.146423339844,0.0004925176003127196,4.784601332991592e-06,57.95728812948093
5168.914794921875,0.00044571466927017075,4.329930543334718e-06,57.959461203220066
5173.683166503906,0.00044082752548459526,4.282453997001878e-06,57.96151455570484
5207.061767578125,0.000577523296314538,5.610395916056108e-06,57.979093711889995
5211.830139160156,0.000554670300369872,5.388388672476844e-06,57.98171602648344
5216.5985107421875,0.000641180316237651,6.228797090318738e-06,57.98448577940617
5245.208740234375,0.000605425729534039,5.8814563189553495e-06,58.00332992759869
5259.513854980469,0.000897512481377016,8.718956260743725e-06,58.01426135080169
5264.2822265625,0.0009138053420752218,8.877234549611748e-06,58.01845660961229
5278.587341308594,0.0014091065522821098,1.3688877481932398e-05,58.03466713742067
5307.197570800781,0.0009915973923904575,9.632951598907239e-06,58.06631101637667
5311.9659423828125,0.0009669800320861444,9.393804297669752e-06,58.070847348482445
5316.734313964844,0.0009953907721420294,9.669802687689428e-06,58.07539246657245
5345.344543457031,0.0006709482693060685,6.517980233908223e-06,58.09903626958904
5354.881286621094,0.0007526583198848132,7.3117590078436966e-06,58.10562355499589
5359.649658203125,0.0007108635302717482,6.905740205738343e-06,58.109013270956765
5378.72314453125,0.0005664232148674428,5.502563293517613e-06,58.12115151719455
5402.565002441406,0.0005955039977517424,5.785070867793767e-06,58.13535402372499
5407.3333740234375,0.0006504191229048943,6.3185482112274675e-06,58.1382397513878
5426.4068603515625,0.0004944084814799926,4.802970448222638e-06,58.148356882184785
5450.248718261719,0.0005403535630605399,5.249307591169643e-06,58.16090313704427
5455.01708984375,0.0005161979260472947,5.014645737502991e-06,58.163350254212865
5493.1640625,0.0005568212439886999,5.409284185041876e-06,58.18164229402605
5497.932434082031,0.00043623494605573497,4.2378390195000735e-06,58.18394234743289
5502.7008056640625,0.0004921559183222369,4.7810877445783374e-06,58.18609262713701
5507.469177246094,0.0005107775407763801,4.961988974422688e-06,58.188415557644426
5521.7742919921875,0.0004454171055367089,4.327039836820133e-06,58.195196441936226
5545.616149902344,0.0004611487501986393,4.479866147944508e-06,58.20604080261319
5550.384521484375,0.000545866452387862,5.302862992250524e-06,58.208373186994535
5559.9212646484375,0.00044288912461506406,4.302481565441e-06,58.212913117996
5574.226379394531,0.0005921759260824782,5.7527400513215385e-06,58.22007549266443
5593.299865722656,0.0005348241471773303,5.195591641549423e-06,58.23030369979647
5598.0682373046875,0.0005887021282890833,5.718993566846126e-06,58.232905939693346
5636.2152099609375,0.0015978807516561886,1.552273942998492e-05,58.264549912423014
5640.983581542969,0.0015015759656453102,1.4587178939905886e-05,58.27172867637762
5645.751953125,0.001150046485192858,1.1172217891426157e-05,58.27787019516866
5650.520324707031,0.0010302261584768618,1.0008213814087934e-05,58.282920003600644
5674.3621826171875,0.010796056918879303,0.00010487915212030035,58.40281375651788
5693.4356689453125,0.0043217687591428165,4.19841657490958e-05,58.55468788475616
5698.204040527344,0.002294508818687275,2.2290188097809133e-05,58.570012084873014
5731.5826416015625,0.0008356781439976934,8.118261680769507e-06,58.61186153207989
5741.119384765625,0.0009529653268152391,9.257657330580491e-06,58.62014488180526
5745.887756347656,0.0008967231805547187,8.711288535236865e-06,58.62442901234653
5788.8031005859375,0.00031734981295516404,3.082919954791099e-06,58.6457276752111
5793.571472167969,0.0003553126639332804,3.451713084780216e-06,58.64728565313535
5798.33984375,0.00041070420812641694,3.989818638804412e-06,58.64905985255523
5807.8765869140625,0.0004743504027023553,4.608114649372407e-06,58.65310812197071
5822.181701660156,0.00036541559990648295,3.549858858441546e-06,58.65868427832785
5846.0235595703125,0.0004111140283324066,3.993799869734272e-06,58.66886607500583
5850.791931152344,0.00036563168357936694,3.5519580204383194e-06,58.67066512388025
5898.475646972656,0.00018549692105161445,1.8020245675806552e-06,58.68193141506046
5903.2440185546875,0.0001683153641886903,1.635112969260065e-06,58.682750892508174
5931.854248046875,0.00015606985086178844,1.5161529577805567e-06,58.68755607814726
5946.159362792969,0.00019042123097967232,1.8498621673555458e-06,58.69004122950358
5950.927734375,0.00017885101498806667,1.7374623854568128e-06,58.69089651432623
5984.306335449219,0.00017060954547833853,1.657399975551019e-06,58.69666082803501
5993.843078613281,0.00019591352929251371,1.9032175353913748e-06,58.69837167666523
5998.6114501953125,0.00017857255110316947,1.7347572259375933e-06,58.69923903743863
6003.379821777344,0.00017152252049348736,1.6662691438237785e-06,58.7000499053132
6055.8319091796875,0.0002869329027987612,2.7874324660446954e-06,58.71153619429522
6060.600280761719,0.0003311161234493602,3.2166538711000512e-06,58.71296768002853
6070.137023925781,0.0003076826262430036,2.9890073019236422e-06,58.71600798635567
6089.210510253906,0.0006995113728838834,6.795458771458997e-06,58.723813567763536
6108.283996582031,0.00035955611450940833,3.492936422322132e-06,58.73172052528036
6113.0523681640625,0.0004381308964529877,4.256257380168243e-06,58.73356807705594
6127.357482910156,0.00041434332295917656,4.025171108784523e-06,58.73944661763035
6160.736083984375,0.0005715121638908999,5.5520002928567215e-06,58.755160326572664
6165.504455566406,0.0005852654771097781,5.685607946102643e-06,58.7578395811615
6170.2728271484375,0.0005694174047145157,5.531650588518723e-06,58.760513984002735
6208.4197998046875,0.0011030515138645205,1.0715681511165437e-05,58.78794221144257
6213.188171386719,0.0009801157966449667,9.521412725425631e-06,58.7927671106956
6217.95654296875,0.0009009382930843788,8.752236580576395e-06,58.79712388819813
6227.4932861328125,0.0011256885137959456,1.093559044432449e-05,58.80671817352344
6270.408630371094,0.0007574043675730779,7.357864864936509e-06,58.846936904996525
6275.177001953125,0.0006682492471046041,6.491760368436002e-06,58.85023891296576
6279.945373535156,0.0007747503975572495,7.526374250452242e-06,58.853581096703245
6289.482116699219,0.0005945583122985516,5.7758839313735164e-06,58.85967986373362
6327.629089355469,0.0006503000040796605,6.317391021941975e-06,58.88354898910634
6332.3974609375,0.0007496716989495839,7.282745241637645e-06,58.88679151426989
6337.165832519531,0.0008252424161926702,8.016882974435056e-06,58.89043922988995
6361.0076904296875,0.000658377717849574,6.395862613711514e-06,58.90799048216393
6380.0811767578125,0.000798308489097829,7.75523120118096e-06,58.92206429925964
6384.849548339844,0.0006556312703293244,6.369182031214495e-06,58.925431821793154
6389.617919921875,0.0005974146514252675,5.803632064606691e-06,58.92833404683354
6437.3016357421875,0.0008826856446780977,8.57491977841568e-06,58.96608244128876
6442.070007324219,0.0009504727472540467,9.233442968528258e-06,58.97032828583101
6461.143493652344,0.0008691112349658483,8.443050097489429e-06,58.98795770885508
6494.5220947265625,0.0016797120439096158,1.6317696015795406e-05,59.02586156019682
6499.290466308594,0.0014659295985212314,1.4240889476240256e-05,59.03314729472918
6546.974182128906,0.0011237115343582659,1.0916384920609574e-05,59.091374801136155
6551.7425537109375,0.0011934251440768751,1.1593623317319718e-05,59.096741605315806
6556.510925292969,0.0012342639945144029,1.1990355572404965e-05,59.10236446405225
6561.279296875,0.0011586435292973778,1.1255734558964853e-05,59.10790676383104
6594.657897949219,0.00143349836991067,1.3925833730938722e-05,59.14843860400437
6608.9630126953125,0.0013336645416246059,1.2955990079479631e-05,59.16721580803149
6613.731384277344,0.0014688622375459023,1.4269378830890148e-05,59.173706841802634
6647.1099853515625,0.001064413378994174,1.0340328282189279e-05,59.216321959256845
6666.1834716796875,0.0011423741052869574,1.109768394766114e-05,59.237290885032834
6670.951843261719,0.0009495716673194065,9.224689355959541e-06,59.242136116399855
6718.635559082031,0.000692962325090151,6.731837526687597e-06,59.28102923012148
6728.172302246094,0.0008812702723707156,8.561170031758343e-06,59.28830957126669
6732.940673828125,0.0007574847610926505,7.358645854165455e-06,59.29210515114976
6752.01416015625,0.0008479353515013862,8.237335296257941e-06,59.30721498045657
6775.856018066406,0.0005908292847194036,5.739657996879753e-06,59.32402306310538
6785.392761230469,0.0007432603667483122,7.220461845923504e-06,59.33036726074368
6790.1611328125,0.0007082204975881064,6.880064254882448e-06,59.33372908814122
6799.6978759765625,0.0006383852366344516,6.201644067590628e-06,59.339997172524626
6847.381591796875,0.0007564899132366454,7.348981325679685e-06,59.372286478442604
6852.149963378906,0.0007625851068681396,7.408193568157054e-06,59.37580486311235
6861.686706542969,0.0007090198051422984,6.887829191580809e-06,59.38253717186417
6899.833679199219,0.001089894157620663,1.0587863329270952e-05,59.41497189004444
6904.60205078125,0.0009767657282073513,9.488868219600763e-06,59.41975855585333
6909.370422363281,0.0009555577676600013,9.282841803000716e-06,59.42423408028422
6914.1387939453125,0.0009074193432409177,8.815197256902423e-06,59.42854898904142
6957.054138183594,0.001637727279373836,1.590983168721977e-05,59.4753380570472
6966.590881347656,0.0016376507182962606,1.5909087928552893e-05,59.49047210489079
6971.3592529296875,0.002156542135315737,2.094989979796207e-05,59.49925997237167
7023.811340332031,0.04238147894043764,0.0004117182421578856,60.11644257525594
7028.5797119140625,0.04125488905414404,0.00040077389525886573,60.31015579619003
7033.348083496094,0.044990877284874095,0.0004370674495550822,60.50991273913312
7061.958312988281,0.15605784633926345,0.0015160363388933564,62.95919802328973
7090.568542480469,0.06157613374021808,0.0005981862402213674,65.43627183168825
7095.3369140625,0.05008918038226649,0.0004865953197881267,65.69490390986128
7152.557373046875,0.007615868196439842,7.398495627656309e-05,67.12153300670201
7157.325744628906,0.007667240154477138,7.448401324173057e-05,67.15693076745522
7209.77783203125,0.004219503126442313,4.0990698140573014e-05,67.4925218876598
7214.546203613281,0.0042324822037034466,4.111678441713489e-05,67.51209783698482
7219.3145751953125,0.0040287946165919195,3.9138045179818576e-05,67.53123207942336
7233.619689941406,0.004199605000386443,4.079739621513827e-05,67.58720306470578
7252.693176269531,0.003298661905018893,3.204511298240072e-05,67.65558624552402
7281.303405761719,0.0039017433340189736,3.7903795407686906e-05,67.75531199096181
7286.07177734375,0.004018538330563122,3.9038409674866535e-05,67.77365644217053
7305.145263671875,0.005573948650855618,5.414856672731524e-05,67.85692056692221
7343.292236328125,0.004913285613345275,4.7730503194310105e-05,68.03883913780977
7348.060607910156,0.004960932357770053,4.8193371276065465e-05,68.06170917166291
7357.597351074219,0.004874483841081553,4.7353560296883575e-05,68.10850490972597
7381.439208984375,0.005962859291298588,5.792667002250014e-05,68.23294203931962
7410.0494384765625,0.005871189246875453,5.7036134097562956e-05,68.3823622429445
7414.817810058594,0.005886131210593518,5.7181288990459316e-05,68.40959379866578
7424.354553222656,0.007802566260311832,7.579864944144024e-05,68.47124014432818
7472.038269042969,0.004993761100866033,4.851228870739733e-05,68.77965374009376
7476.806640625,0.004792073342716478,4.655297696731386e-05,68.80231906565784
7538.795471191406,0.002119514285683052,2.0590189812780085e-05,68.98853798237542
7543.5638427734375,0.0020203841393202806,1.9627182135235534e-05,68.99812655105045
7553.1005859375,0.0025036938657848245,2.432233284664522e-05,69.01744730813493
7605.552673339844,0.0012598027977266065,1.2238454303931582e-05,69.1089455482132
7610.321044921875,0.0012949401563355884,1.257979896396321e-05,69.11486268089313
7615.089416503906,0.0015689559689365863,1.5241747331694769e-05,69.12149585442934
7658.0047607421875,0.0011114421950487816,1.0797193449730542e-05,69.17866334283622
7672.309875488281,0.0013620864613051857,1.3232097074851041e-05,69.19613966125014
7677.0782470703125,0.0013159741774204485,1.2784135631844509e-05,69.20234241448566
7710.456848144531,0.001593539481076271,1.548056581224951e-05,69.24497823489037
7739.067077636719,0.0011333507132170876,1.1010025488962013e-05,69.28483873642273
7743.83544921875,0.0011798510462619264,1.1461756666344555e-05,69.29019642679408
7748.603820800781,0.001273404962516624,1.2370593613764503e-05,69.29587850188452
7781.982421875,0.0009371572943241763,9.104088943824993e-06,69.33169439185835
7810.5926513671875,0.0009892651512111248,9.61029485679608e-06,69.36017678287986
7815.361022949219,0.000999877683171977,9.71339114114017e-06,69.36478390863849
7877.349853515625,0.0006940663485554404,6.742562650298051e-06,69.41695483755544
7882.118225097656,0.0006507319400377187,6.3215870981012435e-06,69.42006957357563
7934.5703125,0.0004641561821787254,4.50908208469817e-06,69.44799211937868
7948.875427246094,0.0004681097047012513,4.5474888931437545e-06,69.45456199699376
7953.643798828125,0.00045528434745722345,4.422895941893065e-06,69.45670070340012
7958.412170410156,0.0004604561824093944,4.473138143167615e-06,69.45882168320632
7977.485656738281,0.00035392982265765424,3.43827936341376e-06,69.46645162555882
8020.4010009765625,0.00042658016343145855,4.144046867129221e-06,69.48275779808833
8025.169372558594,0.00043878788935511727,4.262639789879692e-06,69.48476210837605
8029.937744140625,0.0003699413809286674,3.5938249175180596e-06,69.48663523552834
8072.853088378906,0.000508146731681986,4.936431770595064e-06,69.50408484896916
8087.158203125,0.000504158306223525,4.897685894807127e-06,69.51096363507176
8091.926574707031,0.0005341583514098826,5.1891237157039155e-06,69.51336851788676
8120.536804199219,0.0006316919190180236,6.136621302171963e-06,69.52944788229543
8158.683776855469,0.0003377925016567896,3.2815120772850485e-06,69.54616583456283
8163.4521484375,0.0003565403133196711,3.463639182216819e-06,69.54777400394194
8187.294006347656,0.00029406665430772405,2.8567338614818178e-06,69.55583095441887
8230.209350585938,0.0003717195322287739,3.6110989095040284e-06,69.56914746975372
8234.977722167969,0.00048502775229855165,4.711840609781419e-06,69.57113181316787
8301.734924316406,0.00022464465386644916,2.182328326249439e-06,69.59644610462911
8306.503295898438,0.00023274114417143416,2.260982324159743e-06,69.59750547244087
8311.271667480469,0.00020547195384250025,1.9960736095989303e-06,69.59852043366777
8363.723754882812,0.00014079337162355385,1.3677483873037523e-06,69.60724853882519
8378.028869628906,0.00016074812287730675,1.5616004027192428e-06,69.60940939419163
8382.797241210938,0.0001496039979026382,1.4533399158351827e-06,69.61012821197846
8440.017700195312,0.0001748466020234195,1.698561197770658e-06,69.61878004330143
8454.322814941406,0.00014329307980601505,1.3920320009132961e-06,69.62102718946777
8459.091186523438,0.0001399475073782181,1.3595311719327814e-06,69.62168321324974
8525.848388671875,0.0002807347156430987,2.727219684799346e-06,69.63477249226611
8530.616760253906,0.0002359569708034151,2.292222727305288e-06,69.63596922059388
8535.385131835938,0.00022125602357372798,2.149409208221423e-06,69.63702818816884
8602.142333984375,0.0003159187170045725,3.069017459553383e-06,69.65396305629652
8606.910705566406,0.0002992524059998558,2.907111258031673e-06,69.65538787641388
8659.36279296875,0.00044368282653979574,4.310192045806896e-06,69.67419126272155
8678.436279296875,0.00043530640105161016,4.228818595333186e-06,69.68184966717365
8683.204650878906,0.0004071480747181345,3.955272298460918e-06,69.68380090649579
8711.814880371094,0.0002625805103837679,2.5508592164058396e-06,69.69297438622013
8754.730224609375,0.0002950719906219905,2.866500280928128e-06,69.7048843917617
8759.498596191406,0.0003063921066382626,2.976470446759126e-06,69.70627746454032
8821.487426757812,0.00023686684567535344,2.301061778990685e-06,69.72246867404651
8831.024169921875,0.00024852800274437626,2.4143450152064976e-06,69.72481193415513
8835.792541503906,0.00030135419154559404,2.9275292205926385e-06,69.72608553622017
8859.634399414062,0.0002987659723820702,2.902385760029995e-06,69.73371799896101
8893.013000488281,0.00039389669244468267,3.826540693236492e-06,69.74494409344494
8907.318115234375,0.00035845169292644325,3.4822074311659086e-06,69.74963260938182
8912.086486816406,0.000480379924684952,4.666688919402386e-06,69.75157545767097
8935.928344726562,0.0005615864991928331,5.4555766350726246e-06,69.7632640951559
8988.380432128906,0.00037625988732267474,3.6552065495573783e-06,69.78594282573745
8993.148803710938,0.0003724088233077069,3.617795082418434e-06,69.78767684445236
9064.674377441406,0.00023473654584275455,2.2803668121260437e-06,69.80962225484657
9069.442749023438,0.00026719547769240665,2.5956916827432973e-06,69.81078479778454
9074.211120605469,0.00026335741734555783,2.5584065407707563e-06,69.81201363055955
9107.589721679688,0.00027479677552672406,2.669535094080169e-06,69.8204743124871
9140.968322753906,0.00021999045284872433,2.1371147209299984e-06,69.82819297605688
9145.736694335938,0.0002401143912056263,2.332610317892094e-06,69.82925864154961
9150.505065917969,0.00021566549487022838,2.09509957325628e-06,69.83031428985053
9155.2734375,0.0002082951851738014,2.0235001145248665e-06,69.83129624053599
9179.115295410156,0.0002675649316487719,2.599280772536194e-06,69.83693922228477
9226.799011230469,0.0002633538208299864,2.558371602134683e-06,69.84776316452174
9231.5673828125,0.00022274438330333428,2.1638679969869896e-06,69.84888903417715
9236.335754394531,0.000192256220429466,1.8676883180594673e-06,69.84985023210535
9293.556213378906,0.00032207953008767267,3.1288671674034107e-06,69.8642882283557
9307.861328125,0.0003130048854468053,3.0407108115339945e-06,69.86845787863606
9312.629699707031,0.00035085681475874564,3.4084263841901215e-06,69.8699954727627
9336.471557617188,0.00043006441598454365,4.177894915197728e-06,69.87837779886105
9393.692016601562,0.00018059152546233626,1.7543707126515944e-06,69.8927751175572
9398.460388183594,0.00017524642289620335,1.7024452893841655e-06,69.89359928671662
9436.607360839844,0.00014862237299516373,1.4438038427327839e-06,69.8997968940099
9450.912475585938,0.00018616016467852916,1.8084677004543219e-06,69.90205835066683
9474.754333496094,0.00015967567450028166,1.551182017810722e-06,69.90609061486394
9479.522705078125,0.0001576921274410398,1.5319126924146872e-06,69.90682568192399
9484.291076660156,0.00016553503758289672,1.6081032656966075e-06,69.90757432006708
9555.816650390625,8.63548224973291e-05,8.389007795226655e-07,69.91603750553477
9560.585021972656,9.151402121492303e-05,8.890202250931286e-07,69.91644947400547
9589.195251464844,9.770523895929441e-05,9.491653014391352e-07,69.91907573699307
9641.647338867188,9.570351488357546e-05,9.297193939733206e-07,69.9239033893792
9646.415710449219,9.707525355052484e-05,9.430452581662648e-07,69.92434989126656
9698.867797851562,9.195742663002619e-05,8.933277222035084e-07,69.92913527680919
9727.47802734375,0.00012335000903123525,1.1982934564381926e-06,69.93205908535015
9732.246398925781,0.00012167898470676401,1.1820601579626662e-06,69.93262660587666
9741.783142089844,0.00018933605566938058,1.8393201456433173e-06,69.93392821302888
9765.625,0.00011047824959449902,1.0732497274022117e-06,69.93687726742807
9813.308715820312,0.00013523531621533255,1.3137542167438948e-06,69.94303491264981
9818.077087402344,0.000143636892549316,1.3953719971060265e-06,69.94368081867232
9837.150573730469,0.0001210921447810612,1.176359254910699e-06,69.94623687109674
9880.06591796875,0.00020348013153110783,1.976723893608843e-06,69.95354651148551
9899.139404296875,0.00018076646326725625,1.756070159847145e-06,69.95698334685011
9903.907775878906,0.00019121878583716685,1.85761007734268e-06,69.95784491535758
9927.749633789062,0.0001363588136331372,1.324668521612244e-06,69.9617445875563
9980.201721191406,0.00019563560258346947,1.9005175943096292e-06,69.9702861656896
9984.970092773438,0.00016955955441194393,1.6471997539696767e-06,69.97113200741883
9989.738464355469,0.00015562621604188405,1.511843232099021e-06,69.9718851819589
10056.495666503906,0.0002782745893141991,2.703320592248934e-06,69.98480290880578
10075.569152832031,0.0002479703550389895,2.408927702296585e-06,69.98959857147462
10080.337524414062,0.000251257523958509,2.4408611657588355e-06,69.99075485124548
10089.874267578125,0.00022976529521155178,2.232073203163469e-06,69.99306783492348
10147.0947265625,0.00045559518117548894,4.425915560728631e-06,70.00988230568896
10166.168212890625,0.00035731525448767066,3.4711674097218793e-06,70.01761780184934
10170.936584472656,0.00038227977704411516,3.7136872462215747e-06,70.01933080468746
10232.925415039062,0.00021659829776319266,2.104161361022365e-06,70.03737216243918
10251.998901367188,0.00022263955112116057,2.1628495964298313e-06,70.0417506861791
10256.767272949219,0.0002586289780644967,2.51247174194779e-06,70.04286536964945
10328.292846679688,0.00019156295773374902,1.8609535625584767e-06,70.05808434958931
10342.597961425781,0.00022842295556333036,2.219032938072171e-06,70.0609153824969
10347.366333007812,0.00022132613125543668,2.1500902748617692e-06,70.06195706264525
10385.513305664062,0.00022875261774318956,2.222235467492825e-06,70.06951260709589
10433.197021484375,0.00018218585465543433,1.769858950183981e-06,70.07915512447536
10437.965393066406,0.00018768547465499317,1.8232854453267514e-06,70.08001179685664
10528.564453125,0.00042561079035919594,4.134629815452756e-06,70.10315014625623
10533.332824707031,0.00046394528215917374,4.507033279713263e-06,70.10521047929245
10595.321655273438,0.0008486373806050183,8.244155213724654e-06,70.1412768956962
10619.163513183594,0.0005494464600967684,5.337641261382993e-06,70.15813847668633
10623.931884765625,0.000489607065656119,4.7563267129803526e-06,70.16054506618829
10633.468627929688,0.0006464643572268655,6.280129326049046e-06,70.16585193183698
10700.225830078125,0.0002599123916660257,2.524939565279903e-06,70.19071156284959
10714.530944824219,0.0002632486226617106,2.557349646176477e-06,70.19444778149808
10719.29931640625,0.00027585787267492837,2.6798432065750494e-06,70.19569642557653
10790.824890136719,0.00013741587594929395,1.3349374374108416e-06,70.20876190957802
10809.898376464844,0.00014144546701307616,1.3740832197401263e-06,70.21146422197131
10814.666748046875,0.00013198679161358478,1.2821961665749067e-06,70.21209752832829
10824.203491210938,0.00016180885117927788,1.5719049320281052e-06,70.2134592204454
10895.729064941406,0.0001100563692004632,1.0691513368180273e-06,70.2226466212251
10905.265808105469,0.00012817090188654338,1.2451264028487806e-06,70.22374297209781
10910.0341796875,0.0001162373762587009,1.1291972206428834e-06,70.22430905496245
10957.717895507812,0.00016059903452081853,1.5601520720428689e-06,70.23059182651275
11000.633239746094,0.00013301406795654256,1.292175724171926e-06,70.23599281365526
11005.401611328125,0.00013353378282017253,1.2972245354788127e-06,70.2366101747859
11038.780212402344,0.00010045699470321174,9.758974510964358e-07,70.24025124928114
11096.000671386719,0.00013714448643147622,1.332301002392304e-06,70.24671909381627
11100.76904296875,0.00011806370249465816,1.146939211868152e-06,70.24731019074541
11153.221130371094,9.831815692805439e-05,9.551195417109173e-07,70.25295931257313
11177.06298828125,0.00014470582909677227,1.40575626606737e-06,70.25592044759826
11196.136474609375,0.00012746263291566528,1.2382458676962737e-06,70.2582891512888
11200.904846191406,0.00013919240317317633,1.3521956521793828e-06,70.25890676067522
11210.441589355469,0.00012698280537761034,1.2335845449806469e-06,70.26012226194324
11281.967163085938,0.00025289246181333215,2.456743899359784e-06,70.2713597812582
11291.50390625,0.0002020518768008164,1.9628489996313183e-06,70.27345707123752
11296.272277832031,0.00023404206301355773,2.2736202035414872e-06,70.27446712420534
11353.492736816406,0.0034610365465334754,3.3622514329563576e-05,70.33524002916953
11391.639709472656,0.000358603835060312,3.4836854280051087e-06,70.39281245826847
11396.408081054688,0.0003774623029261464,3.6668875114063104e-06,70.39451728770845
11405.94482421875,0.0004119937587908391,4.00234608112127e-06,70.39804208556382
11491.775512695312,0.00020582221373139078,1.999476237099379e-06,70.42306680554306
11496.543884277344,0.00018349051207475046,1.7825331482706967e-06,70.42396850684686
11520.3857421875,0.00019925026178023455,1.9356324880721493e-06,70.42819294404383
11591.911315917969,0.00013587644984493804,1.3199825602932186e-06,70.43918507936725
11596.6796875,0.0001565990150011651,1.521293564826935e-06,70.43986249238384
11601.448059082031,0.00016009450927403552,1.5552508214748623e-06,70.44059599772497
11630.058288574219,0.00014688638458895044,1.4269394455271769e-06,70.44510673350068
11687.278747558594,0.000203244184213363,1.9744317646569415e-06,70.45450938668648
11696.815490722656,0.00018185031241570873,1.766599298454892e-06,70.45620665713972
11701.583862304688,0.0001788722430356656,1.7376686070106703e-06,70.45704213971455
11768.341064453125,0.0002544603256329656,2.471975036920359e-06,70.47050478918126
11801.719665527344,0.00014539263087671745,1.4124282564891137e-06,70.47694253389766
11806.488037109375,0.00014212989240036994,1.3807321245067781e-06,70.47760847522689
11820.793151855469,0.00015370482722527022,1.493177747886216e-06,70.47965538257552
11878.013610839844,0.00010677151325211478,1.0372403428978628e-06,70.48688498197929
11906.623840332031,0.00010860544842911667,1.0550562517850417e-06,70.49007280541095
11911.392211914062,0.00011236694741310355,1.0915976323192661e-06,70.49058460757982
11997.222900390625,8.338378345225584e-05,8.100383848257009e-07,70.49891329730106
12011.528015136719,9.886960232931862e-05,9.60476601844983e-07,70.50022105768157
12016.29638671875,0.00010196203618172687,9.90518296036269e-07,70.50068621111296
12025.833129882812,0.00011268480800143903,1.0946855142420435e-06,70.50169418748852
12083.053588867188,8.455174243597108e-05,8.213846151062336e-07,70.50728371957126
12116.432189941406,8.805766549879126e-05,8.554431830621495e-07,70.51029229014387
12121.200561523438,8.605657570618652e-05,8.360034373900084e-07,70.51069556244374
12135.505676269531,8.172012776649032e-05,7.938766695759339e-07,70.51189329713006
12178.421020507812,0.00014103986217927703,1.3701429393781028e-06,70.51586698635374
12221.336364746094,8.768736056010277e-05,8.51845826333908e-07,70.51960610400543
12226.104736328125,8.150013040376366e-05,7.917394877284461e-07,70.51999796528064
12235.641479492188,7.954440701789692e-05,7.727404576165487e-07,70.520774306259
12331.008911132812,0.00011291065203244785,1.0968794940127705e-06,70.52960105337466
12335.777282714844,9.935205929520229e-05,9.651634683460224e-07,70.53009268272778
12388.229370117188,9.187932313757943e-05,8.925689796248985e-07,70.53497001985377
12435.9130859375,0.00012465435966474005,1.2109646742297862e-06,70.53990991544971
12440.681457519531,0.000123107930030187,1.1959417607619988e-06,70.54048376666199
12445.449829101562,0.00012973197420943598,1.2602915638750378e-06,70.54106937832117
12450.218200683594,0.00011409755745976398,1.1084097810239675e-06,70.54163412073015
12540.817260742188,0.0001780954900472331,1.7301227784321594e-06,70.55401784821113
12550.35400390625,0.00014689739367992733,1.4270463942155682e-06,70.55555434039051
12555.122375488281,0.00015706667387424368,1.5258366740804854e-06,70.5562583625759
12588.5009765625,0.0002767619729651638,2.6886261606280046e-06,70.56343101402751
12660.026550292969,0.0001899919246186326,1.8456916366252976e-06,70.57761539323299
12664.794921875,0.00015490082017969914,1.504796316401079e-06,70.57841421181004
12702.94189453125,0.00017431133022642836,1.69336125739945e-06,70.58415777295039
12726.783752441406,0.00013090478578422498,1.271684935036841e-06,70.58781146694935
12769.699096679688,0.00013226662143067355,1.2849145955508531e-06,70.59387779731323
12774.467468261719,0.00012360498501022842,1.2007704408306225e-06,70.59447043080769
12831.687927246094,0.00021194398355240475,2.0589466560799266e-06,70.60338120430286
12884.140014648438,0.00020171239309414328,1.959551058208624e-06,70.61320059865123
12888.908386230469,0.00018016330990790598,1.7502107786487609e-06,70.61408507479717
12950.897216796875,0.0001597309007280544,1.5517185173852546e-06,70.62576115808423
12989.044189453125,0.00021769543011718043,2.1148195403849403e-06,70.6326939718087
12998.580932617188,0.00019661814638814962,1.9100625941118907e-06,70.63456228093517
13003.349304199219,0.00016410662788715505,1.5942268662949125e-06,70.63539776864909
13036.727905273438,0.00012161011054014818,1.1813910744026278e-06,70.63999373441554
13113.021850585938,0.0001366582931702704,1.327577839353704e-06,70.6501351177474
13117.790222167969,0.00014701421142598514,1.4281812294847046e-06,70.65079214190894
13122.55859375,0.00012733852901094156,1.2370402504602733e-06,70.65142758022718
13213.157653808594,0.00023786225514319976,2.3107317632992782e-06,70.66654393895945
13227.462768554688,0.00021504690104890155,2.089090194464088e-06,70.66945060963896
13232.231140136719,0.0002505626351066423,2.4341106128348154e-06,70.67052902474842
13236.99951171875,0.00027771640750013293,2.697898090697848e-06,70.67175259097147
13341.903686523438,0.00017216393585548143,1.67250022428476e-06,70.69408865868742
13346.672058105469,0.0001499701695658844,1.4568971195309675e-06,70.69483476515558
13394.355773925781,0.00022312758580571743,2.1675906481217794e-06,70.70225686194978
13446.807861328125,0.00013913029209715596,1.3515922691999077e-06,70.71038242828698
13461.112976074219,0.00015679146319905445,1.5231631181252712e-06,70.71245221863343
13465.88134765625,0.00016241490490255783,1.5777924890421665e-06,70.71319154406315
13489.723205566406,0.00015414827122504088,1.497485619830412e-06,70.71708373871257
13580.322265625,0.00020380091734646018,1.979840192881732e-06,70.73317446069144
13585.090637207031,0.00023084773260834815,2.242588627197663e-06,70.7341811661711
13670.921325683594,0.0001905485428769873,1.8510989488902813e-06,70.75305221636306
13694.76318359375,0.0002841821369325277,2.7607099326327486e-06,70.75869235170343
13699.531555175781,0.000280917429348953,2.7289946716019112e-06,70.76000119927485
13704.299926757812,0.00028129752182773143,2.7326871101654646e-06,70.76130336568477
13709.068298339844,0.0002653136882989996,2.577410890271337e-06,70.76256939170491
13809.2041015625,0.0004880589360388268,4.741287284895271e-06,70.79564649200998
13818.740844726562,0.00045700554070051064,4.4396166103137255e-06,70.79998744574367
13823.509216308594,0.0004485581829150137,4.357554082405924e-06,70.80208485468033
13833.045959472656,0.00041681335698616023,4.0491664504546206e-06,70.80621547552359
13937.950134277344,0.0008377602144766382,8.138488119748777e-06,70.8653605041279
13942.718505859375,0.0007968294705933216,7.740863158488287e-06,70.86914643649672
13947.486877441406,0.0008791907475948832,8.540968323214082e-06,70.87302832762376
13952.255249023438,0.0008338962858469053,8.100951678288277e-06,70.87699607054404
14047.622680664062,0.007052590078528808,6.85129462771419e-05,71.10030705679185
14066.696166992188,0.006275130135749006,6.0960249934493585e-05,71.22241443102644
14071.464538574219,0.006997009222012021,6.797300163351865e-05,71.25315451366423
14119.148254394531,0.017863617811254253,0.00017353753355719845,71.80393365602426
14190.673828125,0.007659819471862281,7.441192443128357e-05,72.683330757566
14195.442199707031,0.00738440842284322,7.173642192859022e-05,72.71817523864317
14228.82080078125,0.010968138314283483,0.00010655085049881744,73.0216775467084
14314.651489257812,0.0040950312961731215,3.9781506662648696e-05,73.57112212724748
14319.419860839844,0.004223695660886912,4.103142684931257e-05,73.59038943202843
14352.798461914062,0.004622515098925588,4.490578994547648e-05,73.7352089444967
14438.629150390625,0.003330353085637774,3.235297947272898e-05,74.061756994958
14443.397521972656,0.003603483862052136,3.500633008615565e-05,74.0778167058323
14448.165893554688,0.0038429916535763172,3.733304754327974e-05,74.0950637574598
14457.70263671875,0.004097337406582028,3.980390955531583e-05,74.13078507056301
14567.375183105469,0.001468059721402045,1.4261582724092728e-05,74.4202047799206
14572.1435546875,0.001480507836628619,1.4382510927812723e-05,74.42703406402875
14576.911926269531,0.0015465120173405746,1.502371378191768e-05,74.43404505434077
14691.352844238281,0.0004941134034315263,4.8001038890923e-06,74.52316806135673
14696.121215820312,0.0004949787035447768,4.808509915745292e-06,74.52545893340721
14700.889587402344,0.0004297938721478943,4.175266695616045e-06,74.52760083266186
14710.426330566406,0.00048821170742019014,4.742771394609218e-06,74.53186430632759
14824.867248535156,0.0002527010626175044,2.4548845366752638e-06,74.56941105460515
14829.635620117188,0.00023943919218270663,2.3260510433747062e-06,74.57055091847293
14839.17236328125,0.00025420592835200586,2.4695036743359225e-06,74.57283605540064
14915.46630859375,0.00018804770813241208,1.8268043912036343e-06,74.58853769897308
14958.381652832031,0.0002118360498413354,2.0578981254740573e-06,74.59680315862877
14963.150024414062,0.0001862488357719115,1.8093291028312636e-06,74.59772517744962
15029.9072265625,0.00023655104779280608,2.29799393538706e-06,74.61054399952542
15091.896057128906,0.0001598668476780985,1.55303918482533e-06,74.62155843691126
15096.664428710938,0.0001548504070265653,1.504306573822273e-06,74.62228736494286
15139.579772949219,0.00014512917346579473,1.4098688785527985e-06,74.62891157708071
15196.800231933594,0.00017166722155630897,1.6676748537874873e-06,74.63740503767156
15220.64208984375,0.00015368376419935205,1.4929731294485787e-06,74.64119470953408
15225.410461425781,0.00016874071399276472,1.6392450637035324e-06,74.64194148854513
15258.7890625,0.000247875909565657,2.408010204247145e-06,74.64832571841595
15358.924865722656,0.00020333895495777481,1.9753524225781074e-06,74.6705494602334
15363.693237304688,0.0002081349098388467,2.0219431070579598e-06,74.67150248975383
15368.461608886719,0.0002152563376927456,2.091124783369494e-06,74.672483121556
15492.439270019531,0.00012165697504937929,1.1818463433984866e-06,74.6909300086773
15497.207641601562,0.00012490460573587474,1.2133957095567811e-06,74.69150107888417
15530.586242675781,0.0001050792698782886,1.0208009102826343e-06,74.69525290799409
15625.953674316406,0.00020048616613742903,1.9476387790780507e-06,74.70643608568419
15630.722045898438,0.00013264455844824773,1.2885860947153991e-06,74.70720766182025
15635.490417480469,0.00011999987458331156,1.1657483093509428e-06,74.70779282074152
15683.174133300781,0.0001543088771705395,1.4990458390396974e-06,74.71395733277004
15769.004821777344,9.398218973957518e-05,9.129974441927108e-07,74.72415092757544
15773.773193359375,9.572423320651361e-05,9.299206637664899e-07,74.72459031349214
15830.99365234375,0.00013933549216560564,1.3535857015572712e-06,74.72946687215888
15888.214111328125,6.56942407291668e-05,6.381919175336411e-07,74.73376999552333
15907.28759765625,7.134114975774206e-05,6.930492636431984e-07,74.7350559797036
15912.055969238281,6.891863875934898e-05,6.695155882075614e-07,74.73538084047952
15921.592712402344,7.20843555523421e-05,7.002691953436546e-07,74.73602643596841
16016.960144042969,6.20494812639529e-05,6.027846123233835e-07,74.74222641332815
16045.570373535156,6.894802453083318e-05,6.698010586178067e-07,74.744088509482
16050.338745117188,6.776801047216641e-05,6.583377183545124e-07,74.74440516244206
16088.485717773438,6.58743521879578e-05,6.39941624600498e-07,74.74697051951641
16188.621520996094,0.00010911608013668985,1.060016824051233e-06,74.7550647856619
16193.389892578125,0.00010057613693999845,9.77054867815317e-07,74.7555504614002
16241.073608398438,0.00014358928482802755,1.3949095081176274e-06,74.76080262870882
16326.904296875,8.782917788880575e-05,8.532235220335596e-07,74.77002749273842
16331.672668457031,9.128419775915857e-05,8.86787586884656e-07,74.77044234371462
16336.441040039062,8.295699837004173e-05,8.058923472587876e-07,74.7708459100594
16431.808471679688,7.560344009244434e-05,7.344556215156178e-07,74.77888471938047
16441.34521484375,9.884492356436422e-05,9.602368580233968e-07,74.77968898391602
16474.72381591797,9.790548109173805e-05,9.511105695335193e-07,74.78267063608592
16479.4921875,9.970744346032689e-05,9.686158760348028e-07,74.78312833453734
16498.565673828125,0.00010980319252993532,1.0666918319505444e-06,74.78499012844524
16508.102416992188,8.747917431888349e-05,8.498233845640792e-07,74.78589405926459
16617.774963378906,0.00010349590949018427,1.005419230077257e-06,74.79642361927236
16622.543334960938,0.00010172007830373913,9.881677770196637e-07,74.79689892745391
16646.385192871094,0.00012213672370003673,1.186506899756227e-06,74.79939569658595
16751.28936767578,6.347775281231914e-05,6.166596696814314e-07,74.80772425507459
16765.594482421875,7.107558418790501e-05,6.904694058297269e-07,74.80871108577642
16770.362854003906,7.229303490760051e-05,7.022964275089686e-07,74.80904314702744
16808.509826660156,6.563271882518466e-05,6.375942581127104e-07,74.81165795691412
16880.035400390625,7.730327758581619e-05,7.509688278081281e-07,74.81658459430986
16913.414001464844,7.722428057404607e-05,7.50201405065108e-07,74.81898602149096
16918.182373046875,7.745013244078785e-05,7.523954609566848e-07,74.81934426850071
16946.792602539062,7.680348205402875e-05,7.461135244319745e-07,74.82156691149086
17032.623291015625,0.0007430478383186806,7.218397221619584e-06,74.84154217057421
17061.233520507812,0.0001336145764105123,1.298009411226992e-06,74.85365168356294
17066.001892089844,0.00011496669571160258,1.1168530935790123e-06,74.85422743165005
17199.51629638672,6.0514029024309916e-05,5.878683396300297e-07,74.86471434371404
17213.821411132812,6.712923959598232e-05,6.52132327960898e-07,74.86564046443478
17218.589782714844,5.783238120938935e-05,5.61817259015375e-07,74.86592989257042
17223.358154296875,5.781910830528996e-05,5.616883183346638e-07,74.86619775717378
17366.409301757812,8.124561673236118e-05,7.892669944598123e-07,74.8755257212906
17371.177673339844,8.362772673458561e-05,8.124081912104236e-07,74.87590759041257
17385.482788085938,7.76044114361622e-05,7.538942165066428e-07,74.87700584996722
17457.008361816406,0.00013452194236854197,1.3068240898690208e-06,74.88397537682616
17518.997192382812,0.00012690365804222335,1.2328156619069152e-06,74.89112431653123
17523.765563964844,0.00013059787057654036,1.268703382883434e-06,74.8917207251475
17528.533935546875,0.00012040751151752633,1.1697083307137982e-06,74.89230208780351
17666.81671142578,0.00026027987156283236,2.5285094779144817e-06,74.91748567178703
17671.585083007812,0.0002519688158897734,2.447771067700031e-06,74.91867210952392
17676.353454589844,0.000238550645767088,2.317419188671657e-06,74.919808219414
17752.647399902344,0.00017423760892386586,1.6926450859524065e-06,74.93546663928174
17805.099487304688,0.0002436928929506823,2.3673739572191684e-06,74.94634755439823
17828.941345214844,0.00022724784340560214,2.207617217714744e-06,74.9512228380163
17833.709716796875,0.00021642643655508424,2.102491801670815e-06,74.95225044808448
17838.478088378906,0.00022894000137161288,2.2240558206289684e-06,74.953281977421
17986.297607421875,0.0001267563034751821,1.2313841742657828e-06,74.97796694006166
17991.065979003906,0.00013734461492901756,1.334245166571407e-06,74.97857863376362
17995.834350585938,0.00013781009987751138,1.3387671570619742e-06,74.97921592956374
18129.348754882812,6.615901734515808e-05,6.427070268718724e-07,74.99154306199203
18143.653869628906,6.928888592233921e-05,6.731123836691949e-07,74.99249691968741
18148.422241210938,6.532146907268723e-05,6.345705976795666e-07,74.99280869560575
18267.63153076172,8.564841580964797e-05,8.320383356681368e-07,74.99950970866941
18301.010131835938,4.9720041698112626e-05,4.830092927321596e-07,75.0013000443042
18305.77850341797,5.0739622608730966e-05,4.92914092440718e-07,75.00153272257101
18310.546875,5.192328387484371e-05,5.04412863790326e-07,75.00177050384681
18320.083618164062,4.571113445577912e-05,4.4406444502858577e-07,75.00222707667726
18444.061279296875,5.4772864257813655e-05,5.320953386707522e-07,75.00810119647684
18467.90313720703,5.1394588831420244e-05,4.992768138138301e-07,75.0092623700372
18472.671508789062,5.323242739083741e-05,5.171306424194017e-07,75.00950470045872
18482.208251953125,5.0177753411069986e-05,4.87455769508931e-07,75.01000290691016
18620.49102783203,7.957919707503021e-05,7.730784283888196e-07,75.01832522901502
18630.027770996094,7.836197076476435e-05,7.612535867527998e-07,75.01904334113131
18634.796142578125,7.025916816922509e-05,6.82538267594725e-07,75.01938756793373
18658.63800048828,0.00011156104659537574,1.0837686448387958e-06,75.02127762712296
18792.152404785156,6.686106864018823e-05,6.495271599186852e-07,75.03230122024294
18796.920776367188,6.450653096076213e-05,6.266538166870766e-07,75.03260548549805
18820.762634277344,7.615624948350805e-05,7.398259322368882e-07,75.03412778688639
18939.971923828125,5.817442668457409e-05,5.651400869416736e-07,75.04174888286983
18959.04541015625,6.433425668647695e-05,6.24980244571356e-07,75.04294755239272
18963.81378173828,7.05370391613999e-05,6.852376674105186e-07,75.0432599326856
19083.023071289062,9.408918865080366e-05,9.14036893611305e-07,75.05200729247318
19121.170043945312,5.475664517922815e-05,5.319377771440762e-07,75.05476683894996
19125.938415527344,6.485998742650183e-05,6.300874975871275e-07,75.05504388736483
19130.706787109375,6.452135843028997e-05,6.267978593170715e-07,75.05534355218572
19297.59979248047,4.9078009903505086e-05,4.7677222388761124e-07,75.06430652303808
19302.3681640625,4.932029311944884e-05,4.791259034256215e-07,75.06453442691135
19369.125366210938,6.066690151200581e-05,5.89353431549472e-07,75.06804363262366
19464.492797851562,5.535140553704768e-05,5.377156238627052e-07,75.07307489779367
19469.261169433594,5.551725075498784e-05,5.393267404001101e-07,75.07333168470379
19483.566284179688,8.61740716766104e-05,8.371448613235983e-07,75.07420355152996
19526.48162841797,5.321184590296689e-05,5.169307019213611e-07,75.07672333504006
19636.154174804688,5.558867071472214e-05,5.400205552695278e-07,75.08296639830539
19640.92254638672,5.708019966568052e-05,5.545101316875478e-07,75.08322735475654
19645.69091796875,5.669721551723098e-05,5.507896017693828e-07,75.08349087874848
19812.583923339844,0.0001091105790239537,1.0599633830547821e-06,75.0954076225241
19817.352294921875,9.902764033326413e-05,9.62011874582162e-07,75.09588969899201
19822.120666503906,9.17462575671488e-05,8.912763035758529e-07,75.0963315573261
19893.646240234375,0.00014394199414163294,1.3983359307489475e-06,75.10496826935392
19984.24530029297,0.00010917359110433617,1.0605755189126704e-06,75.11571847184018
19989.013671875,0.00011040583307596272,1.0725462313831873e-06,75.11622704769694
20003.318786621094,0.0001181906278436992,1.148172238248989e-06,75.11768036877636
20103.45458984375,8.633184593986821e-05,8.386775719309264e-07,75.12710314869572
20160.675048828125,0.00010454150632870389,1.0155767635830168e-06,75.13258921949004
20165.443420410156,0.00010092367017330611,9.80431007003616e-07,75.13306510482658
20184.51690673828,0.00010038925466208228,9.752393850884815e-07,75.1349869964821
20284.652709960938,0.00015704104398294133,1.5255876904664749e-06,75.1474586373019
20337.10479736328,0.00012025209271369206,1.168198502404058e-06,75.15451334093936
20341.873168945312,0.00012137163029476358,1.1790743391240614e-06,75.15507297439501
20446.77734375,0.00010931605867683192,1.0619595314572748e-06,75.16732408754699
20489.69268798828,0.00013595312214999185,1.3207273994882667e-06,75.17251186069662
20518.30291748047,0.00012884225902765306,1.2516483551002883e-06,75.17606906421382
20523.0712890625,0.0001299281891863071,1.2621977098468659e-06,75.1766684118207
20527.83966064453,0.00012981198973560914,1.2610688810570938e-06,75.17727000545601
20699.501037597656,0.00024397351191165584,2.3701000523960397e-06,75.2048081305352
20704.269409179688,0.0002820102753899422,2.739611211236539e-06,75.2060263806343
20713.80615234375,0.00019414367340962982,1.886024129894652e-06,75.20807325025432
20880.699157714844,0.0003827061967124523,3.717829733946367e-06,75.25279735776046
20885.467529296875,0.00039583974085998083,3.845416591340438e-06,75.25460057620273
21066.665649414062,0.0021654877322729686,2.103680250986272e-05,75.40829523843065
21071.434020996094,0.002295351597191138,2.2298375336499564e-05,75.4186271499579
21076.202392578125,0.002084288315824076,2.024798433172486e-05,75.42877099257595
21185.874938964844,0.0050570532004474145,4.912714483402638e-05,75.79227624467784
21252.63214111328,0.00356748825621,3.465664791523471e-05,76.07886923842564
21257.400512695312,0.0034561376694502675,3.357492379917929e-05,76.09513691280365
21352.767944335938,0.006185374459537356,6.0088311291543254e-05,76.49909416581208
21438.5986328125,0.004804590220256186,4.667457316798437e-05,76.90572742705858
21443.36700439453,0.004620703682735012,4.488819279907089e-05,76.92755769161906
21629.33349609375,0.0011007172337049436,1.0693004961218804e-05,77.49241662721366
21634.10186767578,0.0011865226268063197,1.1526568265251066e-05,77.49771418629055
21810.531616210938,0.0002798454050082053,2.7185804060274748e-06,77.60262715488301
21820.068359375,0.00028036167148683285,2.723595717724462e-06,77.60533111743918
21824.83673095703,0.000305538843877336,2.968181357921023e-06,77.60668814284212
21963.119506835938,0.00015064381433540247,1.463441295130281e-06,77.63472243407686
22010.80322265625,0.00017579938410707208,1.707817074970986e-06,77.64276175378392
22015.57159423828,0.00018296757940328918,1.7774530773141466e-06,77.64359270694142
22039.413452148438,0.00018435419476273466,1.790923462317519e-06,77.64766776940256
22172.927856445312,0.0001366854044905668,1.3278412144272993e-06,77.66775807264689
22206.30645751953,0.00015972596432487613,1.5516705623046403e-06,77.6726171010548
22211.074829101562,0.0001725466659044672,1.6762182857335094e-06,77.67338668972744
22234.91668701172,0.00014960903814638144,1.45338887968321e-06,77.67713598394265
22301.673889160156,0.0002364927524834827,2.297427620976126e-06,77.68908272184929
22401.809692382812,0.0001764598396583205,1.7142331228622257e-06,77.70852687270761
22406.578063964844,0.00016809063638552565,1.6329298331733563e-06,77.7093248985436
22420.883178710938,0.00017890919055847334,1.7380275366545338e-06,77.7117167577118
22559.165954589844,8.81800397358428e-05,8.566319973042169e-07,77.72788370162543
22597.312927246094,0.00010121599933479607,9.832708618531668e-07,77.73165522881726
22602.081298828125,9.676873283434917e-05,9.400675383319433e-07,77.73211378842578
22606.849670410156,9.673149032346963e-05,9.397057430030351e-07,77.73256196130053
22711.753845214844,0.0005483453019003631,5.32694397265461e-06,77.75757946056467
22797.584533691406,9.992078119826483e-05,9.706883624285218e-07,77.77589035757585
22802.352905273438,0.00010008083853465384,9.722432521310538e-07,77.77635358857069
22821.426391601562,0.00011040324766683568,1.0725211152209474e-06,77.77822094898328
22997.85614013672,4.658641807286892e-05,4.525674572222911e-07,77.78976471812229
23002.62451171875,5.136548190130487e-05,4.989940522302016e-07,77.7899915880653
23036.00311279297,4.746854161282324e-05,4.611369163897379e-07,77.79162436096954
23136.138916015625,7.109299166535415e-05,6.906385121515198e-07,77.79720699020113
23202.896118164062,6.395560525676362e-05,6.213018051933616e-07,77.80139605808701
23207.664489746094,7.107784571668204e-05,6.904913756305914e-07,77.80170881395325
23231.50634765625,7.173087045027674e-05,6.968352362537445e-07,77.80329076513111
23398.399353027344,4.3445632800165656e-05,4.2205604931955855e-07,77.81221879094046
23407.936096191406,4.758222561190924e-05,4.6224130862510435e-07,77.81263853321214
23412.704467773438,4.4837630329402326e-05,4.355787198386993e-07,77.8128525901876
23436.546325683594,9.63597096666308e-05,9.360940502936536e-07,77.81414825500136
23612.97607421875,6.634074842672074e-05,6.444724678927386e-07,77.82539246744815
23617.74444580078,5.988921061429228e-05,5.817984915767827e-07,77.8256848332279
23627.281188964844,6.107973814330691e-05,5.933639657825163e-07,77.82624060671385
23765.56396484375,4.145910168606247e-05,4.0275773508564607e-07,77.83289550739619
23822.784423828125,4.8613086077160065e-05,4.722556844627104e-07,77.83534413473915
23827.552795410156,4.7966738380594685e-05,4.6597668844591996e-07,77.83556782676837
23951.53045654297,5.9672868995092736e-05,5.796968237400466e-07,77.84154663617055
24023.056030273438,3.762897962146718e-05,3.6554971018633803e-07,77.84469370814742
24032.5927734375,4.058857660896486e-05,3.9430095010651183e-07,77.84506037174805
24037.36114501953,4.077823003453004e-05,3.9614335336720634e-07,77.84524882835575
24242.401123046875,2.9131901038497933e-05,2.8300416564377675e-07,77.85195044272491
24247.169494628906,2.9301209027718653e-05,2.8464892154772263e-07,77.85208578176737
24271.011352539062,2.702221056951331e-05,2.625094100783018e-07,77.85279399679268
24437.904357910156,3.8216199967286126e-05,3.712543088597279e-07,77.85807965567113
24456.97784423828,3.6623397526371614e-05,3.5578090308264905e-07,77.85875482749822
24461.746215820312,3.691100857251196e-05,3.5857492342602865e-07,77.85892514319937
24480.819702148438,3.631169353359943e-05,3.5275282989629053e-07,77.85961877052875
24671.554565429688,7.033970016627792e-05,6.833206020741482e-07,77.8688378073192
24676.32293701172,6.976119007496096e-05,6.777006198596919e-07,77.86916230006506
24852.752685546875,0.00010404443519450933,1.01074792658359e-06,77.88448348855135
24890.899658203125,9.07946623545429e-05,8.820319563285429e-07,77.8879707265712
24895.668029785156,9.270559153035533e-05,9.005958295303115e-07,77.88839573815497
24924.278259277344,0.00010887992155827873,1.0577226427908154e-06,77.89108711954947
25081.634521484375,7.939170281039082e-05,7.712570004683711e-07,77.90583392983723
25110.244750976562,8.541570637001109e-05,8.297776613401952e-07,77.90821018644182
25115.013122558594,8.366119636621766e-05,8.127333346043242e-07,77.90860179157963
25320.053100585938,3.436838605453227e-05,3.3387441509679176e-07,77.91890542295435
25334.35821533203,3.585524978949379e-05,3.48318670903603e-07,77.9194048283917
25339.126586914062,3.420312074386886e-05,3.322689321146702e-07,77.91956709312096
25429.725646972656,2.8704844448970346e-05,2.788554904975096e-07,77.9225236667516
25553.70330810547,3.989970046141447e-05,3.876088080759673e-07,77.9267014030044
25558.4716796875,3.8422103276153606e-05,3.732545729019656e-07,77.92688280697058
25572.776794433594,4.9858317143001886e-05,4.843525805202855e-07,77.9274543744601
25629.99725341797,3.4193214364508115e-05,3.321726958058267e-07,77.92951145942301
25782.58514404297,4.186363418951644e-05,4.06687598209391e-07,77.93508145953903
25787.353515625,4.13797898129813e-05,4.019872535974205e-07,77.93527426264816
25820.73211669922,3.531653523419828e-05,3.430852855835002e-07,77.93654135851853
25992.393493652344,6.097117732737144e-05,5.923093431166345e-07,77.94407600576332
26006.698608398438,4.847896841106166e-05,4.7095278774676623e-07,77.94481760103355
26011.46697998047,5.236664818504751e-05,5.087199615838974e-07,77.94505117321843
26021.00372314453,5.240559200648452e-05,5.090982844292961e-07,77.9455227088397
26168.8232421875,3.834718901224288e-05,3.7252681233718623e-07,77.95184452522953
26235.580444335938,3.9283602200475294e-05,3.8162367260330253e-07,77.95447657352004
26240.34881591797,3.943240212772524e-05,3.830692013109408e-07,77.95465889050848
26307.106018066406,3.862453300386337e-05,3.7522109256425236e-07,77.95740648091326
26392.93670654297,5.665926299586487e-05,5.504209089872297e-07,77.96132257162719
26469.23065185547,4.198337666475515e-05,4.0785084599237193e-07,77.96465368833016
26473.9990234375,3.9423036262203084e-05,3.829782158666978e-07,77.96484223667139
26535.987854003906,3.697606078710576e-05,3.5920687832969487e-07,77.96727920838138
26702.880859375,4.42872691165714e-05,4.302321921392511e-07,77.9739532433373
26707.64923095703,4.3683850638926615e-05,4.2437023542814507e-07,77.97415699643378
26731.491088867188,4.14163963993128e-05,4.023428711868158e-07,77.97515729151165
26793.479919433594,6.1740494661135e-05,5.997829374374903e-07,77.97801804092492
26936.53106689453,5.612037056880241e-05,5.451857957177242e-07,77.98534719497306
26941.299438476562,5.360858225624496e-05,5.207848287252261e-07,77.9856013421747
26965.14129638672,5.342003810613268e-05,5.189532016089926e-07,77.9869227025328
27151.107788085938,7.58991180767593e-05,7.373280087703907e-07,77.99841299221849
27174.949645996094,6.603429478217386e-05,6.414953996310804e-07,78.0000400375325
27179.718017578125,7.00891861311706e-05,6.808869635898655e-07,78.00035531805658
27337.074279785156,9.466044493006739e-05,9.195864080926345e-07,78.01285718883074
27413.368225097656,8.23528811765747e-05,8.000236028173499e-07,78.01893827807763
27418.136596679688,8.25531136457032e-05,8.019687770366917e-07,78.01932022282456
27422.90496826172,8.09252262632057e-05,7.861545358089421e-07,78.01969886092826
27656.55517578125,0.00014219077502127992,1.3813235735615467e-06,78.04480031080072
27661.32354736328,0.00014293805595454263,1.388583093520098e-06,78.04546070801253
27666.091918945312,0.0001372467552363301,1.3332945008169624e-06,78.04610965420108
27899.742126464844,0.00025975002443416926,2.5233622359144523e-06,78.08913923618616
27904.510498046875,0.0002506811055018143,2.435261502894988e-06,78.09032146421227
28128.623962402344,0.0011367578288783368,1.104312418457029e-05,78.21012668005795
28147.69744873047,0.0009676378424986137,9.400194649150303e-06,78.22942589943936
28152.4658203125,0.0009991007492692395,9.705843555055278e-06,78.23398113392027
28395.652770996094,0.0030679429944368854,2.980377580700611e-05,78.70606978593128
28400.421142578125,0.0031729920922667918,3.0824283608529146e-05,78.72052464171081
28500.55694580078,0.00416437351349105,4.0455137138394734e-05,79.048932238211
28643.60809326172,0.0019098751940146864,1.8553634211910717e-05,79.46856544604877
28648.37646484375,0.0019092804019576928,1.8547856057247947e-05,79.4774111306413
28886.795043945312,0.0003978400333966676,3.8648485920066635e-06,79.67663321326621
28896.331787109375,0.0004124203716435105,4.006490445550615e-06,79.68058858593982
28901.100158691406,0.000420930395627667,4.089161749220845e-06,79.682518739833
29149.05548095703,0.00025561334973372,2.4831761810945734e-06,79.76215110194376
29153.823852539062,0.0002628371053828794,2.553351928897755e-06,79.76335190381936
29158.592224121094,0.0002769920484065382,2.690861246770692e-06,79.7646022216732
29382.705688476562,0.00018241746183061494,1.772108916476345e-06,79.81707300909325
29411.31591796875,0.00020854797157971472,2.025955828135765e-06,79.82267192748952
29416.08428955078,0.0001897335765181181,1.8431818934906102e-06,79.82359440180747
29425.621032714844,0.00020504788546821416,1.9919539637068843e-06,79.82541035056622
29659.271240234375,0.00010325142273000091,1.0030441440337748e-06,79.85879337134155
29668.807983398438,0.00011219324327652053,1.0899101696927252e-06,79.85977345467111
29673.57635498047,0.0001120590512998969,1.0886065510812836e-06,79.86029285353223
29678.3447265625,0.00011400864555077218,1.1075460392246675e-06,79.86081645711229
29902.45819091797,7.756449584014549e-05,7.535064532799328e-07,79.88122050008786
29931.068420410156,7.819555262426335e-05,7.596369045136889e-07,79.88347986517148
29935.836791992188,7.187817562133524e-05,6.982662440336808e-07,79.88382745636862
29993.057250976562,8.701663892293601e-05,8.453300477359111e-07,79.88819818489223
30179.02374267578,6.546053730121054e-05,6.359215870272506e-07,79.90185854752303
30193.328857421875,7.548089993411395e-05,7.332651954181133e-07,79.90286634357126
30198.097229003906,7.345324738738148e-05,7.135674037619775e-07,79.90321129534375
30407.90557861328,6.340528075015504e-05,6.159556340794248e-07,79.91789532157199
30441.2841796875,8.024771560951291e-05,7.79572804770871e-07,79.92021661060012
30460.357666015625,7.251934441728431e-05,7.044949292092414e-07,79.92164473399828
30465.126037597656,7.157870969774004e-05,6.953570585420163e-07,79.92197848472016
30655.860900878906,8.347871426679644e-05,8.109605977608418e-07,79.93575149256475
30717.849731445312,6.311925102753149e-05,6.131769756289026e-07,79.94013785498804
30732.154846191406,7.114321070282581e-05,6.911263689783133e-07,79.94109575010685
30736.923217773438,6.626635641097291e-05,6.437497807492031e-07,79.94141400938175
30856.13250732422,8.50501624761312e-05,8.262265561597627e-07,79.94934222950259
30932.42645263672,5.58418217932741e-05,5.424798115217286e-07,79.95419348726685
30999.183654785156,5.930622172667643e-05,5.761349997400748e-07,79.95815455005184
31003.952026367188,5.46313862828214e-05,5.307209396496674e-07,79.95841844507218
31147.003173828125,5.222857990963984e-05,5.073786863601492e-07,79.96636465306742
31251.907348632812,8.171347197282742e-05,7.938120113399411e-07,79.9726791876175
31275.74920654297,5.469549603762209e-05,5.313437389528442e-07,79.97415538290659
31280.517578125,5.1804243342432705e-05,5.032564350866775e-07,79.97440205081001
31433.10546875,4.6086435541895713e-05,4.4771033722770007e-07,79.98213163891094
31514.16778564453,5.760115798065466e-05,5.595710226012446e-07,79.98632740568672
31552.31475830078,5.6897786072554224e-05,5.527380603539068e-07,79.98836060797626
31557.083129882812,5.5170226886398065e-05,5.359555494758053e-07,79.9886201727598
31561.851501464844,5.0684687041786606e-05,4.923804165138806e-07,79.98886534715965
31757.354736328125,7.484268429973404e-05,7.270651989650903e-07,80.00025108989306
31828.880310058594,6.822494187051626e-05,6.62776614703074e-07,80.0050521528872
31833.648681640625,7.230703202727738e-05,7.024324036394084e-07,80.00537764408153
31886.10076904297,6.745150168614016e-05,6.552629686225978e-07,80.00909415810527
32081.60400390625,0.00010799317847994563,1.0491083067510075e-06,80.0250829094279
32110.214233398438,8.842859357765212e-05,8.590465933350713e-07,80.02765381017974
32114.98260498047,8.586394473024407e-05,8.341321084797633e-07,80.02805749544
32134.056091308594,9.296296008774328e-05,9.030960568155225e-07,80.02968883208322
32367.706298828125,5.206918084686686e-05,5.058301915089256e-07,80.04480347808752
32391.54815673828,5.24554996680388e-05,5.095831163700177e-07,80.04604955459385
32396.316528320312,5.415182369358573e-05,5.260621908003814e-07,80.04629647167644
32486.915588378906,6.131070132126766e-05,5.95607675912756e-07,80.0511564015947
32663.345336914062,4.510984183527388e-05,4.3822314012544994e-07,80.05986500326617
32677.650451660156,5.264551284677999e-05,5.114290144815041e-07,80.06054203515991
32682.418823242188,5.123639023883855e-05,4.977399810255944e-07,80.0607826397979
32744.407653808594,4.5242312058267544e-05,4.3951003262454996e-07,80.06375362978274
32877.92205810547,5.7644436718950986e-05,5.599914573406555e-07,80.07023494061448
32968.52111816406,5.068531648031266e-05,4.923865312444179e-07,80.07472308307383
32973.289489746094,4.849680145127639e-05,4.711260282318342e-07,80.07495280236921
33106.80389404297,4.625234486134631e-05,4.4932207648431757e-07,80.08142215279986
33245.086669921875,5.859176451912256e-05,5.691943484710496e-07,80.08844439150273
33259.39178466797,5.2888939037863566e-05,5.137937975422597e-07,80.08921122606331
33264.16015625,5.9236050936276844e-05,5.754533200253402e-07,80.08947092281338
33297.53875732422,6.463852006497875e-05,6.279360353196174e-07,80.0914279393133
33364.295959472656,5.0541250624379e-05,4.90986992048456e-07,80.09509575589155
33550.262451171875,5.649555993283183e-05,5.488306025837522e-07,80.10500062641312
33555.030822753906,5.7357854663364846e-05,5.572074332077143e-07,80.10526432643005
33569.3359375,5.269452030669536e-05,5.119051013419305e-07,80.10605086674875
33712.38708496094,6.452551572535823e-05,6.268382456900917e-07,80.11402859235515
33845.90148925781,5.949697682538477e-05,5.779881052919887e-07,80.12169214007328
33850.669860839844,5.763176244462834e-05,5.598683320964402e-07,80.12196342618829
33898.353576660156,5.629607163572454e-05,5.46892657682596e-07,80.12474766590873
34055.70983886719,9.451035113634457e-05,9.181283100164154e-07,80.13545627674553
34146.30889892578,6.937315336509977e-05,6.739310064325316e-07,80.14251303324171
34151.07727050781,7.421808499077978e-05,7.209974793865197e-07,80.14284561010925
34208.29772949219,7.182391603868327e-05,6.977391350099233e-07,80.14709691429232
34432.411193847656,9.585167478701011e-05,9.311587051187887e-07,80.16591631600124
34446.71630859375,9.116286392907763e-05,8.856088797587104e-07,80.16720492404585
34451.48468017578,9.116730624779582e-05,8.856520350166081e-07,80.16762722555639
34461.021423339844,8.947395909042878e-05,8.692018796085342e-07,80.16848626244342
34747.12371826172,0.00014685673988572466,1.4266514597039695e-06,80.19984646123677
34751.89208984375,0.00014546682866600484,1.4131490568042783e-06,80.20052352244086
34756.66046142578,0.00013946366316739713,1.3548308289306543e-06,80.20118346027219
34813.880920410156,0.0,0.0,80.2083875970623
35057.06787109375,0.0003183004459774545,3.092154954764194e-06,80.25592957842123
35061.83624267578,0.0002956884720804236,2.872489139003272e-06,80.25735166039092
35090.44647216797,0.0002869660543395606,2.787754519319947e-06,80.2658580209776
35367.01202392578,0.0010894654998605145,1.058369909942556e-05,80.43429982031618
35371.78039550781,0.0010819949556514377,1.0511125904562622e-05,80.43932921852003
35376.548767089844,0.0010000379796497028,9.714948354000206e-06,80.44415149040557
35572.052001953125,0.0018588063521751388,1.8057521893112988e-05,80.71344003244204
35676.95617675781,0.0013855582342639206,1.3460115476862935e-05,80.87974346079201
35681.724548339844,0.0013744399167709748,1.3352105698809125e-05,80.88613599246727
35696.02966308594,0.0013899727660030704,1.3503000795946474e-05,80.90503821645883
35982.13195800781,0.00043613276364104454,4.236846360319516e-06,81.10742410167053
35991.668701171875,0.00044588441506213843,4.3315795523082096e-06,81.11158215728307
35996.437072753906,0.00045340273528881534,4.404616871087428e-06,81.11366502882109
36034.584045410156,0.000486535765010853,4.726490319007777e-06,81.12981931071782
36311.14959716797,0.0002503735809550632,2.4322740312688397e-06,81.22450619570105
36315.91796875,0.00023376334495013926,2.2709125747848415e-06,81.22562752276892
36339.759826660156,0.00026590072795343816,2.5831137336039655e-06,81.23147742884656
36616.32537841797,0.00012274680862447176,1.1924336181939773e-06,81.28058073374237
36630.63049316406,0.00012763861142642304,1.239955424911315e-06,81.28232309683997
36635.398864746094,0.00012094478806919595,1.1749277464335032e-06,81.2828988498544
36649.70397949219,0.00013188259451686949,1.2811839356058585e-06,81.28465001798317
36802.29187011719,9.174058522185608e-05,8.912211991271357e-07,81.30061525257699
36954.87976074219,0.00010355170861461784,1.005961295101888e-06,81.31571868119383
36959.64813232422,9.65685092806033e-05,9.381224507217938e-07,81.31618218687817
36988.258361816406,9.965986300176254e-05,9.681536518923016e-07,81.31885411228812
37150.38299560547,7.721293803586642e-05,7.500912170773906e-07,81.33256398097706
37279.12902832031,8.62151597835233e-05,8.37544015000504e-07,81.3433737115745
37283.897399902344,8.242179978628161e-05,8.006931181233253e-07,81.34376429774402
37331.581115722656,8.812779930845888e-05,8.561245035246271e-07,81.34753830786062
37574.76806640625,6.45283278027375e-05,6.26865563839065e-07,81.36511269411714
37608.14666748047,7.090630145066589e-05,6.888248952381613e-07,81.36731712347904
37612.9150390625,6.754250772329803e-05,6.56147053996236e-07,81.36763778978012
37751.197814941406,7.09674371235764e-05,6.894188025866809e-07,81.37609074501862
37860.870361328125,5.16628403959126e-05,5.018827649356423e-07,81.38234404920733
37937.164306640625,5.498333537172103e-05,5.341399770177231e-07,81.38649147541803
37941.932678222656,5.802549765213711e-05,5.636933040314453e-07,81.38675321926897
38018.226623535156,5.483672919375387e-05,5.32715759661671e-07,81.39112494405016
38170.814514160156,7.527359891329287e-05,7.312513531921272e-07,81.40051165026375
38275.718688964844,6.549364962974284e-05,6.362432593718197e-07,81.40712482473982
38280.487060546875,6.563041832154176e-05,6.375719096874168e-07,81.40742852594246
38371.08612060547,7.070059732552353e-05,6.868265661820359e-07,81.41327369375053
38385.39123535156,5.8057592261151326e-05,5.640050896589512e-07,81.41414497054028
38609.50469970703,6.528315697242644e-05,6.341984117396913e-07,81.42821764372661
38614.27307128906,6.07406035600141e-05,5.9006941594662e-07,81.42850953192253
38723.94561767578,5.834518755376448e-05,5.667989569634401e-07,81.43538675195673
38905.14373779297,7.676731210495172e-05,7.457621485898557e-07,81.4469954068295
38952.82745361328,7.456674452465794e-05,7.243845601111363e-07,81.45024262565263
38957.59582519531,7.7594633876112e-05,7.537992316232196e-07,81.45059505213192
39000.511169433594,6.816997879776252e-05,6.622426715688674e-07,81.45374732972955
39062.5,9.336658221966293e-05,9.070170760627159e-07,81.45825223381978
39296.15020751953,7.829570553945781e-05,7.606098479602544e-07,81.47612237989831
39300.91857910156,7.833793286045841e-05,7.610200686228659e-07,81.47648516474094
39358.13903808594,8.495129010372803e-05,8.252660526478154e-07,81.4809095951083
39448.73809814453,6.592268894547095e-05,6.404111958691857e-07,81.4878440037644
39644.24133300781,7.359342709346395e-05,7.149291906466586e-07,81.50184976180249
39649.009704589844,8.078147186405103e-05,7.847580222845886e-07,81.5022073150969
39663.31481933594,7.126338535513941e-05,6.92293815179802e-07,81.50328643590417
39749.1455078125,9.800243265258025e-05,9.520524131690496e-07,81.51029782417415
39992.332458496094,7.608158589807197e-05,7.39100606908054e-07,81.52905054385349
39997.100830078125,7.570072970074481e-05,7.354007491400217e-07,81.52940209237168
40073.394775390625,8.640748465034297e-05,8.394123701893714e-07,81.53509639408644
40335.655212402344,5.159286961043348e-05,5.012030281845875e-07,81.55230277471165
40345.191955566406,5.6343046605679106e-05,5.473489997579231e-07,81.55280519344626
40349.96032714844,5.909379505897089e-05,5.740713640104651e-07,81.55307256089598
40378.570556640625,5.366655388100371e-05,5.213479986767573e-07,81.55462736338288
40602.684020996094,6.941122088562529e-05,6.743008163831496e-07,81.56756698479494
40698.05145263672,6.097400026981066e-05,5.923367668150953e-07,81.57335638239911
40702.81982421875,6.406015953957103e-05,6.223175060750614e-07,81.57364597854495
40755.271911621094,5.816264329579438e-05,5.650256162757995e-07,81.57678573933967
40941.23840332031,6.926799335507794e-05,6.72909421165714e-07,81.58817664464824
41060.447692871094,6.572554651571705e-05,6.384960400826904e-07,81.59586445832977
41065.216064453125,6.349148597649462e-05,6.167930815951954e-07,81.59616374257853
41089.05792236328,5.892250764695526e-05,5.724073788466166e-07,81.59768102047602
41408.538818359375,8.113910764640795e-05,7.882323034877455e-07,81.61937430200649
41422.84393310547,7.413814089914909e-05,7.202208561609982e-07,81.62044318289993
41427.6123046875,7.549839698036162e-05,7.33435171863111e-07,81.62078976150462
41456.22253417969,7.141124403148486e-05,6.937302000307955e-07,81.62287432796734
41780.47180175781,0.00011674704607957042,1.1341484485843204e-06,81.6505987809039
41785.240173339844,0.0001104239939827432,1.0727226569540402e-06,81.65112493997715
41790.008544921875,0.00011767617974999709,1.143174591396736e-06,81.65165325105055
41799.54528808594,0.00011176805661493138,1.0857796601098838e-06,81.65271554584793
42157.17315673828,0.0002247177179364237,2.1830381129583236e-06,81.70509570799479
42161.94152832031,0.00020933102560046342,2.033562868592999e-06,81.70610102400944
42510.032653808594,0.0006946576638155673,6.748307029341612e-06,81.83700304235042
42529.10614013672,0.0006027686635293523,5.85564404028795e-06,81.84855300893165
42533.87451171875,0.0006279388092333974,6.100161419181012e-06,81.85140349508131
42676.92565917969,0.0008544679626885999,8.300796866310285e-06,81.95477247150748
42896.270751953125,0.00044506560428627637,4.323625150014424e-06,82.09560561634976
42901.039123535156,0.00044899791249512376,4.361825870325411e-06,82.09767638924089
42905.80749511719,0.0004594954234527439,4.463804774001203e-06,82.0997805835588
42920.11260986328,0.0004983059097594683,4.840832324690359e-06,82.1064068837518
43268.20373535156,0.00017374984776585625,1.687906691455819e-06,82.20328974817456
43282.508850097656,0.00018937935215196594,1.839740752761033e-06,82.20600389687061
43287.27722167969,0.000202779656999494,1.9699190781554292e-06,82.20691219055436
43659.210205078125,7.305034523397871e-05,7.096533788032508e-07,82.25075221740717
43663.978576660156,7.418148048354903e-05,7.206418819947136e-07,82.25109322637094
43668.74694824219,7.619460905209967e-05,7.401985793116321e-07,82.25144151787802
43678.28369140625,8.179193714780484e-05,7.945742675122119e-07,82.25217419595594
43978.69110107422,5.2921272122999044e-05,5.141078998649802e-07,82.27138373916043
44045.448303222656,5.369834537701638e-05,5.216568396889434e-07,82.27510039570882
44050.21667480469,5.487802758225054e-05,5.331169561357181e-07,82.27535187337848
44264.793395996094,6.419134323387007e-05,6.235919004890102e-07,82.28708647397907
44412.61291503906,4.741063282667145e-05,4.6057435688884316e-07,82.29481886539683
44436.45477294922,4.909100967919993e-05,4.768985112407507e-07,82.29596598619122
44441.22314453125,5.0249706273122654e-05,4.881547613002317e-07,82.29619607282122
44450.75988769531,5.127888019303117e-05,4.981527530592022e-07,82.29665481139806
44798.851013183594,3.67957669900382e-05,3.574553999231733e-07,82.3117018627313
44827.46124267578,3.945602456708217e-05,3.832986833736405e-07,82.31280609578934
44832.22961425781,3.991787158512208e-05,3.877853328999699e-07,82.31298993654487
44846.534729003906,3.459734510552009e-05,3.3609865597642987e-07,82.31351981769261
45056.34307861328,4.658027238410492e-05,4.5250775444083986e-07,82.3213222184499
45223.236083984375,4.286335776049977e-05,4.1639949221543844e-07,82.32790204625799
45228.004455566406,4.2324501258636e-05,4.11164727944128e-07,82.32809935294347
45266.151428222656,4.168862162520565e-05,4.0498742475780263e-07,82.32974820100866
45475.95977783203,6.605804721401048e-05,6.417261445160451e-07,82.34059825025271
45619.01092529297,5.797272402892152e-05,5.631806304786143e-07,82.34812512211673
45623.779296875,5.729267970753637e-05,5.565742859245784e-07,82.34839209249284
45695.30487060547,4.984202711470385e-05,4.841943297469938e-07,82.35227263587713
46005.2490234375,7.955059345605361e-05,7.728005562612106e-07,82.3722422218425
46024.322509765625,7.44865677795659e-05,7.236056767550923e-07,82.37365583488649
46029.090881347656,8.913202727013624e-05,8.658801557917099e-07,82.3740347978402
46052.93273925781,7.684186838634665e-05,7.464864315050623e-07,82.3760031118793
46114.92156982422,0.00010818653153842648,1.0509866503894035e-06,82.38122619113929
46429.63409423828,8.60321609050267e-05,8.357662578656627e-07,82.40873565566551
46434.40246582031,7.712749567752272e-05,7.492611805033358e-07,82.40911355565521
46496.39129638672,9.017897022010406e-05,8.760507662040112e-07,82.41373342792687
46811.10382080078,5.741310127537047e-05,5.577441308064956e-07,82.43567871021398
46839.71405029297,5.863574789364923e-05,5.696216284550667e-07,82.43735807567718
46844.482421875,6.356117514378722e-05,6.174700825440174e-07,82.43764110039618
46873.09265136719,8.970798628875007e-05,8.714753554078425e-07,82.43933776178
47245.025634765625,4.1643929441449187e-05,4.045532589902449e-07,82.45733393801368
47249.794006347656,4.301205807815119e-05,4.17844053257723e-07,82.45753001281231
47254.56237792969,4.1068511226282885e-05,3.989633130521419e-07,82.45772475486399
47450.06561279297,3.693961786001583e-05,3.5885285062099593e-07,82.46553714933268
47492.98095703125,5.221049527875759e-05,5.072030017775658e-07,82.4672976579859
47669.410705566406,4.442496132201031e-05,4.315698140014288e-07,82.47453630107516
47674.17907714844,4.389281489038586e-05,4.264002352402222e-07,82.47474085707522
47683.7158203125,1.9370534011782554e-05,1.881765906328774e-07,82.47505483250339
47912.59765625,5.939492925546609e-05,5.769967560716736e-07,82.48545015968217
48089.027404785156,5.312322929248499e-05,5.160698288228817e-07,82.49415542066534
48093.79577636719,5.196317507897497e-05,5.048003900601281e-07,82.49439881509237
48122.406005859375,4.8943260223803764e-05,4.754631874253411e-07,82.49587048417288
48251.15203857422,7.716882800833458e-05,7.496627067126987e-07,82.50341314071056
48513.41247558594,5.941775781064223e-05,5.772185258834665e-07,82.518539632075
48518.18084716797,5.660782821886693e-05,5.499212417622814e-07,82.51880836313686
48551.55944824219,5.426334803680138e-05,5.271456028873238e-07,82.52069785512106
48942.56591796875,8.863898478532984e-05,8.610904554266297e-07,82.54727339895595
48947.33428955078,9.19048186096184e-05,8.928166574123023e-07,82.54769156299767
48966.407775878906,8.23172291122269e-05,7.996772580075521e-07,82.54930046296704
49366.95098876953,0.00021389144562423786,2.077865431000715e-06,82.60271642299635
49371.71936035156,0.00020592042915227172,2.0004303586036035e-06,82.60368876448366
49376.487731933594,0.00020692996477651487,2.0102375725800975e-06,82.60464498223305
49409.86633300781,0.00020568921838038146,1.998184243202477e-06,82.61166310998718
49695.96862792969,0.0005151793416289646,5.004750618297886e-06,82.70656268012354
49810.40954589844,0.0004905460991863109,4.765449028766483e-06,82.75924461249816
49815.17791748047,0.0004522762668294821,4.393673703800256e-06,82.76142831752587
49819.9462890625,0.0004957438759399812,4.815943243731417e-06,82.76362406131258
50249.09973144531,0.0002333688047113375,2.267079782309423e-06,82.9156127308431
50253.868103027344,0.0002537988592133219,2.465549168867833e-06,82.91674107751305
50263.404846191406,0.0002561791940188936,2.4886731203296147e-06,82.91908477612986
50683.021545410156,0.00010564112138398212,1.0262590613443988e-06,82.98696252921125
50692.55828857422,0.00011552704086365226,1.1222966110487026e-06,82.98798432933202
50697.32666015625,0.0001109027125779777,1.0773732067565906e-06,82.98850877148448
50721.168518066406,0.00011986705994030842,1.1644580709563148e-06,82.99116426254375
50854.68292236328,8.934937906784287e-05,8.679916370877589e-07,83.00468649387214
51136.016845703125,9.603142721507582e-05,9.329049243531584e-07,83.03267676682569
51140.785217285156,9.346596025110834e-05,9.079824918395772e-07,83.03311566858774
51145.55358886719,0.00010272616228975111,9.97941459782509e-07,83.03357007626818
51579.47540283203,6.211452719356889e-05,6.034165061711339e-07,83.06540185641015
51589.012145996094,6.830026854864794e-05,6.635083816985475e-07,83.06600134215071
51593.780517578125,6.303628134585346e-05,6.123709600686413e-07,83.06630553549049
51627.159118652344,6.81232453518224e-05,6.61788675797755e-07,83.06832285721129
52042.00744628906,4.685223739914454e-05,4.551497801728328e-07,83.09038667195907
52046.775817871094,4.85270869821833e-05,4.714202394264302e-07,83.09060758346656
52161.216735839844,4.558924934245297e-05,4.4288038241778393e-07,83.09620269179423
52366.25671386719,6.208459544842587e-05,6.031257318564309e-07,83.10650130839082
52504.539489746094,5.375987610804357e-05,5.222545848609041e-07,83.11366983914434
52509.307861328125,5.5167118957033096e-05,5.359253572492271e-07,83.11392212890254
52595.13854980469,5.319850125099272e-05,5.168010642402237e-07,83.11861201661344
52947.998046875,9.164490033346138e-05,8.902916606816674e-07,83.14228124912457
52967.071533203125,8.386188301824005e-05,8.146829210194497e-07,83.14381977147475
52971.839904785156,9.076832693399731e-05,8.817761187946816e-07,83.14422423882853
52981.37664794922,7.890457343640203e-05,7.66524743487816e-07,83.14501821511402
53329.4677734375,0.0001302342286404961,1.2651707544234065e-06,83.1799549160345
53434.37194824219,0.0001202430573996909,1.1681107281288109e-06,83.1918624863363
53439.14031982422,0.00012276183536316193,1.1925795966400712e-06,83.19242531876924
53467.750549316406,0.00012397414142548816,1.2043566401368252e-06,83.1957086561648
53896.90399169922,8.036839857958003e-05,7.807451890655356e-07,83.23680363218364
53901.67236328125,8.450389284834634e-05,8.209197764881069e-07,83.23718549886893
53906.44073486328,8.158534938695345e-05,7.925673543068326e-07,83.23757018417805
53935.05096435547,8.795366352658198e-05,8.544328476456073e-07,83.23994096830766
54349.89929199219,5.010651875628464e-05,4.867637547991526e-07,83.26668771365676
54378.509521484375,5.372335888563135e-05,5.21899835404398e-07,83.26823414941896
54383.277893066406,5.537319523043758e-05,5.379273015691925e-07,83.26848683189905
54683.685302734375,8.390945272550715e-05,8.151450407176202e-07,83.28329168635868
54855.3466796875,4.4043577832303813e-05,4.278648338097116e-07,83.291523045269
54860.11505126953,4.6347130430965076e-05,4.5024287842613317e-07,83.29173240246205
54864.88342285156,4.5388151355629025e-05,4.409268000580696e-07,83.29194487387053
55079.46014404297,4.262627352874129e-05,4.1409631862208325e-07,83.30155436672511
55222.511291503906,5.361244615330294e-05,5.208223648599802e-07,83.30819457774754
55341.72058105469,4.5404926999959935e-05,4.4108976838686943e-07,83.31373943493256
55346.48895263672,4.650666659249104e-05,4.517927051340779e-07,83.3139523147032
55351.25732421875,4.2990294506631566e-05,4.176326293142186e-07,83.31415960185608
55632.591247558594,5.549264091970221e-05,5.39087666201264e-07,83.3271083900529
55832.862854003906,5.196598992528203e-05,5.048277351080702e-07,83.33682583735825
55837.63122558594,5.4884033802643314e-05,5.331753040406036e-07,83.33707331656795
55875.77819824219,4.8749918382402695e-05,4.735849527561572e-07,83.33901215439352
56324.005126953125,9.371861712486503e-05,9.104369471000556e-07,83.36804825490259
56328.773498535156,9.170396084181848e-05,8.908654086793697e-07,83.36847771885077
56362.152099609375,8.573909693731585e-05,8.329192646827374e-07,83.37135112452712
56791.30554199219,0.0002053973520668536,1.9953488847262033e-06,83.42678022100785
56819.915771484375,0.0002007219987873477,1.9499297940802505e-06,83.43187328401484
56824.684143066406,0.00020635277809293747,2.004630446715203e-06,83.43281612464843
56905.74645996094,0.0002141234958643859,2.0801197014828833e-06,83.44768600955888
57277.679443359375,0.0001198591367420236,1.1643811004174933e-06,83.51143713690907
57320.594787597656,0.00013198263995919927,1.282155834998747e-06,83.51711004044753
57325.36315917969,0.00013880044089858556,1.3483879035419765e-06,83.51773721094796
57334.89990234375,0.0001419446281108728,1.3789323598569036e-06,83.51900263986842
57816.505432128906,7.17595534128091e-05,6.971138791706257e-07,83.56570713476752
57826.04217529297,7.180244265574514e-05,6.975305301264342e-07,83.56637803344434
57830.810546875,7.38326981664191e-05,7.17253608482449e-07,83.56671534426842
57930.946350097656,7.536914983829753e-05,7.321795902396066e-07,83.5736193111161
58307.647705078125,4.891015006071459e-05,4.751415361171413e-07,83.59561443390487
58336.25793457031,5.346105181190138e-05,5.193516325100757e-07,83.59709807496061
58341.026306152344,5.130621282741137e-05,4.984182781060363e-07,83.59734073021656
58450.69885253906,6.493654965392862e-05,6.30831267424328e-07,83.6028717441481
58593.75,4.327319328144918e-05,4.2038087192369e-07,83.60980244524677
58851.24206542969,4.810497294607029e-05,4.6731957910773617e-07,83.62184618368008
58856.01043701172,5.2930394437736674e-05,5.141965193157895e-07,83.62208019535362
58865.54718017578,5.5600207816428647e-05,5.401326333600748e-07,83.62257982765406
59056.28204345703,4.347424524444696e-05,4.223340071812909e-07,83.63150655060905
59370.994567871094,4.682734061223393e-05,4.549079183596427e-07,83.64602812352396
59375.762939453125,4.933319512666574e-05,4.792512409991195e-07,83.64625084442339
59394.83642578125,4.602830369778446e-05,4.4714561081254784e-07,83.64713482692842
59671.40197753906,6.966781105482169e-05,6.767934819544714e-07,83.66120680619599
59895.51544189453,5.931654393581099e-05,5.762352756602719e-07,83.67343791620097
59900.28381347656,5.866787946515172e-05,5.699337731575998e-07,83.67371118419699
60343.74237060547,0.00010168908277722902,9.878666685164084e-07,83.70644707771997
60420.03631591797,9.784055364496765e-05,9.504798266967797e-07,83.71351556804547
60424.8046875,9.86274195111059e-05,9.581238976287021e-07,83.71397061463347
60644.14978027344,0.00010856888261012101,1.0547010302331672e-06,83.73448579213814
60911.17858886719,6.64147920573171e-05,6.451917706210594e-07,83.75658347855625
60954.09393310547,7.492956035447747e-05,7.279091632966525e-07,83.75964943737824
60958.8623046875,7.789434840617381e-05,7.567108322221427e-07,83.76000339836807
61464.30969238281,4.877749488131201e-05,4.7385284684432167e-07,83.79084377518926
61492.919921875,5.1868191344811434e-05,5.038776630331084e-07,83.79233845151707
61497.68829345703,5.341357907374088e-05,5.188904548259903e-07,83.79258229843848
61745.643615722656,5.643641444554017e-05,5.48256029051443e-07,83.80471226181149
62017.44079589844,4.0710489317525295e-05,3.9548528079340817e-07,83.81685517323805
62031.74591064453,4.355280415814774e-05,4.230971739858324e-07,83.81743396821825
62036.51428222656,4.464075400159377e-05,4.336661491206799e-07,83.81763823651238
62136.65008544922,3.860309207802558e-05,3.750128029878414e-07,83.82195842763907
62499.046325683594,0.0001009235675897013,9.804300104470422e-07,83.83848547827348
62580.108642578125,4.9058125792199475e-05,4.765790581095806e-07,83.84267547866597
62584.877014160156,4.8673027824814284e-05,4.728379933295329e-07,83.84290183733036
62694.549560546875,4.421083358089482e-05,4.2948965305911695e-07,83.84793977519637
63042.640686035156,5.5901760192925175e-05,5.430620878641086e-07,83.86456108740845
63133.23974609375,5.3060692695858433e-05,5.154623120896925e-07,83.86906643985029
63138.00811767578,5.081787879241856e-05,4.936743183505104e-07,83.86930703677183
63171.38671875,4.95333320046998e-05,4.811954865911847e-07,83.87100486227584
63657.76062011719,8.644651772714787e-05,8.397915601131283e-07,83.90054192178061
63691.139221191406,8.461204854030141e-05,8.219704635449152e-07,83.9032815485878
63695.90759277344,8.8040343856033e-05,8.552749105882762e-07,83.9036814350467
63724.517822265625,8.265926907179795e-05,8.030000323519835e-07,83.90612623102321
63986.778259277344,0.0001301547586611315,1.2643987369991376e-06,83.93373628938257
64253.807067871094,0.00011767520495943008,1.1431651217163768e-06,83.96409096778
64258.575439453125,0.00011427216738045117,1.1101060429621054e-06,83.9646281894894
64282.41729736328,0.00012572391075891837,1.2213549132540545e-06,83.96727582809356
64797.401428222656,7.20017817725254e-05,6.994670258034589e-07,84.01613356443059
64816.47491455078,7.787568152424826e-05,7.565294913155698e-07,84.0175441850487
64821.24328613281,7.097755606924173e-05,6.895171038877674e-07,84.01788894942325
64878.46374511719,8.608618108454669e-05,8.362910411886866e-07,84.02219790315431
65388.67950439453,5.564855267680803e-05,5.406022833446999e-07,84.05607914992457
65393.44787597656,5.4478245824798806e-05,5.292332445112101e-07,84.05633421859099
65703.3920288086,4.522564297669333e-05,4.3934809950811094e-07,84.07252009313926
65760.61248779297,6.587849803678484e-05,6.399818997780989e-07,84.07538174436161
65965.65246582031,4.946922902383496e-05,4.805727530939454e-07,84.0853776772263
65970.42083740234,4.95187737925236e-05,4.810540596831108e-07,84.08560694692464
66285.1333618164,5.587307953122362e-05,5.42783467298831e-07,84.10084619031502
66318.51196289062,4.337527192731618e-05,4.213725230337724e-07,84.1023976977469
66547.39379882812,4.912748874340228e-05,4.772528900062975e-07,84.1130238127998
66552.16217041016,5.235221261416131e-05,5.085797260843726e-07,84.11325885361136
66571.23565673828,4.359218616009734e-05,4.2347975357061135e-07,84.11418065294075
66976.54724121094,6.326214433231382e-05,6.145651239836071e-07,84.13363486577659
67133.90350341797,5.9442502450643636e-05,5.774589096534272e-07,84.14195973298575
67138.671875,5.6524967506971514e-05,5.491162847976253e-07,84.14222832944287
67143.44024658203,5.1644638680320696e-05,5.017059429243508e-07,84.14247886498529
67396.16394042969,7.533594473783292e-05,7.318570166547353e-07,84.15757714626119
67725.18157958984,6.924053611699263e-05,6.726426856462933e-07,84.17937346812367
67729.94995117188,6.92780119203638e-05,6.730067473136342e-07,84.17969429594945
68044.66247558594,7.893915530342085e-05,7.668606917806903e-07,84.20020504183483
68316.45965576172,5.672012551517857e-05,5.510121627634454e-07,84.2176266010357
68325.99639892578,6.405304593866687e-05,6.222484004342746e-07,84.2181995141767
68330.76477050781,5.952918956369289e-05,5.783010384958996e-07,84.21848574746808
68430.90057373047,6.53883362228638e-05,6.352201839190533e-07,84.22398260791863
68917.27447509766,4.705333208641705e-05,4.5710333047879283e-07,84.2492230632622
68926.81121826172,5.6793430586661714e-05,5.517242907006208e-07,84.2496896808231
68931.57958984375,5.151420860833462e-05,5.004388696341973e-07,84.24994053606876
69212.9135131836,4.444394519278574e-05,4.3175423432135196e-07,84.26342921990259
69413.1851196289,6.177926346376954e-05,6.001595600488365e-07,84.27305284587501
69537.16278076172,5.042677739093369e-05,4.898749327332426e-07,84.2793998142368
69541.93115234375,5.0821360187414664e-05,4.937081386386147e-07,84.2796343187151
69637.29858398438,0.0,0.0,84.28414059596767
70118.90411376953,7.642172479713803e-05,7.4240491324927e-07,84.31325297362427
70147.51434326172,6.975389819343808e-05,6.776297822976793e-07,84.31522362178713
70152.28271484375,7.252562797043485e-05,7.045559712852219e-07,84.31555316055055
70176.1245727539,6.6254479291508e-05,6.436343995291455e-07,84.31723965593818
70748.32916259766,0.0001512782079996625,1.4696041627511187e-06,84.37325272963905
70767.40264892578,0.00014326992471436353,1.391807058936987e-06,84.37591753736329
70772.17102050781,0.00014250829232747062,1.384408120642673e-06,84.3765794386417
70815.0863647461,0.0001347635202639888,1.309170917515063e-06,84.38255206556711
71244.2398071289,0.00023149422132135675,2.2488689931298873e-06,84.45958082182894
71392.05932617188,0.0001751045664070823,1.7010672132575233e-06,84.48891894708669
71396.8276977539,0.00021900502707338854,2.127541723994981e-06,84.48983175858945
71458.81652832031,0.00022354887129963184,2.171683259501501e-06,84.50215479054282
72002.41088867188,9.686850571512462e-05,9.410367899039715e-07,84.58084426301923
72021.484375,0.00010666438801252996,1.0361996662524207e-06,84.58269679248896
72026.25274658203,0.00011181375636485644,1.086223613958985e-06,84.58320281763167
72031.02111816406,0.00011787570604034226,1.1451129053862184e-06,84.58373480971412
72655.67779541016,6.156007729421263e-05,5.98030258601803e-07,84.635127430032
72660.44616699219,6.267578655037013e-05,6.08868904755469e-07,84.63541517721565
73065.75775146484,8.005725036022114e-05,7.777225149841277e-07,84.65896734727134
73289.87121582031,4.701861147314716e-05,4.5676603432444633e-07,84.67056839835905
73294.63958740234,4.862919539878459e-05,4.724121797466746e-07,84.67078993170858
73299.40795898438,5.000130899800438e-05,4.857416862489286e-07,84.67101837339189
73304.1763305664,4.696025268001335e-05,4.5619910319499535e-07,84.67124294957651
73823.92883300781,5.882337854042639e-05,5.714443812706211e-07,84.69807516830326
73943.1381225586,5.2091611953389424e-05,5.060481002742169e-07,84.7042640158114
73947.90649414062,5.440053892743578e-05,5.284783546870298e-07,84.70451066613883
74234.0087890625,4.142022380256702e-05,4.023800527996159e-07,84.71830417870119
74281.69250488281,6.78164272205687e-05,6.588080667010439e-07,84.72058376210072
74596.40502929688,4.976341951141127e-05,4.83430689943547e-07,84.73527439768979
74601.1734008789,5.009687632812484e-05,4.866700826652078e-07,84.73550568773757
74653.62548828125,5.439658696069892e-05,5.284399629923876e-07,84.73800760473577
75154.30450439453,3.8353609235607116e-05,3.72589182106809e-07,84.76057407358648
75254.44030761719,4.513878587685024e-05,4.3850431931543323e-07,84.76478227994222
75259.20867919922,4.1254079530793716e-05,4.0076603108000476e-07,84.76498237758665
75502.39562988281,5.6788885885035006e-05,5.516801408358294e-07,84.77505136509352
75640.67840576172,3.5575785113624135e-05,3.45603789121021e-07,84.7806404579886
75917.24395751953,4.381636032707231e-05,4.25657511314598e-07,84.79206774908133
75922.01232910156,4.4182744651582494e-05,4.292167809251166e-07,84.79227156699538
76060.29510498047,3.7982832244156115e-05,3.689872395845261e-07,84.79803559568606
76527.59552001953,5.0076696179784265e-05,4.864740410118963e-07,84.81805454932419
76584.8159790039,4.3451730371408136e-05,4.2211528465952666e-07,84.82067386444288
76589.58435058594,4.413338896754157e-05,4.287373112137744e-07,84.82087672350981
76594.35272216797,4.399674116048722e-05,4.2740983524262636e-07,84.82108084489597
76718.33038330078,6.885800670944705e-05,6.689265733447452e-07,84.82697172100497
77261.92474365234,6.131572417347026e-05,5.956564708092809e-07,84.85591870570417
77266.69311523438,6.0908760877579665e-05,5.917029935594112e-07,84.85620179426054
77352.52380371094,6.002425412377508e-05,5.831103824717944e-07,84.86144050510703
77939.03350830078,0.00011217594548171775,1.089742128891709e-06,84.90766376282207
77943.80187988281,0.00010289703540120817,9.996014201906868e-07,84.9081619011423
77948.57025146484,0.00010545009723850604,1.0244033421162978e-06,84.90864446148181
77958.1069946289,9.455144876262161e-05,9.185275561699399e-07,84.90960142256047
78125.0,0.00015953762970819958,1.5498409707176048e-06,84.92762370350616
78630.44738769531,0.00010802453489252029,1.0494129211105903e-06,84.98867409161457
78635.21575927734,0.00010747273804573068,1.0440524468310644e-06,84.98917321265299
78687.66784667969,0.00012499006035483277,1.214225865237547e-06,84.99497892516754
79250.33569335938,6.856390651270662e-05,6.660695136326376e-07,85.04296213245459
79321.86126708984,7.414265195427556e-05,7.202646791641914e-07,85.04816609748664
79326.62963867188,7.421061368819821e-05,7.209248988243869e-07,85.04850970385804
79398.15521240234,8.572536115608122e-05,8.327858273453444e-07,85.05363346880883
79936.98120117188,4.2767811644197116e-05,4.154713018824765e-07,85.08574004076878
80022.81188964844,4.6948295578773193e-05,4.5608294498563176e-07,85.0896329949525
80027.58026123047,4.390716120904511e-05,4.265396036919018e-07,85.08984342856644
80370.90301513672,6.007749473193797e-05,5.836275925869734e-07,85.10349748443777
80575.94299316406,3.35440203760238e-05,3.2586604926020085e-07,85.11094545551194
80728.53088378906,3.680621793954045e-05,3.5755692650189397e-07,85.11629665763083
80733.2992553711,3.633943336303582e-05,3.5302231067182835e-07,85.1164660729229
80795.2880859375,4.282859207128736e-05,4.160617581672694e-07,85.11869762032921
81057.54852294922,3.0114878736350635e-05,2.925533805357133e-07,85.12762497173541
81439.01824951172,3.420975908906519e-05,3.3233342084614915e-07,85.14005675117659
81443.78662109375,3.384748181540932e-05,3.2881404950724506e-07,85.14021438101703
81553.45916748047,3.070061076204247e-05,2.982435208050592e-07,85.14373901450682
81591.60614013672,4.6376288251577864e-05,4.5052613438953934e-07,85.14503233102631
82159.04235839844,3.497903609804291e-05,3.398066234286712e-07,85.16450142936898
82163.81072998047,3.6736921142244894e-05,3.5688373726256153e-07,85.16466753329486
82807.54089355469,4.90402029219359e-05,4.764049449633708e-07,85.18604755550918
82879.06646728516,2.987532953387872e-05,2.902262607886495e-07,85.1884216476833
82883.83483886719,3.287860724637878e-05,3.1940184058000705e-07,85.188566994349
82888.60321044922,3.119633018651222e-05,3.030592265130416e-07,85.18871540063216
83165.16876220703,3.89599714184635e-05,3.7847973567591644e-07,85.19798334291019
83508.49151611328,2.926286640061362e-05,2.8427643905239524e-07,85.2097492142604
83613.39569091797,3.322360535343204e-05,3.2275335208302446e-07,85.21331657189776
83618.1640625,3.25826646409672e-05,3.1652688264258075e-07,85.21346898818298
83708.7631225586,3.241740836272895e-05,3.1492148740667053e-07,85.21655738810216
84352.49328613281,5.242245698200613e-05,5.092621205730407e-07,85.24204575400596
84357.26165771484,5.1357693025473315e-05,4.989183865775173e-07,85.24228612296994
84438.32397460938,4.897793279523333e-05,4.758000168734153e-07,85.24640964241857
85058.21228027344,9.250483033172344e-05,8.986455189262291e-07,85.28540164548916
85096.35925292969,9.073988914773192e-05,8.814998576621123e-07,85.28852185911762
85101.12762451172,8.642780961973348e-05,8.396098187182709e-07,85.28893220364114
85144.04296875,7.845384370770212e-05,7.621460937514671e-07,85.29237540036225
85577.96478271484,0.00011580870969182604,1.1250329052438477e-06,85.33339742687471
85844.9935913086,9.210627365275125e-05,8.947737084238789e-07,85.35944655990832
85849.76196289062,9.512796218688527e-05,9.241281416037762e-07,85.35988021990293
85935.59265136719,0.0001405941569895854,1.3658131009248865e-06,85.36751210809929
86536.40747070312,5.496885384143836e-05,5.339992950419923e-07,85.41069804228863
86603.16467285156,6.146733520838229e-05,5.97129308245498e-07,85.4145849641646
86607.9330444336,5.956473205348236e-05,5.786463188349506e-07,85.41486529091897
86727.14233398438,6.39468633055862e-05,6.212168808145579e-07,85.42129950285272
87361.33575439453,3.9092631794848444e-05,3.797684754352338e-07,85.45040880796229
87366.10412597656,3.915941047020359e-05,3.804172021790431e-07,85.45059005035141
87370.8724975586,4.198127028396448e-05,4.0783038338893914e-07,85.45077798322073
87680.81665039062,5.207385264573473e-05,5.058755760699575e-07,85.46292568890703
87871.55151367188,3.2339994866764826e-05,3.1416944785367524e-07,85.47023236513319
88138.58032226562,3.982548512974904e-05,3.8688783734397847e-07,85.48059946306441
88143.34869384766,4.268814759463425e-05,4.146973991478575e-07,85.48079057587753
88429.45098876953,3.311625014815729e-05,3.217104414176289e-07,85.49154561819414
88896.7514038086,5.333353075712907e-05,5.181128190986144e-07,85.50900707447295
88915.82489013672,4.0444367616535155e-05,3.929000203996944e-07,85.50980513457263
88920.59326171875,3.758200365812588e-05,3.6509335846067655e-07,85.50998585427698
89211.46392822266,4.471951526552823e-05,4.3443128167263267e-07,85.5211031769231
89621.54388427734,3.576265537768243e-05,3.4741915513828033e-07,85.5369066128776
89697.83782958984,3.886827870152014e-05,3.775889794969814e-07,85.53980668040627
89702.60620117188,4.2589167585146594e-05,4.137358499869068e-07,85.53999534694773
90017.31872558594,3.511212558746982e-05,3.410995318407053e-07,85.55182807612391
90112.68615722656,4.730405882146629e-05,4.5953903525354914e-07,85.55544034435783
90489.38751220703,4.3988669791886884e-05,4.2733142529151045e-07,85.57033472426843
90494.15588378906,4.662211107058484e-05,4.529141996825436e-07,85.57054459117961
90827.94189453125,3.999954952988525e-05,3.885787997794108e-07,85.58497231989813
91271.40045166016,5.917942301996478e-05,5.749032036362015e-07,85.60611860788735
91285.70556640625,5.455142960914759e-05,5.29944194194889e-07,85.6068934507392
91290.47393798828,5.400200352629521e-05,5.246067508898644e-07,85.60714487527711
91300.01068115234,5.2465417911803545e-05,5.096794679365558e-07,85.6076374957371
92034.33990478516,8.645776257540083e-05,8.399007990842965e-07,85.65633181144565
92091.56036376953,8.069919123930507e-05,7.839587006226035e-07,85.66090289389585
92096.32873535156,8.697773095602431e-05,8.449520732021452e-07,85.66129125648804
92105.86547851562,7.555397869730576e-05,7.339751248654242e-07,85.66206553074377
92549.32403564453,0.0001229475168674657,1.1943834143563103e-06,85.70324271239662
92902.18353271484,9.343340539028675e-05,9.076662350593456e-07,85.73792870587835
92906.95190429688,9.454074119731388e-05,9.184235366766021e-07,85.73836407960704
92926.025390625,0.00010241598888809618,9.949282556450845e-07,85.74020555499067
93712.80670166016,5.4256181598391744e-05,5.270759839523949e-07,85.79801808329053
93722.34344482422,5.692075568020882e-05,5.529612004312009e-07,85.79853985932408
93727.11181640625,5.830867091488387e-05,5.664442131756981e-07,85.79880674637224
93746.18530273438,0.00011123605389911726,1.0806114774873276e-06,85.7999829333689
94509.12475585938,3.505781802034685e-05,3.4057195666799447e-07,85.8351649298628
94552.04010009766,3.836421265467521e-05,3.7269218986323275e-07,85.83672453993661
94556.80847167969,3.660056970345247e-05,3.5555914038442494e-07,85.836898168584
94985.9619140625,4.847450206359861e-05,4.7090939905971886e-07,85.851620997143
95067.02423095703,2.999135766058885e-05,2.9135342523793887e-07,85.85436417530134
95381.7367553711,3.7328249997277876e-05,3.626282483749172e-07,85.86466261994701
95386.50512695312,3.4934527084884265e-05,3.3937423708642925e-07,85.86482999038213
95701.21765136719,2.9142031316054123e-05,2.831025770294169e-07,85.87516010853066
96201.89666748047,4.867355110694551e-05,4.728430767953441e-07,85.89103763121464
96225.73852539062,3.5286203426145036e-05,3.4279062482589185e-07,85.89190566911851
96230.50689697266,3.0951840684652144e-05,3.0068411383532325e-07,85.8920590854514
96616.74499511719,3.780248722552083e-05,3.67235263582018e-07,85.9044397394458
96712.11242675781,2.9250051630200508e-05,2.8415194894775404e-07,85.9075838861639
97074.50866699219,2.9867229310480147e-05,2.901475705253051e-07,85.91900459514656
97079.27703857422,2.7925276687505994e-05,2.712823175828943e-07,85.91913845046275
97422.59979248047,4.1572529821212796e-05,4.0385964171049445e-07,85.92952176591962
97494.12536621094,2.689297854683942e-05,2.612539753333138e-07,85.93172058628295
97928.04718017578,3.131620610100052e-05,3.0422377060220747e-07,85.94546543414147
97932.81555175781,3.195967337457831e-05,3.104747845211861e-07,85.94561198969755
97942.35229492188,3.0310182020194896e-05,2.944506697932455e-07,85.94590275441043
98638.53454589844,5.458798519278424e-05,5.302993163145555e-07,85.96981511690058
98791.12243652344,4.2605018732038764e-05,4.1388983721193505e-07,85.97585174758811
98795.89080810547,4.3716090269303886e-05,4.2468342987719686e-07,85.97605167903492
98819.73266601562,4.095854528029752e-05,3.978950401388263e-07,85.97704651616532
99568.36700439453,6.219225812255862e-05,6.041716294524598e-07,86.01318481804921
99663.73443603516,5.247417628397118e-05,5.097645518383727e-07,86.01827305324615
99668.50280761719,5.4634750796066566e-05,5.30753624480722e-07,86.01852113211129
99854.4692993164,7.700600155164147e-05,7.480809161711109e-07,86.02842874004249
100541.1148071289,4.035332734335532e-05,3.9201560243750265e-07,86.06219764793023
100545.88317871094,4.280154551857054e-05,4.1579901228346844e-07,86.06239024594285
100550.65155029297,4.261319598891515e-05,4.1396927582311587e-07,86.06258807811909
101075.1724243164,5.50345465197901e-05,5.346374717816863e-07,86.08206384661094
101332.6644897461,3.0453598130278208e-05,2.9584389698155595e-07,86.0905944656477
101428.03192138672,3.208933828721791e-05,3.117344246101164e-07,86.09362629375171
101432.80029296875,3.345619604140284e-05,3.2501287278847725e-07,86.0937781061376
101561.5463256836,7.856134411223992e-05,7.631904149666319e-07,86.0981374475071
101933.47930908203,2.4302996032736414e-05,2.3609338456146334e-07,86.10891630547086
102324.4857788086,2.960957939447517e-05,2.876446099594698e-07,86.11958929397868
102329.25415039062,2.884181043162875e-05,2.801860574108256e-07,86.11972467535955
102362.63275146484,2.5031153701103038e-05,2.4316713004483874e-07,86.1206095247536
102796.55456542969,3.31334889771289e-05,3.218779093903966e-07,86.13264061017098
103225.7080078125,2.690739220562037e-05,2.613939979659524e-07,86.14453890120294
103230.47637939453,2.8198567865673918e-05,2.739372264318915e-07,86.14466653411282
103511.81030273438,3.978346737765844e-05,3.864796525551824e-07,86.15263710536269
103702.54516601562,2.5591386977771976e-05,2.486095606922603e-07,86.15806536246225
104136.46697998047,2.7374755807760483e-05,2.659342387865272e-07,86.17052571177423
104141.2353515625,2.8649451251985068e-05,2.783173688873049e-07,86.1706554714692
104455.94787597656,1.9337543765341468e-05,1.8785610426447653e-07,86.1788566292282
104727.74505615234,4.247975274535658e-05,4.126729308384825e-07,86.18597835971123
105056.7626953125,2.989078936367025e-05,2.9037644653263386e-07,86.19497566259385
105061.53106689453,2.8006975218675412e-05,2.7207598445061324e-07,86.19510976170325
105237.96081542969,2.5752902850278487e-05,2.5017861945971e-07,86.20005032280491
105948.44818115234,4.21398827748111e-05,4.093712370247321e-07,86.22045506587094
105981.82678222656,3.217062712564655e-05,3.1252411148517643e-07,86.22152025341474
105986.5951538086,3.1752572312241886e-05,3.084628848077755e-07,86.22166830825205
106158.25653076172,2.979448002972003e-05,2.89440841861237e-07,86.22707045783638
106639.86206054688,4.183104456130288e-05,4.0637100367856957e-07,86.24409957001099
106916.42761230469,4.013146265084662e-05,3.8986028026658555e-07,86.25456293412441
106921.19598388672,4.087350761687341e-05,3.970689350056998e-07,86.25475055266978
107164.38293457031,5.334795953089644e-05,5.182529885669887e-07,86.26439756388977
107836.72332763672,3.5655288202482993e-05,3.46376128190101e-07,86.291550101077
107860.56518554688,4.174444921654971e-05,4.0552976632649563e-07,86.29247117164869
107865.3335571289,3.9999064122923017e-05,3.8857408425493604e-07,86.2926605007604
108375.54931640625,4.575387943276018e-05,4.4447969450132023e-07,86.31104132648507
108518.60046386719,3.0359040105175842e-05,2.949253055390114e-07,86.31598905000804
108809.4711303711,3.6115905460839264e-05,3.508508311183436e-07,86.32598379354337
108814.23950195312,3.6262999236061935e-05,3.522797852766484e-07,86.32615143294585
109000.20599365234,3.015289810385586e-05,2.9292272269999224e-07,86.33237756563481
109372.13897705078,8.733757134065772e-05,8.484477711891574e-07,86.3449676751697
109772.6821899414,3.6010302013094996e-05,3.498249380405634e-07,86.35916571442324
109777.45056152344,3.209024947142969e-05,3.117432763814877e-07,86.3593234445769
110702.5146484375,4.7204740221271855e-05,4.5857419682629407e-07,86.39550576925372
110740.66162109375,4.558186351569822e-05,4.4280863221735744e-07,86.3971136889547
110745.42999267578,4.409817340202084e-05,4.283952068064891e-07,86.39732140013612
110816.95556640625,5.4771319438229626e-05,5.320803313982481e-07,86.4003417237345
111708.6410522461,3.58496605995949e-05,3.4826437427456156e-07,86.43644820276177
111713.40942382812,3.932776782771732e-05,3.8205272309579343e-07,86.4366223239264
111718.17779541016,3.7223508354011276e-05,3.616107273651606e-07,86.4367996271096
111966.13311767578,3.288614739000891e-05,3.194750899039719e-07,86.44589424335412
112032.89031982422,4.676931337934865e-05,4.5434420819855103e-07,86.4483514780242
112700.4623413086,3.749237795690017e-05,3.6422268247004686e-07,86.4726997899903
112705.23071289062,3.724779372807127e-05,3.6184664955966876e-07,86.47287289840877
112876.89208984375,3.4455055197981895e-05,3.3471636937216185e-07,86.47923872201727
113253.59344482422,5.0176876058411716e-05,4.874472463968725e-07,86.49374064673732
113692.2836303711,4.886896407433806e-05,4.747414315824148e-07,86.51207326362295
113697.05200195312,4.634455989396986e-05,4.502179067403985e-07,86.5122937911141
113825.79803466797,4.030269206446391e-05,3.915237020003885e-07,86.51795775114762
114469.52819824219,6.110031663356576e-05,5.935638771600203e-07,86.54645348886707
114698.41003417969,4.6399022967865613e-05,4.5074699259600036e-07,86.55656272609534
114703.17840576172,4.7015046735874525e-05,4.567314044011795e-07,86.55677908580532
115513.80157470703,3.47744961005706e-05,3.378196033832257e-07,86.58958086134817
115690.23132324219,5.003146958312246e-05,4.860346836477385e-07,86.5963609273992
115709.30480957031,3.8145866805287664e-05,3.705710517732041e-07,86.59714742821929
115714.07318115234,3.921941579474632e-05,3.8100012866859685e-07,86.59732661675223
115799.9038696289,3.4231996679962064e-05,3.325494496885299e-07,86.60054408161824
116138.45825195312,4.621820132648695e-05,4.4899038640400896e-07,86.61357613293414
116729.736328125,4.5672157863304635e-05,4.4368580382634146e-07,86.63712215341023
116734.50469970703,4.3599646369711194e-05,4.235522263692284e-07,86.63732891906913
117092.13256835938,3.975781803634488e-05,3.862304799924937e-07,86.65252560790651
117182.73162841797,9.157930712683159e-05,8.896544502679141e-07,86.65668404217642
117759.70458984375,4.7892439460533415e-05,4.6525490568782307e-07,86.68326021835692
117764.47296142578,4.472348619538871e-05,4.344698575860449e-07,86.68347472945656
118122.10083007812,6.17538573661238e-05,5.999127504960718e-07,86.69987193711998
118675.23193359375,3.75052915019746e-05,3.6434813212897787e-07,86.72476081725732
118794.44122314453,4.218185822747664e-05,4.0977901089240497e-07,86.72961084528332
118799.20959472656,4.37403580873637e-05,4.249191815225473e-07,86.72980985284033
119338.0355834961,5.334003714939648e-05,5.181760259628887e-07,86.75124819918241
119452.47650146484,3.456615678302979e-05,3.357956745413175e-07,86.75572571072753
119843.4829711914,3.770590363094898e-05,3.662969945840366e-07,86.77065819377745
119848.25134277344,3.8340459308325696e-05,3.724614360941599e-07,86.77083432751279
120129.58526611328,3.4190466772132674e-05,3.321460041015431e-07,86.78136840900973
120558.7387084961,4.9629988568400996e-05,4.821344644535666e-07,86.79786430878093
120902.06146240234,4.210743999151487e-05,4.090560690305192e-07,86.81177180014342
120906.82983398438,4.208258637701945e-05,4.0881462661918417e-07,86.81196679571256
121774.67346191406,6.330561467789245e-05,6.149874201071752e-07,86.84736590040248
121927.26135253906,3.404036137849154e-05,3.3068779333699666e-07,86.85344771413543
121965.40832519531,4.088524506489444e-05,3.9718295937642626e-07,86.85489449453951
121970.17669677734,4.02911269271118e-05,3.914113515553363e-07,86.85508251007462
122208.5952758789,4.617532369779298e-05,4.4857384827567723e-07,86.86427618154873
122466.0873413086,3.091309386131947e-05,3.003077047436502e-07,86.87364573994186
123043.06030273438,3.517659664172223e-05,3.4172584101609233e-07,86.89348065608247
123047.8286743164,3.4652165549010596e-05,3.366312135273343e-07,86.89364238900755
123238.56353759766,3.0085161649639547e-05,2.922646915373907e-07,86.90013090638881
123343.46771240234,4.0841382109243014e-05,3.967568492111336e-07,86.90374704525593
124130.2490234375,3.5610643164469104e-05,3.4594242042360274e-07,86.93119077844199
124135.01739501953,3.7360580590319726e-05,3.629423264879963e-07,86.93135978973608
124154.09088134766,3.302407093913774e-05,3.2081495917279336e-07,86.93203611155155
124998.09265136719,9.153839521364606e-05,8.892570082389624e-07,86.96440480171505
125222.20611572266,3.748818474483745e-05,3.6418194717853225e-07,86.97300707574077
125226.97448730469,4.085581961261965e-05,3.9689710348399017e-07,86.97318853112661
125427.24609375,4.888558130111123e-05,4.7490286095127194e-07,86.98068822818857
126299.85809326172,3.0343326055948355e-05,2.9477265016013197e-07,87.01055199102746
126328.4683227539,3.259084252852646e-05,3.166063273805804e-07,87.01145015802403
126333.23669433594,3.049306224517468e-05,2.962272742590768e-07,87.01159626894055
126509.6664428711,2.7799352662646166e-05,2.7005901864531836e-07,87.01704054781536
126647.94921875,4.317403642608986e-05,4.1941760477947786e-07,87.0213605515153
127439.49890136719,2.999089992057476e-05,2.9134897848622843e-07,87.04548479795842
127444.26727294922,2.8939489370099987e-05,2.811349672140853e-07,87.04562128876731
127863.88397216797,3.9129405838244525e-05,3.8012571979957865e-07,87.05823647984369
128469.46716308594,2.586488397739324e-05,2.5126646901010765e-07,87.07667257897431
128564.83459472656,2.6557741328051087e-05,2.579972867543379e-07,87.07948161325847
128569.6029663086,2.583120034626275e-05,2.5093924670108844e-07,87.07960295318364
129084.58709716797,3.62096780494782e-05,3.5176179237600233e-07,87.0932703209338
129680.63354492188,1.8673330989118169e-06,1.8140355651290336e-08,87.10350401761502
129699.70703125,8.493301626048988e-06,8.250885299467777e-08,87.1036111160497
129704.47540283203,3.8651693552986695e-06,3.754849458751954e-08,87.10363973995192
129714.0121459961,3.929330441690889e-06,3.8171792555518014e-08,87.10366354667397
129728.31726074219,0.0,0.0,87.10367619288681
130844.1162109375,0.0,0.0,87.10371490781894
130848.88458251953,0.0,0.0,87.10371490781894
131993.29376220703,1.812162983927285e-05,1.7604401188894096e-07,87.10683382422489
131998.06213378906,1.5979433680687557e-05,1.55233477220964e-07,87.10691280693314
132002.8305053711,1.4924210473788827e-05,1.4498242759527425e-07,87.10698438398259
132069.58770751953,1.4763062583481658e-05,1.43416943620117e-07,87.10810611394616
132808.68530273438,7.53034772138265e-05,7.315416083149289e-07,87.1244332178055
133161.5447998047,3.1725112932624615e-05,3.081961284842725e-07,87.13332884803813
133166.31317138672,2.8507744707481608e-05,2.769407494095555e-07,87.13346835554114
133752.82287597656,2.1497728642596625e-05,2.0884139176823435e-07,87.14814864193559
133953.09448242188,3.512422461854073e-05,3.4121706883867865e-07,87.15322550350962
134334.56420898438,2.655114474768495e-05,2.579332037506179e-07,87.1630547426752
134339.3325805664,2.7253886345660266e-05,2.647600428002e-07,87.16317936245633
134491.9204711914,2.3979781034564167e-05,2.3295348679919882e-07,87.1671231538696
135173.79760742188,3.560201985044935e-05,3.4585864855488675e-07,87.18510942230247
135517.12036132812,2.8602747569777876e-05,2.7786366225833925e-07,87.19461051334609
135521.88873291016,2.7712576478295803e-05,2.6921602451261926e-07,87.19474094730766
136065.48309326172,2.5521654831217403e-05,2.4793214221798537e-07,87.20980614443654
136389.73236083984,4.247741659163506e-05,4.1265023608766965e-07,87.21890073221793
136713.98162841797,2.8746600475739433e-05,2.7926113273488944e-07,87.22801754468857
136718.75,2.8651519602913648e-05,2.7833746204662286e-07,87.22815048655325
137114.5248413086,2.4708152470172458e-05,2.40029308941416e-07,87.23927279361854
137605.6671142578,3.575214540089639e-05,3.473170551343245e-07,87.25294168833825
137920.37963867188,2.8333914933526912e-05,2.7525206626879226e-07,87.26181569023936
137925.1480102539,2.904001873135973e-05,2.821115676758409e-07,87.261948576085
138216.0186767578,2.5719737071115448e-05,2.498564278647448e-07,87.27002656422944
138826.3702392578,4.148559574545079e-05,4.0301511372914065e-07,87.2869989670927
139136.31439208984,3.4539910319920114e-05,3.3554070119153035e-07,87.29658220582681
139141.08276367188,3.326527103979654e-05,3.231581167013711e-07,87.29673925186303
139160.15625,3.0260243800946514e-05,2.939655409973785e-07,87.29732214094733
140042.30499267578,4.515338926339863e-05,4.3864618507353247e-07,87.32670747642025
140361.78588867188,3.5452254918626205e-05,3.4440374523370303e-07,87.33750531692068
140366.5542602539,3.497101476407823e-05,3.3972869954299606e-07,87.33766842680608
140619.27795410156,7.351449636914997e-05,7.141624118583942e-07,87.3464332231441
141530.03692626953,2.978316834233733e-05,2.8933095357603606e-07,87.37615840064477
141601.5625,3.1562910148535e-05,3.0662039665970963e-07,87.37835536113911
141606.33087158203,3.1514847112591e-05,3.0615348448093817e-07,87.37850145781717
142478.94287109375,3.608188570924887e-05,3.505203435404295e-07,87.40373492357195
142755.50842285156,2.5091633016780904e-05,2.437546611589086e-07,87.41152977086189
142850.8758544922,2.9471203442859564e-05,2.863003457907708e-07,87.41421870743943
142855.64422607422,2.8330439902215865e-05,2.752183078012117e-07,87.41435258391897
143165.58837890625,2.4570386250368505e-05,2.386909680608126e-07,87.42293677495903
143342.0181274414,3.233164302356233e-05,3.140883132097676e-07,87.42781707184953
144109.72595214844,2.971592599165888e-05,2.8867772242148376e-07,87.44901675938776
144114.49432373047,2.725311728499496e-05,2.6475257169930526e-07,87.44914870745212
144772.52960205078,2.4055464458859488e-05,2.3368871943360382e-07,87.46665628108089
144915.58074951172,3.616353244792903e-05,3.513135072658993e-07,87.47046465478424
145378.11279296875,2.643658847604477e-05,2.5682033775426743e-07,87.48275964298358
145382.88116455078,2.6751748246908716e-05,2.5988198237127917e-07,87.48288283441656
146131.5155029297,3.625011542216012e-05,3.521546244435543e-07,87.50267028417117
146183.96759033203,2.4224837861084658e-05,2.3533411079737504e-07,87.50411874329488
146660.80474853516,2.6222112528699186e-05,2.5473679413488664e-07,87.51664819432666
146665.5731201172,2.565449537478863e-05,2.4922263222573875e-07,87.51676834761702
147347.45025634766,3.172121621855915e-05,3.0815827354609353e-07,87.53428791916
147933.9599609375,2.3212045315160953e-05,2.254952571966231e-07,87.54913840139558
147957.80181884766,2.7216312944756756e-05,2.643950330138821e-07,87.54973670132227
147962.5701904297,2.495555915691941e-05,2.4243276084333564e-07,87.54985753848473
148434.63897705078,6.780198926154338e-05,6.58667808001752e-07,87.5618199232982
148615.83709716797,2.311736139476429e-05,2.2457544273424633e-07,87.5665830000414
149259.5672607422,2.3747033663746302e-05,2.3069244398578793e-07,87.58294319040034
149264.33563232422,2.532301641647092e-05,2.4600245356650184e-07,87.58305684332048
149297.71423339844,2.3742089636094775e-05,2.3064441483662286e-07,87.58390872833547
149784.08813476562,3.325270693352832e-05,3.2303606169346764e-07,87.5964846017407
150575.6378173828,2.46445642272127e-05,2.3941157590642467e-07,87.61717793928716
150580.40618896484,2.4832878974034185e-05,2.4124097446617554e-07,87.61729253578527
151000.0228881836,3.268491771561052e-05,3.175202282548599e-07,87.62816809641983
151629.44793701172,2.170710917173178e-05,2.1087543554284555e-07,87.64374445086166
151906.01348876953,2.4212398273194438e-05,2.352132654331411e-07,87.65040033799117
151910.78186035156,2.4538028235825605e-05,2.383766235593844e-07,87.65051325061958
152220.7260131836,3.379171494908481e-05,3.2827229785657587e-07,87.65785143557683
153017.0440673828,2.0305641827390117e-05,1.9726076975298602e-07,87.67604534831464
153245.9259033203,2.2660716053662023e-05,2.2013932531152874e-07,87.68116201375264
153250.69427490234,2.302469722404447e-05,2.2367524929046867e-07,87.6812678273929
153436.66076660156,2.754829289999007e-05,2.6762007864743363e-07,87.6853302495371
154581.06994628906,1.6504444168757645e-05,1.603337332919344e-07,87.70826700071343
154595.37506103516,2.04162026714795e-05,1.9833482185116657e-07,87.70851554333217
154600.1434326172,2.0650867449488962e-05,2.006144914689779e-07,87.70861066026058
154652.59552001953,3.059411702099128e-05,2.9720897890226166e-07,87.70962533743678
155787.46795654297,1.3966042813876913e-05,1.3567423178677295e-07,87.7296769827759
155959.1293334961,1.7287373344856724e-05,1.6793956093590727e-07,87.73278549339982
155963.89770507812,1.697205310089692e-05,1.6487635739026466e-07,87.73286484289817
156245.23162841797,4.871293478291192e-05,4.732256726424922e-07,87.73772282009774
157332.4203491211,1.0560756822000683e-05,1.0259331064689175e-07,87.75475020197297
157337.18872070312,1.4466908597995327e-05,1.4053993221417136e-07,87.75480816945526
157728.1951904297,0.0,0.0,87.75810484792306
158720.0164794922,0.0,0.0,87.75820673637082
158724.78485107422,0.0,0.0,87.75820673637082
160121.91772460938,0.0,0.0,87.75820673637082
160126.6860961914,0.0,0.0,87.75820673637082
161461.83013916016,9.444274751435744e-06,9.174715692630508e-08,87.761055650256
161533.35571289062,5.1362477908644225e-06,4.989648697049897e-08,87.76153998872422
161538.12408447266,5.7795661738445695e-06,5.614605447994522e-08,87.76156527123628
161600.11291503906,5.137133165561882e-06,4.990508801329414e-08,87.76204790970075
161962.50915527344,1.5961758417842836e-05,1.5506176947668415e-07,87.76505202240399
162959.09881591797,1.2944413189674114e-05,1.2574952968743525e-07,87.77533604842009
162963.8671875,1.1839319686462494e-05,1.1501401110862822e-07,87.77539345092138
162987.70904541016,9.883856787782945e-06,9.601751152019281e-08,87.77565114433648
164060.5926513672,4.771972297301896e-05,4.635770376565758e-07,87.79225800101412
164394.37866210938,2.2791225929646576e-05,2.2140717386396176e-07,87.79846318933625
164399.1470336914,2.3283760122898127e-05,2.2619193639037506e-07,87.79856990528013
164437.29400634766,1.7590479609215335e-05,1.7088411080695247e-07,87.79933994708148
164833.06884765625,2.419563023168735e-05,2.3505037096257697e-07,87.80705649494833
165843.96362304688,2.0221592725724532e-05,1.964442680815522e-07,87.82713534670782
165848.7319946289,2.0892465534925648e-05,2.029615152522795e-07,87.82723057246717
165944.09942626953,1.7586654940691796e-05,1.7084695576091076e-07,87.82911701687422
166831.01654052734,2.6012400422207945e-05,2.526995292257233e-07,87.84700342937491
167307.85369873047,2.2513091935108458e-05,2.1870521909082795e-07,87.85724414301536
167312.6220703125,2.261454987340875e-05,2.1969084028797083e-07,87.85734866478093
168046.9512939453,2.945526849106578e-05,2.861455444363719e-07,87.87362894791245
168342.59033203125,2.0509881755108778e-05,1.9924487474698488e-07,87.88031513288604
168781.28051757812,2.3666792495729905e-05,2.2991293478813025e-07,87.89021622017347
168786.04888916016,2.3757691430822082e-05,2.3079597971024756e-07,87.89032606173825
169262.88604736328,2.854578104597779e-05,2.773102564398736e-07,87.9011115601141
169348.71673583984,2.0336834714771417e-05,1.9756379553409446e-07,87.90307625161702
170269.01245117188,2.280984515014666e-05,2.215880517598327e-07,87.92356933510632
170273.7808227539,2.236572138439492e-05,2.1727357617504183e-07,87.92367396787208
171570.7778930664,2.0193187831924562e-05,1.961683264854498e-07,87.9529395137079
171699.52392578125,2.822404821574807e-05,2.7418475731576746e-07,87.95584983745456
171771.04949951172,2.360362199447999e-05,2.2929925993814686e-07,87.9575705358033
171775.81787109375,2.2389501090457236e-05,2.1750458601763763e-07,87.95767706214139
171871.18530273438,5.208878411509281e-05,5.060206290145606e-07,87.95993029541913
172867.7749633789,2.0112865463272906e-05,1.9538802845777374e-07,87.9828248734422
173287.39166259766,2.5243521041849127e-05,2.4523018943799034e-07,87.99236589313988
173292.1600341797,2.3950316064513702e-05,2.3266724700819337e-07,87.99247983276763
173559.18884277344,2.080159932326748e-05,2.0207878822456005e-07,87.998495624086
174140.93017578125,2.7300580143498036e-05,2.6521365340667417e-07,88.01182933232666
174818.0389404297,2.345858990742472e-05,2.2789033421323753e-07,88.027424304258
174822.80731201172,2.3233966341499356e-05,2.257082107474661e-07,88.02753245057858
174927.7114868164,2.0871277830548217e-05,2.0275568561585043e-07,88.02998131913516
175352.0965576172,2.8407947218893444e-05,2.7597125878297694e-07,88.03971346985583
176358.22296142578,2.4162223100717994e-05,2.3472583473632652e-07,88.06303798025658
176362.9913330078,2.4019030482870705e-05,2.333347786810877e-07,88.06314957460297
177254.67681884766,2.1158648817273582e-05,2.0554737388298297e-07,88.08367152695733
177798.27117919922,2.7998041806685865e-05,2.7198920011054865e-07,88.09604779282412
177912.71209716797,2.2587106311879783e-05,2.1942423763054263e-07,88.09865878268253
177917.48046875,2.2045079925392866e-05,2.1415867926337916e-07,88.09876215690551
179004.66918945312,2.858449447045015e-05,2.7768634107566636e-07,88.12331518865349
179433.82263183594,2.028327978742478e-05,1.970435319402487e-07,88.13294247805713
179481.50634765625,2.2062660928054846e-05,2.1432947130962974e-07,88.1339826507271
179486.27471923828,2.27400416485298e-05,2.209099401011398e-07,88.13408641988914
179681.77795410156,5.248961243534584e-05,5.099145075564964e-07,88.13848960574565
180935.85968017578,1.9009071669352396e-05,1.8466513600806908e-07,88.16579036029685
181064.60571289062,2.1249932292691776e-05,2.0643415445262898e-07,88.16850751868866
181069.37408447266,2.022266632216045e-05,1.9645469761936998e-07,88.1686035748763
181446.07543945312,2.6837847812349988e-05,2.6071840343586394e-07,88.17665283605092
181655.8837890625,1.9068607245698777e-05,1.8524349909147251e-07,88.1810820232645
182662.0101928711,2.5705781459621194e-05,2.497208549688407e-07,88.2023113765709
182666.77856445312,2.3133830975373686e-05,2.2473543778272277e-07,88.20242449576608
183811.18774414062,1.90585013739014e-05,1.8514532479751412e-07,88.22648831636272
183882.7133178711,2.5677708190503732e-05,2.494481349670468e-07,88.22804035543125
184273.71978759766,2.166614364902039e-05,2.104774727198984e-07,88.2362539833264
184278.4881591797,2.3142805274553023e-05,2.2482261932463892e-07,88.23635776695583
185098.64807128906,2.6530320327511774e-05,2.57730903267435e-07,88.25357143307923
185637.4740600586,1.861789273184679e-05,1.808649971609717e-07,88.26459583744499
185894.96612548828,2.086209132407834e-05,2.0266644256936153e-07,88.26981850940379
185899.7344970703,2.0931670327280242e-05,2.033423733203777e-07,88.26991530944878
187072.75390625,1.8423287939770293e-05,1.7897449345717601e-07,88.29369383892623
187497.13897705078,4.262206071306834e-05,4.1405539288974056e-07,88.30244452839581
187535.28594970703,2.5597774533130838e-05,2.48671613105951e-07,88.30330021859588
187540.05432128906,2.1713655133653785e-05,2.1093902680967106e-07,88.30340979831159
187616.34826660156,1.843272229986531e-05,1.7906614429738532e-07,88.30495534306263
188751.220703125,2.656923319454759e-05,2.581089254038457e-07,88.32781881165323
189189.91088867188,2.217707912004944e-05,2.1544099592029996e-07,88.33661022854777
189194.6792602539,2.0574044686768886e-05,1.9986819064098477e-07,88.3367092459739
189967.15545654297,2.5946540884732103e-05,2.5205973151981986e-07,88.35234562315797
190715.78979492188,1.8609486216389647e-05,1.8078333139910546e-07,88.36792526381872
190858.8409423828,2.1406304553074608e-05,2.0795324519171233e-07,88.37091580677023
190863.60931396484,2.2034384151764184e-05,2.1405477432124372e-07,88.37101642132261
191187.85858154297,2.594153465603126e-05,2.520110981136226e-07,88.37784962058937
192317.96264648438,1.9624889820538186e-05,1.906475503322945e-07,88.40176833517684
192542.07611083984,2.1241540889463253e-05,2.0635263549970756e-07,88.40646205770747
192546.84448242188,2.2277048578059595e-05,2.164121571574824e-07,88.40656285268864
192785.26306152344,1.909530307001735e-05,1.8550283779640175e-07,88.41154518231042
193104.74395751953,2.46154220430529e-05,2.3912847184458254e-07,88.41831901368329
194239.61639404297,2.2918617376463286e-05,2.2264472818864772e-07,88.44278313285416
194244.384765625,2.253266473910519e-05,2.1889536064928938e-07,88.44288840421474
195307.73162841797,4.453808486987911e-05,4.326687616889472e-07,88.46656739082644
195899.00970458984,2.0364918302761947e-05,1.9783661577940013e-07,88.4797838328731
195951.4617919922,2.2305868074871084e-05,2.1669212644745873e-07,88.48094148212505
195956.23016357422,2.2195239929515536e-05,2.1561742054578444e-07,88.48104455275298
196056.36596679688,2.86165665162779e-05,2.77997907511306e-07,88.48337326717292
196723.93798828125,2.0809312005492023e-05,2.0215371368839944e-07,88.49856007406348
197682.38067626953,2.2642188422052898e-05,2.19959337163211e-07,88.52090458530743
197687.14904785156,2.3492081765294894e-05,2.282156935256931e-07,88.52101143856143
197963.71459960938,2.109358322521372e-05,2.0491528902286051e-07,88.52745169022116
198493.00384521484,2.9493513924597682e-05,2.865170827370162e-07,88.54003276400442
199422.83630371094,2.5685613549216647e-05,2.495249322019305e-07,88.56197377619404
199427.60467529297,2.5742448460235075e-05,2.5007705945757895e-07,88.56209289059102
199713.70697021484,2.822156943326133e-05,2.7416067698649044e-07,88.56866825094791
200071.3348388672,1.989481526476358e-05,1.9326976249167551e-07,88.57684435772651
201182.36541748047,2.4453877534905162e-05,2.3755913489392252e-07,88.6026002078678
201187.1337890625,2.3627716006498143e-05,2.295333231309058e-07,88.60271157138794
201635.36071777344,2.2310071665208217e-05,2.1673296255954412e-07,88.61355102266877
202145.57647705078,3.053741731750005e-05,2.9665816513087133e-07,88.62614027060424
202956.1996459961,2.415091089821076e-05,2.3461594144690738e-07,88.64654021830134
202960.96801757812,2.4740531157725568e-05,2.4034385427244333e-07,88.64665345754096
203118.32427978516,4.378758697656738e-05,4.253779903165806e-07,88.65074940039909
203661.91864013672,2.3746132687283865e-05,2.3068369137840815e-07,88.66457935105592
204744.3389892578,2.9330230905950978e-05,2.8493085688808025e-07,88.69308122912358
204749.10736083984,2.7096183518932523e-05,2.6322802616871514e-07,88.6932119203856
205798.14910888672,3.150395158738601e-05,3.060476390362549e-07,88.7211598905608
206246.37603759766,2.2716057301972108e-05,2.2067694226220367e-07,88.73247410728153
206551.55181884766,2.4059104851615764e-05,2.3372408431807341e-07,88.74002537842838
206556.3201904297,2.3856741855541797e-05,2.3175821292556093e-07,88.74013635805628
206756.591796875,2.1855203566708134e-05,2.123141103011944e-07,88.74498434811734
207014.0838623047,3.176688073042902e-05,3.0860188507230957e-07,88.7512005663915
208373.0697631836,2.670330870918251e-05,2.5941141263605113e-07,88.78482841329306
208377.83813476562,2.8344933827112637e-05,2.7535911018540535e-07,88.78495591252126
209465.02685546875,3.048071495183352e-05,2.961073254975677e-07,88.81263510160515
210056.30493164062,2.233532092136647e-05,2.1697824846322577e-07,88.82723145756482
210208.89282226562,2.6073960091278705e-05,2.532975555186059e-07,88.8310456698471
210213.66119384766,2.6365346712484917e-05,2.561282539857347e-07,88.83116712642476
210933.68530273438,3.806392890080022e-05,3.6977505949438146e-07,88.84883931096967
211563.1103515625,2.220496586012204e-05,2.1571190387087762e-07,88.8643747611809
212063.78936767578,2.55674519621092e-05,2.483770420822196e-07,88.8766513873225
212068.5577392578,2.578085652569381e-05,2.50450177658989e-07,88.87677031699944
212602.6153564453,2.8484098118537177e-05,2.7671103274377056e-07,88.88970961442955
213670.7305908203,2.041977674093072e-05,1.9836954243262327e-07,88.91497737353323
213932.99102783203,2.3465310921476164e-05,2.279556260378732e-07,88.92103344684628
213937.75939941406,2.3621480177573552e-05,2.2947274467570751e-07,88.92114250626847
214734.07745361328,2.729885064782747e-05,2.651968520836645e-07,88.93917885663016
215134.6206665039,2.0516723775861718e-05,1.9931134210082988e-07,88.9483672448419
215821.2661743164,2.639409128798446e-05,2.5640749544667755e-07,88.96428513553825
215826.03454589844,2.5257236176032692e-05,2.453634261979664e-07,88.96440476704842
216579.43725585938,2.7648102497262082e-05,2.685896869047828e-07,88.98205136790497
217399.59716796875,2.0910102033976925e-05,2.031328464226102e-07,89.00105645662204
217723.84643554688,2.515348724259028e-05,2.443555489466157e-07,89.00853712195801
217728.6148071289,2.4104891844803335e-05,2.34168885698775e-07,89.0086512110738
218257.90405273438,2.0535057814027985e-05,1.9948944957027614e-07,89.02095559553271
218744.27795410156,3.402942092973071e-05,3.305815114788633e-07,89.03224690082422
219645.50018310547,2.3312793883934357e-05,2.264739871671747e-07,89.05358302258705
219650.2685546875,2.3077663657653236e-05,2.2418979591517285e-07,89.05369046920586
220413.2080078125,2.7736415825394676e-05,2.6944761374280003e-07,89.07163610169572
221304.89349365234,1.924007603232127e-05,1.8690924623334015e-07,89.09103529510068
221581.45904541016,2.2261363534300203e-05,2.1625978355452575e-07,89.0968932317668
221586.2274169922,2.1763934879834078e-05,2.114274733960346e-07,89.0969952003549
221629.14276123047,2.5603837767813806e-05,2.4873051488068545e-07,89.09792901021757
223083.49609375,1.8822010563527433e-05,1.828479160433151e-07,89.1280269007788
223536.49139404297,2.1504069201869285e-05,2.0890298763471427e-07,89.13712377600943
223541.259765625,2.0970529418679015e-05,2.0371987304909267e-07,89.13722215296558
224227.9052734375,1.8181776360325793e-05,1.7662831004320387e-07,89.15114322212284
224924.08752441406,2.4507224221925458e-05,2.3807737552058426e-07,89.165129133287
225505.82885742188,2.238689294725849e-05,2.174792490034529e-07,89.17699490915558
225510.5972290039,2.006581806972747e-05,1.9493098281772283e-07,89.17709323541706
225572.5860595703,1.8937378184555736e-05,1.8396866395771574e-07,89.17834034622108
226554.87060546875,3.110597268491851e-05,3.021814413896338e-07,89.19908774677415
227494.2398071289,2.0815398486059366e-05,2.022128412871233e-07,89.21929575915803
227499.00817871094,2.2676324657847485e-05,2.2029095633617536e-07,89.21939649191313
228886.60430908203,1.769264554832093e-05,1.7187660993413208e-07,89.24737545106535
228934.28802490234,2.4571130219097867e-05,2.386981954041034e-07,89.2482835166268
229501.72424316406,2.004060269243988e-05,1.9468602603302014e-07,89.25931811366868
229506.4926147461,1.932735668959989e-05,1.8775714110835482e-07,89.25940929522517
229759.21630859375,2.289558022242886e-05,2.2242093192668376e-07,89.26431623445401
230035.78186035156,1.716091883404807e-05,1.667111085504621e-07,89.26963995745794
231528.28216552734,1.8594861102468527e-05,1.8064125456871865e-07,89.29810984030841
231533.05053710938,1.8495487014405476e-05,1.7967587710015834e-07,89.29819574660698
231637.95471191406,1.666074342127052e-05,1.618521147902684e-07,89.30015274057463
233464.24102783203,2.3123566155219872e-05,2.2463571937233566e-07,89.33540777135235
233569.14520263672,2.0934587963011055e-05,2.0337071692433815e-07,89.33759938243001
233573.91357421875,2.1291347565523268e-05,2.0683648640882697e-07,89.33769718344857
234370.23162841797,3.2439620012866995e-05,3.1513726424549e-07,89.35455080264852
234727.8594970703,1.8151298603467324e-05,1.7633223145433914e-07,89.36227808327685
235629.08172607422,2.1539653407016436e-05,2.0924867322091953e-07,89.38095919148243
235633.85009765625,2.0347303276212574e-05,1.9766549320539406e-07,89.38105620737981
235767.36450195312,2.3120788946637948e-05,2.2460873995906264e-07,89.3837161762417
236067.7719116211,1.785270793610885e-05,1.7343154870887972e-07,89.38965013061365
237703.3233642578,1.902961715134634e-05,1.8486472672416282e-07,89.42171565785783
237708.09173583984,2.0905622873083566e-05,2.030893332584767e-07,89.42180815331358
238418.5791015625,1.763884265645977e-05,1.7135393746932216e-07,89.4356525106884
239715.576171875,2.4484013775385205e-05,2.3785189579481341e-07,89.46190579611707
239801.40686035156,2.1296405804048338e-05,2.0688562506859117e-07,89.46378310759506
239806.1752319336,2.2013001851446155e-05,2.1384705426709925e-07,89.46388341808266
239877.70080566406,2.0562696360665492e-05,1.9975794642602263e-07,89.46545229645534
241107.94067382812,2.9337448166381187e-05,2.8500096953756326e-07,89.49481457501653
241918.56384277344,2.4011144253783077e-05,2.3325816728246768e-07,89.51496369578294
241923.33221435547,2.4105130684759527e-05,2.3417120592849276e-07,89.51507513962994
242180.82427978516,3.329322188845629e-05,3.234296474399088e-07,89.52121402160445
243625.64086914062,2.0015507062629258e-05,1.944422325446901e-07,89.55381215964047
244050.0259399414,2.323083091683737e-05,2.256777514156418e-07,89.56304028807529
244054.79431152344,2.13411547503388e-05,2.0732034226029227e-07,89.56314352286553
244388.58032226562,2.5491382795084032e-05,2.476380621194384e-07,89.57051201807066
245890.61737060547,1.9068772278349016e-05,1.8524510231425646e-07,89.6025729527251
246200.5615234375,2.0452465442486148e-05,1.9868709941929047e-07,89.60897970166516
246205.32989501953,2.043696237089174e-05,1.985364935993787e-07,89.6090744071498
246224.40338134766,1.9964097206853793e-05,1.9394280741893622e-07,89.60946161722383
248026.84783935547,3.0641300723737016e-05,2.9766734872886153e-07,89.6520812631951
248374.93896484375,2.664873567699163e-05,2.588812585818608e-07,89.66128385682873
248379.70733642578,2.7971014677226564e-05,2.7172664291552494e-07,89.66141036361067
249996.18530273438,3.3179670461427244e-05,3.2232654308631547e-07,89.70326369410103
250062.9425048828,2.3507773110269593e-05,2.2836812834230614e-07,89.70494528931643
250563.6215209961,2.4949236343959243e-05,2.423713373748174e-07,89.71779264644137
250568.38989257812,2.6901933119585837e-05,2.6134096524123116e-07,89.71791274081282
250921.24938964844,3.2504306953501116e-05,3.1576567066627304e-07,89.72721084775583
252666.47338867188,2.3404521720964284e-05,2.273650845229792e-07,89.77447460829835
252771.37756347656,2.564454093914193e-05,2.4912592907028977e-07,89.77714805016012
252776.1459350586,2.676861267816384e-05,2.6004581322770375e-07,89.77726944616343
253939.62860107422,2.104705502542917e-05,2.044632871318225e-07,89.80618347424483
254945.7550048828,3.0686904276268046e-05,2.981103680607404e-07,89.83105292997934
255002.9754638672,2.80997385087402e-05,2.7297714079713747e-07,89.83260324569063
255007.74383544922,2.7353953867496556e-05,2.657321566862075e-07,89.83273168399589
255661.0107421875,2.53496096758282e-05,2.462607958959712e-07,89.85095870417508
256948.47106933594,3.371800942409181e-05,3.275562796819838e-07,89.88802951259999
257248.8784790039,2.85810140646826e-05,2.7765253039750136e-07,89.89704942437025
257253.64685058594,2.7584783924889096e-05,2.6797457360611783e-07,89.8971795120091
257258.41522216797,2.7309336500883695e-05,2.652987177357316e-07,89.8973066542695
258293.15185546875,3.886042984159867e-05,3.7751273112409303e-07,89.92990607782656
259518.62335205078,3.176252977358442e-05,3.0855961735658683e-07,89.96990592666995
259523.3917236328,3.059344754837202e-05,2.972024752573473e-07,89.97005035160734
259695.05310058594,3.3950035270462954e-05,3.298103131888697e-07,89.97516909410648
260386.46697998047,0.0,0.0,89.99060202794782
261807.44171142578,0.0,0.0,89.99062089780907
261812.2100830078,0.0,0.0,89.99062089780907
263605.11779785156,2.9952219139648587e-05,2.90973210968757e-07,90.01380787689907
264115.3335571289,2.719102689816522e-05,2.6414938970661527e-07,90.02720226870082
264120.10192871094,2.624644713804938e-05,2.549731946295306e-07,90.02732603716976
265574.45526123047,3.381405127185274e-05,3.284892858375571e-07,90.06801700562302
266423.22540283203,2.433323684478604e-05,2.363871613311697e-07,90.09233701855531
266447.0672607422,2.6989101762656253e-05,2.621877719453266e-07,90.09297498351229
266451.8356323242,2.7861685109410324e-05,2.7066455214846027e-07,90.09310202540628
266494.7509765625,3.031251725242283e-05,2.944733555921358e-07,90.09428559731076
268335.34240722656,2.1917656226469056e-05,2.1292081162303803e-07,90.13985908633724
268797.8744506836,2.385807652101692e-05,2.3177117863928835e-07,90.15084827953164
268802.6428222656,2.418359283237471e-05,2.3493343269121278e-07,90.15095955058193
269060.1348876953,2.192835274640739e-05,2.130247238152578e-07,90.15708770080172
270838.73748779297,2.8784899126726646e-05,2.796331880207287e-07,90.20026556359502
271167.7551269531,2.550134077239434e-05,2.4773479968065964e-07,90.20849755941131
271172.52349853516,2.6596090638073013e-05,2.5836983417139207e-07,90.208618224159
271425.2471923828,2.3556620854716748e-05,2.288426636341355e-07,90.21507129138105
272979.736328125,3.3387989177372585e-05,3.243502717923888e-07,90.25762521960363
273556.7092895508,2.7832741344383753e-05,2.7038337564504193e-07,90.27420855444184
273561.4776611328,2.7213843506289646e-05,2.6437104345782565e-07,90.27433604983062
273661.61346435547,3.3116516992058206e-05,3.2171303369389117e-07,90.27715812686148
275955.2001953125,1.9421637130528396e-05,1.8867303593740285e-07,90.3322135739132
275969.5053100586,2.114762104182094e-05,2.054402436827685e-07,90.3325105668768
275974.2736816406,2.263651141828989e-05,2.1990418745941434e-07,90.33261197689171
277047.15728759766,2.7892477081485347e-05,2.709636832059942e-07,90.35787571663442
277953.1478881836,2.042750480501562e-05,1.9844461732476637e-07,90.37897990977235
278401.37481689453,2.305984258400021e-05,2.2401667168021866e-07,90.38938617884152
278406.14318847656,2.4490581379908697e-05,2.3791569731040942e-07,90.38949631210058
278434.75341796875,2.258183174377814e-05,2.1937299741993075e-07,90.39018929106244
280499.4583129883,3.283764803911502e-05,3.190039391089774e-07,90.44589167614741
280857.0861816406,3.0338903781488836e-05,2.9472968962377664e-07,90.45609562853758
280861.85455322266,2.6493444194361196e-05,2.573726671440644e-07,90.45622725999701
280976.2954711914,3.294871525923272e-05,3.200829104372901e-07,90.45935516837231
283322.3342895508,2.121006543863211e-05,2.0604686473353072e-07,90.51687397004413
283336.6394042969,2.3867261295320366e-05,2.3186040485850892e-07,90.51719317258905
283341.4077758789,2.253307246958769e-05,2.188993215794345e-07,90.51730064208253
284953.11737060547,2.8982286790807846e-05,2.815507261555676e-07,90.55546802864214
285515.78521728516,2.0220966846075148e-05,1.9643818792400486e-07,90.56833585095231
285835.26611328125,2.1339963760361637e-05,2.0730877229359728e-07,90.57576224752931
285840.0344848633,2.238629226464491e-05,2.1747341362451048e-07,90.5758635234945
285873.4130859375,2.0779940831659286e-05,2.0186838508819832e-07,90.57661544156369
287528.03802490234,3.049535140224521e-05,2.9624951245719217e-07,90.61714664134053
288352.96630859375,2.4258225219387946e-05,2.3565845494049105e-07,90.63756691924073
288357.7346801758,2.418535378067017e-05,2.349505395632442e-07,90.63767912116852
289292.3355102539,1.850303416674951e-05,1.7974919451083082e-07,90.65838707041033
290236.4730834961,2.685201848810892e-05,2.6085606559064284e-07,90.67836673301261
290899.27673339844,2.5479344841251262e-05,2.4752111846114434e-07,90.69382340058746
290904.04510498047,2.4200335243680823e-05,2.3509607817515458e-07,90.69393846549373
292334.55657958984,2.059667716591061e-05,2.0008805565657333e-07,90.72683091238032
293292.9992675781,2.8985953900368133e-05,2.81586350582551e-07,90.75014903565372
293464.66064453125,2.8503977931249453e-05,2.7690415676277497e-07,90.75468237347972
293469.4290161133,2.7981836693836612e-05,2.718317742551262e-07,90.75481320232069
294117.92755126953,4.21083780564948e-05,4.090651819372469e-07,90.77458490397348
295462.60833740234,2.334342986550594e-05,2.2677160284257766e-07,90.81425773973444
296049.1180419922,2.764916246863856e-05,2.685999840808789e-07,90.8291695397432
296053.8864135742,2.8512138734515955e-05,2.7698343553405623e-07,90.82929961696689
297303.1997680664,2.1877332363385695e-05,2.1252908225349363e-07,90.85984625491227
297665.5960083008,3.001290173560283e-05,2.9156271686521165e-07,90.86929304969395
298662.1856689453,2.4788225778614836e-05,2.408071874539142e-07,90.89553403833489
298666.95404052734,2.6060240158287308e-05,2.531642721402302e-07,90.89565181030841
300035.4766845703,2.2450954901700145e-05,2.1810158394624676e-07,90.92985395637659
301060.67657470703,3.6960857895317806e-05,3.5905918863034647e-07,90.9577631081151
301294.32678222656,3.218240272085263e-05,3.1263850643976077e-07,90.96542539442632
301299.0951538086,3.2473452370813605e-05,3.15465931372973e-07,90.96557514619391
301399.23095703125,3.4479395278947906e-05,3.349528230212521e-07,90.9687789583425
302519.7982788086,2.2047657509143368e-05,2.1418371940537757e-07,90.99983460582256
303950.30975341797,2.7137235995815352e-05,2.636268337148647e-07,91.03562186245166
303955.078125,2.664644049800393e-05,2.5885896188335295e-07,91.03574643277264
305209.1598510742,4.164236655589155e-05,4.045380762144057e-07,91.07604934406474
306301.1169433594,2.3769778755159404e-05,2.3091340298222796e-07,91.10835117860354
306634.90295410156,2.6020583749051042e-05,2.5277902680407766e-07,91.11720298837925
306639.6713256836,2.7366601485226435e-05,2.658550229728359e-07,91.11732664037247
306730.2703857422,2.3725336961213202e-05,2.3048166964636235e-07,91.11970827023612
308284.7595214844,5.12696984323749e-05,4.980635561162964e-07,91.17024537762298
309338.5696411133,2.6499912662735596e-05,2.574355055936689e-07,91.20824887282315
309343.3380126953,2.791799404061162e-05,2.7121156973141367e-07,91.20837491210769
309619.9035644531,2.4351691057869523e-05,2.3656643624939085e-07,91.21629279897434
311975.47912597656,4.7584981552324714e-05,4.622680814270857e-07,91.2845740259229
312066.07818603516,4.179771627983762e-05,4.060472334420871e-07,91.28820695663886
312070.8465576172,4.263840192493395e-05,4.142141408898633e-07,91.28840252219022
312170.98236083984,5.125483255279773e-05,4.979191403488277e-07,91.29259639733897
313501.35803222656,2.255626425474066e-05,2.191246200176769e-07,91.33524760981477
314817.4285888672,3.78142900274311e-05,3.673499228382904e-07,91.37367666869068
314822.1969604492,3.839205543954785e-05,3.7296267080753053e-07,91.37385317296734
315623.28338623047,7.452179078285607e-05,7.239478534171793e-07,91.414544778653
316443.44329833984,0.0,0.0,91.44429980197357
317592.6208496094,0.0,0.0,91.44443955989074
317597.3892211914,0.0,0.0,91.44443955989074
319361.68670654297,3.606649519465439e-05,3.5037083116443025e-07,91.45453423933589
320391.6549682617,1.574807444930632e-05,1.5298591959832532e-07,91.47693362327722
320396.42333984375,1.6700996169564487e-05,1.6224315330954486e-07,91.47700877974488
320591.92657470703,1.2563065880854876e-05,1.2204490097782006e-07,91.48012470651521
322670.93658447266,8.168439487071283e-05,7.935295395227945e-07,91.55226051077844
323219.29931640625,3.868764194413876e-05,3.7583416937526093e-07,91.5791377707565
323224.0676879883,3.862530158240462e-05,3.752285589815147e-07,91.57931683806501
325398.44512939453,2.3657449539933633e-05,2.2982217190223836e-07,91.64550466323726
326070.78552246094,3.1267696264711357e-05,3.0375251794600803e-07,91.66555650443009
326075.55389404297,3.2621214291076554e-05,3.169013762793207e-07,91.66570447984965
326519.0124511719,4.148607656896072e-05,4.030197847273042e-07,91.68185879573922
328326.2252807617,2.365018727642182e-05,2.2975162206674602e-07,91.73475174595056
328946.1135864258,3.0130614050563897e-05,2.927062424949854e-07,91.75191815898577
328950.8819580078,3.022271485738465e-05,2.936009630954358e-07,91.75205794551664
329585.07537841797,5.674238295149064e-05,5.512283843956877e-07,91.7763832006148
331292.15240478516,2.4788522268119137e-05,2.4081006772474434e-07,91.83464015001432
331845.2835083008,3.054974527906675e-05,2.9677792609232255e-07,91.84969951660642
331850.0518798828,3.072008301382449e-05,2.9843268554104717e-07,91.84984142587471
332112.31231689453,2.6461946266051687e-05,2.570666780186393e-07,91.85787891984232
333476.06658935547,4.87907002514797e-05,4.7398113146129143e-07,91.90481443955612
334773.06365966797,3.188448181387838e-05,3.097443301347313e-07,91.94912581057247
334777.83203125,3.262118978862812e-05,3.1690113824834e-07,91.94927521449463
335326.1947631836,2.785086135216339e-05,2.7055940389930373e-07,91.96621514310007
336966.51458740234,8.808530417525186e-05,8.557116811790727e-07,92.03403161787327
337724.6856689453,4.106703832040475e-05,3.989490043910434e-07,92.0745819819723
337729.45404052734,3.991798136441001e-05,3.877863993595787e-07,92.07476955430938
339837.07427978516,3.221141275805644e-05,3.129203267495068e-07,92.15256998026331
340485.5728149414,5.798094208415427e-05,5.632604654286673e-07,92.1790510549234
340704.91790771484,4.635077053845732e-05,4.502782405393827e-07,92.18855097553096
340709.6862792969,4.540055188604726e-05,4.4104726599539085e-07,92.18876348409175
342059.1354370117,3.261156766064767e-05,3.168076633220993e-07,92.23867383915933
343694.68688964844,9.095718191518902e-05,8.836107655041153e-07,92.31482683434979
343708.99200439453,8.079062559001141e-05,7.848469468822153e-07,92.31598821606265
343713.76037597656,8.805813853287654e-05,8.554477783893287e-07,92.31637929280035
343761.4440917969,7.996025815705683e-05,7.767802765255323e-07,92.32049380531032
344610.21423339844,0.00025228801538571986,2.4508719565471016e-06,92.46750935777239
346736.9079589844,0.00013019257251938108,1.2647660827274356e-06,92.7864668944902
346741.6763305664,0.00014550249292770524,1.4134955201062263e-06,92.78710544181601
347657.2036743164,8.524151296651251e-05,8.280854456913564e-07,92.88481732518696
349125.86212158203,0.0002591501640298576,2.5175348443892436e-06,93.08667042230904
349793.4341430664,0.00018095176236163982,1.7578702626118522e-06,93.20610211624022
349798.20251464844,0.0001677388254358478,1.6295121377697383e-06,93.20690973113899
349974.6322631836,0.00021246999542446588,2.064056640175185e-06,93.23753440413306
352849.96032714844,0.0001175732256707001,1.1421744358190908e-06,93.68321384845821
352878.5705566406,0.00013180899896843726,1.280468985807298e-06,93.68693476154931
352883.33892822266,0.00014252048056125042,1.3845265242074444e-06,93.68757014599211
352888.1072998047,0.00014792299019455017,1.4370096329868533e-06,93.68824285263359
355901.71813964844,3.3974440264030884e-05,3.300473974365852e-07,93.85686010891668
355992.31719970703,3.790711393060342e-05,3.682516680156602e-07,93.86028146649534
355997.08557128906,4.1498452920291815e-05,4.031400157749637e-07,93.86046538060452
356564.5217895508,2.958519422754435e-05,2.874077183191947e-07,93.8808269911833
358276.3671875,0.0002558090125500318,2.4850769630588075e-06,93.99921699783378
359129.9057006836,5.31462342218819e-05,5.162933120360459e-07,94.08562670144654
359134.6740722656,5.3176229375274126e-05,5.165847023352202e-07,94.08587295875512
360589.02740478516,6.43447601803681e-05,6.250822815967145e-07,94.14890521984745
362162.59002685547,2.7534641030458713e-05,2.674874564769445e-07,94.20947355148333
362300.8728027344,3.254128422598056e-05,3.1612488931568415e-07,94.21379441329093
362305.6411743164,3.357882707745771e-05,3.262041817248518e-07,94.21394755647536
362739.56298828125,2.7925792102641444e-05,2.712873246241504e-07,94.22754653538384
365424.15618896484,0.00023842607415916925,2.316209027895834e-06,94.39048445988807
365495.6817626953,0.00017124841844640395,1.6636063577243207e-06,94.40376196286219
365500.45013427734,0.00016869051402865906,1.6387573921664675e-06,94.40454930773511
365529.06036376953,0.00018564908098288711,1.8035027373141487e-06,94.40914454947504
368618.9651489258,2.8385740976864295e-05,2.7575553448166076e-07,94.5507132673589
368719.10095214844,3.26699447527852e-05,3.173747722186749e-07,94.55393001279008
368723.86932373047,3.204351413624605e-05,3.1128926225716916e-07,94.55407989797591
368852.6153564453,3.083577602581594e-05,2.995565944917946e-07,94.55823602293792
371918.6782836914,0.00023794649231847708,2.3115500920267457e-06,94.73140399880991
371966.3619995117,0.00021439383294038155,2.0827459124717792e-06,94.74091313518606
371971.13037109375,0.00023306960886587102,2.264173220513184e-06,94.74194952146922
372443.19915771484,0.0008661103886483733,8.413898137678088e-06,94.94854782114348
374140.73944091797,7.571018185140486e-05,7.354925728080876e-07,95.3921324251496
375247.0016479492,0.00020142037949084354,1.9567142688741667e-06,95.52988913530368
375251.77001953125,0.00019317130001986587,1.8765779313956013e-06,95.53080306338335
375475.8834838867,0.00024096851791546061,2.3409077996304567e-06,95.57401214712326
377054.21447753906,5.058648776883101e-05,4.914264518799592e-07,95.73204185383032
378556.2515258789,0.00015650533972558982,1.5203835489247596e-06,95.85507050011215
378561.01989746094,0.0001612253848096563,1.5662368016545419e-06,95.85580640775036
378580.09338378906,0.00013747553459477307,1.3355169960591064e-06,95.85869046744224
379543.3044433594,0.0014222824149693223,1.3816875446140224e-05,96.39035497827949
381894.1116333008,0.0002119163525478828,2.0586782324926603e-06,97.3041587174126
381898.8800048828,0.00020094151018685755,1.9520622549994845e-06,97.30511495246078
382132.53021240234,0.0002475447911712253,2.404793528314407e-06,97.34918349720154
384774.20806884766,3.5449380485343785e-05,3.4437582132335763e-07,97.58197501745099
385265.3503417969,3.652564111146871e-05,3.548312406284425e-07,97.60177352799481
385270.1187133789,3.945806918954232e-05,3.833185460208679e-07,97.6019495166181
386581.4208984375,6.122928411877214e-05,5.948167420347764e-07,97.65717980133464
388555.52673339844,2.7977697658102895e-05,2.7179156526386123e-07,97.73399002035758
388660.4309082031,3.406217432923847e-05,3.308996969789253e-07,97.73725988737125
388665.19927978516,3.296483101716664e-05,3.202394682472929e-07,97.73741513104581
389213.56201171875,4.1341770089081136e-05,4.016179079709146e-07,97.75567215376937
391197.20458984375,0.0,0.0,97.8077206794571
392088.8900756836,0.0,0.0,97.80772758767336
392093.6584472656,0.0,0.0,97.80772758767336
393953.3233642578,7.797966223664106e-05,7.575396202019368e-07,97.84648713934348
395545.95947265625,3.386931591248971e-05,3.29026158576909e-07,97.9148415915074
395550.7278442383,3.764757702331877e-05,3.657303761232158e-07,97.9150072343732
396113.39569091797,4.0816355946680086e-05,3.9651373056789687e-07,97.93475155412106
398869.51446533203,2.2383101633790768e-05,2.1744241798774923e-07,98.02145342104225
399036.4074707031,2.4722024266735195e-05,2.4016406761051317e-07,98.0257168780852
399041.17584228516,2.7515470025860345e-05,2.673012182306404e-07,98.02583786723761
400991.43981933594,3.754491862314625e-05,3.647330929439013e-07,98.08042642857983
402526.85546875,2.2402208487551093e-05,2.176280330356437e-07,98.1251847460018
402555.4656982422,2.7483570958781167e-05,2.669913322107879e-07,98.1259057560674
402560.2340698242,2.86437377713905e-05,2.782618648264319e-07,98.1260357545599
403838.1576538086,3.0078855335923944e-05,2.9220342835209384e-07,98.15754579063405
404582.02362060547,1.2245845992743694e-05,1.1896324318824156e-07,98.17349448984588
406103.13415527344,2.3071375131715814e-05,2.2412870553065941e-07,98.20628469311114
406107.90252685547,2.1753972087883536e-05,2.113306890626085e-07,98.20638851472127
406303.40576171875,2.0592361169036036e-05,2.0004612756225515e-07,98.21072367675137
408387.1841430664,3.709645343879655e-05,3.60376442303442e-07,98.26647419551307
409684.1812133789,2.545161061031779e-05,2.472516920727076e-07,98.30275336441217
409688.94958496094,2.7301039059041563e-05,2.6521811157815856e-07,98.30287554673458
410256.38580322266,2.935342357620687e-05,2.851561639247253e-07,98.31701688541004
412168.5028076172,0.0,0.0,98.35909809355672
413298.6068725586,1.937185650955502e-05,1.881894381424913e-07,98.36584784761463
413303.3752441406,1.8213855085270728e-05,1.769399413636577e-07,98.36593490124248
415019.9890136719,2.311163570897876e-05,2.2451982010507664e-07,98.39704770317651
416874.88555908203,1.5180313152053442e-05,1.4747035739723376e-07,98.43184917945457
416941.64276123047,1.898029448816575e-05,1.8438557779659007e-07,98.43297290755423
416946.4111328125,1.8468083189531432e-05,1.794096604676194e-07,98.433059643098
418939.59045410156,2.1883328880368492e-05,2.1258733589383254e-07,98.46650260282264
420293.80798339844,7.192277073893451e-06,6.986994668443476e-08,98.48636125734164
420618.05725097656,1.2569381921610404e-05,1.221062586572186e-07,98.48969927433563
420622.8256225586,1.2179865219595749e-05,1.183222677287757e-07,98.48975659696326
420851.7074584961,1.1968651128292412e-05,1.1627041166890107e-07,98.4927601226352
422391.8914794922,1.8428403151258715e-05,1.790241855853162e-07,98.51564440021899
424327.8503417969,1.5137269027329845e-05,1.4705220183000285e-07,98.54420006371431
424332.6187133789,1.5075425895393294e-05,1.4645142181460414e-07,98.54427004043124
424685.4782104492,1.2154363881493662e-05,1.1807453295503593e-07,98.54907753651865
426716.80450439453,1.946059536472114e-05,1.8905149879666156e-07,98.57925411740939
428071.0220336914,1.364782442448406e-05,1.3258287397721498e-07,98.59875667676958
428075.79040527344,1.4059675644722074e-05,1.365838353562476e-07,98.59882085111397
428099.6322631836,1.2797823475028658e-05,1.2432547226562907e-07,98.59914951450124
429487.2283935547,2.7634224006204207e-05,2.684548632014811e-07,98.62503461305447
431847.57232666016,1.622694462442415e-05,1.5763794193568728e-07,98.66927678889773
431852.3406982422,1.6256347536246612e-05,1.579235788571095e-07,98.66935202462714
434298.5153198242,1.2696989651427351e-05,1.2334591408028274e-07,98.70546182013274
435585.97564697266,1.8955211394220546e-05,1.8414190608891997e-07,98.72402395051412
435652.7328491211,1.768142216867829e-05,1.7176757952148337e-07,98.72514339318987
435657.5012207031,1.878683792197354e-05,1.8250622862431375e-07,98.72522785864783
436787.60528564453,2.6351784002911164e-05,2.5599649796673285e-07,98.74884529153651
439443.58825683594,1.3165457266279822e-05,1.2789687992000776e-07,98.7954455314217
439496.0403442383,1.3789617528329544e-05,1.339603343425651e-07,98.79619793134998
439500.8087158203,1.364098689037813e-05,1.325164502092586e-07,98.79626146436632
439858.43658447266,1.7141077290129748e-05,1.6651835629669505e-07,98.8013578353185
441808.70056152344,1.0699506241364267e-05,1.0394120289768097e-07,98.82680231408048
443372.7264404297,1.4919442996295682e-05,1.4493611355664047e-07,98.8473593857155
443377.4948120117,1.5072929455703616e-05,1.4642716995302726e-07,98.84742885213556
443773.2696533203,1.7496070819854023e-05,1.6996696912686338e-07,98.85326808792605
447072.98278808594,9.067482625692269e-06,8.808677990435035e-08,98.89431965922306
447282.7911376953,9.956309084060874e-06,9.672135510492881e-08,98.89646651500415
447287.55950927734,1.0007982348500995e-05,9.722333913506956e-08,98.89651275502258
447301.86462402344,1.2126194570893325e-05,1.1780087995063112e-07,98.89666708846605
449390.4113769531,7.420721478656082e-06,7.208918799245656e-08,98.91584268793176
451226.23443603516,9.463947835986021e-06,9.193827266816599e-08,98.9321874348754
451231.0028076172,1.020510725017909e-05,9.913832464368082e-08,98.93223299108622
454945.56427001953,5.198537702868185e-06,5.050160726633388e-08,98.95834915196045
455203.0563354492,6.114051898894633e-06,5.939544261333385e-08,98.95980638233901
455207.82470703125,5.783295479826221e-06,5.618228311900221e-08,98.95983393821615
455460.5484008789,6.574566765804269e-06,6.386915085173847e-08,98.96123103893187
458612.44201660156,4.34125975811232e-06,4.21735126061251e-08,98.97711777985924
459218.02520751953,4.8142911450900245e-06,4.6768813572513596e-08,98.98000652822658
459222.79357910156,4.774684905904668e-06,4.6384055617304034e-08,98.98002873760129
459914.2074584961,5.6162195004539424e-06,5.455921025194545e-08,98.98325194682506
462884.90295410156,3.931988933351877e-06,3.819761868383675e-08,98.99679853208895
463266.37268066406,4.88437750076265e-06,4.744967303938919e-08,98.9985232199336
463271.1410522461,4.725661965838728e-06,4.590781837372587e-08,98.99854547809404
463318.8247680664,4.299094330848534e-06,4.1763893215134045e-08,98.99876018068959
465641.0217285156,5.950967283307139e-06,5.781114416666939e-08,99.00997105509879
467352.86712646484,5.010224228440111e-06,4.867222106734981e-08,99.01851180493483
467357.6354980469,4.748194240525497e-06,4.612670994518077e-08,99.01853440676126
469441.41387939453,5.7183468794553965e-06,5.55513347839318e-08,99.02851581906805
470633.50677490234,4.186623086334019e-06,4.067128238034217e-08,99.03408494153403
471477.5085449219,4.615773362581711e-06,4.484029681248568e-08,99.03802830971384
471482.2769165039,4.929937307292776e-06,4.789226739726894e-08,99.03805041888003
472507.4768066406,5.861677514356269e-06,5.694373161679587e-08,99.04301096591817
474758.1481933594,0.0,0.0,99.05201434804337
475630.7601928711,0.0,0.0,99.0520376964672
475635.5285644531,0.0,0.0,99.0520376964672
478610.9924316406,4.806005582691471e-07,4.668832281873843e-09,99.0520390647585
479826.9271850586,0.0,0.0,99.05204110641172
479831.6955566406,1.681323868495449e-07,1.6333354213709612e-09,99.05204149582923
479836.46392822266,0.0,0.0,99.05204188524675
483970.64208984375,4.687271566102599e-06,4.553487178738066e-08,99.06609549710154
484056.4727783203,4.241208514345923e-06,4.120155685472003e-08,99.06643664163217
484061.24114990234,4.350714767491437e-06,4.2265364045444315e-08,99.06645654169685
484285.3546142578,3.5513884637239592e-06,3.450024520284293e-08,99.06735204972573
485825.5386352539,5.150009561288018e-06,5.0030176781931605e-08,99.07374320442851
488328.9337158203,4.531662815772124e-06,4.4023198227321865e-08,99.08446456635214
488333.70208740234,4.418629281530947e-06,4.2925124984335825e-08,99.08448529644781
488524.4369506836,4.908183312350418e-06,4.768093648618472e-08,99.08527726167216
489845.27587890625,3.677078865158935e-06,3.572127458710898e-08,99.09071425252294
492634.77325439453,3.954250204778465e-06,3.8413877572603596e-08,99.1021464213778
492639.54162597656,4.081873787777494e-06,3.965368700266376e-08,99.10216503413561
492930.41229248047,4.8115123918757696e-06,4.6741819153787164e-08,99.10334486468173
496373.17657470703,3.5178441984573216e-06,3.417437677457342e-08,99.11703320905177
496978.759765625,4.229513393470738e-06,4.108794367441261e-08,99.11944157105447
496983.52813720703,4.338721657408163e-06,4.2148856025315257e-08,99.11946141625398
497822.76153564453,4.659386543611134e-06,4.52639805223813e-08,99.12285245030198
500316.6198730469,3.196752192838516e-06,3.105510299202996e-08,99.13229465137758
501360.8932495117,3.6879865454916813e-06,3.5827238113745934e-08,99.13615555650739
501365.66162109375,3.6812936138754236e-06,3.5762219098156573e-08,99.13617262476406
501403.80859375,4.525578589565381e-06,4.396409252876302e-08,99.13631626556622
503387.451171875,2.82840652268132e-06,2.7476779733497092e-08,99.14308791454958
505781.1737060547,3.3692216001279366e-06,3.273057074281345e-08,99.15102064430842
505785.9420776367,3.273318502923939e-06,3.1798912490542016e-08,99.15103602933613
506076.8127441406,3.7753581675278695e-06,3.667601667312037e-08,99.1519734919986
510220.5276489258,2.4089060627567732e-06,2.3401509208197786e-08,99.16413788175547
510244.36950683594,2.805262196163462e-06,2.7251942335933584e-08,99.16420130784745
510249.13787841797,2.742422121078553e-06,2.664147743716521e-08,99.16421415704002
512204.1702270508,3.2663281211041175e-06,3.1731003871333276e-08,99.16943530974642
513577.4612426758,2.2240471467793223e-06,2.1605682591566212e-08,99.17301550705835
514740.9439086914,2.474577447174906e-06,2.403947908628315e-08,99.17588300049336
514745.71228027344,2.6586100790807897e-06,2.5827278700696444e-08,99.1758948896549
515704.1549682617,2.9789970708646465e-06,2.8939703570363824e-08,99.17827442193405
518331.52770996094,1.8683676921534933e-06,1.8150406289480902e-08,99.1845744252436
519280.43365478516,2.6702762467557356e-06,2.5940610612841326e-08,99.18675561659028
519285.2020263672,2.747518921447835e-06,2.6690990709026714e-08,99.18676816494188
519356.72760009766,2.942011624284335e-06,2.8580405513000825e-08,99.18694849448984
521073.3413696289,0.0,0.0,99.19048061325901
523862.8387451172,0.0,0.0,99.19051427964112
523867.6071166992,0.0,0.0,99.19051427964112
527524.9481201172,3.2650511990864117e-06,3.1718599111007634e-08,99.19710826934845
528478.6224365234,2.422327037499744e-06,2.3531888332932602e-08,99.19959282075423
528483.3908081055,2.4406677101120004e-06,2.3710060253231178e-08,99.1996040841125
529050.8270263672,4.122992289941301e-06,4.005313595664765e-08,99.20117578609864
532426.8341064453,1.897343330505655e-06,1.8431892428851373e-08,99.20936567116915
533142.08984375,2.1533147582507143e-06,2.0918547187217666e-08,99.21088153135588
533146.858215332,1.928206518033849e-06,1.8731715314559426e-08,99.21089098471514
535340.3091430664,1.6077093047379655e-06,1.5618219689262134e-08,99.21562870952656
537419.319152832,3.6244714394938457e-06,3.521021557357804e-08,99.22058272113911
537843.7042236328,2.696672067200509e-06,2.6197034906318924e-08,99.22177450025428
537848.4725952148,2.611287649265006e-06,2.5367561198959984e-08,99.22178679421202
537853.2409667969,2.7145041681360728e-06,2.637026626668486e-08,99.22179912947134
541939.7354125977,1.7886498083275952e-06,1.7375980577639372e-08,99.23047488609905
542583.4655761719,2.1284992627517177e-06,2.067747508589995e-08,99.23173938096652
542588.2339477539,1.9907853669716774e-06,1.933964251118124e-08,99.23174892179084
544247.6272583008,2.2795348200878844e-06,2.214472199951464e-08,99.23490417558662
546569.82421875,1.5846241769613636e-06,1.53939573825708e-08,99.23925239670824
547370.9106445312,1.867459316857803e-06,1.8141581805548033e-08,99.24072000952627
547375.6790161133,1.8940958887034555e-06,1.8400344897624567e-08,99.24072872180052
547461.5097045898,1.7735930824410155e-06,1.7229710818545125e-08,99.24088783023605
551381.1111450195,2.8495333612290955e-06,2.7682018083991375e-08,99.24893182517948
552196.5026855469,1.8509632830587647e-06,1.79813297754605e-08,99.25077052344952
552201.2710571289,1.9009470787223895e-06,1.846690132703208e-08,99.25077921338499
555815.6967163086,5.6342160088607945e-06,5.473403876174479e-08,99.25704229047659
555834.7702026367,0.0,0.0,99.25707701858994
557065.0100708008,1.7804715287385625e-06,1.729653203123531e-08,99.25913949437155
557069.7784423828,1.7345003770378703e-06,1.6849941628036248e-08,99.25914763552528
559191.7037963867,1.4648581866300717e-06,1.4230481160355968e-08,99.26270206517093
561957.3593139648,1.9702373107384342e-06,1.9140026787435454e-08,99.26716720299062
561981.201171875,1.8919439758691672e-06,1.8379439969538995e-08,99.26720943403917
561985.969543457,1.765104624443267e-06,1.7147249019362145e-08,99.26721790426187
564532.2799682617,1.4452042848613643e-06,1.4039551771149702e-08,99.27147134172397
565819.7402954102,2.274122377326901e-06,2.209214239457768e-08,99.27377891864091
566935.5392456055,1.6915309329847772e-06,1.6432511552108405e-08,99.27576683157392
566940.3076171875,1.6920263995279959e-06,1.6437324801181397e-08,99.27577466835359
569348.3352661133,1.7849919480705005e-06,1.7340446003746217e-08,99.27945306246085
570406.9137573242,1.3121976853234557e-06,1.2747448599523571e-08,99.281019704141
571932.7926635742,1.4706785160754742e-06,1.4287023212873971e-08,99.2832277258658
571937.5610351562,1.3593360541844922e-06,1.3205378026501126e-08,99.28323428056504
573344.2306518555,1.8113817686871505e-06,1.7596812011417132e-08,99.28541054942227
575623.5122680664,1.2318468294111787e-06,1.1966873830092397e-08,99.28876683494353
576977.7297973633,1.4890075719556693e-06,1.4465082281506598e-08,99.29071472296259
576982.4981689453,1.5966675248904517e-06,1.5510953442241782e-08,99.29072186980645
578608.512878418,1.2747725353625977e-06,1.2383879008758822e-08,99.29304855831118
579719.5434570312,1.8955579739494736e-06,1.8414548440833183e-08,99.29471459018903
582065.5822753906,1.431594098484679e-06,1.3907334534976201e-08,99.29836245907671
582070.3506469727,1.5444817480246127e-06,1.50039905694491e-08,99.29836935207376
584464.0731811523,1.341287004304197e-06,1.3030039098386353e-08,99.30199741270472
586295.1278686523,1.827583860703158e-06,1.7754208520715117e-08,99.3047318473504
587201.1184692383,1.7214464308916674e-06,1.6723128031745952e-08,99.30616667686654
587205.8868408203,1.7069637868733222e-06,1.6582435236541434e-08,99.30617461753161
587968.8262939453,1.9098663545459558e-06,1.8553548340189902e-08,99.30741900255967
592117.3095703125,1.3534289321658376e-06,1.3147992820639136e-08,99.3139424795571
592379.5700073242,1.63998169792407e-06,1.5931732415221616e-08,99.31432161371718
592384.3383789062,1.465622103672439e-06,1.4237902293117283e-08,99.31432880671862
593695.6405639648,1.7209559526008051e-06,1.671836324144653e-08,99.31620364895075
596733.0932617188,1.2401579102149257e-06,1.2047612484440913e-08,99.32058863783526
597600.9368896484,1.506795542294869e-06,1.4637884931690288e-08,99.32180832412625
597605.7052612305,1.5382514585200181e-06,1.4943465927386198e-08,99.32181537686989
597610.4736328125,1.6149291752525925e-06,1.5688357694617428e-08,99.32182268006576
600128.173828125,1.189810202641183e-06,1.155850568172473e-08,99.32526529533688
602869.987487793,1.320365037154311e-06,1.2826790987353182e-08,99.32888828777081
602874.755859375,1.2422976554567992e-06,1.2068399209483895e-08,99.32889422324669
603561.4013671875,1.5696508262710464e-06,1.5248497578440442e-08,99.32979725100611
607643.1274414062,1.1019154734314774e-06,1.0704645356179669e-08,99.3349584370923
608186.7218017578,1.2567831819918833e-06,1.2209120007126137e-08,99.33562899382923
608191.4901733398,1.3049048918500715e-06,1.2676602178295514e-08,99.33563492704775
610165.5960083008,1.5434118227516094e-06,1.4993596695434926e-08,99.33814829555988
610933.3038330078,1.0816083598276404e-06,1.0507370288737534e-08,99.33910870603559
613551.139831543,1.3044945177768324e-06,1.2672615566778284e-08,99.34230479607523
613555.908203125,1.1892950514449535e-06,1.1553501204527151e-08,99.34231057203155
614261.6271972656,1.088224041919611e-06,1.0571638857689776e-08,99.34317326983789
617294.3115234375,1.5266401538188234e-06,1.4830666985955812e-08,99.3469688883344
618963.2415771484,1.3242861252094373e-06,1.2864882708589993e-08,99.34902496239822
618968.0099487305,1.1919562927612097e-06,1.1579354044590302e-08,99.34903079035841
619888.3056640625,2.091458088152855e-07,2.0317635654276057e-09,99.35012245554941
620326.9958496094,1.447391169834807e-06,1.4060796438857799e-08,99.35064464458708
624418.2586669922,1.2291450834423144e-06,1.194062750436551e-08,99.35549126107516
624423.0270385742,1.1242894439030768e-06,1.0921999068767316e-08,99.3554967119501
624704.3609619141,1.3849235265422854e-06,1.3453949558306791e-08,99.35582678061017
625000.0,0.0,0.0,99.35616749835634
629925.7278442383,1.1323554362102635e-06,1.1000356791456538e-08,99.36163751719673
629930.4962158203,1.1502689844386993e-06,1.1174379378015806e-08,99.36164280406584
630345.344543457,1.3046103616293042e-06,1.2673740941080855e-08,99.36209938023086
633068.0847167969,0.0,0.0,99.36467343744505
635480.8807373047,0.0,0.0,99.36470021393313
635485.6491088867,0.0,0.0,99.36470021393313
640044.2123413086,2.0381023716071734e-06,1.979930730957305e-08,99.36686702497963
641083.7173461914,1.5080727476339706e-06,1.465029244436413e-08,99.36855915051733
641088.4857177734,1.5807229108085665e-06,1.535605822277798e-08,99.3685663045888
641946.7926025391,1.9780528815962737e-06,1.921595177107211e-08,99.36991915451364
643858.9096069336,1.2215406376798161e-06,1.1866753512230387e-08,99.37258320318726
646739.0060424805,1.4998580999915645e-06,1.457049059761803e-08,99.3768158124127
646743.7744140625,1.62933263599778e-06,1.5828281257627885e-08,99.3768230600447
650987.6251220703,2.424143134480526e-06,2.3549530951246288e-08,99.3840585446519
652155.876159668,0.0,0.0,99.3858930619261
652441.9784545898,0.0,0.0,99.38590576285364
652446.7468261719,0.0,0.0,99.38590576285364
657091.1407470703,2.136388121892483e-06,2.075411203438001e-08,99.38870826367646
658197.4029541016,1.9169800408181233e-06,1.8622654810291043e-08,99.39072092208134
658202.1713256836,1.9031312823320115e-06,1.8488119946418448e-08,99.39072976997953
659961.7004394531,2.309869283811454e-06,2.2439408555843227e-08,99.39416509868543
663943.2907104492,1.4966687081457117e-06,1.4539506997301186e-08,99.40118652451572
664000.5111694336,1.7031937958260698e-06,1.6545811359184368e-08,99.4012797378301
664005.2795410156,1.8238518000399682e-06,1.771795312108561e-08,99.40128790694813
666127.2048950195,1.0866995594081188e-06,1.0556829151291513e-08,99.40452349561978
669689.1784667969,1.9700973586904677e-06,1.9138667212153616e-08,99.41024278051287
669856.071472168,1.873343079021495e-06,1.8198740080244268e-08,99.41053143709769
669860.83984375,2.084703467325927e-06,2.0252017353951657e-08,99.41054060447264
670518.8751220703,2.2061547008999375e-06,2.1431865005452278e-08,99.41176440012497
675754.5471191406,1.4692486379541413e-06,1.427313254833528e-08,99.42099272690132
675764.0838623047,1.833366677234337e-06,1.781038615104946e-08,99.42100867320298
675768.8522338867,1.603535690758072e-06,1.55776747848792e-08,99.42101663353702
677499.7711181641,2.321949480848799e-06,2.255676258910211e-08,99.42398258038845
679264.0686035156,1.3524718241610172e-06,1.3138694918934156e-08,99.42712491388009
681724.5483398438,1.5715365764693537e-06,1.5266816848466082e-08,99.43119923250404
681729.3167114258,1.5285358298565876e-06,1.4849082681336949e-08,99.43120641269402
682849.8840332031,1.3145749898052703e-06,1.2770543112664614e-08,99.43295329704551
687689.7811889648,2.5490267964825296e-06,2.4762723201237495e-08,99.44181174495999
687732.6965332031,2.2201769171350047e-06,2.1568084938399243e-08,99.4419066677887
687737.4649047852,2.175790561084703e-06,2.1136890158374995e-08,99.44191684944819
687866.2109375,2.0198131712915684e-06,1.9621635420987073e-08,99.44221094506652
690870.2850341797,5.7172771547433004e-06,5.554094285828248e-08,99.45182897118785
693798.0651855469,4.261982284790086e-06,4.1403365297088975e-08,99.46318460239195
693802.8335571289,4.83807552247686e-06,4.699986879506234e-08,99.4632056793654
693969.7265625,3.602551516981815e-06,3.499727274594398e-08,99.46389548002304
699844.3603515625,7.156535712751891e-06,6.9522734393844e-08,99.49175641216736
699915.885925293,6.398353969141026e-06,6.215731764766657e-08,99.49220060586546
699920.654296875,6.255254392324115e-06,6.076716544690461e-08,99.49222991334607
700082.7789306641,6.983017298801051e-06,6.783707598455947e-08,99.49320636125397
705971.7178344727,1.6773262269015652e-06,1.6294518807042368e-08,99.51743596886745
706090.9271240234,1.923865146722834e-06,1.8689540718263775e-08,99.51765430034439
706095.6954956055,1.9647547538869586e-06,1.9086766053599513e-08,99.51766330691777
706906.3186645508,1.4585116123653423e-06,1.4168826860757996e-08,99.51908778950313
709352.4932861328,2.4921623752144654e-06,2.4210309265925897e-08,99.52364359063269
712318.4204101562,1.8187606528658545e-06,1.766849476763742e-08,99.52928063515711
712323.1887817383,1.7289101263730259e-06,1.6795634694099696e-08,99.5292888520459
715255.7373046875,8.712746974614087e-07,8.464067225676448e-09,99.53433100073423
716199.8748779297,2.390727940691289e-06,2.322491639809196e-08,99.5361742957346
718598.3657836914,2.0480389960537054e-06,1.9895837436703787e-08,99.54099787296003
718603.1341552734,2.100987862897695e-06,2.0410213407676786e-08,99.5410074826714
721492.7673339844,1.7178046380491404e-06,1.668774954602733e-08,99.54660203060618
723772.0489501953,2.8169349670552227e-06,2.7365338395552497e-08,99.5516233909907
724935.5316162109,2.404236425042063e-06,2.335614564185984e-08,99.55429917186851
724940.299987793,2.3647817390992373e-06,2.2972859962657823e-08,99.5543102175642
727400.7797241211,1.7746232165699772e-06,1.723971813833118e-08,99.55924577588145
730586.051940918,3.1842638654925766e-06,3.0933784144483646e-08,99.56615911476506
731329.9179077148,2.5490065091101984e-06,2.4762526117948215e-08,99.56810194467317
731334.6862792969,2.454094308341156e-06,2.3840494007769028e-08,99.56811353253616
731382.3699951172,2.7457138875667357e-06,2.6673455564073276e-08,99.56822900189191
737299.919128418,1.5555503434251326e-06,1.511151731828822e-08,99.5798574701316
737776.7562866211,1.8364174308211548e-06,1.784002293899135e-08,99.58071587495395
737781.5246582031,2.1005443682997883e-06,2.040590504419298e-08,99.58072499349376
741925.2395629883,1.4728832803662804e-06,1.4308441570630173e-08,99.58789817994742
744242.6681518555,3.285986641592829e-06,3.192197812946174e-08,99.59239474865937
744280.8151245117,2.8834123033838445e-06,2.8011137757463014e-08,99.59250686230521
744285.5834960938,2.873203580273568e-06,2.7911964306259328e-08,99.59252019541177
746703.1478881836,2.1782002161136715e-06,2.1160298943474925e-08,99.60037221247555
750832.5576782227,8.43674698530594e-06,8.195944844687229e-08,99.61523279609536
750846.8627929688,7.769379496700635e-06,7.54762539913873e-08,99.61533769356727
750851.6311645508,7.0904048000056975e-06,6.888030039133022e-08,99.61537211085185
752496.7193603516,3.394771919498523e-05,3.297878134897503e-07,99.64531029510883
755681.9915771484,6.596180357875672e-06,6.407911780798514e-08,99.68497775215008
757470.1309204102,7.793730162531662e-06,7.571281046798913e-08,99.6988092789609
757474.8992919922,7.609486210698528e-06,7.392295796936425e-08,99.6988449549082
759210.5865478516,1.0235431356801897e-05,9.943291058513173e-08,99.7127717835283
764117.2409057617,3.0625412168129025e-06,2.975129980938933e-08,99.73870015835388
764145.8511352539,3.642285322119407e-06,3.538326995072497e-08,99.73879794838719
764150.6195068359,3.380583052825649e-06,3.284094247711834e-08,99.73881421430697
764451.0269165039,4.138301376370581e-06,4.02018572922708e-08,99.73987040079561
768647.1939086914,1.9155312668600186e-06,1.8608580580645747e-08,99.75101519113682
770888.3285522461,2.2429119964061663e-06,2.178894667109144e-08,99.75587279406987
770893.0969238281,2.0640996833175832e-06,2.005186025831e-08,99.75588276969563
774159.4314575195,2.749865602068088e-06,2.6713787724233153e-08,99.76309203236923
777659.4161987305,1.662089044976345e-06,1.6146495993432957e-08,99.77033072200247
777683.2580566406,1.8082389589392034e-06,1.7566280936588907e-08,99.77037249470096
777688.0264282227,1.9035805017738662e-06,1.8492483924353324e-08,99.77038109178044
777854.9194335938,2.2369442288116723e-06,2.1730972318967838e-08,99.77068773005983
783066.7495727539,0.0,0.0,99.77864141479905
784544.9447631836,0.0,0.0,99.77865602153456
784549.7131347656,0.0,0.0,99.77865602153456
788974.7619628906,1.5663482197243265e-06,1.521641414492304e-08,99.78209278610596
791459.0835571289,8.790554910762567e-07,8.539654363024831e-09,99.78487226024491
791463.8519287109,8.824085927910439e-07,8.57222833586162e-09,99.78487634003567
796842.5750732422,0.0,0.0,99.78874348527272
796856.8801879883,1.6446423776120062e-05,1.5977008958097216e-07,99.78878157743046
798439.9795532227,1.1309351780176606e-06,1.0986559580479295e-08,99.79067453793428
798444.7479248047,1.1237907992670431e-06,1.091715494585934e-08,99.79067976018678
801219.9401855469,1.472269481552473e-06,1.4302478773319241e-08,99.7938920789388
805463.7908935547,9.836633671737116e-07,9.555875880995985e-09,99.79891855714382
805482.8643798828,1.0571852191810045e-06,1.027010974978514e-08,99.79893844678683
805487.6327514648,1.06498294257285e-06,1.034586135279635e-08,99.79894336201737
805892.9443359375,1.2968827206880407e-06,1.2598670159600206e-08,99.79937772673641
810623.1689453125,2.0373418125175636e-07,1.9791918797910407e-09,99.80430412082913
812582.9696655273,9.124582006095456e-07,8.864147636883532e-09,99.80620143691735
812587.7380371094,9.430104321000349e-07,9.160949715474118e-09,99.80620573443542
815205.5740356445,1.1327701379101786e-06,1.1004385444046715e-08,99.80863402736142
817022.3236083984,9.547175243607437e-08,9.274679192756711e-10,99.80990769086097
819749.8321533203,7.95818158880903e-07,7.731038690562196e-09,99.81190133838498
819754.6005249023,7.716599263099074e-07,7.496351622143697e-09,99.81190496887773
819783.2107543945,9.23025541154878e-07,8.966804905633461e-09,99.81192864163935
825042.724609375,4.3981739934385505e-08,4.2726410464059873e-10,99.81527983167572
826978.6834716797,6.519418342233803e-07,6.333340711230642e-09,99.81630157818205
826983.4518432617,6.076988502864895e-07,5.9035387309855385e-09,99.81630449568144
830473.8998413086,8.422014018947951e-07,8.181632387542429e-09,99.81861432000348
832633.9721679688,3.960781634902176e-07,3.8477327669120765e-09,99.82003714430137
834274.2919921875,6.795204943118769e-07,6.601255794341907e-09,99.82092317282509
834279.0603637695,6.504177455384346e-07,6.318534830691635e-09,99.82092625314321
836048.1262207031,3.8086256127141843e-07,3.699919591074071e-09,99.8218657659901
837850.5706787109,6.926066886400696e-07,6.728382668156574e-09,99.82287791696098
841631.8893432617,6.0053132863445e-07,5.833909272812226e-09,99.82500573665052
841636.6577148438,6.355456728094988e-07,6.174058899358351e-09,99.82500859957322
845618.2479858398,7.243395606779758e-07,7.036654173085159e-09,99.8274026564203
848522.1862792969,5.333858159872678e-07,5.181618859003405e-09,99.82915988827943
849051.4755249023,6.632725150486801e-07,6.443413509737762e-09,99.8294714417204
849056.2438964844,6.541571380567499e-07,6.354861456209891e-09,99.82947449306694
853838.9205932617,7.533700215561463e-07,7.3186728902373224e-09,99.8324433819324
856151.5808105469,5.112696478911125e-07,4.966769588060919e-09,99.83384936973785
856537.8189086914,6.073844234384166e-07,5.9004842064051725e-09,99.83407261513877
856542.5872802734,5.740970869996947e-07,5.577111733634e-09,99.83407535161089
857772.8271484375,7.129962758863515e-07,6.9264589323464555e-09,99.83478954367258
859017.3721313477,5.016846332264003e-07,4.873655202072668e-09,99.83550113667441
864090.9194946289,5.314529602552034e-07,5.162841978530009e-09,99.83836307657612
864095.6878662109,6.110598069837821e-07,5.936189011673544e-09,99.83836572279131
867342.9489135742,6.96318068863275e-07,6.764437166009874e-09,99.84020136160284
868639.9459838867,5.051979221311136e-07,4.907785326084485e-09,99.84093516824755
871710.7772827148,5.90216142998597e-07,5.733701582950948e-09,99.842673377425
871715.5456542969,5.886752727348808e-07,5.718732676432557e-09,99.8426761078981
872979.1641235352,6.981068677876994e-07,6.7818145951876745e-09,99.8433849553592
878996.8490600586,4.678274125787859e-07,4.544746543906725e-09,99.84667458122377
879397.3922729492,5.668566615955574e-07,5.506774046172545e-09,99.8468817782892
879402.1606445312,5.272732700858992e-07,5.122238046522611e-09,99.84688431244315
883078.5751342773,5.876074280636441e-07,5.708359014589441e-09,99.84869390270605
886936.1877441406,3.649948441265193e-07,3.5457713930100573e-09,99.8504164460832
887155.5328369141,4.3559574119999794e-07,4.2316294131776344e-09,99.85050661536971
887160.3012084961,4.6403267339667957e-07,4.507882248828675e-09,99.85050869903166
891046.5240478516,3.7741064083377734e-07,3.666385635908141e-09,99.85214133489639
894832.6110839844,5.487822012349497e-07,5.331188265929245e-09,99.8538220260927
894980.4306030273,5.18747821152121e-07,5.039416895954576e-09,99.85389363491599
894985.1989746094,5.227655563809705e-07,5.078447503834081e-09,99.85389604720285
895190.2389526367,5.525313751599123e-07,5.367609913698996e-09,99.85399357749046
901789.665222168,3.536069104045466e-07,3.4351424066924625e-09,99.8568510219265
902872.0855712891,4.034809823571315e-07,3.919648038561338e-09,99.85728964216648
902876.8539428711,3.9347229047748077e-07,3.822417806629579e-09,99.85729148801882
905990.6005859375,0.0,0.0,99.85854630046403
907549.8580932617,4.881182139243139e-07,4.741863144620363e-09,99.85918023489583
910830.4977416992,4.2875416799781286e-07,4.165166407099984e-09,99.8604967611134
910835.2661132812,4.07447681872919e-07,3.958182855954184e-09,99.86049869787078
910978.3172607422,4.410300626505457e-07,4.284421560381484e-09,99.86055228673911
912833.2138061523,0.0,0.0,99.86103038778977
918865.2038574219,3.609808774987489e-07,3.506777395504953e-09,99.86146269270148
918869.9722290039,3.973512570123601e-07,3.860100335013599e-09,99.861464449102
919089.3173217773,3.3887983461819213e-07,3.2920750596703056e-09,99.86154575604098
924658.7753295898,4.834928934069052e-07,4.696930101214287e-09,99.86381813172619
926966.667175293,4.272039979032093e-07,4.150107156636052e-09,99.86475291460172
926971.435546875,4.28553707032693e-07,4.163219013138192e-09,99.86475489665315
927538.8717651367,1.6787990975426696e-07,1.6308827125827885e-09,99.86493748732651
928678.5125732422,4.649646646832369e-07,4.51693615217988e-09,99.86532963089208
935144.4244384766,4.0527249158018465e-07,3.937051797150359e-09,99.86778333655698
935149.1928100586,4.347040849861265e-07,4.222967348092548e-09,99.86778528205716
937500.0,2.0284432919570705e-06,1.970547341340363e-08,99.86863240293431
943136.2152099609,2.53438974649191e-07,2.4620530416955843e-09,99.87047219916757
943388.9389038086,3.095975467479899e-07,3.0076099492095728e-09,99.87054481731968
943393.7072753906,3.0701434325392896e-07,2.9825152137661592e-09,99.87054624547682
944337.8448486328,3.395292073762631e-07,3.298383442887275e-09,99.87081684720293
951642.9901123047,6.007632040235961e-08,5.836161844690454e-10,99.87254652113336
951709.7473144531,1.1878877628968164e-07,1.1539829988190832e-09,99.87255279422777
951714.5156860352,1.0829236501849094e-07,1.0520147781344223e-09,99.87255332017864
955057.1441650391,0.0,0.0,99.87297562411435
958600.0442504883,3.2708260552610467e-07,3.1774699409826293e-09,99.87350293739995
960102.0812988281,2.79053330484704e-07,2.710885735180044e-09,99.87391769151066
960106.8496704102,2.999431924218459e-07,2.9138219575749337e-09,99.87391903254547
961885.4522705078,2.4393612998485975e-07,2.369736902700141e-09,99.87443046352273
964117.0501708984,3.518116676925587e-07,3.4177023788287538e-09,99.87507402948656
968565.9408569336,2.973945525918021e-07,2.8890629935898897e-09,99.87635928789338
968570.7092285156,2.9272232282678764e-07,2.8436742465734635e-09,99.87636065468445
972523.6892700195,3.464125328114867e-07,3.365252054347809e-09,99.87749174774139
976614.9520874023,2.3638280267461148e-07,2.296359504828087e-09,99.87862039435883
977110.8627319336,2.5707600955781127e-07,2.4973853060875017e-09,99.87874851982357
977115.6311035156,2.684407676376537e-07,2.6077891507895297e-09,99.878749736992
981802.9403686523,3.1178616109711493e-07,3.028871417075044e-09,99.87996588118912
984616.2796020508,2.200842347183211e-07,2.138025772348259e-09,99.88068269328892
985727.3101806641,2.4530412294398574e-07,2.3830263789170347e-09,99.88095918311205
985732.0785522461,2.5082804412278354e-07,2.436688949794979e-09,99.88096033222172
987577.4383544922,2.953515953951441e-07,2.8692165236968984e-09,99.8814134203774
994415.283203125,1.7670376990431027e-07,1.7166028026043882e-09,99.88304235021205
994420.051574707,1.9653996282285096e-07,1.9093030736592033e-09,99.88304321469536
994424.8199462891,1.997266700430115e-07,1.9402605939666057e-09,99.88304413250287
997490.8828735352,2.946646218273578e-07,2.8625428644285325e-09,99.88374410218785
1001358.0322265625,5.7503695361856117e-08,5.586242142526205e-10,99.88468827965701
1003189.0869140625,2.6608301643084357e-07,2.584884589491002e-09,99.88513902171846
1003193.8552856445,2.6544067990436527e-07,2.5786445603045002e-09,99.88514025279976
1005258.5601806641,2.096878945855772e-07,2.0370297006834558e-09,99.88564962946735
1010022.1633911133,2.9852978509050846e-07,2.9000912998333964e-09,99.88682154745968
1012034.4161987305,2.534379621799484e-07,2.4620432059827394e-09,99.88734178179205
1012039.1845703125,2.4609461909777193e-07,2.3907057165665493e-09,99.88734293877755
1018066.40625,3.0598440403256077e-07,2.9725097874253956e-09,99.88884127620415
1018691.0629272461,2.1842110852447392e-07,2.1218692008897734e-09,99.88899534400417
1020960.807800293,2.7246657705107267e-07,2.6468981959761066e-09,99.88954506070252
1020965.576171875,2.70332831661617e-07,2.6261697569758107e-09,99.88954631789989
1021080.0170898438,2.1145260956435335e-07,2.0541731644590475e-09,99.88957400375197
1024994.8501586914,3.2010221471037186e-07,3.1096583801763727e-09,99.89054440750719
1029963.493347168,2.4152653877115257e-07,2.346328737538636e-09,99.89178297226836
1029968.26171875,2.5229189792902604e-07,2.4509096738223145e-09,99.89178411601912
1029992.1035766602,2.2828753097746112e-07,2.217717345180347e-09,99.89178985905126
1035118.1030273438,7.323565508231502e-07,7.114535860380856e-09,99.89343469258483
1039047.2412109375,3.5680160140959925e-07,3.466177486112093e-09,99.89526645245104
1039052.0095825195,3.406980326458414e-07,3.3097380887706055e-09,99.8952680679552
1043925.2853393555,1.45420513679419e-07,1.4126991261897877e-09,99.89681620851523
1047372.8179931641,8.261957477236718e-07,8.026144189285281e-09,99.8981522696038
1048207.2830200195,6.877935112112669e-07,6.6816246738693605e-09,99.89868547915898
1048212.0513916016,7.487508164213806e-07,7.2737992552014805e-09,99.89868880639133
1049833.2977294922,9.780796014846867e-07,9.501631945871924e-09,99.89987247261209
1056776.0467529297,2.7603122245635234e-07,2.6815272267902627e-09,99.9035646682848
1057453.1555175781,3.3197924522739685e-07,3.225038736142653e-09,99.9037784962147
1057457.9238891602,3.166421249103272e-07,3.0760450630907445e-09,99.90377999851015
1058373.4512329102,2.0494962284236473e-07,1.9909993836262456e-09,99.90402195553284
1059741.9738769531,3.7572092021970736e-07,3.6499707108428652e-09,99.90441754097857
1066775.3219604492,2.894825956956756e-07,2.812201660131465e-09,99.90641612333522
1066780.0903320312,2.9076162427704664e-07,2.824626884837093e-09,99.90641746725987
1068172.4548339844,3.3090336007870163e-07,3.214586964442871e-09,99.90681547902693
1076059.341430664,2.0649046080683538e-07,2.0059679763710515e-09,99.90880925287264
1076183.3190917969,2.4560567153497246e-07,2.3859557966464326e-09,99.90883889455723
1076188.087463379,2.503386342255704e-07,2.4319345384904924e-09,99.90884004323179
1076560.0204467773,2.1575226867151317e-07,2.0959425442384994e-09,99.9089294693045
1080722.8088378906,3.069989320833229e-07,2.9823655007256956e-09,99.9099457052736
1085672.378540039,2.757367376485964e-07,2.6786664307439078e-09,99.91119577947813
1085677.146911621,2.5467243731884765e-07,2.4740356127340354e-09,99.91119700797803
1086664.1998291016,2.35603360108425e-07,2.2887875481329387e-09,99.91145002245638
1094684.6008300781,3.4610793899730877e-07,3.3622930535559363e-09,99.91371183170268
1095247.2686767578,3.096209844846293e-07,3.0078376369630573e-09,99.91388237858392
1095252.0370483398,3.1583764888552333e-07,3.068229916874259e-09,99.9138838272313
1096725.4638671875,2.1806484867193434e-07,2.1184082862660723e-09,99.9143583667398
1097693.4432983398,3.803329984479265e-07,3.6947751109792006e-09,99.91467404569698
1104907.9895019531,3.4483458535145653e-07,3.349922958461982e-09,99.91698733852995
1104912.7578735352,3.4094988997659067e-07,3.3121847768070566e-09,99.91698892690022
1110277.1759033203,4.1392797502445036e-07,4.021136178294963e-09,99.91872701507944
1113533.9736938477,0.0,0.0,99.91974546212636
1114649.772644043,0.0,0.0,99.91974685018037
1114654.541015625,0.0,0.0,99.91974685018037
1124410.629272461,1.2613130712233389e-06,1.2253125975727797e-08,99.92352168863493
1124482.1548461914,1.0294994525099363e-06,1.0001154171273469e-08,99.92359929230207
1124486.9232177734,1.0810465989376777e-06,1.050191301796948e-08,99.92360418061422
1128025.0549316406,8.656785462510261e-07,8.409702970421775e-09,99.92758032263859
1132745.7427978516,2.1601749251146947e-06,2.098519082289912e-08,99.9339599251052
1134395.5993652344,1.2692463120420532e-06,1.2330194073542095e-08,99.9364775068104
1134400.3677368164,1.22572416361342e-06,1.1907394707074625e-08,99.9364832855019
1134495.735168457,1.405811644254312e-06,1.365686883628831e-08,99.93660150081132
1144294.7387695312,3.9175500362035315e-07,3.805735087107424e-09,99.94381539260542
1144399.642944336,4.369500446256241e-07,4.244785901334427e-09,99.94386047562362
1144404.411315918,4.021349162939785e-07,3.906571572916318e-09,99.94386241905869
1145210.2661132812,5.519462191648317e-07,5.3619253693247586e-09,99.9442164488378
1153402.328491211,2.3718780381462369e-07,2.3041797523179567e-09,99.9472117718885
1154494.285583496,2.8188195129060003e-07,2.738364596584844e-09,99.94751211054451
1154499.0539550781,2.806527134735019e-07,2.7264230682120164e-09,99.94751341345143
1156401.6342163086,3.385925021424013e-07,3.2892837455207045e-09,99.94804898954375
1164603.2333374023,1.9557572360138037e-07,1.8999358951838723e-09,99.95016814456031
1164674.7589111328,2.5161463532998995e-07,2.4443303525309006e-09,99.95018481419758
1164679.5272827148,2.4662953302378456e-07,2.3959021803717223e-09,99.95018596819894
1165041.9235229492,2.8217443479232657e-07,2.741205950784877e-09,99.95027192711764
1174936.294555664,3.6493762324442517e-08,3.5452155162077486e-10,99.95223546159211
1174945.8312988281,6.400105448436327e-08,6.217433253234416e-10,99.95223592946192
1174950.5996704102,9.845538306242686e-08,9.564526358887152e-10,99.95223630573315
1176166.5344238281,0.0,0.0,99.95229317599839
1183829.3075561523,2.2500005480806517e-07,2.185780896914777e-09,99.9532707923412
1185307.502746582,1.942918646726344e-07,1.8874637456851525e-09,99.95353923344595
1185312.271118164,1.9201962247023383e-07,1.865389868399178e-09,99.95354012819598
1186180.1147460938,2.0874063414238873e-07,2.0278274638978217e-09,99.95369192868402
1192092.8955078125,4.250342551343625e-08,4.1290290182355527e-10,99.95460353125819
1195759.7732543945,1.3067988688538905e-07,1.269500136827649e-09,99.95515545493802
1195764.5416259766,1.5104273410491877e-07,1.4673166329045504e-09,99.95515610744599
1196632.3852539062,1.6717830957758997e-07,1.6240669619610352e-09,99.95528127599039
1204690.933227539,1.0373304862201908e-07,1.0077229370017627e-09,99.95635131431953
1206302.6428222656,1.3130815896271008e-07,1.275603535806128e-09,99.95654956335575
1206307.4111938477,1.224310336026591e-07,1.1893659966727747e-09,99.95655015105028
1209573.745727539,1.6633179664199302e-07,1.6158434448370175e-09,99.9569662479153
1216883.659362793,1.0817303578010216e-07,1.05085554477363e-09,99.95787907413195
1216940.8798217773,1.2625580702807803e-07,1.2265220617921347e-09,99.95788578203585
1216945.6481933594,1.2270764404749986e-07,1.1920531508014073e-09,99.9578863586691
1217346.19140625,1.399593954370672e-07,1.3596466594243553e-09,99.95793389541122
1227593.4219360352,8.682563237141024e-08,8.434744994256374e-10,99.95904263889011
1227674.4842529297,1.0672373711161702e-07,1.0367762177876826e-09,99.95905029658728
1227679.2526245117,1.0307064851946727e-07,1.0012879986124934e-09,99.95905078249965
1229267.1203613281,2.4249383677421105e-08,2.355725630790563e-10,99.95916789321377
1238369.9417114258,1.2981169198554765e-07,1.261065988540481e-09,99.96001598126124
1238498.6877441406,1.1214293103271012e-07,1.0894214074055538e-09,99.96003078954776
1238503.4561157227,1.1967648250786681e-07,1.1626066913574552e-09,99.96003132647311
1240191.4596557617,1.444028180882848e-07,1.402812641567048e-09,99.96023710543498
1246199.607849121,8.649589869765226e-08,8.402712754718276e-10,99.96090735632717
1249418.2586669922,1.1254374304657405e-07,1.093315127537778e-09,99.96123537780245
1249423.0270385742,1.0827581100197136e-07,1.0518539628265923e-09,99.96123588925062
1250000.0,6.279527077119117e-07,6.100296437054046e-09,99.9612954537452
1259198.1887817383,7.649780125054166e-08,7.431439639961532e-10,99.9621609162812
1260437.9653930664,8.684042575813341e-08,8.436182109555202e-10,99.96227070402905
1260442.7337646484,8.817779902176434e-08,8.566102297093942e-10,99.9622711093951
1262288.0935668945,1.0576887141968407e-07,1.0275000992092816e-09,99.96242963519214
1271553.0395507812,8.905009745037335e-10,8.650842420525859e-12,99.96313657840808
1271557.8079223633,6.764699858080336e-09,6.57162138727803e-11,99.96313659613858
1271586.4181518555,0.0,0.0,99.96313683019517
1280984.878540039,1.236912018298643e-07,1.2016080009703905e-09,99.96363996139091
1282768.2495117188,8.973102709704387e-08,8.716991871693992e-10,99.96381798714677
1282773.0178833008,8.602699886632473e-08,8.357161108308386e-10,99.9638183942263
1287460.3271484375,0.0,0.0,99.96425950289476
1288962.3641967773,1.2992646652275776e-07,1.2621809748950403e-09,99.9644175381194
1294078.8269042969,9.425281090359706e-08,9.156264149772933e-10,99.96491750547726
1294083.595275879,9.460970261367112e-08,9.190934678311809e-10,99.96491794290857
1301164.6270751953,1.294538066452585e-07,1.257589282986977e-09,99.96565351231051
1305394.172668457,2.2122342869596027e-08,2.149092562693391e-10,99.96602060600624
1305489.5401000977,3.1830999960032806e-08,3.092247764192135e-10,99.96602421650996
1305494.3084716797,5.141587835576007e-08,4.99483632588368e-10,99.96602440932108
1306939.1250610352,0.0,0.0,99.96606203829053
1314101.219177246,1.331454401520217e-07,1.2934519497955552e-09,99.96654774681858
1317005.1574707031,1.0748564852018815e-07,1.0441778666602432e-09,99.96685876509648
1317009.9258422852,1.1085328539982439e-07,1.076893042510017e-09,99.96685927079919
1317205.4290771484,1.2338241161387558e-07,1.198608233899942e-09,99.96688015730517
1328353.8818359375,6.466929773841374e-08,6.282350274718773e-10,99.96790842259746
1328616.1422729492,9.471693805661664e-08,9.201352150559202e-10,99.9679325065542
1328620.9106445312,9.763729649318446e-08,9.48505268957636e-10,99.96793295207281
1330995.5596923828,1.1284260304881227e-07,1.0962184267583112e-09,99.96815076215884
1334586.1434936523,7.563231186056335e-08,7.347360985993613e-10,99.96847320460965
1340332.03125,1.0049853905797922e-07,9.763010370293497e-10,99.96898223828711
1340336.799621582,9.70926339492486e-08,9.4321410142963e-10,99.96898269593518
1343240.737915039,1.1214499178709736e-07,1.0894414267676675e-09,99.96924695628444
1349062.9196166992,7.367719293647964e-08,7.15742940579448e-10,99.96974724617098
1352152.8244018555,8.243056905392535e-08,8.007783078701098e-10,99.97000221061487
1352157.5927734375,8.596933774054052e-08,8.351559572462485e-10,99.97000260065198
1354174.6139526367,9.771690636168264e-08,9.492786453460003e-10,99.97016826135786
1363058.090209961,6.624124325165977e-08,6.435058169691291e-10,99.97085757654244
1364078.5217285156,7.509128848849643e-08,7.294802840954179e-10,99.97093288769342
1364083.2901000977,7.85372479923188e-08,7.629563312964823e-10,99.97093324351803
1371378.8986206055,8.933191011270639e-08,8.678219335360911e-10,99.97147434654018
1373419.7616577148,6.198614682262572e-08,6.02169344864503e-10,99.97162305633094
1376104.3548583984,6.915425279721559e-08,6.71804479485624e-10,99.97181481915226
1376109.1232299805,7.085326011266456e-08,6.883096209487883e-10,99.97181514342873
1379456.5200805664,1.4663278601935968e-07,1.42447584208775e-09,99.97210498606105
1382827.7587890625,0.0,0.0,99.972493380053
1388239.860534668,8.72187110490016e-08,8.472930934486328e-10,99.97299079797214
1388244.62890625,7.906207357213808e-08,7.680547910615688e-10,99.97299118310109
1388549.8046875,7.468094296821984e-08,7.254939499582096e-10,99.97301590863579
1398849.4873046875,3.360584725959982e-07,3.2646667142961102e-09,99.97473196245245
1400485.0387573242,2.2121329495459286e-07,2.1489941176582817e-09,99.97514128815695
1400489.8071289062,2.158418249734315e-07,2.0968125460440475e-09,99.97514230043615
1400532.7224731445,2.4980424664533886e-07,2.4267431879132005e-09,99.97515086339607
1412014.9612426758,7.187458223309859e-08,6.982313357783492e-10,99.9764568589953
1412835.1211547852,8.367750649943881e-08,8.128917806884877e-10,99.976523959747
1412839.8895263672,7.53389265832866e-08,7.318859840291466e-10,99.97652432805071
1417660.7131958008,1.0104383952485197e-07,9.815984017103757e-10,99.97690601801756
1423721.3134765625,4.6241875170286896e-08,4.4922036783925175e-10,99.97737699944511
1425294.8760986328,6.595995752318333e-08,6.407732444264111e-10,99.97747910098325
1425299.6444702148,7.035585994209728e-08,6.83477587499394e-10,99.97747941670924
1425657.2723388672,7.683195824801032e-08,7.463901586793521e-10,99.97750215088978
1429920.1965332031,0.0,0.0,99.97773823702781
1437864.3035888672,2.960476779681441e-09,2.8759786731196466e-11,99.9777597743677
1437869.0719604492,3.3142393531232637e-10,3.219644133882383e-12,99.97775978199219
1437883.3770751953,0.0,0.0,99.97775982539261
1446328.1631469727,7.795130798762922e-08,7.572641705986496e-10,99.97811302631507
1450543.4036254883,5.0386518973714095e-08,4.89483839142738e-10,99.97835906792287
1450548.1719970703,4.7343584843749097e-08,4.599230139352898e-10,99.97835929427912
1450681.6864013672,4.125554355059811e-08,4.0078025341663433e-10,99.97836583214196
1461791.9921875,7.910258141967765e-08,7.684483077627211e-10,99.97905579349441
1463332.176208496,6.807449520617303e-08,6.613150886371959e-10,99.979160203927
1463336.9445800781,7.21549832177121e-08,7.009553134065641e-10,99.97916052871756
1464948.6541748047,5.616590969513231e-08,5.456281891761569e-10,99.97926698212285
1475801.4678955078,9.354262516967851e-08,9.087272592780436e-10,99.98002145297399
1476240.1580810547,8.225600138050232e-08,7.990824563463739e-10,99.9800564310037
1476244.9264526367,8.489573723037955e-08,8.247263798489024e-10,99.9800568181499
1478195.1904296875,0.0,0.0,99.98021355147256
1485538.4826660156,1.007357939745156e-07,9.786058687535317e-10,99.98081794407679
1489257.8125,8.09238613411978e-08,7.861412761657248e-10,99.98112032745556
1489262.580871582,8.661222864176582e-08,8.414013719502461e-10,99.98112071549198
1489486.6943359375,7.177585733218584e-08,6.972722648899044e-10,99.98113841430967
1502237.319946289,2.0268694880772584e-07,1.9690184570656823e-09,99.9825254565061
1502389.907836914,1.996081840546577e-07,1.93910955242523e-09,99.98255216160409
1502394.676208496,1.892433352881417e-07,1.8384194061379893e-09,99.98255306223717
1505465.5075073242,3.1636283161957464e-07,3.07333184624249e-09,99.98325330337984
1515460.0143432617,1.344911850775783e-07,1.3065252957238968e-09,99.98536155092056
1515636.4440917969,1.5336521294535619e-07,1.4898785379994061e-09,99.98538831276089
1515641.212463379,1.684160002253096e-07,1.6360906060280705e-09,99.98538905805002
1515722.2747802734,2.00143935711423e-07,1.944314154432314e-09,99.98540124436587
1528968.8110351562,6.950957034433302e-08,6.752562400084844e-10,99.98685367501342
1529002.1896362305,7.135427394294606e-08,6.931767595823925e-10,99.98685615532695
1529006.9580078125,7.499027427724799e-08,7.284989735199512e-10,99.98685649428086
1529154.7775268555,9.533560828112327e-08,9.261453360728689e-10,99.98686781173387
1540689.468383789,4.531576830076789e-08,4.4022362912457464e-10,99.98760465513581
1542487.1444702148,5.731858481638324e-08,5.568259431612768e-10,99.98770084162877
1542491.9128417969,5.9180634369829264e-08,5.749149713906384e-10,99.98770111145683
1542615.8905029297,6.206649287172259e-08,6.029498729377443e-10,99.98770767192765
1553473.4725952148,3.8474262791837364e-08,3.7376128065841987e-10,99.988229404382
1556091.30859375,4.6611710375657306e-08,4.52813161305879e-10,99.98834544931339
1556096.076965332,4.6240834406822735e-08,4.4921025725994495e-10,99.98834566437253
1562500.0,8.855401253871325e-08,8.602649857902739e-10,99.98861316508962
1567077.63671875,0.0,0.0,99.98872519705377
1569814.682006836,1.2175814476658437e-08,1.182829164648916e-10,99.98873864739207
1569819.450378418,9.074541234221064e-09,8.815535131734046e-11,99.9887386966108
1573562.6220703125,0.0,0.0,99.98880627527964
1576442.7185058594,4.181562827242917e-08,4.062212409162884e-10,99.9889021141551
1583657.2647094727,3.507299671981693e-08,3.407194113491501e-10,99.9891262262166
1583662.0330810547,3.453187902324555e-08,3.3546268052231895e-10,99.98912638743096
1584186.5539550781,4.47009744389555e-08,4.342511653407933e-10,99.9891459648487
1588172.9125976562,0.0,0.0,99.98926837131275
1597623.8250732422,2.6662838894571255e-08,2.590182654088008e-10,99.9893482346074
1597628.5934448242,2.8789427851519913e-08,2.796771826773031e-10,99.98934836304241
1597661.9720458984,2.0792489137338536e-08,2.0199028660002572e-10,99.98934917025196
1605339.0502929688,3.6608390124959314e-08,3.556351124900765e-10,99.98956504455984
1611709.5947265625,3.2202434199590164e-08,3.1283310383040944e-10,99.98974617298634
1611714.3630981445,2.9616077009257607e-08,2.877077315541693e-10,99.98974631616645
1612014.7705078125,3.446592938677201e-08,3.348220075425488e-10,99.98975470137655
1614456.1767578125,2.4435925194544106e-11,2.373847354581109e-13,99.98982154641499
1625924.1104125977,2.286946286468692e-08,2.2216721278124214e-10,99.99011044441478
1625928.8787841797,2.4322431132229016e-08,2.3628218837858597e-10,99.99011055371764
1632866.8594360352,9.36860540434857e-09,9.101206104605632e-11,99.99025301915779
1636548.0422973633,2.958597329558855e-08,2.8741528663756627e-10,99.9903299268424
1640262.6037597656,2.1313685286747788e-08,2.0705348797522578e-10,99.99041838313182
1640267.3721313477,2.410370309525318e-08,2.3415733749688605e-10,99.99041848832468
1641473.7701416016,1.8388931910593748e-08,1.7864073908395153e-10,99.99044520971009
1649475.09765625,3.117652670315251e-08,3.0286684400159317e-10,99.99063897598813
1654725.0747680664,2.3865475147184443e-08,2.318430531806265e-10,99.99076970280272
1654729.8431396484,2.2842595016057265e-08,2.2190620293248456e-10,99.99076981098499
1667451.8585205078,3.600857091224534e-08,3.498081211239141e-10,99.99108354439532
1668930.0537109375,0.0,0.0,99.99111739117939
1669316.291809082,2.1996489579891317e-08,2.1368664449404377e-10,99.99112619812618
1669321.060180664,2.292461758138573e-08,2.2270301765576914e-10,99.99112630216958
1671786.3082885742,1.8029832942708948e-08,1.7515224364881053e-10,99.99118322846992
1677365.3030395508,3.045421815850451e-08,2.958499202949891e-10,99.99131760287831
1684041.0232543945,2.4467491624426714e-08,2.376913900475067e-10,99.9914811355145
1684045.7916259766,2.3870085607186087e-08,2.3188784186037227e-10,99.99148124747092
1686406.135559082,2.8609195106128723e-08,2.7792629736213897e-10,99.99153594657137
1698856.3537597656,1.614612836389886e-09,1.5685284595619095e-11,99.99176186475363
1698889.7323608398,6.803085534028811e-09,6.608911456951529e-11,99.99176203696008
1698894.5007324219,3.6397155571836427e-09,3.535830576522312e-11,99.99176206114703
1699571.6094970703,0.0,0.0,99.99176562639066
1707911.491394043,2.3890612347087163e-08,2.3208725050491676e-10,99.9918817490381
1713871.955871582,1.7757159700686058e-08,1.7250333778955698e-10,99.99197950055101
1713876.724243164,2.070247283189183e-08,2.011158160536781e-10,99.99197958962877
1714081.7642211914,1.6360960502824414e-08,1.5893984982695617e-10,99.99198353205794
1725397.1099853516,3.514358810674727e-08,3.4140517698227705e-10,99.99225022268512
1728987.693786621,2.60682748746616e-08,2.5324232603038607e-10,99.99234617633955
1728992.4621582031,2.8488078755627506e-08,2.7674970295883793e-10,99.99234630269949
1737227.439880371,1.8579996991437993e-08,1.8049685598193664e-10,99.99254412096681
1744208.3358764648,6.88904925042153e-08,6.69242159177318e-10,99.99277975489743
1744232.177734375,6.069798632291804e-08,5.896554074131407e-10,99.99278113356556
1744236.946105957,6.639882667447519e-08,6.450366736418273e-10,99.9927814279391
1745581.6268920898,8.269120950158622e-08,8.033103201931576e-10,99.99286593082087
1748542.7856445312,0.0,0.0,99.99299298318536
1759614.9444580078,3.178745083667444e-08,3.0880171500264935e-10,99.99321932905717
1759619.7128295898,3.300395109771043e-08,3.206195033757791e-10,99.99321947912287
1759777.0690917969,4.034684232412082e-08,3.9195260320325364e-10,99.99322447074282
1764297.4853515625,0.0,0.0,99.99334500476195
1775131.2255859375,1.8363074699344095e-08,1.7838954715226425e-10,99.99358815726754
1775135.9939575195,2.062545801618577e-08,2.0036764951170404e-10,99.99358824757029
1775302.8869628906,2.5915514497207145e-08,2.517583232147855e-10,99.99359139077649
1790719.0322875977,9.52255484462906e-09,9.250761510688917e-11,99.99384848688327
1790785.789489746,1.2369220816195997e-08,1.2016177770634342e-10,99.99384926727686
1790790.5578613281,1.092112781496004e-08,1.0609416327061537e-10,99.99384932122048
1794147.4914550781,1.9348393345532865e-08,1.8796150337267732e-10,99.99389055416835
1805191.0400390625,0.0,0.0,99.99405466613942
1806578.6361694336,1.608695094729982e-08,1.5627796224409014e-10,99.99407479952548
1806583.4045410156,1.4689688325729075e-08,1.4270414356743388e-10,99.99407487080836
1811127.6626586914,1.8141633788918993e-08,1.7623834184604555e-10,99.9941419890073
1812596.321105957,3.845361329057449e-09,3.735606794388792e-11,99.99416303228924
1822509.765625,1.1716870605453966e-08,1.138244697889982e-10,99.99429034210576
1822514.533996582,1.1835421972862264e-08,1.1497614646038937e-10,99.99429039665608
1829271.3165283203,2.400189612965266e-09,2.331683256463232e-11,99.99435192536403
1837849.6170043945,1.634139948109893e-08,1.5874982272830426e-10,99.99443285563791
1838579.1778564453,1.3741121714726678e-08,1.3348921791086506e-10,99.9944428086512
1838583.9462280273,1.3262418536369222e-08,1.288388178767909e-10,99.99444287119506
1840500.831604004,1.1453850146441723e-08,1.1126933665671014e-10,99.99446953493582
1848139.762878418,2.1405302718344832e-08,2.0794351278868657e-10,99.99459445989947
1854796.4096069336,1.4890457160013419e-08,1.4465452834866833e-10,99.99470405760886
1854801.1779785156,1.545510138796255e-08,1.5013980953252057e-10,99.99470412789331
1859660.1486206055,0.0,0.0,99.99477603578102
1865224.838256836,1.9562441315175955e-08,1.9004088936868682e-10,99.99485859048822
1871151.9241333008,1.4675043197993638e-08,1.4256187231125885e-10,99.9949398811765
1871156.6925048828,1.576553408743241e-08,1.5315553263915592e-10,99.99493995168103
1875000.0,0.0,0.0,99.9949995721762
1884770.393371582,3.465364052824177e-08,3.3664554233018547e-10,99.99524216180868
1887650.489807129,2.887379748688579e-08,2.80496798198818e-10,99.99532300403855
1887655.258178711,2.893916855137623e-08,2.811318505951211e-10,99.99532313794126
1888551.7120361328,3.128296361903279e-08,3.0390083387175605e-10,99.99534672146582
1900558.4716796875,0.0,0.0,99.99558276409024
1904296.875,8.183643829835802e-09,7.950065774725488e-11,99.9956305274735
1904301.643371582,7.21948444614915e-09,7.013425486241492e-11,99.99563056314923
1905016.8991088867,0.0,0.0,99.99563359394692
1920652.3895263672,1.5750232132513136e-08,1.5300688058315298e-10,99.99571356293579
1921091.079711914,1.4255656676284706e-08,1.3848770864780156e-10,99.99571921079645
1921095.848083496,1.4097986834642404e-08,1.3695601245254814e-10,99.99571927646736
1921448.7075805664,1.5749079292571562e-08,1.5299568122800773e-10,99.99572376763236
1937704.086303711,7.772648905711732e-09,7.550801492480909e-11,99.99589634698035
1938033.103942871,9.98755282577645e-09,9.702487491450531e-11,99.9958992831016
1938037.8723144531,9.002426745337897e-09,8.745478938936199e-11,99.99589932708498
1953907.0129394531,1.2459090667424565e-08,1.2103482551156084e-10,99.99603106895748
1955027.5802612305,0.0,0.0,99.9960420193439
1955122.947692871,9.863688779222022e-09,9.582158779973467e-11,99.99604279196821
1955127.7160644531,1.0297574831429698e-08,1.0003660830345106e-10,99.99604283866445
1961812.973022461,3.978138213725471e-09,3.864593953217171e-11,99.99609946196854
1968140.6021118164,1.174951421071278e-08,1.141415886841114e-10,99.99615711908062
1972365.379333496,6.566259568573583e-09,6.378844992466881e-11,99.99619371020101
1972370.1477050781,6.866604921475807e-09,6.670617870216097e-11,99.99619374131335
1974601.7456054688,4.359785242145727e-09,4.235347989164804e-11,99.99620858936254
1983103.7521362305,1.0268740040957002e-08,9.975649044198866e-11,99.99626399120817
1989760.398864746,8.16382370035395e-09,7.930811352573118e-11,99.99631784360471
1989765.1672363281,8.227542716383176e-09,7.992711696608899e-11,99.99631788156934
1995925.9033203125,0.0,0.0,99.99636894705061
2006344.7952270508,1.051499341806427e-08,1.0214873842584347e-10,99.9964567619252
2007303.237915039,9.343033858672752e-09,9.076364423526723e-11,99.99646489711378
2007308.006286621,8.854570664454116e-09,8.601842975218704e-11,99.9964649392619
2008638.3819580078,1.0624400437832778e-08,1.0321158160604794e-10,99.99647599852386
2009506.2255859375,8.902066333826005e-10,8.647983020334611e-12,99.99648307462343
2025008.201599121,7.0346612484879785e-09,6.83387752342028e-11,99.99659746617434
2025012.9699707031,6.382570387071361e-09,6.200398678647104e-11,99.99659749725048
2035684.585571289,1.0119075064906653e-08,9.830255814909601e-11,99.99666946717177
2036819.4580078125,2.987796406254926e-09,2.902518541265949e-11,99.99667799348322
2042865.7531738281,7.641976102180636e-09,7.423858359978911e-11,99.99672276681103
2042870.5215454102,7.340384593321744e-09,7.130874894131401e-11,99.99672280151222
2050395.0119018555,0.0,0.0,99.99677674414121
2056570.053100586,9.410128051380516e-09,9.14154360974499e-11,99.9968209770928
2060880.6610107422,6.424835807849751e-09,6.241457757239896e-11,99.99684788719414
2060885.4293823242,6.077009753255873e-09,5.903559374846578e-11,99.99684791615012
2063312.5305175781,0.0,0.0,99.9968581627474
2078566.551208496,9.041949654423367e-09,8.783873782769998e-11,99.99689914781085
2079052.9251098633,7.59310803920302e-09,7.376385092198235e-11,99.99690277928485
2079057.6934814453,8.184240940057245e-09,7.950645842191025e-11,99.99690281582735
2091293.3349609375,0.0,0.0,99.99699508873815
2097344.398498535,2.5007744213024246e-08,2.4293971671423836e-10,99.99709050763732
2097387.3138427734,2.0705068987409118e-08,2.011410366125795e-10,99.99709138520434
2097392.0822143555,2.2206268762741767e-08,2.157245610218244e-10,99.99709148459284
2098073.959350586,2.3822719370993063e-08,2.31427698798106e-10,99.99710489882145
2108769.416809082,5.850193612419151e-09,5.683217033963259e-11,99.9972488131815
2115883.8272094727,8.282716927710593e-09,8.046311122273343e-11,99.99730834692934
2115888.5955810547,7.961780951778984e-09,7.734535320297463e-11,99.9973083845538
2119517.3263549805,9.976333850771922e-09,9.691588729106327e-11,99.99733673217655
2132186.8896484375,0.0,0.0,99.99741562350039
2134542.465209961,3.014583490536897e-09,2.9285410669748984e-11,99.99742234752324
2134547.233581543,2.3569496532104283e-09,2.2896774542441557e-11,99.99742235996445
2135200.5004882812,0.0,0.0,99.99742340487556
2144298.553466797,7.478792276154463e-09,7.265332136544104e-11,99.99745460706563
2153363.2278442383,6.171537305779484e-09,5.995388916272453e-11,99.99750669494624
2153367.9962158203,6.0628472599677865e-09,5.889801108294958e-11,99.99750672328274
2159347.5341796875,3.6049703908031002e-09,3.502077108773382e-11,99.99754201992351
2167229.652404785,8.214419730668768e-09,7.979963267943178e-11,99.99759008591599
2172355.6518554688,5.5340091191359935e-09,5.376057097531888e-11,99.99762101120379
2172360.420227051,5.8223667839744115e-09,5.656184440532062e-11,99.9976210375067
2186655.9982299805,0.0,0.0,99.99770267383809
2187500.0,2.7144272366203242e-08,2.636951890936693e-10,99.9977071985955
2191510.2005004883,7.682368850297022e-09,7.463098215845616e-11,99.99773356356226
2191514.9688720703,7.152799306769593e-09,6.948643678126702e-11,99.99773359792252
2196016.311645508,1.2146795591124783e-08,1.1800101019734279e-10,99.99777450830342
2200241.0888671875,2.2745277438935903e-09,2.2096080360274947e-11,99.99781430434697
2210836.410522461,9.179607799601953e-09,8.91760288087744e-11,99.99791414663788
2210841.178894043,9.638969610492261e-09,9.363853559292929e-11,99.99791419022426
2210903.1677246094,1.0502902496639384e-08,1.0203128020967034e-10,99.99791471953348
2221713.066101074,0.0,0.0,99.99797538855617
2230334.2819213867,0.0,0.0,99.99797579663769
2230339.0502929688,0.0,0.0,99.99797579663769
2249770.164489746,9.509346267809964e-09,9.237929933864973e-11,99.99809814820337
2250003.8146972656,8.036845793433908e-09,7.80745765672055e-11,99.99809994483883
2250008.5830688477,7.715563356894461e-09,7.49534528283637e-11,99.99809998132355
2262883.186340332,1.3688368250955186e-08,1.3297674019855439e-10,99.99821434817537
2268371.58203125,4.2923359380025575e-09,4.169823827123111e-11,99.99826389176444
2269845.0088500977,7.612461694457879e-09,7.395186354259097e-11,99.99827479386354
2269849.7772216797,8.764959319558783e-09,8.514789322726865e-11,99.99827483179588
2275276.1840820312,1.1780208909102336e-08,1.1443977476870451e-10,99.9983232795991
2282028.1982421875,0.0,0.0,99.99838168906685
2289862.632751465,6.444323318272743e-09,6.26038905396662e-11,99.99844154323053
2289867.401123047,6.744546332809579e-09,6.552043085139442e-11,99.99844157377775
2290601.7303466797,0.0,0.0,99.99844473823865
2309947.0138549805,9.662980457265342e-09,9.387179087031186e-11,99.9985300931405
2310051.918029785,8.060176431169476e-09,7.830122389988614e-11,99.99853086209048
2310056.686401367,7.62839357652146e-09,7.410663507585205e-11,99.99853089842733
2322921.7529296875,3.665334687731157e-10,3.560718484302642e-12,99.99862353901534
2324123.3825683594,9.284807786367748e-09,9.019800243284535e-11,99.99863190839592
2330427.1697998047,6.192075913580148e-09,6.015341309892185e-11,99.99867590168802
2330431.9381713867,7.308324355788374e-09,7.099729721828767e-11,99.99867593295679
2336497.3068237305,0.0,0.0,99.99871598498144
2349514.961242676,8.951974799443067e-09,8.696466995519933e-11,99.99879999387666
2350974.0829467773,6.770297925696145e-09,6.577059674510764e-11,99.99880958504679
2350978.8513183594,6.421099595500648e-09,6.237828184088703e-11,99.99880961559985
2351708.41217041,5.458245991133959e-09,5.30245640529267e-11,99.99881464182269
2359409.3322753906,1.0724813855873323e-08,1.04187055728195e-10,99.99887611383036
2371706.962585449,9.034121257360346e-09,8.776268824287471e-11,99.99897839485642
2371711.7309570312,8.16796693101939e-09,7.93483632689935e-11,99.9989784346988
2372264.862060547,9.232254079930725e-09,8.968746527902064e-11,99.9989826702653
2377390.8615112305,0.0,0.0,99.99901966740009
2392621.0403442383,7.642152199809244e-09,7.424029431418398e-11,99.99905628836049
2392625.8087158203,6.540095074992579e-09,6.353427287437611e-11,99.99905632120851
2397007.942199707,9.906296807903378e-09,9.623550687733823e-11,99.9990887865644
2412004.4708251953,4.9864209651165e-09,4.844098237586876e-11,99.99920246065263
2413721.0845947266,6.45307547025395e-09,6.268891401498818e-11,99.9992136852146
2413725.8529663086,5.77628211074121e-09,5.6114151188180655e-11,99.99921371353946
2431864.7384643555,0.0,0.0,99.99935044038229
2434558.868408203,1.1598057701418948e-08,1.1267025239928136e-10,99.99937606388781
2435007.095336914,9.428272178495628e-09,9.15916986609112e-11,99.99938037903392
2435011.863708496,9.09095009296726e-09,8.831475647845566e-11,99.99938042192696
2445225.715637207,2.078606025445703e-08,2.0192783270683494e-10,99.99951546409224
2450022.6974487305,0.0,0.0,99.99958811068956
2456483.840942383,5.6615679197158806e-09,5.499975107142473e-11,99.9996049748562
2456488.609313965,7.721761373996826e-09,7.501366395761279e-11,99.99960500585381
2461600.3036499023,1.335710421012606e-08,1.2975864937232432e-10,99.99965552630655
2472763.0615234375,0.0,0.0,99.99976708016432
2478141.7846679688,9.156659529633925e-09,8.895309601813065e-11,99.9998179316944
2478146.553039551,1.0076709964913422e-08,9.789099902152122e-11,99.99981797624152
2486343.3837890625,1.5069847791722837e-09,1.4639723288360902e-11,99.99988982035075
2499995.231628418,2.4609427120468793e-07,2.390702336931563e-09,99.99999832095567
2500000.0,4.788390560047047e-07,4.651720028266729e-09,100.0
