frequency_hz,density,normalised_density_per_hz,cumulative_variance_pct
0.0,7.442027203289509e-08,7.356971576413323e-07,0.0
4.76837158203125,7.070715511769809e-08,6.989903641040432e-07,0.0003420561603892745
9.5367431640625,4.1996019016597317e-08,4.151604257655125e-07,0.0006076904086148575
14.30511474609375,4.0740165337388326e-08,4.027454216682543e-07,0.0008026943585988755
19.073486328125,4.0551204885517653e-08,4.008774136168133e-07,0.0009942929731211103
23.84185791015625,3.7237583767137585e-08,3.6811991929839765e-07,0.0011776362245676463
28.6102294921875,4.0984813178393e-08,4.051639390471033e-07,0.0013620014633165542
33.37860107421875,3.842268084598955e-08,3.7983544423030136e-07,0.0015491599008731558
38.14697265625,3.6574744284683544e-08,3.6156728101996807e-07,0.0017259240851693514
42.91534423828125,3.8975701486538456e-08,3.8530244538811734e-07,0.0019039917041135397
47.6837158203125,4.027949234155952e-08,3.981913424587136e-07,0.002090791179746882
52.45208740234375,3.5684297961096206e-08,3.527645877295456e-07,0.0022698330255902593
57.220458984375,3.513307702064687e-08,3.4731537788331304e-07,0.002436745096249148
61.98883056640625,3.8647545769619364e-08,3.8205839344358243e-07,0.0026106413544428548
66.7572021484375,3.689664541420232e-08,3.647495019331598e-07,0.002788694231720406
71.52557373046875,3.4385181508176114e-08,3.3992190043815897e-07,0.0029567009862072812
76.2939453125,3.3724496057188314e-08,3.333905562881153e-07,0.0031172311854313424
81.06231689453125,3.341653949224764e-08,3.303461872833407e-07,0.0032754783567311464
85.8306884765625,3.326520458789538e-08,3.2885013444796983e-07,0.003432643007107302
90.59906005859375,3.562931712926945e-08,3.5222106322211274e-07,0.0035950230343228026
95.367431640625,3.188194424706927e-08,3.1517562516138826e-07,0.0037541428044642854
100.13580322265625,2.9594858554843667e-08,2.925661614078993e-07,0.0038990397376787796
104.9041748046875,2.8866874799733148e-08,2.8536952580292407e-07,0.004036830343035669
109.67254638671875,3.055886337666815e-08,3.020960326109409e-07,0.004176893046743809
114.44091796875,3.0220277397509995e-08,2.9874887012846893e-07,0.004320145634715356
119.20928955078125,3.1193643894653805e-08,3.083712881300515e-07,0.004464894360191268
123.9776611328125,3.042243963472001e-08,3.0074738718887526e-07,0.004610119569265032
128.74603271484375,2.985148670748616e-08,2.951031126620733e-07,0.004752181398796452
133.514404296875,3.222854769767477e-08,3.1860204603400257e-07,0.004898500110720069
138.28277587890625,3.206071470414358e-08,3.1694289788892784e-07,0.005050025833205357
143.0511474609375,2.8778020981156612e-08,2.844911428034177e-07,0.005193418882610537
147.81951904296875,2.8555260687488472e-08,2.822889993496211e-07,0.005328549798765646
152.587890625,2.8157103950536527e-08,2.783529376869895e-07,0.005462217252778662
157.35626220703125,2.7390219030311593e-08,2.7077173648151555e-07,0.005593138777343526
162.1246337890625,2.7228664173433795e-08,2.691746521688485e-07,0.005721872028116566
166.89300537109375,2.6633493598398078e-08,2.6329096902170833e-07,0.00584882172494125
171.661376953125,2.5783140848690407e-08,2.54884629137921e-07,0.00597236441477957
176.42974853515625,2.7389242585504066e-08,2.7076208363223313e-07,0.006097688357147638
181.1981201171875,2.879667767044704e-08,2.846755774058053e-07,0.006230115015071822
185.96649169921875,2.676970734395311e-08,2.646375384805276e-07,0.006361081467643293
190.73486328125,2.6642041516903124e-08,2.6337547125713596e-07,0.006486969579172087
195.50323486328125,2.4721338028585538e-08,2.4438795537702143e-07,0.006608029813869943
200.2716064453125,2.4891527406984078e-08,2.460703980573331e-07,0.006724964197604253
205.03997802734375,2.4144478525883675e-08,2.386852901635892e-07,0.006840538960001286
209.808349609375,2.3481458521190514e-08,2.3213086729482445e-07,0.006952790279280579
214.57672119140625,2.3118330329013492e-08,2.285410876347073e-07,0.007062623032206817
219.3450927734375,2.486556503213959e-08,2.458137415730587e-07,0.007175718036576496
224.11346435546875,2.565050528458877e-08,2.5357343253992153e-07,0.007294781217050059
228.8818359375,2.3648249407468036e-08,2.3377971347077785e-07,0.007410975261642605
233.65020751953125,2.0847501560560904e-08,2.0609233509988344e-07,0.007515848930449317
238.4185791015625,2.022836483613901e-08,1.9997172957257207e-07,0.007612662147772728
243.18695068359375,2.0521441770283117e-08,2.0286900287634002e-07,0.007708706862807431
247.955322265625,2.250013049570466e-08,2.2242974394036257e-07,0.0078101059857171445
252.72369384765625,2.416261682597488e-08,2.3886460012117237e-07,0.007920087127775883
257.4920654296875,2.2231936138866634e-08,2.1977845255655837e-07,0.008029436152710111
262.26043701171875,2.4249177099879403e-08,2.397203098053302e-07,0.008138989194731359
267.02880859375,2.410247946119963e-08,2.382700996292414e-07,0.008252950988972923
271.79718017578125,2.5816283071659294e-08,2.552122635118635e-07,0.008370606352804707
276.5655517578125,2.1173781258717586e-08,2.0931784126873806e-07,0.008481358960336399
281.33392333984375,2.1050181034737494e-08,2.080959654144575e-07,0.008580878167023178
286.102294921875,2.3515905502845268e-08,2.3247140013353166e-07,0.008685917612315647
290.87066650390625,2.4316303848719368e-08,2.403839053146484e-07,0.008798655102361238
295.6390380859375,2.773095254051698e-08,2.7414012883112226e-07,0.008921327191495878
300.40740966796875,3.5433658116368604e-08,3.502868351451926e-07,0.009070202180999814
305.17578125,5.493178463143911e-08,5.430396411296674e-07,0.00928318781014707
309.94415283203125,1.0200728842580515e-07,1.0084143755936897e-06,0.009653083272355666
314.7125244140625,3.719876509241904e-07,3.6773616917395286e-06,0.010770259344317358
319.48089599609375,2.6967106129255253e-06,2.6658896544124125e-05,0.018002986928170046
324.249267578125,0.00016894654378274196,0.0016701563788875998,0.42255527389442804
329.01763916015625,0.0029472540999343246,0.029135696564103187,7.767242960573979
333.7860107421875,0.0023950786621834055,0.02367705083524658,20.358783153976688
338.55438232421875,6.484206009554173e-05,0.000641009741093293,26.156660603093364
343.32275390625,1.9453422002048477e-06,1.9231087017497516e-05,26.314074283196376
348.09112548828125,3.111888144727947e-07,3.0763220832653647e-06,26.31939278397762
352.8594970703125,1.2929395341027476e-07,1.2781624069058055e-06,26.320430973982482
357.62786865234375,7.922999549405793e-08,7.832446844476608e-07,26.320922451732155
362.396240234375,5.811373208222057e-08,5.744954478790605e-07,26.32124616220529
367.16461181640625,4.277110203504747e-08,4.228226709849037e-07,26.3214839413741
371.9329833984375,3.760466498621927e-08,3.7174877743240904e-07,26.32167338196983
376.70135498046875,3.3650830520989194e-08,3.326623202293454e-07,26.321841326662838
381.4697265625,2.8250169656850677e-08,2.792729581832723e-07,26.32198722340242
386.23809814453125,2.6742039020383793e-08,2.643640174834846e-07,26.322116836557708
391.0064697265625,2.5215027603394637e-08,2.492684268805879e-07,26.322239296075274
395.77484130859375,2.360386721205172e-08,2.333409639993538e-07,26.322354359120503
400.543212890625,2.2740627405264262e-08,2.2480722641860877e-07,26.32246359016108
405.31158447265625,2.2667805937855333e-08,2.2408733457832716e-07,26.32257061496448
410.0799560546875,2.0028266314431763e-08,1.9799361380321312e-07,26.322671246904463
414.84832763671875,1.7567515944300364e-08,1.7366735156957989e-07,26.322759857783733
419.61669921875,1.7457133728133974e-08,1.7257614509492647e-07,26.32284240866623
424.38507080078125,1.699207948570999e-08,1.679787541562164e-07,26.322923603281417
429.1534423828125,1.534235787750052e-08,1.5167008630395812e-07,26.322999813503774
433.92181396484375,1.5341628150774425e-08,1.5166287243784908e-07,26.323072133716792
438.690185546875,1.4753586986177742e-08,1.4584966856809363e-07,26.323143066234078
443.45855712890625,1.5097101129966765e-08,1.492455494523166e-07,26.323213422416664
448.2269287109375,1.5882153529324136e-08,1.57006349070886e-07,26.32328643855916
452.99530029296875,1.62895849294476e-08,1.6103409735528047e-07,26.32336226531049
457.763671875,1.3219968936046235e-08,1.306887667120715e-07,26.323431817461234
462.53204345703125,1.284610199444248e-08,1.2699282689943063e-07,26.32349325354064
467.3004150390625,1.2374049312048165e-08,1.2232625141928514e-07,26.323552695841034
472.06878662109375,1.2302331788182888e-08,1.2161727284369707e-07,26.32361085650947
476.837158203125,1.1727469076303306e-08,1.1593434732339184e-07,26.323667493229213
481.60552978515625,1.1420438281190118e-08,1.1289913020979023e-07,26.323722051381782
486.3739013671875,1.0616662186301947e-08,1.0495323358463552e-07,26.32377399143281
491.14227294921875,1.1277894199505518e-08,1.1148998088972862e-07,26.32382559551646
495.91064453125,1.572483092294107e-08,1.5545110355528797e-07,26.323889239230517
500.67901611328125,1.2956778057164088e-08,1.2808693825563784e-07,26.323956839967572
505.4473876953125,9.916880641250981e-09,9.803539682321798e-08,26.3240107517334
510.21575927734375,1.0125561019410087e-08,1.0009835032867294e-07,26.32405799049987
514.984130859375,9.800213085727134e-09,9.688205531232001e-08,26.324104954288295
519.7525024414062,9.762418772129128e-09,9.650843172388744e-08,26.324151062173428
524.5208740234375,9.02877742600363e-09,8.925586682014567e-08,26.324195351833534
529.2892456054688,9.010162095134252e-09,8.907184107507582e-08,26.324237868472267
534.0576171875,9.122675054077668e-09,9.018411145290915e-08,26.324280606421762
538.8259887695312,1.2073858214493568e-08,1.1935864956582068e-07,26.324330565309108
543.5943603515625,1.2946698992680792e-08,1.2798729955653756e-07,26.32438953717884
548.3627319335938,8.578689408594976e-09,8.480642762769547e-08,26.324440271156917
553.131103515625,8.257958452765163e-09,8.163577471114496e-08,26.324479954070302
557.8994750976562,8.604440807864377e-09,8.506099846881536e-08,26.324519697678106
562.6678466796875,8.46119799495468e-09,8.364494169514983e-08,26.324559920308644
567.4362182617188,8.068198280600019e-09,7.975986085754177e-08,26.32459887904949
572.20458984375,7.982545444239737e-09,7.891312183693829e-08,26.32463670963656
576.9729614257812,8.979863182156675e-09,8.877231483648087e-08,26.324676688960107
581.7413330078125,1.0333204399139116e-08,1.0215105236935027e-07,26.32472220863804
586.5097045898438,1.2627246414052191e-08,1.248292843050699e-07,26.32477632496739
591.278076171875,1.0104340205432897e-08,9.988856753563298e-08,26.324829901878328
596.0464477539062,9.106552007528028e-09,9.002472370552433e-08,26.32487518073538
600.8148193359375,8.807881261172228e-09,8.707215160168343e-08,26.32491740392075
605.5831909179688,9.641554131006061e-09,9.531359904584676e-08,26.32496088807227
610.3515625,9.84947029574837e-09,9.736899775980189e-08,26.325006827183216
615.1199340820312,1.1470171500831435e-08,1.1339077834988701e-07,26.32505707622957
619.8883056640625,1.3296207667982979e-08,1.314424406352634e-07,26.325115449017755
624.6566772460938,1.534129404156754e-08,1.5165956953143482e-07,26.32518294579676
629.425048828125,1.9846804711170635e-08,1.96199737187427e-07,26.325265881918398
634.1934204101562,2.630409314645374e-08,2.600346119888544e-07,26.325374656663662
638.9617919921875,3.530073950410843e-08,3.4897284041544723e-07,26.32551985535513
643.7301635742188,5.4454835028547926e-08,5.383246561181897e-07,26.32573140356349
648.49853515625,1.3087522699729602e-07,1.2937944175347192e-06,26.32616821478978
653.2669067382812,1.1356055112179398e-06,1.122626569324527e-05,26.32915322973166
658.0352783203125,0.00026551467830420513,0.0026248008614388483,26.95763107185567
662.8036499023438,0.000674806810179782,0.006670943798577335,29.173909305387664
667.572021484375,0.00010423197002210055,0.0010304069306105279,31.010054403403416
672.3403930664062,5.060403048134826e-07,5.0025672270946915e-06,31.25691526466612
677.1087646484375,1.2160827268434647e-07,1.2021840033049037e-06,31.25839459263815
681.8771362304688,7.039362684635639e-08,6.958909148308083e-07,31.258847128963158
686.6455078125,4.833452776394884e-08,4.778210791295585e-07,31.259126963709033
691.4138793945312,3.487435450364489e-08,3.4475772235241104e-07,31.259323081778078
696.1822509765625,3.008337314229047e-08,2.9739547449200194e-07,31.259476183030838
700.9506225585938,2.5031579063462372e-08,2.474549079869461e-07,31.259606085484855
705.718994140625,2.3382505093039637e-08,2.3115264249342507e-07,31.259720194416985
710.4873657226562,2.079272247640162e-08,2.0555080501119515e-07,31.25982431263242
715.2557373046875,1.92885967948357e-08,1.906814561303653e-07,31.259918781765123
720.0241088867188,1.9885297776451678e-08,1.9658026843170476e-07,31.26001111215523
724.79248046875,1.84623346474994e-08,1.8251326893275272e-07,31.260101495097754
729.5608520507812,1.5946538932902383e-08,1.5764284443850802e-07,31.260182594634976
734.3292236328125,1.4272754005591628e-08,1.4109629361454534e-07,31.26025381959579
739.0975952148438,1.4749705652822988e-08,1.458112988357754e-07,31.260322223696317
743.865966796875,1.442724030705817e-08,1.4262350024492715e-07,31.260390991911287
748.6343383789062,1.506855825016776e-08,1.4896338284682843e-07,31.260460511641636
753.4027099609375,1.4278398941351166e-08,1.4115209780713852e-07,31.26052968056231
758.1710815429688,1.2546136134997086e-08,1.2402745168438343e-07,31.26059290429371
762.939453125,1.3580764999009397e-08,1.342554916212851e-07,31.260654483746052
767.7078247070312,1.57322178949105e-08,1.5552412901102781e-07,31.26072357259146
772.4761962890625,1.2888437178953843e-08,1.274113402166013e-07,31.26079102966401
777.2445678710938,1.1725740204139159e-08,1.1591725619617149e-07,31.26084904372222
782.012939453125,1.172281221520275e-08,1.1588831094940904e-07,31.260904310476167
786.7813110351562,1.1309834508639091e-08,1.1180573349317743e-07,31.260958596966717
791.5496826171875,1.1159276897195293e-08,1.1031736474935572e-07,31.261011555240188
796.3180541992188,1.1254491266628658e-08,1.1125862630410756e-07,31.261064383073133
801.08642578125,1.1058737343199445e-08,1.0932345996931705e-07,31.261116973940716
805.8547973632812,1.0538642805190613e-08,1.0418195668176188e-07,31.261167877598783
810.6231689453125,1.2917516748140674e-08,1.2769881237723421e-07,31.261223162282263
815.3915405273438,1.2850286227984633e-08,1.270341910148763e-07,31.261283895362986
820.159912109375,1.0155045137713098e-08,1.0038982174416974e-07,31.261338117472963
824.9282836914062,1.0481839253963658e-08,1.0362041330063674e-07,31.26138675730332
829.6966552734375,1.1051755920425732e-08,1.0925444365493644e-07,31.26143751062424
834.4650268554688,1.042451000146212e-08,1.0305367298965749e-07,31.261488128823743
839.2333984375,9.703152261249558e-09,9.59225402402048e-08,31.261535568449776
844.0017700195312,1.0578414989957624e-08,1.045751329291336e-07,31.261583370820123
848.7701416015625,1.0087019586547786e-08,9.971734093655883e-08,31.261632077941464
853.5385131835938,1.1073689715316998e-08,1.094712747698598e-07,31.26168195239399
858.306884765625,1.3574807423822503e-08,1.3419659676627175e-07,31.26174004734169
863.0752563476562,1.0433168339663063e-08,1.0313926680207349e-07,31.26179663262106
867.8436279296875,9.78742136850573e-09,9.675560011746425e-08,31.261844291271196
872.6119995117188,9.945559773329575e-09,9.831891037910118e-08,31.261890800658808
877.38037109375,1.0430072854142256e-08,1.0310866573280877e-07,31.261938824735303
882.1487426757812,1.0100846064331493e-08,9.985402547328249e-08,31.261987214811747
886.9171142578125,9.950317232393673e-09,9.836594123528382e-08,31.26203447413456
891.6854858398438,1.0055883943884435e-08,9.940954303172669e-08,31.262081627484502
896.453857421875,1.0223757840608781e-08,1.0106909553386864e-07,31.262129425316648
901.2222290039062,1.3304446171268594e-08,1.3152388408185235e-07,31.262184879804355
905.9906005859375,1.2413644690312002e-08,1.2271767980900617e-07,31.26224549571677
910.7589721679688,1.063200706719389e-08,1.0510492861272622e-07,31.26229981285935
915.52734375,1.0738375314823532e-08,1.0615645416224083e-07,31.262350181498057
920.2957153320312,1.08022774451735e-08,1.0678817203133054e-07,31.262400951453255
925.0640869140625,1.1741663960418867e-08,1.1607467381792886e-07,31.2624540860963
929.8324584960938,1.1903173824497695e-08,1.1767131334487535e-07,31.262509815482424
934.600830078125,1.293313527234307e-08,1.2785321256347885e-07,31.26256835309103
939.3692016601562,1.3950542481569524e-08,1.379110042315992e-07,31.262631716217975
944.1375732421875,1.6002214917774067e-08,1.581932410266967e-07,31.262702312971392
948.9059448242188,1.9500308398221365e-08,1.9277437544651182e-07,31.26278599017182
953.67431640625,1.8766886498626533e-08,1.8552397992732692e-07,31.26287618352818
958.4426879882812,2.0944247580729628e-08,2.0704873810818984e-07,31.26296978015781
963.2110595703125,2.7047147360939113e-08,2.67380229770642e-07,31.263082892838217
967.9794311523438,3.7778449803841675e-08,3.734667635788384e-07,31.26323568266779
972.747802734375,5.39887909206469e-08,5.337174796573628e-07,31.263451972246042
977.5161743164062,1.0290528221471913e-07,1.0172916809304878e-06,31.263821761646284
982.2845458984375,3.978924009867337e-07,3.933448514184873e-06,31.265002110089103
987.0529174804688,3.112232775883802e-05,0.0003076662775599417,31.33929327402813
991.8212890625,0.0002883706337770743,0.0028507481875804964,32.09231796302073
996.5896606445312,0.00015435667814934543,0.0015259252119803586,33.13579821613564
1001.3580322265625,1.9187296934123415e-06,1.8968003517932997e-05,33.50412946143839
1006.1264038085938,1.9194995543051833e-07,1.8975614138737938e-06,33.50910419978158
1010.894775390625,7.57290916577054e-08,7.486357676670056e-07,33.50973510235362
1015.6631469726562,4.882018614298322e-08,4.826221565682751e-07,33.510028657118426
1020.4315185546875,3.4006097747591016e-08,3.3617438867083877e-07,33.51022387342732
1025.1998901367188,2.6784575174431836e-08,2.647845175270252e-07,33.51036715319583
1029.96826171875,2.1326141885589705e-08,2.108240340985187e-07,33.51048054711092
1034.7366333007812,2.0643862299891345e-08,2.0407921661527812e-07,33.51057946775442
1039.5050048828125,2.0605340994826966e-08,2.0369840620071835e-07,33.51067668951584
1044.2733764648438,1.5352886660122404e-08,1.517741707857364e-07,33.51076144078255
1049.041748046875,1.345038771502559e-08,1.3296661972351127e-07,33.51082932827724
1053.8101196289062,1.2470614979862843e-08,1.2328087151669077e-07,33.51089042244
1058.5784912109375,1.2815062067383938e-08,1.2668597521122033e-07,33.51095001918042
1063.3468627929688,1.1750735368997397e-08,1.1616435112391986e-07,33.51100791921016
1068.115234375,1.1292350543698877e-08,1.116328921025261e-07,33.511062230305214
1072.8836059570312,1.1848939078194002e-08,1.1713516442185893e-07,33.51111677286019
1077.6519775390625,1.0290781883169638e-08,1.017316757187927e-07,33.51116895478123
1082.4203491210938,1.2378575038486378e-08,1.2237099143414809e-07,33.51122238502071
1087.188720703125,1.05802049880112e-08,1.0459282832911302e-07,33.511276497412126
1091.9570922851562,8.705445858024972e-09,8.605950500850826e-08,33.511321952470546
1096.7254638671875,8.4569247910124e-09,8.360269804421332e-08,33.51136240309193
1101.4938354492188,8.508224852418238e-09,8.410983552614054e-08,33.51140238887587
1106.26220703125,8.383744748743342e-09,8.287926143718747e-08,33.5114422021791
1111.0305786132812,8.918198356402564e-09,8.816271430970915e-08,33.511482981763926
1115.7989501953125,9.047676228435697e-09,8.944269488261166e-08,33.51152532619322
1120.5673217773438,8.354781636373147e-09,8.259294053476211e-08,33.51156634268498
1125.335693359375,1.0136930647942834e-08,1.0021074716849209e-07,33.51160992648046
1130.1040649414062,1.1998764563196511e-08,1.1861629557668538e-07,33.51166209891305
1134.8724365234375,8.089805825214524e-09,7.997346675714763e-08,33.51170944640201
1139.6408081054688,7.893935217002177e-09,7.803714691053907e-08,33.511747119068005
1144.4091796875,7.578092861633479e-09,7.49148212758681e-08,33.51178358565893
1149.1775512695312,7.203797121173173e-09,7.12146424824852e-08,33.51181842563805
1153.9459228515625,7.818049628293177e-09,7.728696405855388e-08,33.51185383118007
1158.7142944335938,8.141987404675159e-09,8.048931867009757e-08,33.51189144797721
1163.482666015625,7.061812203117538e-09,6.981102089137767e-08,33.511927282370614
1168.2510375976562,7.227997502512832e-09,7.145388041160153e-08,33.511960962547654
1173.0194091796875,1.0084453155213303e-08,9.969196994305822e-08,33.512001766898116
1182.55615234375,7.162219769897406e-09,7.080362088419923e-08,33.51208142841744
1187.3245239257812,7.561091502028555e-09,7.474675078115327e-08,33.51211613033024
1192.0928955078125,7.871236264670594e-09,7.781275167177402e-08,33.512152503350045
1196.8612670898438,7.122834435503888e-09,7.041426892707044e-08,33.51218784342568
1201.629638671875,7.204691997134254e-09,7.122348896588314e-08,33.512221612498664
1206.3980102539062,7.2771212465617735e-09,7.193950345331162e-08,33.51225574521589
1211.1663818359375,7.219056423514279e-09,7.136549150592036e-08,33.51228991178917
1215.9347534179688,1.0020964791877678e-08,9.90643424542918e-08,33.512330545428014
1220.703125,9.714561173324938e-09,9.603532542569736e-08,33.51237706081361
1225.4714965820312,6.695141205702851e-09,6.618621808941721e-08,33.51241573744352
1235.0082397460938,6.596788288821706e-09,6.521392976771894e-08,33.51247825853031
1239.776611328125,7.196766325894765e-09,7.11451380858875e-08,33.512510769065514
1244.5449829101562,7.920280919891013e-09,7.829759286433526e-08,33.51254639898909
1249.3133544921875,8.160377695868644e-09,8.067111973840411e-08,33.51258430008367
1254.0817260742188,7.071826237091348e-09,6.991001671778097e-08,33.51262020142426
1258.85009765625,7.281462773772871e-09,7.198242252820583e-08,33.512654031218005
1263.6184692382812,1.0161708287597323e-08,1.0045569170536252e-07,33.51269514366819
1268.3868408203125,8.537920062343203e-09,8.440339373199743e-08,33.51273921750867
1273.1552124023438,8.615975937990655e-09,8.517503140923748e-08,33.512779648155835
1277.923583984375,8.387432245845911e-09,8.291571496071089e-08,33.51281972411275
1282.6919555664062,8.224345623337074e-09,8.130348805866407e-08,33.51285887702179
1287.4603271484375,8.614668108999118e-09,8.516210259232414e-08,33.51289856551139
1292.2286987304688,1.0504414069668295e-08,1.0384358136082386e-07,33.512943627978
1301.7654418945312,1.4835712050477869e-08,1.466615330604729e-07,33.51305859817329
1306.5338134765625,2.428283157069311e-08,2.400530081124343e-07,33.51315079810472
1311.3021850585938,5.145440961673593e-08,5.086633234344123e-07,33.513329305988634
1316.070556640625,4.867159907267432e-07,4.811532680208079e-06,33.514597739560365
1325.6072998046875,4.257266509505223e-05,0.0004208609811289326,33.73774170734509
1330.3756713867188,4.017406923947096e-06,3.9714916034303945e-05,33.84755155831517
1335.14404296875,9.342281619414029e-08,9.235507806595676e-07,33.85724052383006
1339.9124145507812,3.394057310461778e-08,3.355266311140058e-07,33.85754071127756
1349.4491577148438,1.746578594858636e-08,1.7266167842906013e-07,33.85777091442389
1354.217529296875,1.605920588317113e-08,1.5875663712978165e-07,33.85784993070777
1358.9859008789062,1.2951926804261437e-08,1.2803898018085544e-07,33.857918308111344
1363.7542724609375,1.1213994137627985e-08,1.108582834689556e-07,33.857975265657494
1373.291015625,1.0315259045549564e-08,1.0197364982474702e-07,33.85807799312193
1378.0593872070312,9.379721683467288e-09,9.272519964645456e-08,33.858124412944974
1382.8277587890625,8.97728431590149e-09,8.8746820914972e-08,33.858167679246264
1387.5961303710938,8.84963354156932e-09,8.74849024983693e-08,33.85820969616336
1392.364501953125,8.447056328453146e-09,8.350514129446207e-08,33.85825046336664
1397.1328735351562,1.0799534637637432e-08,1.0676105743401557e-07,33.858295826363396
1401.9012451171875,1.076747445092939e-08,1.0644411975574248e-07,33.8583466584388
1406.6696166992188,8.961525200448125e-09,8.859103088452361e-08,33.85839315844229
1411.43798828125,7.903214814181077e-09,7.812888230846339e-08,33.8584329075671
1416.2063598632812,7.493733883838984e-09,7.408087296461353e-08,33.85846919720068
1420.9747314453125,7.779364973397772e-09,7.690453881508923e-08,33.858505194928014
1425.7431030273438,8.083879861938288e-09,7.991488440828592e-08,33.85854258359207
1430.511474609375,7.573788442203191e-09,7.487226903769893e-08,33.85857948772526
1435.2798461914062,7.921305757882038e-09,7.830772411455035e-08,33.85861600868157
1444.8165893554688,1.063009120715534e-08,1.0508598897778135e-07,33.858699974610374
1449.5849609375,8.688178028040068e-09,8.588880026514327e-08,33.85874550654827
1454.3533325195312,8.079316123404136e-09,7.98697686169017e-08,33.858785026470734
1459.1217041015625,8.22873236162839e-09,8.134685407714369e-08,33.85882346350884
1463.8900756835938,7.631182255251202e-09,7.54396475754575e-08,33.85886084432379
1468.658447265625,7.981698474721618e-09,7.890474894269769e-08,33.8588976428955
1473.4268188476562,7.623000215087773e-09,7.535876230686723e-08,33.858934422182664
1478.1951904296875,7.696543816907692e-09,7.608579295783965e-08,33.85897052937835
1482.9635620117188,7.4502945784647996e-09,7.365144462982359e-08,33.85900622951777
1487.73193359375,1.013063593736947e-08,1.0014851949113355e-07,33.85904766665826
1497.2686767578125,8.77268938603173e-09,8.672425496269386e-08,33.85913863105344
1502.0370483398438,9.166992254412354e-09,9.062221840186573e-08,33.859180913747636
1506.805419921875,7.762378065184458e-09,7.67366111826274e-08,33.85922081520198
1511.5737915039062,8.020038999958721e-09,7.928377222048071e-08,33.859258013360105
1516.3421630859375,8.789819573189965e-09,8.68935990091199e-08,33.85929763313283
1521.1105346679688,9.458437005758413e-09,9.350335642135597e-08,33.85934064311862
1525.87890625,8.942035057740895e-09,8.839835700414065e-08,33.859384011866666
1530.6472778320312,9.3166325182852e-09,9.210151851449216e-08,33.859427046390515
1535.4156494140625,1.1978340405944304e-08,1.18414388300251e-07,33.8594772372939
1540.1840209960938,1.0067244582318209e-08,9.952185099804296e-08,33.85952919734241
1549.7207641601562,8.48801802172145e-09,8.39100766768045e-08,33.85961795975106
1554.4891357421875,9.464801495666457e-09,9.356627391691572e-08,33.859660273410405
1559.2575073242188,9.396886943390543e-09,9.289489041203162e-08,33.859704729216254
1564.02587890625,9.787770054027706e-09,9.675904712108868e-08,33.85974994623856
1568.7942504882812,1.027990428564484e-08,1.0162414295436766e-07,33.85979724447686
1578.3309936523438,1.4767481819181376e-08,1.4598702884463435e-07,33.85991583055199
1583.099365234375,1.3783145551386564e-08,1.3625616688191775e-07,33.85998312257368
1587.8677368164062,1.2783171694821343e-08,1.2637071626618375e-07,33.860045737701995
1592.6361083984375,1.4251563850578155e-08,1.4088681390710084e-07,33.86010945686259
1597.4044799804688,1.4699827384242817e-08,1.4531821678406936e-07,33.860177693459335
1606.9412231445312,1.9046600586866523e-08,1.8828915202424475e-07,33.86032961456625
1611.7095947265625,2.0809524934773523e-08,2.0571690922618824e-07,33.86042355293153
1621.246337890625,2.7281558275451108e-08,2.69697547872494e-07,33.86064397119198
1626.0147094726562,4.093086266138744e-08,4.0463059993223514e-07,33.86080474355083
1635.5514526367188,7.34470948535594e-08,7.260766111805211e-07,33.86132520868443
1640.31982421875,1.3008197799664327e-07,1.2859525887004454e-06,33.86180491382738
1649.8565673828125,2.6446817354416473e-05,0.0002614455419848961,33.926075137108704
1654.6249389648438,0.0001419515841082563,0.001403292061401862,34.322979511085116
1664.1616821289062,5.184984855190246e-07,5.125725176993048e-06,34.89499792934258
1668.9300537109375,1.4070216453871645e-07,1.3909406630408667e-06,34.89655162355264
1678.466796875,4.9535946027490286e-08,4.896979505448515e-07,34.897375582285896
1683.2351684570312,3.4731153032681166e-08,3.4334207427319545e-07,34.89757419450494
1692.7719116210938,2.204992172454319e-08,2.1797911101144387e-07,34.89782943477546
1697.540283203125,1.7837000245035233e-08,1.7633139496345476e-07,34.89792344572602
1707.0770263671875,1.3760132782749578e-08,1.3602866934645855e-07,34.898073192458874
1711.8453979492188,1.3892438983623899e-08,1.3733660995541703e-07,34.898138367820344
1716.61376953125,1.4173214863913284e-08,1.4011227861961967e-07,34.89820451679012
1721.3821411132812,1.3193612020570441e-08,1.3042820991390278e-07,34.89826901866899
1726.1505126953125,1.0420049113690445e-08,1.0300957395098793e-07,34.898324674573736
1730.9188842773438,1.0570163314225183e-08,1.0449355926356769e-07,34.89837414717591
1740.4556274414062,9.90263019419089e-09,9.78945210495767e-08,34.898470780045365
1745.2239990234375,9.382501712230643e-09,9.275268220199344e-08,34.89851623388067
1749.9923706054688,9.457157711548977e-09,9.349070969099663e-08,34.898560637765534
1754.7607421875,8.227711034554858e-09,8.133675753483749e-08,34.89860231988186
1759.5291137695312,1.0122419516939492e-08,1.0006729434923068e-07,34.89864556997816
1769.0658569335938,8.167149517276146e-09,8.073806399465934e-08,34.89873235753344
1773.834228515625,8.010018011341231e-09,7.918470764249335e-08,34.898770486093426
1778.6026000976562,8.280942014513871e-09,8.186298351580405e-08,34.898808882855114
1783.3709716796875,8.21905038051243e-09,8.125114082868634e-08,34.89884777229288
1788.1393432617188,8.346662454393802e-09,8.251267666389187e-08,34.898886816629556
1792.90771484375,7.85143546257095e-09,7.761700670302023e-08,34.89892499452114
1802.4444580078125,9.395993532917518e-09,9.288605841602223e-08,34.89900452153572
1807.2128295898438,1.0241576839841977e-08,1.0124524897606623e-07,34.89905080604619
1811.981201171875,8.428970444256012e-09,8.332634950515794e-08,34.89909481134445
1816.7495727539062,8.727755520220516e-09,8.628005183824768e-08,34.899135248661665
1821.5179443359375,8.301355561965081e-09,8.206478590683257e-08,34.899175385198674
1831.0546875,8.739747457168366e-09,8.639860063800545e-08,34.89925643822684
1835.8230590820312,7.940780673492788e-09,7.850024746428764e-08,34.8992957531759
1850.128173828125,1.0870370943046504e-08,1.0746132454032542e-07,34.89941711138211
1854.8965454101562,9.907405664595268e-09,9.794172996062917e-08,34.8994660832865
1864.4332885742188,8.638972229093227e-09,8.540236605258544e-08,34.89955142936177
1869.20166015625,9.191663861720041e-09,9.08661147338045e-08,34.8995934550425
1873.9700317382812,8.939855119292842e-09,8.837680676686986e-08,34.89963618988516
1883.5067749023438,9.378106355685619e-09,9.270923098596503e-08,34.89972213043103
1888.275146484375,9.832754371916481e-09,9.72037490000952e-08,34.899767409213865
1897.8118896484375,1.2355039626803084e-08,1.221383272015897e-07,34.89987387946367
1902.5802612304688,1.251073784346114e-08,1.2367751447296283e-07,34.89993248652736
1916.8853759765625,1.4598678593229015e-08,1.443182892641213e-07,34.90012636139323
1921.6537475585938,1.5132905244720322e-08,1.4959949851399714e-07,34.90019643685456
1931.1904907226562,1.8808433752170936e-08,1.859347039881972e-07,34.9003529032339
1935.9588623046875,2.219693319539177e-08,2.1943242364104788e-07,34.900449550288485
1950.2639770507812,3.255716066980867e-08,3.218506182705582e-07,34.90083062869877
1955.0323486328125,4.107690348846121e-08,4.060743170598784e-07,34.90100417952755
1964.569091796875,8.564165218919675e-08,8.466284571420234e-07,34.90156809434241
1969.3374633789062,1.450719998167787e-07,1.4341395832491961e-06,34.90211187181786
1983.642578125,0.00010249768189398841,0.0010132622627461155,35.167599301976324
1988.4109497070312,0.0001119325597168295,0.0011065327199394094,35.672997809734824
2002.716064453125,1.5189053736137534e-07,1.5015456616442487e-06,35.969802409890136
2007.4844360351562,9.595646829119184e-08,9.485977281556599e-07,35.970386569595725
2017.0211791992188,4.6495497339714485e-08,4.596409593991829e-07,35.971013514140154
2021.78955078125,3.5122475707889354e-08,3.4721057638971565e-07,35.971205882536864
2036.0946655273438,2.3369512451404822e-08,2.3102420101827485e-07,35.9716163456925
2040.863037109375,2.019675830530606e-08,1.9965927660429448e-07,35.97171902863528
2055.1681518554688,1.6919540391650883e-08,1.6726165377671803e-07,35.97198082452495
2059.9365234375,1.6196500307833686e-08,1.601138898678474e-07,35.9720588769369
2069.4732666015625,1.5625479478102254e-08,1.5446894407670975e-07,35.97220857728223
2074.2416381835938,1.5992635163798096e-08,1.5809853836600353e-07,35.97228309917727
2079.010009765625,1.494112679950533e-08,1.4770363260021525e-07,35.972356008096355
2083.7783813476562,1.300021573397039e-08,1.285163504908795e-07,35.972421864072246
2088.5467529296875,1.3248619998611375e-08,1.3097200278091117e-07,35.97248373091672
2093.3151245117188,1.2088973042391105e-08,1.1950807035693982e-07,35.972543450019856
2098.08349609375,1.3118316444485842e-08,1.296838597550654e-07,35.97260286200575
2107.6202392578125,1.214806870044758e-08,1.200922728393209e-07,35.97272225252418
2112.3886108398438,1.2292298340564903e-08,1.215180850996556e-07,35.972779856922415
2117.156982421875,1.2003063483154831e-08,1.1865879344867468e-07,35.97283711955253
2121.9253540039062,1.4004011504823333e-08,1.384395834393223e-07,35.97289841658224
2126.6937255859375,1.20207715850185e-08,1.1883385059174139e-07,35.972959755348825
2131.4620971679688,1.2414843368790095e-08,1.2272952959569964e-07,35.97301734854669
2140.9988403320312,1.2349288114623433e-08,1.220814694255144e-07,35.97313604808742
2145.7672119140625,1.2904036258706202e-08,1.2756554818066998e-07,35.97319556857463
2150.5355834960938,1.299140188550699e-08,1.284292193492527e-07,35.97325660248337
2160.0723266601562,1.2059698804656423e-08,1.192186737596793e-07,35.97337646920003
2164.8406982421875,1.4638838184785244e-08,1.4471529530229994e-07,35.97343939596192
2169.6090698242188,1.3927077765890615e-08,1.3767903887917205e-07,35.97350672401782
2174.37744140625,1.3070110171808202e-08,1.2920730656840485e-07,35.97357035468108
2183.9141845703125,1.324117651638038e-08,1.3089841868116647e-07,35.97369561281582
2188.6825561523438,1.2940399730774648e-08,1.2792502688602732e-07,35.973757321133945
2193.450927734375,1.2597605224935898e-08,1.2453626013321085e-07,35.973817512595275
2202.9876708984375,1.392200983432479e-08,1.3762893878216553e-07,35.97394502895924
2207.7560424804688,1.4633801473196425e-08,1.4466550383690305e-07,35.97401233319914
2212.5244140625,1.620726424286744e-08,1.602202989979547e-07,35.97408502363904
2222.0611572265625,1.6204975555899915e-08,1.6019767370445946e-07,35.974235687557474
2226.8295288085938,1.687265982152982e-08,1.6679820609983468e-07,35.97431364945051
2236.3662719726562,2.1101472702576378e-08,2.086030199200238e-07,35.97448898151555
2241.1346435546875,1.973620141976475e-08,1.951063452272751e-07,35.97458523332875
2245.9030151367188,2.039955190350681e-08,2.016640351157684e-07,35.974679830759065
2264.9765014648438,2.986335321271617e-08,2.9522042148036134e-07,35.97515537276701
2269.744873046875,3.229074748004329e-08,3.1921693498622515e-07,35.97530186604849
2284.0499877929688,5.192279776006997e-08,5.132936723475612e-07,35.97587144724349
2288.818359375,6.337650993218392e-08,6.265217385623891e-07,35.97614320041419
2303.1234741210938,2.332432834237251e-07,2.305775240621501e-06,35.977870004747956
2307.891845703125,6.597501596496173e-07,6.5220981319860496e-06,35.979974733773936
2317.4285888671875,0.00011250316455212357,0.001112173553330568,36.40786261275555
2322.1969604492188,2.6319939179421492e-05,0.00026019126126056245,36.73505988185935
2326.96533203125,5.209822416623547e-07,5.150278867607273e-06,36.79832223483333
2346.038818359375,4.177300334887614e-08,4.129557577581256e-07,36.80110700614245
2350.8071899414062,2.9088435133828898e-08,2.8755980680550165e-07,36.801274022067986
2365.1123046875,1.5417452090205267e-08,1.524124458430065e-07,36.80157131361491
2369.8806762695312,1.4021082564781828e-08,1.3860834297145406e-07,36.80164069837787
2384.185791015625,1.0982432193785707e-08,1.0856912946227092e-07,36.80181968301447
2388.9541625976562,1.0541227792025544e-08,1.0420751110954143e-07,36.80187041291879
2393.7225341796875,1.2003290747673013e-08,1.1866104011958158e-07,36.8019235489221
2408.0276489257812,8.922385548159038e-09,8.820410766920099e-08,36.802064811787766
2412.7960205078125,8.366745147128895e-09,8.271120832145503e-08,36.80210556117455
2422.332763671875,7.731995306643337e-09,7.643625607118511e-08,36.802182447059266
2427.1011352539062,7.961208125427862e-09,7.870218731099831e-08,36.8022194349465
2431.8695068359375,8.253092216867947e-09,8.158766851883742e-08,36.802257651026174
2436.6378784179688,1.0181669509726556e-08,1.0065302253985655e-07,36.80230110059279
2446.1746215820312,7.656785434289609e-09,7.569275315449667e-08,36.80238572792676
2450.9429931640625,8.000127936058778e-09,7.90869372356485e-08,36.802422630280624
2455.7113647460938,8.3613220243821e-09,8.265759690777203e-08,36.80246119318264
2460.479736328125,7.787886651331198e-09,7.69887816438602e-08,36.80249925584536
2470.0164794921875,8.43594007533398e-09,8.339524925026506e-08,36.80257678239423
2474.7848510742188,8.739774995478517e-09,8.639887287372767e-08,36.802617264467564
2484.3215942382812,1.0111277002340255e-08,9.995714269168215e-08,36.802705485536535
2493.8583374023438,9.063478762792354e-09,8.959891413970579e-08,36.802795282022295
2498.626708984375,1.0664815187980352e-08,1.054292601496962e-07,36.80284178036249
2508.1634521484375,9.406573690061863e-09,9.299065077138277e-08,36.802933686747146
2512.9318237304688,1.0006073649503202e-08,9.891713295317506e-08,36.80297944112826
2517.7001953125,9.694153070729696e-09,9.583357686093082e-08,36.803025873315775
2527.2369384765625,1.2829553200681117e-08,1.2682923033897667e-07,36.80312929643433
2536.773681640625,1.1125493009226846e-08,1.0998338706191226e-07,36.80324497446098
2541.5420532226562,1.1166626633882064e-08,1.1039002210792436e-07,36.80329751557607
2560.6155395507812,1.4123636510549785e-08,1.3962216144248893e-07,36.80353901038907
2565.3839111328125,1.8370689623560168e-08,1.816072928890981e-07,36.80361559745914
2574.920654296875,1.8320830313618106e-08,1.811143982569726e-07,36.80379364204597
2579.6890258789062,1.9705439801842946e-08,1.9480224482221992e-07,36.80388326755787
2584.4573974609375,2.2401669905584075e-08,2.2145639119234542e-07,36.80398251135041
2603.5308837890625,3.7868634105652195e-08,3.74358299348508e-07,36.804540818285616
2608.2992553710938,4.413572248220448e-08,4.363129117057236e-07,36.80473409736387
2627.3727416992188,1.7311247302094108e-07,1.7113395433098326e-06,36.806437070663065
2632.14111328125,3.0087543585498806e-07,2.9743670228021964e-06,36.807554230164655
2646.4462280273438,0.00014084106432428746,0.0013923137859098132,37.20305534685442
2651.214599609375,0.0001031160742331394,0.0010193755094972086,37.778046881899805
2655.9829711914062,4.293038901241557e-06,4.2439733570054986e-05,38.03120336342028
2675.0564575195312,1.1210601289262302e-07,1.1082474275712056e-06,38.0465527250484
2679.8248291015625,8.125220173816998e-08,8.032356270405632e-07,38.04700845812226
2698.8983154296875,3.899982809010017e-08,3.855409539715856e-07,38.0480716445949
2703.6666870117188,3.691427541926552e-08,3.649237870339784e-07,38.04825056933211
2722.7401733398438,2.3845520022433284e-08,2.357298733768306e-07,38.04878351828653
2727.508544921875,2.3062420208557008e-08,2.279883764502462e-07,38.048894077332754
2746.58203125,1.840140023065665e-08,1.819108890159751e-07,38.049277622320545
2751.3504028320312,1.747672185163551e-08,1.7276978758493562e-07,38.04936218478349
2765.655517578125,1.4506502018455495e-08,1.4340705846356716e-07,38.04958814062151
2770.4238891601562,1.5532780371152986e-08,1.5355254767509055e-07,38.049658941308856
2775.1922607421875,1.4254527133819618e-08,1.409161080630946e-07,38.04972914810735
2784.72900390625,1.4570668439309044e-08,1.4404138903168316e-07,38.04986555342288
2794.2657470703125,1.3708937889786992e-08,1.3552257152916382e-07,38.04999813537821
2799.0341186523438,1.4062107359415854e-08,1.3901390215553943e-07,38.05006358997418
2803.802490234375,1.2729625436237663e-08,1.2584137353246023e-07,38.05012673639268
2813.3392333984375,1.4759343236588333e-08,1.4590657318494146e-07,38.050252264718594
2818.1076049804688,1.3724626932233383e-08,1.3567766883825217e-07,38.05031939963347
2822.8759765625,1.2786384607820182e-08,1.264024781893322e-07,38.05038188440974
2841.949462890625,1.4664526888656848e-08,1.4496924635495768e-07,38.050644479434595
2846.7178344726562,1.490021648691911e-08,1.472992051523473e-07,38.05071416166352
2856.2545776367188,1.3999512059586954e-08,1.383951032327745e-07,38.05084899924036
2861.02294921875,1.5448581780751812e-08,1.527201849069436e-07,38.05091840653371
2870.5596923828125,1.4830797073717127e-08,1.4661294503016912e-07,38.05106070008413
2875.3280639648438,1.5997952903374747e-08,1.5815110799232643e-07,38.05113336149661
2894.4015502929688,1.991883369429996e-08,1.9691179475868416e-07,38.05146845724909
2899.169921875,2.256504370572876e-08,2.2307145704894941e-07,38.05156858905924
2903.9382934570312,2.2006515375719378e-08,2.175500084755226e-07,38.051673641402964
2918.243408203125,2.9109319335174754e-08,2.8776626194400163e-07,38.05203325568417
2923.0117797851562,3.2054008806736235e-08,3.168766053381584e-07,38.05217741377746
2946.8536376953125,7.628702926584439e-08,7.54151376535885e-07,38.0532970018655
2951.6220092773438,1.0057102418852533e-07,9.942158852076078e-07,38.05371384510379
2970.6954956054688,1.7657358678069067e-06,1.7455551069696316e-05,38.06191229631632
2975.4638671875,5.542354834002768e-05,0.0005479010740800853,38.19670381957019
2980.2322387695312,0.00011789303302459805,0.0011654562249325659,38.60520003229407
2999.3057250976562,1.8371953450646245e-07,1.8161978671597587e-06,38.97750378423987
3004.0740966796875,1.1612595764171684e-07,1.1479874318065605e-06,38.97821050108704
3023.1475830078125,4.068053018038944e-08,4.021558858562892e-07,38.979448715406015
3027.9159545898438,3.4417553824570074e-08,3.402419237396967e-07,38.9796257168369
3051.7578125,1.8626673819498828e-08,1.8413787817464944e-07,38.98022611088779
3056.5261840820312,1.873781266786806e-08,1.8523656449512722e-07,38.980314176617576
3061.2945556640625,1.877519699658218e-08,1.8560613509227782e-07,38.98040259240708
3075.5996704101562,1.3204524029032877e-08,1.3053608285484585e-07,38.9806279095968
3080.3680419921875,1.2420069214175874e-08,1.227811907827871e-07,38.98068830514124
3085.1364135742188,1.2879440132567337e-08,1.2732239803360587e-07,38.98074793448352
3104.2098999023438,1.0675310878943277e-08,1.0553301749696163e-07,38.980971787544824
3108.978271484375,1.0883998501770805e-08,1.0759604262110087e-07,38.981022601472496
3113.7466430664062,1.1222919760496949e-08,1.1094651957983643e-07,38.981074706079646
3132.8201293945312,9.927391457217184e-09,9.813930369186538e-08,38.981271645223316
3137.5885009765625,9.632025564677553e-09,9.521940241134398e-08,38.98131774553128
3151.8936157226562,9.126069563430624e-09,9.021766858478113e-08,38.98145252228572
3156.6619873046875,9.894466167113544e-09,9.781381385311476e-08,38.98149735248458
3161.4303588867188,9.857012978462286e-09,9.744356252665958e-08,38.98154390547082
3166.19873046875,9.022242900727359e-09,8.919126840440536e-08,38.98158840268202
3175.7354736328125,1.0183822815409865e-08,1.0067430949336357e-07,38.98167812992093
3185.272216796875,8.857417047429335e-09,8.756184797278476e-08,38.98176755458777
3190.0405883789062,8.889642490859842e-09,8.788041933093667e-08,38.98180938328385
3194.8089599609375,8.195056229309861e-09,8.101394163070512e-08,38.98184965083741
3204.345703125,9.212485901426939e-09,9.107195536042688e-08,38.981931986937255
3213.8824462890625,8.449402458744545e-09,8.352833445594468e-08,38.98201517096218
3218.6508178710938,9.141516402432061e-09,9.037037154107881e-08,38.98205663164457
3242.49267578125,9.97033169932216e-09,9.856379843237234e-08,38.98228216647426
3247.2610473632812,1.1529679428032289e-08,1.1397905640508471e-07,38.982332840639714
3271.1029052734375,1.431633928208033e-08,1.4152716497730487e-07,38.98262469830197
3275.8712768554688,1.735595588614261e-08,1.7157593038546628e-07,38.982699347897075
3299.713134765625,1.6723735031467846e-07,1.653259789531441e-06,38.983867992077116
3304.4815063476562,3.1468982426214635e-06,3.110932047466544e-05,38.99167919991141
3309.2498779296875,2.034558541015588e-05,0.00020113053806339806,39.047049496994795
3333.0917358398438,4.306830724264564e-08,4.257607551989674e-07,39.1461781112142
3337.860107421875,3.247121204926054e-08,3.210009552135285e-07,39.14635615308013
3361.7019653320312,1.569276444179723e-08,1.5513410365205385e-07,39.14685880893578
3366.4703369140625,1.5396434868039583e-08,1.5220467569938252e-07,39.14693208421085
3380.7754516601562,1.271835865797712e-08,1.2572999344050904e-07,39.147126348972186
3390.3121948242188,1.2904777132667724e-08,1.275728722451053e-07,39.14725020945669
3395.08056640625,1.2201897469513121e-08,1.206244083894751e-07,39.14730938429968
3418.9224243164062,1.0174927131070674e-08,1.0058636934607782e-07,39.147568472107416
3423.6907958984375,9.925625235468312e-09,9.812184333751684e-08,39.147615847837145
3428.4591674804688,1.0595729405170449e-08,1.0474629820050841e-07,39.147664215371194
3442.7642822265625,9.825986149833359e-09,9.713684032571362e-08,39.14780624538783
3452.301025390625,9.958528896765916e-09,9.844711936018362e-08,39.14790190705836
3457.0693969726562,1.0371310692692775e-08,1.0252776010085764e-07,39.14794982320357
3466.6061401367188,9.915299629355177e-09,9.80197673995923e-08,39.14804869748639
3476.1428833007812,1.1292926740125412e-08,1.1163858821276145e-07,39.1481468925888
3480.9112548828125,1.014004317619006e-08,1.002415167171918e-07,39.148197408742355
3485.6796264648438,1.012418162050394e-08,1.0008471399240615e-07,39.14824517023764
3504.7531127929688,1.190007867756103e-08,1.1764071562275495e-07,39.14845596490186
3509.521484375,1.1717094955671006e-08,1.1583179178504555e-07,39.148511629085334
3514.2898559570312,1.1597630036327907e-08,1.1465079634928955e-07,39.14856658041651
3528.594970703125,1.1533754620883426e-08,1.140193425759831e-07,39.148734247737764
3542.9000854492188,1.328212481538587e-08,1.3130322165172362e-07,39.14891489248045
3547.66845703125,1.2838286457141763e-08,1.2691556477151155e-07,39.1489764566366
3571.5103149414062,1.7769924531069063e-08,1.7566830397005095e-07,39.149347786264315
3576.2786865234375,1.9350594150695587e-08,1.9129434395301714e-07,39.14943527697742
3604.888916015625,3.8695787922581423e-08,3.8253530133229583e-07,39.150182203843656
3609.6572875976562,4.586882030107345e-08,4.534458125192641e-07,39.15038151727298
3638.2675170898438,2.454782404448969e-05,0.00024267264661203983,39.21745107620588
3643.035888671875,3.471035895251785e-05,0.0003431365100464864,39.35711886296109
3666.8777465820312,5.3001526158023275e-08,5.239576674467787e-07,39.46019340672606
3671.6461181640625,3.946336168378185e-08,3.9012331221924357e-07,39.46041134061442
3700.25634765625,1.531948346874792e-08,1.514439565540618e-07,39.4610461756099
3705.0247192382812,1.3399997667138316e-08,1.3246847837047117e-07,39.46111386560923
3709.7930908203125,1.3562995011461317e-08,1.3407982269434722e-07,39.46117741567643
3733.6349487304688,1.0699490761962552e-08,1.057720527856464e-07,39.46146696206461
3738.4033203125,1.0309642490709185e-08,1.0191812619766356e-07,39.46151647926198
3752.7084350585938,1.2170653254636415e-08,1.2031553717132948e-07,39.46167804220308
3767.0135498046875,1.0834164652047796e-08,1.071033996812936e-07,39.461834035409
3771.7819213867188,1.1128358227371448e-08,1.1001171177488931e-07,39.46188579968537
3786.0870361328125,1.0956381713614207e-08,1.0831160199436684e-07,39.462048205936334
3800.3921508789062,1.2587859257453737e-08,1.2443991433415325e-07,39.46222056478675
3805.1605224609375,1.3538270269478306e-08,1.338354010884671e-07,39.46228214242047
3814.697265625,1.3146326846880879e-08,1.2996076244385576e-07,39.462408793343
3833.770751953125,1.671362038137833e-08,1.6522598846509397e-07,39.4626870593318
3838.5391235351562,1.8845353138005468e-08,1.8629967829530966e-07,39.462770869581796
3867.1493530273438,2.4439273966825927e-08,2.4159955212558487e-07,39.463344754270615
3871.917724609375,2.5958258020370033e-08,2.566157865489279e-07,39.463463538063756
3900.5279541015625,4.7846289357690096e-08,4.729944962923293e-07,39.46446800993108
3905.2963256835938,5.7525032396339723e-08,5.686757340594786e-07,39.464716363467296
3938.6749267578125,2.08789676973792e-07,2.064034001737781e-06,39.468338019280225
3943.4432983398438,2.8997908997838207e-07,2.866648917625794e-06,39.46951358569586
3972.0535278320312,0.00024893123134744563,0.0024608617295771565,40.38068535491982
3976.8218994140625,8.732644168691248e-05,0.0008632837959473633,41.173223407842194
4005.43212890625,2.3759544658758885e-07,2.348799459450352e-06,41.416287237199676
4010.2005004882812,1.930631856526029e-07,1.908566483968486e-06,41.41730227233862
4043.5791015625,6.734051600014202e-08,6.657087492707176e-07,41.42096553338363
4048.3474731445312,5.958827259255879e-08,5.890723263645801e-07,41.421264696504764
4076.9577026367188,3.4816948301684955e-08,3.4419022134147357e-07,41.42255732436141
4081.72607421875,3.225387815782356e-08,3.1885245559344323e-07,41.42271540605433
4115.104675292969,2.4679498989351098e-08,2.4397434680771095e-07,41.423633896879466
4119.873046875,2.1892335287154657e-08,2.1642125733928422e-07,41.423743663745235
4134.178161621094,2.2979547706527508e-08,2.2716912300593228e-07,41.42405133011564
4148.4832763671875,1.880362814442794e-08,1.8588719714818323e-07,41.424348528618594
4153.251647949219,1.7911301415025287e-08,1.7706591471295185e-07,41.424435063383804
4172.325134277344,1.934869743683649e-08,1.91275593591632e-07,41.42478064260987
4181.861877441406,1.6847929068854445e-08,1.6655372507399858e-07,41.424953748731
4186.6302490234375,1.7694289110498656e-08,1.749205942075005e-07,41.425035162553
4191.398620605469,1.871524082747193e-08,1.8501342584797437e-07,41.42512097751064
4200.935363769531,1.8018908267685143e-08,1.7812968475143807e-07,41.42529553493082
4220.008850097656,2.0026770404943606e-08,1.9797882567722992e-07,41.42564971055872
4224.7772216796875,1.9717664522157044e-08,1.9492309485061092e-07,41.42574338567634
4229.545593261719,2.104899230959724e-08,2.080842140235661e-07,41.42583947010629
4258.155822753906,3.633430213592354e-08,3.591903398910547e-07,41.426605948519445
4262.9241943359375,3.758763209937747e-08,3.7158039526860294e-07,41.426780177839774
4296.302795410156,2.9111888894585637e-06,2.8779166386075545e-05,41.43801801608433
4301.0711669921875,3.101990264336464e-05,0.0003066537326677174,41.517991451260656
4334.449768066406,7.092234536933679e-08,7.011176723247486e-07,41.75175530285218
4339.2181396484375,5.133669020547984e-08,5.074995835837701e-07,41.75204345966102
4372.596740722656,2.7930079520667637e-08,2.7610864022331107e-07,41.753263555072465
4377.3651123046875,2.727220109368321e-08,2.6960504549589514e-07,41.75339366335401
4401.206970214844,2.1064247096080306e-08,2.0823501840454254e-07,41.753952723228636
4410.743713378906,2.133012334466475e-08,2.1086339364457733e-07,41.75415311227412
4415.5120849609375,2.090308789174236e-08,2.066418453977742e-07,41.75425265327998
4434.5855712890625,1.997543171908317e-08,1.9747130636518188e-07,41.754638462092245
4439.353942871094,2.2313778407302284e-08,2.2058752141129747e-07,41.75473813508395
4453.6590576171875,2.06401691648714e-08,2.040427073569438e-07,41.755042358747545
4458.427429199219,2.1496054154250854e-08,2.1250373735258827e-07,41.75514167115902
4487.037658691406,2.4608507206307842e-08,2.432725426947439e-07,41.75580342018602
4491.8060302734375,2.3276138744343944e-08,2.3010113571621902e-07,41.75591628126581
4496.574401855469,2.6146605920894815e-08,2.5847773909597775e-07,41.75603276754692
4510.8795166015625,2.5290649075811826e-08,2.500159987557537e-07,41.75640142389383
4529.9530029296875,3.230729717599066e-08,3.193805404654275e-07,41.75697290525105
4534.721374511719,3.22255728405544e-08,3.185726374620092e-07,41.75712500514127
4568.0999755859375,5.973747308048508e-08,5.905472789801464e-07,41.75864201373456
4572.868347167969,6.653190109200762e-08,6.577150175456046e-07,41.75893962265765
4611.015319824219,3.689296002928997e-07,3.647130692901344e-06,41.76463641680974
4615.78369140625,5.434045950534944e-07,5.371939729720211e-06,41.76678673076472
4634.857177734375,0.00012483873844582868,0.00123411944795807,42.3108619836426
4649.162292480469,8.40436948405458e-07,8.308315156995769e-06,42.767557151299414
4653.9306640625,4.798064872912076e-07,4.743227339480627e-06,42.77066888151651
4692.07763671875,5.612521553786144e-08,5.548375518563058e-07,42.77664591990708
4696.846008300781,4.6096242303554786e-08,4.5569404027012025e-07,42.776886849413415
4734.992980957031,2.2412681005836088e-08,2.215652437258907e-07,42.77809982191643
4739.7613525390625,2.0214520965024238e-08,1.998348730904379e-07,42.778200291533516
4749.298095703125,2.1952846152740904e-08,2.1701945015156713e-07,42.77839639348493
4773.139953613281,1.5823430389823442e-08,1.5642582919856762e-07,42.77884368415215
4777.9083251953125,1.5028205328671154e-08,1.4856446560510625e-07,42.77891639950487
4787.445068359375,1.5192773222010267e-08,1.501913359196234e-07,42.77905681579337
4806.5185546875,1.3815999564767095e-08,1.3658095209972083e-07,42.77933346729977
4816.0552978515625,1.480294236036912e-08,1.4633758143800186e-07,42.77946916464573
4820.823669433594,1.4486979307551134e-08,1.432140626234627e-07,42.779538199137285
4825.592041015625,1.3743278569631968e-08,1.3586205349910682e-07,42.77960473606835
4830.360412597656,1.634718586630223e-08,1.616035234587311e-07,42.779675657388545
4858.970642089844,1.4589528088932668e-08,1.442278300408759e-07,42.78009355627783
4863.739013671875,1.4479832985128091e-08,1.4314341615912435e-07,42.780162070922024
4901.885986328125,2.049021107111141e-08,2.0256026527052183e-07,42.78080716285394
4906.654357910156,2.2777598494058004e-08,2.2517271184613367e-07,42.78090914234258
4944.801330566406,8.483713423444624e-08,8.386752267061047e-07,42.782384818912945
4949.5697021484375,1.457751762995318e-07,1.4410909813770212e-06,42.78292835753296
4963.874816894531,1.6491324451958327e-05,0.00016302843558115335,42.835804030148964
4987.7166748046875,7.205515622580022e-08,7.123163108741616e-07,42.934244203612586
4992.485046386719,5.1270902882212844e-08,5.068492292459766e-07,42.93453487532835
5035.400390625,1.5355846941946886e-08,1.5180343527059512e-07,42.93561103812799
5040.168762207031,1.554818384410771e-08,1.5370482192726724e-07,42.93568387697257
5064.0106201171875,1.2743632441204556e-08,1.2597984270839467e-07,42.93601143988615
5078.315734863281,1.3136730938789674e-08,1.2986590008827924e-07,42.93619583368402
5083.0841064453125,1.2775618841155417e-08,1.262960509522536e-07,42.9362569074524
5087.852478027344,1.1685717622800607e-08,1.1552160460114336e-07,42.93631456127424
5116.462707519531,1.317726429453696e-08,1.302666010505085e-07,42.936668984914995
5121.2310791015625,1.2442249368487942e-08,1.2300045733526924e-07,42.93672936848719
5125.999450683594,1.2617112917961536e-08,1.247291075109355e-07,42.93678843181804
5130.767822265625,1.1985346935434617e-08,1.1848365281232741e-07,42.93684641825878
5164.146423339844,1.3772534574105105e-08,1.3615126984764846e-07,42.93725991530721
5168.914794921875,1.3740590186413769e-08,1.3583547692476419e-07,42.93732476200091
5173.683166503906,1.3824669376672468e-08,1.3666665933784068e-07,42.93738973157304
5183.219909667969,1.3639204944275823e-08,1.3483321191779545e-07,42.93752003421683
5211.830139160156,1.7564540579581518e-08,1.7363793797961567e-07,42.93795437725986
5216.5985107421875,1.8367195523437755e-08,1.81572751231854e-07,42.938039066087654
5221.366882324219,1.7911926223051083e-08,1.7707209138331457e-07,42.938124573681435
5259.513854980469,4.051505390950439e-08,4.0052003558563435e-07,42.9391507781614
5264.2822265625,4.898986426154286e-08,4.842995450825643e-07,42.939361735588584
5297.660827636719,1.8443786125341465e-05,0.00018232990363916703,43.03932065038891
5307.197570800781,4.4223454584387725e-07,4.371802057433157e-06,43.100913564868094
5311.9659423828125,1.7043651919556552e-07,1.6848858423284917e-06,43.10235759179122
5354.881286621094,2.0893501094407468e-08,2.065470731084839e-07,43.10454758968619
5359.649658203125,1.941223475548326e-08,1.9190370503836147e-07,43.10464258775456
5402.565002441406,1.406919971161645e-08,1.3908401508596064e-07,43.10533696292196
5407.3333740234375,1.4498711550571904e-08,1.4333004416461217e-07,43.105404295680685
5426.4068603515625,1.493184202535673e-08,1.4761184602427462e-07,43.105678731587176
5445.4803466796875,1.3782035613721592e-08,1.3624519436108475e-07,43.10595018753891
5450.248718261719,1.4565128437303212e-08,1.4398662218364993e-07,43.10601700001043
5455.01708984375,1.5245886279801227e-08,1.5071639615634462e-07,43.10608726268532
5483.6273193359375,1.4854518761604696e-08,1.4684745073508816e-07,43.10654314153377
5497.932434082031,1.8411735818819277e-08,1.8201306363353678e-07,43.10677803010821
5502.7008056640625,1.8761197655199637e-08,1.8546774167630863e-07,43.10686564435965
5507.469177246094,1.873815065054559e-08,1.8523990569354532e-07,43.10695402795021
5545.616149902344,2.874461756609857e-08,2.841609263604725e-07,43.10779753840002
5550.384521484375,3.051482778019927e-08,3.0166070951587244e-07,43.10793720916205
5593.299865722656,1.0766085689756453e-07,1.0643039086683006e-06,43.11022551756178
5598.0682373046875,1.3747134163594754e-07,1.359001687792846e-06,43.11080327863882
5626.678466796875,4.936676713143563e-05,0.00048802549719900387,43.294008362370626
5640.983581542969,6.82145023602514e-07,6.743487241510236e-06,43.54129464946618
5645.751953125,3.8399001987632335e-07,3.7960136192565863e-06,43.54380746228585
5693.4356689453125,4.391639162092386e-08,4.3414467062275826e-07,43.5492866084305
5698.204040527344,4.184534708156205e-08,4.136709268519266e-07,43.54948874342059
5736.351013183594,2.6321463790806258e-08,2.6020633312514505e-07,43.550691042713666
5741.119384765625,2.7833868884931227e-08,2.751575298697389e-07,43.55081868340518
5745.887756347656,2.5443664536226706e-08,2.5152866507942215e-07,43.55094425517941
5750.6561279296875,2.8546138642395194e-08,2.8219882146577737e-07,43.55107150572838
5779.266357421875,2.4168118264760807e-08,2.389189857444331e-07,43.551823876401286
5793.571472167969,2.7830341461308057e-08,2.751226587860614e-07,43.552196941834346
5798.33984375,2.6463511451772233e-08,2.616105749744099e-07,43.5523249090093
5826.9500732421875,3.8247228092668414e-08,3.7810096935681993e-07,43.55316627085736
5846.0235595703125,3.823872680921258e-08,3.7801692814192097e-07,43.55384068987965
5850.791931152344,3.687397654729832e-08,3.645254041101788e-07,43.55401772576743
5898.475646972656,9.666295195943782e-08,9.55581820157082e-07,43.556736085450616
5903.2440185546875,1.0437422135882618e-07,1.0318131859390958e-06,43.55720991734408
5946.159362792969,1.9050306051320477e-06,1.883257831677766e-05,43.57498030673979
5950.927734375,8.027947207030309e-06,7.936195045479346e-05,43.59839170676505
5960.4644775390625,8.352764110281182e-05,0.000825729958587917,44.13370340140994
5998.6114501953125,1.5693991172635248e-07,1.5514623075621604e-06,44.4190622784318
6003.379821777344,1.366165672545602e-07,1.3505516369446934e-06,44.419754172472985
6055.8319091796875,3.5601990487283384e-08,3.5195091998979365e-07,44.42315633078007
6060.600280761719,3.2866349620189246e-08,3.2490717027924407e-07,44.423317706324205
6108.283996582031,2.663884014890415e-08,2.6334382346449733e-07,44.42467580564064
6113.0523681640625,2.6148172731171766e-08,2.5849322812653125e-07,44.424800221289004
6155.967712402344,3.451256558995883e-08,3.4118118240980866e-07,44.425976449369124
6160.736083984375,3.160347467703306e-08,3.124227560093555e-07,44.42613228069142
6165.504455566406,3.1399493753163397e-08,3.1040625994175677e-07,44.42628077470043
6213.188171386719,6.674562979299919e-08,6.59827877301833e-07,44.428339810656325
6217.95654296875,7.412685394387103e-08,7.327965117796761e-07,44.428671838184385
6270.408630371094,8.822771458877726e-07,8.721935176407748e-06,44.44176512025002
6275.177001953125,1.7858866212319165e-06,1.7654755555438565e-05,44.44805381337571
6289.482116699219,0.00011837201951525439,0.0011701913460238822,44.948689721814844
6327.629089355469,2.552832382185075e-07,2.5236558214650874e-06,45.489398947816696
6332.3974609375,2.0942352684575351e-07,2.070300057161057e-06,45.49049423224973
6375.312805175781,5.962297521289904e-08,5.894153863729571e-07,45.49542169572631
6380.0811767578125,6.170912749629905e-08,6.100384809059355e-07,45.495707667813036
6384.849548339844,5.2896927943106e-08,5.22923639925689e-07,45.49597778703206
6437.3016357421875,3.2148781768846e-08,3.1781350326853127e-07,45.49817207488084
6442.070007324219,3.054953866639688e-08,3.020038512381105e-07,45.498319850853804
6451.606750488281,3.167122022730346e-08,3.130924688095822e-07,45.49859873821253
6494.5220947265625,2.5322292593235572e-08,2.503288173627071e-07,45.49979065716478
6499.290466308594,2.5964978778303017e-08,2.5668222600653033e-07,45.49991153801733
6532.6690673828125,2.5482891932974663e-08,2.51916455710937e-07,45.50078650732047
6551.7425537109375,3.1649267386432375e-08,3.1287544941164355e-07,45.50131358892908
6556.510925292969,3.523377246282615e-08,3.4831082372857935e-07,45.50147122802085
6608.9630126953125,4.3271783794420596e-07,4.277722651907789e-06,45.50622604412794
6613.731384277344,2.1194470528487935e-06,2.0952236937039553e-05,45.51224133524393
6618.499755859375,1.1942425801409863e-05,0.00011805934696874226,45.545384279557396
6666.1834716796875,3.470580847222894e-08,3.430915253222573e-07,45.63613330683168
6670.951843261719,3.183255505997879e-08,3.14687378026997e-07,45.63629013354318
6728.172302246094,1.874993293175128e-08,1.853563818976329e-07,45.63758283644551
6732.940673828125,1.8295635181522085e-08,1.8086532651128954e-07,45.637670150504874
6785.392761230469,2.386735840359735e-08,2.3594576125940632e-07,45.63873589458506
6790.1611328125,2.3480951591059483e-08,2.3212585593103424e-07,45.63884749155495
6847.381591796875,4.258529244980885e-08,4.209858114842807e-07,45.64063691989232
6852.149963378906,4.650581882898643e-08,4.5974299463921317e-07,45.640846902002856
6904.60205078125,1.8570878834406906e-07,1.8358630518490516e-06,45.64565294495028
6909.370422363281,2.296547107299824e-07,2.2702996550228777e-06,45.646631930428406
6952.2857666015625,0.00012315464257424484,0.001217470966138868,46.2850312016792
6966.590881347656,2.277313605495849e-06,2.2512859747148844e-05,46.78729663077548
6971.3592529296875,1.3594492672751211e-06,1.3439119940999645e-05,46.79586825068861
7028.5797119140625,1.1593807604521086e-07,1.1461300890053752e-06,46.81637116588946
7033.348083496094,1.128632448266459e-07,1.1157332021635054e-06,46.81691043612146
7081.031799316406,5.38601762110906e-08,5.324460320575797e-07,46.82033854554098
7090.568542480469,5.524026970012543e-08,5.460892347687098e-07,46.82086859135302
7095.3369140625,5.08402125301315e-08,5.025915497294366e-07,46.82111861633559
7143.0206298828125,3.6923258068478195e-08,3.65012586890702e-07,46.82313395948906
7152.557373046875,3.8698057962507806e-08,3.8255774228656747e-07,46.82349294164273
7157.325744628906,3.749054152253502e-08,3.706205860732646e-07,46.823672513349585
7162.0941162109375,3.626697316636271e-08,3.5852474528652373e-07,46.82384635514345
7214.546203613281,4.488599591429225e-08,4.4372989657238464e-07,46.825843679793174
7219.3145751953125,4.724678107644943e-08,4.6706793184365e-07,46.82606083091727
7224.082946777344,4.714935699812125e-08,4.66104825749652e-07,46.82628331664019
7281.303405761719,8.7178048143843e-06,8.618168205538806e-05,46.863759584669005
7286.07177734375,5.768081395900255e-06,5.702157452652063e-05,46.89790190162598
7343.292236328125,2.2964169486622917e-08,2.270170983980621e-07,46.919047195824454
7348.060607910156,2.1535223651976032e-08,2.128909556112089e-07,46.91915207807762
7367.134094238281,2.1891095178274602e-08,2.1640899798369063e-07,46.91955332981422
7410.0494384765625,1.9011014481870643e-08,1.8793735814360128e-07,46.920405743374005
7414.817810058594,1.9514723047540387e-08,1.929168744759122e-07,46.92049654609898
7472.038269042969,2.5113527379498382e-08,2.4826502519740907e-07,46.92172346467074
7476.806640625,3.0308047346059474e-08,2.9961653830422667e-07,46.92185408981462
7491.111755371094,2.7431195946025223e-08,2.7117682234852365e-07,46.922341666959
7538.795471191406,5.390100146322677e-08,5.328496186225857e-07,46.9241575353999
7543.5638427734375,6.088097437220706e-08,6.018516000622729e-07,46.924428069252166
7605.552673339844,5.518262245487875e-06,5.455193508739682e-05,46.95793434677418
7610.321044921875,3.4055976351424146e-05,0.00033666747403675806,47.05120832241451
7615.089416503906,5.0640475036440336e-05,0.000500617002978008,47.25083249772817
7672.309875488281,9.529542074593993e-08,9.420628044470682e-07,47.463298384421485
7677.0782470703125,8.563682867520077e-08,8.46580773286002e-07,47.4637248302818
7739.067077636719,3.636850251422745e-08,3.5952843488078173e-07,47.46701980182892
7743.83544921875,3.6812207300369565e-08,3.639147713060547e-07,47.4671922841302
7791.5191650390625,2.9763676007529954e-08,2.942350416297648e-07,47.4687685181988
7810.5926513671875,4.1582681644957134e-08,4.110742927649746e-07,47.46937619261585
7815.361022949219,3.790102349367208e-08,3.746784914151728e-07,47.46956353067818
7834.434509277344,3.200114594193381e-08,3.1635401843653125e-07,47.47019391624899
7877.349853515625,6.31947318051341e-08,6.247247328845169e-07,47.47204837673989
7882.118225097656,7.185915338671518e-08,7.103786838316166e-07,47.472366690199465
7944.1070556640625,4.230216467846982e-05,0.0004181868927094155,47.66586701601005
7948.875427246094,2.258202886903661e-05,0.00022323936743178348,47.81879495355135
7953.643798828125,4.299046596028643e-06,4.249912389285416e-05,47.88215194706556
8020.4010009765625,6.579383698667521e-08,6.504187305310915e-07,47.91179213492297
8025.169372558594,6.145922965317361e-08,6.075680635335451e-07,47.912092062346936
8087.158203125,3.270121252376512e-08,3.2327467298863125e-07,47.91469340684347
8091.926574707031,3.254701320080729e-08,3.2175030334429366e-07,47.91484719278181
8144.378662109375,4.348705065506236e-08,4.2990033074580016e-07,47.916361732212
8158.683776855469,2.351895273400455e-08,2.3250152417421739e-07,47.91676577291607
8163.4521484375,2.3891862262864607e-08,2.3618799928302168e-07,47.91687751720629
8211.135864257812,2.2798417549283046e-08,2.2537852296903672e-07,47.91803314558322
8230.209350585938,3.3689987802566204e-08,3.3304941772267944e-07,47.918569198964015
8234.977722167969,3.766738176544464e-08,3.723687772651445e-07,47.91873738376774
8277.89306640625,9.669404064867569e-06,9.558891538940102e-05,47.99305376760687
8306.503295898438,1.4190910737594585e-07,1.4028721487843313e-06,48.0357761823951
8311.271667480469,1.084778056561458e-07,1.0723800264142985e-06,48.03636632850163
8378.028869628906,5.5826552795553643e-08,5.518850588781547e-07,48.04115188186413
8382.797241210938,5.418889785559769e-08,5.356956785975997e-07,48.04141118131822
8425.712585449219,5.128472493026529e-08,5.069858699916658e-07,48.04370884479857
8454.322814941406,6.073409699644604e-08,6.003996130576912e-07,48.04534169185644
8459.091186523438,6.046974750347958e-08,5.977863308795048e-07,48.045627361646694
8525.848388671875,1.2284593891486414e-07,1.2144192115758171e-06,48.05116163487656
8530.616760253906,1.2903432415629198e-07,1.2755957876369154e-06,48.05175530071461
8602.142333984375,3.1862330525440765e-05,0.0003149817296157434,48.19360754904301
8606.910705566406,6.805102153068414e-05,0.000672732600232687,48.42909699612372
8678.436279296875,9.616851058158655e-08,9.506939165473684e-07,48.78861214506976
8683.204650878906,8.997089353368125e-08,8.894260775333161e-07,48.78905086386413
8735.65673828125,4.91262824010858e-08,4.85648135120882e-07,48.792246087850174
8754.730224609375,4.9893888692693275e-08,4.932364675939695e-07,48.79321473760997
8759.498596191406,4.833926586053647e-08,4.778679185739319e-07,48.79344626693787
8831.024169921875,7.389370482537542e-08,7.304916674261378e-07,48.79756664002857
8835.792541503906,7.641311772391462e-08,7.553978503484591e-07,48.7979209036961
8907.318115234375,5.677028772685716e-07,5.61214547840785e-06,48.81190243627642
8912.086486816406,7.799728903190952e-07,7.710585070038613e-06,48.81507882276354
8935.928344726562,5.589284296826888e-05,0.0005525403842392955,49.05639233015043
8988.380432128906,1.6024289176975645e-07,1.5841146073092542e-06,49.50250745709212
8993.148803710938,1.4332450968211202e-07,1.4168644041889493e-06,49.50322294624395
9055.137634277344,3.9807245751884144e-08,3.935228500676025e-07,49.507496338375
9069.442749023438,4.0606311484069333e-08,4.014221814174985e-07,49.50807634943143
9074.211120605469,3.590913152992073e-08,3.5498722697834394e-07,49.508256691487794
9093.284606933594,3.3046190635854264e-08,3.266850262375454e-07,49.50890558132026
9145.736694335938,4.170035097245348e-08,4.122375375021393e-07,49.51079272077887
9150.505065917969,4.19166416903199e-08,4.143757246118047e-07,49.510989800738294
9226.799011230469,2.0285334069390714e-07,2.005349108379907e-06,49.51730584419204
9231.5673828125,2.519724055862134e-07,2.4909258933088413e-06,49.518377839689194
9269.71435546875,3.826614635871334e-05,0.00037828798983089996,49.76166969688067
9307.861328125,2.22597157350133e-07,2.200530735619276e-06,49.95531336764398
9312.629699707031,1.7547423780261617e-07,1.7346872628146435e-06,49.956251596727625
9384.1552734375,3.962918430260748e-08,3.9176258638487326e-07,49.96191981658039
9393.692016601562,4.242933876693444e-08,4.1944409874821755e-07,49.96230523781324
9398.460388183594,4.1161240374246894e-08,4.069080469759613e-07,49.962502255517656
9474.754333496094,3.150650083965614e-08,3.114641008664096e-07,49.965161173412135
9479.522705078125,3.4489601594745986e-08,3.4095416703423053e-07,49.96531672204855
9555.816650390625,8.747006591399911e-08,8.647036232706141e-07,49.969137789634935
9560.585021972656,1.071693720643951e-07,1.0594452325991409e-06,49.96959654247113
9598.731994628906,1.2819773869866755e-05,0.00012673255471972364,50.034128356150774
9641.647338867188,7.383269539279793e-08,7.298885459256314e-07,50.12470842610899
9646.415710449219,6.292838418285175e-08,6.220916977812451e-07,50.12503076331766
9727.47802734375,2.4368757351487892e-08,2.4090244538230734e-07,50.127844931307244
9732.246398925781,2.435615853381535e-08,2.407778971362699e-07,50.12795977285008
9779.930114746094,2.2860670859297557e-08,2.259939410799944e-07,50.12914206272554
9799.003601074219,2.6794622023995393e-08,2.6488383775880146e-07,50.129592018766836
9813.308715820312,2.6403124306769573e-08,2.610136052278213e-07,50.12995631233126
9818.077087402344,2.6056403007728638e-08,2.575860193398609e-07,50.130079956116866
9899.139404296875,5.520984238345126e-08,5.457884391685278e-07,50.132763333750276
9903.907775878906,6.587941372158307e-08,6.512647172348772e-07,50.13304873346293
9932.518005371094,2.547191323720884e-06,2.5180792351871445e-05,50.1534091540483
9984.970092773438,3.5202218406125944e-08,3.4799888950431133e-07,50.167624265494595
9989.738464355469,3.5546360104175446e-08,3.5140097420737407e-07,50.16779101541632
9999.275207519531,3.521525883268913e-08,3.48127803367361e-07,50.16812642041009
10075.569152832031,4.73323665481003e-08,4.6791400491633515e-07,50.17111463097233
10080.337524414062,4.5791825482919646e-08,4.5268466414770447e-07,50.17133411879894
10166.168212890625,1.2656987805870064e-07,1.2512329905168402e-06,50.17768596320005
10170.936584472656,1.2874928468014282e-07,1.2727779703044847e-06,50.178287734306956
10251.998901367188,9.323736283502644e-06,9.217174427067746e-05,50.26078305953779
10256.767272949219,3.570076426432541e-05,0.00035292736881259825,50.36690295763848
10261.53564453125,7.599772245246329e-05,0.0007512913735491092,50.63016922120968
10342.597961425781,1.2771407331379604e-07,1.2625441719189763e-06,51.13853736214631
10347.366333007812,1.1302505254773117e-07,1.1173327862181597e-06,51.139104769029096
10433.197021484375,4.738294142840833e-08,4.6841397346891216e-07,51.1446480546354
10437.965393066406,5.1339501136492e-08,5.075273716299499e-07,51.14488073718418
10447.502136230469,4.977571350619745e-08,4.920682220819095e-07,51.145368199706596
10528.564453125,1.7256303711122994e-07,1.7059079797581448e-06,51.15226516209478
10533.332824707031,2.10494567688798e-07,2.080888055329047e-06,51.1531680046248
10595.321655273438,5.592022510324248e-05,0.0005528110760591443,51.684711178697704
10619.163513183594,1.2526122244598537e-06,1.2382960018670214e-05,51.96493319305618
10623.931884765625,8.507569087072923e-07,8.410335282072374e-06,51.96989070097663
10714.530944824219,8.07775031893242e-08,7.985428952944614e-07,51.99181850141971
10719.29931640625,7.786816162448021e-08,7.697819910220688e-07,51.99219241921067
10800.361633300781,3.620033534522346e-08,3.5786598317420726e-07,51.99638433554033
10809.898376464844,3.703320031284954e-08,3.660994439321941e-07,51.99673800527081
10814.666748046875,3.543519158070497e-08,3.50301994527479e-07,51.99690880868383
10848.045349121094,3.133970863362963e-08,3.098152416438016e-07,51.99799084234047
10905.265808105469,1.350436170066306e-07,1.3350019084244654e-06,52.000765033689774
10910.0341796875,2.4306804968763763e-07,2.4029000215099124e-06,52.00165621895674
10924.339294433594,3.749722115906975e-06,3.7068661901668774e-05,52.0240455959369
11000.633239746094,3.787811242644415e-08,3.744519992702548e-07,52.05149189931594
11005.401611328125,3.735399978010424e-08,3.692707741327585e-07,52.05166921664283
11072.158813476562,2.3468190980465303e-08,2.3199970824724512e-07,52.053618547744165
11096.000671386719,2.719247406916212e-08,2.6881688732709086e-07,52.054215216388954
11100.76904296875,2.813194570177901e-08,2.7810423055926015e-07,52.054345612544765
11110.305786132812,2.5093328771236797e-08,2.4806534763267525e-07,52.05459132699725
11196.136474609375,5.1688856309654825e-08,5.109809952311856e-07,52.057346514577105
11200.904846191406,5.853189501049706e-08,5.786292849285677e-07,52.057606297911875
11253.35693359375,8.898154259321674e-06,8.796456419755452e-05,52.107555293788806
11291.50390625,1.2621348569052848e-07,1.247709799253129e-06,52.187716725153464
11296.272277832031,1.0402474584121765e-07,1.0283583726476826e-06,52.18825938209295
11382.102966308594,2.9525337172519184e-08,2.918788932486427e-07,52.19242287482152
11391.639709472656,3.067029627335856e-08,3.03197625807572e-07,52.19271151084399
11396.408081054688,2.980756665720018e-08,2.9466893182295224e-07,52.192854053339154
11420.249938964844,2.760698539577632e-08,2.729146257049539e-07,52.19354472192646
11491.775512695312,4.731009907299756e-08,4.6769387513592137e-07,52.19599451435073
11496.543884277344,5.068949103511632e-08,5.011015608803082e-07,52.19622549318203
11587.142944335938,2.1656121467688376e-05,0.00021408611624358745,52.36959197329675
11596.6796875,3.6129622769795876e-06,3.571669392264966e-05,52.479212834240165
11601.448059082031,1.587800890395201e-06,1.5696537651028567e-05,52.49147070385898
11696.815490722656,5.4634524956291045e-08,5.401010184652522e-07,52.51530932717144
11701.583862304688,4.9942790675160154e-08,4.937198983651982e-07,52.515555809285466
11782.646179199219,2.9013020497051794e-08,2.8681427964729747e-07,52.518678028091
11801.719665527344,2.977613404511711e-08,2.943581981648364e-07,52.51923168877989
11806.488037109375,2.6802488347489537e-08,2.6496160194425316e-07,52.51936504101189
11844.635009765625,2.3005839700916544e-08,2.2742903801312528e-07,52.52035338988442
11906.623840332031,1.0202865677892487e-07,1.0086256169157681e-06,52.52233239772851
11911.392211914062,3.070284962643647e-07,3.0351943878509685e-06,52.52329651954819
11916.160583496094,6.479362283787703e-07,6.405309044562525e-06,52.52554731096255
12011.528015136719,2.5528221560259315e-08,2.5236457121816755e-07,52.533925570899065
12016.29638671875,2.520079055124978e-08,2.4912768352518157e-07,52.53404513596986
12040.138244628906,2.7384686849491162e-08,2.707170469514457e-07,52.53464409274012
12106.895446777344,2.300517960001713e-08,2.2742251244768202e-07,52.53627145859886
12116.432189941406,2.4639625542042916e-08,2.4358016950831833e-07,52.53649345641498
12121.200561523438,2.4408500743902143e-08,2.412953369968565e-07,52.53660905974428
12149.810791015625,2.4210823590228748e-08,2.393411581674125e-07,52.53732616612032
12221.336364746094,6.98205487023073e-08,6.902256310288769e-07,52.539878541232795
12226.104736328125,9.083823279776679e-08,8.980003411562226e-07,52.54025720381238
12249.946594238281,1.8043169659954736e-06,1.7836952581685732e-05,52.55674679089102
12326.240539550781,3.0728237802649825e-08,3.0377041890876e-07,52.57025687874477
12331.008911132812,3.179265695498982e-08,3.1429295696894594e-07,52.57040423653664
12335.777282714844,3.093126606272992e-08,3.057774972193011e-07,52.570552072853275
12388.229370117188,2.7102562484752728e-08,2.6792804756230494e-07,52.57208235317926
12440.681457519531,3.5447613199669846e-08,3.504247910386464e-07,52.573689316087346
12445.449829101562,3.6530624860702634e-08,3.611311292305043e-07,52.57385896423881
12450.218200683594,3.5445673078940907e-08,3.504056115695747e-07,52.574028607817525
12550.35400390625,2.201812466695679e-07,2.1766477455111314e-06,52.5811929645778
12555.122375488281,3.080503628681676e-07,3.0452962637964646e-06,52.58243797304865
12578.964233398438,8.847284078058305e-06,8.746167638564733e-05,52.643538309956874
12660.026550292969,4.50601554686887e-08,4.4545158725753713e-07,52.71586194032132
12664.794921875,4.1750942775483005e-08,4.1273767334781746e-07,52.71606654858543
12669.563293457031,4.19775693718525e-08,4.149780379452657e-07,52.71626389138922
12750.625610351562,2.9142277832171228e-08,2.8809208005643363e-07,52.718942531761684
12769.699096679688,2.929875213887736e-08,2.8963893952822807e-07,52.719517021319575
12774.467468261719,3.091766371867216e-08,3.0564302840338314e-07,52.719658947600536
12784.004211425781,3.023422601763742e-08,2.9888676212886675e-07,52.71994774998563
12884.140014648438,2.777393166235665e-07,2.7456500792537487e-06,52.72689393735616
12888.908386230469,3.932867381208287e-07,3.887918271054308e-06,52.7284755032966
12912.750244140625,8.658022472562989e-06,8.559069121709013e-05,52.816683206399404
12998.580932617188,8.567955174165286e-08,8.470031210911891e-07,52.88153612945257
13003.349304199219,7.900181850079109e-08,7.809889930775546e-07,52.88192427301921
13060.569763183594,5.9576052325915455e-08,5.889515203638825e-07,52.88581660766592
13113.021850585938,6.752458750225261e-08,6.675284265872109e-07,52.88925185533989
13117.790222167969,7.326066964343697e-08,7.242336657914055e-07,52.889583677280406
13227.462768554688,2.0550872025310723e-06,2.0315994181516704e-05,52.92037849437068
13232.231140136719,4.462190101538478e-06,4.4111913123699434e-05,52.935739304484876
13241.767883300781,1.532176546606293e-05,0.0001514665157155985,53.03393327427685
13337.135314941406,4.42577861533318e-08,4.3751959764554306e-07,53.154960143186656
13341.903686523438,4.445545644350715e-08,4.394737086244422e-07,53.15516923468463
13346.672058105469,4.5245818085747007e-08,4.472869938734881e-07,53.15538065491132
13461.112976074219,2.3715392852715304e-08,2.34443474035921e-07,53.15882505248878
13465.88134765625,2.465501193637528e-08,2.437322749262032e-07,53.15893905847141
13475.418090820312,2.3933693690986766e-08,2.366015326110905e-07,53.15916887216733
13570.785522460938,4.639038054740704e-07,4.586018053728878e-06,53.16437499397782
13580.322265625,2.2333970974273298e-07,2.2078713925359034e-06,53.167996055491386
13585.090637207031,1.0959521420717537e-07,1.0834264022533064e-06,53.16878076203502
13675.689697265625,2.5735743268130106e-08,2.5441607044625334e-07,53.1720786067459
13699.531555175781,2.8577631533662856e-08,2.825101510263746e-07,53.17272197417056
13704.299926757812,2.829450675844458e-08,2.7971126187028747e-07,53.17285601820095
13713.836669921875,2.7356475910336874e-08,2.704381618145971e-07,53.173119104888485
13818.740844726562,6.104842188402367e-08,6.035069374472685e-07,53.17689460238595
13823.509216308594,6.564622812354214e-08,6.48959512255167e-07,53.17719321365726
13904.571533203125,1.5829393575259955e-05,0.00015648477951487648,53.32874770978635
13942.718505859375,3.9367917061005163e-07,3.891797744469291e-06,53.45780626032332
13947.486877441406,3.332141701718651e-07,3.2940583416961716e-06,53.459519501921015
14052.391052246094,9.706908388650727e-08,9.595967222289302e-07,53.47601671450468
14066.696166992188,1.0953161023634611e-07,1.0827976319024927e-06,53.47747819242472
14071.464538574219,1.1153223618234486e-07,1.102575237946773e-06,53.47799922591916
14081.001281738281,1.048260859205076e-07,1.0362801875313624e-06,53.47902397563446
14190.673828125,5.435988662895325e-07,5.373860238638823e-06,53.50105636357744
14195.442199707031,7.030079494897428e-07,6.949732057016039e-06,53.50399453694199
14233.589172363281,2.79249517640651e-05,0.000276057948713397,53.729689239562326
14314.651489257812,1.5058963824085529e-07,1.4886853514196143e-06,54.011375817538855
14319.419860839844,1.3875903762533002e-07,1.3717314757043452e-06,54.012057794054414
14429.092407226562,6.415695811270843e-08,6.342370222131186e-07,54.020980092720286
14443.397521972656,6.736818812407878e-08,6.659823078370873e-07,54.02191527590335
14448.165893554688,6.888252823168513e-08,6.809526335619895e-07,54.02223641021821
14567.375183105469,1.0453492557982738e-05,0.00010334018611129689,54.14938150734224
14572.1435546875,6.087198097104824e-06,6.017626939149379e-05,54.18836686832294
14681.816101074219,9.042864133881158e-08,8.939512391586605e-07,54.24440093438058
14696.121215820312,9.087779698047973e-08,8.983914611558036e-07,54.245712492974484
14700.889587402344,9.876311439420105e-08,9.763434149703533e-07,54.24615946459984
14715.194702148438,8.819775838280168e-08,8.718973793038952e-07,54.24749156683447
14824.867248535156,3.4035740003372123e-07,3.3646742338743584e-06,54.26408911593062
14829.635620117188,3.620183514781909e-07,3.578808097863183e-06,54.26574457112216
14896.392822265625,3.988571928843836e-05,0.0003942986166190535,54.645174148596666
14958.381652832031,4.0479437188004837e-07,4.001679390391431e-06,55.036829650065435
14963.150024414062,3.619237467877795e-07,3.577872863417863e-06,55.03863675614401
15082.359313964844,8.301936709129386e-08,8.207053095862118e-07,55.05647998670167
15091.896057128906,9.23185986184947e-08,9.126348069654513e-07,55.05728559934793
15096.664428710938,9.51909255451857e-08,9.410297952940236e-07,55.05772754742853
15101.432800292969,8.755450476164119e-08,8.655383611519448e-07,55.05815826684144
15220.64208984375,6.13562994072641e-06,6.065505250687909e-05,55.11826577980965
15225.410461425781,1.0706286583913981e-05,0.00010583923430429622,55.157961111099695
15358.924865722656,5.408927001560596e-08,5.347107867569537e-07,55.30249939665198
15363.693237304688,5.215828955083119e-08,5.156216756775451e-07,55.30274981542526
15435.218811035156,4.155838821452908e-08,4.108341349796419e-07,55.30593127227649
15492.439270019531,7.495074938488236e-08,7.409413024071246e-07,55.308981504846436
15497.207641601562,8.226360597188966e-08,8.132340750393167e-07,55.3093520491316
15559.196472167969,6.1705119327769e-06,6.099988573179755e-05,55.373265997809305
15630.722045898438,1.3046326650527745e-07,1.289721895965534e-06,55.44199596720573
15635.490417480469,1.1500985198697762e-07,1.1369539360212172e-06,55.44257453180953
15707.015991210938,7.673230010291737e-08,7.58553194485037e-07,55.44910737008459
15769.004821777344,1.1931623073819966e-07,1.1795255434671117e-06,55.455065531347394
15773.773193359375,1.2746343804000514e-07,1.2600664645215736e-06,55.45564717540752
15888.214111328125,2.2031321082543203e-05,0.00021779523047626328,55.67136133926347
15907.28759765625,3.107968467069713e-06,3.072447203970704e-05,55.902153374455374
15912.055969238281,2.0205202630653713e-06,1.997427547479073e-05,55.91424089780001
16045.570373535156,7.56597271296764e-08,7.479500501236792e-07,55.95528462288453
16050.338745117188,7.541753348271674e-08,7.455557941931412e-07,55.955640702425804
16069.412231445312,6.36881123913552e-08,6.296021498167989e-07,55.95696658741964
16188.621520996094,2.144285157418393e-07,2.119777921246923e-06,55.96752825361333
16193.389892578125,2.616490953195479e-07,2.5865868326970294e-06,55.9686503384107
16222.000122070312,3.2560536546387034e-06,3.2188399120424154e-05,56.00685768661573
16326.904296875,3.5338868866811055e-08,3.493497762018496e-07,56.04042758178459
16331.672668457031,3.672185842863675e-08,3.6302160864601296e-07,56.04059742435796
16336.441040039062,3.7890562407439184e-08,3.7457507616020065e-07,56.0407732811115
16350.746154785156,3.321883214773372e-08,3.283917099960309e-07,56.04130996710911
16474.72381591797,8.112355842841062e-08,8.019638967074935e-07,56.046927319248915
16479.4921875,9.460204407049897e-08,9.35208284363196e-07,56.04734149337198
16551.01776123047,7.255035034988226e-06,7.172116559141101e-05,56.12281521797484
16617.774963378906,1.3670806267155067e-07,1.3514561340175791e-06,56.213270876169894
16622.543334960938,1.1775048130809499e-07,1.1640470001369102e-06,56.213870618852866
16703.60565185547,6.12418459142965e-08,6.054190711361693e-07,56.22019273109481
16765.594482421875,8.926275249802136e-08,8.824256012798312e-07,56.22466210391573
16770.362854003906,9.070283778437888e-08,8.966618654454074e-07,56.225086271421645
16884.803771972656,1.542421837031797e-05,0.0001524793353196335,56.436672802362885
16913.414001464844,1.0553583208437262e-06,1.0432965316152907e-05,56.58170918114935
16918.182373046875,7.882493542527352e-07,7.79240378454974e-06,56.586054447753945
17042.160034179688,9.309479586646691e-08,9.20308067133726e-07,56.614062676043574
17061.233520507812,9.346660133562959e-08,9.239836278295747e-07,56.615908770347886
17066.001892089844,9.310132993367583e-08,9.203726610211457e-07,56.61634849915364
17075.538635253906,8.99883801362838e-08,8.8959894499913e-07,56.6172245242293
17213.821411132812,4.565146161183928e-06,4.512970677553704e-05,56.68689089898727
17218.589782714844,3.5224103611756028e-06,3.4821524027993515e-05,56.705952757832875
17361.64093017578,3.028064157491174e-08,2.9934561282403707e-07,56.74155520446368
17366.409301757812,3.08406054014062e-08,3.0488125229807503e-07,56.741699263374315
17371.177673339844,3.190845546037275e-08,3.154377073029904e-07,56.74184715893925
17395.01953125,3.1424777446502126e-08,3.106562071781194e-07,56.74261894180081
17518.997192382812,3.0475488543772663e-07,3.012718132698329e-06,56.75195218067376
17523.765563964844,4.3503052921065425e-07,4.300585244918412e-06,56.75369580807359
17547.607421875,3.4510638423808576e-06,3.411621310059329e-05,56.79868944758084
17671.585083007812,4.964562433241455e-08,4.907821983577598e-07,56.84068282248484
17676.353454589844,5.0947234457984e-08,5.036495373714541e-07,56.840919913486275
17695.42694091797,4.5026424921589805e-08,4.4511813688241115e-07,56.84182794539253
17828.941345214844,1.6968286798545888e-07,1.6774354657310598e-06,56.85145476831478
17833.709716796875,2.1673495263431214e-07,2.142578685336059e-06,56.85236553066083
17876.625061035156,4.256579061369348e-06,4.20793022006267e-05,56.908915425337526
17971.99249267578,4.769325083505775e-08,4.714816019822886e-07,56.96293044744235
17986.297607421875,4.85463727561981e-08,4.799153170892026e-07,56.96361373254768
17991.065979003906,4.6971303322819534e-08,4.6434463891817734e-07,56.9638388616647
18043.51806640625,3.911529270211333e-08,3.8668240353291877e-07,56.96604041530915
18143.653869628906,1.435482897568525e-07,1.4190766289017341e-06,56.97274080446374
18148.422241210938,1.6263026980269553e-07,1.607715531964196e-06,56.97346244794998
18205.642700195312,8.199641993020521e-06,8.105927515657635e-05,57.06332160680033
18305.77850341797,1.0354636059422702e-07,1.0236291952763207e-06,57.19342130191221
18310.546875,1.1314245331397306e-07,1.1184933760368975e-06,57.19393202373192
18424.98779296875,5.84707631328443e-08,5.780249529716712e-07,57.2022348626136
18467.90313720703,7.452384297488399e-08,7.367210298411248e-07,57.20498372811546
18472.671508789062,7.529858348488135e-08,7.443798891216004e-07,57.20533685009206
18539.4287109375,1.3315441240080314e-06,1.3163257813324304e-05,57.22896278684151
18630.027770996094,3.101965535130738e-08,3.0665128801038597e-07,57.246320349237536
18634.796142578125,3.084562208674561e-08,3.0493084578979667e-07,57.24646616178087
18792.152404785156,7.260093975362348e-08,7.177117680411221e-07,57.25257823887277
18796.920776367188,8.075130599281399e-08,7.982839174315181e-07,57.25293968041003
18868.446350097656,3.8526360285048825e-06,3.808603890005656e-05,57.30249621499628
18959.04541015625,6.265972085031795e-08,6.194357702401551e-07,57.362563431533516
18963.81378173828,6.71525552183608e-08,6.63850623666939e-07,57.36286939085213
19063.949584960938,3.818320915243395e-08,3.7746809673919653e-07,57.367458235694514
19125.938415527344,7.690847244262491e-08,7.602947829801794e-07,57.370458882020415
19130.706787109375,8.561578321962966e-08,8.463727240351462e-07,57.37084194140453
19202.232360839844,4.968088576904665e-06,4.911307826614172e-05,57.44433262076891
19297.59979248047,1.317812109867732e-07,1.302750711669633e-06,57.5203467996116
19302.3681640625,1.2709001551298312e-07,1.2563749180621909e-06,57.52095694270798
19354.820251464844,9.219395873869382e-08,9.114026533762017e-07,57.52669917287275
19464.492797851562,1.7260703385783192e-07,1.706342918794732e-06,57.539362070648224
19469.261169433594,1.9166380571512037e-07,1.8947326210391601e-06,57.54022063396167
19531.25,3.470705911057199e-06,3.4310388876905865e-05,57.598668253959836
19636.154174804688,3.8755701388222934e-08,3.831275884225314e-07,57.64762481539284
19640.92254638672,3.860641902543981e-08,3.816518264159509e-07,57.647807153014256
19655.227661132812,3.718325661788358e-08,3.6758285690669795e-07,57.64836131271656
19812.583923339844,2.3664391510667956e-07,2.3393928960666306e-06,57.660471273113764
19817.352294921875,2.9762379645797054e-07,2.9422222617483406e-06,57.66173050829505
19860.267639160156,5.57250498920913e-06,5.508816307055651e-05,57.72930798706888
19984.24530029297,5.84978667982407e-08,5.782928919222972e-07,57.830118520107796
19989.013671875,5.087330370709589e-08,5.029186794774299e-07,57.83037630103437
19998.550415039062,5.0893697397320754e-08,5.031202855656959e-07,57.83084436498349
20103.45458984375,2.7315920971150848e-08,2.7003724748477196e-07,57.8345164799356
20160.675048828125,4.199797816687278e-08,4.151797933551447e-07,57.83632459551372
20165.443420410156,4.7292715229627334e-08,4.675220235179818e-07,57.83653504802667
20194.053649902344,2.3461306777077117e-07,2.31931653015425e-06,57.83993064276275
20337.10479736328,2.270092437848668e-08,2.2441473384699989e-07,57.84648309735441
20341.873168945312,2.253248132306985e-08,2.2274955480761386e-07,57.846589709628724
20351.409912109375,2.2377920455534092e-08,2.2122161103876585e-07,57.84680605848882
20518.30291748047,3.384629321588208e-07,3.3459460756355525e-06,57.85481183707807
20523.0712890625,4.356987904939228e-07,4.307191481542286e-06,57.856636487260126
20656.585693359375,2.3237593710479125e-08,2.297200907256417e-07,57.866864420010266
20699.501037597656,2.6599932268200335e-08,2.6295919147563557e-07,57.86790131380886
20704.269409179688,2.6136119445645287e-08,2.5837407285257376e-07,57.868025609344976
20718.57452392578,2.534226363477673e-08,2.505262452690506e-07,57.86839208932646
20856.857299804688,1.4622993936653173e-06,1.4455866367495817e-05,57.89510411421276
20880.699157714844,3.1116534013435354e-07,3.0760900227851094e-06,57.91410788206925
20885.467529296875,2.431147759628148e-07,2.4033619438718708e-06,57.9154142852214
21004.676818847656,4.8433606632671416e-08,4.788005439999542e-07,57.92511817842437
21066.665649414062,6.063582241198333e-08,5.994280991074918e-07,57.92842618485993
21071.434020996094,6.393201619363211e-08,6.320133118452542e-07,57.92871978337138
21185.874938964844,1.8951120732329448e-06,1.873452659609973e-05,57.96603356323148
21252.63214111328,6.971728617803655e-08,6.892048077569158e-07,57.998529789007335
21257.400512695312,6.209167837367533e-08,6.138202675811378e-07,57.998840454394326
21314.620971679688,4.342737592097177e-08,4.2931040368622094e-07,58.00160293419865
21438.5986328125,1.2487901167954658e-07,1.2345175774295962e-06,58.00952676062764
21443.36700439453,1.470193243586168e-07,1.4533902671193417e-06,58.0101676077967
21519.66094970703,4.075474116899126e-06,4.0288951409881946e-05,58.090147007804816
21629.33349609375,5.8211980190201975e-08,5.754667000904688e-07,58.154728812863034
21634.10186767578,5.407926853824539e-08,5.346119150615756e-07,58.154993476229144
21719.932556152344,3.695837013306704e-08,3.6535969454579784e-07,58.15848075716428
21820.068359375,2.898268308034104e-07,2.8651437277199854e-06,58.16711932208588
21824.83673095703,4.0386647447706547e-07,3.992506466626041e-06,58.16875431330119
21848.678588867188,2.0612064012683435e-06,2.0376486799926686e-05,58.196434640716774
21996.498107910156,3.62366865242352e-08,3.5822534035398246e-07,58.23904060445836
22010.80322265625,3.656777660897627e-08,3.6149840060508674e-07,58.23955678850891
22015.57159423828,3.7234142749841144e-08,3.680859024025273e-07,58.23973073496176
22068.023681640625,2.808682030372005e-08,2.7765813400273673e-07,58.241468836828325
22182.464599609375,1.5742011647402848e-07,1.556209471987936e-06,58.24698963287369
22206.30645751953,5.968807883107245e-08,5.900589818011112e-07,58.24941685369366
22211.074829101562,5.3991824900231025e-08,5.33747472696832e-07,58.24968479003172
22268.295288085938,3.4367380850274524e-08,3.3974592831302945e-07,58.251992247479436
22392.27294921875,6.532684359459346e-08,6.458021697230369e-07,58.257396789363234
22401.809692382812,6.265647632458703e-08,6.194036958027347e-07,58.25798047141859
22406.578063964844,7.0409942980326e-08,6.960522113842505e-07,58.25829410054685
22511.48223876953,2.631438343508359e-06,2.6013633878841438e-05,58.31252581100151
22597.312927246094,7.70309144956134e-08,7.615052094929928e-07,58.361733572633035
22602.081298828125,7.118690439119049e-08,7.037330258445544e-07,58.36208291265115
22692.68035888672,4.4129177930196857e-08,4.362482141686343e-07,58.36691484829114
22797.584533691406,1.6597295794214554e-07,1.6407603743962118e-06,58.37440139372927
22802.352905273438,2.0499839372675005e-07,2.0265544785854192e-06,58.37527574972564
22840.499877929688,1.810667094009007e-06,1.7899728099734766e-05,58.403095721451514
22997.85614013672,4.4913676881131486e-08,4.4400354255711563e-07,58.44729810168905
23002.62451171875,4.700194720978017e-08,4.646475754692028e-07,58.447514740997505
23174.285888671875,8.60523507183172e-07,8.506885033131504e-06,58.47436274135137
23202.896118164062,1.9441044904384258e-07,1.921885137884332e-06,58.48704975119675
23207.664489746094,1.6463814220874016e-07,1.6275647744042204e-06,58.48789600600143
23341.17889404297,4.152444316166021e-08,4.1049856406288183e-07,58.49715407974274
23407.936096191406,5.742507120130075e-08,5.67687546767821e-07,58.50031795925149
23412.704467773438,6.226301394157996e-08,6.155140411574367e-07,58.50060005649288
23503.30352783203,1.3509544652809902e-06,1.3355142799945315e-05,58.52913449920246
23608.20770263672,5.185597837628363e-08,5.126331153597389e-07,58.55945972480588
23612.97607421875,5.321167971710128e-08,5.260351843901938e-07,58.55970736262607
23617.74444580078,5.553432714341739e-08,5.489962011006462e-07,58.559963670081494
23622.512817382812,5.2556859516223174e-08,5.195618223963111e-07,58.56021843416714
23822.784423828125,3.4327007451877802e-06,3.3934680864263025e-05,58.62428240484848
23827.552795410156,4.520911875257462e-06,4.469241949429719e-05,58.64302856639485
23837.08953857422,5.649947351220948e-06,5.585373573048903e-05,58.6928346103902
24027.82440185547,7.632585419627743e-08,7.545351885025032e-07,58.82004190704928
24032.5927734375,7.919670080633533e-08,7.82915542851521e-07,58.82040846386808
24037.36114501953,7.270757162263552e-08,7.187658996749257e-07,58.82076649262387
24056.434631347656,6.663136794152051e-08,6.586983178812151e-07,58.822097848170785
24166.107177734375,1.1818701656424336e-06,1.1683624606745528e-05,58.84723972545991
24242.401123046875,1.418877960082622e-07,1.4026614708036946e-06,58.87947319452051
24247.169494628906,1.3415461155876057e-07,1.3262134592121791e-06,58.88012380900387
24313.926696777344,1.0419133657938606e-07,1.03000524021766e-06,58.887807160637095
24456.97784423828,6.681135087576946e-07,6.604775768053477e-06,58.918319143644524
24461.746215820312,7.7697543021652e-07,7.68095305153923e-06,58.92172512681112
24495.12481689453,4.056555421579704e-06,4.010192669211916e-05,58.98942400727615
24652.481079101562,4.494022264531621e-08,4.4426596625867753e-07,59.081088552803585
24671.554565429688,4.7403153313872774e-08,4.6861378228821055e-07,59.08197797930808
24676.32293701172,4.8278614640516e-08,4.772683382585467e-07,59.08220349517925
24695.396423339844,4.7984583485479884e-08,4.7436163180465934e-07,59.08312509140223
24828.91082763672,2.4343554086146494e-06,2.4065329323372677e-05,59.13883060410888
24890.899658203125,1.7985880339513663e-07,1.7780318026261006e-06,59.191856790929165
24895.668029785156,1.7156167325751182e-07,1.69600878803496e-06,59.19268506675053
25019.64569091797,4.847281014910404e-08,4.791880985576193e-07,59.20281731188778
25110.244750976562,7.58987538659313e-08,7.503129988963643e-07,59.20802577955395
25115.013122558594,8.695310875029902e-08,8.595931351526943e-07,59.20840961108691
25157.928466796875,3.4122778359867844e-07,3.3732785925699797e-06,59.21600734114508
25277.137756347656,2.9476348053904926e-08,2.9139460107481226e-07,59.225720683249094
25334.35821533203,3.370002644034903e-08,3.331486567751805e-07,59.227556891488945
25339.126586914062,3.5711875204316615e-08,3.5303720833275803e-07,59.22772049094789
25343.894958496094,3.450778119715047e-08,3.4113388529446634e-07,59.22788599423369
25491.714477539062,5.938924143133478e-07,5.871047622104229e-06,59.24598369203219
25553.70330810547,9.192784296169156e-08,9.087719102279163e-07,59.260707527209014
25558.4716796875,9.224254450391457e-08,9.118829581157347e-07,59.261141605155764
25591.85028076172,7.331403267358595e-08,7.247611971821317e-07,59.26380264486251
25782.58514404297,1.138118574304365e-06,1.1251109103772432e-05,59.309392136343966
25787.353515625,1.4029649927951768e-06,1.3869303743118164e-05,59.315381309481374
25820.73211669922,7.574393824329311e-06,7.487825366926915e-05,59.44662488212855
26001.930236816406,1.1270786993534871e-07,1.1141972111925823e-06,59.64548348196046
26006.698608398438,1.1851407838506945e-07,1.171595698680568e-06,59.64602845745816
26011.46697998047,1.1626659469298405e-07,1.1493777287787433e-06,59.64658182064486
26149.749755859375,1.8078631215248962e-06,1.7872008843538644e-05,59.696452563480186
26235.580444335938,9.652942581699393e-08,9.542618195606939e-07,59.74526547529735
26240.34881591797,8.667342459727643e-08,8.568282589866262e-07,59.7456972728205
26383.399963378906,3.7060594127116696e-08,3.6637025121014107e-07,59.75274032806313
26469.23065185547,2.928237351151573e-07,2.8947702518329404e-06,59.75974008148262
26473.9990234375,3.6187934917719466e-07,3.577433961556568e-06,59.76128317521483
26483.535766601562,4.873925390576769e-07,4.818220840174156e-06,59.76534849896853
26640.892028808594,4.406236848647671e-08,4.3558775544541456e-07,59.78384859628232
26702.880859375,5.350421973124173e-08,5.28927149859016e-07,59.78688395148225
26707.64923095703,5.587747129345808e-08,5.523884243343183e-07,59.787141757205006
26812.55340576172,1.1170537319378455e-06,1.1042868200697514e-05,59.81368499792203
26936.53106689453,9.888516790584701e-08,9.77550000476496e-07,59.85276656320681
26941.299438476562,9.433593149795809e-08,9.325775728932834e-07,59.85322197310876
26960.372924804688,9.225455876593734e-08,9.120017276146879e-07,59.85504568489852
27146.339416503906,4.587550785727252e-06,4.535119237541847e-05,59.98949437292333
27174.949645996094,1.3873111297810557e-06,1.371455420766222e-05,60.0746058322673
27179.718017578125,1.0990725905225633e-06,1.0865111868061125e-05,60.08046608132788
27399.063110351562,4.126751263925722e-08,4.079586236692263e-07,60.1206673624342
27413.368225097656,4.8348091805193665e-08,4.779551692950114e-07,60.12131801473627
27418.136596679688,4.599980561699865e-08,4.54740695243911e-07,60.12154038675903
27480.125427246094,2.3183413423186076e-07,2.291844801685603e-06,60.127934527426554
27656.55517578125,6.68846799755135e-08,6.612024869512048e-07,60.14355056306657
27661.32354736328,7.2337001708771e-08,7.151025533192847e-07,60.14387869975869
27809.14306640625,1.8937386193076258e-06,1.8720949030183795e-05,60.20500165606553
27899.742126464844,1.1244976106834808e-07,1.1116456220270595e-06,60.25674686078805
27904.510498046875,1.0504360030643753e-07,1.0384304714674923e-06,60.25725947887523
28052.330017089844,5.3285148474668394e-08,5.26761475152658e-07,60.26691448520698
28138.160705566406,2.0414827107186446e-07,2.0181504133520998e-06,60.27524851148556
28147.69744873047,1.5488091935964518e-07,1.5311077080637577e-06,60.276999739227534
28152.4658203125,1.3467341057620693e-07,1.3313421553603697e-06,60.27768220045672
28271.67510986328,2.6875015176811764e-08,2.6567858107813103e-07,60.282781875790036
28395.652770996094,5.1638688729449286e-08,5.104850531289229e-07,60.28723938630735
28400.421142578125,5.565336643800241e-08,5.501729889338741e-07,60.28749226689064
28467.178344726562,3.3835091635085295e-07,3.3448387199476233e-06,60.29655484944831
28643.60809326172,4.0196848453775115e-08,3.9737434902831416e-07,60.31349910007242
28648.37646484375,4.3738090098518746e-08,4.3238203364692753e-07,60.31369692941018
28796.19598388672,2.2793574271207707e-07,2.2533064373107697e-06,60.32415153897141
28891.563415527344,3.698894879217929e-08,3.6566198627329143e-07,60.332580751436694
28896.331787109375,4.09888765729003e-08,4.052041085830071e-07,60.33276454023571
28901.100158691406,3.897147429329773e-08,3.8526065658559013e-07,60.33295300172185
28905.868530273438,3.853039666072737e-08,3.8090029143618907e-07,60.333135668726435
29129.981994628906,1.2036575884318563e-06,1.1899008729655253e-05,60.373658278405316
29153.823852539062,6.34053832620303e-07,6.268071719009053e-06,60.39626220008212
29158.592224121094,5.289391785330778e-07,5.22893883053693e-06,60.39900330100125
29277.801513671875,6.838963272280993e-08,6.760800119632217e-07,60.41595211476227
29411.31591796875,4.925976885101087e-07,4.86967743328577e-06,60.43836867949165
29416.08428955078,5.905972495905118e-07,5.838472582342496e-06,60.440921701403184
29463.768005371094,3.2912658309026534e-06,3.25364964504138e-05,60.52304728015528
29668.807983398438,1.0764014871615443e-07,1.0640991936116747e-06,60.64848735151909
29673.57635498047,1.0809426851015368e-07,1.068588489774503e-06,60.64899582388623
29792.78564453125,7.177572707116253e-07,7.095539555479382e-06,60.67513604044499
29902.45819091797,8.270430867149188e-08,8.175907337104768e-07,60.70292525620218
29931.068420410156,8.418880804860096e-08,8.322660626554816e-07,60.705360292968855
29935.836791992188,8.843528862020544e-08,8.742455341243259e-07,60.705767157038984
30121.803283691406,5.113440231917774e-07,5.0549982439299545e-06,60.736493114705105
30193.328857421875,1.5622533109938462e-07,1.544398171382526e-06,60.759063402385586
30198.097229003906,1.4982653850320713e-07,1.4811415694278414e-06,60.7597847472716
30279.159545898438,7.240451072233697e-08,7.157699277864688e-07,60.767955505168544
30450.820922851562,3.748128077659019e-07,3.705290370331558e-06,60.7907427519188
30460.357666015625,3.468036390737624e-07,3.4283998775691116e-06,60.79420679076506
30465.126037597656,2.965657184774259e-07,2.9317624106676363e-06,60.795723171620665
30570.030212402344,6.364722675593978e-08,6.29197966320262e-07,60.807782691249166
30732.154846191406,1.6376042734277204e-07,1.6188879405997584e-06,60.82148298131771
30736.923217773438,1.9253554479986773e-07,1.9033503800090548e-06,60.82232274837336
30784.60693359375,8.641188623870003e-07,8.542427668651544e-06,60.84356870879504
30937.19482421875,1.0086023387994643e-07,9.970749280749434e-07,60.88473028748741
30999.183654785156,1.1609943325641839e-07,1.1477252194504485e-06,60.89121358776549
31003.952026367188,1.1151115660421239e-07,1.1023668513702031e-06,60.891750051519864
31118.392944335938,1.0758797634395556e-06,1.0635834327190358e-05,60.92964915552657
31275.74920654297,2.4529100476274664e-07,2.4248755086406127e-06,60.99414368445694
31280.517578125,2.3024531076884105e-07,2.2761381551791137e-06,60.99526449345499
31447.410583496094,1.6295697095691364e-06,1.6109452045250564e-05,61.073563131428564
31552.31475830078,2.1762568982998268e-07,2.1513842541032704e-06,61.14095898848767
31557.083129882812,2.1750058512454342e-07,2.150147505382995e-06,61.141984553577736
31576.156616210938,2.0510361546514948e-07,2.027594670078247e-06,61.14618001154341
31781.19659423828,5.130637974902397e-06,5.0719994322970714e-05,61.360699252519254
31828.880310058594,9.51549386458267e-07,9.406740392769125e-06,61.49618914559303
31833.648681640625,8.161039647896991e-07,8.067766360356943e-06,61.50035539266361
31938.552856445312,1.8116712515985036e-07,1.7909654909517055e-06,61.53525321401992
32110.214233398438,9.10395306263905e-06,8.999903129248339e-05,61.80954078291958
32114.98260498047,9.22471492764895e-06,9.119284795577078e-05,61.85274029331469
32300.949096679688,5.956334869161741e-07,5.888259359311804e-06,62.25831844979245
32391.54815673828,1.171744287586381e-06,1.1583523122284845e-05,62.32632998907012
32396.316528320312,1.2485304187088247e-06,1.2342608474567437e-05,62.33203442336883
32439.231872558594,3.0047569584847565e-06,2.9704153093973234e-05,62.418445304834414
32572.74627685547,1.2598743993134153e-07,1.2454751766430798e-06,62.51568687082161
32677.650451660156,2.955499506547823e-07,2.9217208254983145e-06,62.53406578502004
32682.418823242188,3.0288400499216086e-07,2.9942231529234486e-06,62.535476255977414
32773.01788330078,3.5724907954191478e-06,3.531660463063003e-05,62.65516397534165
32963.75274658203,1.966268321786717e-07,1.9437956567254514e-06,62.81867693242575
32968.52111816406,2.0696034919207855e-07,2.045949799508501e-06,62.819628161868415
32973.289489746094,2.065045387182336e-07,2.041443789776601e-06,62.820602672440195
33102.03552246094,1.6036766672868525e-06,1.585348096251463e-05,62.88610882231226
33230.78155517578,1.9328986352355873e-07,1.9108073554515766e-06,62.95841460745605
33259.39178466797,2.073467016483435e-07,2.0497691674865733e-06,62.964287516591234
33264.16015625,2.1855239652538427e-07,2.160545406879933e-06,62.965291333809624
33435.821533203125,6.123268727606137e-06,6.053285315031715e-05,63.19711954877475
33550.262451171875,4.545375167828708e-07,4.493425648735816e-06,63.442633855572694
33555.030822753906,4.16066559876216e-07,4.113112961415112e-06,63.44468581427911
33655.16662597656,1.9974519670714102e-07,1.9746229012035468e-06,63.470593000573416
33764.83917236328,1.049463751578348e-06,1.037469331934884e-05,63.51518415389265
33845.90148925781,2.0124718637742723e-07,1.989471134098312e-06,63.55981593012237
33850.669860839844,1.9258287132874612e-07,1.9038182363044668e-06,63.56074416264209
33998.48937988281,9.126972891900593e-08,9.022659862722278e-07,63.57832865779539
34098.62518310547,3.4517293192351325e-07,3.412279181116223e-06,63.594940515632224
34146.30889892578,1.3998290602992527e-07,1.3838302826825e-06,63.60654396800965
34151.07727050781,1.291066492099196e-07,1.2763107720749807e-06,63.60717819506014
34241.676330566406,8.291343162485853e-08,8.196580623856717e-07,63.61580065391589
34427.642822265625,1.403444317795813e-06,1.3874042210620656e-05,63.67727216738906
34446.71630859375,1.097785616035847e-06,1.0852389212715072e-05,63.70142659951023
34451.48468017578,9.91737444142609e-07,9.804027838808393e-06,63.706351473112974
34699.440002441406,5.305241284402573e-08,5.244607184197346e-07,63.74942807297968
34751.89208984375,9.017190346224469e-08,8.914132032056926e-07,63.752815569077846
34756.66046142578,9.485849814735e-08,9.37743514754741e-07,63.7532516740235
34842.491149902344,6.916805273893785e-08,6.837752457707962e-07,63.76048701272514
35057.06787109375,5.370220966677583e-07,5.308844207589348e-06,63.79188758636843
35061.83624267578,6.387086286137716e-07,6.314087677944024e-06,63.79465870927358
35090.44647216797,1.3097978749779434e-06,1.2948280722220357e-05,63.823299793706
35247.802734375,1.0739012769534299e-07,1.0616275585405175e-06,63.88841005552279
35367.01202392578,2.1421028674490183e-07,2.11762057287428e-06,63.90420854807911
35371.78039550781,2.5852795362016524e-07,2.555732133915269e-06,63.9053227621911
35419.464111328125,7.464752937431135e-07,7.379437576008053e-06,63.926692240231255
35567.283630371094,1.0033221703791157e-07,9.918551071946853e-07,63.968271659163534
35676.95617675781,1.6486343260330373e-07,1.629791929699367e-06,63.98103117811379
35681.724548339844,1.7172881362937605e-07,1.697661089123745e-06,63.98182450473456
35753.25012207031,6.554098767128239e-07,6.479191357625608e-06,64.00807503759054
35910.606384277344,8.480678466408986e-08,8.38375199683401e-07,64.04098216504389
35991.668701171875,1.4915340981265136e-07,1.4744872150316385e-06,64.04997879793511
35996.437072753906,1.6204236604402125e-07,1.601903686449413e-06,64.05071226668261
36082.26776123047,9.928779275115007e-07,9.815302325583447e-06,64.0884684554284
36244.39239501953,9.035118307727422e-08,8.931855093206443e-07,64.1392751290616
36311.14959716797,1.4146610318710336e-07,1.398492738260132e-06,64.146841142791
36315.91796875,1.4830454139989556e-07,1.4660955488711077e-06,64.14752411386014
36416.053771972656,1.4060294332466764e-06,1.3899597909859895e-05,64.20216919081905
36630.63049316406,9.531604275909774e-08,9.422666676694216e-07,64.28129736865368
36635.398864746094,1.0179291165534083e-07,1.0062951092112017e-06,64.2817619419838
36659.24072265625,9.127976640536657e-08,9.023652139421042e-07,64.28406548698969
36954.87976074219,3.725148546978288e-07,3.6825734748621718e-06,64.3436201179585
36959.64813232422,3.950401704958422e-07,3.9052521933738e-06,64.34542919657278
37078.857421875,4.6882189117951115e-06,4.634636818155456e-05,64.54028741453473
37279.12902832031,2.5481233514034006e-07,2.519000610637865e-06,64.78315577500928
37283.897399902344,2.6758310571302853e-07,2.6452487330185997e-06,64.78438702799991
37412.64343261719,1.0340867453645512e-06,1.022268070967277e-05,64.84442754614183
37550.926208496094,2.2844520245986347e-07,2.258342808156249e-06,64.90469039782849
37608.14666748047,2.9140540471914213e-07,2.880749050183967e-06,64.91922763916271
37612.9150390625,3.005152196003374e-07,2.9708060297092725e-06,64.92062275861039
37741.661071777344,2.490527222695188e-06,2.462062753486461e-05,65.04209459306189
37899.017333984375,1.8747788383078448e-07,1.853351815133837e-06,65.15825899234954
37937.164306640625,2.1397173031482468e-07,2.1152622734116383e-06,65.16567510468276
37941.932678222656,2.107944699793079e-07,2.0838528021200925e-06,65.16667625173255
37946.70104980469,2.0638646153974187e-07,2.0402765131431554e-06,65.16765952078393
38075.44708251953,2.8460915872718237e-06,2.8135633395928257e-05,65.28729975171923
38275.718688964844,7.673165750389192e-07,7.5854684193802775e-06,65.506740337799
38280.487060546875,8.447782899715735e-07,8.351232396657692e-06,65.51053994336313
38404.46472167969,5.540056533931988e-06,5.4767387082171335e-05,65.79962186905435
38609.50469970703,1.4197989736285007e-07,1.4035719579993778e-06,66.04331423514836
38614.27307128906,1.415552658160239e-07,1.3993741740688547e-06,66.04398250958246
38738.250732421875,9.296050067538408e-07,9.189804639462388e-06,66.08674482384853
38952.82745361328,1.569352418142473e-07,1.5514161421697428e-06,66.15660669446615
38957.59582519531,1.5748372162924686e-07,1.5568382540472762e-06,66.15734776006278
39148.33068847656,8.617137239074941e-08,8.518651169389027e-07,66.19161032644246
39296.15020751953,3.090373282696988e-07,3.0550531166103846e-06,66.21404310599314
39300.91857910156,3.249784448471063e-07,3.2126423572200386e-06,66.21553744104224
39401.05438232422,2.7387116321600083e-06,2.7074106400588903e-05,66.34128444779596
39620.399475097656,2.414165739618013e-07,2.3865740129611345e-06,66.50359374243251
39644.24133300781,2.850776733703847e-07,2.818194939046869e-06,66.50980543474785
39649.009704589844,2.9252261258008345e-07,2.891793442059151e-06,66.51116680206437
39730.072021484375,9.251127054723899e-07,9.145395055974556e-06,66.55676566586389
39987.56408691406,7.739992011594874e-08,7.651530916979166e-07,66.6154004325943
39992.332458496094,7.826258516661561e-08,7.736811474068719e-07,66.61576731926705
39997.100830078125,7.735455334275351e-08,7.647046089770212e-07,66.61613409901321
40159.22546386719,5.990632565918752e-08,5.922165064475881e-07,66.62806472220859
40345.191955566406,1.3580386474169495e-07,1.3425174963484505e-06,66.64277708623653
40349.96032714844,1.3819048712002194e-07,1.3661109508217459e-06,66.64342287358222
40512.0849609375,6.32247603406073e-08,6.250215862497666e-07,66.66395880354953
40698.05145263672,3.316036734874681e-07,3.2781374400287075e-06,66.68499796267437
40702.81982421875,3.50659957838701e-07,3.4665223229301045e-06,66.68660601487157
40864.94445800781,1.3023715131847276e-07,1.287486587014255e-06,66.72651537715281
41055.67932128906,1.197289806956775e-06,1.1836058694621415e-05,66.8051419833034
41060.447692871094,1.0995950682798732e-06,1.0870276931161321e-05,66.81055559557991
41065.216064453125,1.0453282372266406e-06,1.0333810827645622e-05,66.8156110440545
41208.26721191406,1.5520410636741683e-07,1.5343026407952467e-06,66.87187004898867
41384.69696044922,1.3714277555648718e-06,1.3557535791236181e-05,66.94838807094646
41422.84393310547,8.617585106889531e-07,8.51909391848036e-06,66.99119249968292
41427.6123046875,7.914894530490025e-07,7.824434458582178e-06,66.99508910049609
41527.748107910156,2.1957572679783306e-07,2.170661752227826e-06,67.03500790283424
41713.714599609375,1.0502234088176463e-06,1.0382203069803479e-05,67.11235828167948
41785.240173339844,3.251978272890403e-07,3.2148111082143364e-06,67.15973655888897
41790.008544921875,3.0415265021155184e-07,3.006764610465402e-06,67.16121989813159
41918.75457763672,1.3141662753913228e-07,1.2991465457773888e-06,67.18394257961332
42047.50061035156,5.336478925951614e-07,5.27548780781142e-06,67.2166916817923
42157.17315673828,2.528479376170842e-07,2.499581148240601e-06,67.25473132487775
42161.94152832031,2.531410902324648e-07,2.502479169707054e-06,67.25592390899135
42181.01501464844,2.36720376336799e-07,2.340148769542123e-06,67.26058358431261
42376.51824951172,3.172998791962068e-06,3.136734291180827e-05,67.44153485013874
42529.10614013672,4.124626497474746e-07,4.077485754396332e-06,67.64083925797331
42533.87451171875,4.069207238123483e-07,4.022699886957834e-06,67.6427704927244
42600.63171386719,3.434596367196813e-07,3.395342043193608e-06,67.66695279916448
42705.535888671875,9.074428093268039e-07,8.970715603521346e-06,67.72190773611439
42901.039123535156,7.253649361728019e-07,7.170746722870544e-06,67.83908322197065
42905.80749511719,7.365250071669333e-07,7.281071937831177e-06,67.84252880404117
43039.32189941406,4.927957440928466e-06,4.871635353154847e-05,68.1269907269229
43206.214904785156,4.1061981213510754e-07,4.059267997911732e-06,68.39566830299059
43282.508850097656,7.217281539355176e-07,7.13479455175045e-06,68.43445021333606
43287.27722167969,8.016206274522268e-07,7.924588301190094e-06,68.438040649998
43373.10791015625,4.6547424517984925e-06,4.601542963759815e-05,68.63994059429385
43663.978576660156,3.45001575973107e-06,3.410585206044443e-05,69.23068107548941
43668.74694824219,3.746893061962847e-06,3.7040694697456066e-05,69.24764373407541
43702.125549316406,5.3613850507252235e-06,5.300109278149107e-05,69.40136774559879
43950.08087158203,2.195931415208261e-07,2.1708339091127326e-06,69.70937413809503
44045.448303222656,8.84896037942585e-07,8.747824781326731e-06,69.7544956355868
44050.21667480469,9.462758871733089e-07,9.354608113098711e-06,69.75881159191579
44174.1943359375,4.936538814213749e-07,4.880118649120026e-06,69.84176913707162
44364.92919921875,3.2455085512549017e-06,3.208415329634187e-05,70.09184669203012
44436.45477294922,7.811211007598869e-07,7.721935944398374e-06,70.22561337291677
44441.22314453125,6.906870994942663e-07,6.827931718562684e-06,70.22908233169109
44546.12731933594,1.838771246107482e-07,1.8177557570817977e-06,70.26582911659625
44693.946838378906,9.988565363403918e-07,9.87440511306211e-06,70.32298782214187
44827.46124267578,2.0894146283194348e-07,2.0655345125712113e-06,70.39458287072357
44832.22961425781,2.026575414703391e-07,2.0034134942211237e-06,70.39555298352577
44908.52355957031,1.1877202015667274e-07,1.174145635989607e-06,70.40710716478337
45046.80633544922,6.156032743478346e-07,6.0856748678936626e-06,70.44619500052484
45223.236083984375,4.30720964547989e-07,4.2579821424788925e-06,70.52028294567192
45228.004455566406,4.574660951473169e-07,4.522376722412361e-06,70.5223763463565
45356.75048828125,1.9096374304934504e-06,1.88781200520005e-05,70.64918649262333
45542.71697998047,2.0722535530599978e-07,2.0485695728504104e-06,70.77272898391682
45619.01092529297,3.694894620181843e-07,3.652665323032526e-06,70.79188308220367
45623.779296875,3.8855496822406646e-07,3.841141370505999e-06,70.79366974494761
45704.84161376953,1.1493266832674221e-06,1.1361909208117801e-05,70.85837018046519
45862.19787597656,2.5779691442440704e-07,2.548505293112994e-06,70.94109106943887
46024.322509765625,5.895452719456838e-07,5.828073037405869e-06,71.00266648864768
46029.090881347656,6.130926524127595e-07,6.0608555898785235e-06,71.00550103011804
46424.86572265625,1.2537150350838766e-07,1.2393862083649923e-06,71.09768674521666
46429.63409423828,1.2614730234847047e-07,1.2470555299887846e-06,71.09827955912293
46434.40246582031,1.207739036950771e-07,1.193935674226528e-06,71.09886153677743
46563.148498535156,7.595004622518897e-08,7.508200602370956e-07,71.1105112021626
46839.71405029297,2.2424237145681342e-07,2.216794843622821e-06,71.14752746267023
46844.482421875,2.3720251964253213e-07,2.344915097988852e-06,71.14861505907277
47011.375427246094,1.0608402462293968e-06,1.048715803561592e-05,71.23498335195944
47149.658203125,1.5226812746903537e-07,1.505278407593312e-06,71.29515350904599
47249.794006347656,3.2601719739309735e-07,3.222911162677247e-06,71.31602220544269
47254.56237792969,3.494780832517674e-07,3.454838654615761e-06,71.31761430506572
47345.16143798828,1.2471458192770005e-06,1.232892072741684e-05,71.38534964859429
47554.969787597656,1.0319238915193118e-07,1.0201299365814838e-06,71.47314140950793
47669.410705566406,3.5767429247776867e-07,3.535863994436307e-06,71.49425948069923
47674.17907714844,3.758680436905598e-07,3.7157221256746274e-06,71.49598839355822
47693.25256347656,3.907642046176181e-07,3.862981238742107e-06,71.5028146377527
47898.292541503906,7.716591978520702e-08,7.628398325077631e-07,71.53489948037856
48089.027404785156,8.913336795735814e-08,8.811465433536981e-07,71.55579864089624
48093.79577636719,8.6764743547425e-08,8.577310115596536e-07,71.55621322161213
48141.4794921875,8.036794845986985e-08,7.944941563940587e-07,71.56014447655467
48336.98272705078,7.740828337437163e-07,7.652357684374966e-06,71.61015621933124
48513.41247558594,1.3726295774796782e-07,1.3569416653030442e-06,71.67566727515262
48518.18084716797,1.3740649741456348e-07,1.3583606566858832e-06,71.67631465367405
48694.610595703125,6.510966075791655e-08,6.436551633863621e-07,71.69184858355467
48942.56591796875,1.465574925619231e-07,1.44882473234159e-06,71.71426455144713
48947.33428955078,1.4690388541670642e-07,1.4522490713251764e-06,71.71495622134127
48999.786376953125,2.1195125253356996e-07,2.095288417899668e-06,71.72436291730884
49228.668212890625,6.299697028123367e-08,6.227697199955548e-07,71.74747522745263
49371.71936035156,7.718443709360857e-08,7.630228892312344e-07,71.75741769037948
49376.487731933594,7.760680793936425e-08,7.671983245286985e-07,71.757782523547
49395.56121826172,7.243238789837321e-08,7.160455134382367e-07,71.75918385790575
49681.663513183594,9.540126531444845e-07,9.431091530571495e-06,71.84848193955038
49810.40954589844,2.99790084123901e-07,2.963637551358597e-06,71.91491283759147
49815.17791748047,2.853132437140542e-07,2.82052371892805e-06,71.91629188910282
49982.07092285156,6.467582291217369e-07,6.393663686632096e-06,71.97929094423942
50148.963928222656,1.4947435467982445e-07,1.4776599826134938e-06,72.03456177176616
50249.09973144531,3.081354124325377e-07,3.0461370390456874e-06,72.05343720292142
50253.868103027344,3.0354868585704655e-07,3.0007939945728697e-06,72.05487890362636
50349.23553466797,7.97242924497731e-07,7.881311603421546e-06,72.11038153182498
50463.67645263672,2.6959354662784143e-07,2.6651233669890308e-06,72.16456320313908
50692.55828857422,3.202250961385295e-07,3.165652134816225e-06,72.24591137829407
50697.32666015625,2.9065758485050844e-07,2.8733563205317785e-06,72.24735119010917
50749.778747558594,1.6422535432696913e-07,1.6234840735006616e-06,72.25793244192135
51012.03918457031,2.742769817890364e-06,2.7114224444039266e-05,72.505266175256
51136.016845703125,7.889324216287995e-07,7.799156389899341e-06,72.68329436916075
51140.785217285156,7.627297608703078e-07,7.540124508987356e-06,72.6869515387171
51288.604736328125,1.358623634095379e-06,1.3430957971592679e-05,72.80877002300865
51546.09680175781,1.373849270420681e-07,1.3581474182590322e-06,72.9515503515172
51589.012145996094,1.5925455096904766e-07,1.5743441576992203e-06,72.95815412087279
51593.780517578125,1.64728173108689e-07,1.6284547936877158e-06,72.95891772764793
51813.12561035156,8.87157241368778e-08,8.770178380528354e-07,72.9949703776079
51980.018615722656,2.9336427417385364e-07,2.9001138637039267e-06,73.0189044014506
52042.00744628906,1.9939292922810867e-07,1.971140487393785e-06,73.03472204879597
52046.775817871094,2.0006422527038851e-07,1.977776724762319e-06,73.03566354402669
52118.30139160156,1.3716933830251584e-07,1.3560161707027485e-06,73.0475344699128
52332.87811279297,7.608807035381672e-07,7.521845266162627e-06,73.11614957303537
52504.539489746094,4.819782549777505e-07,4.764696802980312e-06,73.20153375659089
52509.307861328125,5.075870497853672e-07,5.017857897880046e-06,73.20386609938265
52666.664123535156,1.6650905597556634e-06,1.6460600835833867e-05,73.36819863352297
52871.7041015625,3.179819645732601e-07,3.143477188773905e-06,73.49794301661196
52967.071533203125,5.281506612771098e-07,5.221143778353966e-06,73.53733265507825
52971.839904785156,5.645066676627827e-07,5.580548680143454e-06,73.5399079792461
53167.34313964844,8.458251413499476e-08,8.361581264815582e-07,73.58453195889133
53434.37194824219,1.859149698198907e-07,1.8379013019330237e-06,73.62765725781864
53439.14031982422,1.8721825160214994e-07,1.8507851664584052e-06,73.62853670920518
53443.90869140625,1.8507195741019432e-07,1.829567526515005e-06,73.62941417366483
53658.485412597656,7.416098500625063e-07,7.331339215323421e-06,73.7139055098074
53901.67236328125,2.819543075081519e-07,2.787318252838265e-06,73.79502840265383
53906.44073486328,3.12815664288014e-07,3.0924046472263927e-06,73.79643023783316
53963.661193847656,4.5242553880742304e-07,4.472547248924925e-06,73.81804595922407
54187.774658203125,1.3144190108089898e-07,1.2993963926582639e-06,73.87066368592178
54378.509521484375,1.8067161352795264e-07,1.7860670071218662e-06,73.9061654112474
54383.277893066406,1.9171932703862795e-07,1.8952814886901e-06,73.90704311312494
54626.46484375,1.0552940057173796e-06,1.043232951552555e-05,74.00712913029496
54860.11505126953,1.7367218574671593e-07,1.7168727004752112e-06,74.11840499425583
54864.88342285156,1.739144860534534e-07,1.7192680108132814e-06,74.11922423404181
54917.335510253906,1.5939854832120033e-07,1.5757676736283178e-06,74.12794707486778
55313.1103515625,1.292544204428404e-06,1.2777715954913871e-05,74.30529296846397
55341.72058105469,9.943925588260025e-07,9.830275530094994e-06,74.33688846293323
55346.48895263672,9.188419888949867e-07,9.08340457627931e-06,74.34139783566978
55823.326110839844,1.301777740906367e-07,1.2868996010149523e-06,74.49264569978219
55832.862854003906,1.3897361462433553e-07,1.3738527214879374e-06,74.4939063505228
55837.63122558594,1.3298876787559527e-07,1.3146882677484919e-06,74.49454734864531
55942.535400390625,1.927095382591738e-07,1.905070428726467e-06,74.51068948902589
56109.42840576172,8.724480749214675e-08,8.624767840483885e-07,74.53341371813273
56324.005126953125,1.2311308202768292e-07,1.2170601106670938e-06,74.55698886052869
56328.773498535156,1.1936284742504292e-07,1.1799863824706842e-06,74.55756036094763
56371.68884277344,1.0062146099914876e-07,9.947144888434526e-07,74.56229983122223
56648.25439453125,6.700949078699333e-07,6.62436330321302e-06,74.63820945747649
56819.915771484375,3.19618228312554e-07,3.159652816049468e-06,74.70879593180298
56824.684143066406,3.5695183935141145e-07,3.528722033018117e-06,74.710390564631
56943.89343261719,5.673107501376798e-07,5.608269023676487e-06,74.76180966306232
57177.54364013672,1.1212855883805254e-07,1.1084703102282524e-06,74.82107477722072
57320.594787597656,1.991279005345741e-07,1.9685204908363873e-06,74.84280450048665
57325.36315917969,2.045715406667166e-07,2.022334733421651e-06,74.84375599451863
57339.66827392578,1.9534592065596546e-07,1.931132938077655e-06,74.8466072010002
57606.69708251953,1.3389618631061735e-06,1.323658742394728e-05,74.9844843024495
57826.04217529297,2.2731222649284653e-07,2.247142537371941e-06,75.12687854240102
57830.810546875,2.1509887331175614e-07,2.1264048811507133e-06,75.12792127736216
58102.60772705078,9.896466300828234e-08,9.783358659310353e-07,75.17418648481703
58288.57421875,2.8190652787900433e-07,2.786845917325416e-06,75.2043931632509
58336.25793457031,2.467402051919907e-07,2.439201882456825e-06,75.21673139989899
58341.026306152344,2.461788380970072e-07,2.433652370678768e-06,75.2178931788862
58598.51837158203,5.327521840821137e-07,5.2666330940469626e-06,75.28882455869467
58789.25323486328,1.6689406387184487e-07,1.6498661596326168e-06,75.3497282643891
58851.24206542969,1.9567296478843943e-07,1.9343660012217675e-06,75.36108466829052
58856.01043701172,2.062599171524998e-07,2.039025532147435e-06,75.36203199865412
59261.322021484375,4.5345053560967685e-07,4.482680069101613e-06,75.47448245771338
59370.994567871094,1.7563469806347457e-07,1.7362735262695224e-06,75.50898147283203
59375.762939453125,1.717402186163497e-07,1.6977738355068238e-06,75.5098002135246
59475.89874267578,9.248409170026932e-08,9.142708234236695e-07,75.5219889625943
59895.51544189453,2.0353339559131365e-07,2.0120719332419405e-06,75.57585677670733
59900.28381347656,2.1158709037949883e-07,2.0916884167930843e-06,75.57683518941896
59957.50427246094,2.4518449952571395e-07,2.4238226288537147e-06,75.58949468750006
60138.702392578125,8.193868244801173e-08,8.100219756148192e-07,75.61449430903959
60420.03631591797,1.2404260563796723e-07,1.2262491106447397e-06,75.65005351814483
60424.8046875,1.3197063146092129e-07,1.3046232673674706e-06,75.65065692514108
60725.21209716797,1.0073945941241347e-07,9.958809868267797e-07,75.68647088676094
60920.71533203125,1.8130899137392465e-07,1.7923679390697888e-06,75.71300899226856
60954.09393310547,1.7145197737137465e-07,1.694924366419296e-06,75.71849493123761
60958.8623046875,1.669500936942511e-07,1.650420054155727e-06,75.71929252350097
60977.935791015625,1.4443857390513337e-07,1.4278777189742598e-06,75.72230985101788
61268.80645751953,1.2122174861821431e-06,1.1983629388416119e-05,75.85815881984212
61492.919921875,4.823366449300365e-07,4.768239741779401e-06,76.01837006822547
61497.68829345703,4.665711160218084e-07,4.6123863097821505e-06,76.02060658375976
61578.75061035156,6.103703933166752e-07,6.033944128462913e-06,76.0640515212071
61783.790588378906,1.5101700704419218e-07,1.492910195071631e-06,76.12652603508009
62031.74591064453,4.384776864710107e-07,4.3346628386856845e-06,76.21203530427475
62036.51428222656,4.215159712120016e-07,4.166984256440529e-06,76.2140622548952
62394.142150878906,3.04816882088963e-07,3.0133310135552773e-06,76.38401703946859
62575.340270996094,1.0136311130975045e-06,1.0020462280398949e-05,76.47935891671167
62580.108642578125,9.327206605798133e-07,9.220605086724246e-06,76.48394634465375
62584.877014160156,1.0500357655756145e-06,1.038034808330528e-05,76.48861957605757
62603.95050048828,1.0949550806095747e-06,1.0824407363000906e-05,76.50866859924798
63090.32440185547,2.1066216116273452e-07,2.0825448356530942e-06,76.77294790926777
63133.23974609375,2.3491439533076873e-07,2.322295366744786e-06,76.78261047776785
63138.00811767578,2.475644598585052e-07,2.447350224283085e-06,76.78374764989248
63233.375549316406,4.408635061961158e-07,4.358248358362751e-06,76.81452972477969
63691.139221191406,8.581890395147165e-08,8.483807164946217e-07,76.89466048663809
63695.90759277344,9.053081851183946e-08,8.949613329640044e-07,76.89507613177243
63743.59130859375,8.470498369773702e-08,8.373688249477938e-07,76.8993008259659
64225.196838378906,4.0231763603526565e-07,3.9771951004061746e-06,76.99883875789595
64253.807067871094,3.3540034928156677e-07,3.315670272332376e-06,77.00952194551249
64258.575439453125,3.444094128143901e-07,3.404731253340059e-06,77.01112421409523
64435.00518798828,1.001360288436327e-07,9.89915647784621e-07,77.04308327972659
64816.47491455078,1.4871734037462762e-07,1.470176359436452e-06,77.1013729447169
64821.24328613281,1.576153520851556e-07,1.5581395144381046e-06,77.10209495148462
65193.17626953125,3.226674853738741e-07,3.1897968842133054e-06,77.18942244565066
65379.14276123047,1.231786991386822e-07,1.2177087823359298e-06,77.23079156511966
65388.67950439453,1.2961354546106746e-07,1.2813218009385098e-06,77.2319742312168
65393.44787597656,1.211976325437601e-07,1.198124534345837e-06,77.232565377289
65407.752990722656,1.0548349728409466e-07,1.0427791650059183e-06,77.23425020213558
65922.73712158203,2.3101944839512046e-07,2.2837910545265555e-06,77.3067295802941
65965.65246582031,1.9989918280059233e-07,1.9761451629230196e-06,77.31593985193341
65970.42083740234,1.9270416660671355e-07,1.9050173261330622e-06,77.31686519317932
66065.78826904297,1.6736462780787836e-07,1.6545180177993717e-06,77.33400808080256
66542.6254272461,4.4382408272081773e-07,4.387515756542108e-06,77.45243555889137
66547.39379882812,4.401110233208529e-07,4.350809531583671e-06,77.45451893799029
66552.16217041016,4.322241557069622e-07,4.272842252941258e-06,77.45657497679541
66914.55841064453,1.3061210559635274e-06,1.2911932759169754e-05,77.6957136625183
67133.90350341797,2.451210302497963e-07,2.4231951900576093e-06,77.8223401465254
67138.671875,2.3284266186463316e-07,2.3018148124443036e-06,77.82346667669644
67315.10162353516,1.2611816194075433e-07,1.246767456396151e-06,77.8530158475372
67577.36206054688,2.8558571032998604e-07,2.8232172446222937e-06,77.90497484642853
67725.18157958984,1.6169440055925301e-07,1.5984638009033331e-06,77.9344827114093
67729.94995117188,1.6673213889275712e-07,1.6482654163994646e-06,77.935256791976
67744.25506591797,1.4988583889842002e-07,1.481727795882185e-06,77.93748289263083
67906.37969970703,2.771009104115389e-07,2.7393389811781908e-06,77.9708491273951
68325.99639892578,2.2065389245630503e-07,2.1813201842482532e-06,78.04908406439118
68330.76477050781,2.0587997573575302e-07,2.0352695418408252e-06,78.05008937772234
68583.48846435547,8.417522519126927e-07,8.321317864796681e-06,78.17002287717115
68926.81121826172,6.654384750958276e-07,6.578331163540872e-06,78.38081071001908
68931.57958984375,6.771804672873735e-07,6.694409082156227e-06,78.38397517788924
69346.42791748047,1.4947736479106226e-07,1.4776897396974355e-06,78.52481941629442
69537.16278076172,3.867351431880315e-07,3.823151109655788e-06,78.57166687171761
69541.93115234375,4.077894493015199e-07,4.031287854398635e-06,78.57353951589505
69723.12927246094,1.641458251456212e-07,1.622697871151907e-06,78.62507153744791
70147.51434326172,2.0512998708219337e-07,2.0278553722118404e-06,78.71071446447382
70152.28271484375,2.0761993981014156e-07,2.0524703204587786e-06,78.71168728992774
70557.5942993164,3.0103036299401363e-07,2.9758985874244307e-06,78.78785633330281
70757.86590576172,1.1713279038696345e-07,1.1579406874002884e-06,78.82349800158927
70767.40264892578,1.1803228575261427e-07,1.1668328368878414e-06,78.82462743716523
70772.17102050781,1.1851291244698832e-07,1.1715841725559136e-06,78.82518495922598
70819.85473632812,1.0368079231861871e-07,1.0249581481923768e-06,78.83034376537988
71220.39794921875,8.32297906890888e-07,8.22785496053818e-06,78.94652488459771
71392.05932617188,4.120051016283843e-07,4.072962566809083e-06,79.04747107828817
71396.8276977539,4.072564849770804e-07,4.026019124146735e-06,79.0494020259951
71702.0034790039,2.1088160374478997e-07,2.0847141811751357e-06,79.14025282716139
71892.73834228516,4.99088437927537e-07,4.9338430936216185e-06,79.20667746934959
72021.484375,3.0540493030648316e-07,3.0191442871481828e-06,79.25466982855612
72026.25274658203,3.231700296248479e-07,3.1947648904692755e-06,79.25615133995292
72350.50201416016,2.354802860976338e-07,2.3278895982269565e-06,79.35837811916741
72546.00524902344,5.122449225466209e-07,5.063904272846193e-06,79.42614496316904
72655.67779541016,3.2984891561372173e-07,3.2607904142143793e-06,79.4708453314688
72660.44616699219,2.9986820484297343e-07,2.964409830059071e-06,79.47232953486566
72813.03405761719,3.753106007053712e-07,3.7102114065043308e-06,79.52028382408872
73285.10284423828,8.517022819484801e-08,8.419680966889873e-07,79.60167949967911
73294.63958740234,9.053878029284617e-08,8.950400408146531e-07,79.60251462184816
73299.40795898438,8.357972401331924e-08,8.262448350883021e-07,79.6029250081425
73466.30096435547,6.791591126251307e-08,6.713969394302423e-07,79.61523302020672
73866.8441772461,1.5332387962165393e-07,1.5157152662158103e-06,79.65200715423333
73943.1381225586,1.296962903284405e-07,1.2821397926237437e-06,79.66236243488558
73947.90649414062,1.2868262332656693e-07,1.272118975557346e-06,79.66297141763175
74057.57904052734,1.0064422999264664e-07,9.9493957648881e-07,79.67523352902526
74529.64782714844,5.868780413618546e-07,5.8017055718525334e-06,79.79888009807269
74596.40502929688,4.422619058057198e-07,4.372072530055883e-06,79.8318109416104
74601.1734008789,4.1837225032230103e-07,4.135906346352427e-06,79.83383940184514
74987.41149902344,2.2117442136624017e-07,2.1864659816102964e-06,79.94645798063273
75254.44030761719,3.816750204953579e-07,3.7731282088973647e-06,80.02793672712886
75259.20867919922,3.800986553573992e-07,3.75754472176783e-06,80.02973217946867
75521.46911621094,7.214261685797763e-07,7.13180921238257e-06,80.1513292940229
75917.24395751953,1.7497847376895966e-07,1.7297862838144502e-06,80.30209509047529
75922.01232910156,1.6314848524152746e-07,1.6128384590239896e-06,80.30289203431695
75945.85418701172,1.5957809007186769e-07,1.5775425711399198e-06,80.30682007712565
76198.57788085938,5.122065452753604e-07,5.063524886307913e-06,80.37738751072354
76584.8159790039,2.520350883461729e-07,2.4915455568370116e-06,80.52889383478087
76589.58435058594,2.472912314567767e-07,2.444649167796088e-06,80.53007071531327
77204.70428466797,6.243236981133231e-08,6.171882440137715e-07,80.59083101430814
77261.92474365234,6.635333627332946e-08,6.559497776994213e-07,80.59452392877756
77266.69311523438,6.624009449169801e-08,6.548303023925362e-07,80.59483644310178
77300.0717163086,6.379566827248005e-08,6.306654159655196e-07,80.59700692416074
77519.41680908203,1.0068298363949354e-07,9.953226837666347e-07,80.61457779173568
77943.80187988281,8.50153625200811e-08,8.404371396845321e-07,80.64785939135328
77948.57025146484,8.427432612880298e-08,8.331114695159102e-07,80.64825839643474
77972.412109375,8.286776747108733e-08,8.192066398469214e-07,80.6503066293176
78506.4697265625,4.197193538212852e-07,4.149223419619955e-06,80.74565187895033
78630.44738769531,2.666722175738311e-07,2.6362439578863543e-06,80.78692865824141
78635.21575927734,2.4420891277595017e-07,2.4141782620806865e-06,80.78813277273096
78639.98413085938,2.541351794239685e-07,2.5123064462360617e-06,80.78930733821508
79021.45385742188,1.4057343650863976e-07,1.389668095187388e-06,80.86603493920643
79321.86126708984,2.41200579965919e-07,2.3844387591586765e-06,80.92362240522445
79326.62963867188,2.460201562718665e-07,2.43208368832198e-06,80.92477075366259
79498.291015625,4.0461973370443735e-07,3.9999529681962e-06,80.97982089414208
79751.01470947266,1.0649904575311675e-07,1.0528185817091564e-06,81.0334218842654
80022.81188964844,1.7265425312807665e-07,1.7068097147624971e-06,81.07230882848778
80027.58026123047,1.7506929070542313e-07,1.7306840736262415e-06,81.07312839087248
80499.64904785156,5.657194094202218e-07,5.592537492324986e-06,81.20257581822756
80728.53088378906,4.4040610829229887e-07,4.35372665575999e-06,81.30788491113235
80733.2992553711,4.519048620150662e-07,4.467399989640285e-06,81.30998803161322
80814.36157226562,4.952292281210857e-07,4.895692068265344e-06,81.34767780218253
81343.6508178711,7.422934571115722e-08,7.338097155723303e-07,81.44840983646549
81439.01824951172,8.175057739668538e-08,8.08162423804291e-07,81.45624457970325
81443.78662109375,8.48404267009065e-08,8.387077750716276e-07,81.45663722415603
82139.96887207031,5.442695154070678e-07,5.380490080697548e-06,81.63898250402936
82159.04235839844,5.151931104552662e-07,5.093049200771532e-06,81.64894439760539
82163.81072998047,5.146596861085649e-07,5.087775922873389e-06,81.65137169546544
82178.11584472656,5.197860497280789e-07,5.138453662162562e-06,81.65841043201787
82597.73254394531,2.0244888726678722e-07,2.0013507994702205e-06,81.79232268326987
82883.83483886719,2.7738741397097405e-07,2.7421712720120297e-06,81.87057740137652
82888.60321044922,2.725390085879305e-07,2.694241346980025e-06,81.87187354314855
83031.65435791016,1.8986166839456163e-07,1.8769172157981205e-06,81.9035513203584
83475.11291503906,1.3215831064543642e-06,1.306478609182604e-05,82.17597819986668
83613.39569091797,6.332978554205712e-07,6.2605983483549044e-06,82.3025944759259
83618.1640625,6.028973951378851e-07,5.96006824264561e-06,82.3055081098902
83818.43566894531,2.874459051475172e-07,2.841606589387278e-06,82.38376714688967
84137.9165649414,1.1642394230053062e-06,1.1509332214485699e-05,82.55972273376683
84352.49328613281,9.664281254128911e-07,9.553827277285833e-06,82.77132876859157
84357.26165771484,1.024091831487494e-06,1.0123873898983195e-05,82.77602029814601
84443.0923461914,1.0944218026156235e-06,1.0819135531903472e-05,82.86193558415896
85096.35925292969,1.4002666645651184e-07,1.384262885528169e-06,83.1153989235117
85101.12762451172,1.477348698527151e-07,1.4604639416947116e-06,83.1160771592398
85353.85131835938,1.0545018723647032e-07,1.0424498715662586e-06,83.14749177692934
85821.15173339844,1.939400666324233e-07,1.9172350742171005e-06,83.20958079846285
85844.9935913086,1.8507858683260712e-07,1.829633063056228e-06,83.21396214961977
85849.76196289062,1.7687472855090781e-07,1.7485321068964512e-06,83.21481525067537
85902.21405029297,1.621761797643142e-07,1.6032265299567495e-06,83.22401370083267
86455.3451538086,6.848188625250976e-07,6.769920035177881e-06,83.41908807216562
86603.16467285156,3.763021076465256e-07,3.72001315565766e-06,83.49346688162366
86607.9330444336,3.563435556664162e-07,3.5227087174810177e-06,83.49519368108147
86617.46978759766,3.633599224106832e-07,3.5920704777880043e-06,83.49859757802653
87294.5785522461,9.09871663858219e-08,8.994726552773138e-07,83.62021829296165
87366.10412597656,1.015691500851965e-07,1.0040830674294706e-06,83.62716928363967
87370.8724975586,1.0241464147350908e-07,1.0124413493088602e-06,83.62765006052584
87385.17761230469,9.630175450233645e-08,9.520111271821988e-07,83.62910716359934
88081.35986328125,7.108006303777088e-07,7.026768233088445e-06,83.84088458033942
88138.58032226562,6.692490915228956e-07,6.616001808886217e-06,83.87892387686392
88143.34869384766,6.498827736054974e-07,6.424552024350216e-06,83.88203298717954
88834.76257324219,1.8164851651688643e-07,1.795724385852385e-06,84.13662231580639
88915.82489013672,2.0802926041565112e-07,2.0565167448779783e-06,84.15241645659322
88920.59326171875,2.1686620561442265e-07,2.1438762141109683e-06,84.15341790831418
89168.54858398438,6.982835887165712e-07,6.903028400907952e-06,84.26664847379868
89697.83782958984,3.297272235776918e-07,3.25958740215101e-06,84.50106050727864
89702.60620117188,3.3410642766048297e-07,3.3028789396371497e-06,84.50262512117924
89793.20526123047,4.3475488452618304e-07,4.297860301763209e-06,84.53643759638616
90308.18939208984,1.0479555522469691e-07,1.0359783699551138e-06,84.65777490663527
90489.38751220703,1.2874410880465025e-07,1.2727268031052233e-06,84.67927549771599
90494.15588378906,1.4380386772740074e-07,1.4216031983612623e-06,84.67991787604657
90532.30285644531,1.2966315945195487e-07,1.2818122704178337e-06,84.68508971122594
91075.89721679688,3.0646301675157206e-07,3.0296042219069086e-06,84.80026213828941
91285.70556640625,1.4555892017675925e-07,1.4389531362643888e-06,84.84438162048478
91290.47393798828,1.4585866064173463e-07,1.4419162832952812e-06,84.84506847327837
91357.23114013672,1.1575263510643462e-07,1.144296873836426e-06,84.85353038637452
91781.6162109375,4.247715026829956e-07,4.199167493405365e-06,84.95063194409389
92091.56036376953,2.2990943507542295e-07,2.2728177857929432e-06,85.04110930228592
92096.32873535156,2.1899897012986006e-07,2.164960103608605e-06,85.04216735098467
92263.22174072266,1.4733059149387562e-07,1.4564673634591114e-06,85.07336351872624
92735.29052734375,3.1334393138204314e-07,3.097626942025059e-06,85.1704046071735
92902.18353271484,2.0299499504289286e-07,2.0067494620613644e-06,85.21344200058849
92906.95190429688,2.084618514171486e-07,2.0607932136616755e-06,85.21441177833367
93121.52862548828,1.5195916229921833e-07,1.502224067814171e-06,85.25310451161499
93436.24114990234,3.921412910433573e-07,3.876594714500365e-06,85.32586112870801
93722.34344482422,3.261349833220251e-07,3.2240755601022386e-06,85.4195562202508
93727.11181640625,3.275208491959208e-07,3.237775826930698e-06,85.42109684567684
93731.88018798828,3.510040775991721e-07,3.4699241907646496e-06,85.4226960859841
94141.96014404297,8.5357633014224e-08,8.438207262101782e-07,85.49164423952882
94552.04010009766,1.097214511176704e-07,1.0846743436233618e-06,85.53953695327912
94556.80847167969,1.1051522786850876e-07,1.092521389642428e-06,85.54005603719229
94857.21588134766,8.720096765304033e-08,8.62043396153652e-07,85.5708518313638
95376.96838378906,2.851753136821032e-07,2.819160182761253e-06,85.65404816633601
95381.7367553711,2.626064085047678e-07,2.5960505523274487e-06,85.655339253185
95386.50512695312,2.7027885926961276e-07,2.6718981683821778e-06,85.65659523003377
95520.01953125,1.984879311936316e-07,1.9621939401231506e-06,85.68772743005869
96030.23529052734,7.910015263945608e-07,7.819610957632712e-06,85.88864397977996
96225.73852539062,6.18843216814041e-07,6.1177039964926e-06,86.02346889399925
96230.50689697266,5.798183519560811e-07,5.731915536318098e-06,86.02629406345118
96354.48455810547,7.028862914354605e-07,6.948529380886339e-06,86.10501729413836
96826.55334472656,1.8561070442536549e-07,1.8348934227650752e-06,86.28414545315988
97074.50866699219,3.208109704880485e-07,3.1714439181825315e-06,86.34724313700646
97079.27703857422,3.268843529694271e-07,3.231483610416441e-06,86.34876971388992
97632.40814208984,1.3379600030536153e-07,1.3226683326946726e-06,86.46492335822045
97928.04718017578,1.709747587340324e-07,1.6902067218115074e-06,86.50976507773782
97932.81555175781,1.704609218278313e-07,1.6851270796514213e-06,86.51056982002676
98023.4146118164,2.1684301343002465e-07,2.1436469429234945e-06,86.52742788372747
98438.26293945312,8.654676483027022e-08,8.555761373801265e-07,86.58058208559036
98791.12243652344,1.3544541289353545e-07,1.338973945664765e-06,86.62270541317557
98795.89080810547,1.4275754594531712e-07,1.4112595656382204e-06,86.62336111994153
99058.15124511719,1.8810332265199067e-07,1.8595347213564393e-06,86.6627306372325
99463.46282958984,1.260598284056882e-07,1.246190788039922e-06,86.72101883710842
99663.73443603516,1.606200385212537e-07,1.5878429703682811e-06,86.7491039185266
99668.50280761719,1.563789550456139e-07,1.545916853019924e-06,86.74985106509095
99973.67858886719,8.605105754173043e-08,8.506757193456476e-07,86.78525561213688
100450.51574707031,3.8221397342430347e-07,3.7784561407511e-06,86.88327365436331
100545.88317871094,3.3402191978723644e-07,3.3020435193887757e-06,86.91582928745312
100550.65155029297,3.328080837070901e-07,3.2900438890513396e-06,86.91740096356637
100588.79852294922,3.460896146757907e-07,3.4213412401075053e-06,86.92993773939854
100860.595703125,1.5500849671205132e-07,1.532368900652561e-06,86.99724102916912
101428.03192138672,1.9351331710120663e-07,1.9130163525090945e-06,87.13157596554778
101432.80029296875,1.9334812800321063e-07,1.9113833411460717e-06,87.13248777348865
101995.46813964844,3.0608866122217497e-07,3.0259034520574914e-06,87.24111996926341
102324.4857788086,1.0863503527505882e-07,1.0739343526828213e-06,87.30925570802962
102329.25415039062,1.1476951406729065e-07,1.1345780252705956e-06,87.3097822584127
102529.52575683594,7.897546006076154e-08,7.807284212080911e-07,87.32818955940974
103201.86614990234,1.425970494609121e-07,1.4096729440878984e-06,87.39463196091266
103225.7080078125,1.341093111201076e-07,1.3257656322552692e-06,87.39784285827322
103230.47637939453,1.3870802146563942e-07,1.371227144792177e-06,87.39848587145897
103578.56750488281,1.037207675397662e-07,1.0253533315983347e-06,87.44744427419542
103988.6474609375,2.659851907455991e-07,2.6294522105445787e-06,87.51155458032123
104136.46697998047,1.96719782283771e-07,1.944714534421757e-06,87.54561394989608
104141.2353515625,2.0704654194706282e-07,2.0468018760075382e-06,87.54656560156711
104146.00372314453,2.1324016202515571e-07,2.108030202140895e-06,87.54755619072758
104465.48461914062,1.2007947780252204e-07,1.1870707818875228e-06,87.59835678533993
105056.7626953125,1.4644553902455316e-07,1.4477179922426751e-06,87.69619371697773
105061.53106689453,1.5383191636784278e-07,1.5207375696815014e-06,87.69690145193492
105319.02313232422,9.675971079298353e-08,9.565383498347052e-07,87.72685856541028
105714.79797363281,2.292656481792888e-07,2.266453495839753e-06,87.78283991351789
105981.82678222656,1.9451138926847596e-07,1.9228830035777228e-06,87.83669834058814
105986.5951538086,2.0731088527346345e-07,2.049415097224849e-06,87.83764541025711
106563.56811523438,5.383273251458048e-08,5.321747316582914e-07,87.89392298855395
106916.42761230469,6.589019627102716e-08,6.513713103816293e-07,87.91641344573678
106921.19598388672,6.601558254258346e-08,6.526108425826195e-07,87.91672433930884
107159.61456298828,5.407812881076178e-08,5.346006480472626e-07,87.93175633495382
107698.44055175781,1.4523462640177484e-07,1.4357472623542349e-06,87.97561419163998
107860.56518554688,1.1959161806623985e-07,1.1822479424715127e-06,87.99669890088161
107865.3335571289,1.1550873843102257e-07,1.1418857822620831e-06,87.9972530175419
108141.89910888672,9.351077962375435e-08,9.244203615328388e-07,88.02775510700368
108361.24420166016,1.4818576081859856e-07,1.4649213186021756e-06,88.05519567073603
108809.4711303711,1.376502195689015e-07,1.360770022995663e-06,88.11052595174601
108814.23950195312,1.4505606036054416e-07,1.4339820104222532e-06,88.11119227255476
109019.27947998047,2.24656663373394e-07,2.2208904129769264e-06,88.14862895185995
109729.76684570312,9.301978971579993e-08,9.195665781503624e-07,88.24294120880447
109772.6821899414,9.795558404010691e-08,9.683604048309447e-07,88.24707994901198
109777.45056152344,9.741084652382481e-08,9.629752882297556e-07,88.24754041532368
109829.90264892578,8.677101540121725e-08,8.57793013281524e-07,88.25264375223199
110731.12487792969,2.1450238422986602e-07,2.120508163628414e-06,88.39005470135595
110740.66162109375,2.0512549217095276e-07,2.027810936827056e-06,88.39205424922679
110745.42999267578,2.1111703188428056e-07,2.087041555267177e-06,88.39303530651118
110850.33416748047,2.566520956933297e-07,2.5371879482086936e-06,88.41614359412472
111179.35180664062,1.5992822142330806e-07,1.5810038678137875e-06,88.48252937658953
111713.40942382812,1.704061735854241e-07,1.6845858544553212e-06,88.58252296431209
111718.17779541016,1.6899693686094808e-07,1.6706545501974902e-06,88.58332291596192
111861.2289428711,1.4290875059071182e-07,1.412754330771434e-06,88.60578916466889
112633.70513916016,3.532928309351444e-07,3.4925501403590376e-06,88.76334492201029
112700.4623413086,3.294885697502874e-07,3.2572281398467276e-06,88.78501436840041
112705.23071289062,3.241936099651824e-07,3.204883707915533e-06,88.78655505592515
113253.59344482422,1.0815659658741637e-07,1.0692046470127234e-06,88.90004803415063
113692.2836303711,1.8987479511353433e-07,1.8770469827228248e-06,88.97192094887923
113697.05200195312,1.8592076980394808e-07,1.83795863888798e-06,88.97280667524089
113701.82037353516,1.8900005226241498e-07,1.868399529392486e-06,88.97369033988902
114603.04260253906,7.210973442612173e-08,7.128558550836744e-07,89.07112794527092
114698.41003417969,7.41125200516251e-08,7.32654811091205e-07,89.07869756159748
114703.17840576172,8.128393287536296e-08,8.035493118310635e-07,89.07906382120167
114903.45001220703,1.0381771604595978e-07,1.026311736324572e-06,89.09710344531028
115499.49645996094,5.771250639686719e-08,5.705290474854057e-07,89.14173993397524
115709.30480957031,6.509653249140917e-08,6.435253811631802e-07,89.1551085044119
115714.07318115234,6.508377759648999e-08,6.433992899828911e-07,89.1554153311634
115809.44061279297,5.958103590139627e-08,5.89000786541175e-07,89.16137605278807
116596.22192382812,2.0221952512900591e-07,1.999083392106248e-06,89.2443234704321
116729.736328125,1.6406053787332762e-07,1.6218547459913105e-06,89.26801955790073
116734.50469970703,1.5929631126702207e-07,1.5747569878553428e-06,89.26878168952827
116977.69165039062,1.314529458044008e-07,1.2995055775814744e-06,89.30530362298641
117745.39947509766,1.9650730576487331e-07,1.9426140533734012e-06,89.42899319027417
117759.70458984375,1.8418666313124175e-07,1.8208157648389171e-06,89.43156867494912
117764.47296142578,1.9311830244149835e-07,1.9091113525079446e-06,89.43245795887259
117945.67108154297,2.3808434525438772e-07,2.353632569431186e-06,89.46989797505358
118751.52587890625,1.5455844779601169e-07,1.5279198480048688e-06,89.622596782272
118794.44122314453,1.5988709279343918e-07,1.58059728214478e-06,89.62948398491838
118799.20959472656,1.6081964563663194e-07,1.5898162282376404e-06,89.63023987040269
119180.67932128906,2.3302105221389547e-07,2.303578327536602e-06,89.7036518751618
119676.58996582031,6.902027679533224e-08,6.823143757859303e-07,89.76623140563818
119843.4829711914,7.655768457421978e-08,7.568269961706035e-07,89.77870457761549
119848.25134277344,7.366548530826523e-08,7.28235555677688e-07,89.77905864411898
119962.69226074219,9.043036953537274e-08,8.939683236070663e-07,89.78833195163355
120701.78985595703,5.1008781831130145e-08,5.042579767959148e-07,89.83968424526336
120902.06146240234,5.434399797510147e-08,5.372289532545149e-07,89.85083165631292
120906.82983398438,5.731421745015665e-08,5.665916788355654e-07,89.85109482765961
120925.9033203125,5.5702143614580366e-08,5.506551859103957e-07,89.85218958011154
121965.40832519531,1.7457529901842758e-07,1.7258006155294956e-06,89.95601125849703
121970.17669677734,1.8041510984090796e-07,1.7835312862983804e-06,89.95684794842266
122160.9115600586,2.2593460451863582e-07,2.233523767337305e-06,89.99417390969806
122709.27429199219,9.19596724573766e-08,9.090865673618527e-07,90.07369989066699
123043.06030273438,1.3342092246147752e-07,1.3189604222543864e-06,90.10990089301504
123047.8286743164,1.3147236366482205e-07,1.2996975369002078e-06,90.11052522972483
123205.18493652344,1.7649259703990442e-07,1.744754465955202e-06,90.1343984666752
123991.9662475586,6.364680376957728e-08,6.29193784800145e-07,90.21759712480358
124130.2490234375,7.155324061124145e-08,7.073545191348964e-07,90.226970159121
124135.01739501953,6.931847901516925e-08,6.852623161729185e-07,90.22730218484809
124201.77459716797,6.270194996629471e-08,6.198532349946521e-07,90.23175470258072
124855.04150390625,1.468723311713869e-07,1.4519371352362728e-06,90.30192452257025
125222.20611572266,9.579967512036024e-08,9.470477164858908e-07,90.34493636256326
125226.97448730469,9.019065261955967e-08,8.915985519200685e-07,90.34537472999405
125470.16143798828,1.1013509181545823e-07,1.0887634752179463e-06,90.36835551658731
126304.62646484375,7.617932054904152e-08,7.530865994981171e-07,90.44605210210396
126328.4683227539,8.304719871079203e-08,8.209804448792984e-07,90.4479699117476
126333.23669433594,8.552108109373647e-08,8.454365263710014e-07,90.44836721651409
126361.84692382812,7.289842263683003e-08,7.206525972754638e-07,90.45068767059755
126881.59942626953,2.545465213771905e-07,2.5163728531106605e-06,90.53111151829383
127439.49890136719,1.3127348747946936e-07,1.297731504792426e-06,90.63700485105512
127444.26727294922,1.3533816262378984e-07,1.3379137007012256e-06,90.63763323784003
127763.74816894531,8.314342669953062e-08,8.219317267796014e-07,90.66992788447308
128297.80578613281,2.465558280455371e-07,2.4373791836292795e-06,90.75532800995606
128564.83459472656,2.230259651822245e-07,2.2047698050908927e-06,90.81330012919683
128569.6029663086,2.1491968034631694e-07,2.124633431628402e-06,90.8143323393649
128831.86340332031,2.564240391971581e-07,2.5349334480378135e-06,90.8728533890661
129275.32196044922,9.518745406965366e-08,9.409954772968976e-07,90.94395818702476
129699.70703125,1.3504483710973835e-07,1.3350139700088146e-06,90.99387210192702
129704.47540283203,1.3048686479772298e-07,1.2899551818190134e-06,90.9944979433424
130329.13208007812,8.036577792556394e-08,7.944726991234012e-07,91.05859311888221
130715.37017822266,1.3921578656633347e-07,1.3762467628495385e-06,91.09886794480371
130844.1162109375,1.278873049159607e-07,1.2642566891383419e-06,91.11544435777239
130848.88458251953,1.2086098785243664e-07,1.1947965628701049e-06,91.11603064175468
130858.4213256836,1.307415167298064e-07,1.292472596731698e-06,91.11718443124907
131359.10034179688,7.349425068962486e-08,7.265427800564456e-07,91.16327932238208
131998.06213378906,9.902322024819437e-08,9.789147457682867e-07,91.22285644208928
132002.8305053711,1.0081350233262019e-07,9.966129535940534e-07,91.22332744459635
132479.66766357422,1.363192518382445e-07,1.3476124632393122e-06,91.27830883750363
133128.16619873047,5.851109030512208e-08,5.784236156641074e-07,91.345758407229
133161.5447998047,5.884780808555095e-08,5.817523096774714e-07,91.34792330788926
133166.31317138672,5.969710175224271e-08,5.901481797746908e-07,91.34820271073882
133261.68060302734,4.9851242412806144e-08,4.928148788784234e-07,91.35360363402094
134048.4619140625,9.893664228224187e-08,9.780588611856897e-07,91.4075552607703
134334.56420898438,7.667527346542778e-08,7.579894457380236e-07,91.43185086752445
134339.3325805664,7.080205978514768e-08,6.999285640350873e-07,91.4321984622648
134758.94927978516,6.150770547022022e-08,6.080472813574166e-07,91.46281112472064
135397.91107177734,1.1762453474526109e-07,1.1628019290593597e-06,91.51516613817961
135517.12036132812,1.1087854110175129e-07,1.0961129985646833e-06,91.52782664128799
135521.88873291016,1.0216753613751067e-07,1.0099985378494817e-06,91.52832877740794
135879.5166015625,6.589668094246521e-08,6.514354159568294e-07,91.55726189109379
136651.99279785156,1.735633176834562e-07,1.7157964624756687e-06,91.64416406590436
136713.98162841797,1.4507097283096433e-07,1.4341294307662245e-06,91.6537493321174
136718.75,1.4982990534383416e-07,1.4811748530347388e-06,91.6544443948224
137028.69415283203,1.1817852293379557e-07,1.1682784951150647e-06,91.69620587426695
137610.43548583984,2.3612996595089755e-07,2.3343121442398453e-06,91.7951011819659
137920.37963867188,1.3622091366035092e-07,1.346640320622957e-06,91.85086459163664
137925.1480102539,1.3334424492106605e-07,1.3182024103982793e-06,91.8514999396541
137958.52661132812,1.3420238282655787e-07,1.3266857120671521e-06,91.85562310873347
138549.8046875,6.081669455018599e-08,6.012161484432075e-07,91.90397120244165
139136.31439208984,7.364219622109195e-08,7.280053265375705e-07,91.9438183670912
139141.08276367188,7.547366071370373e-08,7.461106516691413e-07,91.94416982372816
139188.7664794922,7.100805995799164e-08,7.019650218105701e-07,91.94765275159078
139765.73944091797,1.6290249840120151e-07,1.610406704687416e-06,92.01256025067781
140361.78588867188,1.0572629407830899e-07,1.0451793834747376e-06,92.08270854227189
140366.5542602539,1.089354455617083e-07,1.0769041213759073e-06,92.08321448640584
140433.31146240234,1.0009536697928118e-07,9.895136764237184e-07,92.09036901828145
141124.72534179688,1.474889421135253e-07,1.458032771614775e-06,92.17157947594728
141601.5625,1.1965305786951308e-07,1.182855318491506e-06,92.22842669192775
141606.33087158203,1.1932043199803607e-07,1.1795670758995486e-06,92.22898993731825
141768.4555053711,1.3675273020323336e-07,1.3518977042403173e-06,92.24879324665625
142421.72241210938,7.792893566605676e-08,7.70382785515624e-07,92.31486722447976
142850.8758544922,1.2963981399943138e-07,1.2815814840662626e-06,92.35880460168424
142855.64422607422,1.2656071440507316e-07,1.2511424013031331e-06,92.35940845011426
142989.1586303711,1.331121468164222e-07,1.3159079560618997e-06,92.37561462678572
143523.2162475586,7.166569294077727e-08,7.084661901480456e-07,92.42569910138153
144109.72595214844,8.637929465116684e-08,8.539205759129286e-07,92.47742065161704
144114.49432373047,8.563262535337177e-08,8.465392204693061e-07,92.47782607282552
144944.1909790039,5.641257265802296e-08,5.576782807431523e-07,92.5343736631519
145349.50256347656,1.1823098255416663e-07,1.1687970956595624e-06,92.56659661810492
145378.11279296875,1.148971001481568e-07,1.135839304146415e-06,92.56961600555292
145382.88116455078,1.0481344537161432e-07,1.0361552267426178e-06,92.57013384940278
145883.56018066406,7.628377018992571e-08,7.541191582595415e-07,92.619793813162
146384.23919677734,1.5600486952925808e-07,1.5422187524408759e-06,92.67516860379082
146660.80474853516,1.1603305846046906e-07,1.1470690575286355e-06,92.71148783336501
146665.5731201172,1.1544629441719938e-07,1.1412684789087558e-06,92.71203341554894
147871.9711303711,4.399117652930034e-08,4.3488397246920574e-07,92.80585131903695
147957.80181884766,4.6820776594780144e-08,4.6285657547870646e-07,92.80991226361336
147962.5701904297,4.406594704578151e-08,4.356231320415634e-07,92.81012647786858
148000.71716308594,4.406513267554309e-08,4.356150814143175e-07,92.81185931796723
148639.67895507812,8.007345586349556e-08,7.91582888265353e-07,92.84669811061286
149259.5672607422,5.795150097036044e-08,5.728916783063864e-07,92.88718772407032
149264.33563232422,5.859556225298555e-08,5.792586807645967e-07,92.88746241812184
149331.09283447266,5.5788476158089034e-08,5.515086443181156e-07,92.89143872071698
149860.38208007812,9.209858524975232e-08,9.104598188122863e-07,92.93122502720374
150575.6378173828,7.791887371014325e-08,7.702833159468671e-07,92.98441697283796
150580.40618896484,7.982552880845168e-08,7.891319535305599e-07,92.98478876641074
151348.11401367188,1.3668255786499104e-07,1.351204000920245e-06,93.06268040782393
151901.2451171875,6.811653856311034e-08,6.733802825538662e-07,93.1208694174533
151906.01348876953,7.771092556461098e-08,7.682276010801269e-07,93.12121312355653
151910.78186035156,8.032901320581122e-08,7.941092538001751e-07,93.12158561368953
152282.71484375,5.644082401799603e-08,5.579575654684554e-07,93.1457059655868
153226.8524169922,1.0309721617585632e-07,1.019189084229431e-06,93.22106411850143
153245.9259033203,9.9795233326229e-08,9.865466424498918e-07,93.22292563251246
153250.69427490234,9.609759126202897e-08,9.499928287873384e-07,93.22338733950156
153875.35095214844,5.856140000725331e-08,5.789209627423788e-07,93.27259826330409
154595.37506103516,1.0895897033636218e-07,1.0771366804538876e-06,93.32654336620958
154600.1434326172,1.0013978514744776e-07,9.899527815112856e-07,93.32703619874198
154619.2169189453,1.148259097426152e-07,1.1351355365092162e-06,93.32903929455092
155572.89123535156,5.658587017148901e-08,5.593914495424672e-07,93.40720713131006
155959.1293334961,6.975934362666659e-08,6.896205754579677e-07,93.43151920535445
155963.89770507812,6.917625389689796e-08,6.838563200323625e-07,93.4318466677643
155973.4344482422,6.005337629588447e-08,5.936702062593742e-07,93.43245462357261
156469.34509277344,1.1189570008705496e-07,1.1061683363633206e-06,93.47400535462637
157332.4203491211,9.015904080518599e-08,8.912860467202445e-07,93.55380365626206
157337.18872070312,9.550372894969072e-08,9.441220787446021e-07,93.55424125165939
157752.03704833984,7.167518882396385e-08,7.085600636865161e-07,93.58739027756869
158519.74487304688,1.1916479135798217e-07,1.178028457813733e-06,93.65729905501031
158720.0164794922,9.369645281318865e-08,9.262558726642231e-07,93.67779518479902
158724.78485107422,9.766540651108317e-08,9.654917942026499e-07,93.67824621258977
159020.42388916016,7.119241759606412e-08,7.03787527783935e-07,93.70275400453606
159626.00708007812,1.476070123088966e-07,1.459199979215124e-06,93.76604731933449
160121.91772460938,8.873402749691628e-08,8.771987797450352e-07,93.82089234637566
160126.6860961914,8.391243234165301e-08,8.295338928247553e-07,93.82129926315437
160732.26928710938,5.989783953552874e-08,5.921326150980323e-07,93.86230162009345
161533.35571289062,7.638465238693904e-08,7.551164503087632e-07,93.91800241393078
161538.12408447266,8.421941749112445e-08,8.325686586988226e-07,93.91838094755852
161557.19757080078,7.426923425853779e-08,7.342040421466454e-07,93.91986081742661
162706.3751220703,1.1121158748555806e-07,1.0994053982191896e-06,94.01970926717371
162959.09881591797,1.02210902285369e-07,1.0104272429703542e-06,94.04531206312426
162963.8671875,9.91707477249441e-08,9.803731594821037e-07,94.04578670692749
162978.1723022461,1.0097019598298404e-07,9.981619814334326e-07,94.04717951767209
163946.15173339844,5.237130280646234e-08,5.177274627490906e-07,94.11148100852526
164394.37866210938,5.434697057994913e-08,5.372583395611955e-07,94.13714657350798
164399.1470336914,5.426715522646085e-08,5.364693081979197e-07,94.13740257012809
165829.65850830078,1.159605950688926e-07,1.146352705521856e-06,94.2453815556342
165843.96362304688,1.0973217223868733e-07,1.084780329506555e-06,94.24695662210503
165848.7319946289,1.1131941165909411e-07,1.1004713166286308e-06,94.24747762669749
165915.48919677734,1.1554139673307657e-07,1.142208632734652e-06,94.25449194903523
166978.8360595703,6.320237710300134e-08,6.248003120749257e-07,94.34618850683606
167307.85369873047,7.500081970194799e-08,7.414362829942836e-07,94.37158537758053
167312.6220703125,7.957173834856577e-08,7.866230548813851e-07,94.37194969531664
167875.2899169922,7.458547273192879e-08,7.37330283688839e-07,94.41884702066851
168638.2293701172,1.161980167000579e-07,1.148699786692611e-06,94.48813807207446
168781.28051757812,1.1340546278275793e-07,1.1210934111258884e-06,94.50302788024923
168786.04888916016,1.0398359070621725e-07,1.0279515249566562e-06,94.50354025248933
168824.1958618164,1.0779975746122251e-07,1.0656770392291883e-06,94.50749641258143
169730.18646240234,5.9058010953508173e-08,5.838303140741207e-07,94.57861780778583
170269.01245117188,7.265599710006837e-08,7.182560489498088e-07,94.61449476581708
170273.7808227539,6.820190252384937e-08,6.742241658341229e-07,94.61482675897133
171318.05419921875,1.9313324874636667e-07,1.909259107329427e-06,94.72548270118149
171771.04949951172,1.173108462548749e-07,1.1597008959072649e-06,94.79408080664884
171775.81787109375,1.170941625239571e-07,1.157558823584916e-06,94.79463328441857
172491.07360839844,6.42020541532487e-08,6.346828285497535e-07,94.8497665605049
173287.39166259766,7.070837747751646e-08,6.990024479975767e-07,94.9088017814734
173292.1600341797,6.658879517348017e-08,6.582774558823991e-07,94.90912538221954
173783.3023071289,5.363942918472173e-08,5.30263791178568e-07,94.93866111145685
174770.35522460938,8.954090107804409e-08,8.851752972179788e-07,95.00602164958639
174818.0389404297,8.019092520790699e-08,7.927441560279228e-07,95.01005814220646
174822.80731201172,8.336337249469403e-08,8.241060469200245e-07,95.01044362933446
174880.0277709961,8.587529398513574e-08,8.489381719614284e-07,95.01500750293062
175824.16534423828,4.989504178292119e-08,4.93247866708485e-07,95.07474014611013
176358.22296142578,6.243806065141378e-08,6.17244502003136e-07,95.10845746074118
176362.9913330078,7.034078174250248e-08,6.953685035087509e-07,95.10877041206886
176415.44342041016,6.297734968538862e-08,6.225757564934053e-07,95.11245734044653
177803.03955078125,1.1462193158931022e-07,1.1331190678306137e-06,95.23749005804373
177912.71209716797,1.1099772948463518e-07,1.0972912602414583e-06,95.24918558237218
177917.48046875,1.0938356213465989e-07,1.0813340714420228e-06,95.24970500712814
177936.55395507812,1.1718787654522754e-07,1.1584852531342373e-06,95.25175506871567
179462.43286132812,7.009555479900617e-08,6.929442612911523e-07,95.39540843524725
179481.50634765625,7.167841120262542e-08,7.085919191844523e-07,95.3967945947543
179486.27471923828,7.18306430500427e-08,7.100968389380092e-07,95.3971328365122
180664.0625,5.938324248832269e-08,5.87045458405125e-07,95.47746077713319
181012.15362548828,8.05316095622772e-08,7.961120624372444e-07,95.50161375167602
181064.60571289062,7.18947484761135e-08,7.107305665294487e-07,95.50542697613984
181069.37408447266,6.534222200227252e-08,6.459541961871908e-07,95.50575043499326
182061.19537353516,8.99254077621208e-08,8.889764184292033e-07,95.57910545477218
182452.20184326172,6.456619228572545e-08,6.382825921858438e-07,95.60763148365119
182662.0101928711,7.076462925499923e-08,6.995585367039987e-07,95.62218986074468
182666.77856445312,6.88808560643735e-08,6.809361030024435e-07,95.62251899631514
182847.9766845703,6.489248697032575e-08,6.4150824650632e-07,95.63523268670804
183787.34588623047,8.378497949306038e-08,8.282739310444296e-07,95.70458961479102
184273.71978759766,7.962485717006999e-08,7.871481720964987e-07,95.73990578327574
184278.4881591797,8.086573415332272e-08,7.994151209348215e-07,95.74028404944173
184364.31884765625,7.084914148189095e-08,7.003939999912425e-07,95.7467466026682
184931.75506591797,1.1540553876171645e-07,1.1408655803560154e-06,95.7993092399077
185894.96612548828,8.855005145319832e-08,8.753800461024387e-07,95.89195480324426
185899.7344970703,8.945959886250229e-08,8.843715671690265e-07,95.89237436072347
186448.0972290039,1.1598074072642093e-07,1.146551859631046e-06,95.94600742299208
187439.9185180664,6.320650999176092e-08,6.24841168610789e-07,96.03189395137711
187535.28594970703,6.90899674304323e-08,6.830033171288841e-07,96.03834124663906
187540.05432128906,6.726412526933376e-08,6.64953572730904e-07,96.03866262460544
187897.6821899414,5.809071695980627e-08,5.742679270748435e-07,96.06193320784334
189189.91088867188,8.225957387724985e-08,8.131942149247965e-07,96.15093060321288
189194.6792602539,7.513302979497421e-08,7.427432735090172e-07,96.15130156761805
189428.32946777344,7.03016260699436e-08,6.949814219217019e-07,96.16915529669909
190086.36474609375,9.560817601905239e-08,9.451546120847032e-07,96.2213941816279
190858.8409423828,9.32181275362087e-08,9.215272881389392e-07,96.28744610061307
190863.60931396484,9.313515832423864e-08,9.207070786482896e-07,96.28788532351318
191617.01202392578,1.6019930484807798e-07,1.5836837196826273e-06,96.37839800397589
192508.69750976562,7.650813553442186e-08,7.563371687788538e-07,96.4779713162729
192542.07611083984,7.85684883709164e-08,7.76705217485761e-07,96.48071520492425
192546.84448242188,8.321340123677564e-08,8.226234746965625e-07,96.48109651459855
192775.72631835938,6.51144438949639e-08,6.437024480876165e-07,96.4983594080681
194225.31127929688,1.0204861221984143e-07,1.0088228905988756e-06,96.60901055136647
194239.61639404297,9.429502278506818e-08,9.321731612595479e-07,96.61037327683295
194244.384765625,9.670706722489341e-08,9.560179308365743e-07,96.61082345667019
194268.22662353516,1.068470925662597e-07,1.0562592712438872e-06,96.61322721617529
195894.2413330078,5.478255371684274e-08,5.41564387724893e-07,96.74485287028271
195951.4617919922,5.9524923463399944e-08,5.884460753043769e-07,96.7481298041639
195956.23016357422,5.8068285389869495e-08,5.740461751006418e-07,96.74840696391445
196909.90447998047,6.706825534448462e-08,6.630172596398254e-07,96.80337491210237
197677.6123046875,4.982389889249417e-08,4.92544568791885e-07,96.84719567700779
197682.38067626953,5.156108482077109e-08,5.097178834656466e-07,96.84743463499754
197687.14904785156,5.229480969390862e-08,5.169712740931282e-07,96.84767941676765
198225.9750366211,4.7281015197526925e-08,4.6740636040461965e-07,96.87574964162467
199346.54235839844,6.334099314853706e-08,6.26170629972434e-07,96.93707148306676
199422.83630371094,5.7817061154775356e-08,5.715626454031466e-07,96.94143511257293
199427.60467529297,5.752136921793854e-08,5.686395209435618e-07,96.94170695795333
200390.81573486328,6.746550174229832e-08,6.669443219545884e-07,96.99852533400352
200634.00268554688,5.274162498677787e-08,5.213883600829413e-07,97.01295001758695
201182.36541748047,5.8068313169093404e-08,5.740464497179674e-07,97.04463014972909
201187.1337890625,5.6847529507694614e-08,5.619781376135844e-07,97.04490099909702
201883.31604003906,6.521637373938333e-08,6.447100968742945e-07,97.08534486452697
202684.4024658203,4.591950673285763e-08,4.539468838372797e-07,97.12886401586513
202956.1996459961,4.828724318343688e-08,4.773536375234925e-07,97.14228937789397
202960.96801757812,4.997347627740235e-08,4.940232473013606e-07,97.14252097219062
203132.62939453125,4.5924791155722976e-08,4.5399912410428777e-07,97.1510535705484
204224.5864868164,5.680702521544537e-08,5.615777239646411e-07,97.20603675621231
204744.3389892578,5.069872854073285e-08,5.01192880173293e-07,97.23237497224841
204749.10736083984,5.149862988924922e-08,5.091004721831266e-07,97.23261584495395
205082.89337158203,5.973460328203665e-08,5.905189089876183e-07,97.24996446635265
206508.63647460938,3.862624204675582e-08,3.8184779103741326e-07,97.31711001418596
206551.55181884766,4.051831898930822e-08,4.0055231321463963e-07,97.31884606369921
206556.3201904297,4.173848224383416e-08,4.126144921571776e-07,97.31903993777352
207533.8363647461,3.6668249619366556e-08,3.6249164755440086e-07,97.35891416888924
208358.7646484375,5.176709286664553e-08,5.117544190716181e-07,97.39398529050875
208373.0697631836,4.501032999563047e-08,4.449590271270008e-07,97.39463012832321
208377.83813476562,4.987794918673308e-08,4.93078894275453e-07,97.39485377399156
208425.52185058594,4.576486513866734e-08,4.5241814202821145e-07,97.39721653760736
209279.06036376953,8.721471554408256e-08,8.621793038047133e-07,97.4554540148181
210208.89282226562,6.089295734974199e-08,6.019700602918812e-07,97.51112051764443
210213.66119384766,5.5976971610155524e-08,5.533720555167784e-07,97.51139597267007
210552.21557617188,6.73974729174928e-08,6.662718087847228e-07,97.53121465694038
212011.33728027344,4.5322906498558436e-08,4.480490674946028e-07,97.60760852338709
212063.78936767578,4.886254984889892e-08,4.830409518397511e-07,97.61013590870637
212068.5577392578,4.9481633245534534e-08,4.891610301840824e-07,97.61036769972154
212478.6376953125,5.3775899180663395e-08,5.316128938541566e-07,97.63009177935251
213532.4478149414,3.763578967649264e-08,3.7205646706510026e-07,97.67813603024914
213932.99102783203,4.697660927765929e-08,4.643970920440199e-07,97.69545760737684
213937.75939941406,4.668086948679277e-08,4.6147349451342006e-07,97.69567835212652
214047.43194580078,5.05828775112635e-08,5.000476106014114e-07,97.70070192921038
215773.5824584961,3.002703407502833e-08,2.96838522864217e-07,97.7655885337378
215821.2661743164,3.190040548584774e-08,3.153581275968786e-07,97.76710463440553
215826.03454589844,3.2000881966418775e-08,3.1635140885139005e-07,97.76725524569561
216174.12567138672,2.821695429560785e-08,2.789446007856323e-07,97.77828933016846
217680.9310913086,4.9211896933898873e-08,4.864944954837618e-07,97.82889278681559
217723.84643554688,4.768752848770212e-08,4.714250325211785e-07,97.8308972899909
217728.6148071289,4.842049651561861e-08,4.786709411969998e-07,97.83112381052297
218310.35614013672,5.6155433074437346e-08,5.551362736314692e-07,97.86026530002499
219607.35321044922,4.109182563142249e-08,4.062218330237771e-07,97.92201710785453
219645.50018310547,4.3432176647471314e-08,4.2935786227168227e-07,97.92363010026709
219650.2685546875,4.3690575669000264e-08,4.31912319820455e-07,97.92383544308012
220403.67126464844,4.5591334655545613e-08,4.507026701586602e-07,97.95447705243622
221104.62188720703,3.121241744698468e-08,3.085568780064571e-07,97.98150036731712
221581.45904541016,3.8855783688366915e-08,3.8411697292402295e-07,97.99792963074549
221586.2274169922,3.7419040494847254e-08,3.699137477159005e-07,97.99810940567852
222644.80590820312,4.1419692515101425e-08,4.094630296469323e-07,98.0369602397006
223202.70538330078,3.166030856680775e-08,3.12984599308537e-07,98.0570895188497
223536.49139404297,3.8297411345690065e-08,3.7859706639598294e-07,98.06920916613132
223541.259765625,3.9360572804498606e-08,3.891071712638276e-07,98.06939220108482
223841.66717529297,4.4733244354802057e-08,4.4221983909647885e-07,98.08104548644793
225305.55725097656,2.763755586562557e-08,2.7321683647577604e-07,98.13065556035366
225505.82885742188,2.9667829030504667e-08,2.9328752630040873e-07,98.13673221881655
225510.5972290039,3.103221245797568e-08,3.0677542391357084e-07,98.1368752849725
226249.69482421875,3.829829888883991e-08,3.786058403893424e-07,98.16082105207099
227222.44262695312,2.4616392210489e-08,2.4335049155203244e-07,98.19199953982144
227494.2398071289,2.7210892767171495e-08,2.689989692169146e-07,98.19939340580488
227499.00817871094,2.6472463693560354e-08,2.6169907423218105e-07,98.19951993407834
227584.8388671875,2.5710146176380923e-08,2.5416302504438443e-07,98.2018299160961
228414.53552246094,4.0704842639257554e-08,4.0239623175124426e-07,98.2279276649105
229501.72424316406,3.1384567676112595e-08,3.1025870508659365e-07,98.26292380831457
229506.4926147461,3.184494574034466e-08,3.148098686881757e-07,98.26307283627578
230083.46557617188,3.506666252403137e-08,3.466588234922648e-07,98.28131249891024
231165.88592529297,2.247586780626546e-08,2.2218989005150196e-07,98.31020412690722
231528.28216552734,2.636934057427304e-08,2.6067962907732797e-07,98.31939704918544
231533.05053710938,2.51952637373591e-08,2.4907304705101783e-07,98.31951858369418
232033.72955322266,3.124219206159073e-08,3.0885122118388937e-07,98.3329122023534
233421.32568359375,2.2383826647167733e-08,2.2127999793092118e-07,98.36895194854594
233569.14520263672,2.4312810516545807e-08,2.4034937124912324e-07,98.37253352009975
233573.91357421875,2.274948161948475e-08,2.2489475660436626e-07,98.37264444294365
233588.21868896484,2.2297767435916262e-08,2.2042924160637325e-07,98.37297612404906
234742.1646118164,3.2494118992238486e-08,3.2122740658731114e-07,98.40331601598766
235629.08172607422,2.6064585372875188e-08,2.5766690782113974e-07,98.42807209388806
235633.85009765625,2.7336690566510123e-08,2.7024256966183175e-07,98.42819795731558
237007.14111328125,2.2957437746829567e-08,2.2695055037698314e-07,98.46365395081122
237665.17639160156,3.149583567973669e-08,3.113586681983449e-07,98.48124831698922
237703.3233642578,2.986937252605757e-08,2.952799266608082e-07,98.4823934152482
237708.09173583984,3.061181698711333e-08,3.02619516597591e-07,98.4825359655839
237994.19403076172,3.5582398919327575e-08,3.517572434489117e-07,98.49136233757186
239582.06176757812,2.0765012945084695e-08,2.052768766463482e-07,98.53328221603418
239801.40686035156,2.1450719391962092e-08,2.12055571082201e-07,98.53817179185563
239806.1752319336,2.1961136741675986e-08,2.1710140850173304e-07,98.53827411085292
240392.68493652344,2.7021781630442915e-08,2.671294715388083e-07,98.55185029223733
241847.03826904297,1.5909880341456633e-08,1.5728044826884805e-07,98.58170721845393
241918.56384277344,1.723176783481023e-08,1.7034824344100222e-07,98.58293996562249
241923.33221435547,1.7678586399834904e-08,1.7476536177839194e-07,98.58302224711785
242891.3116455078,2.0244808211956792e-08,2.0013428400190583e-07,98.60023655917858
243167.87719726562,1.5531010343112002e-08,1.5353504969284558e-07,98.60518980167376
244050.0259399414,1.832424858811619e-08,1.8114819032415512e-07,98.6205059536438
244054.79431152344,1.7923095433256606e-08,1.7718250694586008e-07,98.6205913863395
244069.09942626953,1.6382380271564814e-08,1.6195144510977152e-07,98.62082951199831
246157.64617919922,2.295414421950352e-08,2.269179915240497e-07,98.66155599325504
246200.5615234375,2.16290389875218e-08,2.138183867239799e-07,98.66248399238324
246205.32989501953,2.161398152954943e-08,2.136695330752499e-07,98.66258591344567
246267.31872558594,1.9916481886315108e-08,1.9688854546917594e-07,98.66391440316532
247516.63208007812,3.083418840396781e-08,3.048178157283467e-07,98.69460887460558
248374.93896484375,2.365750859010498e-08,2.3387124705647975e-07,98.71646144949229
248379.70733642578,2.2483238175656462e-08,2.2226275137898182e-07,98.71657020031208
248928.07006835938,2.7081664128642344e-08,2.6772145249392105e-07,98.72935846277507
250511.16943359375,1.9177965592882406e-08,1.8958778825466195e-07,98.76620023869748
250563.6215209961,1.9354692980136636e-08,1.9133486378836662e-07,98.7673192068455
250568.38989257812,2.1221176650354708e-08,2.097863783213481e-07,98.76741484160209
251722.3358154297,2.296385659006673e-08,2.2701400519374112e-07,98.79130512232162
252523.42224121094,1.813169586641709e-08,1.7924467013831768e-07,98.80742030215191
252771.37756347656,2.0174093430392375e-08,1.9943521824496837e-07,98.81230027495405
252776.1459350586,2.1083044895298683e-08,2.0842084797862363e-07,98.81239751541784
253500.93841552734,2.3251321259710867e-08,2.2985579728348268e-07,98.827238995521
254988.6703491211,1.5601303041847652e-08,1.5422994286173776e-07,98.85484278121633
255002.9754638672,1.6523794359619935e-08,1.6334942364157003e-07,98.85507993440935
255007.74383544922,1.6829352083314463e-08,1.6637007839969904e-07,98.85515854566452
255150.79498291016,1.882532019821101e-08,1.8610163848084262e-07,98.85754750004348
257153.51104736328,1.2712615467320163e-08,1.2567321792858606e-07,98.88813063052808
257248.8784790039,1.373242416744855e-08,1.3575475003707827e-07,98.88945332605182
257253.64685058594,1.2999623490859272e-08,1.2851049574778896e-07,98.88951633179623
257835.38818359375,1.2815966522922407e-08,1.2669491639553325e-07,98.89745598541518
259418.48754882812,1.8922447659596195e-08,1.8706181230603924e-07,98.92098151615242
259518.62335205078,1.4995493230436456e-08,1.4824108331914642e-07,98.92269644595982
259523.3917236328,1.5899661356274053e-08,1.571794263544229e-07,98.92276926388377
259532.92846679688,1.8194948920317727e-08,1.7986997142647022e-07,98.92292933233765
261030.1971435547,1.1845195946165475e-08,1.170981609076438e-07,98.94476509343838
261807.44171142578,1.3052968550819253e-08,1.290378494904549e-07,98.95494047178217
261812.2100830078,1.3183875410233213e-08,1.3033195661685768e-07,98.9550023103628
262079.23889160156,1.4857212706707715e-08,1.4687408229260592e-07,98.95854130791831
263967.51403808594,1.0667987926390894e-08,1.0546062491855304e-07,98.98211456626326
264115.3335571289,1.191604294205791e-08,1.177985336969619e-07,98.98389628845842
264120.10192871094,1.2526522771359854e-08,1.238335596777361e-07,98.98395389803879
264911.6516113281,1.0566888070118407e-08,1.0446118115322067e-07,98.99311076305158
265932.0831298828,1.3216199178844824e-08,1.3065149998914348e-07,99.0047748049029
266447.0672607422,1.2857360060443043e-08,1.2710412086451437e-07,99.01094027757131
266451.8356323242,1.1880989751762047e-08,1.1745200805599773e-07,99.01099858429609
266680.7174682617,1.1477000426020463e-08,1.1345828711751275e-07,99.01382747021668
267453.1936645508,1.6577751125078597e-08,1.6388282452682764e-07,99.02451387003538
268797.8744506836,1.3442484400579881e-08,1.328884898562745e-07,99.04370502693615
268802.6428222656,1.2714289430670881e-08,1.256897662432519e-07,99.04376667679655
269398.68927001953,1.494194921631002e-08,1.4771176277347417e-07,99.05162081087133
270853.04260253906,1.0942103372634522e-08,1.0817045046955188e-07,99.07008172257912
271167.7551269531,1.2678489631114888e-08,1.25335859840359e-07,99.07380309448246
271172.52349853516,1.2595582355868635e-08,1.245162626381411e-07,99.0738626638705
272169.1131591797,1.4164145831832961e-08,1.4002262480699854e-07,99.08642437574517
273475.64697265625,1.0034371930960686e-08,9.919688153062185e-08,99.10140525089803
273556.7092895508,1.050331647478436e-08,1.038327308571332e-07,99.10226929717668
273561.4776611328,1.0841841954726739e-08,1.0717929526195949e-07,99.1023196063641
275354.38537597656,1.2266064531774464e-08,1.2125874529836194e-07,99.12128132468038
275897.9797363281,9.111557338738582e-09,9.007420495363144e-08,99.12693102507004
275969.5053100586,1.0257822955907119e-08,1.0140585335287572e-07,99.1276504170882
275974.2736816406,1.0040263086669083e-08,9.925511978199473e-08,99.1276982583923
276350.9750366211,8.758385565654622e-09,8.65828515559689e-08,99.13140477775167
277833.9385986328,1.219702731076859e-08,1.205762634170403e-07,99.14631567295879
278401.37481689453,1.0949608691043143e-08,1.082446458637581e-07,99.15228976508365
278406.14318847656,1.0551027949729093e-08,1.0430439261736166e-07,99.15234044072339
279140.4724121094,1.221958432872703e-08,1.2079925553388655e-07,99.16019639001249
279932.02209472656,9.449400338564753e-09,9.34140225585882e-08,99.16863357375692
280857.0861816406,1.1163165368555899e-08,1.1035580504592308e-07,99.17835908361968
280861.85455322266,1.0989877603134697e-08,1.0864273261294346e-07,99.17841129693986
280971.5270996094,1.0135629452367051e-08,1.0019788392759697e-07,99.17963447611494
282711.9827270508,1.4427997263324163e-08,1.4263098329434553e-07,99.2002758771951
283336.6394042969,1.1427967370376562e-08,1.129735605949902e-07,99.20789871202406
283341.4077758789,1.1505702873347313e-08,1.1374203116115693e-07,99.20795276523332
283384.3231201172,1.2185546185748527e-08,1.204627643553861e-07,99.20844376563758
285792.35076904297,9.199921999628763e-09,9.094775228256502e-08,99.23323071865053
285835.26611328125,9.50039567172557e-09,9.391814758574213e-08,99.23363814826652
285840.0344848633,1.0111841713562972e-08,9.996272526253405e-08,99.23368437306875
286965.37017822266,1.138941663377707e-08,1.1259245922883706e-07,99.24505321006882
288028.7170410156,9.001903159404944e-09,8.899019563929311e-08,99.25560903401961
288352.96630859375,9.24910684985873e-09,9.143397940220262e-08,99.25875992078748
288357.7346801758,9.65804191310155e-09,9.547659246272246e-08,99.25880448374046
288429.26025390625,1.0670145056883936e-08,1.0548194968301628e-07,99.25949403740499
289130.21087646484,7.844140824869957e-09,7.754489403699462e-08,99.26572499316566
290899.27673339844,9.69240543063606e-09,9.581630019941983e-08,99.281246287185
290904.04510498047,9.55887413569952e-09,9.44962486669885e-08,99.28129166123249
291285.51483154297,1.1288199382541924e-08,1.1159185493105847e-07,99.28500082057086
292201.04217529297,8.7570433280935e-09,8.656958258594738e-08,99.29397595441182
293464.66064453125,1.0520720584728524e-08,1.0400478282452644e-07,99.30648390291105
293469.4290161133,1.0183189495759804e-08,1.0066804867955974e-07,99.30653270071672
293579.1015625,1.091383936522302e-08,1.0789104071535205e-07,99.30760421640112
294814.1098022461,7.219579277985528e-09,7.137066029310496e-08,99.31868321117021
296049.1180419922,8.685412881135404e-09,8.586146482732974e-08,99.32911853175221
296053.8864135742,9.31861873674028e-09,9.212115369227291e-08,99.32916096611523
296311.3784790039,8.364280379521377e-09,8.268684234598135e-08,99.33146966124004
297031.4025878906,1.1377914611621296e-08,1.1247875358417896e-07,99.33825216907661
298662.1856689453,9.692472988860369e-09,9.58169680603701e-08,99.35387075612651
298666.95404052734,9.642690275908531e-09,9.5324830643805e-08,99.35391632788256
298857.6889038086,1.0591917802276522e-08,1.0470861780323869e-07,99.35573396791156
301117.8970336914,6.344716920936237e-09,6.272202556191154e-08,99.37460091120607
301294.32678222656,7.397156686300199e-09,7.312613888770983e-08,99.37582340936584
301299.0951538086,7.11992438316914e-09,7.038550099633357e-08,99.3758576252071
301775.9323120117,5.979433687416023e-09,5.9110941790058755e-08,99.37905757346098
303544.9981689453,7.904378436587294e-09,7.814038554102941e-08,99.3910442952139
303950.30975341797,6.6450590916847395e-09,6.569112088101803e-08,99.39388918172605
303955.078125,7.027432594531656e-09,6.947115408322793e-08,99.3939214069236
304007.53021240234,6.361810222818436e-09,6.289100497123e-08,99.39429450064571
305166.24450683594,9.085954349540803e-09,8.982110125130148e-08,99.4030443999778
306634.90295410156,7.182872579718725e-09,7.100778855340818e-08,99.41377192107194
306639.6713256836,6.954727433602261e-09,6.875241201496503e-08,99.41380524250039
306811.3327026367,7.714946206226191e-09,7.626771362469028e-08,99.41494379289361
308713.9129638672,5.572661339277399e-09,5.508970870184326e-08,99.42716347245036
309338.5696411133,6.578660383075885e-09,6.503472256561014e-08,99.4311185453
309343.3380126953,6.393951426527174e-09,6.320874356000105e-08,99.43114912092497
310363.76953125,5.314733404994452e-09,5.253990818452738e-08,99.43749644254271
311241.14990234375,2.6827717669763347e-08,2.652110116840866e-07,99.44307931914653
312066.07818603516,6.659574098507876e-09,6.58346120155063e-08,99.4482069237905
312070.8465576172,6.560121981566505e-09,6.485145732181157e-08,99.44823808177745
312519.0734863281,5.6903484306008455e-09,5.625312904703448e-08,99.4510829295145
313735.0082397461,8.427276834034011e-09,8.330960696723859e-08,99.45940857393056
314817.4285888672,6.926494632796309e-09,6.847331076018848e-08,99.4671346087111
314822.1969604492,7.080110235453617e-09,6.999190991546148e-08,99.46716762139228
314850.8071899414,7.602047078278447e-09,7.515162569243134e-08,99.4673632471911
317592.6208496094,5.22667686247211e-09,5.166940682413494e-08,99.48457498576727
317597.3892211914,5.398304106748196e-09,5.3366063828182434e-08,99.48460002817492
317826.2710571289,6.698798263488297e-09,6.62223706987075e-08,99.48592140120925
318784.7137451172,5.157778277525169e-09,5.098829545855744e-08,99.49139188841303
320391.6549682617,6.092932437042467e-09,6.023295740778065e-08,99.50078986751923
320396.42333984375,6.018237682187686e-09,5.9494546792819595e-08,99.50081841278066
320715.90423583984,6.668117069857756e-09,6.591906534479728e-08,99.50273286901322
322885.51330566406,4.322455764007239e-09,4.2730540116876954e-08,99.51425338512647
323219.29931640625,5.046682308713184e-09,4.989003303290734e-08,99.51581434024735
323224.0676879883,5.08632953056309e-09,5.028197393323701e-08,99.51583822311491
323262.21466064453,4.406887374770293e-09,4.356520645652701e-08,99.51602371342135
325579.6432495117,6.17323546984691e-09,6.102680982689158e-08,99.52792206361386
326070.78552246094,5.357085543288749e-09,5.295858910186364e-08,99.53057917043392
326075.55389404297,5.651854120588744e-09,5.5872585497707636e-08,99.53060511780795
326094.6273803711,4.8936240304144765e-09,4.83769434240967e-08,99.53070436123404
328850.74615478516,6.448327735731455e-09,6.374629193266669e-08,99.54572473964602
328946.1135864258,5.743228135902736e-09,5.6775882428939834e-08,99.54626865003296
328950.8819580078,5.720291766192958e-09,5.6549140151047644e-08,99.54629566882382
329098.7014770508,6.385020080389628e-09,6.312045087055214e-08,99.54712604041625
331287.3840332031,4.360119063965336e-09,4.310286854258221e-08,99.55862592372219
331845.2835083008,4.9207481300382655e-09,4.864508438154955e-08,99.56134315819757
331850.0518798828,4.810641037316222e-09,4.75565976972231e-08,99.56136609446592
332074.1653442383,5.516059848912815e-09,5.453016283561636e-08,99.56246669441391
333328.2470703125,4.323263450942357e-09,4.2738524674930805e-08,99.5686005751954
334773.06365966797,4.627619812887095e-09,4.574730312032303e-08,99.57547790848629
334777.83203125,5.116790210248787e-09,5.058309935044436e-08,99.57550087544399
335350.03662109375,4.441314459017089e-09,4.390554259524807e-08,99.5783193475485
337057.11364746094,6.265213364386217e-09,6.19360765324539e-08,99.58724493081317
337724.6856689453,5.42100555983886e-09,5.35904837887242e-08,99.59092709670463
337729.45404052734,5.3694698136509575e-09,5.308101639561112e-08,99.59095252917213
337958.33587646484,6.253394831404702e-09,6.181924195385753e-08,99.59224409503943
340533.2565307617,4.665539737683562e-09,4.612216846451853e-08,99.60603918014532
340704.91790771484,5.000265310244167e-09,4.9431168090505585e-08,99.60691185571724
340709.6862792969,5.201497648414274e-09,5.1420492439546226e-08,99.60693590062685
341296.1959838867,4.6327338410571084e-09,4.5797858914947287e-08,99.6100002474313
342454.9102783203,7.962735062876488e-09,7.871728217037149e-08,99.6169039994249
343708.99200439453,7.109303377766593e-09,7.028050482697675e-08,99.62548268287125
343713.76037597656,7.273699800140441e-09,7.190568002941868e-08,99.62551658269942
343832.96966552734,6.355381920913974e-09,6.2827456648839e-08,99.62635259822952
345096.5881347656,1.205707747010644e-08,1.1919276000896366e-07,99.63789366269752
346736.9079589844,1.1444658600389011e-08,1.1313856523878227e-07,99.65459897424853
346741.6763305664,1.1603609980232068e-08,1.1470991233493391e-07,99.6546532975588
346794.12841796875,1.0525663748307134e-08,1.0405364950151105e-07,99.65524835994448
347952.84271240234,1.7760691166267565e-08,1.7557702561195888e-07,99.67145980002567
349793.4341430664,1.355440631473819e-08,1.339949173373196e-07,99.69918906173842
349798.20251464844,1.3699638331217068e-08,1.3543063879873537e-07,99.6992532977967
349864.9597167969,1.4075932294808025e-08,1.391505714446291e-07,99.70012599890289
351467.1325683594,8.816313367870128e-09,8.715550895527965e-08,99.71687045608061
352878.5705566406,1.0617913102137436e-08,1.0496559977464636e-07,99.73180028200748
352883.33892822266,1.0907354567270459e-08,1.0782693388946636e-07,99.73185101570101
353851.318359375,8.76830774999691e-09,8.668093938363751e-08,99.74178093416893
355505.94329833984,1.2900486602782046e-08,1.2753045731493314e-07,99.7593581295538
355992.31719970703,1.1431969583026306e-08,1.1301312530485033e-07,99.76496596212931
355997.08557128906,1.211067797704454e-08,1.1972263902613608e-07,99.76502145065955
356979.3701171875,1.374863998148786e-08,1.359150548568764e-07,99.77665081754982
359048.84338378906,9.900932809169437e-09,9.787774119508822e-08,99.80048939591761
359129.9057006836,1.1551682047627787e-08,1.1419656790101039e-07,99.80138062688854
359134.6740722656,1.1985421397871434e-08,1.1848438892631385e-07,99.80143610235166
359754.5623779297,9.350048831100578e-09,9.243186246091392e-08,99.8080503594279
361008.6441040039,1.6511244574617543e-08,1.6322536011824417e-07,99.82276245994404
362300.8728027344,1.0419002683193078e-08,1.0299922924353721e-07,99.83929645987557
362305.6411743164,1.0472870236814577e-08,1.0353174820652773e-07,99.83934570069776
362310.40954589844,1.1414120458021741e-08,1.1283667404804171e-07,99.83939728694956
365462.3031616211,3.9142920053606514e-09,3.869555194919375e-08,99.86238894950374
365495.6817626953,4.6614306354519265e-09,4.608154707535005e-08,99.86253685551667
365500.45013427734,4.319002110157023e-09,4.269639829971243e-08,99.86255802182825
367217.0639038086,5.575486767005494e-09,5.5117640058339264e-08,99.87072990290679
368709.5642089844,3.769401581256284e-09,3.726320737061019e-08,99.87753316617649
368719.10095214844,4.169351488017367e-09,4.121699578827392e-08,99.87756983702884
368723.86932373047,4.162735681858494e-09,4.11515938533759e-08,99.87758947523095
368914.6041870117,4.409164409726962e-09,4.3587716561632927e-08,99.87835801279556
371413.2308959961,3.0372060930803675e-09,3.002493579790315e-08,99.88723298612466
371966.3619995117,3.3366545879848334e-09,3.298519649761965e-08,99.88906654298482
371971.13037109375,3.5386126662432027e-09,3.4981695302027584e-08,99.8890827475546
372376.4419555664,3.764536895810707e-09,3.721511650561647e-08,99.8904000444781
374698.6389160156,2.308481008297816e-09,2.282097162347112e-08,99.89770543234367
375247.0016479492,2.592969911647174e-09,2.563334615338562e-08,99.89912372433291
375251.77001953125,2.746632966898367e-09,2.7152414411196016e-08,99.89913630943893
375819.20623779297,3.2024040671441463e-09,3.165803490714999e-08,99.90064992321459
378422.73712158203,1.9579898995672974e-09,1.9356118493699906e-08,99.90719698233107
378556.2515258789,2.2065288842457438e-09,2.181310258682675e-08,99.90748021798494
378561.01989746094,2.053290915001253e-09,2.029823660560499e-08,99.90749025811058
378570.556640625,2.4360402758504164e-09,2.4081985430673775e-08,99.90751067467224
379815.10162353516,1.8106474889571696e-09,1.7899534289896155e-08,99.91000387584063
381894.1116333008,2.0815580720121916e-09,2.057767749582851e-08,99.91437628490361
381898.8800048828,2.0552814772255985e-09,2.0317914724624927e-08,99.91438603517261
383105.2780151367,2.2127461608788088e-09,2.187456477477997e-08,99.91678204325923
385003.08990478516,1.5228643324942944e-09,1.505459373212443e-08,99.92028481611474
385265.3503417969,1.6644956436412468e-09,1.6454719668210376e-08,99.92073700044816
385270.1187133789,1.7552711649528714e-09,1.7352100061859743e-08,99.92074506062207
385317.8024291992,1.9203154694356926e-09,1.898368003833754e-08,99.92082905126261
388512.61138916016,1.4017200865345899e-09,1.3856996962016386e-08,99.92597413551317
388660.4309082031,1.6037955702672882e-09,1.5854656402785833e-08,99.92620091539871
388665.19927978516,1.608066049341511e-09,1.589687311646949e-08,99.92620848555327
390815.73486328125,1.2397854462915253e-09,1.2256158221493714e-08,99.9295285289419
391736.0305786133,1.970486034622149e-09,1.947965164925318e-08,99.93085203280225
392088.8900756836,1.6411326727305813e-09,1.6223760134960668e-08,99.9314431734437
392093.6584472656,1.5980368540559716e-09,1.579772740974942e-08,99.93145080796127
392637.2528076172,1.9529871727035603e-09,1.9306662991407728e-08,99.93234241860213
395293.2357788086,1.144998241608525e-09,1.1319119493185566e-08,99.93635153996789
395545.95947265625,1.263364873037772e-09,1.2489257574158778e-08,99.93668002424003
395550.7278442383,1.270510496547565e-09,1.2559897129244066e-08,99.9366859964239
396203.99475097656,1.085083123637554e-09,1.0726816068501703e-08,99.93749602542292
398683.5479736328,1.7835185730036923e-09,1.763134571960926e-08,99.94095639857672
399036.4074707031,1.5217977760409853e-09,1.5044050065328685e-08,99.94150355646626
399041.17584228516,1.5084372936865289e-09,1.4911972223842885e-08,99.94151069853854
399298.66790771484,2.1186404437821716e-09,2.0944263034480058e-08,99.94193644875952
402455.32989501953,8.54979348769765e-10,8.452077096062235e-09,99.94569717391643
402555.4656982422,9.525707245340297e-10,9.416837043840186e-09,99.9457888235304
402560.2340698242,9.418671167487804e-10,9.311024291360124e-09,99.9457932886005
404591.56036376953,1.1106380002722698e-09,1.0979444144030976e-08,99.94766465402013
406088.82904052734,7.38521869284132e-10,7.30081233575898e-09,99.9489386399402
406103.13415527344,8.465996806281518e-10,8.369238134777097e-09,99.94894983936416
406107.90252685547,8.225922451034639e-10,8.131907611852328e-09,99.94895377354386
407600.40283203125,6.747794486257875e-10,6.670673310215058e-09,99.95009334101123
409560.2035522461,9.398834666054292e-10,9.291414503161914e-09,99.95160411445289
409684.1812133789,7.512382594715643e-10,7.426522869472386e-09,99.9517047990984
409688.94958496094,7.479823885917762e-10,7.3943362772109595e-09,99.95170833266657
410890.5792236328,1.0104392060470228e-09,9.988908015944543e-09,99.9526822378487
412015.9149169922,6.517605478057111e-10,6.443115153777892e-09,99.95355980220508
413298.6068725586,7.707820831828345e-10,7.619727424643446e-09,99.9545215482822
413303.3752441406,7.734239962817303e-10,7.645844608906544e-09,99.95452518787819
414986.61041259766,1.3777924239891015e-09,1.3620455051555004e-08,99.95575140147517
416321.7544555664,6.081918960264032e-10,6.012408138058658e-09,99.95667514178731
416941.64276123047,7.275555191628808e-10,7.1924021889869016e-09,99.95709818475474
416946.4111328125,7.09757329218221e-10,7.016454461361572e-09,99.95710157241015
417890.5487060547,7.987513672328758e-10,7.896223629438063e-09,99.95775678559255
419974.32708740234,6.090630296238676e-10,6.0210199113574325e-09,99.95918173446157
420618.05725097656,6.749644680847265e-10,6.6725023587569606e-09,99.95962747454847
420622.8256225586,6.567459532206294e-10,6.492399421266512e-09,99.95963061330563
420961.3800048828,6.407507619084521e-10,6.334275613561313e-09,99.9598678105784
421586.0366821289,8.267094436768717e-10,8.172609039100031e-09,99.9603157199931
424327.8503417969,7.194970594598867e-10,7.112738600874251e-09,99.9622981220232
424332.6187133789,7.47506535285691e-10,7.3896321298707506e-09,99.96230157965782
424528.1219482422,7.478921034154925e-10,7.393443744225596e-09,99.96243801619954
428037.6434326172,4.857436566761132e-10,4.801920468672355e-09,99.96461762683818
428071.0220336914,5.02215670069697e-10,4.964758000748736e-09,99.96463501405002
428075.79040527344,5.548714249880371e-10,5.485297474317957e-09,99.9646375055374
429034.2330932617,4.453067332807095e-10,4.402172808617994e-09,99.96512710670653
431838.0355834961,6.406571259596884e-10,6.333349955814078e-09,99.96664843786213
431847.57232666016,5.840002078929302e-10,5.773256147449504e-09,99.9666542476645
431852.3406982422,5.63694043221207e-10,5.572515311337265e-09,99.9666569527072
431861.87744140625,6.241424516484854e-10,6.1700906903177905e-09,99.96666264812674
435619.3542480469,3.728869013157623e-10,3.68625141948461e-09,99.96846549162913
435652.7328491211,4.176167782070098e-10,4.128437968816111e-09,99.96847927997207
435657.5012207031,3.88280432749949e-10,3.838427392681642e-09,99.9684811794208
437436.1038208008,3.721081012868228e-10,3.67855242898094e-09,99.9692067435175
438079.833984375,4.789924920199354e-10,4.7351804190508855e-09,99.96947750039755
439496.0403442383,4.259999731155995e-10,4.211311794693509e-09,99.97006679875143
439500.8087158203,4.2920962034130534e-10,4.243041433358891e-09,99.9700688144263
439915.65704345703,4.419707064394326e-10,4.369193817841693e-09,99.97023276016836
443239.2120361328,3.40278615126799e-10,3.363895389206039e-09,99.9715043737311
443372.7264404297,3.797382001896681e-10,3.753981366849701e-09,99.97155549776097
443377.4948120117,3.7966368174507106e-10,3.753244699186652e-09,99.97155728762314
444259.6435546875,4.153905966951791e-10,4.106430586070673e-09,99.97187834604482
447249.4125366211,2.7480722154182747e-10,2.7166642403331915e-09,99.97284731043636
447282.7911376953,3.145848811225089e-10,3.109894610120022e-09,99.97285742094756
447287.55950927734,3.03732050239476e-10,3.002606681509923e-09,99.97285887828143
447597.5036621094,3.501256817164152e-10,3.461240624626347e-09,99.97295315646181
450897.216796875,2.403571760077981e-10,2.3761011130068494e-09,99.97389064879135
451226.23443603516,2.5653143963450916e-10,2.535995177514611e-09,99.97397555256963
451231.0028076172,2.600109016869605e-10,2.5703921270578464e-09,99.97397677002724
451784.1339111328,2.2872195348144905e-10,2.2610786882382897e-09,99.97412242618799
452108.38317871094,3.059779041116507e-10,3.024808539486287e-09,99.97420782620713
455203.0563354492,2.765610729070934e-10,2.7340023046684198e-09,99.97501908731383
455207.82470703125,3.0140558709084456e-10,2.9796079436787995e-09,99.97502044954467
456900.59661865234,3.3009479104964244e-10,3.2632210672394144e-09,99.97549302344837
458388.3285522461,2.2638976303082947e-10,2.2380233319660005e-09,99.97591340834413
459218.02520751953,2.6165190219240097e-10,2.5866145806254294e-09,99.97612782464088
459222.79357910156,2.6053022253087424e-10,2.5755259818306743e-09,99.97612905539111
460443.49670410156,2.241252389457413e-10,2.215636905696646e-09,99.97643885657361
462584.4955444336,3.040993443310919e-10,3.0062376440398752e-09,99.9769813296365
463266.37268066406,2.5490938800548243e-10,2.5199600470263085e-09,99.97715355709377
463271.1410522461,2.56554020563468e-10,2.5362184060086508e-09,99.97715476258067
466566.0858154297,3.176601790429526e-10,3.1402961106408837e-09,99.97802594233559
467295.64666748047,2.287783733575902e-10,2.261636438719142e-09,99.97821380349315
467352.86712646484,2.609366056178888e-10,2.579543366796668e-09,99.9782281279085
467357.6354980469,2.617666134741623e-10,2.5877485829830653e-09,99.9782293598869
468831.06231689453,3.051954575474059e-10,3.0170735003955045e-09,99.97858938118013
471434.5932006836,1.8496927479094464e-10,1.828552436015366e-09,99.97919434202608
471477.5085449219,2.1225079350666633e-10,2.098249592811884e-09,99.97920338437764
471482.2769165039,2.1377453452376474e-10,2.113312853192944e-09,99.97920438849238
474796.2951660156,3.1891331530546515e-10,3.15268425114728e-09,99.97993492494791
475320.81604003906,1.885568717864014e-10,1.8640183761446023e-09,99.98006211714015
475630.7601928711,2.022388021686252e-10,1.999273959311503e-09,99.98012842185327
475635.5285644531,1.970877635604889e-10,1.948352290263699e-09,99.9801293630407
476121.9024658203,2.5995869409586277e-10,2.56987601800142e-09,99.98022936458318
476875.30517578125,1.6813899923581689e-10,1.6621732284419937e-09,99.98038462673091
479826.9271850586,1.912114729526528e-10,1.8902609909501386e-09,99.98094893912945
479831.6955566406,1.8603996519798243e-10,1.8391369698749488e-09,99.98094982828721
480089.1876220703,2.759045834388801e-10,2.7275124407833143e-09,99.98100550745625
483245.849609375,1.3963987468976434e-10,1.3804391746544784e-09,99.98157848274887
484056.4727783203,1.893198246065847e-10,1.8715607057530613e-09,99.98170603446397
484061.24114990234,1.862369328455275e-10,1.8410841347332305e-09,99.98170691962748
484843.25408935547,1.5107803469369062e-10,1.493513496659318e-09,99.98183905368371
486383.43811035156,3.735726108128631e-10,3.6930301440740835e-09,99.9821583132364
488328.9337158203,2.273921481297031e-10,2.247932619421674e-09,99.9825710096651
488333.70208740234,2.1841580635990693e-10,2.1591951162432765e-09,99.98257206040623
488367.08068847656,2.6120452604370044e-10,2.5821919501780423e-09,99.98257951363145
491766.92962646484,1.4406323530977858e-10,1.424167230820796e-09,99.98318348314696
492634.77325439453,1.8946898544964785e-10,1.8730352664510447e-09,99.98332404869788
492639.54162597656,1.888742661854359e-10,1.867156044831405e-09,99.983324940429
494017.6010131836,2.8231082476494245e-10,2.790842678714523e-09,99.98358521119793
494532.58514404297,1.49719629833189e-10,1.4800847014198236e-09,99.983682919992
496978.759765625,1.6379438359231244e-10,1.6192236222035555e-09,99.98413086917935
496983.52813720703,1.7744328676968787e-10,1.7541527080321903e-09,99.98413167345494
499029.15954589844,1.350056989140012e-10,1.3346270611925406e-09,99.98448179194048
500540.73333740234,2.2749121754167592e-10,2.248911990805393e-09,99.98474105982126
501360.8932495117,1.8766605721863436e-10,1.8552120424993552e-09,99.98487909355183
501365.66162109375,1.829268299482604e-10,1.8083614205251537e-09,99.9848799670158
503020.2865600586,1.3149738609969107e-10,1.2999449014113489e-09,99.98514270942533
505561.82861328125,2.2234983945159804e-10,2.1980858228285034e-09,99.98555918623205
505781.1737060547,1.7075826399676305e-10,1.6880665178253816e-09,99.98560162251796
505785.9420776367,1.8693666282941842e-10,1.8480014617760208e-09,99.98560246558228
508761.4059448242,1.1327795646257393e-10,1.1198329207409673e-09,99.98601515477324
509624.4812011719,2.0465296290036387e-10,2.0231396499346763e-09,99.9861356549953
510244.36950683594,1.4351569424478817e-10,1.4187543991527353e-09,99.98623163085406
510249.13787841797,1.390014845100823e-10,1.3741282350700248e-09,99.98623229672918
510969.1619873047,1.14472885936119e-10,1.1316456458661911e-09,99.98632507185877
511598.5870361328,2.1396410869553045e-10,2.115186928300713e-09,99.98642035423477
514740.9439086914,1.4822986532130128e-10,1.4653573228842244e-09,99.98686678602185
514745.71228027344,1.3778690577535272e-10,1.3621212630654452e-09,99.98686746014526
516347.88513183594,9.947287485807118e-11,9.833599004199718e-10,99.9870892045251
518732.07092285156,1.1495944494799421e-08,1.136455626699144e-07,99.98746090820994
519280.43365478516,1.5243483886473004e-10,1.50692646794849e-09,99.98759605324322
519285.2020263672,1.5169928685162467e-10,1.4996550147468707e-09,99.98759677006811
520863.53302001953,9.293869654053336e-11,9.187649146127532e-10,99.98776779155939
523476.60064697266,1.8577062590274683e-10,1.836474359963252e-09,99.98808585907703
523862.8387451172,1.4467479940690347e-10,1.4302129755578133e-09,99.98814516154266
523867.6071166992,1.4053199418363612e-10,1.3892584084195442e-09,99.98814583375702
527172.0886230469,2.615946339051698e-10,2.5860484429993758e-09,99.98864840761333
528450.0122070312,9.371593449934795e-11,9.264484629456335e-10,99.98883056644914
528478.6224365234,1.0024780632522127e-10,9.910206474473026e-10,99.98883345048834
528483.3908081055,1.0226795552555935e-10,1.0109912547039274e-09,99.98883392780517
530133.2473754883,8.5956362757948e-11,8.497395942634738e-10,99.98903166016633
530886.6500854492,1.8778497346105198e-10,1.8563876138746568e-09,99.9891211164903
533142.08984375,9.745332449584938e-11,9.633952131027396e-10,99.98942904495783
533146.858215332,1.0027773957820824e-10,9.913165588776146e-10,99.98942951099743
536575.3173828125,1.3267442219916048e-10,1.3115807378463208e-09,99.98979616251518
537242.8894042969,8.411795154061741e-11,8.315655958323982e-10,99.98986244144889
537843.7042236328,9.400057097639274e-11,9.292622963461663e-10,99.98991808894321
537848.4725952148,1.083847664095785e-10,1.071460267491375e-09,99.98991856595264
539112.0910644531,1.9926406412194174e-10,1.969866564445959e-09,99.99008056218098
541238.7847900391,7.090171712855918e-11,7.009137475379577e-10,99.99031246708037
542583.4655761719,7.524066941740517e-11,7.438073674999265e-10,99.99042248381289
542588.2339477539,7.741097816387893e-11,7.652624083425494e-10,99.99042284360317
543279.6478271484,1.2776497137261084e-10,1.2630473353202464e-09,99.99048245175064
545473.0987548828,5.957419411620625e-11,5.889331506433209e-10,99.99068178281664
547370.9106445312,8.004914983865693e-11,7.913426059753415e-10,99.99082543251386
547375.6790161133,8.138164881539744e-11,8.045153031849762e-10,99.99082581299604
547623.6343383789,9.657104266963432e-11,9.54673231657978e-10,99.99084615271006
549993.5150146484,5.253866232454776e-11,5.193819302536603e-10,99.9910166827368
552196.5026855469,7.16924665630906e-11,7.087308663887744e-10,99.9911672031913
552201.2710571289,7.861756149159728e-11,7.771903400795826e-10,99.99116755746252
555725.09765625,2.0822111919144424e-10,2.0584134049164844e-09,99.99143960591688
557012.5579833984,6.009773593388285e-11,5.941087327347274e-10,99.99153470835623
557065.0100708008,6.218305506884673e-11,6.147235910046607e-10,99.99153796668027
557069.7784423828,5.813623507471121e-11,5.747179059158501e-10,99.99153825026522
558681.4880371094,5.130160153391408e-11,5.071527071852946e-10,99.9916330873714
559401.5121459961,8.861297529063276e-11,8.760020928523881e-10,99.99168051673779
561981.201171875,8.252271378355081e-11,8.157955394811224e-10,99.99187831938524
561985.969543457,8.168407100529119e-11,8.075049609681963e-10,99.99187870641025
563664.436340332,4.64815830452555e-11,4.5950340673235664e-10,99.99197547988398
565104.4845581055,8.379433073293021e-11,8.28366374681153e-10,99.99206614907862
566935.5392456055,5.1337458702518646e-11,5.075071807219108e-10,99.99218025627536
566940.3076171875,5.526688660708759e-11,5.463523617670714e-10,99.99218050753505
567126.2741088867,4.794127930792485e-11,4.739335393041758e-10,99.992190363819
570607.1853637695,1.0368729224365695e-10,1.0250224045602304e-09,99.9924013498151
571932.7926635742,7.296594641180536e-11,7.213201176696464e-10,99.99249641182213
571937.5610351562,6.950667005062156e-11,6.871227179975e-10,99.99249674762108
571970.9396362305,7.095196671977203e-11,7.014105003771786e-10,99.99249892608321
576200.4852294922,3.952372276033614e-11,3.907200242607359e-10,99.99271966727072
576977.7297973633,5.057621588576946e-11,4.999817557098965e-10,99.9927550164491
576982.4981689453,4.725424969409036e-11,4.671417644247445e-10,99.99275524702932
578508.3770751953,4.047258273723745e-11,4.0010017793307605e-10,99.99282526341138
580449.104309082,7.393317217953068e-11,7.308818302067685e-10,99.99293162235095
582065.5822753906,4.357347329799711e-11,4.307546798502329e-10,99.993011819893
582070.3506469727,4.613410701750075e-11,4.5606835981591064e-10,99.99301203132809
582652.0919799805,6.05841341825467e-11,5.989171243093449e-10,99.9930417529721
586581.2301635742,4.0398334693764734e-11,3.993661833768728e-10,99.99323329917117
587201.1184692383,4.179312407671846e-11,4.13154665419693e-10,99.99326108963287
587205.8868408203,4.080919878580077e-11,4.0342786625481487e-10,99.99326128432132
589408.8745117188,5.78227529774926e-11,5.716189131065624e-10,99.99336082418291
590662.956237793,3.344500268482858e-11,3.306275661241751e-10,99.99341424751397
592379.5700073242,3.857321414480153e-11,3.8132357262651833e-10,99.99348163901726
592384.3383789062,4.2597747810652664e-11,4.2110894155784645e-10,99.99348183033207
594348.9074707031,5.328675821704567e-11,5.267773885974648e-10,99.99356738267332
596833.2290649414,3.540466140187101e-11,3.500001820619119e-10,99.99367026549227
597600.9368896484,4.505585835001681e-11,4.454091071925414e-10,99.99370161890863
597605.7052612305,4.517638108825759e-11,4.466005599181603e-10,99.99370183158032
600872.0397949219,3.3339107334409023e-11,3.2958071549889563e-10,99.99383111751747
602326.3931274414,5.718878133079276e-11,5.65351653853652e-10,99.9938905149909
602869.987487793,4.141036746310286e-11,4.0937084489588525e-10,99.99391517562843
602874.755859375,4.18961587156463e-11,4.1417323588345455e-10,99.99391537197664
605683.3267211914,4.4851662293316444e-11,4.4339048438436855e-10,99.99401896278033
606632.2326660156,2.867531696586434e-11,2.834758407887263e-10,99.99405211827612
608186.7218017578,3.635910114331277e-11,3.5943549566313415e-10,99.99410316160179
608191.4901733398,3.493694484935498e-11,3.453764723001987e-10,99.99410332964204
608820.915222168,4.748288165670528e-11,4.694019534894581e-10,99.99412808733572
612998.0087280273,3.0116218995097776e-11,2.977201790367523e-10,99.99427843113902
613551.139831543,3.3363168776035714e-11,3.2981857991043235e-10,99.99429679892522
613555.908203125,3.527458573296849e-11,3.487142918430804e-10,99.99429696070005
614237.7853393555,5.5218571039231865e-11,5.458747281200783e-10,99.9943261464158
618839.2639160156,2.6930552773977467e-11,2.662276096057206e-10,99.99448082180147
618963.2415771484,3.184868059485546e-11,3.1484679037325887e-10,99.99448461827818
618968.0099487305,3.0175920389683083e-11,2.9831036965422576e-10,99.99448476446624
622477.5314331055,5.891349052929492e-10,5.8240162720681365e-09,99.99461010631035
623145.1034545898,2.5824806796763798e-11,2.552965265783722e-10,99.99463362383295
624418.2586669922,3.157852244014948e-11,3.1217608545507526e-10,99.9946729471375
624423.0270385742,3.347013898506161e-11,3.30876056275177e-10,99.99467310045308
625672.3403930664,2.8437769190456047e-11,2.8112751259268515e-10,99.99471265157258
627803.8024902344,4.1377473137597913e-11,4.090456611641486e-10,99.9947830112735
629925.7278442383,3.385915761514886e-11,3.3472178127196563e-10,99.99485994795995
629930.4962158203,3.264999755577565e-11,3.2276837671546135e-10,99.99486010471782
630683.8989257812,2.7302479932215824e-11,2.699043732843676e-10,99.99488357047935
634508.1329345703,4.4724481775370294e-11,4.421332147855827e-10,99.99500852686582
635480.8807373047,3.261897561028207e-11,3.224617027877708e-10,99.99504394059173
635485.6491088867,3.256410173809225e-11,3.2191923565219e-10,99.99504409422411
637111.6638183594,4.132472460594863e-11,4.0852420452680954e-10,99.99509815642239
640707.0159912109,2.478771596415249e-11,2.4504414833618073e-10,99.99521080355987
641083.7173461914,2.7478364277857962e-11,2.7164311475396787e-10,99.995220967677
641088.4857177734,2.7474746865194683e-11,2.7160735406482104e-10,99.99522109719801
642633.4381103516,4.0393397787458745e-11,3.993173785574649e-10,99.99526262112764
646572.1130371094,2.379596490781098e-11,2.352399859311343e-10,99.99537058955421
646739.0060424805,2.6244254240208653e-11,2.5944306197111977e-10,99.99537493754264
646743.7744140625,2.5777574982610185e-11,2.5482960660517323e-10,99.99537506015479
649175.6439208984,2.1991775025815832e-11,2.1740428966490223e-10,99.99543828044952
652017.5933837891,3.190952699182137e-11,3.154483001511424e-10,99.99550964936971
652441.9784545898,2.733243380634869e-11,2.702004885693286e-10,99.99552124052519
652446.7468261719,2.575044332238066e-11,2.5456139090577175e-10,99.99552136563817
653791.4276123047,2.985483928143439e-11,2.9513625523273475e-10,99.99555651093091
658159.2559814453,2.1393724932586575e-11,2.114921404386616e-10,99.99566488131782
658197.4029541016,2.356693242364911e-11,2.329758374269345e-10,99.99566571665076
658202.1713256836,2.2879157231130788e-11,2.2617669197355198e-10,99.99566582612125
659489.631652832,1.9184071491005228e-11,1.8964814938706714e-10,99.99569419449676
662064.5523071289,2.7481474922392558e-11,2.7167386568083257e-10,99.99575353402803
664000.5111694336,2.384077339837939e-11,2.3568294963240654e-10,99.99579798365566
664005.2795410156,2.3344596609178245e-11,2.3077789025098512e-10,99.9957980948686
666890.1443481445,2.619330108101181e-11,2.589393538635037e-10,99.995862434537
669765.4724121094,1.661482150880824e-11,1.6424929155520018e-10,99.9959221142254
669856.071472168,1.7397475428396228e-11,1.7198638050057812e-10,99.99592380915186
669860.83984375,1.7836401158377386e-11,1.763254725670523e-10,99.99592389219589
670032.5012207031,1.6907854884705853e-11,1.6714613425481603e-10,99.99592708457318
671439.1708374023,2.4229012414743152e-11,2.395209675947439e-10,99.99595470913758
675764.0838623047,2.0167966929927853e-11,1.993746534438071e-10,99.99604272574813
675768.8522338867,1.933109944324797e-11,1.9110162494693876e-10,99.99604281884493
676860.8093261719,2.345886044649912e-11,2.319074693030612e-10,99.99606536639911
678248.405456543,1.649819495733584e-11,1.630963553984252e-10,99.99609227335887
681724.5483398438,1.875131751062292e-11,1.853700694415315e-10,99.99615849033171
681729.3167114258,1.877683493256821e-11,1.856223272508981e-10,99.99615857878318
684585.5712890625,1.5517999333687945e-11,1.534064266390748e-10,99.99620939167716
685825.3479003906,2.1151900059135605e-11,2.0910153009574034e-10,99.99623135259306
687732.6965332031,1.7296015810354355e-11,1.709833802350619e-10,99.99626461199306
687737.4649047852,1.6399622735519958e-11,1.6212189909194621e-10,99.99626469141154
688252.4490356445,1.59290093505675e-11,1.574695520875648e-10,99.99627367248
693798.0651855469,2.7580469264545168e-11,2.7265249494614965e-10,99.99638597058814
693802.8335571289,2.6011312069773386e-11,2.57140263445897e-10,99.99638609690058
694241.5237426758,3.0308439675373125e-11,2.99620416757678e-10,99.99639788587993
699834.8236083984,1.659771560061218e-11,1.6408018752353055e-10,99.99651699071302
699915.885925293,1.8487906690598022e-11,1.8276606671094982e-10,99.99651844558534
699920.654296875,1.8760146239371718e-11,1.854573476853305e-10,99.99651853337664
705165.8630371094,1.5673846366836478e-11,1.549470850669764e-10,99.99661222875712
706048.0117797852,2.4971555739660107e-11,2.4686153487089523e-10,99.99662782439708
706090.9271240234,2.3794314935164154e-11,2.3522367478158733e-10,99.99662882469158
706095.6954956055,2.1893866124702657e-11,2.164363907539051e-10,99.99662893237573
709447.8607177734,1.434766995804867e-11,1.4183689092464756e-10,99.9966879680906
712318.4204101562,1.6509758550258534e-11,1.632106697137718e-10,99.99673337876716
712323.1887817383,1.517381755728165e-11,1.5000394573303714e-10,99.99673345344334
714330.6732177734,2.2419638990634115e-11,2.2163402833926269e-10,99.99676730198247
715270.0424194336,1.4189909628510018e-11,1.4027731820528363e-10,99.99678475772443
718598.3657836914,1.6230238638209525e-11,1.6044741718618476e-10,99.99683949230602
718603.1341552734,1.6272112795480237e-11,1.6086137292218465e-10,99.996839568912
719890.5944824219,1.8801559465280226e-11,1.8586674678798605e-10,99.9968605089563
721626.2817382812,1.247057089982662e-11,1.2328043575427722e-10,99.99688663035005
724935.5316162109,1.4291302207005356e-11,1.4127965573734713e-10,99.99693378928173
724940.299987793,1.390511768159887e-11,1.3746194787488415e-10,99.99693385573892
726222.9919433594,3.745730349301074e-11,3.7029200458358933e-10,99.99695267996591
730075.8361816406,1.0260651102318413e-11,1.0143381158548286e-10,99.99700166777271
731329.9179077148,1.1108028819876478e-11,1.0981074116698868e-10,99.99701628225705
731334.6862792969,1.1607775122146527e-11,1.1475108771610271e-10,99.99701633579676
734424.5910644531,1.3924668077973798e-11,1.3765521740549587e-10,99.99705128243924
737686.1572265625,8.356279718919871e-12,8.260775014297007e-11,99.99708535529464
737776.7562866211,9.206270764676498e-12,9.101051432673071e-11,99.9970861636837
737781.5246582031,8.428744011863196e-12,8.33241110604003e-11,99.99708620524831
739312.1719360352,1.2046866934575215e-11,1.1909182162533348e-10,99.9971011661272
740895.2713012695,8.1748864350708e-12,8.081454891301486e-11,99.99711714444571
744280.8151245117,9.74260627649962e-12,9.631257115629952e-11,99.99714887921861
744285.5834960938,9.299487312157892e-12,9.193202599490744e-11,99.99714892409963
746402.7404785156,1.3410691302097606e-11,1.3257419253449527e-10,99.99716830502939
746803.2836914062,7.0664078006279685e-12,6.98564516313324e-11,99.99717167565245
750846.8627929688,7.972545503671566e-12,7.881426533384282e-11,99.99720647530177
750851.6311645508,7.263968912590518e-12,7.180948330618389e-11,99.99720651121326
752301.2161254883,6.519031044839802e-12,6.444524427624123e-11,99.99721732870374
757246.0174560547,1.0653391402409436e-11,1.0531632792915404e-10,99.9972569954249
757470.1309204102,8.924702174928356e-12,8.8227009167448e-11,99.9972590688087
757474.8992919922,9.662069952627843e-12,9.551641248957012e-11,99.99725911261655
758757.5912475586,9.935538460343035e-12,9.821984259449576e-11,99.99726987427792
761733.0551147461,6.491226453608679e-12,6.417037617673906e-11,99.99729306258241
764145.8511352539,7.562887230482504e-12,7.476450283020359e-11,99.99731171655054
764150.6195068359,7.033781704485952e-12,6.953391953703954e-11,99.99731175095398
766639.7094726562,1.0098086045537342e-11,9.982674073047751e-11,99.99732936618719
770025.2532958984,5.725832280344684e-12,5.6603912062006195e-11,99.99735525849115
770888.3285522461,6.333141406780362e-12,6.260759339672206e-11,99.99736082233677
770893.0969238281,6.582016010875136e-12,6.506789532575432e-11,99.99736085277698
773005.485534668,9.57268235133884e-12,9.46327526694659e-11,99.99737621825146
777482.9864501953,5.943706432516825e-12,5.875775254253694e-11,99.99740911150084
777683.2580566406,6.4242354659152356e-12,6.350812276261734e-11,99.997410431555
777688.0264282227,6.236306558039326e-12,6.165031225499338e-11,99.99741046139509
781083.1069946289,8.149697134842223e-12,8.056553481947665e-11,99.99743268623136
783133.5067749023,5.5070545967034024e-12,5.444113953224306e-11,99.99744674480145
784544.9447631836,6.763706784703613e-12,6.686403745509483e-11,99.99745625983182
784549.7131347656,6.992549341164585e-12,6.91263083893007e-11,99.99745629225445
786037.4450683594,6.051737676624893e-12,5.98257179914086e-11,99.9974670247371
789551.7349243164,1.367531790558418e-11,1.351902141466616e-10,99.99749550514507
791459.0835571289,1.0425006390563177e-11,1.0305858014789215e-10,99.9975153559804
791463.8519287109,1.0279743574486106e-11,1.0162255421060938e-10,99.99751540478019
794587.1353149414,7.069345831960777e-12,6.988549615430395e-11,99.99754399861861
796856.8801879883,4.601668102918774e-10,4.549075206591158e-09,99.99756507124607
798439.9795532227,8.463151417685835e-12,8.366425266394536e-11,99.99758136386872
798444.7479248047,7.691334621612272e-12,7.603429636870135e-11,99.99758140194382
801620.4833984375,1.2755538350515491e-11,1.260975410639626e-10,99.99761038743983
805478.0960083008,7.005919770636702e-12,6.925848456509771e-11,99.99764562020219
805482.8643798828,7.04494508081185e-12,6.964427742754837e-11,99.99764565331918
805487.6327514648,8.278484728995355e-12,8.183869150608542e-11,99.99764568943554
809817.3141479492,1.4532298249843521e-11,1.4366207250196843e-10,99.9976732199216
811977.3864746094,4.422369995831409e-12,4.3718263143856316e-11,99.99768607719402
812582.9696655273,5.215637876415379e-12,5.156027861963726e-11,99.99768903903265
812587.7380371094,5.151496035576856e-12,5.092619104239855e-11,99.99768906346733
817165.3747558594,6.5514436212432525e-12,6.47656655765196e-11,99.99771351038561
817980.7662963867,4.0889207732274605e-12,4.042188114220222e-11,99.99771741492253
819749.8321533203,4.6478538737813336e-12,4.5947331159468775e-11,99.99772606985307
819754.6005249023,4.6690956130444976e-12,4.615732081379791e-11,99.99772609181254
823178.2913208008,5.9139989021072864e-12,5.846407253995403e-11,99.99774131361255
825023.6511230469,3.589603775151392e-12,3.5485778569449025e-11,99.99775001628862
826978.6834716797,4.924504248402592e-12,4.868221627490218e-11,99.99775808311578
826983.4518432617,5.238743386966596e-12,5.178869297467843e-11,99.99775810706993
829968.4524536133,1.85327932633824e-11,1.8320980231029205e-10,99.99777052421481
833892.822265625,3.1375186207349273e-12,3.101659626158241e-11,99.99778666566901
834274.2919921875,4.033564909771715e-12,3.9874649181196054e-11,99.99778805296725
834279.0603637695,4.321730237105055e-12,4.272336776900522e-11,99.99778807266016
834498.405456543,5.020741368166866e-12,4.9633588441868585e-11,99.99778900012684
837841.0339355469,2.95436094360137e-12,2.9205952752945597e-11,99.9978012238451
841631.8893432617,4.673551282392102e-12,4.6201368264645355e-11,99.99781431244837
841636.6577148438,4.583479956014914e-12,4.531094933724085e-11,99.99781433426661
842399.5971679688,6.255972345297864e-12,6.18447225063089e-11,99.99781776729228
845403.6712646484,2.6345286299283325e-12,2.604418355130793e-11,99.9978281375473
849051.4755249023,2.9560868592210783e-12,2.922301465262781e-11,99.99783955805843
849056.2438964844,2.851813327031407e-12,2.8192196850520686e-11,99.99783957174728
850129.1275024414,1.3724669570022331e-11,1.3567809034302876e-10,99.9978428998469
856261.2533569336,2.406092553315526e-12,2.378593095862063e-11,99.99786184696113
856537.8189086914,2.763643928778638e-12,2.732057983121126e-11,99.99786259294
856542.5872802734,2.532891573782682e-12,2.5039429184321255e-11,99.9978626054236
857453.3462524414,2.314694007315655e-12,2.2882391524164738e-11,99.99786498681313
858840.9423828125,3.2352084761660434e-12,3.1982329750695386e-11,99.9978686846518
864090.9194946289,3.022529032674806e-12,2.987984264884655e-11,99.99788285185703
864095.6878662109,2.9185686208239267e-12,2.8852120263310157e-11,99.99788286585982
870361.328125,3.756668417292359e-12,3.713733101622251e-11,99.99789949746443
871372.2229003906,2.1872742196940635e-12,2.1622756574980042e-11,99.99790202633838
871710.7772827148,2.3901112653929448e-12,2.3627944595779957e-11,99.99790282169363
871715.5456542969,2.238922782561315e-12,2.2133339240962518e-11,99.99790283260397
876102.4475097656,2.0070779284355844e-12,1.984138846552494e-11,99.99791285024313
878682.1365356445,2.781067021045492e-12,2.7492819452323923e-11,99.99791871090976
879397.3922729492,2.288058137621833e-12,2.2619077065754967e-11,99.9979204063625
879402.1606445312,2.3815190305258557e-12,2.3543004261690474e-11,99.99792041736839
885639.1906738281,3.692012785848238e-12,3.6498164254538005e-11,99.9979345376276
886669.1589355469,1.9445274235423015e-12,1.9223032372460975e-11,99.99793721076236
887155.5328369141,2.154313558102718e-12,2.129691706399287e-11,99.99793824351603
887160.3012084961,2.1341803369594814e-12,2.109788589728743e-11,99.99793825362376
889182.0907592773,1.856416891568293e-12,1.8351997288056943e-11,99.99794253598398
893383.0261230469,3.131930047276764e-12,3.0961349250302694e-11,99.9979515605944
894980.4306030273,2.182443274060106e-12,2.15749992519478e-11,99.99795500200382
894985.1989746094,2.1418049804973673e-12,2.1173260905005375e-11,99.9979550121958
899081.2301635742,2.7600027740090065e-12,2.7284584434508513e-11,99.99796384487738
901708.6029052734,1.8475260369792256e-12,1.8264104886275773e-11,99.99796945423145
902872.0855712891,2.121586306624014e-12,2.097338497747143e-11,99.99797186987415
902876.8539428711,2.0993014725631907e-12,2.0753083591448422e-11,99.99797187982252
907697.6776123047,1.7099991633498022e-12,1.6904554225351784e-11,99.99798171128931
910792.350769043,2.5746881785483843e-12,2.5452618258819578e-11,99.99798786968115
910830.4977416992,2.2426646197982835e-12,2.217032995524501e-11,99.9979879567904
910835.2661132812,2.525812060088467e-12,2.496944317163892e-11,99.9979879680294
912790.2984619141,1.7386521312280869e-12,1.7187809129562895e-11,99.99799177373741
913562.7746582031,9.908459275635992e-12,9.795214565284241e-11,99.99799377426515
918865.2038574219,2.2531727819601834e-12,2.2274210589155173e-11,99.99800512825587
918869.9722290039,2.2817851044432286e-12,2.2557063684814233e-11,99.99800513894448
920729.6371459961,1.8206336627925713e-12,1.799825469907673e-11,99.99800913223031
923070.9075927734,2.707437382853439e-12,2.6764938270807824e-11,99.99801407910851
926966.667175293,2.094997336026504e-12,2.071053414988308e-11,99.9980226513964
926971.435546875,2.2182403268169933e-12,2.1928878500783897e-11,99.99802266156243
929021.8353271484,4.0472360999784406e-12,4.000979859011271e-11,99.99802770228617
934858.3221435547,1.65739270839032e-12,1.6384502116832606e-11,99.99804222640445
935144.4244384766,2.1894732365927798e-12,2.1644495416263446e-11,99.99804279339128
935149.1928100586,2.0842096239694843e-12,2.0603889967041414e-11,99.99804280346409
936942.1005249023,3.383413403270471e-12,3.3447440541623067e-11,99.99804727167128
940208.4350585938,1.7211008644959174e-12,1.701430241297693e-11,99.99805428252215
943388.9389038086,2.1302627057311053e-12,2.1059157334751012e-11,99.99806093773081
943393.7072753906,1.972367156148959e-12,1.9498247869377722e-11,99.99806094740045
943880.0811767578,1.7646695717544463e-12,1.74450099771476e-11,99.99806197448935
948281.2881469727,3.31564514571884e-12,3.277750326382055e-11,99.9980718980824
951709.7473144531,2.5325576243055816e-12,2.5036127856949193e-11,99.99808045333262
951714.5156860352,2.592020431376422e-12,2.5623959867668737e-11,99.99808046541092
953903.1982421875,6.029487022151892e-12,5.960575449484667e-11,99.99808636617671
959138.8702392578,2.075624805575798e-12,2.0519022950050258e-11,99.99810129855092
960102.0812988281,2.852748527414975e-12,2.8201441969427426e-11,99.99810367916207
960106.8496704102,3.009219171684216e-12,2.9748265235436263e-11,99.99810369297835
962986.946105957,2.2521619653624903e-12,2.2264217950355215e-11,99.99811242922821
968251.2283325195,4.584205873248374e-12,4.531812554381402e-11,99.998129568445
968565.9408569336,3.4449368350677645e-12,3.405564328887455e-11,99.99813073585156
968570.7092285156,3.4591261041543302e-12,3.4195914274868527e-11,99.998130752124
970215.7974243164,6.410446432795672e-12,6.337180839294934e-11,99.99813830085283
973038.6734008789,2.666170179913401e-12,2.6356982708734975e-11,99.99814786013637
977110.8627319336,3.2770637940435758e-12,3.239609924593539e-11,99.99816317044878
977115.6311035156,2.8668697322887126e-12,2.8341040092415845e-11,99.99816318492964
981969.8333740234,6.677849528518068e-12,6.601527759957227e-11,99.99818206822991
985355.3771972656,2.7626342063570736e-12,2.7310598009118167e-11,99.99819515009116
985727.3101806641,3.228119007507058e-12,3.191224532612761e-11,99.99819628542647
985732.0785522461,3.0204481799508426e-12,2.9859271944216317e-11,99.99819630015396
990786.5524291992,6.973803773271961e-12,6.894099515890993e-11,99.99821276889256
992565.1550292969,2.3221336660590213e-12,2.2955937826023146e-11,99.99821799476922
994420.051574707,3.2911065993262054e-12,3.253492233337553e-11,99.99822335600695
994424.8199462891,3.3545289094075546e-12,3.3161896838887565e-11,99.99822337167028
997610.0921630859,4.5824295756954795e-11,4.5300565582998336e-10,99.9982348527304
1001567.8405761719,2.3201890842856152e-12,2.2936714256363745e-11,99.9982484991379
1003189.0869140625,3.649766266671984e-12,3.608052745707411e-11,99.99825361974531
1003193.8552856445,3.5671781730185635e-12,3.5264085591220934e-11,99.99825363675521
1003580.0933837891,6.875633144122089e-11,6.797050888068861e-10,99.998255161285
1006259.9182128906,2.2975168620538616e-12,2.2712583263588805e-11,99.99826441563798
1012034.4161987305,3.942471374103878e-12,3.89741249901436e-11,99.99828370009989
1012039.1845703125,4.153113038273896e-12,4.105646719849005e-11,99.99828371918068
1017313.0035400391,1.218242385389231e-11,1.2043189789106012e-10,99.99830695989041
1019568.4432983398,2.9080417303619907e-12,2.8748054486874607e-11,99.9983152674347
1020960.807800293,3.2130610826433725e-12,3.176338706184589e-11,99.9983198757995
1020965.576171875,3.2501135358276086e-12,3.2129676834063224e-11,99.99831989103279
1021580.696105957,3.0541872380184172e-12,3.019280645630247e-11,99.99832196701965
1023502.3498535156,5.2932295084084535e-12,5.232732691917619e-11,99.99832989684687
1029963.493347168,3.975156660306148e-12,3.9297242220151497e-11,99.99835728623603
1029968.26171875,4.225236542022126e-12,4.176945917308606e-11,99.99835730556384
1033363.3422851562,3.0763933789095164e-12,3.041232990454441e-11,99.99837101385606
1037464.1418457031,5.7609723010785195e-12,5.69512960834179e-11,99.99838717515726
1039047.2412109375,4.078503371942826e-12,4.031889774391893e-11,99.99839369048075
1039052.0095825195,4.3774654329397255e-12,4.3274349699547283e-11,99.99839371041092
1039423.942565918,3.762594178489143e-12,3.719591136738554e-11,99.99839524471358
1045279.5028686523,6.4866115108264505e-12,6.41247541950556e-11,99.99842529211763
1048207.2830200195,4.904581820472978e-12,4.8485268948578874e-11,99.99843992414893
1048212.0513916016,4.769193792887043e-12,4.7146862297369496e-11,99.99843994694939
1049418.4494018555,3.755383441259471e-12,3.7124628117009576e-11,99.99844539054789
1057281.494140625,6.856999846108599e-12,6.77863055176594e-11,99.99848256408654
1057453.1555175781,5.643127561233302e-12,5.578631727080638e-11,99.99848360466527
1057457.9238891602,6.1157827091375516e-12,6.045884854970303e-11,99.99848363238027
1057643.8903808594,1.368137677342029e-11,1.3525011035133527e-10,99.99848501880912
1059398.6511230469,3.963763454279441e-12,3.918461230008663e-11,99.99849323165245
1066775.3219604492,4.530128365930451e-12,4.478353103966414e-11,99.99852899994117
1066780.0903320312,4.579057332907075e-12,4.5267228571905326e-11,99.99852902141095
1068358.4213256836,4.139081876235457e-12,4.091775921277452e-11,99.9985363947774
1072368.6218261719,7.075694644520199e-12,6.994825866815636e-11,99.99855763751108
1076183.3190917969,6.307778382086806e-12,6.235686191366609e-11,99.99857940048976
1076188.087463379,6.268905028323225e-12,6.19725712480903e-11,99.99857943013221
1077795.0286865234,7.916650939521752e-12,7.826170793450353e-11,99.99858959710045
1083989.143371582,4.0071310443126946e-12,3.961333167788085e-11,99.99862059324094
1085672.378540039,4.625671493991022e-12,4.572804260655621e-11,99.99862812229702
1085677.146911621,4.783150841730527e-12,4.7284837621602027e-11,99.99862814447302
1091346.7407226562,5.5910890815661836e-12,5.527188000078198e-11,99.99865198201739
1093435.287475586,3.3590501672804197e-12,3.320659267881355e-11,99.99865994002673
1095247.2686767578,4.183506364551222e-12,4.13569267794979e-11,99.99866711460588
1095252.0370483398,4.3451714200419216e-12,4.295510048359111e-11,99.99866713470743
1101827.621459961,3.2756331977889814e-12,3.2381956787577105e-11,99.99869228013277
1104135.513305664,4.900852711170953e-12,4.84484040589582e-11,99.99870114134865
1104907.9895019531,4.258059810996492e-12,4.209394046063449e-11,99.99870437385667
1104912.7578735352,4.165595156111539e-12,4.117986178391213e-11,99.9987043937107
1111454.963684082,4.818367919777788e-12,4.763298340919537e-11,99.99872917680271
1113109.5886230469,3.0113194499002183e-12,2.976902797482918e-11,99.99873486771565
1114649.772644043,3.565843137203642e-12,3.52508878155671e-11,99.99874007271711
1114654.541015625,3.276567108173894e-12,3.239118915393245e-11,99.99874008884424
1121058.464050293,1.167641451547845e-11,1.1542963678878279e-10,99.9987611652309
1122651.1001586914,2.410508075991522e-12,2.3829581531152737e-11,99.99876589325099
1124482.1548461914,2.7562897290114415e-12,2.724787835192801e-11,99.99877129817907
1124486.9232177734,2.7855587751764724e-12,2.7537223626841387e-11,99.99877131124084
1127529.1442871094,2.305724222393247e-12,2.2793718840071987e-11,99.99877953673368
1133995.0561523438,3.6249013929779233e-12,3.583472054986816e-11,99.9987975582567
1134395.5993652344,3.1793814392009545e-12,3.143043990545807e-11,99.9987988659826
1134400.3677368164,3.2700077669155447e-12,3.232634541461322e-11,99.9987988811834
1141209.602355957,4.981566452209098e-12,4.9246316620176923e-11,99.99882078746616
1143302.9174804688,2.472421704304759e-12,2.444164164763789e-11,99.99882683782354
1144399.642944336,3.274595620997506e-12,3.237169960528697e-11,99.99883050560263
1144404.411315918,3.199823165262234e-12,3.163252086202752e-11,99.99883052086243
1144433.0215454102,3.3436865373293486e-12,3.3054712302979124e-11,99.99883060806002
1152706.1462402344,1.87077655411539e-12,1.8493952734227822e-11,99.99885116643964
1154494.285583496,2.0679175896399814e-12,2.0442831655629808e-11,99.99885505914308
1154499.0539550781,2.0974195076475363e-12,2.0734479033827137e-11,99.9988550689605
1155323.9822387695,1.8159580678261224e-12,1.7952033127546085e-11,99.99885676416288
1161370.2774047852,6.694458301710489e-12,6.617946709923136e-11,99.99887050660746
1164674.7589111328,2.199525371348673e-12,2.1743867895913473e-11,99.99887800189593
1164679.5272827148,2.2466158273512908e-12,2.2209390443558107e-11,99.9988780123752
1169185.6384277344,2.7208453390932147e-12,2.6897485425311938e-11,99.998887678659
1174926.7578125,1.7946571164390324e-12,1.7741458119386865e-11,99.99889987319199
1174945.8312988281,2.1295344371294593e-12,2.105195788323606e-11,99.99889991069381
1174950.5996704102,1.9772476333394937e-12,1.954649484696768e-11,99.99889992037323
1175293.9224243164,3.753321818854442e-12,3.7104247517717504e-11,99.99890060531641
1184134.4833374023,1.5075183515906181e-12,1.4902887829637773e-11,99.9989173157235
1185307.502746582,1.6890336913191844e-12,1.6697295668506996e-11,99.99891935019967
1185312.271118164,1.7114878996487584e-12,1.691927143927349e-11,99.9989193582145
1191401.481628418,2.3266206202766274e-12,2.300029454999347e-11,99.9989305887279
1194629.6691894531,1.345707312913145e-12,1.3303270978232162e-11,99.99893601968061
1195759.7732543945,1.7719878376759083e-12,1.7517356224886433e-11,99.9989378251673
1195764.5416259766,1.8461256094424123e-12,1.8250260667084248e-11,99.99893783369495
1201710.7009887695,2.5269913839809757e-12,2.4981101624530277e-11,99.99894878315932
1205081.9396972656,1.4401747230874363e-12,1.4237148311067548e-11,99.99895462118047
1206302.6428222656,1.5836289787876035e-12,1.565529534664296e-11,99.99895669891521
1206307.4111938477,1.6939792048758498e-12,1.674618557669098e-11,99.99895670664033
1213364.601135254,1.2254406447436845e-12,1.2114349686837853e-11,99.99896784601175
1216125.48828125,2.2743302363824804e-12,2.2483367028069154e-11,99.99897227361471
1216940.8798217773,1.8064153812295009e-12,1.7857696904180854e-11,99.99897382735173
1216945.6481933594,1.7682607025820305e-12,1.7480510851713123e-11,99.99897383577702
1224803.9245605469,1.2408633236347138e-11,1.2266813803313132e-10,99.99898636572334
1225996.0174560547,1.1490968235564418e-12,1.1359636881889946e-11,99.99898846308787
1227674.4842529297,1.76698322048961e-12,1.746788203541538e-11,99.99899097659626
1227679.2526245117,1.7389662214184744e-12,1.7190914133804334e-11,99.99899098485956
1228966.7129516602,1.290887126775869e-12,1.2761334567347562e-11,99.99899296029963
1232752.799987793,2.8441185849095003e-12,2.8116128868595445e-11,99.99899971086703
1238498.6877441406,1.9935857395086362e-12,1.9708008611181918e-11,99.99901051356723
1238503.4561157227,1.952189662974085e-12,1.9298779042247924e-11,99.99901052286718
1244959.831237793,7.195093097320769e-12,7.112859703501055e-11,99.99902348407652
1249256.1340332031,1.2405799198652732e-12,1.2264012156101332e-11,99.99903122639967
1249418.2586669922,1.4337295297191695e-12,1.4173433004579731e-11,99.99903146386634
1249423.0270385742,1.4816712244549296e-12,1.4647370650682623e-11,99.99903147073775
1254987.7166748047,1.031159230104518e-12,1.0193740145537154e-11,99.99903893725126
1259245.8724975586,2.4680475639596127e-12,2.4398400168788874e-11,99.99904430104776
1260437.9653930664,1.263579877480981e-12,1.2491383045531405e-11,99.99904590725765
1260442.7337646484,1.364007588442605e-12,1.3484182177873113e-11,99.99904591345071
1265115.737915039,8.52353026201419e-12,8.426114035248277e-11,99.99905157433295
1268801.6891479492,9.510113769889275e-13,9.401421787682568e-12,99.99905681910471
1271553.0395507812,1.025754441392879e-12,1.0140309976791638e-11,99.99905979020019
1271557.8079223633,1.04913815215876e-12,1.0371474538215995e-11,99.99905979509059
1279478.0731201172,8.281856773794268e-13,8.187202655991194e-12,99.99906833561073
1282730.1025390625,2.0316769027810397e-12,2.0084566769130766e-11,99.99907150106311
1282768.2495117188,1.0369758973248764e-12,1.0251242025388811e-11,99.99907154805582
1282773.0178833008,1.090648187589297e-12,1.0781830671640748e-11,99.99907155307051
1285309.7915649414,3.50701582797537e-12,3.46693381516288e-11,99.99907474883723
1288833.6181640625,7.825622885544626e-13,7.736183107639432e-12,99.99907859475431
1294078.8269042969,1.144674440064162e-12,1.1315918485324128e-11,99.99908387135072
1294083.595275879,1.0314464344063146e-12,1.0196579363706105e-11,99.99908387647972
1296834.945678711,1.8664004077313547e-12,1.8450691424261986e-11,99.99908677945173
1303806.3049316406,7.788574477558589e-13,7.69955812938295e-12,99.9990934590951
1305489.5401000977,1.1542820082781258e-12,1.1410896109481885e-11,99.99909498132808
1305494.3084716797,1.180261304247058e-12,1.1667719871069562e-11,99.99909498683046
1306762.6953125,7.434745855147638e-13,7.349773447482267e-12,99.99909608549906
1308298.110961914,1.5184541075589941e-12,1.5010995531515524e-11,99.99909739939116
1317005.1574707031,8.830272751332685e-13,8.729350735887712e-12,99.99910542454222
1317009.9258422852,8.206568133886006e-13,8.112774497009583e-12,99.99910542855771
1326994.8959350586,6.894308673484692e-13,6.815512973054847e-12,99.99911403160291
1328549.3850708008,8.792664544795636e-12,8.692172357070357e-11,99.999115837328
1328616.1422729492,2.53623016083631e-12,2.5072433484611997e-11,99.99911617288032
1328620.9106445312,2.2501162398454157e-12,2.224399450307245e-11,99.99911618416142
1328630.4473876953,2.2851432224036993e-12,2.259026106196774e-11,99.99911620523169
1333632.469177246,6.704245205113189e-13,6.627621757888956e-12,99.99912019445335
1340332.03125,7.937153661768618e-13,7.846439188161758e-12,99.99912526627809
1340336.799621582,7.336805516201981e-13,7.252952477856007e-12,99.99912526987808
1347894.6685791016,6.708219986716545e-13,6.631551111340582e-12,99.99913187567522
1348700.5233764648,2.511878903833261e-12,2.4831704042582842e-11,99.99913249895488
1352152.8244018555,9.926891260305852e-13,9.813435889072618e-12,99.99913594632895
1352157.5927734375,9.72104825770706e-13,9.609945485456046e-12,99.99913595095985
1352186.2030029297,1.1611513436678794e-12,1.1478804360595142e-11,99.99913598009488
1356291.7709350586,6.653325182108515e-13,6.577283704602869e-12,99.99913923129505
1364078.5217285156,8.046532544600593e-13,7.954567969483465e-12,99.99914559210596
1364083.2901000977,7.934490394269894e-13,7.843806359397058e-12,99.99914559587259
1364293.098449707,7.35393252083376e-13,7.269883736345549e-12,99.99914576206167
1368861.198425293,5.491638577167155e-12,5.4288741248211696e-11,99.99915023643443
1376104.3548583984,9.395819738510569e-13,9.288434033507851e-12,99.99915860442805
1376109.1232299805,8.525528733425353e-13,8.42808966594225e-12,99.99915860865198
1378898.6206054688,2.048919983959419e-12,2.0255026852994814e-11,99.9991611018959
1385164.2608642578,7.577793347108141e-13,7.491186036241073e-12,99.99916725288976
1388239.860534668,8.797012830551365e-13,8.69647094586037e-12,99.99917003494046
1388244.62890625,8.911285000997707e-13,8.809437088953368e-12,99.99917003911419
1388592.7200317383,7.38651696189103e-13,7.30209576676996e-12,99.99917032573215
1389055.2520751953,1.8336623035799292e-12,1.8127052051375474e-11,99.99917079630973
1400485.0387573242,1.1447381898106422e-12,1.1316548696770613e-11,99.99918242220485
1400489.8071289062,1.149242627261926e-12,1.1361078254902542e-11,99.99918242761161
1405630.111694336,7.38903795862337e-13,7.304587950794209e-12,99.99918778472035
1412305.8319091797,1.9849550515224526e-12,1.962268814074454e-11,99.99919469027738
1412835.1211547852,1.263107647461105e-12,1.248671471694451e-11,99.99919550637995
1412839.8895263672,1.2033428403535599e-12,1.1895897221725352e-11,99.99919551219321
1415643.6920166016,8.644329351833945e-13,8.545532500941026e-12,99.9991986091067
1424431.8008422852,1.7307637636172911e-12,1.7109827022387485e-11,99.99920858107244
1425294.8760986328,1.236790798019115e-12,1.2226553999929273e-11,99.9992098012933
1425299.6444702148,1.3866310500647632e-12,1.3707831137447898e-11,99.99920980747655
1432299.6139526367,1.0435682424117758e-11,1.0316412030955021e-10,99.9992173268236
1435761.4517211914,7.681618655921857e-13,7.593824715862832e-12,99.99922090758054
1437864.3035888672,9.08803791435162e-13,8.98416987668333e-12,99.99922281396711
1437869.0719604492,9.890947047248246e-13,9.777902485797168e-12,99.99922281844032
1444125.1754760742,7.465766603981879e-13,7.38043965726872e-12,99.9992287563138
1449704.1702270508,2.3658110634177438e-12,2.3387719868902266e-11,99.99923432420974
1450543.4036254883,8.842620116524195e-13,8.741556981884419e-12,99.99923533998131
1450548.1719970703,8.211093543320642e-13,8.117248185115363e-12,99.99923534400077
1452445.9838867188,4.873751960549554e-12,4.818049392294987e-11,99.99923711737593
1461949.348449707,6.98149040285745e-13,6.9016982942660395e-12,99.99924596142989
1463332.176208496,7.904376366295266e-13,7.814036507472474e-12,99.99924703713006
1463336.9445800781,8.323115532167798e-13,8.227989864145712e-12,99.99924704095478
1463680.2673339844,6.981405023766904e-13,6.9016138909811265e-12,99.9992473092929
1472611.427307129,7.29874043605024e-12,7.215322447075353e-11,99.99925520816572
1476240.1580810547,9.308525283886739e-13,9.202137275393053e-12,99.99925879563337
1476244.9264526367,8.677288208173397e-13,8.578114667420243e-12,99.9992587998725
1476411.8194580078,6.862053462768398e-13,6.7836264101669676e-12,99.99925893308341
1488189.697265625,1.2573594214275946e-12,1.2429889426753898e-11,99.99926893049053
1489257.8125,8.256678380417286e-13,8.162312028833538e-12,99.99926983991007
1489262.580871582,8.231937010369785e-13,8.137853430224742e-12,99.99926984379634
1492772.102355957,2.3676926504722643e-12,2.3406320691098314e-11,99.99927287972915
1493201.2557983398,7.275074751688267e-13,7.191927240039501e-12,99.99927339734032
1502389.907836914,9.011512317830641e-13,8.90851889838214e-12,99.99928176825563
1502394.676208496,9.208117340594224e-13,9.102876903901447e-12,99.99928177254988
1508550.6439208984,7.459477923214639e-13,7.37422285042377e-12,99.99928737239826
1513233.1848144531,2.2744943812907385e-12,2.2484989716876224e-11,99.999291597388
1515636.4440917969,9.617280386216653e-13,9.507363586701042e-12,99.99929379002303
1515641.212463379,9.469113005758251e-13,9.360889625130161e-12,99.99929379452158
1525611.8774414062,7.598256445933966e-13,7.511415260391233e-12,99.99930286287085
1526918.4112548828,7.0355840130632725e-12,6.95517366352751e-11,99.99930404862837
1529002.1896362305,8.902400628787531e-13,8.800654257066426e-12,99.99930618425607
1529006.9580078125,8.571833459535036e-13,8.473865170994417e-12,99.99930618837465
1531801.2237548828,7.008715495829064e-13,6.928612229096705e-12,99.99930843205534
1536045.0744628906,1.0906898679795407e-11,1.0782242711852293e-10,99.9993125804728
1542487.1444702148,8.197592087128486e-13,8.103901038332296e-12,99.99931828461372
1542491.9128417969,8.563766911131634e-13,8.465890815929258e-12,99.99931828856428
1553444.8623657227,1.8619792776208055e-12,1.84069854182633e-11,99.99932758807499
1555261.6119384766,6.945414786211153e-13,6.8660349892258385e-12,99.99932920043936
1556091.30859375,8.404586408075522e-13,8.308529601771731e-12,99.9993298407909
1556096.076965332,8.104116412672824e-13,8.011493706126847e-12,99.99932984468191
1556191.4443969727,6.512353039941351e-12,6.437922746269971e-11,99.99932995589671
1567292.2134399414,6.663658134945447e-13,6.587498561152724e-12,99.99933938907458
1569814.682006836,7.89895141037662e-13,7.808673553883817e-12,99.99934128851777
1569819.450378418,7.900163681816936e-13,7.809871970160145e-12,99.99934129224152
1571187.973022461,6.45453314321919e-13,6.3807636785702356e-12,99.99934230563372
1576356.8878173828,4.723592647423265e-12,4.6696062640414984e-11,99.99934656837748
1583657.2647094727,7.797402350469942e-13,7.708285107706854e-12,99.99935335643393
1583662.0330810547,7.332209476041751e-13,7.24840896626982e-12,99.99935335999989
1587390.8996582031,2.59088682375005e-12,2.5612753352483817e-11,99.99935637959676
1595754.623413086,6.293918554736262e-13,6.2219847692827344e-12,99.99936275719233
1597623.8250732422,6.841838080728409e-13,6.7636420716242655e-12,99.99936443900302
1597628.5934448242,7.17263929904464e-13,7.090662531791311e-12,99.99936444230613
1598401.0696411133,6.493254052353607e-13,6.419042042802614e-12,99.99936499174031
1601018.9056396484,1.3364695365021798e-11,1.3211949008252407e-10,99.99936705693742
1611709.5947265625,8.654542775286146e-13,8.555629194218698e-12,99.99937594124447
1611714.3630981445,8.774884369862842e-13,8.67459539342443e-12,99.99937594535247
1618347.16796875,6.230871805958716e-13,6.159658587709969e-12,99.99938100930488
1619586.9445800781,1.4071609234864299e-12,1.391078349317673e-11,99.99938196500409
1625924.1104125977,7.922122261804358e-13,7.831579583477448e-12,99.99938673921386
1625928.8787841797,7.961157920809577e-13,7.870169100274836e-12,99.99938674295745
1635198.5931396484,5.987732612803218e-13,5.9192982551964846e-12,99.99939389552641
1639790.5349731445,8.388836420548063e-12,8.292959622328876e-11,99.99939768699386
1640262.6037597656,7.180055614963142e-13,7.097994085939623e-12,99.99939835714578
1640267.3721313477,7.20031592222771e-13,7.118022836252298e-12,99.99939836053514
1641988.754272461,1.3855750090710445e-12,1.3697391423426319e-11,99.99939956419027
1654458.0459594727,6.071121997073629e-13,6.0017345743731796e-12,99.99940844211145
1654725.0747680664,6.666105688236526e-13,6.58991814112769e-12,99.99940862327031
1654729.8431396484,7.155443148579832e-13,7.0736629177429515e-12,99.99940862652797
1655712.1276855469,6.083985194763205e-13,6.014450757369952e-12,99.99940929619775
1659936.9049072266,6.475450149336904e-12,6.401441622263275e-11,99.99941346214388
1669316.291809082,7.069657288379827e-13,6.988857512184821e-12,99.99942069254499
1669321.060180664,7.111208929610007e-13,7.029934255810353e-12,99.99942069588732
1669378.2806396484,6.111246014269196e-13,6.041400010413084e-12,99.99942073560445
1675057.4111938477,8.719300598243894e-12,8.619646893944383e-11,99.99942488580665
1684041.0232543945,7.562875609798953e-13,7.476438795150691e-12,99.99943323252845
1684045.7916259766,7.17830349937691e-13,7.096261995446753e-12,99.99943323600286
1696190.8340454102,1.2035833719562816e-12,1.1898275047170105e-11,99.99944223893196
1698813.4384155273,5.707562969085282e-13,5.642330696613036e-12,99.9994440718875
1698889.7323608398,6.771906262898882e-13,6.694509511099449e-12,99.99944412115754
1698894.5007324219,6.857434839689195e-13,6.779060573764106e-12,99.99944412436989
1700291.633605957,1.7823059668099965e-12,1.7619358247571455e-11,99.99944515660717
1702098.8464355469,5.758622264904072e-13,5.692806430951185e-12,99.99944644963892
1713871.955871582,6.7341264382438e-13,6.6571614756036285e-12,99.99945492342823
1713876.724243164,6.679609224643578e-13,6.603267344350682e-12,99.99945492658976
1723279.9530029297,1.3258561994633278e-12,1.310702864610805e-11,99.99946143666479
1724114.4180297852,5.602118985597564e-13,5.5380918423019355e-12,99.99946208590555
1728987.693786621,7.395712241546444e-13,7.311185952711789e-12,99.99946532804988
1728992.4621582031,7.543124933785564e-13,7.456913851465827e-12,99.99946533157086
1741623.878479004,5.487348718212884e-13,5.424633295067222e-12,99.99947399480175
1743540.7638549805,1.1286771151193062e-11,1.1157773585147021e-10,99.99947611770523
1744232.177734375,6.396381515367537e-13,6.3232766711272e-12,99.99947705290609
1744236.946105957,6.331165961151811e-13,6.258806471597015e-12,99.9994770559059
1752190.5899047852,1.1087846219936354e-12,1.0961122185586336e-11,99.99948199602916
1758341.7892456055,5.144372768269917e-13,5.0855772494230406e-12,99.99948576646827
1759614.9444580078,6.176100406126274e-13,6.1055131753430894e-12,99.99948652966198
1759619.7128295898,6.162333273764033e-13,6.0919033888278025e-12,99.99948653257007
1763358.1161499023,5.103974743656329e-13,5.045640937621595e-12,99.99948932142074
1763687.1337890625,3.5252429198351668e-12,3.484952587880336e-11,99.99948955032278
1775131.2255859375,6.155936244964436e-13,6.085579472270319e-12,99.99949703362374
1775135.9939575195,6.220280732595179e-13,6.149188560717216e-12,99.99949703654075
1777400.9704589844,5.357278512065058e-13,5.2960496735044304e-12,99.99949839841223
1780033.1115722656,5.586656902417764e-12,5.5228064767209495e-11,99.9995000353109
1790785.789489746,6.248767367609705e-13,6.177349619308467e-12,99.99950758967788
1790790.5578613281,6.492179076765011e-13,6.41797935321084e-12,99.99950759268084
1799740.7913208008,5.288297970768606e-13,5.2278575172839745e-12,99.99951323412046
1804008.4838867188,3.5408685800386697e-12,3.500399660947881e-11,99.99951604755732
1806578.6361694336,5.777588211229181e-13,5.711555613696974e-12,99.9995179513651
1806583.4045410156,5.745247559594747e-13,5.679584586403221e-12,99.99951795408097
1807427.4063110352,5.367537724700907e-13,5.306191632636877e-12,99.99951846130762
1816191.6732788086,1.2487273341720692e-12,1.2344555123546905e-11,99.99952457247538
1822509.765625,5.779621323327113e-13,5.713565489166057e-12,99.99952875883287
1822514.533996582,6.178732718477671e-13,6.1081154027497444e-12,99.99952876165138
1824193.000793457,1.8837404031514346e-12,1.862210957412346e-11,99.9995299247853
1826095.5810546875,5.459944962765561e-13,5.3975427397110384e-12,99.99953120523266
1838579.1778564453,8.928398110422533e-13,8.82635461104558e-12,99.99953975002127
1838583.9462280273,8.793568691285158e-13,8.693066169984854e-12,99.99953975419822
1845436.0961914062,5.316603450119937e-13,5.2558394906570964e-12,99.99954447599471
1847286.2243652344,5.60558023423749e-12,5.541513532006535e-11,99.99954606814221
1854796.4096069336,6.918555852831557e-13,6.839483029114872e-12,99.99955130053766
1854801.1779785156,6.624341847057142e-13,6.548631622806075e-12,99.99955130372963
1861863.136291504,5.908872965704093e-13,5.841339902400111e-12,99.99955619610242
1867442.1310424805,5.959315889349136e-12,5.891206309139895e-11,99.99956111785434
1871151.9241333008,7.974515822315602e-13,7.883374333071743e-12,99.99956458660878
1871156.6925048828,7.614765610965911e-13,7.527735740627674e-12,99.99956459028309
1878104.2098999023,5.404523508315196e-13,5.342754702261432e-12,99.9995690894659
1887598.0377197266,9.230558253026028e-12,9.125061337040389e-11,99.99957591528562
1887650.489807129,1.1655539626865364e-12,1.1522327371324959e-11,99.99957619033437
1887655.258178711,1.0090941461194442e-12,9.97561114482938e-12,99.99957619545988
1890482.9025268555,2.3231984184416754e-12,2.296646365830127e-11,99.99957853809434
1892342.5674438477,5.446709736624958e-13,5.384458780211296e-12,99.99958013273623
1904296.875,7.12031286244103e-13,7.038934138939215e-12,99.9995880742867
1904301.643371582,6.831067190118233e-13,6.752994282533049e-12,99.99958807757497
1907782.5546264648,1.9155982714294012e-12,1.893704719125891e-11,99.99959048109147
1910119.0567016602,5.684939967659211e-13,5.61996625559202e-12,99.99959214385748
1921091.079711914,7.013507045589251e-13,6.933349015785294e-12,99.99959999010036
1921095.848083496,6.729844626915785e-13,6.6529286014988626e-12,99.99959999333959
1927967.0715332031,1.432802455406783e-12,1.4164268217648509e-11,99.99960495773496
1929979.3243408203,5.807645009568666e-13,5.741268890069282e-12,99.9996063957758
1938033.103942871,6.884417910717562e-13,6.805735252743012e-12,99.99961214721573
1938037.8723144531,7.137221569304361e-13,7.055649594605977e-12,99.99961215052055
1947321.891784668,5.994111858090436e-13,5.92560459149102e-12,99.9996191476034
1951031.6848754883,1.0859563776726503e-11,1.0735448803829991e-10,99.99962258967514
1955122.947692871,6.719588647117101e-13,6.6427898382551805e-12,99.99962589614238
1955127.7160644531,6.46678272425463e-13,6.392873257995163e-12,99.99962589925032
1971187.5915527344,2.7549465732846654e-12,2.723460030518798e-11,99.99963829343919
1971845.6268310547,6.127195700256964e-13,6.057167405943814e-12,99.99963877129262
1972365.379333496,7.029559277711109e-13,6.949217785440732e-12,99.9996391255275
1972370.1477050781,6.913421037429316e-13,6.834406899999445e-12,99.99963912881378
1977791.7861938477,5.877339313663236e-13,5.810166651425894e-12,99.9996431407769
1984195.7092285156,1.363836276286358e-12,1.3482488635737649e-11,99.99964766622799
1989760.398864746,7.194909251570091e-13,7.1126779589407044e-12,99.99965186251423
1989765.1672363281,7.977423195886715e-13,7.886248477997638e-12,99.99965186609026
1998510.3607177734,5.907606950316388e-11,5.840088356421008e-10,99.99965928273045
2007241.2490844727,6.250024760586335e-13,6.17859264142284e-12,99.99966639108278
2007303.237915039,7.679793275415903e-13,7.592020197801879e-12,99.99966643493119
2007308.006286621,7.514763387633163e-13,7.428876452084362e-12,99.99966643851243
2011537.5518798828,4.138468283167226e-12,4.091169341021945e-11,99.99966971448139
2014946.9375610352,5.718778852716174e-13,5.653418392858e-12,99.99967222640879
2025008.201599121,6.890955643427359e-13,6.8121982650925115e-12,99.99967965458563
2025012.9699707031,6.834629497640106e-13,6.756515876108154e-12,99.99967965782068
2031788.8259887695,1.3990949425421451e-12,1.3831045552260895e-11,99.99968459960475
2032923.698425293,5.737826503945469e-13,5.6722483466949615e-12,99.99968538757015
2042865.7531738281,6.777328705367497e-13,6.699869979964532e-12,99.9996920386304
2042870.5215454102,6.827641047336014e-13,6.749607297458018e-12,99.99969204183701
2050528.5263061523,5.486202422732577e-13,5.423500100705468e-12,99.99969752523084
2054748.53515625,5.162353159174454e-12,5.1033521407535926e-11,99.99970046095345
2060880.6610107422,6.625525741403735e-13,6.5498019863131454e-12,99.99970476639719
2060885.4293823242,6.57172549946977e-13,6.496616632390039e-12,99.9997047695077
2074923.5153198242,5.616989597790608e-12,5.552792496873547e-11,99.99971437505725
2076067.9244995117,5.477030160978618e-13,5.4144326695913385e-12,99.99971520053882
2079052.9251098633,6.720548037999822e-13,6.643738264169524e-12,99.99971797780682
2079057.6934814453,6.714753857351213e-13,6.63801030575497e-12,99.99971798097344
2081246.3760375977,5.345979448338386e-13,5.284879747836803e-12,99.99971934113744
2095088.9587402344,8.534325000569896e-12,8.436785399724616e-11,99.99972882363733
2097387.3138427734,7.242405027040506e-13,7.1596309007387534e-12,99.99973054595537
2097392.0822143555,7.54246723137592e-13,7.456263665998708e-12,99.99973054944007
2106680.8700561523,5.451598866087735e-13,5.3892920313549034e-12,99.99973749131537
2115249.6337890625,2.9104727456526176e-12,2.877208679676332e-11,99.9997430333125
2115883.8272094727,6.422691019622707e-13,6.3492854815907325e-12,99.99974366094618
2115888.5955810547,6.478105570350943e-13,6.404066694221499e-12,99.99974366398682
2117276.191711426,5.698499746320581e-13,5.633371058271331e-12,99.99974453785131
2120199.203491211,1.236624972012169e-12,1.2224914692269672e-11,99.99974647971098
2134542.465209961,6.294757731076951e-13,6.222814354598321e-12,99.99975694631145
2134547.233581543,6.381991548501545e-13,6.30905116854212e-12,99.99975694929928
2135462.760925293,1.4373352989105255e-12,1.4209078589750647e-11,99.999757653244
2139911.651611328,5.548759691738738e-13,5.4853423968170614e-12,99.99976072643264
2153363.2278442383,6.262230152996994e-13,6.190658537258922e-12,99.99977015863253
2153367.9962158203,6.016508404856317e-13,5.9477451660233964e-12,99.99977016152654
2158493.995666504,6.804143426694747e-12,6.726378233326845e-11,99.99977377123831
2168531.4178466797,5.322938639257862e-13,5.262102274324202e-12,99.99978054713435
2172355.6518554688,6.278876171621001e-13,6.2071143069748865e-12,99.99978300631557
2172360.420227051,6.069256461647709e-13,5.999890360326606e-12,99.99978300922594
2178130.1498413086,5.188062094705583e-13,5.1287672464493565e-12,99.99978769349225
2178668.975830078,3.725401081576634e-12,3.6828231232189084e-11,99.99978804207534
2191510.2005004883,5.888593250622554e-13,5.821291966084225e-12,99.9997962896965
2191514.9688720703,5.546510887159421e-13,5.483119294036192e-12,99.9997962923917
2191519.7372436523,5.19763295573521e-13,5.138228721210648e-12,99.99979629492401
2198853.4927368164,3.554446356373133e-12,3.51382225560319e-11,99.99980131886238
2210836.410522461,6.051748196597594e-13,5.982582198879807e-12,99.99980915984361
2210841.178894043,5.907948525296836e-13,5.84042602750897e-12,99.99980916266243
2218995.0942993164,3.693587715398645e-12,3.651373354986667e-11,99.99981433846237
2222304.344177246,5.224459609901867e-13,5.1647487710308274e-12,99.99981658142424
2230334.2819213867,6.212434759322171e-13,6.141432259808599e-12,99.99982195211365
2230339.0502929688,6.170926519890104e-13,6.100398421937959e-12,99.99982195503233
2239198.684692383,1.3273372565593705e-12,1.3121669945663923e-11,99.99982755479698
2240633.964538574,5.051192672570199e-13,4.993462117776212e-12,99.99982851778311
2250003.8146972656,6.112319596200341e-13,6.042461322275648e-12,99.99983436367155
2250008.5830688477,6.223137372645564e-13,6.152012551960547e-12,99.99983436657894
2262239.456176758,6.101102674895038e-12,6.031372600215952e-11,99.999842856434
2268781.6619873047,5.308330828033295e-13,5.247661417144152e-12,99.99984730904853
2269845.0088500977,5.898780038323573e-13,5.831362328033215e-12,99.99984793797138
2269849.7772216797,5.826749412393757e-13,5.760154946882729e-12,99.99984794073502
2282414.436340332,5.711629932015076e-12,5.646351177842075e-11,99.99985614276939
2288093.5668945312,5.277988209899019e-13,5.217665587638294e-12,99.999860248311
2289862.632751465,6.159191242755527e-13,6.088797268386377e-12,99.99986131066792
2289867.401123047,6.537733555685769e-13,6.463013185719568e-12,99.99986131366052
2296247.4822998047,5.223904880988847e-13,5.164200382166581e-12,99.99986514293612
2302584.648132324,7.1049704749296776e-12,7.023767101013654e-11,99.99986934613575
2310051.918029785,6.191051634959368e-13,6.12029352517961e-12,99.99987498926532
2310056.686401367,6.400937141366528e-13,6.327780230449388e-12,99.99987499223319
2321763.038635254,5.086190116242354e-13,5.0280595723823115e-12,99.99988203903895
2322740.5548095703,4.702534417044858e-12,4.6487887101530863e-11,99.99988283724764
2330427.1697998047,6.975173351784989e-13,6.8954534413627465e-12,99.9998878426026
2330431.9381713867,7.576631953865434e-13,7.490037916670661e-12,99.99988784603238
2342944.1452026367,1.3716640264442413e-12,1.355987149640948e-11,99.99989619810191
2346911.4303588867,5.087116391811551e-13,5.028975261461155e-12,99.99989887014415
2350974.0829467773,7.068644718273954e-13,6.987856514837655e-12,99.99990134333466
2350978.8513183594,7.133081266251277e-13,7.051556611464796e-12,99.99990134668191
2363929.7485351562,5.088600882223756e-13,5.030442785493212e-12,99.99990972963995
2366018.295288086,4.01968971461185e-12,3.9737483038665444e-11,99.9999112665892
2371706.962585449,5.665357241794872e-13,5.600607342538201e-12,99.99991484261147
2371711.7309570312,5.993147284371109e-13,5.924651041975197e-12,99.99991484535931
2375564.5751953125,5.132482019104339e-13,5.0738224007448814e-12,99.99991710986056
2386174.201965332,4.623189936105743e-12,4.5703510647281526e-11,99.99992459513103
2392621.0403442383,6.480359535860022e-13,6.40629489894738e-12,99.9999292053929
2392625.8087158203,6.252113077755406e-13,6.180657091019128e-12,99.99992920839387
2393894.1955566406,5.099416522023333e-13,5.041134812331148e-12,99.99992994758541
2406330.108642578,4.3604650290032895e-12,4.310628865229308e-11,99.9999384711969
2413721.0845947266,5.769185963390474e-13,5.7032493959368416e-12,99.99994378182261
2413725.8529663086,6.068131073217291e-13,5.998777834066107e-12,99.9999437846126
2417793.2739257812,5.10178999869199e-13,5.043481162312356e-12,99.99994627552796
2426524.1622924805,3.173387268292781e-12,3.137118327579122e-11,99.99995185300395
2435007.095336914,8.937696361737242e-13,8.835546591773954e-12,99.9999574484514
2435011.863708496,9.42065232701326e-13,9.312982808027556e-12,99.99995745277835
2446713.447570801,1.3184572746103358e-12,1.3033885027638852e-11,99.99996528318187
2448501.5869140625,5.086583957701433e-13,5.028448912590417e-12,99.99996644035912
2456483.840942383,6.108269984040862e-13,6.0384579935133435e-12,99.99997147983477
2456488.609313965,6.294510620092777e-13,6.2225700678687615e-12,99.99997148275803
2468833.9233398438,5.114321009558509e-13,5.0558689550804275e-12,99.99997950635333
2469763.75579834,6.106097233803658e-12,6.036310075842378e-11,99.99998058972697
2478141.7846679688,5.60646817308945e-13,5.542391322522077e-12,99.99998591557222
2478146.553039551,5.851746131227344e-13,5.784865975872385e-12,99.99998591827286
2489905.35736084,5.5365249683056555e-12,5.473247505185561e-11,99.99999366289589
2494802.474975586,5.16250857557376e-13,5.103505780884294e-12,99.99999693440242
2499995.231628418,5.701477766213572e-13,5.636315042095663e-12,99.99999999799508
2500000.0,2.8050005120753354e-13,2.772941898148591e-12,100.0
