frequency_hz,density,normalised_density_per_hz,cumulative_variance_pct
0.0,0.038601753525226046,0.0004369717271734673,0.0
4.76837158203125,0.2569800651516982,0.002909013520463644,0.7977450484364299
9.5367431640625,0.30316771121495534,0.0034318575270487076,2.309526513850561
14.30511474609375,0.2345891158731816,0.0026555480458215932,3.7608771009492314
19.073486328125,0.09925630109676309,0.001123581012835564,4.661891681355696
23.84185791015625,0.031928815421965365,0.0003614340890607856,5.015946871894187
28.6102294921875,0.02605977870508014,0.00029499661208591505,5.172452146940225
33.37860107421875,0.03401364006606974,0.0003850342974034651,5.334584150125827
38.14697265625,0.047523027462189615,0.0005379605197752092,5.554643262955673
42.91534423828125,0.042824134739104444,0.0004847690690897486,5.798480998337981
47.6837158203125,0.028641300956644782,0.00032421943576582283,5.991358888175143
52.45208740234375,0.021125724642125216,0.00023914313578081108,6.125674992002294
57.220458984375,0.021616756553135368,0.00024470161545223784,6.241032570097026
61.98883056640625,0.023435249663578465,0.0002652869516806577,6.3626233196308934
66.7572021484375,0.028084382051236673,0.0003179151155272952,6.501669527823707
71.52557373046875,0.026936013607283232,0.00030491558839291474,6.65016393927319
76.2939453125,0.02364553605682933,0.0002676673929836638,6.78667836011073
81.06231689453125,0.023622478852931734,0.0002674063855088521,6.91424989009342
85.8306884765625,0.025535064743410323,0.0002890568517081111,7.0469210644329445
90.59906005859375,0.027850449341026758,0.0003152669979914948,7.191003097995511
95.367431640625,0.0295774901457396,0.00033481709440981563,7.34599522360236
100.13580322265625,0.029921699225467956,0.0003387135400979473,7.506577440463075
104.9041748046875,0.03104977108005532,0.0003514833099052356,7.671133192741209
109.67254638671875,0.029090160223639715,0.00032930052124108283,7.8334447064384305
114.44091796875,0.03179393895746533,0.0003599072879114773,7.997764653002286
119.20928955078125,0.040371713082249475,0.0004570076637314862,8.192532355019823
123.9776611328125,0.040974449592695854,0.0004638306391133726,8.412077314766387
128.74603271484375,0.03265678553698745,0.0003696747084482958,8.610800475405595
133.514404296875,0.030585546534719302,0.0003462282895280076,8.781485050957654
138.28277587890625,0.027170464774004394,0.0003075695748547741,8.937362608803433
143.0511474609375,0.029330800063689284,0.0003320245634653432,9.089853734463404
147.81951904296875,0.034845512689086006,0.0003944510928511173,9.263059028194249
152.587890625,0.031863987627395465,0.00036070023863237063,9.443101135653196
157.35626220703125,0.032309466034976,0.00036574305278980895,9.616298712991933
162.1246337890625,0.03329950386152527,0.00037695027783857737,9.793370601588562
166.89300537109375,0.03413095963955223,0.000386362354602276,9.975358514825382
171.661376953125,0.03461445599127739,0.0003918355317665555,10.160895349153275
176.42974853515625,0.03943255089311927,0.0004463763507365454,10.360740635165712
181.1981201171875,0.03974415865560741,0.00044990374961717186,10.574430463169051
185.96649169921875,0.041799317167345265,0.00047316813743578416,10.794507950888814
190.73486328125,0.046150834005570254,0.0005224272942090894,11.031876399061593
195.50323486328125,0.046585908994646985,0.0005273523417021418,11.282163368225305
200.2716064453125,0.04640379245494276,0.0005252907830517191,11.533133046330148
205.03997802734375,0.044194585842807096,0.0005002825712263908,11.777648788221558
209.808349609375,0.04838760715414348,0.0005477475591392447,12.027518642758958
214.57672119140625,0.05059604539270339,0.0005727470729781384,12.294665380839314
219.3450927734375,0.05290040390167244,0.0005988324039730905,12.573991695038576
224.11346435546875,0.054013881595142164,0.0006114369679229285,12.862542399016167
228.8818359375,0.05844747902606568,0.0006616252767446105,13.166064090497645
233.65020751953125,0.06119393918989016,0.0006927151970668888,13.48896402188352
238.4185791015625,0.07285782168800663,0.0008247503098609127,13.850755991880877
243.18695068359375,0.06878314044653201,0.0007786249311626385,14.23303043861234
247.955322265625,0.0626073224911283,0.0007087146915431324,14.587639838099303
252.72369384765625,0.06055264242880284,0.0006854557197703471,14.920035966590106
257.4920654296875,0.06997554160254549,0.0007921229084575392,15.272318163643034
262.26043701171875,0.07813813019988322,0.0008845233854269136,15.672061790686866
267.02880859375,0.08438505631002423,0.0009552385691319616,16.110695221777906
271.79718017578125,0.08147612168016623,0.0009223094383707622,16.558337549921674
276.5655517578125,0.07630258337727394,0.0008637450012309938,16.984166111609564
281.33392333984375,0.07942405840396569,0.0008990800886085911,17.404456364733704
286.102294921875,0.07864255557693658,0.0008902334790913657,17.83106196311187
290.87066650390625,0.09638543011901003,0.0010910827624951713,18.30344456618178
295.6390380859375,0.09018747545404045,0.0010209219353937617,18.806985725308287
300.40740966796875,0.0825132962977098,0.0009340502517437174,19.273087416348677
305.17578125,0.08455119823446158,0.0009571192951883537,19.723977372568367
309.94415283203125,0.09193917099771122,0.001040751123378698,20.20030679899217
314.7125244140625,0.10985381532733639,0.0012435448402314567,20.744925396883534
319.48089599609375,0.11123093819592107,0.0012591338667253512,21.34161049814391
324.249267578125,0.11208815892942056,0.0012688376027030807,21.944325863894328
329.01763916015625,0.10905721411048254,0.0012345273169894198,22.541174571020107
333.7860107421875,0.10301614343559674,0.001166142416156955,23.113538837688992
338.55438232421875,0.09604808818970689,0.0010872640529280193,23.6507928061865
343.32275390625,0.10814566066757932,0.001224208534913988,24.201890816212007
348.09112548828125,0.10299101471154588,0.0011658579590805946,24.77172707366845
352.8594970703125,0.11209459387150034,0.001268910446226964,25.352221097303257
357.62786865234375,0.11252257317804543,0.0012737551706163185,25.958439820801427
362.396240234375,0.11522981856764365,0.0013044011798190368,26.573120194573896
367.16461181640625,0.10894225113005387,0.0012332259364164855,27.178137645916365
371.9329833984375,0.09428615704197209,0.0010673189979376217,27.726630300324366
376.70135498046875,0.09727231101192921,0.0011011222513832286,28.243626981852664
381.4697265625,0.11117018913008744,0.0012584461874932628,28.80619193634249
386.23809814453125,0.13710139446349526,0.0015519873494206388,29.47625150687288
391.0064697265625,0.14109603140994004,0.0015972066269536716,30.227077860035244
395.77484130859375,0.13787976045106906,0.0015607984499252036,30.98000494326023
400.543212890625,0.18662324395461777,0.0021125745282082266,31.855805309216876
405.31158447265625,0.19626818740365434,0.0022217552573857687,32.889190058055775
410.0799560546875,0.17984345227476176,0.0020358273079482208,33.90427684369029
414.84832763671875,0.1553383243561122,0.0017584293378217757,34.80889812192143
419.61669921875,0.1380165580370669,0.001562346998163759,35.600632897461196
424.38507080078125,0.13361199633554807,0.0015124873737066206,36.333730539375175
429.1534423828125,0.13957632217888877,0.0015800035232900007,37.071037824921625
433.92181396484375,0.12788562753747673,0.0014476648971191188,37.79289022770624
438.690185546875,0.1111865919236717,0.0012586318670644847,38.43812165685005
443.45855712890625,0.1151822390437053,0.001303862579759331,39.04906794181743
448.2269287109375,0.11585797554020873,0.0013115119147512838,39.67262181261712
452.99530029296875,0.1013240129267768,0.0011469875041771463,40.258773750800046
457.763671875,0.08802910419154371,0.000996489179564718,40.76981841607511
462.53204345703125,0.08932399356338515,0.0010111473231369356,41.248476258401666
467.3004150390625,0.08441942664319624,0.0009556276411941902,41.717391950810025
472.06878662109375,0.0783898559077853,0.0008873729196400174,42.1567975258075
476.837158203125,0.07046542752602035,0.00079766841555371,42.55854268667179
481.60552978515625,0.07347421784080402,0.0008317279123507825,42.947021043964085
486.3739013671875,0.06194632533725355,0.0007012322058628732,43.31250721716795
491.14227294921875,0.06126558713970678,0.0006935262516310123,43.645043546793524
495.91064453125,0.059861102945728446,0.0006776274950206557,43.971952074799994
500.67901611328125,0.06462548823680436,0.0007315603213675415,44.30792863167051
505.4473876953125,0.04970881767976608,0.0005627036580885783,44.61650521063477
510.21575927734375,0.05017884585287796,0.0005680243755137768,44.88609178175655
514.984130859375,0.05848896033350009,0.0006620948450128805,45.17937505844004
519.7525024414062,0.051866869254238036,0.0005871327950501981,45.47721413735827
524.5208740234375,0.04720025806577497,0.0005343067712340224,45.74458616530002
529.2892456054688,0.04180827086834265,0.0004732694933026068,45.98481106662731
534.0576171875,0.05115340880156318,0.0005790564249943259,46.23570511681941
538.8259887695312,0.04888911555574703,0.0005534246326508792,46.505709641442614
543.5943603515625,0.0404466830344499,0.0004578563233520323,46.7468178100453
548.3627319335938,0.04357087270442279,0.0004932221404829411,46.97357258600693
553.131103515625,0.043179070577870175,0.0004887869416560783,47.207701796035344
557.8994750976562,0.04266913825210184,0.00048301450934968166,47.439397317152974
562.6678466796875,0.041851903986241105,0.00047376342005848825,47.66751095159821
567.4362182617188,0.03819097338940373,0.00043232169734201085,47.8835384778339
572.20458984375,0.04388861264103702,0.0004968189555551781,48.10506287208315
576.9729614257812,0.04189699682596207,0.0004742738708607594,48.336589443932965
581.7413330078125,0.04115278370920584,0.0004658493807452624,48.56073229376121
586.5097045898438,0.034982479351423,0.0003960015550332943,48.76621356926689
591.278076171875,0.033423820930157236,0.0003783575466602321,48.950835166007025
596.0464477539062,0.03927116366923031,0.00044454944787524387,49.14703148237691
600.8148193359375,0.037217795889494684,0.0004213053311372033,49.353467348497354
605.5831909179688,0.0332728688061339,0.00037664876909623173,49.54371443126328
610.3515625,0.03418705668569569,0.0003869973729862625,49.72578185939498
615.1199340820312,0.03289777037636676,0.0003724026560638719,49.90683693529079
619.8883056640625,0.03844953369720491,0.00043524859920424243,50.09939599998141
624.6566772460938,0.03187068202564385,0.0003607760191992579,50.28918305843104
629.425048828125,0.029331894862233795,0.0003320369565813862,50.454362543699794
634.1934204101562,0.03290843811637156,0.0003725234148468088,50.62234282634698
638.9617919921875,0.033697326100748576,0.00038145362432173187,50.802104960700746
643.7301635742188,0.03548852633884402,0.0004017300053219525,50.98883048885598
648.49853515625,0.03112354656119036,0.0003523184481171193,51.16860964969866
653.2669067382812,0.029795826706005692,0.00033728866357783904,51.3330247974073
658.0352783203125,0.031038302745757425,0.0003513534883974464,51.49720988079069
662.8036499023438,0.02979360357381181,0.0003372634977284726,51.66138896416804
667.572021484375,0.02970765745056678,0.00033629058788659975,51.82197677220843
672.3403930664062,0.026246084320723343,0.00029710559106264797,51.97299018920187
677.1087646484375,0.02839711189842965,0.00032145521640321285,52.1204665780058
681.8771362304688,0.032466202209326216,0.00036751730578511954,52.284730427785966
686.6455078125,0.025551779125411466,0.0002892460584592216,52.44131501589505
691.4138793945312,0.02663411267469165,0.000301498070795855,52.58215939180464
696.1822509765625,0.02814807574899024,0.0003186361279833551,52.73001090632986
700.9506225585938,0.03165947337319003,0.0003583851379250066,52.89142535456928
705.718994140625,0.0292919296810372,0.0003315845508573078,53.05592694739191
710.4873657226562,0.02369763491854326,0.0002682571519326201,53.19894035385694
715.2557373046875,0.030485224671208375,0.0003450926463520316,53.3451743412562
720.0241088867188,0.029542964422475202,0.0003344262633322352,53.50718427417577
724.79248046875,0.029449471098204456,0.0003333679191987471,53.66639881430708
729.5608520507812,0.027023287712436336,0.0003059035309857648,53.81881300512027
734.3292236328125,0.02952078988350678,0.0003341752476216154,53.97141967802891
739.0975952148438,0.03079166715370992,0.0003485615742796326,54.13419682100692
743.865966796875,0.02933612722390915,0.0003320848669020947,54.296475578384
748.6343383789062,0.03207482900063887,0.00036308696230712774,54.4622174581355
753.4027099609375,0.03402361027204036,0.0003851471601033528,54.64061037443591
758.1710815429688,0.03358380082520422,0.000380168518563517,54.8230758511078
762.939453125,0.032664603980931683,0.0003697632132088862,55.00187350902016
767.7078247070312,0.0394927731216148,0.00044705806617164164,55.196618877829984
772.4761962890625,0.03834446552319974,0.0004340592278085622,55.40669361108256
777.2445678710938,0.036315508833967655,0.000411091444537408,55.608193233510015
782.012939453125,0.03871767203721369,0.0004382839243606111,55.81070010208655
786.7813110351562,0.041274966432638276,0.00046723248878604456,56.026592038662116
791.5496826171875,0.04178186716375744,0.0004729706034506513,56.25075392398009
796.3180541992188,0.037517095992163574,0.0004246934073478074,56.46477370194527
801.08642578125,0.040282611324578846,0.0004559990321179487,56.67474714198818
805.8547973632812,0.04556215526095318,0.0005157634526916949,56.9064333728407
810.6231689453125,0.048777491071799406,0.0005521610438474959,57.161046413893324
815.3915405273438,0.04466611653152653,0.0005056202971234897,57.41324113820777
820.159912109375,0.037024190055764274,0.00041911371371493387,57.63371490711876
824.9282836914062,0.030465570108510958,0.0003448701567647874,57.815862855975055
829.6966552734375,0.03146587939466179,0.00035619365470358804,57.98300949376486
834.4650268554688,0.02533366246874075,0.00028677697859919867,58.13630563856095
839.2333984375,0.021555281580996236,0.00024400571896307906,58.26285409512544
844.0017700195312,0.017909050435803046,0.00020273039399247778,58.369364284409656
848.7701416015625,0.021319033302427026,0.00024133138920081362,58.4752368637919
853.5385131835938,0.020406209004437122,0.00023099822104984114,58.58784901833546
858.306884765625,0.020379312730552324,0.0002306937553149804,58.69792496332295
863.0752563476562,0.019327361035262183,0.0002187856654689169,58.80508920816164
867.8436279296875,0.017307258331959376,0.00019591810929033137,58.90396229288779
872.6119995117188,0.016881506043151865,0.00019109859473468569,58.99623426555001
877.38037109375,0.015677328049319456,0.0001774673036731186,59.08410722335369
882.1487426757812,0.01442830500419902,0.0001633283667735534,59.16535924286555
886.9171142578125,0.014968469813439115,0.00016944303069672782,59.24469812661606
891.6854858398438,0.014952065210100823,0.00016925733063909585,59.32545058550692
896.453857421875,0.014761428229260883,0.00016709932062210724,59.40564426037198
901.2222290039062,0.01411685274186641,0.0001598027281541931,59.483583782346614
905.9906005859375,0.01230273575514997,0.00013926692963244533,59.5548875452085
910.7589721679688,0.00977875769600106,0.00011069550602772512,59.614483233947354
915.52734375,0.009253453553666755,0.00010474906480667558,59.665849222400844
920.2957153320312,0.00907750449559238,0.00010275732202869373,59.71532260030463
925.0640869140625,0.009732118350379446,0.00011016754878357561,59.76608784545907
929.8324584960938,0.008708431501003809,9.857941690339782e-05,59.81585700040992
934.600830078125,0.006807617773030814,7.706221154627323e-05,59.85773322789597
939.3692016601562,0.006940227155521924,7.856334933444856e-05,59.894837252993035
944.1375732421875,0.006585964956433059,7.455310236711923e-05,59.9313430598448
948.9059448242188,0.006853716860441194,7.75840530691893e-05,59.96761538427248
953.67431640625,0.006350888583658193,7.189203857471978e-05,60.00325326165187
958.4426879882812,0.00531779176919981,6.019738591972376e-05,60.03474583455418
963.2110595703125,0.004516669914854176,5.1128689075652796e-05,60.06128803917154
967.9794311523438,0.0038791225385456617,4.391165480288623e-05,60.083947422916374
972.747802734375,0.0041375450142873745,4.683699640664278e-05,60.10558358739313
977.5161743164062,0.004329240653274546,4.900699043049212e-05,60.12843457455027
982.2845458984375,0.003912698034565416,4.4291729311078455e-05,60.15067872274306
987.0529174804688,0.0033384498123869718,3.7791241261808205e-05,60.170248827955476
991.8212890625,0.0030236801449052613,3.4228049626707595e-05,60.18741956495701
996.5896606445312,0.0027476540046129285,3.110343459620789e-05,60.202995804596036
1001.3580322265625,0.002520941257852187,2.8537047023696644e-05,60.21721520348079
1006.1264038085938,0.0023592982390106204,2.6707248564344946e-05,60.23038646993836
1010.894775390625,0.001918822809317216,2.1721068100682317e-05,60.241932680385915
1015.6631469726562,0.0018693290969851398,2.116079943444567e-05,60.25215651431286
1020.4315185546875,0.0017529520094824644,1.9843411173929753e-05,60.2619326799433
1025.1998901367188,0.001717845947583101,1.9446010664846695e-05,60.27130000807182
1029.96826171875,0.00156276389435713,1.769048231540332e-05,60.28015403796098
1034.7366333007812,0.001313542857789836,1.4869300973845736e-05,60.28791689522867
1039.5050048828125,0.0012177351818676476,1.3784758387021651e-05,60.29474855534698
1044.2733764648438,0.0011507908455827556,1.3026948713122404e-05,60.301140964457076
1049.041748046875,0.0009675246801844653,1.0952376303498161e-05,60.30685808105536
1053.8101196289062,0.0008649127579272338,9.790809669795104e-06,60.31180364198116
1058.5784912109375,0.0008856915569797314,1.002602560900436e-05,60.316528343690614
1063.3468627929688,0.000747329953485585,8.459772697363513e-06,60.32093570145638
1068.115234375,0.0008031680577595347,9.091859860210532e-06,60.32512033675167
1072.8836059570312,0.0007148431052906537,8.092021679086987e-06,60.32921729337172
1077.6519775390625,0.0005551197741620573,6.283954078542572e-06,60.332644793085045
1082.4203491210938,0.000533014728781485,6.033725035116234e-06,60.33558155663715
1087.188720703125,0.0004789062110527228,5.421216786461617e-06,60.33831262758994
1091.9570922851562,0.000469237636918311,5.31176855800076e-06,60.34087157070529
1096.7254638671875,0.00048036559866627016,5.437737049606933e-06,60.3434344525583
1101.4938354492188,0.0003813869011031522,4.317298507889607e-06,60.345760234275005
1106.26220703125,0.0003752560610838183,4.247897418363406e-06,60.34780233611746
1111.0305786132812,0.00038227920319138843,4.327399364691417e-06,60.34984684619186
1115.7989501953125,0.00035244644086386627,3.989692589995446e-06,60.35182979543795
1120.5673217773438,0.0003170069433745962,3.5885175910947864e-06,60.35363658154146
1125.335693359375,0.0002710398026999998,3.068169704808278e-06,60.35522365946807
1130.1040649414062,0.00022934902673776947,2.596230253469295e-06,60.35657415765758
1134.8724365234375,0.00020988152183802828,2.375858159900055e-06,60.35775959591226
1139.6408081054688,0.0001931161444228575,2.186074140864891e-06,60.35884724532937
1144.4091796875,0.00018414436601688048,2.084513637834493e-06,60.359865432799495
1149.1775512695312,0.00017187433138976673,1.9456168848674463e-06,60.36082629079231
1153.9459228515625,0.00015087387524925699,1.707891788126638e-06,60.361697355138865
1158.7142944335938,0.00012511478246528203,1.4162989397116199e-06,60.362442220253044
1163.482666015625,0.0001003472937485322,1.135931046184841e-06,60.363050719299814
1168.2510375976562,9.259040706313859e-05,1.0481231135687676e-06,60.363571438389265
1173.0194091796875,8.934426691704641e-05,1.0113768174359232e-06,60.364062461436475
1182.55615234375,9.314618892221991e-05,1.0544145624464913e-06,60.36505450727159
1187.3245239257812,0.00010814332819552674,1.2241821313377687e-06,60.365597767057665
1192.0928955078125,0.00012466651007530166,1.4112244976822988e-06,60.366226096961505
1196.8612670898438,0.00015192980849528252,1.7198449491143672e-06,60.36697260209009
1201.629638671875,0.0001398420291003939,1.5830113247966389e-06,60.367760064389884
1206.3980102539062,0.00011845209469287333,1.3408773353115923e-06,60.36845717376968
1211.1663818359375,0.00010358110632596993,1.172537794279712e-06,60.36905641863356
1215.9347534179688,0.00011338916489003836,1.2835649860407992e-06,60.369641999168564
1220.703125,0.00010678437775109118,1.2087988166274641e-06,60.370236225005016
1225.4714965820312,9.005793459988477e-05,1.0194555333365873e-06,60.37076748224101
1230.2398681640625,8.837294236728058e-05,1.0003814266208455e-06,60.37124904889901
1235.0082397460938,9.580842274335278e-05,1.0845510408372934e-06,60.37174613553543
1239.776611328125,9.92514135285539e-05,1.1235256855789758e-06,60.37227258205109
1244.5449829101562,9.985049343094457e-05,1.1303072681692974e-06,60.372809937701454
1249.3133544921875,0.00011111863234843985,1.2578625648889338e-06,60.3733793217597
1254.0817260742188,0.00010957656007691682,1.2404063116782247e-06,60.373974955475475
1258.85009765625,0.00010962173249568241,1.240917663315028e-06,60.374566549211885
1268.3868408203125,0.00014154877362326156,1.6023316673690028e-06,60.37589339045032
1273.1552124023438,0.0001831825077912968,2.0736254057790595e-06,60.37676980691254
1277.923583984375,0.00020812171237170234,2.35593712233646e-06,60.377825896916534
1282.6919555664062,0.00019642452038191876,2.22352494620267e-06,60.37891772575597
1287.4603271484375,0.000178944501004676,2.0256511824290147e-06,60.37993080829091
1292.2286987304688,0.00016292056361852551,1.8442602621649937e-06,60.38085346707878
1301.7654418945312,0.00018148009986856134,2.0543541535064035e-06,60.382687328723506
1306.5338134765625,0.00017732847376143035,2.007357759173541e-06,60.38365571630645
1311.3021850585938,0.00021635516818197418,2.4491398159309304e-06,60.384718228126076
1316.070556640625,0.00023222915261757114,2.6288332692714525e-06,60.385928911253764
1325.6072998046875,0.00035177132162490294,3.982050242356885e-06,60.38914456689384
1330.3756713867188,0.0003331600770378355,3.7713710128046808e-06,60.39099312657268
1335.14404296875,0.0003791480305285096,4.291954500103016e-06,60.39291557318429
1339.9124145507812,0.0004218433063042313,4.775264886136971e-06,60.39507736674676
1344.6807861328125,0.00038420350835178987,4.349182492988942e-06,60.39725280452598
1349.4491577148438,0.0003960452803683529,4.483231314566191e-06,60.399358616076015
1354.217529296875,0.0004168027478467219,4.718205780424135e-06,60.401552409633894
1358.9859008789062,0.00044308856018029246,5.0157610924659005e-06,60.40387316818475
1363.7542724609375,0.0005007239982892899,5.668194068611136e-06,60.406420421593445
1373.291015625,0.00048699913164131417,5.512828621793488e-06,60.41177272559557
1378.0593872070312,0.0005448001303108728,6.167135742957887e-06,60.414557446103366
1382.8277587890625,0.0005830263493893946,6.599856421388653e-06,60.4176013342346
1387.5961303710938,0.0006361550503905004,7.20127314780147e-06,60.42089177993648
1397.1328735351562,0.0008035909294025096,9.09664676586451e-06,60.428785311496625
1401.9012451171875,0.0008388933972262116,9.496270589386618e-06,60.433218208433814
1406.6696166992188,0.0009370110019843408,1.0606961563289267e-05,60.438011192479
1411.43798828125,0.0010185083515853455,1.1529511301656427e-05,60.443288938885786
1420.9747314453125,0.0010718790507649569,1.2133667446680509e-05,60.45443649319316
1425.7431030273438,0.0011518241265504083,1.3038645450390973e-05,60.46043804026677
1430.511474609375,0.0013045349556377542,1.4767331550124287e-05,60.46706750179377
1435.2798461914062,0.0014105560616993094,1.596749013365298e-05,60.47439525430855
1444.8165893554688,0.001574042847587953,1.7818160030115442e-05,60.490636143765556
1449.5849609375,0.0016172053150684657,1.8306759024762222e-05,60.499248995636776
1459.1217041015625,0.0021519594128276242,2.4360173711175497e-05,60.52013393861749
1463.8900756835938,0.0020159991166292766,2.282110359048827e-05,60.53138283171195
1468.658447265625,0.0018878587170329986,2.1370554674473555e-05,60.541918944083626
1473.4268188476562,0.0022618331052027345,2.5603943559524556e-05,60.553118537206586
1482.9635620117188,0.0028559316021042596,3.232913665554726e-05,60.580831639292754
1487.73193359375,0.003068891583219053,3.4739842964672505e-05,60.596822130115605
1492.5003051757812,0.002873155635935865,3.252411266375819e-05,60.61285910684128
1497.2686767578125,0.0030729309965803493,3.4785569111079294e-05,60.62890698552982
1502.0370483398438,0.0028961907695036113,3.278487030250617e-05,60.64501703368408
1511.5737915039062,0.0038243458419412375,4.329158277148356e-05,60.682772954452105
1516.3421630859375,0.003604966265317105,4.080820666160333e-05,60.702823906751476
1521.1105346679688,0.003574910719667727,4.046797798041228e-05,60.72220165920862
1525.87890625,0.0036735924170020456,4.158505448048389e-05,60.741764626618924
1530.6472778320312,0.004750894629151124,5.378011209679002e-05,60.76450145413006
1535.4156494140625,0.005059818120344058,5.7277125034889276e-05,60.790979562805944
1540.1840209960938,0.005193999763805253,5.8796060812247054e-05,60.818653566847416
1544.952392578125,0.005205540407855214,5.8926700866199784e-05,60.84672086041469
1549.7207641601562,0.005078057261708793,5.748359205714775e-05,60.87447523704627
1554.4891357421875,0.004890268671805968,5.535782581651097e-05,60.90137872755952
1564.02587890625,0.005379854259024701,6.089993310721735e-05,60.95783018929656
1568.7942504882812,0.005727957936146777,6.48404656254633e-05,60.98780903649808
1578.3309936523438,0.006346044004009964,7.183719794850489e-05,61.05272726597249
1583.099365234375,0.006096445589520175,6.901174469006452e-05,61.08630827074434
1592.6361083984375,0.005299219310667133,5.9987145748183935e-05,61.14963004829119
1597.4044799804688,0.0063887622396657014,7.232076824030763e-05,61.18117471314821
1606.9412231445312,0.008642857860132616,9.78371234972236e-05,61.26159842104805
1611.7095947265625,0.008086084186410592,9.153444728092068e-05,61.30674812187521
1621.246337890625,0.01157380544118447,0.00013101544079594858,61.418163915697676
1626.0147094726562,0.012141804725464375,0.00013744519088807548,61.48216991804849
1635.5514526367188,0.009625904666662747,0.00010896521022160297,61.60247414558494
1640.31982421875,0.008975303393519,0.0001016004058781657,61.65267690058309
1645.0881958007812,0.009913193335063663,0.00011221731703448327,61.70365501826666
1649.8565673828125,0.009423037382314921,0.00010666875320779064,61.75584152411895
1654.6249389648438,0.008223929542014103,9.309485626808092e-05,61.803468880046374
1664.1616821289062,0.008355446047895228,9.458362269650597e-05,61.89279128437649
1668.9300537109375,0.008111001783527182,9.18165144010564e-05,61.93723254020763
1673.6984252929688,0.006622574871134892,7.496752648514483e-05,61.97699695425253
1678.466796875,0.006819130885470705,7.71925399424875e-05,62.013274741086214
1683.2351684570312,0.006877175838020442,7.78496086207999e-05,62.05023966984752
1692.7719116210938,0.005736409539878427,6.49361377528342e-05,62.1192243794773
1697.540283203125,0.0062315754294490905,7.054141404842216e-05,62.15152474487792
1707.0770263671875,0.005090320052324827,5.762240680793241e-05,62.21155635571495
1711.8453979492188,0.005306848177502145,6.0073504496500726e-05,62.23961724765421
1716.61376953125,0.005565735423204463,6.300410729473361e-05,62.26896123697669
1721.3821411132812,0.005049727926588931,5.7162904073662436e-05,62.29761128508202
1726.1505126953125,0.004248879798651079,4.8097305811657265e-05,62.32270727475881
1730.9188842773438,0.0052401780086953325,5.931879839758164e-05,62.348317269697006
1740.4556274414062,0.004530356096869844,5.1283616612555717e-05,62.40198388344302
1745.2239990234375,0.004141018015386651,4.687631076804438e-05,62.425387033853816
1754.7607421875,0.004936687527654791,5.588328711713352e-05,62.47224242077801
1759.5291137695312,0.004165148833311021,4.714947155022568e-05,62.4968073447004
1764.2974853515625,0.003949742435256178,4.471107180911731e-05,62.51870860492363
1769.0658569335938,0.004359605720151501,4.935072289099524e-05,62.541134684363776
1773.834228515625,0.004321927746718188,4.892420835152512e-05,62.56456525383193
1783.3709716796875,0.004039640681597726,4.572871967187724e-05,62.610359779294676
1788.1393432617188,0.004430781819102448,5.015643610481958e-05,62.63322058189189
1792.90771484375,0.0047674178404852295,5.396715479655748e-05,62.658045580485556
1802.4444580078125,0.004099032735381971,4.640103753188123e-05,62.70546295776559
1807.2128295898438,0.003581085499121938,4.0537876464201585e-05,62.72619081010916
1816.7495727539062,0.004352242970446776,4.92673765877472e-05,62.76872858582505
1821.5179443359375,0.0037129820360657317,4.203094484304775e-05,62.79049580189493
1826.2863159179688,0.0039103212399613915,4.4264824003717786e-05,62.81107031648585
1831.0546875,0.003621446698223631,4.09947651097066e-05,62.83139778657706
1835.8230590820312,0.004160739968699877,4.7099563216845264e-05,62.85240111116358
1845.3598022460938,0.0035066386191506703,3.9695138019626474e-05,62.89459687333372
1850.128173828125,0.0036870779368854047,4.173771052268707e-05,62.914011977375374
1854.8965454101562,0.004117519205192572,4.6610304311360544e-05,62.935075785538544
1859.6649169921875,0.004208671133399999,4.7642143848856216e-05,62.95754732030575
1864.4332885742188,0.004168813002131275,4.719094992962093e-05,62.98015729177623
1869.20166015625,0.0036413632823275245,4.122022077843902e-05,63.00123615747315
1873.9700317382812,0.00387567734355543,4.387265520655061e-05,63.02152388005715
1883.5067749023438,0.003690380422586723,4.1775094650325926e-05,63.06194414692124
1888.275146484375,0.003526402107447353,3.991886064430804e-05,63.08142150366378
1893.0435180664062,0.003354210117007134,3.796964785999945e-05,63.09999157118972
1897.8118896484375,0.0040032626729795085,4.531692072998084e-05,63.11984863653118
1902.5802612304688,0.003658778798084242,4.141736436143342e-05,63.14052770154207
1907.3486328125,0.0032461136568948962,3.674599627521549e-05,63.15916329892286
1916.8853759765625,0.003920165265121461,4.437625833723125e-05,63.19708786160261
1921.6537475585938,0.004221697931689852,4.778960716407938e-05,63.21906191629709
1926.422119140625,0.003385187738842443,3.8320314440683546e-05,63.23959212145266
1931.1904907226562,0.0036775151683673016,4.1629460013466424e-05,63.2586536330775
1935.9588623046875,0.004376228768098403,4.9538895740902125e-05,63.280389862915484
1950.2639770507812,0.003846801586091361,4.354578172386619e-05,63.3451716961577
1955.0323486328125,0.004440816095047506,5.027002407661422e-05,63.36753912727392
1959.8007202148438,0.004130514074891099,4.6757406195031407e-05,63.39067226933317
1964.569091796875,0.004547020297396189,5.147225530953106e-05,63.41409204565471
1969.3374633789062,0.004778956388832015,5.4097771127156935e-05,63.43926190135346
1978.8742065429688,0.004605201240215841,5.213086339726651e-05,63.491045756798115
1983.642578125,0.005446450423110611,6.165380147293111e-05,63.51817413492002
1988.4109497070312,0.00577531304267831,6.537652528083737e-05,63.54846052492745
1997.9476928710938,0.005305823249953377,6.006190231990737e-05,63.60778278427268
2002.716064453125,0.006051537806378227,6.850338872767943e-05,63.638435138286034
2007.4844360351562,0.006547034192290547,7.411240624080416e-05,63.67243739347985
2012.2528076171875,0.0059198425496497275,6.701259884023043e-05,63.706084216666966
2017.0211791992188,0.006043439556983305,6.841171657027684e-05,63.73837188952294
2021.78955078125,0.00648652234977349,7.342741237590506e-05,63.77218897310729
2031.3262939453125,0.007613399913028403,8.618366280910721e-05,63.8490921586351
2036.0946655273438,0.006954136591715716,7.872080410793802e-05,63.88840844732498
2040.863037109375,0.004861087705750652,5.502749737354403e-05,63.92029652732144
2045.6314086914062,0.005036883771042472,5.701750827371378e-05,63.94701013836328
2055.1681518554688,0.0035776991832854304,4.0499543379698916e-05,63.9944722207891
2059.9365234375,0.0030447167737910237,3.446618419880965e-05,64.01234544303968
2074.2416381835938,0.003444340501624086,3.898992352729889e-05,64.06466683902852
2079.010009765625,0.003268092809717857,3.699480021528994e-05,64.08278300889666
2088.5467529296875,0.0027203927590369647,3.0794837382963565e-05,64.11482740693822
2093.3151245117188,0.0029230319046702528,3.3088711867252685e-05,64.13005843197841
2107.6202392578125,0.0025241985377797934,2.857391942212081e-05,64.1722376382051
2112.3886108398438,0.0024834771834481234,2.8112953820557548e-05,64.18575284197733
2126.6937255859375,0.0017893836602503202,2.0255817344789508e-05,64.22213673141698
2131.4620971679688,0.0017257847998385098,1.9535878447136794e-05,64.23162381098773
2145.7672119140625,0.0019412767031137658,2.1975246107068375e-05,64.26120219553324
2150.5355834960938,0.0015532168830643099,1.7582410177922778e-05,64.2706334757373
2155.303955078125,0.0016248588442339062,1.8393396950581046e-05,64.2792107765549
2164.8406982421875,0.0014547318381646264,1.646755978278599e-05,64.296085118668
2169.6090698242188,0.001446427292274562,1.6373552349714297e-05,64.30391504995873
2183.9141845703125,0.001089365677162653,1.2331616001904689e-05,64.32461719197593
2188.6825561523438,0.0010663631396987659,1.2071227350948753e-05,64.33043528321414
2193.450927734375,0.0011155248052027197,1.2627737248146778e-05,64.33632397525915
2202.9876708984375,0.0008415540480609504,9.526389148376471e-06,64.3474349213446
2207.7560424804688,0.0007752714647795457,8.776070516372694e-06,64.35179856777195
2222.0611572265625,0.0005348841705602158,6.054887110107683e-06,64.36230454083176
2226.8295288085938,0.00047937376075224457,5.426509447573655e-06,64.36504191908514
2241.1346435546875,0.00041302579860215296,4.6754507269842105e-06,64.37230865696706
2245.9030151367188,0.00039491526436673366,4.470439537020683e-06,64.37448920712842
2264.9765014648438,0.0002542160611017309,2.8777250034060093e-06,64.3811741374111
2269.744873046875,0.0002108615356594776,2.3869519132429626e-06,64.38242933420098
2274.5132446289062,0.00021634842270866695,2.449063457194539e-06,64.38358233011411
2284.0499877929688,0.00017475427394304517,1.9782178254139435e-06,64.38573773853032
2288.818359375,0.00018822356848674626,2.13069019682378e-06,64.38671737854264
2298.3551025390625,0.0001490208308271139,1.6869153311596281e-06,64.38854331603522
2303.1234741210938,0.00015611687657446209,1.7672425464581336e-06,64.3893668514484
2307.891845703125,0.00016193706688421924,1.8331270822596188e-06,64.39022524645952
2322.1969604492188,0.00013695808169460696,1.5503650493324782e-06,64.3925866421448
2326.96533203125,0.00013093705875942527,1.4822070888497232e-06,64.39330966368502
2346.038818359375,0.00010471666804841329,1.1853923493673165e-06,64.39592798889045
2350.8071899414062,0.00010620935221673473,1.2022895294068104e-06,64.39649725661133
2355.5755615234375,9.477222169073999e-05,1.0728212482162593e-06,64.39703968529022
2360.3439331054688,0.00010661363295597103,1.2068659860895774e-06,64.39758320508142
2365.1123046875,0.00010174548469696457,1.1517585632756263e-06,64.39814554499512
2369.8806762695312,9.64402784527258e-05,1.0917036454584465e-06,64.3986804280672
2374.6490478515625,0.00011154124726541249,1.2626465644053837e-06,64.39924174889894
2384.185791015625,0.00010497865232309621,1.1883580105237629e-06,64.40041474555153
2388.9541625976562,0.00010999722094070522,1.245168191318842e-06,64.40099494341078
2398.4909057617188,0.00010008433010560046,1.1329542985829317e-06,64.40210604859897
2408.0276489257812,0.00012821177540636258,1.4513568899579377e-06,64.4033759232792
2412.7960205078125,0.00011262821293943887,1.2749510123794168e-06,64.40402592573548
2417.5643920898438,0.00010503774988924056,1.1890269947846196e-06,64.40461338387087
2427.1011352539062,0.0001252898916193588,1.4182811747790193e-06,64.40589169856523
2431.8695068359375,0.0002160900822897497,2.4461390444737747e-06,64.40681304814296
2436.6378784179688,0.0002910398269797176,3.294569916065738e-06,64.40818173981636
2446.1746215820312,0.00011652918845436528,1.3191100428054527e-06,64.41010821670906
2450.9429931640625,0.00012547976263859595,1.4204305141130996e-06,64.41076137407603
2455.7113647460938,0.00014704393105939012,1.664536832074436e-06,64.41149688760729
2465.2481079101562,0.00017096097011845912,1.9352776381802244e-06,64.4131591255462
2470.0164794921875,0.00016069524554723308,1.8190696686732361e-06,64.41405423169655
2474.7848510742188,0.0001559905924832759,1.7658130109474191e-06,64.41490893433128
2493.8583374023438,0.00018308600100564053,2.072532949272268e-06,64.41860355255781
2498.626708984375,0.0001825763289232588,2.0667634629201807e-06,64.4195904377269
2512.9318237304688,0.00022948704396809976,2.597792608077816e-06,64.42296855370502
2517.7001953125,0.00023764972207965054,2.6901940983477973e-06,64.42422930798186
2522.4685668945312,0.00023391694791972454,2.6479391067255793e-06,64.42550201811568
2536.773681640625,0.0002697574286852446,3.0536532350384853e-06,64.42951831943434
2541.5420532226562,0.00029300075097947817,3.316767569508381e-06,64.43103714611082
2555.84716796875,0.0003957179824731904,4.479526303433577e-06,64.43644037334228
2560.6155395507812,0.00031882898946925854,3.6091431470932717e-06,64.4383688624195
2565.3839111328125,0.00032980229037939953,3.7333608785070783e-06,64.44011945179633
2579.6890258789062,0.00037985948919327885,4.30000820992616e-06,64.44605118620748
2584.4573974609375,0.0003712238532769174,4.202252838809464e-06,64.44807828320587
2593.994140625,0.0003493318084481206,3.954434960952003e-06,64.4519888848057
2603.5308837890625,0.0003679160067462059,4.164808026598921e-06,64.4558569379035
2608.2992553710938,0.0003744102105816589,4.238322393368296e-06,64.45786040031824
2627.3727416992188,0.00045310753560194497,5.129175862384241e-06,64.46673708972136
2632.14111328125,0.0004107433102302417,4.649612965871218e-06,64.46906853465913
2651.214599609375,0.0005585791877691178,6.323114629575486e-06,64.4795166079997
2655.9829711914062,0.0005911844036829033,6.6922055700530985e-06,64.48261970214824
2660.7513427734375,0.0005905706433225257,6.685257804725041e-06,64.48580913795806
2675.0564575195312,0.0008304735012796961,9.400957394042645e-06,64.49745927681472
2679.8248291015625,0.0008387709400854455,9.49488437494249e-06,64.50196439656023
2684.5932006835938,0.0008295702058896408,9.390732093099196e-06,64.50646707840399
2698.8983154296875,0.0010249362404391353,1.1602274983044219e-05,64.520867817643
2703.6666870117188,0.0010849292678453495,1.2281395862538126e-05,64.52656212850972
2708.43505859375,0.0010663248472673832,1.2070793880747251e-05,64.53236814298633
2722.7401733398438,0.0012128682478377195,1.3729664709277006e-05,64.55123011642311
2727.508544921875,0.0013571241620900236,1.536264119995957e-05,64.55816626266078
2737.0452880859375,0.0012383057849940894,1.4017617549009903e-05,64.57200955638103
2746.58203125,0.0015937717210754343,1.8041490815266894e-05,64.58700721763228
2751.3504028320312,0.0017081118525757838,1.933582074031287e-05,64.59591866314399
2765.655517578125,0.0018041599610956322,2.0423085023378025e-05,64.62477479884082
2770.4238891601562,0.001760103008038896,1.9924360454852362e-05,64.63439437946211
2775.1922607421875,0.001721270686186444,1.948477869494778e-05,64.64379025042182
2794.2657470703125,0.0020580001758836275,2.329655544770753e-05,64.68592735723136
2799.0341186523438,0.0021537471759455157,2.4380411183985935e-05,64.69729443187157
2808.5708618164062,0.001851879432768565,2.0963269290994264e-05,64.71949089868014
2818.1076049804688,0.0023532506745339295,2.6638790153696692e-05,64.74231764943248
2822.8759765625,0.002937979632087828,3.3257920094094187e-05,64.7565981379826
2827.6443481445312,0.0029293064116741874,3.3159739266587784e-05,64.77243334195465
2841.949462890625,0.00434924004530739,4.923338348471698e-05,64.8311683888997
2846.7178344726562,0.0039968274695108275,4.524407424717574e-05,64.85369357012927
2856.2545776367188,0.00316240563121781,3.579842169069581e-05,64.89247891372021
2870.5596923828125,0.0031672830791407416,3.5853634385675824e-05,64.9452223799358
2875.3280639648438,0.002796099710532098,3.16518398331825e-05,64.96131693918062
2880.096435546875,0.0031297739561826914,3.542903123304883e-05,64.97731026514512
2894.4015502929688,0.002458994189132496,2.7835806402746943e-05,65.02305319129118
2899.169921875,0.002526532173663607,2.860033617290592e-05,65.03650861621402
2913.4750366210938,0.0020787455382108677,2.3531392883293185e-05,65.0738775942796
2918.243408203125,0.0021331209727699506,2.4146922629618385e-05,65.08524499051815
2923.0117797851562,0.0018819246147806642,2.130338065584427e-05,65.09608118724721
2937.31689453125,0.002028528126538637,2.2962931942826954e-05,65.12755015468368
2942.0852661132812,0.0016061064757755795,1.818112019925488e-05,65.13735966113387
2946.8536376953125,0.0017688816205944902,2.0023734321070585e-05,65.1464684082634
2951.6220092773438,0.001909475307828873,2.1615254413554123e-05,65.15639591679273
2965.9271240234375,0.0015316935032343758,1.7338765586680293e-05,65.183554621094
2970.6954956054688,0.0017911884452080657,2.0276247504772974e-05,65.19252273906815
2975.4638671875,0.0016350069601826509,1.8508273590855476e-05,65.20176968947891
2980.2322387695312,0.0014265858031154665,1.6148946755518227e-05,65.2100326147095
2999.3057250976562,0.0015342331679127075,1.7367514582764286e-05,65.24340712248296
3004.0740966796875,0.0014970860379349771,1.6947009189523578e-05,65.2515883424833
3008.8424682617188,0.0017090659336700819,1.9346620935266875e-05,65.26024141820808
3023.1475830078125,0.0013244324720771573,1.4992571372955302e-05,65.28579824050416
3027.9159545898438,0.001382722941265704,1.5652419298838402e-05,65.29310457563672
3032.684326171875,0.0016776399924581674,1.8990879380665006e-05,65.30136418168327
3051.7578125,0.0014884693669213168,1.684946850104516e-05,65.33307554030256
3056.5261840820312,0.0016135780875580776,1.8265698820877195e-05,65.34144764860037
3066.0629272460938,0.0012348004659546049,1.3977937348627902e-05,65.35657190263466
3075.5996704101562,0.0015729252706077532,1.780550906225285e-05,65.37168056225184
3080.3680419921875,0.0016178042009981778,1.8313538411582437e-05,65.38029201422906
3085.1364135742188,0.0013455611783983184,1.523174826133332e-05,65.38828983381316
3104.2098999023438,0.0014771651143019818,1.6721504397335522e-05,65.4195759342424
3108.978271484375,0.0012654733432888301,1.4325154222528653e-05,65.42697803447639
3118.5150146484375,0.0015361951882037752,1.7389724646221042e-05,65.4422071501785
3123.2833862304688,0.0011909592489005305,1.348165491096645e-05,65.44956746062743
3132.8201293945312,0.0013598863765973855,1.53939094594006e-05,65.4633034088715
3137.5885009765625,0.0014881746792202194,1.684613263720568e-05,65.47099003389835
3147.125244140625,0.0012325916366257357,1.3952933407647952e-05,65.48588176713139
3151.8936157226562,0.0015471983446630011,1.7514280342355563e-05,65.49338413552195
3161.4303588867188,0.0015156078929313371,1.7156676529193184e-05,65.50976988101947
3166.19873046875,0.0014155809896888383,1.6024372302517975e-05,65.51768085953502
3190.0405883789062,0.0017955431071984313,2.0325542264658513e-05,65.56239096456137
3194.8089599609375,0.0017105929118419404,1.9363906323317374e-05,65.57185366649905
3204.345703125,0.0021988168003564262,2.489059918902112e-05,65.59238212954743
3213.8824462890625,0.001953221756507254,2.211046407350404e-05,65.6153546004316
3218.6508178710938,0.0022763708751818916,2.5768511069466594e-05,65.62676983765402
3232.9559326171875,0.00224216177324708,2.5381264144330432e-05,65.66405378719824
3242.49267578125,0.002638542383997343,2.986829139775368e-05,65.69073493510821
3247.2610473632812,0.0028999465708854717,3.2827385962207475e-05,65.70568274942019
3271.1029052734375,0.0015220291737331132,1.722936540745319e-05,65.76480226409362
3275.8712768554688,0.0012714456718713677,1.4392760963094299e-05,65.77234156653105
3280.6396484375,0.0011151283655265393,1.2623249552272873e-05,65.77878268537111
3294.9447631835938,0.0013164015268059765,1.4901661098019471e-05,65.79929965063872
3299.713134765625,0.0012187346872247538,1.3796072784486222e-05,65.80614172357441
3304.4815063476562,0.001109471444472331,1.2559213223925095e-05,65.81242531341636
3309.2498779296875,0.0011498900894551622,1.301675215662195e-05,65.81852309874154
3318.78662109375,0.0009577239676895164,1.0841432269216151e-05,65.82978326619525
3333.0917358398438,0.0009734319732708838,1.1019246842454514e-05,65.84557496366156
3337.860107421875,0.0009150423549135628,1.0358276548296129e-05,65.85067176241309
3352.1652221679688,0.0006480517886185462,7.335944186717943e-06,65.86276524306118
3361.7019653320312,0.0006552641791119941,7.417588424172386e-06,65.86990460677947
3366.4703369140625,0.0005465045625527342,6.186429910516611e-06,65.87314805750091
3371.2387084960938,0.0005645679609954165,6.390907523456222e-06,65.87614672842079
3390.3121948242188,0.0005275307433451011,5.971646337412389e-06,65.88801821776435
3395.08056640625,0.0004547319632721253,5.147564378445907e-06,65.89066924418397
3404.6173095703125,0.00034565419796146204,3.912804421935782e-06,65.89490922360127
3418.9224243164062,0.00036743084161328283,4.159315958836787e-06,65.90117695855446
3423.6907958984375,0.0003251328991561017,3.6805033847054117e-06,65.90304611714275
3447.5326538085938,0.00021672226808602815,2.453295385677648e-06,65.91036184716748
3452.301025390625,0.0002364659669769044,2.6767939943483935e-06,65.91158495578811
3457.0693969726562,0.000231049441371025,2.6154789417113755e-06,65.91284673198176
3480.9112548828125,0.00017287533952616363,1.9569482937888105e-06,65.91805993477519
3485.6796264648438,0.00020851716793650067,2.3604136780726485e-06,65.91908927408198
3490.447998046875,0.0002062672002709746,2.3349440512525383e-06,65.92020873460018
3509.521484375,0.0006452022126168845,7.303686995439198e-06,65.92775876438424
3514.2898559570312,0.0008548859293999219,9.677306002745667e-06,65.9318073486066
3533.3633422851562,0.0036230489245659813,4.1012902306807816e-05,65.97214331188215
3542.9000854492188,0.0019836843046050117,2.245530002111671e-05,65.9994735512959
3547.66845703125,0.001738153828559476,1.96758958129315e-05,66.00951841114251
3571.5103149414062,0.00025628149233848185,2.9011056784391083e-06,66.03229438367772
3576.2786865234375,0.00021262413862735167,2.406904573235201e-06,66.03355991193979
3604.888916015625,0.00016617366500218703,1.8810853594849903e-06,66.03941257155672
3609.6572875976562,0.0001490276363929814,1.6869923701436104e-06,66.04026326757915
3633.4991455078125,0.00012073729237463857,1.366745765803518e-06,66.04391943803952
3638.2675170898438,0.00012754230117436262,1.4437784437802538e-06,66.0445895192281
3643.035888671875,0.0001345413112155445,1.5230072151934762e-06,66.04529685604942
3652.5726318359375,0.00023244542525678138,2.6312814748596855e-06,66.04711796222247
3662.109375,0.0001319443141223708,1.493609216355755e-06,66.04901500058808
3666.8777465820312,0.00013729293966270963,1.5541556404667383e-06,66.04974164435468
3671.6461181640625,0.00013370422340852007,1.5135313838794328e-06,66.05047303793616
3676.4144897460938,0.0001544425862479586,1.7482895852854256e-06,66.05125071665691
3685.9512329101562,0.00013158695226650908,1.4895638812836123e-06,66.05280642456046
3700.25634765625,0.0001514946644355252,1.71491911974143e-06,66.05507946042988
3705.0247192382812,0.0001499472509599208,1.697402404117502e-06,66.05589302127905
3728.8665771484375,0.00017614198177750716,1.9939266736879146e-06,66.06018806089811
3733.6349487304688,0.00016488443094137302,1.8664912340156223e-06,66.06110845625042
3738.4033203125,0.00016220517756634394,1.8361620943288277e-06,66.06199123759586
3767.0135498046875,0.0002234773399246577,2.529762777413566e-06,66.0685382564394
3771.7819213867188,0.0002626212617592122,2.9728718481248377e-06,66.06985018676814
3776.55029296875,0.000288584211773203,3.266772359735483e-06,66.07133783387427
3786.0870361328125,0.0002401355100253004,2.7183332099891316e-06,66.07409366349053
3800.3921508789062,0.00028066895221879516,3.177171646745706e-06,66.07825479821231
3805.1605224609375,0.00029717817273687775,3.3640559705202682e-06,66.0798143484064
3824.2340087890625,0.00028615084499374337,3.2392266555287515e-06,66.08612299588562
3829.0023803710938,0.000322342119672813,3.6489117698277093e-06,66.08776525606166
3833.770751953125,0.0003148743842385787,3.5643770284554194e-06,66.08948503812759
3838.5391235351562,0.00029598939800530176,3.3505990443384698e-06,66.0911336968974
3867.1493530273438,0.00040614122389571143,4.597517363196408e-06,66.10243226116359
3871.917724609375,0.0004367777546822636,4.944322794293062e-06,66.10470721313595
3890.9912109375,0.0005260976918374555,5.955424198902147e-06,66.11495467275152
3900.5279541015625,0.0005249459975713941,5.942387023472079e-06,66.12059574439556
3905.2963256835938,0.00045875259021956435,5.19307786270756e-06,66.12325064611136
3933.9065551757812,0.000716419706997974,8.109868805401136e-06,66.14307626484572
3938.6749267578125,0.0007149809385873238,8.09358195156706e-06,66.14693946855174
3943.4432983398438,0.0007442660024484156,8.425088781364416e-06,66.15087782655652
3952.9800415039062,0.0006596544053109113,7.467285770785653e-06,66.15831579851536
3972.0535278320312,0.0009584775568694809,1.0849962896337355e-05,66.1754078381812
3976.8218994140625,0.0010161159373536142,1.1502429180159774e-05,66.1807370637396
3991.1270141601562,0.0008388776528680679,9.496092363302489e-06,66.19579834163909
4005.43212890625,0.0010693963209522876,1.2105562953094792e-05,66.21170187514616
4010.2005004882812,0.0011118618226444862,1.2586272297233819e-05,66.21758886742197
4029.2739868164062,0.0010414058725684316,1.178871116638359e-05,66.24200871658549
4043.5791015625,0.001470918562230773,1.6650793447749996e-05,66.26248601850531
4048.3474731445312,0.001424040690333593,1.612013608691946e-05,66.2702992169608
4062.652587890625,0.0021889493365806903,2.4778899530452833e-05,66.30242709876254
4076.9577026367188,0.001551232140676968,1.7559942900408443e-05,66.33261296940869
4081.72607421875,0.0017063963189454332,1.9316400905071743e-05,66.34140497490127
4115.104675292969,0.0012787730244220167,1.4475706570670741e-05,66.39722226239529
4119.873046875,0.001173072735070974,1.3279179631285028e-05,66.40383954292668
4148.4832763671875,0.0009881212657365703,1.1185529586462313e-05,66.43846650297317
4153.251647949219,0.0009680928869517495,1.0958808402297237e-05,66.4437461245716
4181.861877441406,0.0008040348285936137,9.101671703296456e-06,66.47245032405185
4186.6302490234375,0.0008609289309697847,9.745712761303132e-06,66.47694389067567
4191.398620605469,0.0009204784138014716,1.0419812717623615e-05,66.4817517266072
4220.008850097656,0.0007492739131642937,8.481778314745787e-06,66.50849345705177
4224.7772216796875,0.0008469369885553462,9.587324017658277e-06,66.5128014667555
4229.545593261719,0.0008419919688989259,9.53134641087001e-06,66.51735971299337
4243.8507080078125,0.0006765250464250634,7.658261374558605e-06,66.52999020805164
4258.155822753906,0.0007334686046556869,8.302862272680442e-06,66.54216336025503
4262.9241943359375,0.0007780476028502474,8.807496390506464e-06,66.54624278765543
4281.9976806640625,0.000693309558698159,7.848262000124641e-06,66.56272480408565
4296.302795410156,0.000877528702530975,9.933622122597773e-06,66.5761085346034
4301.0711669921875,0.0008139444442056842,9.213848520518032e-06,66.58067364734754
4324.913024902344,0.0007743585800381147,8.765736664002161e-06,66.60316147203955
4334.449768066406,0.0009261646206306029,1.048418056085041e-05,66.61254812588345
4339.2181396484375,0.0008196594254205636,9.278542089700007e-06,66.61725992613697
4363.059997558594,0.0007201561619496841,8.15216546357465e-06,66.63975877912809
4372.596740722656,0.0009258561590071868,1.0480688776254076e-05,66.64870639380925
4377.3651123046875,0.0008925879626913856,1.0104092899733554e-05,66.65361418820754
4382.133483886719,0.0008460568826782548,9.577361221927849e-06,66.65830661253389
4405.975341796875,0.0010494155154493975,1.1879380298329917e-05,66.68421189125011
4410.743713378906,0.0010294897987928294,1.1653821249130255e-05,66.68982264372477
4415.5120849609375,0.00102100806420159,1.155780804052462e-05,66.69535672739865
4439.353942871094,0.0013431175163217148,1.5204086014395653e-05,66.72660303946436
4453.6590576171875,0.001308065921098883,1.480730206791776e-05,66.74774260244092
4458.427429199219,0.0013874739090173728,1.570620023868186e-05,66.75501758830427
4467.964172363281,0.0015066024463856486,1.7054734902928297e-05,66.770904531747
4491.8060302734375,0.0007369607399342397,8.342393232930612e-06,66.79908593247532
4496.574401855469,0.0006183167273700396,6.9993433879257935e-06,66.80274368752141
4510.8795166015625,0.0007021887662406718,7.948774601274947e-06,66.81356016513715
4525.184631347656,0.0005593549557482465,6.331896320632712e-06,66.82388267320756
4529.9530029296875,0.0005674294707524259,6.42329980480756e-06,66.82692374894394
4534.721374511719,0.0005183821141146907,5.868083883611694e-06,66.82985424317813
4544.258117675781,0.0005774870942135927,6.537152070410323e-06,66.83580355842751
4563.331604003906,0.00042856996221019825,4.851410609605494e-06,66.84687587674978
4568.0999755859375,0.0004383857991082498,4.9625258520825405e-06,66.84921570153637
4572.868347167969,0.00041515179959107705,4.699517051419332e-06,66.85151931207663
4577.63671875,0.00043354309898836806,4.90770650212257e-06,66.85380985266538
4611.015319824219,0.0003491923499695071,3.952856291417498e-06,66.8685028716794
4615.78369140625,0.00035244302844577674,3.989653961433523e-06,66.87039651368838
4649.162292480469,0.00021846974842642757,2.4730768575749544e-06,66.88129280539734
4653.9306640625,0.00021156153429611088,2.3948758955840454e-06,66.88245341577587
4658.699035644531,0.00022571554437724242,2.5550992447005802e-06,66.88363358181542
4682.5408935546875,0.00016309003023035667,1.8461786236721129e-06,66.8886351553521
4692.07763671875,0.00017533828367948147,1.984828813773577e-06,66.89045549831155
4696.846008300781,0.0001548885347364374,1.7533377207571376e-06,66.89134674666516
4711.151123046875,0.00016153508129396907,1.8285766066560774e-06,66.89383005134016
4734.992980957031,0.00012950296157399933,1.4659731132703325e-06,66.89782008640944
4739.7613525390625,0.00014459166464623406,1.6367771840743517e-06,66.89855983972663
4768.37158203125,0.00010758748583861336,1.2178899976247785e-06,66.9025351594291
4773.139953613281,0.00011803269626465782,1.3361297464376462e-06,66.90314408518748
4777.9083251953125,0.00012384581689222441,1.4019342534592118e-06,66.90379689051582
4806.5185546875,9.483213584805384e-05,1.0734994762865584e-06,66.9073414024546
4816.0552978515625,9.56536482246847e-05,1.0827989937780676e-06,66.90842064899974
4820.823669433594,9.531012041259192e-05,1.0789102600374047e-06,66.90893604064846
4825.592041015625,9.213813724726857e-05,1.0430034206910852e-06,66.90944194429319
4849.433898925781,0.00010900445571721656,1.2339300921453911e-06,66.9122126656618
4858.970642089844,0.00010708120119549227,1.2121588570743512e-06,66.91334590717273
4863.739013671875,0.00012464980564475247,1.4110354035815926e-06,66.91397132542106
4873.2757568359375,0.00027178012301933815,3.0765501284693823e-06,66.91634160627305
4882.8125,0.00011745867902672174,1.3296318731292651e-06,66.91815880687474
4901.885986328125,0.00014866074587786295,1.6828391706789772e-06,66.92089137037284
4906.654357910156,0.00014167876135774948,1.6038031281101176e-06,66.92167496695974
4911.4227294921875,0.00013188647795576265,1.4929545111336376e-06,66.92241329151591
4944.801330566406,0.000183900469460266,2.081752729589072e-06,66.92814098870427
4949.5697021484375,0.00017571547387868627,1.98909860562932e-06,66.92911155529536
4954.338073730469,0.00017021459278681336,1.926828649159059e-06,66.93004518510732
4987.7166748046875,0.0002882040890420763,3.262469371627707e-06,66.9378883751302
4992.485046386719,0.00027928865191837056,3.161546651733486e-06,66.93941997990262
4997.25341796875,0.0002474338234647296,2.800950094918895e-06,66.94084154990486
5006.7901611328125,0.0002897970092117371,3.280501222883668e-06,66.94375226980395
5035.400390625,0.00025681837331616126,2.9071831693994566e-06,66.95248635395822
5040.168762207031,0.00025169334537399865,2.849167869388912e-06,66.9538587749937
5049.705505371094,0.000258780678693713,2.9293964600343033e-06,66.95646798429992
5059.242248535156,0.0002120396741575764,2.4002884372956166e-06,66.95893897565742
5078.315734863281,0.00024178047206979195,2.736954175102712e-06,66.96386657243913
5083.0841064453125,0.00024132500569069588,2.731798297139474e-06,66.96517042463303
5121.2310791015625,0.0003309794162600117,3.7466859397330032e-06,66.97760545239677
5125.999450683594,0.00035134681393894185,3.977244816701503e-06,66.97944698099279
5130.767822265625,0.0003501729360565341,3.963956522804926e-06,66.98134031093252
5164.146423339844,0.00048521179216281856,5.492595944579663e-06,66.99685439090686
5168.914794921875,0.0004392536351426122,4.972349753232287e-06,66.9993494283905
5173.683166503906,0.0004334904811106916,4.907110867914568e-06,67.0017048753541
5207.061767578125,0.0005697058893894474,6.449068856540899e-06,67.02188191719162
5211.830139160156,0.0005447421059275384,6.1664789071230264e-06,67.02488969816403
5216.5985107421875,0.0006301260736219964,7.133025149950796e-06,67.02806054702408
5245.208740234375,0.0005960036357397135,6.746759261613714e-06,67.04967917667068
5259.513854980469,0.0008842882570953154,1.0010140258774483e-05,67.06219934110426
5264.2822265625,0.0008982858720099199,1.016859321510318e-05,67.06701032606718
5278.587341308594,0.0013867922771759284,1.5698484168403918e-05,67.08557692427878
5307.197570800781,0.0009791907036187572,1.1084435651682885e-05,67.12189622548705
5311.9659423828125,0.000952264091129967,1.077962648392142e-05,67.12710902411482
5316.734313964844,0.0009808034916986002,1.1102692407618939e-05,67.13232617549238
5345.344543457031,0.0006615490529583348,7.488733176130561e-06,67.15945324650208
5354.881286621094,0.0007408861640369068,8.38682902129214e-06,67.16700071948672
5359.649658203125,0.0006994792835294519,7.918103265598585e-06,67.1708881182749
5378.72314453125,0.0005583717747645934,6.320766715023728e-06,67.18481538502652
5402.565002441406,0.0005837063555783768,6.6075540892858896e-06,67.20111706512097
5407.3333740234375,0.0006395501660387512,7.239705846145092e-06,67.20441850915924
5426.4068603515625,0.0004859244771991597,5.500663536925103e-06,67.21602032192769
5450.248718261719,0.0005326900745624422,6.03004995038889e-06,67.2304060452568
5455.01708984375,0.0005089522997722314,5.761338415236615e-06,67.23321733131657
5493.1640625,0.0005495404839114047,6.220796530644222e-06,67.25421502631188
5497.932434082031,0.0004292153953315134,4.858716910486664e-06,67.25685658816364
5502.7008056640625,0.00048253289172890576,5.462270800185182e-06,67.25931730338856
5507.469177246094,0.0005026517417450927,5.690016118401672e-06,67.2619762157894
5521.7742919921875,0.00043681125241761253,4.944701988550708e-06,67.26974350600241
5545.616149902344,0.00045377403713514657,5.1367206576209795e-06,67.28218621543519
5550.384521484375,0.0005359735806548441,6.067219228915157e-06,67.28485744286328
5559.9212646484375,0.0004350846718674636,4.925157102212588e-06,67.29006151760126
5574.226379394531,0.0005827438743550721,6.596658804898235e-06,67.29826091538905
5593.299865722656,0.0005262643863631902,5.957311180403468e-06,67.30997644015034
5598.0682373046875,0.0005777766737712987,6.540430110082854e-06,67.3129561338708
5636.2152099609375,0.0015701463235761345,1.7774051390690436e-05,67.34916411256673
5640.983581542969,0.0014779908404052122,1.673085161419874e-05,67.35739072251319
5645.751953125,0.0011338941753338586,1.2835678459626897e-05,67.36443993260235
5650.520324707031,0.0010134277066456262,1.1471998417092427e-05,67.37023533438456
5674.3621826171875,0.01056275960851135,0.00011957040518465187,67.50658601736771
5693.4356689453125,0.00426365489127318,4.826455981316288e-05,67.68046926985573
5698.204040527344,0.002274446057080561,2.5746722134679383e-05,67.69811493453523
5731.5826416015625,0.0008239534374557895,9.327150292286195e-06,67.74617520158714
5741.119384765625,0.0009363061573779955,1.0598982724586451e-05,67.75566233480608
5745.887756347656,0.0008814064721838353,9.977518462739e-06,67.76056815498205
5788.8031005859375,0.00031081698623692004,3.518447295976911e-06,67.78500421827403
5793.571472167969,0.00034894694386326764,3.950078295075123e-06,67.78678485353342
5798.33984375,0.0004023295720866126,4.5543694768363415e-06,67.78881247188725
5807.8765869140625,0.00046543057038724505,5.268672576973446e-06,67.79343249228008
5822.181701660156,0.0003573865086897442,4.045614142077718e-06,67.79982116852091
5846.0235595703125,0.0004024637404389255,4.555888262157943e-06,67.81146656492443
5850.791931152344,0.0003601602620173891,4.0770130209276666e-06,67.81352480898187
5898.475646972656,0.00018290760372961746,2.070513492674891e-06,67.82644644068131
5903.2440185546875,0.000165434858473484,1.8727220719290655e-06,67.82738658130168
5931.854248046875,0.000153046692335121,1.7324880706302699e-06,67.83289053399088
5946.159362792969,0.0001876987408614303,2.124749149773863e-06,67.83573393299297
5950.927734375,0.00017639906271797173,1.9968368291165993e-06,67.83671659566572
5984.306335449219,0.00016694842455023399,1.8898556351055776e-06,67.84331063434017
5993.843078613281,0.000192126678117293,2.1748733854318526e-06,67.84526532541936
5998.6114501953125,0.00017528861502859878,1.984266564803503e-06,67.84625694165658
6003.379821777344,0.0001687240902955973,1.909956165697462e-06,67.84718539670669
6055.8319091796875,0.00028052476462439623,3.175539443635546e-06,67.86033025997898
6060.600280761719,0.0003246453334019609,3.674984141918726e-06,67.86196355207835
6070.137023925781,0.0003032813537209252,3.4331439598549664e-06,67.86544764456542
6089.210510253906,0.0006872882913540684,7.780101272933814e-06,67.87435447794837
6108.283996582031,0.0003521407072178695,3.986231686094826e-06,67.88341582514347
6113.0523681640625,0.00042891972924884414,4.855369971370902e-06,67.88552382724762
6127.357482910156,0.00040662475697197226,4.602990956082315e-06,67.89224357910796
6160.736083984375,0.0005593220254019168,6.331523549216961e-06,67.91019529787386
6165.504455566406,0.0005743263320666388,6.50137225295627e-06,67.91325489865677
6170.2728271484375,0.0005585022225598302,6.322243383651056e-06,67.91631228687581
6208.4197998046875,0.0010810783978529124,1.2237804026467361e-05,67.94760631047681
6213.188171386719,0.000962977734974826,1.09009048981818e-05,67.95312300858087
6217.95654296875,0.0008812773243832693,9.976056510047212e-06,67.95810046405578
6227.4932861328125,0.001097979459993985,1.2429123996168333e-05,67.96903431000266
6270.408630371094,0.0007468981394779541,8.45488456417006e-06,68.01497836942595
6275.177001953125,0.0006533651583241996,7.396091514892381e-06,68.01875753662009
6279.945373535156,0.0007609663613355602,8.614136790869045e-06,68.02257467250385
6289.482116699219,0.0005830981134654234,6.600668790501128e-06,68.02955617015998
6327.629089355469,0.0006395321512058838,7.23950191829431e-06,68.05684340971762
6332.3974609375,0.0007320333317107834,8.286614987507503e-06,68.06054512444926
6337.165832519531,0.0008101649189299229,9.1710643064132e-06,68.06470735954093
6361.0076904296875,0.0006459477424097048,7.312126390323554e-06,68.0847671836082
6380.0811767578125,0.0007857685866013771,8.89489790202082e-06,68.100861046946
6384.849548339844,0.0006447201763708157,7.298230346666307e-06,68.10472178957426
6389.617919921875,0.0005859401664544086,6.632840821300294e-06,68.10804321576748
6437.3016357421875,0.0008647339148723217,9.78878516698212e-06,68.1511655725708
6442.070007324219,0.0009343181140887811,1.0576478080873416e-05,68.15602102969738
6461.143493652344,0.0008527279067005796,9.652877192650423e-06,68.17620328841913
6494.5220947265625,0.0016483652014165021,1.86594888391509e-05,68.21947300792871
6499.290466308594,0.0014423436538585877,1.6327325575829163e-05,68.22781451450882
6546.974182128906,0.0011012890240488396,1.2466588250746715e-05,68.29447331666759
6551.7425537109375,0.001169339197673418,1.3236915999815265e-05,68.30060150962895
6556.510925292969,0.0012111797146556723,1.3710550519024828e-05,68.30702628630677
6561.279296875,0.0011349737393249392,1.2847899120573515e-05,68.31335831413298
6594.657897949219,0.0014060175049053507,1.5916113685175455e-05,68.35963361164869
6608.9630126953125,0.0013042009538062817,1.4763550650453958e-05,68.3810881595938
6613.731384277344,0.0014407119509998944,1.6308854704656663e-05,68.38849639832783
6647.1099853515625,0.0010368340534940052,1.1736958188996921e-05,68.43719637343914
6666.1834716796875,0.0011201095892823083,1.2679636989350659e-05,68.46112422970445
6670.951843261719,0.0009362495494988862,1.0598341923574916e-05,68.46667413236122
6718.635559082031,0.0006782606242589052,7.677908110119523e-06,68.5111293374666
6728.172302246094,0.0008645989772718373,9.787257673773663e-06,68.51943381718651
6732.940673828125,0.0007420237221175097,8.399706175147763e-06,68.52376992726553
6752.01416015625,0.0008309685811732733,9.40656169686386e-06,68.5410293939092
6775.856018066406,0.0005796467520792269,6.561599390582792e-06,68.56024370175886
6785.392761230469,0.0007285924707326082,8.247664452174582e-06,68.5674853146655
6790.1611328125,0.0006941605915083149,7.857895688829794e-06,68.57132517942995
6799.6978759765625,0.0006255055784514377,7.080721159310675e-06,68.57848785935852
6847.381591796875,0.0007397760132004513,8.374262117353126e-06,68.61534512681916
6852.149963378906,0.0007504588856085491,8.495192199047204e-06,68.6193671181475
6861.686706542969,0.0006947698796909678,7.864792829120228e-06,68.62706120204179
6899.833679199219,0.0010698957080310057,1.2111216013238107e-05,68.66409449471192
6904.60205078125,0.0009564496166253526,1.0827006619221545e-05,68.66956339315907
6909.370422363281,0.0009356323745517804,1.059135550513595e-05,68.67466992862344
6914.1387939453125,0.0008879800264531257,1.0051931076167125e-05,68.67959167167814
6961.822509765625,0.0016015160217651456,1.8129156274451857e-05,68.74151453677476
6966.590881347656,0.0015943501529558659,1.8048038662314287e-05,68.75013985218747
6971.3592529296875,0.002101407373878052,2.3787924790993683e-05,68.76011432314935
7023.811340332031,0.04137017536512275,0.00046831025359905733,69.46031393182007
7028.5797119140625,0.04030881838086299,0.0004562956959117614,69.68075716853129
7033.348083496094,0.04394300507976752,0.0004974346777886696,69.90814420907495
7061.958312988281,0.15228187410661817,0.001723830330715314,72.69051414745374
7090.568542480469,0.060347051125520544,0.0006831284268708575,75.51808520218405
7095.3369140625,0.04901184955762398,0.0005548139811619005,75.81323367211678
7152.557373046875,0.007433799023372426,8.415058130923241e-05,77.4426825028929
7157.325744628906,0.007507808119277283,8.498836403956766e-05,77.48300836991369
7214.546203613281,0.004132298505405226,4.6777605942777836e-05,77.88791906990127
7219.3145751953125,0.003938899698530555,4.458833206385712e-05,77.9097024070191
7233.619689941406,0.004099311854649445,4.640419716110159e-05,77.97342971442521
7252.693176269531,0.003235740406108318,3.662857110929259e-05,78.05131153923807
7281.303405761719,0.003813971724083659,4.317414779031969e-05,78.16498708055532
7286.07177734375,0.00392480733933466,4.442880660256545e-05,78.18587325246678
7305.145263671875,0.005438196918100949,6.15603718224633e-05,78.28062024401247
7343.292236328125,0.004814449098529396,5.4499548488084217e-05,78.48793785126843
7348.060607910156,0.004846756173694092,5.486526447623006e-05,78.51401245457909
7357.597351074219,0.004771046637760544,5.400823277017649e-05,78.56727809055258
7381.439208984375,0.0058344727412658216,6.604621288075309e-05,78.70904302064484
7410.0494384765625,0.005731340144651486,6.487875221498306e-05,78.87917295073368
7414.817810058594,0.005752060495195477,6.511330651726187e-05,78.91016547267111
7424.354553222656,0.007616151069431346,8.621480589084138e-05,78.98024486818883
7472.038269042969,0.004887507622050219,5.5326570742054494e-05,79.33165237279306
7476.806640625,0.004695595160639588,5.3154122289060964e-05,79.3575161854855
7538.795471191406,0.0020664003484699343,2.339164537467665e-05,79.5697667009544
7543.5638427734375,0.001983520397166267,2.245344458943125e-05,79.58069702216241
7553.1005859375,0.0024506181502807808,2.774098966957667e-05,79.6026887028302
7605.552673339844,0.0012323237256103604,1.394990065580571e-05,79.70699307455503
7610.321044921875,0.0012626071987315928,1.4292709475253472e-05,79.71372663753262
7615.089416503906,0.0015319354784014661,1.7341504744802407e-05,79.72126882193795
7658.0047607421875,0.0010862136120624616,1.2295934634992337e-05,79.78644142988293
7672.309875488281,0.0013309128810142178,1.5065929581518734e-05,79.80632755959033
7677.0782470703125,0.0012903222657618476,1.4606443945917468e-05,79.81340200472532
7710.456848144531,0.0015624759643634324,1.768722294879012e-05,79.86202343541017
7739.067077636719,0.001111771568041479,1.2585250615414737e-05,79.90748433476728
7743.83544921875,0.001154834648290784,1.3072724546920245e-05,79.91360167274809
7748.603820800781,0.0012482283533281617,1.4129940991003357e-05,79.92008729361342
7781.982421875,0.0009174190814230437,1.0385181084826787e-05,79.96095959918871
7810.5926513671875,0.0009675206844628355,1.0952331071942017e-05,79.99343741277725
7815.361022949219,0.00097870333345318,1.1078918622958117e-05,79.99869007202535
7877.349853515625,0.0006785630545157368,7.681331619665298e-06,80.05817143777051
7882.118225097656,0.0006369471100625982,7.210239260771309e-06,80.06172186494041
7934.5703125,0.0004551332942749977,5.152107444122413e-06,80.09359552136068
7948.875427246094,0.0004591710287593498,5.197814585647531e-06,80.10108349321224
7953.643798828125,0.0004464887082900258,5.054250758257503e-06,80.1035277760644
7958.412170410156,0.0004518495426924725,5.11493538664873e-06,80.1059522989757
7996.559143066406,0.00034718535899026516,3.930137159913594e-06,80.12279106190388
8020.4010009765625,0.00041705628906974835,4.721075866262674e-06,80.13328108453372
8025.169372558594,0.0004319774441360468,4.889983294172204e-06,80.1355725396024
8029.937744140625,0.00036252384082106903,4.1037687254704586e-06,80.13771681717972
8072.853088378906,0.000496320922457657,5.6183512641963826e-06,80.15761209391687
8087.158203125,0.0004932271836048507,5.5833301502189824e-06,80.16545291332723
8091.926574707031,0.0005213940992063621,5.902179545272977e-06,80.16819127222908
8120.536804199219,0.0006193118273980166,7.010607917078629e-06,80.18653370915972
8158.683776855469,0.00033083106761158914,3.745006633504526e-06,80.20562651672311
8163.4521484375,0.00034848824734350217,3.944885851929777e-06,80.20745992996294
8187.294006347656,0.00028969441065944705,3.279339807597951e-06,80.216663207269
8230.209350585938,0.0003604875179802171,4.0807175573863874e-06,80.23184142318826
8234.977722167969,0.00047400260944596733,5.365708031863869e-06,80.23409362655484
8301.734924316406,0.0002207508122068275,2.4988984923165683e-06,80.26297123428228
8306.503295898438,0.00022743880955259296,2.5746066010065243e-06,80.26418085215768
8311.271667480469,0.00020166046160426508,2.2827957841922514e-06,80.26533894713248
8363.723754882812,0.00013748012633963292,1.5562745930543605e-06,80.27529510349848
8378.028869628906,0.00015762583436006836,1.7843239437935508e-06,80.27775644044645
8382.797241210938,0.00014642542085009777,1.657535298471765e-06,80.27857704363646
8440.017700195312,0.00017133512468920219,1.939513066731433e-06,80.28843351658008
8454.322814941406,0.00013954837556503095,1.579687167709985e-06,80.29099829334129
8459.091186523438,0.00013672842348256645,1.5477653191023649e-06,80.2917439361194
8525.848388671875,0.00027431462771833966,3.105240713603765e-06,80.30665603802264
8530.616760253906,0.00023280237704950915,2.635322168018456e-06,80.30802469486812
8535.385131835938,0.00021533660492307295,2.4376096830786324e-06,80.30923417607195
8602.142333984375,0.00030985392738353034,3.5075454728185304e-06,80.3285119163212
8606.910705566406,0.00029224944774108104,3.3082628192384517e-06,80.33013693164962
8659.36279296875,0.00043358020492729825,4.908126541233283e-06,80.35150079848998
8678.436279296875,0.0004245172966529799,4.805534448383004e-06,80.36022872809542
8683.204650878906,0.0003988774912622985,4.515291932880801e-06,80.3624509862773
8711.814880371094,0.00025671579333362934,2.9060219643233424e-06,80.3729077110425
8754.730224609375,0.0002878496180595714,3.2584567612327723e-06,80.38645521846874
8759.498596191406,0.00029931330461999183,3.3882256566485883e-06,80.38803991104653
8821.487426757812,0.00023141958265813391,2.6196689399046047e-06,80.40649296983602
8831.024169921875,0.00024355695192821098,2.757063921451798e-06,80.40916566157684
8835.792541503906,0.0002942283171797898,3.3306636149929315e-06,80.41061708892603
8859.634399414062,0.0002928795106219787,3.315395129046964e-06,80.41933011329856
8893.013000488281,0.0003853005984183027,4.361601549053731e-06,80.43212947816568
8907.318115234375,0.0003485450657512424,3.9455290361247456e-06,80.43747490541936
8912.086486816406,0.0004695469817201582,5.3152703401741256e-06,80.439682852048
8935.928344726562,0.0005486715029123267,6.210959668497535e-06,80.45300609756424
8988.380432128906,0.0003680998141926425,4.166888726308178e-06,80.47886987098646
8993.148803710938,0.0003637662373388089,4.1178326501011445e-06,80.48084510248528
9064.674377441406,0.00022976395821014067,2.6009272764172855e-06,80.50588233964304
9069.442749023438,0.00026138003123374456,2.9588211225229663e-06,80.50720788695646
9074.211120605469,0.000257399764217652,2.9137645125558323e-06,80.50860802047923
9107.589721679688,0.0002685744773076596,3.04026222920535e-06,80.51823421833707
9140.968322753906,0.00021476540998438372,2.4311437581887524e-06,80.52704807252849
9145.736694335938,0.00023506409336704543,2.6609247895419675e-06,80.52826211627632
9150.505065917969,0.00021106319825171604,2.3892347331459273e-06,80.52946616813396
9155.2734375,0.00020376523633102602,2.306621827407173e-06,80.53058574758279
9179.115295410156,0.0002609082383074923,2.9534804280978293e-06,80.53701383886084
9226.799011230469,0.0002581104585270791,2.9218095698789343e-06,80.54934644370326
9231.5673828125,0.000218612252557556,2.4746900038862443e-06,80.55063306946376
9236.335754394531,0.000187884488679964,2.12685181448909e-06,80.55173016252576
9293.556213378906,0.00031483089540073825,3.5638847349493357e-06,80.56816697530653
9307.861328125,0.00030574204344586194,3.4609989597176268e-06,80.57292192065843
9312.629699707031,0.00034313745781210033,3.884314931446841e-06,80.5746731799594
9336.471557617188,0.00042134324633288933,4.769604208851292e-06,80.5842345208977
9393.692016601562,0.0001769610104203741,2.003198075321113e-06,80.60066042911942
9398.460388183594,0.00017145348739958235,1.9408529322366088e-06,80.60160076415656
9436.607360839844,0.00014545047712983568,1.6464989386581764e-06,80.60866544703646
9455.680847167969,0.00018197883584163924,2.0599998431359426e-06,80.61221884882912
9474.754333496094,0.00015632290057022245,1.7695747374350993e-06,80.61584110191248
9479.522705078125,0.0001539147759383762,1.7423147742590958e-06,80.61667840161982
9484.291076660156,0.0001620068766986316,1.8339173291368104e-06,80.61753104179645
9555.816650390625,8.487107629289646e-05,9.607403137928023e-07,80.62718599261075
9560.585021972656,8.892235840544446e-05,1.0066008144260233e-06,80.62765504328713
9589.195251464844,9.529858798899264e-05,1.0787797130389275e-06,80.6306456815506
9641.647338867188,9.282729435694423e-05,1.0508046769814778e-06,80.63613740288557
9646.415710449219,9.455227416092264e-05,1.0703314428780376e-06,80.63664312114534
9698.867797851562,8.957528067879571e-05,1.01399189248443e-06,80.64209267510171
9727.47802734375,0.0001205486250477614,1.3646100522631256e-06,80.6454182518258
9732.246398925781,0.00011888028650269357,1.3457244652373456e-06,80.64606444593035
9741.783142089844,0.00018517302076974222,2.0961580063663382e-06,80.64754072635878
9765.625,0.00010742603011050426,1.216062319295923e-06,80.65091138645795
9813.308715820312,0.0001317811437515967,1.4917621282773833e-06,80.65789907642386
9818.077087402344,0.00014011508376801394,1.5861023027659357e-06,80.65863289648819
9837.150573730469,0.00011853235769182968,1.3417859122045863e-06,80.6615422880349
9880.06591796875,0.00019858679530830795,2.248001891494565e-06,80.6698484811315
9899.139404296875,0.0001761767674091272,1.994320446927255e-06,80.67374764805379
9903.907775878906,0.0001867964230115318,2.1145349145818804e-06,80.6747272755108
9927.749633789062,0.00013263991388103052,1.501483403412163e-06,80.67917161320182
9980.201721191406,0.00019177331949034042,2.170873366898233e-06,80.68888315498562
9984.970092773438,0.0001661244987780296,1.8805287979838493e-06,80.68984908453314
9989.738464355469,0.00015247111267988945,1.7259725107630715e-06,80.69070894145071
10056.495666503906,0.00027192316772276307,3.0781693940573494e-06,80.70543336412402
10075.569152832031,0.0002428441160729434,2.7489946218365904e-06,80.71090761220515
10080.337524414062,0.000245555905351542,2.7796920678483462e-06,80.71222575383
10089.874267578125,0.00022524564198593848,2.549779951125048e-06,80.7148647565233
10147.0947265625,0.00044625147561650765,5.051565285147546e-06,80.73400895617353
10166.168212890625,0.00034810035521008796,3.940494914212809e-06,80.74282773245021
10170.936584472656,0.00037404787538379114,4.234220760080457e-06,80.74477673654583
10232.925415039062,0.00021201832896843546,2.400046809822407e-06,80.76536278997612
10251.998901367188,0.00021675922185863386,2.453713702266052e-06,80.77035455064593
10256.767272949219,0.00025255490080162865,2.858920674090417e-06,80.77162118138523
10328.292846679688,0.0001864196002197169,2.1102692817766227e-06,80.78894057414406
10342.597961425781,0.00022307518745275407,2.5252104127102376e-06,80.79216304689706
10347.366333007812,0.0002164541641368842,2.4502604498257594e-06,80.79334929159047
10385.513305664062,0.00022236158964769934,2.517132487825862e-06,80.80194742128685
10433.197021484375,0.00017835420199927297,2.018968999564675e-06,80.81293808316839
10437.965393066406,0.00018332368186520858,2.075223495846886e-06,80.8139142147257
10528.564453125,0.0004138537746657491,4.684823413391616e-06,80.84023000534579
10533.332824707031,0.00045180970185673355,5.114484388514837e-06,80.8425663423881
10595.321655273438,0.0008330053905872297,9.429618372953926e-06,80.88364979582252
10619.163513183594,0.0005394074841481868,6.1060910055418946e-06,80.90290812601096
10623.931884765625,0.00047750384337284167,5.405341988784111e-06,80.90565266550888
10633.468627929688,0.000632401574983589,7.1587838181291974e-06,80.91167746750526
10700.225830078125,0.0002535402714954956,2.8700750672120603e-06,80.94005072857814
10714.530944824219,0.0002577346978345496,2.9175559600342105e-06,80.94430349146883
10719.29931640625,0.0002694017721816538,3.049627204548627e-06,80.94572617880016
10790.824890136719,0.0001341795046687984,1.5189115662346538e-06,80.960609523169
10809.898376464844,0.00013792199606216018,1.5612765569084694e-06,80.96368123386137
10814.666748046875,0.0001290582721884972,1.460939230840313e-06,80.96440178625522
10824.203491210938,0.00015837202898116983,1.7927708645319358e-06,80.96594753436442
10895.729064941406,0.0001076505277887178,1.2186036322995224e-06,80.9764251557645
10905.265808105469,0.0001253348925300207,1.418790584944634e-06,80.9776740139304
10910.0341796875,0.00011414860342784761,1.292161827874208e-06,80.97832035535268
10914.802551269531,0.00011348754135592014,1.2846786073217986e-06,80.9789347219878
10957.717895507812,0.00015621726844951744,1.7683789821645701e-06,80.98546107220064
11000.633239746094,0.00012991586473194984,1.47064717570553e-06,80.99161698134543
11005.401611328125,0.000130805530909455,1.480718194006245e-06,80.99232064168328
11038.780212402344,9.796753869258513e-05,1.1089922265178167e-06,80.99646587316983
11096.000671386719,0.00013385067230380489,1.515189184908431e-06,81.0038140722912
11100.76904296875,0.00011545891155564818,1.3069945117148598e-06,81.00448693331812
11153.221130371094,9.62271975395662e-05,1.0892915701989587e-06,81.01090907342785
11177.06298828125,0.00014092240334018152,1.5952411577560456e-06,81.01426593415106
11196.136474609375,0.00012443991951126079,1.408659493217788e-06,81.01696292755561
11200.904846191406,0.00013606794833770076,1.5402887425624287e-06,81.01766601160384
11210.441589355469,0.00012351875637434074,1.398231929436639e-06,81.01905529010482
11281.967163085938,0.00024723939140141877,2.7987491245804025e-06,81.03180261362213
11291.50390625,0.00019784279138902755,2.239579769493829e-06,81.0341987919301
11296.272277832031,0.00022626161644202192,2.5612807787376788e-06,81.03534340628048
11353.492736816406,0.003366590276223089,3.8109791222962044e-05,81.10381735454013
11391.639709472656,0.0003493058950996772,3.9541416219300134e-06,81.16948974457429
11396.408081054688,0.00036990611927528727,4.187336094100672e-06,81.17143082412314
11405.94482421875,0.00040205850115399797,4.551300954740998e-06,81.17543624455988
11491.775512695312,0.00020017912118252385,2.266027015327979e-06,81.20393815344306
11496.543884277344,0.00017930961329989186,2.0297842524500045e-06,81.20496235466162
11520.3857421875,0.00019362205894554076,2.191801091653139e-06,81.20976255815819
11591.911315917969,0.0001322403283807105,1.496960096819e-06,81.22226704041307
11596.6796875,0.00015177708145893294,1.7181160795484768e-06,81.22303357430673
11601.448059082031,0.00015626252044453616,1.7688912346043058e-06,81.22386494163588
11630.058288574219,0.0001440204188559265,1.6303106835443137e-06,81.22899738170685
11687.278747558594,0.00019871195259033792,2.2494186715292136e-06,81.23968836519239
11696.815490722656,0.00017710779440783712,2.004859669592503e-06,81.24162079280282
11701.583862304688,0.00017500310072382313,1.9810345437812196e-06,81.24257110403762
11768.341064453125,0.00024865716748231534,2.8147983453084127e-06,81.25790124327126
11801.719665527344,0.00014188050003007587,1.6060868092394355e-06,81.26523074976532
11806.488037109375,0.00013787218666389835,1.5607127146785116e-06,81.2659857736081
11820.793151855469,0.00015089380530857428,1.7081173963347434e-06,81.26831411269248
11878.013610839844,0.00010413033533855203,1.1787550649558988e-06,81.27654212629133
11906.623840332031,0.00010584344662622415,1.1981474792856066e-06,81.28016839128618
11911.392211914062,0.00010913202063532022,1.2353741266127392e-06,81.28074858804966
11997.222900390625,8.093665645664081e-05,9.162026937556536e-07,81.29019843968919
12011.528015136719,9.633018976458712e-05,1.0904574418587375e-06,81.29168031608766
12016.29638671875,9.938904752478232e-05,1.1250837019786819e-06,81.29220854225913
12025.833129882812,0.00010924338260814117,1.2366347437910033e-06,81.29334898163401
12083.053588867188,8.252904615239886e-05,9.342285400487217e-07,81.2996963380654
12116.432189941406,8.608287146556118e-05,9.744578312945326e-07,81.30310882283165
12121.200561523438,8.366634664192894e-05,9.471027779742197e-07,81.30356695858177
12135.505676269531,7.913095168747681e-05,8.957621215098533e-07,81.30492387589018
12178.421020507812,0.00013781748824214386,1.5600935287181613e-06,81.30943012241772
12221.336364746094,8.545315274629288e-05,9.673294173945705e-07,81.31368181613313
12226.104736328125,7.955586486454259e-05,9.005721373232505e-07,81.3141271585677
12235.641479492188,7.765560068145724e-05,8.790611528125068e-07,81.31501110618564
12331.008911132812,0.00011035502095048115,1.2492184862919004e-06,81.32501486274846
12335.777282714844,9.676236689625302e-05,1.0953496856151128e-06,81.32557385136062
12388.229370117188,8.94927906240435e-05,1.0130581053269076e-06,81.33111370420603
12435.9130859375,0.00012185767101894223,1.3794284484948548e-06,81.33671897192322
12440.681457519531,0.00011976793218351959,1.355772611522077e-06,81.3373710946735
12445.449829101562,0.00012655617393776214,1.432615486597272e-06,81.33803589820184
12450.218200683594,0.0001116068929110301,1.2633896729050586e-06,81.33867867592122
12540.817260742188,0.00017350383058016336,1.9640628105218353e-06,81.35274139257356
12550.35400390625,0.00014398370234824324,1.6298950527940774e-06,81.35448989093311
12555.122375488281,0.0001520525190167065,1.7212340318267353e-06,81.35528886236786
12588.5009765625,0.0002704440641420057,3.061425946225902e-06,81.3634236599365
12660.026550292969,0.00018553304511912555,2.1002334808566804e-06,81.3795615659439
12664.794921875,0.00015137763871577519,1.7135943889659366e-06,81.38047085336557
12702.94189453125,0.00016996102155507976,1.92395822362205e-06,81.38699836161422
12726.783752441406,0.0001272417248110887,1.4403759203036585e-06,81.39116238728363
12769.699096679688,0.00012934901017926597,1.4642303839714306e-06,81.39804621756869
12774.467468261719,0.00011999203791783554,1.358309487722002e-06,81.39871916351437
12831.687927246094,0.00020652741951153716,2.3378897322283543e-06,81.40881946256488
12884.140014648438,0.00019668402393841758,2.22646252563716e-06,81.41996578745844
12888.908386230469,0.00017642122911993107,1.9970877527163022e-06,81.42097276031457
12950.897216796875,0.00015592912875272874,1.7651172417130457e-06,81.43422648375133
12989.044189453125,0.00021248615118049362,2.405342555775491e-06,81.4420791384213
12998.580932617188,0.0001917449093196457,2.1705517638562974e-06,81.44420839321582
13003.349304199219,0.00016191359636279906,1.8328613960317656e-06,81.44516288129296
13036.727905273438,0.00011840880304082403,1.3403872739480374e-06,81.45038301743067
13113.021850585938,0.00013249037319771942,1.4997906033525376e-06,81.4618956405893
13117.790222167969,0.00014304681674818872,1.619289510780235e-06,81.46263928723823
13122.55859375,0.00012408083523757148,1.404594660381313e-06,81.46336023740567
13213.157653808594,0.0002316660251307681,2.622458667911274e-06,81.48046090046066
13227.462768554688,0.0002087034571350022,2.36252247120739e-06,81.4837564254354
13232.231140136719,0.00024215310233640177,2.7411723485359785e-06,81.4849732411025
13236.99951171875,0.00026933602345825553,3.048882929208803e-06,81.48635369785474
13341.903686523438,0.00016812763488773414,1.9032042923768468e-06,81.51164000487118
13346.672058105469,0.00014588256157991133,1.6513901332592447e-06,81.51248748622342
13394.355773925781,0.00021480553722798656,2.431597998458754e-06,81.5208902820599
13446.807861328125,0.00013592299273505962,1.538647845601409e-06,81.53010619609351
13461.112976074219,0.00015266532789571673,1.72817102638874e-06,81.53244475872074
13465.88134765625,0.0001574391939417928,1.7822111748520842e-06,81.53328169905727
13489.723205566406,0.00014994311920513755,1.6973556326664924e-06,81.53768228771136
13580.322265625,0.00019663719211029856,2.2259323894917516e-06,81.55588652013354
13585.090637207031,0.00022422318908129588,2.5382057874953246e-06,81.55702237918835
13670.921325683594,0.00018613955099284249,2.107099125418805e-06,81.57838929138889
13694.76318359375,0.00027650481898023086,3.130033671724784e-06,81.58475724721255
13699.531555175781,0.00027309546831770406,3.091439833064818e-06,81.5862405620855
13704.299926757812,0.000274856950268687,3.111379803149413e-06,81.58771942952957
13709.068298339844,0.0002580570477285877,2.9212049598098283e-06,81.58915770981706
13809.2041015625,0.0004745343411458547,5.371727233015983e-06,81.62658896115661
13818.740844726562,0.00044360777883782203,5.021638646018309e-06,81.63150252688467
13823.509216308594,0.00043760368253158713,4.9536722949214145e-06,81.63388082634532
13833.045959472656,0.00040304671487046686,4.562487530869457e-06,81.63856453782803
13937.950134277344,0.0008127954862330808,9.200842319921208e-06,81.70545559381821
13942.718505859375,0.0007704812291728712,8.721845064535421e-06,81.70972869547809
13947.486877441406,0.0008512809280009676,9.636497398371401e-06,81.71410566540274
13952.255249023438,0.0008106945793811941,9.177060061037565e-06,81.71859116704006
14047.622680664062,0.006807465050046745,7.706048272257914e-05,81.97002517937669
14066.696166992188,0.0060933645245510966,6.897686704441063e-05,82.10785178933153
14071.464538574219,0.006748289822593486,7.639061933595254e-05,82.1425100988819
14119.148254394531,0.01727390644162459,0.00019554056599778205,82.76319158329235
14190.673828125,0.007458712039031835,8.443259656728741e-05,83.75796125970747
14195.442199707031,0.007166409117762698,8.112372842788138e-05,83.79743296347408
14228.82080078125,0.010604017924958397,0.00012003744919565396,84.13972834760416
14314.651489257812,0.00396824135109645,4.492047947761293e-05,84.76152001535885
14319.419860839844,0.004084038691371667,4.62313050013573e-05,84.78325229429691
14352.798461914062,0.00448744446183486,5.079785704039481e-05,84.94674429114419
14438.629150390625,0.003224975558362375,3.6506713067034746e-05,85.31589611481436
14443.397521972656,0.0034798856698027834,3.939229471806789e-05,85.33399184840572
14448.165893554688,0.0037188259225911253,4.20970976199349e-05,85.3534204335388
14457.70263671875,0.003966775102345402,4.490388154641292e-05,85.39371410469775
14567.375183105469,0.0014303361422059089,1.6191400582098042e-05,85.72077115470225
14572.1435546875,0.0014235342767732124,1.6114403487026063e-05,85.72847345860514
14576.911926269531,0.001504687177187034,1.703305406168947e-05,85.73637642833472
14691.352844238281,0.0004801545582455159,5.435348072714986e-06,85.83715841673073
14696.121215820312,0.0004806956489708687,5.441473218005612e-06,85.839751653008
14700.889587402344,0.0004162878008904657,4.71237658251656e-06,85.84217251944985
14710.426330566406,0.00047539216779664284,5.381437827975494e-06,85.84698616143065
14824.867248535156,0.0002458597707616215,2.783131823324323e-06,85.88940084704525
14829.635620117188,0.00023353395128196568,2.643603586003865e-06,85.8906946815907
14839.17236328125,0.0002467270795524636,2.7929497560790964e-06,85.89328325636298
14915.46630859375,0.00018196903329086294,2.0598888782923217e-06,85.91103114733032
14958.381652832031,0.0002057374809328092,2.3289476300287187e-06,85.92038561739274
14963.150024414062,0.00017977660466468722,2.0350705932147154e-06,85.9214260804167
15029.9072265625,0.00023170017465445013,2.6228452404107783e-06,85.93593828770084
15091.896057128906,0.00015476609127870503,1.7519516612049091e-06,85.948405742687
15096.664428710938,0.0001506493060867043,1.7053496659205468e-06,85.94923002755694
15106.201171875,0.00016723545876333714,1.8931048614852962e-06,85.95094843229771
15139.579772949219,0.0001401794780605458,1.5868312459526583e-06,85.95673357464648
15220.64208984375,0.00014857829821747745,1.681905863425551e-06,85.97060364543164
15225.410461425781,0.00016238202745848905,1.838164034545626e-06,85.97144289549504
15258.7890625,0.0002408561902728177,2.726491308099665e-06,85.9786383753752
15358.924865722656,0.00019652576676361836,2.2246710549216022e-06,86.00372885411988
15363.693237304688,0.00020042624235970554,2.268824426267968e-06,86.00480018692771
15368.461608886719,0.00020956420304147835,2.372266112132007e-06,86.00590670913935
15492.439270019531,0.00011799586356975192,1.3357128004484189e-06,86.02676455703879
15497.207641601562,0.0001206700698933364,1.3659848075289075e-06,86.02740869194363
15530.586242675781,0.00010130540119040085,1.1467768193805457e-06,86.03165245942863
15625.953674316406,0.00019475103722371083,2.204581122172501e-06,86.0442542297302
15630.722045898438,0.00012942942628861535,1.465140694073587e-06,86.04512915959133
15635.490417480469,0.00011559335199103551,1.3085163770159988e-06,86.04579045096912
15683.174133300781,0.00014897349059799013,1.6863794399164627e-06,86.0527272941393
15769.004821777344,9.002864156542692e-05,1.0191239362796601e-06,86.0642165703297
15773.773193359375,9.318637372029704e-05,1.054869454232959e-06,86.06471104888693
15830.99365234375,0.00013553200462527846,1.534221861441811e-06,86.0702032397801
15888.214111328125,6.361080548446858e-05,7.200741158372269e-07,86.07505923030712
15907.28759765625,6.91668546836205e-05,7.829685751064826e-07,86.07651120853889
15912.055969238281,6.618151441616526e-05,7.491745327706097e-07,86.07687649992165
15921.592712402344,7.01073333835452e-05,7.936147909994313e-07,86.07760539432508
16021.728515625,5.96372428309697e-05,6.750933992333372e-07,86.08493059322649
16045.570373535156,6.626820504456184e-05,7.501558704084311e-07,86.08670036973541
16050.338745117188,6.546265990378982e-05,7.41037101976077e-07,86.08705589784506
16088.485717773438,6.347358642208126e-05,7.185207964872826e-07,86.08995482419401
16188.621520996094,0.00010590941368199535,1.1988942261471981e-06,86.0990928382663
16193.389892578125,9.769054923332373e-05,1.10585670671965e-06,86.09964233370889
16241.073608398438,0.00013991911660706275,1.5838839551270347e-06,86.10557578455243
16326.904296875,8.517759078075303e-05,9.642100568207932e-07,86.11601927918531
16331.672668457031,8.934218450848407e-05,1.0113532445776182e-06,86.11649029018055
16336.441040039062,8.05437753129224e-05,9.117552804579045e-07,86.11694879498255
16431.808471679688,7.370545212271921e-05,8.343454836868661e-07,86.12604831978817
16441.34521484375,9.645562767127047e-05,1.0918773985635702e-06,86.1269554861559
16474.72381591797,9.460524474180649e-05,1.0709310696852259e-06,86.1303254522535
16479.4921875,9.679665893380452e-05,1.0957378713711662e-06,86.13084202638382
16498.565673828125,0.00010676039370178397,1.2085273172655624e-06,86.13294787722083
16508.102416992188,8.484183643050203e-05,9.60409318643464e-07,86.13397309769559
16617.774963378906,0.00010044776767264524,1.1370684106863494e-06,86.14586658058826
16622.543334960938,9.880661185690306e-05,1.1184905320701101e-06,86.14640434774647
16646.385192871094,0.00011832533750840292,1.3394424443864044e-06,86.14923301050105
16751.28936767578,6.165406993506782e-05,6.979238756393403e-07,86.15864634833976
16765.594482421875,6.934580946191611e-05,7.849943426278123e-07,86.15975970187766
16770.362854003906,6.964315865600418e-05,7.883603345594844e-07,86.16013481886421
16808.509826660156,6.325060434835719e-05,7.159966401216851e-07,86.16307846656944
16846.656799316406,7.499266745541174e-05,8.489167571603173e-07,86.1659693999201
16913.414001464844,7.467112550997625e-05,8.452769033603119e-07,86.17134292394248
16918.182373046875,7.45328588541948e-05,8.43711725256477e-07,86.17174561021143
16946.792602539062,7.414927280696148e-05,8.393695324213858e-07,86.17425173372733
17032.623291015625,0.0007203365129714955,8.154207036568137e-06,86.19665121248896
17061.233520507812,0.00013136515006980377,1.4870530811221158e-06,86.21043276570154
17066.001892089844,0.00011149988996266943,1.2621783998698256e-06,86.21108823356487
17199.51629638672,5.819190393725347e-05,6.587321675518428e-07,86.22291488401397
17213.821411132812,6.553940036476093e-05,7.41905803750278e-07,86.2239571761146
17218.589782714844,5.631282117617232e-05,6.374609566708415e-07,86.22428604277768
17223.358154296875,5.592599584604035e-05,6.330820951636369e-07,86.2245889638468
17366.409301757812,7.873492916796223e-05,8.912791478480794e-07,86.23509517255957
17371.177673339844,8.028888122284272e-05,9.088698801686238e-07,86.23552436153301
17385.482788085938,7.54107687518617e-05,8.536496625068014e-07,86.23676215381313
17461.776733398438,0.00012945826204020582,1.4654671146899095e-06,86.24530337381069
17518.997192382812,0.00012249243069510342,1.3866139260108171e-06,86.252676662696
17523.765563964844,0.00012676988118546907,1.4350346519618443e-06,86.25334939614069
17533.302307128906,0.00011717575705587092,1.3264291973187682e-06,86.25464160765935
17666.81671142578,0.00025312798079094723,2.865407937747428e-06,86.28242696557656
17671.585083007812,0.0002443639750805906,2.766199420970851e-06,86.2837696454011
17676.353454589844,0.00023106389734128542,2.6156425832487613e-06,86.28505277652468
17752.647399902344,0.0001686618686474632,1.9092518168384137e-06,86.30274820458831
17805.099487304688,0.0002368892665473747,2.68158574414026e-06,86.31502048643
17828.941345214844,0.0002209551076854417,2.5012111164849352e-06,86.32053207705349
17833.709716796875,0.0002096195918344914,2.372893113092809e-06,86.3216941540583
17838.478088378906,0.0002222999387306901,2.5164345996413327e-06,86.32285986062433
17986.297607421875,0.0001233934870137111,1.3968138806725984e-06,86.3507427441913
17991.065979003906,0.00013256739829156398,1.500662527169961e-06,86.35143355639944
17995.834350585938,0.00013451135839063035,1.5226681493106813e-06,86.35215437460349
18129.348754882812,6.43095307036727e-05,7.279836830970602e-07,86.36607170595482
18143.653869628906,6.694637186961772e-05,7.578327167118706e-07,86.36714432330936
18148.422241210938,6.337573708145084e-05,7.174131422624529e-07,86.36749604933088
18267.63153076172,8.392682876328557e-05,9.500514347597886e-07,86.37503725017663
18301.010131835938,4.803054644924317e-05,5.437056330950274e-07,86.3770572908495
18305.77850341797,4.915290026047525e-05,5.564106746697142e-07,86.37731957901647
18310.546875,5.010345198477411e-05,5.671709171665518e-07,86.3775874617431
18320.083618164062,4.398157143066678e-05,4.978712487582297e-07,86.37810151625519
18444.061279296875,5.264683547406002e-05,5.959620101787244e-07,86.38470084979934
18467.90313720703,4.939457624585695e-05,5.591464460558399e-07,86.38600450067258
18472.671508789062,5.153489161946847e-05,5.833748092801106e-07,86.38627689896687
18482.208251953125,4.8344542504892554e-05,5.472600674466458e-07,86.3868384812749
18620.49102783203,7.705042124414643e-05,8.722105235062822e-07,86.39619407262037
18630.027770996094,7.601387811776652e-05,8.604768586112919e-07,86.39700350126327
18634.796142578125,6.821713890799252e-05,7.722177955459414e-07,86.39739276600281
18658.63800048828,0.00010716481237355615,1.2131053353441974e-06,86.39951520273009
18792.152404785156,6.43951038195006e-05,7.289523704961572e-07,86.41193101721915
18796.920776367188,6.254411176217405e-05,7.079991462923452e-07,86.41227361315802
18820.762634277344,7.328298309711428e-05,8.295631356602346e-07,86.41398850110562
18939.971923828125,5.624212125768557e-05,6.366606338183578e-07,86.42256547286334
18959.04541015625,6.183314319752506e-05,6.99950984401003e-07,86.42390925506518
18963.81378173828,6.752832198934917e-05,7.644203902169531e-07,86.42425838840761
19083.023071289062,9.071005918771131e-05,1.0268375815973904e-06,86.43410429598279
19121.170043945312,5.260839592321777e-05,5.955268745854065e-07,86.43722514517152
19125.938415527344,6.2390186416161e-05,7.062567118648743e-07,86.4375355145645
19130.706787109375,6.239041016771447e-05,7.062592447317483e-07,86.43787228461184
19297.59979248047,4.733189359140507e-05,5.357968849656275e-07,86.44793785836141
19302.3681640625,4.734506462235976e-05,5.35945980994158e-07,86.44819338177268
19369.125366210938,5.847156002136188e-05,6.618978735347993e-07,86.45213266453106
19464.492797851562,5.2883497111443e-05,5.986410191614475e-07,86.45777805878312
19469.261169433594,5.33661480909989e-05,6.041046267154588e-07,86.45806481569103
19483.566284179688,8.221884911282196e-05,9.307171105469651e-07,86.4590331969427
19526.48162841797,5.12859843245651e-05,5.805571794931912e-07,86.46186833336132
19636.154174804688,5.37291599124763e-05,6.082139193804074e-07,86.46886852957914
19640.92254638672,5.484021156184373e-05,6.207910205187208e-07,86.46916154719061
19645.69091796875,5.414751373165182e-05,6.12949683283342e-07,86.4694556938962
19812.583923339844,0.00010582759045321509,1.197967987457558e-06,86.48280804162466
19817.352294921875,9.517311567960643e-05,1.0773593668956076e-06,86.48335052193947
19822.120666503906,8.892221173541607e-05,1.0065991541217683e-06,86.48384737636896
19893.646240234375,0.00013991622998392185,1.5838512785622576e-06,86.49353355213366
19984.24530029297,0.00010470176116967463,1.1852236035473905e-06,86.50559853979117
19989.013671875,0.00010645006072558465,1.2050143489616724e-06,86.50616841692751
20003.318786621094,0.0001134287021573037,1.2840125477805362e-06,86.50779396877118
20103.45458984375,8.29320544877359e-05,9.387905931233948e-07,86.51835381988693
20160.675048828125,0.00010068229357983371,1.139723243210061e-06,86.52450547934129
20165.443420410156,9.735818642949479e-05,1.102094360837035e-06,86.52503997030905
20184.51690673828,9.640669529833461e-05,1.091323484257514e-06,86.52719727022351
20284.652709960938,0.00015112594456495783,1.7107452119789314e-06,86.54116957451342
20337.10479736328,0.00011655637173640587,1.3194177574717245e-06,86.54909412766368
20341.873168945312,0.0001170155159439024,1.3246152684407622e-06,86.54972451426079
20446.77734375,0.00010464377431215845,1.1845671925046733e-06,86.56344701975995
20480.15594482422,0.0001304857129598944,1.477097855834062e-06,86.56788407237867
20518.30291748047,0.0001222636291917753,1.3840238937206041e-06,86.57321811732673
20523.0712890625,0.0001248684032598061,1.413509927888981e-06,86.57388510136548
20527.83966064453,0.00012407752903590728,1.4045572341889863e-06,86.57455698093408
20699.501037597656,0.00022980104572574753,2.6013471069760377e-06,86.60531714295813
20704.269409179688,0.0002765285476761946,3.1303022804876497e-06,86.606683674661
20713.80615234375,0.00018674145721883368,2.1139127019832985e-06,86.60899938011677
20880.699157714844,0.0003677870251480768,4.16334795531819e-06,86.65899717815591
20885.467529296875,0.00037667692501640787,4.263981593562763e-06,86.66100641009258
21066.665649414062,0.0020637145639130225,2.336124230203171e-05,86.832483329639
21071.434020996094,0.0022158095611788716,2.508295718750368e-05,86.84403332684703
21076.202392578125,0.0020018912491182187,2.2661402575118263e-05,86.85541646926174
21185.874938964844,0.0048601402959285445,5.5016772697370006e-05,87.26092498737914
21252.63214111328,0.003441948966063728,3.896285135235938e-05,87.58180162676412
21257.400512695312,0.003302271072968513,3.738169804661951e-05,87.60000358575398
21352.767944335938,0.005926480994057122,6.708774600981557e-05,88.05071822445679
21438.5986328125,0.004565643343522823,5.168306813247364e-05,88.50490638063083
21443.36700439453,0.004436494491703375,5.0221103540498955e-05,88.52920222844564
21629.33349609375,0.0010528033280859056,1.1917730326603829e-05,89.1609778659322
21634.10186767578,0.0011396292589922472,1.2900599588405481e-05,89.16689501688619
21810.531616210938,0.00026611010718845837,3.0123655672913174e-06,89.28419231813216
21820.068359375,0.00026731633916176494,3.0260201093940015e-06,89.28720994460421
21824.83673095703,0.0002926794164370429,3.3131300635096788e-06,89.28872131578115
21963.119506835938,0.00014488616471099037,1.6401109238710469e-06,89.32003810913638
22010.80322265625,0.000167947844135355,1.9011690616315495e-06,89.32900981186313
22015.57159423828,0.00017435429745666736,1.9736900928598493e-06,89.32993365027698
22039.413452148438,0.00017620216008564757,1.994607891944731e-06,89.3344761813035
22172.927856445312,0.00013120077791388483,1.4851923888397253e-06,89.35690717489125
22206.30645751953,0.00015155298983622246,1.7155793630918808e-06,89.36233718657162
22211.074829101562,0.00016486893667376056,1.8663158389555126e-06,89.36319117693617
22234.91668701172,0.0001431035121077985,1.619931302070758e-06,89.36737826885135
22301.673889160156,0.0002257246141086421,2.555201914031188e-06,89.38067494813839
22401.809692382812,0.00016877503730414645,1.910532885672255e-06,89.40233236899556
22406.578063964844,0.00016192403907592116,1.8329796075111057e-06,89.40322489192502
22420.883178710938,0.00017119368185206774,1.9379119342647804e-06,89.40589515554164
22559.165954589844,8.435876387413422e-05,9.54940938841282e-07,89.42393651523342
22597.312927246094,9.65821302718822e-05,1.093309407600287e-06,89.42814238988281
22602.081298828125,9.296663607411478e-05,1.0523820247768193e-06,89.4286539625853
22606.849670410156,9.238703538424615e-05,1.045820946810314e-06,89.42915421315645
22711.753845214844,0.0005270289985299006,5.965966587699589e-06,89.45703600875984
22797.584533691406,9.542959509803622e-05,1.0802627130967712e-06,89.47766936169441
22802.352905273438,9.617269176215415e-05,1.0886745649719522e-06,89.4781864766384
22821.426391601562,0.00010610374854541243,1.2010940961832028e-06,89.4802733767945
22988.319396972656,4.456490380828122e-05,5.044745694181529e-07,89.49267718375098
22997.85614013672,4.473719472987624e-05,5.064249021028194e-07,89.49317920652469
23002.62451171875,4.859174909676018e-05,5.500584452806079e-07,89.49343109178322
23036.00311279297,4.537720258916171e-05,5.13669789035062e-07,89.49525675574232
23136.138916015625,6.747203634585736e-05,7.637832369115829e-07,89.50148273645871
23202.896118164062,6.106653158375674e-05,6.912729433705438e-07,89.50616227333094
23207.664489746094,6.731496738310022e-05,7.620052167525639e-07,89.50650876184493
23231.50634765625,6.804225563348893e-05,7.702381174345922e-07,89.50827135106579
23398.399353027344,4.15753024187235e-05,4.70632291193628e-07,89.51823155068989
23407.936096191406,4.537497402179373e-05,5.136445616595421e-07,89.51869792515389
23412.704467773438,4.276272761072539e-05,4.840739405917381e-07,89.51893579978153
23436.546325683594,9.032919792957893e-05,1.0225262333662589e-06,89.52036410250366
23612.97607421875,6.336946014719599e-05,7.17342087386645e-07,89.53287220535165
23617.74444580078,5.7710939487738e-05,6.532876515125269e-07,89.53319898894647
23627.281188964844,5.793826619827588e-05,6.558609891530433e-07,89.53381638858804
23765.56396484375,4.00884438034763e-05,4.538010563964126e-07,89.54122236384909
23822.784423828125,4.613127055980612e-05,5.222058360652403e-07,89.54394764340982
23827.552795410156,4.5929963645923495e-05,5.19927042440133e-07,89.54419610724995
23951.53045654297,5.730787905912692e-05,6.487250087421574e-07,89.55085550610718
24023.056030273438,3.571109637324379e-05,4.0424949740370904e-07,89.55436223543163
24032.5927734375,3.8617494069995893e-05,4.371499100902158e-07,89.55477137467908
24037.36114501953,3.9121879279433525e-05,4.4285954905738557e-07,89.55498118528394
24242.401123046875,2.7977358021760177e-05,3.167036038538981e-07,89.56243898253778
24247.169494628906,2.7804068101446347e-05,3.147419625069111e-07,89.56258953089251
24271.011352539062,2.5620266766637035e-05,2.9002133834014247e-07,89.56338005650177
24437.904357910156,3.6404576200802186e-05,4.1209968684679024e-07,89.56925004287586
24456.97784423828,3.4944467173918775e-05,3.9557125730480406e-07,89.5700041363734
24461.746215820312,3.485281456153598e-05,3.9453375002403506e-07,89.57019251208658
24480.819702148438,3.4762894507712466e-05,3.9351585530064867e-07,89.57096165205408
24671.554565429688,6.660362586175681e-05,7.539528329926267e-07,89.58122771158574
24676.32293701172,6.690316391165254e-05,7.57343602765082e-07,89.58158803273456
24852.752685546875,9.975815604823852e-05,1.1292620092906465e-06,89.59868587822692
24890.899658203125,8.713932054216554e-05,9.86416831482774e-07,89.60258513169546
24895.668029785156,8.894207047300448e-05,1.0068239549681293e-06,89.60306035733157
24924.278259277344,0.00010381584644756859,1.1751950517098658e-06,89.60607169572815
25081.634521484375,7.609600333303168e-05,8.61406515786981e-07,89.62256199309276
25110.244750976562,8.171525230694298e-05,9.250163963055728e-07,89.62520853694416
25115.013122558594,8.049780999505973e-05,9.112349532058432e-07,89.6256463333818
25320.053100585938,3.285087375092487e-05,3.718717864129749e-07,89.63714490863721
25334.35821533203,3.444771573779469e-05,3.8994803262727255e-07,89.63770347080181
25339.126586914062,3.305284977877505e-05,3.741581544060676e-07,89.63788564791321
25429.725646972656,2.7741240345030232e-05,3.1403075250403796e-07,89.64116916971302
25534.629821777344,3.7947959868835376e-05,4.2957078506182487e-07,89.64500320809701
25553.70330810547,3.76560678371515e-05,4.262665681912176e-07,89.64580061106159
25558.4716796875,3.678653515448453e-05,4.164234609880575e-07,89.64600152402097
25572.776794433594,4.7323709690782806e-05,5.357042432366037e-07,89.64663440242072
25629.99725341797,3.279299726207419e-05,3.7121662474320025e-07,89.64892146241166
25782.58514404297,3.967988090986117e-05,4.491761257396919e-07,89.65509180763014
25787.353515625,3.98730706069349e-05,4.513630324963308e-07,89.65530651289666
25820.73211669922,3.388008233520651e-05,3.835224243147326e-07,89.65671555818116
25992.393493652344,5.793640747577595e-05,6.558399484202538e-07,89.66504417542772
26006.698608398438,4.5809280352744005e-05,5.185609079450468e-07,89.66586767607406
26011.46697998047,4.965273356525791e-05,5.620687860906621e-07,89.66612531827025
26025.772094726562,4.975381583597144e-05,5.632130370737539e-07,89.66691445595082
26168.8232421875,3.655748757180752e-05,4.1383064308039756e-07,89.6736429659705
26235.580444335938,3.722383357074023e-05,4.213736776697064e-07,89.67655067845789
26240.34881591797,3.738314412128806e-05,4.23177072595389e-07,89.67675203504774
26302.337646484375,3.6898070784018795e-05,4.176860439597641e-07,89.67959133955634
26392.93670654297,5.36719426732607e-05,6.075662204144058e-07,89.68412225199025
26469.23065185547,3.98285593785746e-05,4.5085916553281315e-07,89.68780888352094
26473.9990234375,3.7523619279957914e-05,4.247672509448989e-07,89.68801764912698
26535.987854003906,3.480803927690709e-05,3.940268939443965e-07,89.69070628984157
26636.123657226562,4.182776168866718e-05,4.734901293267105e-07,89.69506450578888
26702.880859375,4.146171507102716e-05,4.6934648277884997e-07,89.69807695817053
26707.64923095703,4.1496513079824135e-05,4.697403961277934e-07,89.69830085392987
26731.491088867188,3.8606581115119427e-05,4.3702637547571135e-07,89.69940424759837
26793.479919433594,5.941874045162956e-05,6.726199529939228e-07,89.7025523176504
26936.53106689453,5.3163561145428354e-05,6.018113431357139e-07,89.7106461059288
26941.299438476562,5.053316314806061e-05,5.720352461687127e-07,89.71092597276471
27151.107788085938,7.200229141075735e-05,8.15065709842561e-07,89.72504266581949
27174.949645996094,6.26223688618022e-05,7.088850164113218e-07,89.72683935882083
27179.718017578125,6.599771629975031e-05,7.470939386771682e-07,89.7271864912545
27208.328247070312,8.931631499478329e-05,1.0110604017647763e-06,89.72966305271412
27413.368225097656,7.75678549999735e-05,8.780678719770933e-07,89.74769358608691
27418.136596679688,7.831914833565869e-05,8.86572510148355e-07,89.74811430913945
27422.90496826172,7.672890293433626e-05,8.685709372614803e-07,89.7485327679463
27656.55517578125,0.0001333976963571103,1.5100614986320596e-06,89.7762323786157
27661.32354736328,0.00013680807365173535,1.5486669587641136e-06,89.77696163630839
27666.091918945312,0.0001296278658269195,1.4673870290162626e-06,89.77768071961464
27899.742126464844,0.0002447665145252561,2.7707561662046133e-06,89.82515948670569
27904.510498046875,0.00023483902137161306,2.6583769752692767e-06,89.82645389291501
28128.623962402344,0.001075279164143064,1.2172156719310214e-05,89.95829422200165
28147.69744873047,0.0009159051100994498,1.036804293425729e-05,89.97959266292516
28152.4658203125,0.000944038326133761,1.0686510850317723e-05,89.9846124597221
28395.652770996094,0.002874674023376568,3.254130080475932e-05,90.50393330656343
28400.421142578125,0.0029980868041236406,3.393833309043223e-05,90.5197832864159
28500.55694580078,0.003917249011690003,4.434324635765921e-05,90.88088985022888
28643.60809326172,0.0017941387981455794,2.030964549064515e-05,91.34306018481712
28648.37646484375,0.0018173323975959714,2.057219696268085e-05,91.35280717560589
28886.795043945312,0.00037597467674415144,4.256032145353579e-06,91.5723517165134
28896.331787109375,0.00039000093699051886,4.414809366746758e-06,91.5767015948312
28901.100158691406,0.00039530782231349,4.474883291729849e-06,91.57882106272346
29149.05548095703,0.00023926607835794418,2.708491246278968e-06,91.66641362325994
29153.823852539062,0.0002468990161241214,2.7948960775236e-06,91.66772573304594
29158.592224121094,0.00025936578125500747,2.936019819167856e-06,91.66909208987097
29163.360595703125,0.00026077513234470413,2.95197366902227e-06,91.67049589691219
29382.705688476562,0.00017122980614890418,1.9383208611901135e-06,91.7267359046988
29411.31591796875,0.00019707504288724056,2.2308888588946135e-06,91.73289577241441
29416.08428955078,0.00017792150748880173,2.014070899081868e-06,91.73390784968825
29425.621032714844,0.00019228512862205755,2.1766670446420033e-06,91.73589671644709
29664.039611816406,9.780325846952576e-05,1.1071325749151043e-06,91.77306587026452
29668.807983398438,0.0001051089449418115,1.189832922553362e-06,91.77361350951466
29673.57635498047,0.00010493013118809492,1.1878087514298186e-06,91.7741803834642
29697.418212890625,0.00010685545968883857,1.2096034639367636e-06,91.77697522894015
29902.45819091797,7.28366104919477e-05,8.245101991889655e-07,91.79709569514633
29931.068420410156,7.399553948727568e-05,8.37629271731329e-07,91.79956669503434
29935.836791992188,6.714958762174251e-05,7.601331183798102e-07,91.79994763127314
29993.057250976562,8.182104249745642e-05,9.262139409258308e-07,91.80473142801209
30179.02374267578,6.201828040409757e-05,7.020467369907704e-07,91.8197083482405
30193.328857421875,7.063326387495936e-05,7.995683224900734e-07,91.82080716927634
30198.097229003906,6.96828939731876e-05,7.888101382236645e-07,91.82118586821201
30407.90557861328,5.9883545306349896e-05,6.778815424715363e-07,91.8372606940712
30441.2841796875,7.499704148076473e-05,8.489662711134062e-07,91.83979740663717
30460.357666015625,6.762684182547572e-05,7.655356344486674e-07,91.84135226218899
30465.126037597656,6.751085389259541e-05,7.642226514172394e-07,91.84171698498588
30655.860900878906,7.8198637412243e-05,8.85208326878447e-07,91.85673271030987
30717.849731445312,5.873723421658072e-05,6.649053045799805e-07,91.86151954314458
30732.154846191406,6.63347043238581e-05,7.50908642038634e-07,91.86255738068053
30736.923217773438,6.237402848199818e-05,7.060738041015246e-07,91.86290475236511
30856.13250732422,7.913726641475256e-05,8.958336042025374e-07,91.87155879489379
30932.42645263672,5.305422291493968e-05,6.005736347142168e-07,91.87685206692933
30999.183654785156,5.6211725700518756e-05,6.363165562078705e-07,91.88117538207479
31003.952026367188,5.068054609260748e-05,5.737036206323875e-07,91.88146387336603
31147.003173828125,4.847335744011574e-05,5.487182521038125e-07,91.8901163658484
31251.907348632812,7.656989225403028e-05,8.667709368659822e-07,91.89698958553427
31275.74920654297,5.130661241217901e-05,5.807906893793949e-07,91.89859977767267
31280.517578125,4.833797683646525e-05,5.471857441009239e-07,91.89886870821121
31433.10546875,4.3398290905913094e-05,4.912685150725255e-07,91.9072990584476
31485.557556152344,5.410052102112283e-05,6.124177259495645e-07,91.91021372741346
31552.31475830078,5.326334720488519e-05,6.029409210115012e-07,91.91410572559077
31557.083129882812,5.225290639174403e-05,5.915027342193826e-07,91.91439050314986
31561.851501464844,4.734392348820234e-05,5.359330633591242e-07,91.91465930479075
31757.354736328125,7.07204737318593e-05,8.005555377929019e-07,91.92707728640141
31828.880310058594,6.351161406807427e-05,7.189512693190168e-07,91.93233209455933
31833.648681640625,6.775839965244385e-05,7.67024868631666e-07,91.93268637887873
31838.417053222656,6.33502773359954e-05,7.171249380248451e-07,91.9330402277668
32081.60400390625,0.00010156736188915852,1.1497422136575933e-06,91.95422704726622
32110.214233398438,8.3236746112122e-05,9.422397013426956e-07,91.95704989759972
32114.98260498047,8.106959763819369e-05,9.177075875081532e-07,91.95749334358953
32134.056091308594,8.734088119007834e-05,9.886984973762962e-07,91.95928066152504
32391.54815673828,4.888979025589845e-05,5.534322702544482e-07,91.97714687996114
32396.316528320312,5.013250681034003e-05,5.674998176995798e-07,91.97741413099682
32486.915588378906,5.74056732488815e-05,6.49832038659248e-07,91.98269504695693
32663.345336914062,4.2176733583084703e-05,4.774404900619805e-07,91.99216137743915
32677.650451660156,4.85465862606111e-05,5.495472021189931e-07,91.99289698315098
32682.418823242188,4.755597556835827e-05,5.383334922322817e-07,91.99315635412036
32744.407653808594,4.148823225159356e-05,4.6964665717855176e-07,91.99637848518586
32877.92205810547,5.309171951964418e-05,6.009980961602535e-07,92.00340728971806
32968.52111816406,4.736350604531509e-05,5.361547378433788e-07,92.00826478082782
32973.289489746094,4.5532332644162646e-05,5.154258607644454e-07,92.00851549717996
33011.436462402344,4.301582391051092e-05,4.869389899006051e-07,92.01056918446258
33245.086669921875,5.46541657593118e-05,6.186849826255815e-07,92.0231370927331
33259.39178466797,4.952334862530267e-05,5.606041489817409e-07,92.02396970604647
33264.16015625,5.462110673143855e-05,6.183107545351656e-07,92.02425078126265
33297.53875732422,5.950415417456384e-05,6.735868360659707e-07,92.02637410124753
33364.295959472656,4.683043195303866e-05,5.301203408136885e-07,92.03034310595237
33550.262451171875,5.2888270388080475e-05,5.986950526378073e-07,92.0410808864242
33555.030822753906,5.314163290938348e-05,6.015631155734055e-07,92.04136705027123
33569.3359375,4.870711851650505e-05,5.513644267453093e-07,92.04221728543342
33712.38708496094,6.007340279492684e-05,6.800307286385861e-07,92.05086163053178
33845.90148925781,5.559941036923598e-05,6.293851486045714e-07,92.05916684197405
33850.669860839844,5.3407356125146685e-05,6.045711015309931e-07,92.05946104006986
33898.353576660156,5.187078872173125e-05,5.871771634097594e-07,92.06247819701328
34055.70983886719,8.907638463684427e-05,1.0083443908757514e-06,92.07411097948801
34146.30889892578,6.462139535300355e-05,7.315139899359295e-07,92.08181679442372
34151.07727050781,6.771650911007766e-05,7.665506678252694e-07,92.08217396087083
34227.37121582031,6.755347409211533e-05,7.647051119402963e-07,92.08828938830905
34394.264221191406,8.895570214599313e-05,1.0069782654630196e-06,92.10341653753787
34446.71630859375,8.463264230110073e-05,9.58041241763762e-07,92.10854317663123
34451.48468017578,8.537788614461272e-05,9.66477399702857e-07,92.1090020176312
34461.021423339844,8.34872511204569e-05,9.450754172405803e-07,92.10993456864385
34751.89208984375,0.00013605167443328598,1.5401045220161952e-06,92.1445949913219
34756.66046142578,0.00012845784462401044,1.4541423927193485e-06,92.14530887541679
34813.880920410156,0.0,0.0,92.15315888768644
35057.06787109375,0.00029366973796437134,3.3243405000503655e-06,92.20457949872343
35061.83624267578,0.00027513557900627134,3.1145338795729832e-06,92.20611464600405
35090.44647216797,0.00026552438627445193,3.005735208407031e-06,92.21533772699817
35367.01202392578,0.0010024770022082064,1.134803647767798e-05,92.39742807095224
35371.78039550781,0.001011084794683855,1.1445476661134333e-05,92.40286246796752
35381.317138671875,0.0009334168843568799,1.0566276163173703e-05,92.4131673802103
35572.052001953125,0.0017294223851232252,1.9577055900994275e-05,92.69897993822633
35676.95617675781,0.001286555182360165,1.4563800573787648e-05,92.87915123705704
35681.724548339844,0.0012745322489419858,1.4427701005720098e-05,92.88606334966964
35696.02966308594,0.001284822736375626,1.4544189290750881e-05,92.90647412753225
35967.82684326172,0.0004027530419139579,4.559163153935492e-06,93.11824924014476
35991.668701171875,0.0004146571875953649,4.693918045200461e-06,93.12970378325302
35996.437072753906,0.00041749791979802536,4.72607512470263e-06,93.13194968463972
36034.584045410156,0.00044821513940443577,5.073793952983534e-06,93.14937467073503
36311.14959716797,0.00023453765604978957,2.654965520784409e-06,93.2515370647589
36315.91796875,0.00021546969785906744,2.4391162946909287e-06,93.25275158850718
36339.759826660156,0.00024374188801550183,2.759157397371937e-06,93.25904136085657
36616.32537841797,0.00011341647105214195,1.2838740917089935e-06,93.31190691818256
36630.63049316406,0.00011910814261600657,1.348303795715593e-06,93.31378655334645
36635.398864746094,0.00011133727040776185,1.2603375470253116e-06,93.31440850190877
36649.70397949219,0.00012184995009816693,1.3793410476962268e-06,93.31629276262365
36802.29187011719,8.522212844591725e-05,9.647142230488472e-07,93.3334668982773
36954.87976074219,9.595563009446563e-05,1.0862174275838535e-06,93.34965815424869
36959.64813232422,8.77907324398826e-05,9.937908120938039e-07,93.35015406685773
36988.258361816406,9.095734305772012e-05,1.0296368342196651e-06,93.35301902302753
37150.38299560547,7.116253891972304e-05,8.055597143139981e-07,93.36772345801042
37279.12902832031,7.954774197790218e-05,9.004801862723072e-07,93.3792991867651
37283.897399902344,7.571197567798776e-05,8.57059323952878e-07,93.37971821683783
37331.581115722656,8.056514381818358e-05,9.119971718695212e-07,93.38375359667495
37574.76806640625,5.93609799871417e-05,6.719661047195664e-07,93.40252644740148
37608.14666748047,6.471835361976315e-05,7.326115572073748e-07,93.40488472880449
37612.9150390625,6.212336209503783e-05,7.032362613981129e-07,93.40522706160121
37751.197814941406,6.428624675391701e-05,7.277201088598559e-07,93.41425491623838
37860.870361328125,4.751235955768281e-05,5.378397591301101e-07,93.42093620957266
37937.164306640625,4.9859420300054124e-05,5.644084792714065e-07,93.42536805772698
37941.932678222656,5.246136750332758e-05,5.938625133397181e-07,93.42564421105126
38018.226623535156,5.045093617755764e-05,5.711044371240551e-07,93.43030686031383
38170.814514160156,6.901334503987975e-05,7.812308464274125e-07,93.44030802827668
38275.718688964844,5.954441579480841e-05,6.740425974791298e-07,93.44736413411681
38280.487060546875,6.02281908420782e-05,6.817829288401997e-07,93.4476873881123
38371.08612060547,6.428641604343286e-05,7.27722025216637e-07,93.45390989042494
38385.39123535156,5.237220683191773e-05,5.928532148228399e-07,93.45484263018994
38609.50469970703,5.9655886154443306e-05,6.753044415957831e-07,93.46980248831893
38614.27307128906,5.532852660999147e-05,6.263187453111831e-07,93.47011281946969
38723.94561767578,5.365736057210131e-05,6.074011510756444e-07,93.47743502516575
38905.14373779297,6.978550075208448e-05,7.899716466345446e-07,93.48975782271452
38952.82745361328,6.718145857029142e-05,7.604938974160519e-07,93.49319958304399
38957.59582519531,7.055268754016656e-05,7.986561986364068e-07,93.49357131339451
39000.511169433594,6.169802562700551e-05,6.984214539323203e-07,93.49690698871646
39062.5,8.386387256097274e-05,9.49338770749773e-07,93.50166534071359
39296.15020751953,7.043836478586253e-05,7.973620654211679e-07,93.52057553008123
39300.91857910156,7.112264221013325e-05,8.051080836882911e-07,93.52095758873723
39358.13903808594,7.798812985657302e-05,8.828253820175596e-07,93.52561735979974
39448.73809814453,5.969960786187652e-05,6.757993711849164e-07,93.53296817818601
39644.24133300781,6.591104973076939e-05,7.461128733918556e-07,93.54776583543864
39649.009704589844,7.360722583565133e-05,8.332335624295627e-07,93.54814238097178
39749.1455078125,9.033932360318631e-05,1.0226408559593004e-06,93.5567564345713
39920.806884765625,6.48631668612267e-05,7.342508426403168e-07,93.57101759320794
39992.332458496094,6.95727671598664e-05,7.875635030470104e-07,93.57667273351987
39997.100830078125,6.932979852003941e-05,7.848130988166739e-07,93.57704761731512
40102.00500488281,7.802549695179154e-05,8.832483774166267e-07,93.58545160993317
40335.655212402344,4.710055032133379e-05,5.331780798839634e-07,93.6013198384841
40345.191955566406,5.0819815008522946e-05,5.75280144317753e-07,93.60184995609498
40349.96032714844,5.3817409712059875e-05,6.092129068311082e-07,93.60213236124518
40383.338928222656,4.8282360660195064e-05,5.465561691623739e-07,93.60403730763709
40602.684020996094,6.263173701388218e-05,7.089910638630817e-07,93.61744049622045
40698.05145263672,5.494071852691364e-05,6.21928759043756e-07,93.62354889876123
40702.81982421875,5.7989812529117865e-05,6.564444934542859e-07,93.62385368669564
40755.271911621094,5.217706632794246e-05,5.90644224938278e-07,93.62717228570398
40941.23840332031,6.230156184506557e-05,7.05253482001851e-07,93.63918668454954
41060.447692871094,5.922940729885987e-05,6.70476702306544e-07,93.64731117470524
41065.216064453125,5.788302832931275e-05,6.552356966520064e-07,93.64762724917169
41089.05792236328,5.291972475485048e-05,5.990511159696364e-07,93.64923249780975
41408.538818359375,7.279619904857864e-05,8.240527417785137e-07,93.67213762506842
41422.84393310547,6.778496495532119e-05,7.673255877757745e-07,93.67325912777102
41427.6123046875,6.938556980874111e-05,7.854444296274555e-07,93.67362933699225
41460.99090576172,6.485736879459819e-05,7.341852085445166e-07,93.6761864362859
41780.47180175781,0.00010450923285390226,1.18304418362498e-06,93.70506973213273
41785.240173339844,9.987611605041817e-05,1.130597316140273e-06,93.70562134725165
41790.008544921875,0.00010620450704283265,1.2022346820536438e-06,93.70617753774195
41799.54528808594,0.00010156401692175494,1.1497043486372198e-06,93.70729936930992
42157.17315673828,0.00020440990156134176,2.3139194357646707e-06,93.76267140531894
42161.94152832031,0.00018829266684650155,2.1314723900365154e-06,93.7637312693216
42510.032653808594,0.0006303344932116541,7.135384459043063e-06,93.90225648198202
42529.10614013672,0.0005493540824396423,6.218686466576524e-06,93.91451426275015
42533.87451171875,0.0005677747035733347,6.4272078392426e-06,93.91752927890202
42676.92565917969,0.0007828997992887623,8.862423238763168e-06,94.02676901430407
42896.270751953125,0.000404366551120041,4.577428073018291e-06,94.17609557561748
42901.039123535156,0.0004055482323665084,4.590804700971213e-06,94.17828145264832
42905.80749511719,0.0004167853531327734,4.718008872317543e-06,94.18050084675359
42920.11260986328,0.000455824882099812,5.159936216100447e-06,94.18749989694825
43268.20373535156,0.00015507348604717222,1.7554313690066136e-06,94.28998956476752
43282.508850097656,0.00017130278902906796,1.9391470271615226e-06,94.29285715478869
43287.27722167969,0.0001838452128636929,2.08112722509155e-06,94.29381566286351
43640.13671875,6.565952447464163e-05,7.432656082921997e-07,94.33861617811922
43663.978576660156,6.660129086878741e-05,7.53926400879637e-07,94.34048950070616
43668.74694824219,6.863929288778152e-05,7.769965772549382e-07,94.34085450118732
43678.28369140625,7.325904384017517e-05,8.292921433477975e-07,94.34162073510106
43978.69110107422,4.728407108021327e-05,5.352555342909852e-07,94.36178248097654
44045.448303222656,4.8236074165970535e-05,5.460322061949175e-07,94.36567001148931
44050.21667480469,4.9012319770901115e-05,5.548193039747026e-07,94.36593247494216
44264.793395996094,5.731602122640348e-05,6.488171780498405e-07,94.37820396125164
44364.92919921875,4.2413975791705076e-05,4.801260711092649e-07,94.38384576666056
44436.45477294922,4.383279829969522e-05,4.961871373886475e-07,94.38749015001726
44441.22314453125,4.5243616934608014e-05,5.121575998502422e-07,94.38773055813675
44488.90686035156,4.548090390087482e-05,5.14843687553942e-07,94.39005120808913
44798.851013183594,3.234677241003863e-05,3.6616536083690434e-07,94.4039065113784
44827.46124267578,3.550148742187394e-05,4.0187672474064214e-07,94.40505688048005
44832.22961425781,3.556833666655169e-05,4.026334579778509e-07,94.40524869065467
44846.534729003906,3.069725972715661e-05,3.474928825112122e-07,94.40580297038849
45056.34307861328,4.14800000985287e-05,4.695534692320312e-07,94.41390623885994
45223.236083984375,3.813270845963039e-05,4.3166213852222674e-07,94.4207508970488
45228.004455566406,3.779627180001611e-05,4.278536766050744e-07,94.42095582158817
45266.151428222656,3.6468247513322044e-05,4.128204459020757e-07,94.42266201232938
45475.95977783203,5.8527020849291285e-05,6.625256899306256e-07,94.43393122005816
45619.01092529297,5.0642321533133635e-05,5.732709187406764e-07,94.44171778588961
45623.779296875,5.09911163477679e-05,5.77219274933363e-07,94.44199208412687
45652.38952636719,4.434856790759052e-05,5.020256477101619e-07,94.44355600672534
45981.407165527344,7.085284727061667e-05,8.020540058307612e-07,94.46473256836633
46024.322509765625,6.453591702694263e-05,7.305463755566934e-07,94.46796126838906
46029.090881347656,7.719376321812999e-05,8.738331541960284e-07,94.46834378227688
46062.469482421875,6.843748429631858e-05,7.747121046412167e-07,94.47110936863176
46114.92156982422,9.420269455349254e-05,1.0663742028333975e-06,94.47568380644299
46429.63409423828,7.567853095141535e-05,8.56680729754414e-07,94.50378259892761
46434.40246582031,6.750276332433117e-05,7.641310662102117e-07,94.50416903057301
46496.39129638672,7.815130492800227e-05,8.846725233073329e-07,94.50889281316742
46834.94567871094,5.0730825789398177e-05,5.742727866401967e-07,94.53279235526752
46839.71405029297,5.155012899238116e-05,5.83547296293036e-07,94.53306840108655
46844.482421875,5.599467803703261e-05,6.338595773472981e-07,94.53335865350356
46873.09265136719,7.74606721982896e-05,8.768545630028133e-07,94.5350863115966
47245.025634765625,3.657748246011471e-05,4.1405698515246234e-07,94.55357915950778
47249.794006347656,3.7546801142088456e-05,4.2502966955051123e-07,94.55377921335572
47254.56237792969,3.6034297769388995e-05,4.079081361804722e-07,94.55397780120386
47450.06561279297,3.2504244162402616e-05,3.6794794057299217e-07,94.56200462004301
47492.98095703125,4.582927810831264e-05,5.187872824745021e-07,94.56379505349173
47669.410705566406,3.930224951282711e-05,4.44901339525924e-07,94.57123488076789
47674.17907714844,3.850809748500816e-05,4.3591154109597494e-07,94.57144488292334
47683.7158203125,3.507256093557483e-05,3.9702127827948373e-07,94.57184307779355
47912.59765625,5.272981109204093e-05,5.969012939104521e-07,94.58257663536428
48089.027404785156,4.66512529255649e-05,5.280920347923752e-07,94.59151939305347
48093.79577636719,4.626038563198013e-05,5.23667418271736e-07,94.59177015204784
48122.406005859375,4.3289099188734935e-05,4.900324651812376e-07,94.59327858900738
48251.15203857422,6.83351953604685e-05,7.735541942126157e-07,94.6010276029048
48513.41247558594,5.2270087826389464e-05,5.916972280049416e-07,94.6166101866251
48518.18084716797,5.03594862806487e-05,5.700692245818057e-07,94.61688717333197
48551.55944824219,4.733012519810216e-05,5.35776866759061e-07,94.6188307295123
48942.56591796875,7.781169498183504e-05,8.808281397964905e-07,94.64617833968789
48947.33428955078,8.168843335928022e-05,9.247128059032995e-07,94.64660881419468
48966.407775878906,7.309677684845768e-05,8.274552815174742e-07,94.64826044351615
49366.95098876953,0.00018937341993814302,2.1437065115977036e-06,94.70332455964777
49371.71936035156,0.0001848285852248858,2.092258997093677e-06,94.70433449252549
49376.487731933594,0.0001826781484287171,2.0679160593982394e-06,94.70532635555126
49695.96862792969,0.0004580826647359716,5.185494308363281e-06,94.81063535303538
49810.40954589844,0.00043430425444251886,4.916322779443506e-06,94.8650305700494
49815.17791748047,0.0004029497628208222,4.561390033975732e-06,94.86729023287151
49943.92395019531,0.0004374841731191024,4.9523194487520605e-06,94.92608121573952
50249.09973144531,0.00020459148347803466,2.315974942484305e-06,95.02665390974218
50253.868103027344,0.00022366693037653048,2.5319089407259734e-06,95.02780973532926
50263.404846191406,0.00022409776718393244,2.536786012015942e-06,95.03021605184256
50683.021545410156,9.190234246314114e-05,1.040334224484459e-06,95.0999557483541
50692.55828857422,0.00010221240748095026,1.1570441277057898e-06,95.10100161348998
50697.32666015625,9.814661666651918e-05,1.1110193886133817e-06,95.10154236197087
50711.631774902344,0.00010539858982610947,1.1931117017227055e-06,95.10315542746834
50854.68292236328,7.909620681134512e-05,8.953688096225119e-07,95.11809896167296
51136.016845703125,8.594896926856498e-05,9.729420588502702e-07,95.1465932815255
51140.785217285156,8.238921013075659e-05,9.32645596728332e-07,95.14704760902669
51145.55358886719,8.924839596862799e-05,1.0102915586046428e-06,95.14751084134255
51469.80285644531,5.3161852507371176e-05,6.017920013583392e-07,95.17241002606086
51589.012145996094,5.951703516692651e-05,6.737326488585619e-07,95.18042075380015
51593.780517578125,5.56806148703142e-05,6.303043832985918e-07,95.18073166045646
51627.159118652344,5.86691468112175e-05,6.641345553677489e-07,95.18277252503803
52042.00744628906,4.0929355366791434e-05,4.6332017261950914e-07,95.20507663378679
52046.775817871094,4.14023370409713e-05,4.6867432366740673e-07,95.20529883859032
52161.216735839844,3.923814402240738e-05,4.4417566557819247e-07,95.21095630221748
52366.25671386719,5.2763063024064194e-05,5.972777056752327e-07,95.22130285845726
52504.539489746094,4.639439988403328e-05,5.251844591788869e-07,95.22849153386457
52509.307861328125,4.732017248529668e-05,5.356642020817471e-07,95.22874445989503
52514.076232910156,4.5353359794031405e-05,5.133998886699938e-07,95.22899457626494
52947.998046875,7.772748328158483e-05,8.798748636174044e-07,95.25708296159057
52967.071533203125,7.114442238700347e-05,8.053546352212132e-07,95.25861701086912
52971.839904785156,7.709525165662094e-05,8.727180036329579e-07,95.2590170945633
52981.37664794922,6.777099267333947e-05,7.671674215881655e-07,95.25981284839732
53329.4677734375,0.00011088220756173829,1.2551862370551715e-06,95.29452107471809
53434.37194824219,0.00010267230640879879,1.1622501821068125e-06,95.30635935724487
53439.14031982422,0.00010426288016827164,1.1802554720069059e-06,95.30691785411446
53544.044494628906,0.00010428459817032114,1.1805013197210552e-06,95.31855648800796
53896.90399169922,6.691581700196922e-05,7.57486835707237e-07,95.35091261009363
53901.67236328125,7.169313285084065e-05,8.115660359272561e-07,95.35128670144981
53906.44073486328,6.921602973836624e-05,7.83525236569855e-07,95.35166700084453
53935.05096435547,7.492921733982272e-05,8.481985020535856e-07,95.3540047831241
54349.89929199219,4.306256137236342e-05,4.874680578201761e-07,95.3805365186448
54378.509521484375,4.580174128889748e-05,5.184755657662742e-07,95.38206856132928
54383.277893066406,4.698849847111299e-05,5.319096532957264e-07,95.38231899268071
54569.244384765625,3.7065339763614106e-05,4.195795282769608e-07,95.39147898440059
54688.453674316406,7.095381150322044e-05,8.031969206228257e-07,95.39733326764514
54860.11505126953,3.986304641688586e-05,4.51249558696847e-07,95.40533018827617
54864.88342285156,3.962407262310097e-05,4.4854437611100574e-07,95.4055447158676
54907.798767089844,3.632292042582704e-05,4.111753437336915e-07,95.40749045805956
55222.511291503906,4.499246797847251e-05,5.093145944653022e-07,95.42167746074973
55341.72058105469,3.9057126768793944e-05,4.4212655084282243e-07,95.42718002751798
55346.48895263672,3.986593632309782e-05,4.5128227242597815e-07,95.42739303278017
55503.84521484375,3.628838298119878e-05,4.107843799703094e-07,95.4344514757614
55632.591247558594,4.7649785901959894e-05,5.393954249103874e-07,95.44045288201039
55832.862854003906,4.500887826106931e-05,5.095003588121225e-07,95.45011163474919
55837.63122558594,4.6837622671134474e-05,5.302017397196707e-07,95.45035951904622
55875.77819824219,4.188022102026313e-05,4.740839687935852e-07,95.45229221963119
56324.005126953125,7.93322045069259e-05,8.980403027861449e-07,95.48114750513949
56328.773498535156,8.037029343097442e-05,9.097914661058292e-07,95.48157852582108
56333.54187011719,7.32580394228087e-05,8.292807733464025e-07,95.48199315295336
56791.30554199219,0.00017566873763047002,1.9885695514481076e-06,95.53963949968943
56819.915771484375,0.00017115234002871047,1.93744394495582e-06,95.5447166603901
56824.684143066406,0.00017455205115055785,1.9759286640459433e-06,95.54564968112703
56829.45251464844,0.0001810874001433158,2.049908793865191e-06,95.54660951557345
57277.679443359375,0.00010319105338920359,1.1681223962756682e-06,95.6238796018174
57320.594787597656,0.00011344888981810578,1.2842410720366304e-06,95.62951410546451
57325.36315917969,0.00011705733406623357,1.3250886494525926e-06,95.63013621814912
57334.89990234375,0.00012132328041329045,1.3733791485379413e-06,95.63139085869379
57821.27380371094,6.124296468301393e-05,6.932701654931761e-07,95.67794083055244
57826.04217529297,6.201050896403561e-05,7.01958764313978e-07,95.6782734790514
57830.810546875,6.18721679426679e-05,7.003927443919429e-07,95.67860782570551
57840.34729003906,6.419751298058388e-05,7.267156428278489e-07,95.67929443760987
58240.89050292969,4.171933470917743e-05,4.72262736263624e-07,95.70355043287351
58336.25793457031,4.5769893262143075e-05,5.181150462046733e-07,95.70846232469593
58341.026306152344,4.292681873468471e-05,4.859314515932393e-07,95.70870170803529
58455.467224121094,5.440634323654506e-05,6.158796324557997e-07,95.71438985160826
58689.117431640625,3.555666914375535e-05,4.025013816568925e-07,95.72520181127372
58851.24206542969,4.108877657851131e-05,4.651248202293074e-07,95.73268038853257
58856.01043701172,4.389735311103437e-05,4.969178976477583e-07,95.7329097573904
58865.54718017578,4.573244357849734e-05,5.176911159048727e-07,95.73339476246264
59103.965759277344,3.6285557102127866e-05,4.107523910282114e-07,95.74419864924694
59370.994567871094,3.904044862752961e-05,4.4193775433673737e-07,95.75626892258427
59375.762939453125,4.04327043511143e-05,4.5769808470111777e-07,95.75648341248272
59385.29968261719,3.849126890829723e-05,4.357210416611127e-07,95.75691959982866
59671.40197753906,5.80157383712863e-05,6.567379739052028e-07,95.77097746873724
59895.51544189453,4.91029877778224e-05,5.558456655247778e-07,95.78278224301931
59900.28381347656,4.941773556780879e-05,5.594086095067009e-07,95.7830481403589
59924.12567138672,4.8516736435850304e-05,5.492093021976067e-07,95.78439658476167
60386.65771484375,8.494059656212721e-05,9.615272830194585e-07,95.8182811471737
60420.03631591797,8.234387693708073e-05,9.321324251200555e-07,95.82129049703342
60424.8046875,8.181149988641199e-05,9.261059185991481e-07,95.82173353557894
60644.14978027344,8.987301049748961e-05,1.0173621930854298e-06,95.84148280059162
60911.17858886719,5.458890095541609e-05,6.179461852529879e-07,95.86282778798956
60954.09393310547,6.064233091911811e-05,6.864709931955565e-07,95.86578120165092
60958.8623046875,6.535774267225395e-05,7.398494392486694e-07,95.86612126294177
61459.54132080078,4.1036435491224975e-05,4.6453231928764163e-07,95.89568032715275
61492.919921875,4.270211452184729e-05,4.83387800618354e-07,95.8973571280609
61497.68829345703,4.497370957763063e-05,5.091022494274135e-07,95.8975937561284
61554.908752441406,4.6797228226771384e-05,5.297444747379124e-07,95.9003649074898
62017.44079589844,3.324288610490122e-05,3.7630936501360603e-07,95.92087733396971
62031.74591064453,3.607226344484102e-05,4.083379075058794e-07,95.92143131172415
62036.51428222656,3.6036479479449714e-05,4.079328331314229e-07,95.92162592583429
62136.65008544922,3.127406518652493e-05,3.540223184773412e-07,95.92572612078311
62499.046325683594,8.197665307143173e-05,9.279754521284764e-07,95.9413556346232
62580.108642578125,3.9984675997230613e-05,4.5262640515963525e-07,95.94533924568906
62584.877014160156,3.976519385561611e-05,4.5014186801439017e-07,95.945554482418
62694.549560546875,3.578448708560784e-05,4.050802800343285e-07,95.95034204294181
62961.578369140625,4.467661924466635e-05,5.057391878028397e-07,95.96218934172505
63133.23974609375,4.273930486053271e-05,4.838087951340283e-07,95.97026762339132
63138.00811767578,4.115199228699878e-05,4.6584042184839475e-07,95.97049403740829
63171.38671875,4.017438214674763e-05,4.547738781690079e-07,95.97208418050073
63667.29736328125,6.875878117210639e-05,7.783491842535895e-07,96.00043417162867
63691.139221191406,6.751871104509429e-05,7.643115943585453e-07,96.00224644373525
63695.90759277344,6.960293661361128e-05,7.879050211674803e-07,96.00261652101516
63724.517822265625,6.554298027544495e-05,7.419463283278391e-07,96.00488791240535
63986.778259277344,0.0001034473660932629,1.1710238552706877e-06,96.0304083041925
64253.807067871094,9.383181473510903e-05,1.0621758444684876e-06,96.05852070674223
64258.575439453125,9.223262388610634e-05,1.044073009142314e-06,96.05902287560116
64282.41729736328,0.00010052607223061993,1.137954818033658e-06,96.06147871062264
64797.401428222656,5.7463242559842866e-05,6.504837230762924e-07,96.10664627614278
64816.47491455078,6.308121247331202e-05,7.140791246347457e-07,96.1079563175047
64821.24328613281,5.689413958211342e-05,6.440414791778258e-07,96.1082801186893
64883.23211669922,6.823801818523796e-05,7.724541488979753e-07,96.11263438851586
65388.67950439453,4.485230455100431e-05,5.077279449120039e-07,96.14361751670563
65393.44787597656,4.239828075809947e-05,4.799484033787509e-07,96.1438529970972
65703.3920288086,3.56997406060422e-05,4.041209501550921e-07,96.15883159176789
65760.61248779297,5.2897509682942104e-05,5.987996414262652e-07,96.16146739425972
65965.65246582031,3.9632254206683e-05,4.4863699161114143e-07,96.17072171495309
65970.42083740234,3.988724795144405e-05,4.5152351999109834e-07,96.17093632994323
66285.1333618164,4.3958239412831474e-05,4.97607130390517e-07,96.18502697537899
66437.7212524414,3.433355662633943e-05,3.8865575184856135e-07,96.19156986329627
66547.39379882812,3.912979207860895e-05,4.4294912191889307e-07,96.19631186398465
66552.16217041016,4.0277496302250904e-05,4.5594113008145933e-07,96.19652617612128
66576.00402832031,3.4837995750885e-05,3.943660011345816e-07,96.19756625828303
66981.31561279297,4.87951258446375e-05,5.523606694199543e-07,96.21555942146459
67133.90350341797,4.585628946246567e-05,5.190930509176333e-07,96.22295118654893
67138.671875,4.548892874927679e-05,5.149345288123377e-07,96.22319771793524
67148.20861816406,4.080110045870389e-05,4.618683274677373e-07,96.2236520882345
67396.16394042969,5.9484967836139894e-05,6.733696467760136e-07,96.23729200116409
67725.18157958984,5.3068113281713905e-05,6.007308736219374e-07,96.25716871298617
67729.94995117188,5.318933400183533e-05,6.021030917882976e-07,96.2574554909511
68044.66247558594,6.0201703903445645e-05,6.814830967790929e-07,96.27603121307025
68235.39733886719,4.156310774015805e-05,4.7049424747103944e-07,96.28735471696587
68325.99639892578,4.913355948970242e-05,5.561917372060586e-07,96.29204156338311
68330.76477050781,4.6697210899577794e-05,5.286122789120804e-07,96.29230020081525
68430.90057373047,5.046376469662804e-05,5.712496559191444e-07,96.29739142290114
68783.76007080078,3.552518982242258e-05,4.021450358394923e-07,96.31424761868476
68926.81121826172,4.346077598843439e-05,4.919758460079988e-07,96.32052163976621
68931.57958984375,4.1411854566134714e-05,4.6878206202199613e-07,96.3207507023015
69212.9135131836,3.3824359146457664e-05,3.8289163799526437e-07,96.332859616528
69413.1851196289,4.926807094009375e-05,5.577144063968169e-07,96.34153731555679
69537.16278076172,3.921362317414539e-05,4.4389808965382934e-07,96.34724575214616
69541.93115234375,3.929419118505733e-05,4.4481011928119104e-07,96.34745763669457
69642.0669555664,0.0,0.0,96.35152369768946
70118.90411376953,5.839594518404685e-05,6.610419138168063e-07,96.37759021655633
70147.51434326172,5.244902016203841e-05,5.937227414755824e-07,96.37935210087821
70152.28271484375,5.548063278441565e-05,6.280405867220519e-07,96.37964339195491
70180.89294433594,5.1758925233481154e-05,5.85910869078432e-07,96.38143336084342
70748.32916259766,0.00011671328076992787,1.3211939672323102e-06,96.43089740766356
70767.40264892578,0.00010922744058426585,1.2364542801314213e-06,96.43325074041404
70772.17102050781,0.00010828267848901076,1.2257595762169515e-06,96.43383777794313
70815.0863647461,0.0001041415828260358,1.1788823864784543e-06,96.43910839205955
71353.91235351562,0.0001773368151015553,2.0074521831172346e-06,96.52643767701996
71392.05932617188,0.0001319110821715728,1.4932330307783808e-06,96.53311527813068
71396.8276977539,0.00016157796320136433,1.8290620297114511e-06,96.53390737499836
71458.81652832031,0.00017071271104740276,1.9324673462851922e-06,96.54477063730609
72002.41088867188,7.435068338646006e-05,8.416494995409362e-07,96.61409004241659
72021.484375,7.890910964980224e-05,8.932508703487114e-07,96.61572348149528
72026.25274658203,8.361332477354692e-05,9.465025705927153e-07,96.61616211289659
72031.02111816406,8.789881563239657e-05,9.950143134894177e-07,96.61662500659338
72655.67779541016,4.611721107614569e-05,5.220466827549056e-07,96.66184098002432
72660.44616699219,4.622601336788966e-05,5.232783243515166e-07,96.66209020492721
73065.75775146484,5.938112577153217e-05,6.721941549348141e-07,96.68279065982492
73289.87121582031,3.5035321585957874e-05,3.965997289602202e-07,96.69301581189352
73294.63958740234,3.642123163074081e-05,4.122882262607404e-07,96.69320866581045
73299.40795898438,3.794049726673696e-05,4.2948630842979777e-07,96.69340936049893
73304.1763305664,3.571372086876389e-05,4.042792066846521e-07,96.69360814568834
73699.951171875,4.44296213573423e-05,5.029431725036473e-07,96.71146754945997
73943.1381225586,3.963953832727535e-05,4.487194478330874e-07,96.72264031970809
73947.90649414062,4.022055037357657e-05,4.5529650234992225e-07,96.72285585390641
74234.0087890625,3.141211269770864e-05,3.555850158650265e-07,96.7349752910942
74281.69250488281,5.1194091180928217e-05,5.795169493993907e-07,96.73695496942368
74596.40502929688,3.7591101123556794e-05,4.255311451998835e-07,96.74990165488502
74601.1734008789,3.7788810858488547e-05,4.2776921877070405e-07,96.75010509754536
74653.62548828125,4.201300248265568e-05,4.755870545256977e-07,96.75230804460185
75206.75659179688,2.9780191973685805e-05,3.3711167845768767e-07,96.77410092841544
75254.44030761719,3.4083864701093686e-05,3.8582924004866093e-07,96.7758470629403
75259.20867919922,3.118646779371206e-05,3.530307162692105e-07,96.77602322088124
75502.39562988281,4.456189823015403e-05,5.044405462833091e-07,96.78484701423912
75588.22631835938,2.6281461571447978e-05,2.9750606142837085e-07,96.78790765328333
75917.24395751953,3.269141140795169e-05,3.7006667319751996e-07,96.79966817174308
75922.01232910156,3.447865078336731e-05,3.9029821724479833e-07,96.79984945685986
76060.29510498047,2.8019251320060558e-05,3.1717783585746105e-07,96.80486568024148
76527.59552001953,3.635930597612787e-05,4.1158722804741113e-07,96.82212948828777
76584.8159790039,3.274749060410577e-05,3.7070148951968357e-07,96.82437732377916
76589.58435058594,3.270895359760773e-05,3.7026525072865196e-07,96.82455398401653
76594.35272216797,3.220767890837637e-05,3.6459082284032744e-07,96.82472918735743
76718.33038330078,4.9355943114505983e-05,5.587091191317788e-07,96.82977329401224
77261.92474365234,4.408410853668162e-05,4.990319684723069e-07,96.85459554642847
77266.69311523438,4.429592935592505e-05,5.014297794726701e-07,96.85483407509686
77352.52380371094,4.419548069143852e-05,5.002927009100535e-07,96.8593211593128
77939.03350830078,8.439370995748908e-05,9.5533652839375e-07,96.89861645430365
77943.80187988281,7.580538115849436e-05,8.581166736952352e-07,96.89904881523937
77948.57025146484,7.611946783795908e-05,8.616721339081551e-07,96.89945884484324
77962.87536621094,6.89940356335476e-05,7.810122640091257e-07,96.90064068399472
78125.0,0.00011996781086228499,1.3580352375301984e-06,96.91550737045979
78630.44738769531,8.111928285721807e-05,9.182700240295378e-07,96.9672956479166
78635.21575927734,7.743262569312078e-05,8.765370766534744e-07,96.96772356327531
78687.66784667969,9.024658833798086e-05,1.0215910930520212e-06,96.9726197743048
79250.33569335938,4.980504872565586e-05,5.637929932220896e-07,97.0131722947537
79321.86126708984,5.275745238855774e-05,5.972141932991384e-07,97.01755579016285
79326.62963867188,5.329816535594091e-05,6.033350623707496e-07,97.01784202341052
79398.15521240234,6.076620403568499e-05,6.87873236481246e-07,97.02218040035558
79936.98120117188,3.065917493998498e-05,3.4706176284151773e-07,97.04935729585983
80022.81188964844,3.4657315878037096e-05,3.9232070554840473e-07,97.05264217490314
80027.58026123047,3.234656391830724e-05,3.661630007111679e-07,97.05282301151067
80370.90301513672,4.361923208468802e-05,4.937695685137876e-07,97.06432367691158
80575.94299316406,2.424136225197769e-05,2.744121436183476e-07,97.0706036770699
80728.53088378906,2.683045910206301e-05,3.037207117294264e-07,97.07511651019024
80733.2992553711,2.695960618806144e-05,3.051826563323128e-07,97.07526168406606
80795.2880859375,3.076155376459944e-05,3.4822069081064573e-07,97.0771396754355
81057.54852294922,2.1343438534873456e-05,2.4160765635451217e-07,97.08468906220808
81439.01824951172,2.4338432329965545e-05,2.7551097659254127e-07,97.09518894401667
81443.78662109375,2.5020725190917266e-05,2.832345296092032e-07,97.09532215932633
81572.5326538086,2.210420429288876e-05,2.502195223164337e-07,97.09881661166784
81591.60614013672,3.55927743590548e-05,4.029100925792878e-07,97.0993817450154
82159.04235839844,2.592483061427588e-05,2.934690001270707e-07,97.115873092425
82163.81072998047,2.6406354271177553e-05,2.9891984639222036e-07,97.11601432893207
82807.54089355469,3.429298904476465e-05,3.8819652695411723e-07,97.13405039692363
82879.06646728516,2.095269008842284e-05,2.3718438518305375e-07,97.13604006189348
82883.83483886719,2.3799224530026204e-05,2.6940714601160864e-07,97.13616084272654
82888.60321044922,2.2639310972469307e-05,2.5627692822794407e-07,97.13628617557656
83165.16876220703,2.812985190275154e-05,3.1842983410187467e-07,97.14405332656865
83508.49151611328,2.1511858855350284e-05,2.4351417384682694e-07,97.15385010663634
83613.39569091797,2.3653651058881054e-05,2.6775925478108815e-07,97.15681347609545
83618.1640625,2.2985439882547807e-05,2.601951063895354e-07,97.15693935022408
84338.18817138672,3.7732379520006876e-05,4.2713041619851177e-07,97.18004317139408
84352.49328613281,3.690612498218091e-05,4.177772174573514e-07,97.18062496068787
84357.26165771484,3.739740101730043e-05,4.2333846061292e-07,97.1808254982927
84438.32397460938,3.429099330300298e-05,3.8817393516372045e-07,97.18425711085904
85058.21228027344,6.536663769729133e-05,7.399501309038113e-07,97.21655501750163
85096.35925292969,6.21540823155957e-05,7.035840141971547e-07,97.21912094973946
85101.12762451172,6.20822333206789e-05,7.027706838031366e-07,97.21945625082829
85144.04296875,5.6524614616285474e-05,6.398584577395371e-07,97.2223087545924
85244.17877197266,8.13109789185797e-05,9.204400228346646e-07,97.22959755839071
85844.9935913086,6.37078739284082e-05,7.211729303139998e-07,97.27766754693158
85849.76196289062,6.82141082499798e-05,7.721834885068732e-07,97.27802359084706
85935.59265136719,9.602135373022173e-05,1.086961418931648e-06,97.28429919178174
86536.40747070312,3.9188144634365816e-05,4.4360967266453214e-07,97.31980085496872
86603.16467285156,4.2719601410682616e-05,4.835857521443713e-07,97.32297695195875
86607.9330444336,4.204309099410172e-05,4.759276563796022e-07,97.32320571778223
86727.14233398438,4.405023917366966e-05,4.986485673906971e-07,97.32846721005049
87366.10412597656,2.6649924532282215e-05,3.0167706097350726e-07,97.35232128437784
87370.8724975586,2.834778871383373e-05,3.2089687811040733e-07,97.35246971757178
87680.81665039062,3.7435389220152924e-05,4.237684869484289e-07,97.36233549621399
87871.55151367188,2.2968240383041852e-05,2.6000040810981284e-07,97.36824901955639
88138.58032226562,2.728659783668614e-05,3.0888420075509296e-07,97.37662661054283
88143.34869384766,2.911259554489349e-05,3.2955448900634376e-07,97.37677882618809
88429.45098876953,2.2853836981193733e-05,2.5870536196463127e-07,97.38544989382517
88896.7514038086,3.490160939448245e-05,3.9508610737784873e-07,97.39950018286196
88915.82489013672,2.8992314937242974e-05,3.281929129101653e-07,97.40013296533697
88920.59326171875,2.6104422263823242e-05,2.9550197702894533e-07,97.40028166578641
89211.46392822266,3.0027507453610103e-05,3.3991128890410517e-07,97.40919470392068
89631.0806274414,2.4034978922904852e-05,2.7207588498942716e-07,97.4221131091228
89697.83782958984,2.652914116250233e-05,3.0030979361162286e-07,97.424133104802
89702.60620117188,2.827879095614699e-05,3.201158237127679e-07,97.42428102579612
89974.40338134766,2.3763964924484762e-05,2.690080073889854e-07,97.43237755252174
90112.68615722656,3.235999039248708e-05,3.6631498835619503e-07,97.43656172988682
90489.38751220703,2.966911672237725e-05,3.358543069660323e-07,97.44838444530866
90494.15588378906,3.175322091609796e-05,3.594463598126594e-07,97.44855021790568
90827.94189453125,2.705996724406104e-05,3.0631874316713596e-07,97.45997357497504
91271.40045166016,3.9227106263099864e-05,4.4405071817792527e-07,97.47670287871425
91285.70556640625,3.7436953510332186e-05,4.237861947082846e-07,97.47731469824386
91290.47393798828,3.628448468707792e-05,4.107402512932557e-07,97.47751366485335
91300.01068115234,3.573807919958697e-05,4.0455494291212345e-07,97.47790436148715
92058.18176269531,5.877070474112569e-05,6.652841908114119e-07,97.51779725855594
92091.56036376953,5.397060650643872e-05,6.109470940563962e-07,97.51989539897716
92096.32873535156,5.7305016565009334e-05,6.486926053178474e-07,97.52019572048447
92105.86547851562,5.1897367686515805e-05,5.874780372066144e-07,97.52081916305328
92549.32403564453,8.301160376567337e-05,9.396910906967246e-07,97.55325872720967
92902.18353271484,6.262820064497082e-05,7.089510321782488e-07,97.58047686907932
92906.95190429688,6.311036300477268e-05,7.144091085581979e-07,97.58081622458162
93045.23468017578,6.926762831660236e-05,7.841093323114332e-07,97.5906181316606
93712.80670166016,3.545754311337271e-05,4.013792753081267e-07,97.6274375204347
93722.34344482422,3.790320324996286e-05,4.290641402784891e-07,97.62783684554005
93727.11181640625,3.839842943796553e-05,4.346700991521357e-07,97.62804277583014
93750.9536743164,7.035782058404553e-05,7.964503053126851e-07,97.62928873394539
94542.5033569336,2.3220870700837715e-05,2.628601825040382e-07,97.65704049458995
94552.04010009766,2.5588565942791457e-05,2.896624851150015e-07,97.65731579799416
94556.80847167969,2.4130673464188772e-05,2.7315914689250577e-07,97.65744998512795
94985.9619140625,3.1207538182242486e-05,3.5326923300038276e-07,97.66869411279927
95067.02423095703,1.9722705528677827e-05,2.2326096387740654e-07,97.67079868655708
95381.7367553711,2.3703843987193033e-05,2.683274385699942e-07,97.67862780362407
95386.50512695312,2.323394414761586e-05,2.630081738800005e-07,97.67875448390582
96182.82318115234,1.9038346359931522e-05,2.1551402026307965e-07,97.69805268841232
96206.6650390625,2.9974210739452593e-05,3.39307970269296e-07,97.69869196801326
96225.73852539062,2.3389727570220186e-05,2.647716417285769e-07,97.69918153685074
96230.50689697266,2.0650185702221487e-05,2.3376003649305004e-07,97.6993003960651
96616.74499511719,2.3853617501638642e-05,2.7002287427732206e-07,97.70856242673592
96969.6044921875,1.9107970237048498e-05,2.1630216233067862e-07,97.71700861408198
97074.50866699219,1.9581371718634834e-05,2.2166106559708272e-07,97.71944353672318
97079.27703857422,1.777195494606501e-05,2.0117847348453056e-07,97.71954434952528
97422.59979248047,2.7382777496910678e-05,3.0997295420303696e-07,97.72726769121955
97470.28350830078,1.763016749389405e-05,1.995734399767605e-07,97.72839710597326
97928.04718017578,2.0255836414791914e-05,2.292960038131585e-07,97.73909242799945
97932.81555175781,2.010090041197114e-05,2.275421287538376e-07,97.7392013466979
97961.42578125,1.9675919911475466e-05,2.2273135083942803e-07,97.73986260165704
98638.53454589844,3.341269490650288e-05,3.782316001078394e-07,97.75716288451073
98791.12243652344,2.6972506808959297e-05,3.0532869131985977e-07,97.76164004921706
98795.89080810547,2.8245754274733077e-05,3.1974184858420065e-07,97.76178907764702
98819.73266601562,2.619482623347617e-05,2.9652534967798215e-07,97.76252752531119
99568.36700439453,3.9551813852255914e-05,4.477264070547824e-07,97.78937229105492
99663.73443603516,3.238458964355601e-05,3.665934518000833e-07,97.79317483151675
99668.50280761719,3.528772039397563e-05,3.9945688266449345e-07,97.79335747214901
99854.4692993164,4.810308275486418e-05,5.445267438440323e-07,97.80072766520622
100541.1148071289,2.5744615859775035e-05,2.914289696791037e-07,97.825810570268
100545.88317871094,2.6828189858788567e-05,3.0369502390277465e-07,97.82595245888494
100550.65155029297,2.724522763027899e-05,3.0841589015009823e-07,97.82609839749932
101075.1724243164,3.6167836837200014e-05,4.0941979800351305e-07,97.84038358664667
101337.43286132812,1.8910104560071752e-05,2.140623234964046e-07,97.84673702770915
101428.03192138672,1.9759132414081027e-05,2.2367331610435356e-07,97.84884225080968
101432.80029296875,2.073969594666564e-05,2.3477329217556506e-07,97.84895155299861
101561.5463256836,5.2290339880473296e-05,5.919264811927803e-07,97.85209248093032
102200.50811767578,1.5201276255614488e-05,1.7207839888195813e-07,97.86511576135274
102324.4857788086,1.763919275800613e-05,1.996756059378139e-07,97.86759860918065
102329.25415039062,1.8208108488672086e-05,2.0611573020011716e-07,97.86769535737443
102801.32293701172,2.0086962707093545e-05,2.2738435397893737e-07,97.8770452190882
102853.77502441406,1.5444917478540928e-05,1.7483641675084195e-07,97.87806413597369
103225.7080078125,1.6213761569418607e-05,1.83539729415081e-07,97.88537829930782
103230.47637939453,1.6791631255050896e-05,1.900812124191345e-07,97.88546737748189
103511.81030273438,2.6474771494379216e-05,2.9969432914133453e-07,97.89109559377395
103740.69213867188,1.3282007424760892e-05,1.503522818189021e-07,97.8956842407155
104136.46697998047,1.6427077742374736e-05,1.8595446781471766e-07,97.9037583281084
104141.2353515625,1.7010035733904064e-05,1.925535504253477e-07,97.90384857145227
104455.94787597656,1.1799024321451627e-05,1.3356491780450208e-07,97.90964677814286
104727.74505615234,2.416654538817685e-05,2.73565216957998e-07,97.91463185574497
105056.7626953125,1.8394430686805386e-05,2.0822489689058523e-07,97.92093334408307
105061.53106689453,1.695950445957612e-05,1.9198153656061669e-07,97.92102876073228
105395.31707763672,1.5656714238167264e-05,1.7723395539641624e-07,97.92753815971037
105948.44818115234,2.760769136683643e-05,3.1251897849549553e-07,97.93882598245676
105981.82678222656,1.8964970193287467e-05,2.146834022899643e-07,97.93957729148254
105986.5951538086,1.934225555967891e-05,2.1895427143795796e-07,97.93968067876054
106158.25653076172,1.844205935854723e-05,2.0876405330327023e-07,97.94350578547642
106639.86206054688,2.562510812439944e-05,2.9007614249462007e-07,97.9555309541998
106916.42761230469,2.4376483664852857e-05,2.7594171758248354e-07,97.96292721950391
106921.19598388672,2.4436334288117608e-05,2.7661922644754886e-07,97.96305896029907
107164.38293457031,3.1307875755889916e-05,3.5440505401505407e-07,97.96983558766237
107793.80798339844,2.1178199045109123e-05,2.397371458557495e-07,97.98777015537394
107860.56518554688,2.5129549119523665e-05,2.844664161350281e-07,97.98953506374335
107865.3335571289,2.4618132940582872e-05,2.7867718661543716e-07,97.98966932764094
108380.31768798828,2.7879850677615865e-05,3.155998210282036e-07,98.00252825511122
108518.60046386719,1.7710528485366056e-05,2.0048312614472036e-07,98.00580695708454
108809.4711303711,2.0948006373283127e-05,2.371313655425638e-07,98.01267351793817
108814.23950195312,2.0465203793340505e-05,2.3166604187265683e-07,98.01278528794992
109262.46643066406,1.81618212478844e-05,2.055917587815682e-07,98.02297960096551
109372.13897705078,4.840327445353719e-05,5.479249129185682e-07,98.02556178938819
109772.6821899414,2.075711714216384e-05,2.3497050005321498e-07,98.0352038725203
109777.45056152344,1.915431958408403e-05,2.168268367917557e-07,98.03531158939938
110702.5146484375,2.6268194475291475e-05,2.9735587794206124e-07,98.05960335549364
110740.66162109375,2.6070652331134855e-05,2.9511970149828236e-07,98.0606801740635
110745.42999267578,2.517190537782304e-05,2.849458888443077e-07,98.06081847247734
110816.95556640625,3.1750608650361345e-05,3.5941678897282647e-07,98.06283132863854
111651.42059326172,2.044199615317577e-05,2.314033314597794e-07,98.08544219622296
111713.40942382812,2.2092175957808936e-05,2.5008336160157354e-07,98.08698078421885
111718.17779541016,2.1203819650119228e-05,2.4002717102300464e-07,98.08709763567563
111966.13311767578,1.8809581066042903e-05,2.1292439786360678e-07,98.09313368837488
112037.65869140625,2.6246241260281517e-05,2.971073676179475e-07,98.0948796811447
112700.4623413086,2.1463670994102204e-05,2.429686874107093e-07,98.11078132143967
112705.23071289062,2.1218497423616778e-05,2.4019332337232976e-07,98.11089651623976
112881.66046142578,1.9245697181340955e-05,2.178612309021742e-07,98.11517878987806
113253.59344482422,2.8612903991663603e-05,3.2389798221252244e-07,98.12459444084911
113692.2836303711,2.6873307241693013e-05,3.042057525338048e-07,98.13657799827834
113697.05200195312,2.6305536967715846e-05,2.9777859483757677e-07,98.13672152253108
113825.79803466797,2.2944412139802506e-05,2.59730672472104e-07,98.1404104075238
114469.52819824219,3.579373733263363e-05,4.051849928012498e-07,98.1589257656072
114698.41003417969,2.5536695684840143e-05,2.890753139599112e-07,98.16548762565361
114703.17840576172,2.6022966375724766e-05,2.945798966346549e-07,98.16562677989961
115513.80157470703,1.9488709904913944e-05,2.2061213416037523e-07,98.186662782928
115690.23132324219,2.807766287012369e-05,3.178390544184595e-07,98.19095868750118
115709.30480957031,2.0821876257015016e-05,2.3570357302743237e-07,98.19147393296848
115714.07318115234,2.1082806102099e-05,2.386572980441714e-07,98.19158702941336
115804.67224121094,1.825293499387817e-05,2.066231660965267e-07,98.19374424068936
116138.45825195312,2.519955008192416e-05,2.852588268068376e-07,98.2018999799716
116729.736328125,2.3602373289837845e-05,2.6717879059855376e-07,98.21678527535055
116734.50469970703,2.4272615306823397e-05,2.7476592809983365e-07,98.21691448504033
117096.9009399414,2.1421523050830096e-05,2.4249157282687603e-07,98.22660267944208
117187.5,4.835082429614865e-05,5.473311773036922e-07,98.22930592329023
117759.70458984375,2.63757425034208e-05,2.985733212785423e-07,98.24575651843101
117764.47296142578,2.3284810636328184e-05,2.635839823704969e-07,98.24589054717657
118122.10083007812,3.2470466074874305e-05,3.675655727295672e-07,98.25610915867719
118675.23193359375,2.026401179413987e-05,2.2938854908138422e-07,98.27156300263323
118794.44122314453,2.2501573370859713e-05,2.5471773901565237e-07,98.2745504410305
118799.20959472656,2.3096478141955114e-05,2.6145205913298624e-07,98.27467350550036
119342.80395507812,2.7746645783500546e-05,3.140919420503356e-07,98.28797763939183
119452.47650146484,1.839020375051883e-05,2.081770479852607e-07,98.29058214199297
119843.4829711914,1.9708023267584496e-05,2.2309476072851144e-07,98.29965920781098
119848.25134277344,2.021356837970501e-05,2.288175297903636e-07,98.29976695209716
120129.58526611328,1.757106749167823e-05,1.9890442813958252e-07,98.30611986430328
120558.7387084961,2.677836880908073e-05,3.031310497784852e-07,98.31600586260038
120902.06146240234,2.104752111798827e-05,2.3825787213622452e-07,98.32431878904767
120906.82983398438,2.278405263633184e-05,2.5791540340267006e-07,98.32443708597502
121774.67346191406,3.014549204359932e-05,3.4124687408765775e-07,98.34538871953146
121927.26135253906,1.744734783790848e-05,1.975039220522686e-07,98.34900968598595
121965.40832519531,2.0523265243720217e-05,2.3232329730635207e-07,98.34986248203705
121970.17669677734,2.0567054157464403e-05,2.328189876707119e-07,98.3499733805997
122208.5952758789,2.2991883697295323e-05,2.602680503519895e-07,98.35539426840404
122900.00915527344,1.553807237343992e-05,1.7589092986491781e-07,98.36955624560046
123043.06030273438,1.7645790493525104e-05,1.9975029228291157e-07,98.37247397073075
123047.8286743164,1.7411389890415732e-05,1.9709687820097695e-07,98.37256858646927
123219.49005126953,1.995082226192953e-05,2.2584324457253154e-07,98.37598250141312
123238.56353759766,1.4934257222105962e-05,1.6905574427161353e-07,98.3763596509734
124130.2490234375,1.7469336032572477e-05,1.977528283459548e-07,98.39432686785946
124135.01739501953,1.9060627467183857e-05,2.1576624232633454e-07,98.39442545848873
124154.09088134766,1.5732893824250225e-05,1.7809630806866667e-07,98.39481918695185
124998.09265136719,4.633988940290896e-05,5.245674007058726e-07,98.41340998089434
125222.20611572266,1.8302366685525767e-05,2.071827326888122e-07,98.41840932361822
125226.97448730469,2.0222318779041596e-05,2.2891658428303234e-07,98.41851329779773
125432.01446533203,2.6161891577055937e-05,2.96152529472019e-07,98.42297574773593
126023.2925415039,1.4690955052845807e-05,1.6630156448915405e-07,98.43498335659775
126328.4683227539,1.5899376230015907e-05,1.799808883726128e-07,98.44056134371078
126333.23669433594,1.5382036364700242e-05,1.741246027420923e-07,98.44064576903882
126647.94921875,2.1396064125252613e-05,2.422033778702841e-07,98.44619903361632
127358.43658447266,1.3093112056440009e-05,1.4821398685009183e-07,98.45844557889049
127439.49890136719,1.4905291981564151e-05,1.6872785784077357e-07,98.45976583134852
127444.26727294922,1.4383763531456242e-05,1.6282415744372225e-07,98.4598448795089
127863.88397216797,1.849264108755911e-05,2.0933663831486295e-07,98.46683549010311
128469.46716308594,1.2218669006018893e-05,1.38315294299567e-07,98.47701052906898
128564.83459472656,1.2656916294848179e-05,1.4327625221573207e-07,98.47854677724837
128569.6029663086,1.2466266412738249e-05,1.4111809615640817e-07,98.47861458214481
129084.58709716797,1.874055131177571e-05,2.1214298126477832e-07,98.48607387158303
129680.63354492188,6.168914087113892e-07,6.9832087852415915e-09,98.49147087427548
129699.70703125,4.0652100569552445e-06,4.6018164919627974e-08,98.49151010534804
129704.47540283203,2.1450921530359013e-06,2.4282436352167257e-08,98.49152686631749
129709.24377441406,0.0,0.0,98.49153265570146
130844.1162109375,0.0,0.0,98.49154227943964
130848.88458251953,0.0,0.0,98.49154227943964
131988.525390625,8.246928035977032e-06,9.335519914661886e-08,98.49307481722165
131998.06213378906,7.700756257140594e-06,8.717253634671265e-08,98.49316105160025
132002.8305053711,6.141470132256999e-06,6.952142237069239e-08,98.49319841035125
132808.68530273438,3.132096080604349e-05,3.5455317674118934e-07,98.50254502254701
133161.5447998047,1.4206615337314608e-05,1.608188404492716e-07,98.50737811582191
133166.31317138672,1.3314506365394278e-05,1.5072016972354348e-07,98.50745239251005
133752.82287597656,9.887122545286171e-06,1.1192219577709266e-07,98.515330844709
133953.09448242188,1.5518646501109835e-05,1.756710290519047e-07,98.51804194464555
134334.56420898438,1.255654827427727e-05,1.4214008654198382e-07,98.52327519646074
134339.3325805664,1.251248776535774e-05,1.4164132172110262e-07,98.52334285522087
134835.24322509766,1.0737224038985982e-05,1.2154534198292492e-07,98.5301039434058
135173.79760742188,1.7979096597533925e-05,2.0352331632056353e-07,98.53493490334523
135517.12036132812,1.3038652563297276e-05,1.4759750556086697e-07,98.53994132458259
135521.88873291016,1.2763304940364536e-05,1.4448057134472053e-07,98.54001096142268
135736.46545410156,1.1420960288353404e-05,1.292852341518634e-07,98.54315180113446
136389.73236083984,1.7733112845055028e-05,2.0073878102459385e-07,98.55265694334335
136713.98162841797,1.3129367158621446e-05,1.4862439449151466e-07,98.5574173262813
136718.75,1.291723027811602e-05,1.4622300567867045e-07,98.5574876233795
137114.5248413086,1.130310115329222e-05,1.2795106911769726e-07,98.56328530181703
137610.43548583984,1.655970774984856e-05,1.8745583907763174e-07,98.57047139488418
137920.37963867188,1.2975704651629918e-05,1.468849354009318e-07,98.5749931709251
137925.1480102539,1.2366345534991656e-05,1.399869921380095e-07,98.57506156652245
138216.0186767578,1.133478731110612e-05,1.2830975632340626e-07,98.57927454004961
138826.3702392578,1.7608532191598494e-05,1.9932852842356301e-07,98.58803072537418
139136.31439208984,1.518115959714875e-05,1.7185067837208576e-07,98.59296717129486
139141.08276367188,1.4786399106122188e-05,1.6738199086878372e-07,98.59304805066586
139160.15625,1.3092281778527977e-05,1.4820458810676745e-07,98.59334558899835
140042.30499267578,1.8245601034685406e-05,2.065401457017825e-07,98.6084285626101
140361.78588867188,1.5000914334685275e-05,1.6981030257407882e-07,98.61390057582558
140366.5542602539,1.5332473857143423e-05,1.7356355531413033e-07,98.61398244253289
140624.0463256836,3.619681410128899e-05,4.0974782054086866e-07,98.61858942697475
141530.03692626953,1.2470314381822583e-05,1.4116391915357253e-07,98.63350585976636
141601.5625,1.3755902220531915e-05,1.5571676940030838e-07,98.63460707653579
141606.33087158203,1.3106194275982222e-05,1.483620775337155e-07,98.6346795745824
142459.86938476562,1.113912142846784e-05,1.2609481915404954e-07,98.64699780154305
142478.94287109375,1.5333163438315592e-05,1.735713613708068e-07,98.64727303003387
142850.8758544922,1.2494549800331941e-05,1.4143826401404333e-07,98.65248663547106
142855.64422607422,1.2494662847405838e-05,1.4143954370656043e-07,98.65255407879604
143699.64599609375,1.4328399067297198e-05,1.6219743188547004e-07,98.66413406945462
144095.42083740234,1.0303494082376869e-05,1.1663552025312962e-07,98.66948451354953
144109.72595214844,1.302863392201666e-05,1.474840945734241e-07,98.66967256086808
144114.49432373047,1.1765956145084484e-05,1.3319058615316444e-07,98.66973947892666
144772.52960205078,9.857106101008307e-06,1.1158240972330284e-07,98.67828796737908
144915.58074951172,1.6077454821703414e-05,1.8199673746432457e-07,98.68013687919695
145378.11279296875,1.1803598900324626e-05,1.3361670202279983e-07,98.6861283786974
145382.88116455078,1.0803454749065176e-05,1.222950734104446e-07,98.68618939281927
146131.5155029297,1.4045734205210296e-05,1.5899766654536326e-07,98.69573286648775
146188.73596191406,9.856813354406809e-06,1.1157909583270464e-07,98.69648877254052
146660.80474853516,1.0957887515997659e-05,1.2404325184111005e-07,98.70243607563059
146665.5731201172,1.0732175727997695e-05,1.2148819511858832e-07,98.70249461488929
146765.70892333984,9.634835984247181e-06,1.0906631270826215e-07,98.70371824752225
147347.45025634766,1.351745758239892e-05,1.530175768547641e-07,98.71081559311813
147957.80181884766,1.1256747337187528e-05,1.274263440667715e-07,98.71814296765105
147962.5701904297,1.0126909057425638e-05,1.1463657833212378e-07,98.71820067994906
148434.63897705078,2.8118307666952222e-05,3.1829915338933063e-07,98.72382868427404
148534.77478027344,9.405067848584128e-06,1.0646533814309117e-07,98.72508878517382
149259.5672607422,9.481552947023343e-06,1.0733114921424304e-07,98.73377760250393
149264.33563232422,1.0209002701645348e-05,1.155658781236788e-07,98.73383074529649
149297.71423339844,9.562312225209362e-06,1.0824534398653922e-07,98.73423015909736
149784.08813476562,1.301510114071642e-05,1.473309035321321e-07,98.74010648487626
150575.6378173828,1.0091657783489136e-05,1.1423753402324201e-07,98.74974133431628
150580.40618896484,9.659209398577535e-06,1.0934221968098786e-07,98.74979463988348
151000.0228881836,1.2403035788915739e-05,1.4040232569577555e-07,98.75480918531464
151629.44793701172,8.405953700897553e-06,9.515536916790605e-08,98.76196449642255
151906.01348876953,9.50749914385774e-06,1.0762486007991395e-07,98.76499636947025
151910.78186035156,9.459393543826125e-06,1.0708030484050511e-07,98.76504755917061
152220.7260131836,1.2125355644356584e-05,1.3725898734223422e-07,98.7683703612762
152845.3826904297,7.692869918201434e-06,8.708326301499553e-08,98.7748475807403
153245.9259033203,8.786922428921298e-06,9.946793395786633e-08,98.77882547287584
153250.69427490234,8.804765460826979e-06,9.966991702230773e-08,98.7788729510393
153441.4291381836,1.066660751768156e-05,1.2074596318628008e-07,98.78073307928051
154581.06994628906,6.227154420207161e-06,7.049136823785987e-08,98.79074981348037
154595.37506103516,7.355145172804199e-06,8.326021997087556e-08,98.79085716404956
154600.1434326172,7.850615627566905e-06,8.886894394346911e-08,98.79089820284024
154657.36389160156,1.0976083371853684e-05,1.2424922887154759e-07,98.7913963718217
155787.46795654297,5.419064313230017e-06,6.134379079615537e-08,98.80005564548922
155959.1293334961,6.281738008455679e-06,7.110925428328767e-08,98.80138843376295
155963.89770507812,6.492027717587763e-06,7.348973312205863e-08,98.80142290884805
156250.0,1.696238208428613e-05,1.9201411126318478e-07,98.80358408353163
157237.05291748047,4.109687297429068e-06,4.652164714037878e-08,98.81028246162124
157332.4203491211,4.158342242814752e-06,4.707242096744908e-08,98.81081337513413
157337.18872070312,4.492893302515132e-06,5.085953789957121e-08,98.81083672393261
157341.95709228516,5.639611741011523e-06,6.384038697742396e-08,98.81086407052571
157690.04821777344,0.0,0.0,98.81215998182196
158720.0164794922,0.0,0.0,98.81222276476636
158724.78485107422,0.0,0.0,98.81222276476636
160121.91772460938,0.0,0.0,98.81222276476636
160126.6860961914,0.0,0.0,98.81222276476636
161414.14642333984,2.838198115233994e-06,3.2128393640558467e-08,98.81303012666606
161533.35571289062,1.9642221587597173e-06,2.2234988592026766e-08,98.81333923738822
161538.12408447266,1.7920444961431829e-06,2.0285937998636734e-08,98.81334937516712
161600.11291503906,1.225022793980572e-06,1.3867254132969405e-08,98.81352616025723
162839.8895263672,4.990820663003695e-06,5.649607403716988e-08,98.81811634956969
162959.09881591797,4.363149047905141e-06,4.939083334990063e-08,98.81865713223179
162963.8671875,4.4307150547390426e-06,5.0155680332438104e-08,98.81868086597014
162987.70904541016,3.102068151514794e-06,3.5115401612297273e-08,98.81878370549167
164060.5926513672,1.8942637909898545e-05,2.1443060091300594e-07,98.82544250087082
164394.37866210938,7.278992432254333e-06,8.239817118997441e-08,98.82797420896507
164399.1470336914,9.40994491045811e-06,1.0652054646799832e-07,98.82801925069731
165576.93481445312,6.04581408876918e-06,6.843859626254325e-08,98.83740283196784
165843.96362304688,7.192743917559556e-06,8.14218382778518e-08,98.83953097002131
165848.7319946289,7.129183776012527e-06,8.070233767762531e-08,98.839569623437
166354.17938232422,6.233370992264982e-06,7.056173981378917e-08,98.84357421601818
166835.78491210938,9.189669459311105e-06,1.0402702906136755e-07,98.84745777608053
167307.85369873047,7.196530809043913e-06,8.146470587741451e-08,98.85146438024684
167312.6220703125,7.702231450116666e-06,8.71892355265115e-08,98.8515045904799
168051.71966552734,1.0251569675971886e-05,1.1604773613771593e-07,98.85792439012526
168242.4545288086,6.8550507778469e-06,7.759915300998077e-08,98.8596200517903
168781.28051757812,7.853240649084235e-06,8.889865917869918e-08,98.86437793965625
168786.04888916016,7.983655264639125e-06,9.037495221213464e-08,98.86442068181596
169267.6544189453,1.0246111701276228e-05,1.159859518815144e-07,98.86866163782345
169982.91015625,6.5715753530713665e-06,7.43902121028158e-08,98.87483805425293
170269.01245117188,7.722790984539947e-06,8.742196939081516e-08,98.87730587750939
170273.7808227539,7.427582448289684e-06,8.408020969906103e-08,98.87734676681525
171604.15649414062,6.712295489936636e-06,7.598316360471893e-08,98.88885882802613
171704.29229736328,9.43335377457796e-06,1.0678553473540785e-07,98.88972872342097
171771.04949951172,8.164276044102742e-06,9.241957886138924e-08,98.89033278984715
171775.81787109375,7.566588422452882e-06,8.565375688462679e-08,98.89037524583883
171871.18530273438,1.5929873966158022e-05,1.8032612264877572e-07,98.8912203768088
172867.7749633789,6.514571312628557e-06,7.374492654624432e-08,98.89989425996258
173287.39166259766,8.077489668188219e-06,9.143715736196921e-08,98.90348242873078
173292.1600341797,7.812500939288271e-06,8.843748579333847e-08,98.90352531418763
173563.95721435547,6.524379457481474e-06,7.38559547147949e-08,98.90581869818634
174140.93017578125,8.833839983870175e-06,9.99990405307159e-08,98.91074609959641
174818.0389404297,8.198550578139964e-06,9.280756647771665e-08,98.91653582957629
174822.80731201172,7.175685438241966e-06,8.122873634621315e-08,98.91657732306433
175356.86492919922,8.787972325471752e-06,9.947981878347938e-08,98.92110520064897
176076.88903808594,6.654562504705706e-06,7.532962639546357e-08,98.9272262242734
176358.22296142578,7.208607858177119e-06,8.160141803520412e-08,98.92960987350105
176362.9913330078,7.503815738806297e-06,8.494317030532965e-08,98.92964958082516
176577.56805419922,9.023928978005412e-06,1.0215084733994958e-07,98.93144851946984
177836.41815185547,6.2781061569971585e-06,7.106814173632448e-08,98.94188594416991
177912.71209716797,7.1992250185784265e-06,8.149520432077912e-08,98.94250026328069
177917.48046875,6.84623752099023e-06,7.749938697038451e-08,98.94253817054522
178656.57806396484,6.0185092218100705e-06,6.812950525538041e-08,98.94849339079546
179009.43756103516,8.772187239710907e-06,9.93011316628544e-08,98.9513279606752
179481.50634765625,6.930624224652793e-06,7.845464418754198e-08,98.95504221222997
179486.27471923828,6.686356828983813e-06,7.568953804520349e-08,98.95507896306688
179686.5463256836,1.491620574421143e-05,1.6885140159924106e-07,98.95667143991649
180525.7797241211,3.943340127338127e-06,4.4638597703840745e-08,98.9623051268048
181064.60571289062,5.747063466048402e-06,6.505674016320474e-08,98.96534038719034
181069.37408447266,4.912575171681777e-06,5.561033532418287e-08,98.96536915646303
181446.07543945312,8.066723806460596e-06,9.131528784144196e-08,98.96792258458139
182662.0101928711,7.230610110137851e-06,8.185048345744468e-08,98.97676049225639
182666.77856445312,7.399519025419533e-06,8.376253184139698e-08,98.97679997747618
183124.54223632812,5.532657436995042e-06,6.262966459601256e-08,98.9801115554346
184273.71978759766,6.285316390298116e-06,7.114976155436679e-08,98.98832483726241
184278.4881591797,6.449732042437722e-06,7.301094621383686e-08,98.98835920785352
185103.4164428711,7.556019624824153e-06,8.553411812907248e-08,98.99419029904631
185642.24243164062,5.359698154989885e-06,6.067176607362842e-08,98.9978745427757
185894.96612548828,5.860182938247252e-06,6.633725222883877e-08,98.99958229588913
185899.7344970703,5.982045490774772e-06,6.77167359359952e-08,98.99961425685052
187230.11016845703,5.105806034309862e-06,5.779770807476621e-08,99.00850254891198
187497.13897705078,1.2852532146014347e-05,1.4549062302898356e-07,99.01030529895193
187535.28594970703,6.916258545351302e-06,7.829202474352396e-08,99.01059079271135
187540.05432128906,6.340308741442608e-06,7.177227479447736e-08,99.01062657082844
188755.98907470703,7.032196456075563e-06,7.960444152430457e-08,99.01859671953073
189113.61694335938,5.075049287294584e-06,5.744954179634259e-08,99.02092061957657
189189.91088867188,6.239808872450944e-06,7.063461659702538e-08,99.02140413524417
189194.6792602539,5.777557730180533e-06,6.540193513622568e-08,99.02143656888552
189313.8885498047,4.984153878259676e-06,5.642060605506424e-08,99.02219785662592
189971.923828125,7.171501833868213e-06,8.11813779580038e-08,99.02650011418831
190858.8409423828,5.86543666812674e-06,6.639672443437063e-08,99.03236895474042
190863.60931396484,6.006048624618175e-06,6.798845133478592e-08,99.03240099466308
191192.626953125,6.886788365807791e-06,7.795842240479019e-08,99.03458278283526
191707.61108398438,5.22597090610924e-06,5.9157974041477745e-08,99.03800930401147
192542.07611083984,5.524307272381387e-06,6.253514075913484e-08,99.04352474573224
192546.84448242188,5.754140822470477e-06,6.513685581540058e-08,99.04355518510825
192718.505859375,5.158467486006869e-06,5.839383554054222e-08,99.04467500932951
192847.25189208984,6.591168689228088e-06,7.461200860581399e-08,99.04553066875872
194239.61639404297,6.031269416414004e-06,6.827395061772662e-08,99.05476693936282
194244.384765625,5.945318372956494e-06,6.73009850790641e-08,99.05479926294635
195307.73162841797,1.0775130135160336e-05,1.2197443887109832e-07,99.0619845800702
195903.77807617188,5.09050529222271e-06,5.7624503722987485e-08,99.06602803484486
195951.4617919922,5.8331414077892315e-06,6.603114219003098e-08,99.06634604079122
195956.23016357422,5.7532882266537814e-06,6.512720443346637e-08,99.06637731137785
196061.1343383789,7.5556893843380805e-06,8.553037980782012e-08,99.06711508964602
196290.0161743164,5.317998183519292e-06,6.019972252916402e-08,99.06867515379079
197682.38067626953,6.1083792762456095e-06,6.914683398585396e-08,99.07827791941254
197687.14904785156,5.869573482511551e-06,6.644355316005393e-08,99.07831024667999
198497.77221679688,7.509902898816661e-06,8.501207693729319e-08,99.08396134701223
198879.24194335938,5.340756661800919e-06,6.045734843095274e-08,99.08663733109813
199422.83630371094,6.404304786102895e-06,7.249670981656002e-08,99.09034237316374
199427.60467529297,6.469273121215102e-06,7.323215116346704e-08,99.09037711763169
199713.70697021484,6.810829279699234e-06,7.709856579154895e-08,99.0922883838892
199894.90509033203,5.155303054313608e-06,5.835801418383563e-08,99.09350048895563
201182.36541748047,6.099014303015692e-06,6.90408225186667e-08,99.10207426786769
201187.1337890625,5.9707612873959485e-06,6.75889987896244e-08,99.10210684295556
201416.015625,5.39525610984181e-06,6.107428200949771e-08,99.10369189914128
202145.57647705078,7.605402623100947e-06,8.609313351255534e-08,99.10878438329672
202956.1996459961,6.088969128104629e-06,6.892711117061153e-08,99.11457145968258
202960.96801757812,5.907116824056445e-06,6.68685436669752e-08,99.11460383588965
203051.56707763672,5.684336807623923e-06,6.434667458927551e-08,99.11526070559653
203123.0926513672,1.1064704851125531e-05,1.252524237351379e-07,99.11580438320259
204744.3389892578,6.74249156060297e-06,7.632498302865515e-08,99.12760369852195
204749.10736083984,6.704642733224712e-06,7.589653442307148e-08,99.12763999095984
205798.14910888672,7.588868353476963e-06,8.590596563298161e-08,99.13539740963868
206446.64764404297,5.065554545569627e-06,5.734206135020407e-08,99.13989358443985
206551.55181884766,5.678388268613079e-06,6.42793371465858e-08,99.14060812687991
206556.3201904297,5.682117108342653e-06,6.432154760046893e-08,99.14063878772014
206761.36016845703,5.043096250643303e-06,5.708783352304296e-08,99.1419934718489
207018.85223388672,7.868811538342107e-06,8.907492159559152e-08,99.1436997484344
208373.0697631836,6.113458338645253e-06,6.920432895606933e-08,99.15279273872743
208377.83813476562,6.199960529458049e-06,7.018353348104137e-08,99.15282597138354
209465.02685546875,7.0371199316904635e-06,7.966017525261134e-08,99.16023531734733
209698.67706298828,5.1373145863324936e-06,5.8154384783482734e-08,99.16177610597839
210208.89282226562,5.709488460843608e-06,6.463139122375408e-08,99.16513031840275
210213.66119384766,5.958491780232319e-06,6.745010800754233e-08,99.16516180908611
210542.6788330078,4.94397825011996e-06,5.59658180722588e-08,99.16728519067166
210933.68530273438,9.104887581541349e-06,1.0306729847457309e-07,99.16982028536749
212063.78936767578,5.797461552970029e-06,6.56272463469197e-08,99.1770897441997
212068.5577392578,5.95521556258245e-06,6.741302123416236e-08,99.17712146347127
212259.29260253906,6.5743483504262746e-06,7.442160242405678e-08,99.17832300123118
213761.3296508789,4.591265785147086e-06,5.1973114090195187e-08,99.18755308536517
213932.99102783203,4.911111381334741e-06,5.559376522210846e-08,99.1885744266605
213937.75939941406,4.933678669995969e-06,5.584922685800215e-08,99.18860099674032
214323.9974975586,6.311123747847017e-06,7.144190075976732e-08,99.19086632229272
215797.42431640625,4.257875124247752e-06,4.819913286881148e-08,99.19948698616027
215821.2661743164,5.51155322775951e-06,6.239076501456596e-08,99.19962426416964
215826.03454589844,5.648824876744837e-06,6.394467964463242e-08,99.19965438488684
216054.91638183594,5.907361152262131e-06,6.687130946148674e-08,99.20100992448123
217542.6483154297,4.493652764520894e-06,5.0868135007061776e-08,99.20970009499818
217723.84643554688,5.328836424028283e-06,6.032241137726622e-08,99.2107441398251
217728.6148071289,4.9712024342932505e-06,5.627399575054269e-08,99.21077193857482
218262.6724243164,4.35698084524355e-06,4.932100931538287e-08,99.21385429914717
218749.0463256836,7.214132814001961e-06,8.166396051757503e-08,99.21666413567847
219645.50018310547,5.077834857152907e-06,5.7481074438282244e-08,99.22190163701522
219650.2685546875,4.89684633865309e-06,5.543228498430707e-08,99.22192855765795
220413.2080078125,6.181700768746818e-06,6.99768330478461e-08,99.22632312161262
221562.38555908203,3.943466867077805e-06,4.464003239729094e-08,99.23235292828038
221581.45904541016,4.362016997419781e-06,4.937801854200564e-08,99.23244573647938
221586.2274169922,4.70240555176409e-06,5.3231215894937075e-08,99.23247020042724
221629.14276123047,5.607907042850514e-06,6.348148989504464e-08,99.23269440773585
223526.9546508789,3.7651547230173546e-06,4.262153949346002e-08,99.24205143780301
223536.49139404297,4.294227538393489e-06,4.861064208136077e-08,99.24209603637082
223541.259765625,4.289172906320739e-06,4.855342366236816e-08,99.24211920208931
224065.78063964844,4.9869900085872615e-06,5.645271104135519e-08,99.24465246842503
224442.4819946289,3.6456501889439532e-06,4.126874854770702e-08,99.2464347529509
225505.82885742188,4.3003672941985366e-06,4.8680144097552906e-08,99.25151401880063
225510.5972290039,4.225030794064859e-06,4.782733515556781e-08,99.25153702797671
225572.5860595703,3.760937262440384e-06,4.257379785313789e-08,99.25182987502883
226559.63897705078,6.643004696066184e-06,7.519879203841158e-08,99.25671497683145
227494.2398071289,3.909798915558996e-06,4.425891129314337e-08,99.26136635128732
227499.00817871094,4.518090518513916e-06,5.114477030456432e-08,99.26138909729754
228934.28802490234,4.772443152906444e-06,5.402404131718793e-08,99.26800293825963
229191.78009033203,3.409319180202398e-06,3.859348228015369e-08,99.2691487723514
229501.72424316406,3.837914611116368e-06,4.34451811954049e-08,99.27050989227884
229506.4926147461,3.926825233497011e-06,4.445164915806748e-08,99.27053084851624
229759.21630859375,4.4713223979754335e-06,5.0615355328765295e-08,99.27164094397234
231165.88592529297,3.267130709633812e-06,3.698390924539749e-08,99.27767681209717
231528.28216552734,3.5443532638385777e-06,4.012206767758201e-08,99.2791981611517
231533.05053710938,3.461348809191938e-06,3.918245751489002e-08,99.27921706882391
231637.95471191406,3.1622661900130834e-06,3.579684321670165e-08,99.27965372663168
233559.60845947266,4.411593395125049e-06,4.993922320640393e-08,99.28790128960283
233569.14520263672,3.933700418898169e-06,4.452947623494933e-08,99.28794553181554
233573.91357421875,4.170703415203229e-06,4.7212349399584995e-08,99.28796740477125
234370.23162841797,5.846083790162286e-06,6.61776499173444e-08,99.2916730584845
235338.2110595703,3.5696270600128368e-06,4.040816696991802e-08,99.2961299324817
235629.08172607422,4.00050382502132e-06,4.5285690579865746e-08,99.29741408924009
235633.85009765625,3.7899904248505927e-06,4.2902679559248564e-08,99.297435114986
235772.13287353516,4.210691643537214e-06,4.7665016017185394e-08,99.29803155319578
237412.4526977539,3.1717031372727953e-06,3.590366942967735e-08,99.30488193378791
237703.3233642578,3.5959400200704135e-06,4.070602959410922e-08,99.30607906824082
237708.09173583984,3.511390155217348e-06,3.974892539279403e-08,99.30609825019687
238008.4991455078,3.1311302497197242e-06,3.5444384471575786e-08,99.30733110854305
239462.85247802734,4.257729553813062e-06,4.819748501195361e-08,99.31337245791082
239801.40686035156,3.7899039521121703e-06,4.2901700688124557e-08,99.31487070560617
239806.1752319336,3.941435117056253e-06,4.46170329935068e-08,99.31489157169828
239882.4691772461,3.7409934284650505e-06,4.23480337159474e-08,99.31524058143847
241112.70904541016,5.290630871515812e-06,5.988992464429744e-08,99.32135505397777
241918.56384277344,4.25786821810831e-06,4.819905469133495e-08,99.32545752662132
241923.33221435547,4.1031765614651566e-06,4.644794562996782e-08,99.32548009222467
242185.5926513672,5.371103021506463e-06,6.080086912633497e-08,99.32675528653658
243802.07061767578,3.210438540320878e-06,3.634215406902462e-08,99.33399899966165
244050.0259399414,4.13236101481989e-06,4.677831354915308e-08,99.3350607119503
244054.79431152344,3.8560845448387406e-06,4.3650864787371885e-08,99.33508227194653
244393.34869384766,4.284910398818895e-06,4.850517209099968e-08,99.3365464978978
245895.3857421875,3.205580888049017e-06,3.6287165460751786e-08,99.34278669012839
246200.5615234375,3.500938023302692e-06,3.9630607292752086e-08,99.34401408725836
246205.32989501953,3.3935429418062517e-06,3.841489531166897e-08,99.34403269475621
246224.40338134766,3.219171916771919e-06,3.6441015862683135e-08,99.3441072495404
248031.6162109375,4.976411365596739e-06,5.6332960836336674e-08,99.35234402999747
248374.93896484375,4.314121603315712e-06,4.883584283302828e-08,99.35408860576148
248379.70733642578,4.431577290441607e-06,5.01654408378497e-08,99.35411220950685
248417.85430908203,4.973432424607963e-06,5.6299239233815114e-08,99.35430829093947
250492.09594726562,3.760179303934071e-06,4.2565217765256314e-08,99.36433898564168
250563.6215209961,4.252520032721244e-06,4.813851324975761e-08,99.36467910739691
250568.38989257812,4.106283889652703e-06,4.648312057517127e-08,99.3647016669524
250926.01776123047,5.151397516380349e-06,5.831380350684858e-08,99.36643859464303
252671.2417602539,3.6053283794096884e-06,4.081230579198005e-08,99.37506463900309
252771.37756347656,4.11379369465492e-06,4.6568131543919364e-08,99.37553124874576
252776.1459350586,3.922835498119602e-06,4.440648536628035e-08,99.37555293878465
253181.45751953125,3.23998685654609e-06,3.667664091474682e-08,99.37736175451333
254454.6127319336,4.680936247048924e-06,5.2988183433821834e-08,99.38296368193183
255002.9754638672,4.21146026304263e-06,4.767371678754292e-08,99.3854586710914
255007.74383544922,4.232657374098744e-06,4.791366801730311e-08,99.38548146089985
255312.91961669922,3.8337638838409995e-06,4.339819497584473e-08,99.38699453794064
256762.50457763672,5.137096968647771e-06,5.8151921351983577e-08,99.39429039097587
257248.8784790039,4.64159199417347e-06,5.254280661636452e-08,99.39681605832268
257253.64685058594,4.189612730850351e-06,4.742640279258931e-08,99.39683989283955
258297.92022705078,5.793101225197916e-06,6.55778874504028e-08,99.40254840942026
259299.27825927734,4.155091797751059e-06,4.7035625939662685e-08,99.40828225330112
259518.62335205078,4.533766401581828e-06,5.132222125105251e-08,99.40943579626192
259523.3917236328,4.455834077523145e-06,5.044002759048963e-08,99.40946005827269
259637.83264160156,4.798932434559431e-06,5.432389990127857e-08,99.41003916774967
260381.69860839844,0.0,0.0,99.41288973955203
261807.44171142578,0.0,0.0,99.41289031243616
261812.2100830078,0.0,0.0,99.41289031243616
263605.11779785156,4.303476261584602e-06,4.871533759847838e-08,99.4165465559847
264115.3335571289,3.7505279717633527e-06,4.245596471576964e-08,99.41869107479486
264120.10192871094,3.6797830331373816e-06,4.165513223545318e-08,99.41871112844308
264363.28887939453,3.4434678443185424e-06,3.8980045049374695e-08,99.41975430828307
265622.1389770508,4.615584582977404e-06,5.2248402804314146e-08,99.42541230806566
266447.0672607422,3.6832997788350633e-06,4.1694941785569644e-08,99.42915454063956
266451.8356323242,3.6630653743100476e-06,4.146588839068061e-08,99.42917436772653
266485.21423339844,4.072251682161864e-06,4.609787609457846e-08,99.42931789647298
267963.4094238281,2.8449124381736287e-06,3.220439975488732e-08,99.4350403844587
268797.8744506836,3.0615976840035386e-06,3.4657276048743423e-08,99.43806084529686
268802.6428222656,3.1944737823447065e-06,3.616143305949341e-08,99.43807772979285
269060.1348876953,2.826049805240848e-06,3.199087481006092e-08,99.4390083897147
270843.505859375,3.801454858061097e-06,4.303245690674096e-08,99.4455248366461
271167.7551269531,3.0697714773713503e-06,3.474980336367894e-08,99.44673669960903
271172.52349853516,3.3136457869484234e-06,3.751045977270683e-08,99.4467539277983
271425.2471923828,3.0284107370338906e-06,3.428159991456303e-08,99.44771349674728
273156.16607666016,4.235420432012786e-06,4.794494582410508e-08,99.45478610735931
273556.7092895508,3.340971696621759e-06,3.781978898332781e-08,99.45644630888702
273561.4776611328,3.3483388458967372e-06,3.790318508969713e-08,99.4564643626509
273666.3818359375,3.989740902976942e-06,4.5163854336543494e-08,99.45689295854874
275893.2113647461,2.36832732375782e-06,2.680945777497578e-08,99.46447908172092
275969.5053100586,2.5520008383250516e-06,2.8888641375897293e-08,99.46470699914809
275974.2736816406,2.629102061272467e-06,2.9761426974523057e-08,99.46472098241405
277004.2419433594,3.2279029967417915e-06,3.6539851660182115e-08,99.46808188032269
277957.9162597656,2.325604067790595e-06,2.6325830653262966e-08,99.47116371006017
278401.37481689453,2.7321478126585743e-06,3.0927904552585653e-08,99.47258629028236
278406.14318847656,2.773854794318308e-06,3.140002745236885e-08,99.47260115041935
278573.03619384766,2.704731288457991e-06,3.0617549585804335e-08,99.47315310649317
280079.84161376953,3.911686794036942e-06,4.428028207151131e-08,99.47865659637915
280857.0861816406,3.512126225871568e-06,3.975725771025951e-08,99.48170862378286
280861.85455322266,3.3582373444908537e-06,3.801523606231081e-08,99.48172716619031
280976.2954711914,3.798652778002631e-06,4.300073736938818e-08,99.48214706554576
282616.61529541016,0.0,0.0,99.48721079096484
283336.6394042969,0.0,0.0,99.48721280354698
283341.4077758789,0.0,0.0,99.48721280354698
285229.6829223633,3.0576481759103606e-06,3.4612567629685886e-08,99.49160899766851
285835.26611328125,2.413321008270452e-06,2.73187861406039e-08,99.49338270539813
285840.0344848633,2.3335304790936953e-06,2.6415557604012485e-08,99.49339551666402
285921.0968017578,2.143507125882646e-06,2.4264493849831908e-08,99.4936253728417
287532.8063964844,3.1695599534001193e-06,3.5879408595052786e-08,99.49862735419124
288352.96630859375,2.5157943481217364e-06,2.847878402191225e-08,99.50116954941855
288357.7346801758,2.682157496620831e-06,3.0362014333979786e-08,99.5011835781581
288491.24908447266,2.9579509187968894e-06,3.348399499614318e-08,99.50156175370178
289449.69177246094,1.8419111824592922e-06,2.0850428729186784e-08,99.50411836764569
290899.27673339844,2.4626207402301022e-06,2.787685894964143e-08,99.5079986282248
290904.04510498047,2.613949153459475e-06,2.9589896106257804e-08,99.50801232936686
292339.3249511719,2.028975587058501e-06,2.296799719448914e-08,99.5119874582732
293297.76763916016,2.954871824362364e-06,3.3449139656934155e-08,99.51476560378416
293464.66064453125,2.843534656895814e-06,3.218880327520304e-08,99.51529176799289
293469.4290161133,2.9666144047534386e-06,3.358206562962625e-08,99.51530744899001
294122.69592285156,4.197360463655569e-06,4.7514107103310903e-08,99.51770487489917
295939.44549560547,2.3505492910496463e-06,2.6608210501243502e-08,99.52384418752392
296049.1180419922,2.5242505077419486e-06,2.857450772192717e-08,99.52416529520268
296053.8864135742,2.7580197380813066e-06,3.1220774666112665e-08,99.52417955150895
296974.18212890625,2.1754798091441126e-06,2.4626424522696373e-08,99.52677960818906
297918.31970214844,3.0739612000161186e-06,3.479723101069673e-08,99.52959950837992
298662.1856689453,2.4062079227028515e-06,2.7238266034594315e-08,99.53186349783212
298666.95404052734,2.676677795927561e-06,3.0299984139554364e-08,99.53187721601996
299172.40142822266,2.2273549411200275e-06,2.5213650851729683e-08,99.53334573995932
301251.4114379883,3.753433431381534e-06,4.248885450940971e-08,99.53970565740596
301294.32678222656,3.299502330925402e-06,3.735035589549455e-08,99.53986883996481
301299.0951538086,3.4822289076105407e-06,3.9418820162601506e-08,99.53988714316269
301403.9993286133,3.4985624214711864e-06,3.960371548757253e-08,99.5402737318923
303335.18981933594,2.026816209098371e-06,2.2943553042846086e-08,99.54592024466903
303950.30975341797,2.5664944894598094e-06,2.9052709460661008e-08,99.54756860898354
303955.078125,2.4433594357067093e-06,2.7658821043676852e-08,99.54758213006606
305118.5607910156,3.95113133869083e-06,4.472679419158163e-08,99.5515155128597
306296.34857177734,2.1059466345286777e-06,2.3839309207126447e-08,99.55527987527282
306634.90295410156,2.2923227373374226e-06,2.5949086098349165e-08,99.55620950500793
306639.6713256836,2.359457683860779e-06,2.6709053479541792e-08,99.55622205968675
306730.2703857422,2.1313510123314095e-06,2.412688668308159e-08,99.55646924292509
308160.78186035156,4.376846599448112e-06,4.954588958981648e-08,99.56107865982786
309338.5696411133,2.446831163765216e-06,2.7698120994260984e-08,99.56527903624985
309343.3380126953,2.2591708923181555e-06,2.5573807318135476e-08,99.5652917372673
311002.7313232422,0.0,0.0,99.5693733489683
311975.47912597656,3.760423462684862e-06,4.2567981641538974e-08,99.57019895246123
312066.07818603516,3.0694396181889817e-06,3.474604671878965e-08,99.57054004843705
312070.8465576172,3.4305175907982494e-06,3.8833448220699574e-08,99.57055759115569
312304.4967651367,4.229052128349687e-06,4.787285664688647e-08,99.57151744788383
313658.7142944336,1.9453768220441694e-06,2.2021659440324447e-08,99.57537744518051
314817.4285888672,2.695642497462274e-06,3.051466450063012e-08,99.57855389315853
314822.1969604492,3.002702124891206e-06,3.3990578506846914e-08,99.57856927240691
315413.4750366211,5.621031737609282e-06,6.363006139798465e-08,99.58101726413337
316429.13818359375,0.0,0.0,99.58460575856404
317592.6208496094,0.0,0.0,99.58461419807203
317597.3892211914,0.0,0.0,99.58461419807203
319366.455078125,2.5909852378237065e-06,2.9329944654273372e-08,99.5853777715993
320391.6549682617,1.0530468144156834e-06,1.1920486591082764e-08,99.5871935612192
320396.42333984375,1.0785592606213173e-06,1.2209287401015158e-08,99.5871993142056
320596.69494628906,8.364651466929305e-07,9.46878280107036e-09,99.58744803595502
322675.7049560547,5.6655480963861574e-06,6.413398643780164e-08,99.59346719489015
323219.29931640625,2.7650531946531452e-06,3.13003933721434e-08,99.59565153334094
323224.0676879883,2.7683944508299894e-06,3.133821638144194e-08,99.5956664675493
324449.5391845703,2.7892136172880912e-06,3.157388927955429e-08,99.5989144299366
325403.21350097656,1.695767024230723e-06,1.9196077322696465e-08,99.60130884523052
326070.78552246094,2.279431842342367e-06,2.5803161207991006e-08,99.60299369579361
326075.55389404297,2.2613322407664754e-06,2.5598273775698572e-08,99.60300595085072
326347.35107421875,2.997986646263031e-06,3.393719930376857e-08,99.60383099129582
328330.99365234375,1.6492376269651696e-06,1.8669364693587986e-08,99.60880518004281
328946.1135864258,2.066169359728581e-06,2.3389030582858947e-08,99.61021095489839
328950.8819580078,2.0848818725660764e-06,2.360085616868402e-08,99.61022215816043
329589.84375,3.933542322737385e-06,4.4527686586911914e-08,99.6122068307295
331697.4639892578,1.6900538334957377e-06,1.91314040217412e-08,99.6177792961488
331845.2835083008,2.1173486972474416e-06,2.396838052085064e-08,99.61811118755283
331850.0518798828,2.1787089631482943e-06,2.46629785357568e-08,99.61812278217235
331888.19885253906,1.9083051470224334e-06,2.1602008196945688e-08,99.6182121686493
333409.30938720703,3.1998057258623225e-06,3.622179064316021e-08,99.62229114169881
334773.06365966797,2.03737854197452e-06,2.306311861742175e-08,99.62598142627579
334777.83203125,2.145303721888327e-06,2.4284831310904043e-08,99.62599271490674
335330.9631347656,1.87838004590387e-06,2.1263256147428717e-08,99.62731056640185
336942.6727294922,5.963903611501494e-06,6.751136992030277e-08,99.6323957070328
337724.6856689453,2.688643751110894e-06,3.043543871418462e-08,99.63570331787778
337729.45404052734,2.650202039673597e-06,3.000027866293766e-08,99.63571772687565
338764.1906738281,2.059729827659559e-06,2.3316135100311745e-08,99.63858851495158
340485.5728149414,3.6660876976687656e-06,4.150010108149199e-08,99.64351691211772
340704.91790771484,2.7006952041672846e-06,3.057186112446605e-08,99.64422805855355
340709.6862792969,2.9847625396955364e-06,3.378750245946983e-08,99.64424340302158
342063.90380859375,2.0090960520515128e-06,2.2742960921415888e-08,99.64790690525028
343699.45526123047,5.708182123232093e-06,6.461660348614517e-08,99.65344700845661
343708.99200439453,5.004177890625784e-06,5.664727781138337e-08,99.65350403271381
343713.76037597656,5.32080614653206e-06,6.023150866154079e-08,99.65353189878802
343766.2124633789,5.075756408156183e-06,5.745754640224764e-08,99.65386239480713
344400.40588378906,1.609146686562465e-05,1.8215535375696247e-07,99.66138285938108
346736.9079589844,7.849004291066596e-06,8.885070361940875e-08,99.68850747689135
346741.6763305664,8.48337691633495e-06,9.603179972049466e-08,99.68855155631509
347614.2883300781,5.215443397268305e-06,5.903880267486999e-08,99.69535029483984
349130.63049316406,1.5743797212778015e-05,1.7821973439213457e-07,99.70945107185966
349793.4341430664,1.0718185604095157e-05,1.2132982696049242e-07,99.7174740038996
349798.20251464844,1.0184932092653392e-05,1.1529339890642101e-07,99.71753041927289
349979.4006347656,1.1985834787436898e-05,1.3567961168550204e-07,99.71962955492904
352854.72869873047,6.337308324498461e-06,7.173831008420928e-08,99.74871436198008
352878.5705566406,6.849567952479246e-06,7.753708744425126e-08,99.7489108441943
352883.33892822266,7.338766413392516e-06,8.307481246641065e-08,99.74894913705526
352888.1072998047,7.88575674388014e-06,8.926674126840574e-08,99.74899022648363
355906.48651123047,1.7672584586328984e-06,2.000536013282612e-08,99.75957380422119
355992.31719970703,1.9029844588404932e-06,2.1541778023642953e-08,99.75977071801377
355997.08557128906,2.0705837757619475e-06,2.343900175832127e-08,99.75978144226738
357184.41009521484,1.521133111638211e-06,1.7219221987387876e-08,99.76225803440313
358281.13555908203,1.3325151089530197e-05,1.5084066796691779e-07,99.76826219105939
359129.9057006836,2.7897924917194333e-06,3.158044213627658e-08,99.77346769407109
359134.6740722656,2.662199997657036e-06,3.013609550916336e-08,99.77348240844029
360593.7957763672,3.1958806669880323e-06,3.6177358989182746e-08,99.77722565626233
362167.3583984375,1.4490152056836162e-06,1.6402847521276664e-08,99.78074692479208
362300.8728027344,1.655514054147373e-06,1.8740413829334985e-08,99.78099067887524
362305.6411743164,1.7008041856574745e-06,1.9253097974031924e-08,99.78099973723434
363655.09033203125,1.3936970994612463e-06,1.5776646734720226e-08,99.78342094809796
365428.9245605469,1.1797007326780549e-05,1.335420854312384e-07,99.7911838626968
365495.6817626953,7.735029974290612e-06,8.756051471587951e-08,99.79189403109403
365500.45013427734,8.130436194500804e-06,9.203651187148718e-08,99.79193685036194
365533.82873535156,8.974809220504984e-06,1.0159481184121823e-07,99.79223887555614
368490.21911621094,1.3163569812550962e-06,1.4901156842525136e-08,99.79978225150434
368719.10095214844,1.548571562730088e-06,1.752982516650892e-08,99.80017512049557
368723.86932373047,1.4924572471246855e-06,1.6894611292268055e-08,99.8001833279208
368857.38372802734,1.4318865445185628e-06,1.6208951131347868e-08,99.80041441819436
371923.44665527344,1.0442100669456438e-05,1.1820454637817854e-07,99.80918065467868
371966.3619995117,8.667244303165885e-06,9.811317795482488e-08,99.80961235228648
371971.13037109375,9.651858523437979e-06,1.0925900779777978e-07,99.80966179366834
372447.9675292969,3.594679163039929e-05,4.0691756696532963e-07,99.81970181985615
374145.5078125,3.198743066943959e-06,3.6209761347583e-08,99.84119210724167
375247.0016479492,8.003089403824424e-06,9.059494660592248e-08,99.84776925786518
375251.77001953125,8.330604297902411e-06,9.430241416557022e-08,99.84781334083121
375370.97930908203,9.600405043650565e-06,1.0867655457017968e-07,99.84887408364843
377025.6042480469,2.0655899742474992e-06,2.3382471941055224e-08,99.85730401494894
378556.2515258789,5.894277699801142e-06,6.672320482122643e-08,99.86308463951335
378561.01989746094,6.300385037675364e-06,7.132033859476732e-08,99.86311755165882
378584.8617553711,5.4634635103549376e-06,6.184638956644474e-08,99.86328401471062
379548.0728149414,5.5761238798336496e-05,6.312170459074649e-07,99.88766313764242
381894.1116333008,7.435588782540248e-06,8.417084137732173e-08,99.930317670872
381898.8800048828,8.774624202737327e-06,9.932871807656529e-08,99.93036142057623
382194.51904296875,9.785071943774426e-06,1.1076698329244382e-07,99.9330261531262
384778.9764404297,1.4291163452345336e-06,1.617759248426035e-08,99.94339188894365
385265.3503417969,1.522423717717605e-06,1.7233831644103206e-08,99.94430368600136
385270.1187133789,1.4124332186277675e-06,1.5988739544114816e-08,99.9443116068796
386586.18927001953,2.441469024711432e-06,2.7637421597220766e-08,99.94687516120413
388622.2839355469,1.077779488397874e-06,1.2200460381925023e-08,99.95045179832904
388660.4309082031,1.2839287562986187e-06,1.4534069439121519e-08,99.95050328097098
388665.19927978516,1.282716302967932e-06,1.452034447127307e-08,99.95051020808306
389218.3303833008,1.514341897381482e-06,1.7142345463593983e-08,99.95130990435929
391058.92181396484,0.0,0.0,99.95348570296713
392088.8900756836,0.0,0.0,99.95351164379613
392093.6584472656,0.0,0.0,99.95351164379613
393958.09173583984,2.7096765415768654e-06,3.0673529835386846e-08,99.95498459452776
395545.95947265625,1.1888172395956587e-06,1.3457407372445697e-08,99.95772870691614
395550.7278442383,1.1513941723459466e-06,1.3033778370163483e-08,99.95773502290702
396394.7296142578,1.3913879684406724e-06,1.575050737890908e-08,99.95891296568279
398874.28283691406,7.594811962873927e-07,8.597324727245788e-09,99.9619468470864
399036.4074707031,8.849346314248724e-07,1.0017457214129959e-08,99.96210742584621
399041.17584228516,8.329084063778791e-07,9.428520512012433e-09,99.9621120621286
400991.43981933594,1.2100350274773598e-06,1.3697592663805798e-08,99.96416027799694
402531.62384033203,6.82763644747869e-07,7.728882287737494e-09,99.96580907162205
402555.4656982422,8.260347231056139e-07,9.350710439224877e-09,99.96583070418606
402560.2340698242,8.580733900128056e-07,9.71338804674916e-09,99.96583524942135
404586.7919921875,3.2785121237642977e-07,3.7112746817168025e-09,99.96752513597058
405311.58447265625,9.82929669620871e-07,1.1126760734938982e-08,99.96806291731825
406103.13415527344,6.679997226660285e-07,7.561754736712115e-09,99.96873531213825
406107.90252685547,7.195437101954001e-07,8.14523251166341e-09,99.96873905697583
406241.41693115234,6.286057834971511e-07,7.115815470571224e-09,99.96884456227238
408034.3246459961,1.2126171827657158e-06,1.3726822653460171e-08,99.97050660256993
409684.1812133789,8.000446282496993e-07,9.056502648089961e-09,99.97225773504141
409688.94958496094,7.920719257515516e-07,8.966251681159686e-09,99.97226203200088
410261.1541748047,9.018519562499635e-07,1.0208961277362313e-08,99.97276894203412
412158.9660644531,0.0,0.0,99.97423947243043
413298.6068725586,5.283687253828514e-07,5.981132291415407e-09,99.97446122725333
413303.3752441406,5.67591302152763e-07,6.425131735744842e-09,99.97446418513717
414958.00018310547,3.686433091763109e-07,4.173041087795293e-09,99.97547824599583
415182.11364746094,8.466194628853869e-07,9.583729628083893e-09,99.97563568611079
416941.64276123047,5.186657596772408e-07,5.871294750477926e-09,99.97677615941998
416946.4111328125,5.417895313214525e-07,6.133055771969678e-09,99.97677902148018
419616.69921875,6.160381368343188e-07,6.973549750306084e-09,99.97828031394297
420274.7344970703,1.6314824928153218e-07,1.8468376631463154e-09,99.97856032294207
420618.05725097656,3.2244418801939787e-07,3.6500671831865295e-09,99.97866273292327
420622.8256225586,3.1152096257329066e-07,3.5264163058663736e-09,99.97866444393027
420694.35119628906,3.088027014394322e-07,3.495645598473653e-09,99.97869311331259
422396.6598510742,4.867435020948056e-07,5.509934896139771e-09,99.97946725729487
424327.8503417969,3.499386773236712e-07,3.9613047146937306e-09,99.98033502967473
424332.6187133789,3.96284229002156e-07,4.485936212341119e-09,99.98033704365392
426721.57287597656,6.025635479187841e-07,6.8210174466239245e-09,99.98138796244473
427894.59228515625,3.085467630134784e-07,3.492748376305598e-09,99.98191039937704
428071.0220336914,3.374051487698059e-07,3.819425211313621e-09,99.98197907498893
428075.79040527344,3.335260714680079e-07,3.775514068590574e-09,99.98198088576356
428104.4006347656,3.237443251068493e-07,3.6647847308827676e-09,99.98199229458984
429491.9967651367,7.025431956821277e-07,7.95278674142534e-09,99.98275507494021
431847.57232666016,3.8862466205687606e-07,4.399229938873709e-09,99.98404192254897
431852.3406982422,3.9879592774301973e-07,4.514368634101892e-09,99.98404404771648
433807.373046875,5.024865661211076e-07,5.6881463308633284e-09,99.98488316814432
434346.19903564453,2.985429281856413e-07,3.3795049978611087e-09,99.98510223079924
435652.7328491211,3.8543525816860767e-07,4.36312589699904e-09,99.98563048412402
435657.5012207031,4.231905925683458e-07,4.790516162363127e-09,99.98563266652235
436797.1420288086,6.09897808648369e-07,6.904041254763957e-09,99.98628224473521
439448.35662841797,3.006361734210679e-07,3.4032005272707834e-09,99.98752459273686
439496.0403442383,3.2358831405848834e-07,3.6630186863113496e-09,99.98754262868016
439500.8087158203,3.1806545374420454e-07,3.600499925113279e-09,99.98754436043795
440855.0262451172,4.510659866425671e-07,5.106065534655073e-09,99.98803965609841
441989.8986816406,0.0,0.0,99.98841020009111
443372.7264404297,2.950621291485204e-07,3.3401023638279034e-09,99.98884717095437
443377.4948120117,3.0375091085142865e-07,3.4384593450793353e-09,99.98884878708942
443778.03802490234,3.5159234665379585e-07,3.980024246252994e-09,99.98898752515454
447077.75115966797,1.900409167311904e-07,2.151262573172732e-09,99.98995144510296
447282.7911376953,1.965145871576692e-07,2.2245445018178026e-09,99.99000260258974
447287.55950927734,2.1406001841768128e-07,2.4231587278964334e-09,99.99000371068854
448031.4254760742,3.066596121652417e-07,3.4713858347036478e-09,99.99019872991963
449395.17974853516,1.4802439110034618e-07,1.6756356366207414e-09,99.99048823231774
451226.23443603516,1.8143744149351024e-07,2.0538712608364553e-09,99.99086462165548
451231.0028076172,1.8056302158502175e-07,2.043972830252534e-09,99.99086559865763
453810.6918334961,1.0807297217124655e-07,1.2233857013666098e-09,99.99131744186411
454959.8693847656,2.1521105724364847e-07,2.4361884837467194e-09,99.99148950236525
455203.0563354492,1.6067955065644938e-07,1.818892002559466e-09,99.99154063180724
455207.82470703125,1.6545067887769113e-07,1.8729011588543902e-09,99.99154151199932
455231.6665649414,2.03115419030059e-07,2.2992658976262836e-09,99.99154604472803
459036.82708740234,8.914514097793212e-08,1.009122712438259e-09,99.99202172587796
459218.02520751953,1.0121489503168797e-07,1.145752289951675e-09,99.99204220711442
459222.79357910156,9.807633895969955e-08,1.1102238451956276e-09,99.99204274498105
460863.1134033203,7.742038830326058e-08,8.76398549439165e-10,99.9922196331907
462341.30859375,1.6706599176150617e-07,1.8911864955633805e-09,99.99240596130602
463266.37268066406,8.949585226223688e-08,1.0130927630615222e-09,99.99251677727271
463271.1410522461,9.369685763789832e-08,1.0606481305571508e-09,99.99251727169107
465645.79010009766,1.124514937235243e-07,1.2729505514171324e-09,99.99277335168019
467214.58435058594,8.274990654128374e-08,9.367286789486855e-10,99.99294633477295
467352.86712646484,9.504399470992786e-08,1.0758977179293791e-09,99.99296119038871
467357.6354980469,9.28817174278731e-08,1.0514207459713576e-09,99.99296169758097
469408.0352783203,1.8202912831876757e-07,2.0605691538171335e-09,99.9932045349957
470643.0435180664,7.672761454660214e-08,8.685563527164264e-10,99.9933487361949
471477.5085449219,9.749218468970888e-08,1.1036112207166185e-09,99.99343358170282
471482.2769165039,8.324144163293417e-08,9.422928546233603e-10,99.99343406948437
472416.87774658203,1.0784986309227279e-07,1.2208601073019897e-09,99.99353128441165
474762.9165649414,0.0,0.0,99.99374048885292
475630.7601928711,0.0,0.0,99.99374120153378
475635.5285644531,0.0,0.0,99.99374120153378
478615.76080322266,9.408641509689063e-09,1.0650579197543678e-10,99.99374129152568
479826.9271850586,0.0,0.0,99.99374143553344
479831.6955566406,0.0,0.0,99.99374143553344
483460.4263305664,1.1553731977129178e-07,1.307882092466651e-09,99.99400250316998
484056.4727783203,8.218825772332713e-08,9.303708161151474e-10,99.99406741807596
484061.24114990234,8.768766426602851e-08,9.92624080693475e-10,99.99406787655367
484066.0095214844,9.505226603448242e-08,1.0759913492970385e-09,99.99406836975002
487837.7914428711,6.236700710939169e-08,7.059943221859431e-10,99.99438816982813
488328.9337158203,7.125353164116543e-08,8.065897516314198e-10,99.9944271197112
488333.70208740234,7.484128585249105e-08,8.472031178965643e-10,99.99442751400615
490589.1418457031,1.0521287517165444e-07,1.191009412424744e-09,99.99460988001877
492353.4393310547,5.15563425280114e-08,5.836176334966147e-10,99.99475357875671
492634.77325439453,5.964054078966814e-08,6.751307321153179e-10,99.99477271520185
492639.54162597656,5.7440105752253574e-08,6.502218144879437e-10,99.99477303119053
494499.20654296875,7.85218398025539e-08,8.888669769091628e-10,99.99491130988561
496273.0407714844,5.3793787996217214e-08,6.089455090828732e-10,99.99504074196288
496978.759765625,6.313627829914234e-08,7.147024696080663e-10,99.99509097291028
496983.52813720703,6.07038619807199e-08,6.871675246172543e-10,99.99509130714213
499362.9455566406,5.549242360208327e-08,6.281740587405612e-10,99.995279570682
501303.67279052734,9.311418985393824e-08,1.054052333095282e-09,99.99543213096284
501360.8932495117,8.605475274448253e-08,9.741395274613243e-10,99.99543756364316
501365.66162109375,8.137257611090608e-08,9.211373028559545e-10,99.99543801551238
502195.3582763672,1.513355178180624e-07,1.713117580537749e-09,99.99554190673926
503578.18603515625,4.42459431774187e-08,5.008639360909064e-10,99.99565977738986
505781.1737060547,5.7517526536796655e-08,6.510982175228165e-10,99.99579703334352
505785.9420776367,6.103828814364349e-08,6.909532277182603e-10,99.99579735331352
509047.5082397461,9.982295075515332e-08,1.1299954851669109e-09,99.99600573037633
510191.9174194336,3.9332342502734675e-08,4.452419920759987e-10,99.99609082386065
510244.36950683594,4.035153338459997e-08,4.5677922961825406e-10,99.99609328862206
510249.13787841797,4.037084480262454e-08,4.5699783480889263e-10,99.99609350648349
512022.9721069336,6.052946532140034e-08,6.851933549882413e-10,99.99618354507288
514092.44537353516,3.273945187563397e-08,3.7061049113894146e-10,99.99628818702058
514740.9439086914,3.9376995994717957e-08,4.4574746946327614e-10,99.99631576256085
514745.71228027344,3.438924622604746e-08,3.8928615794019435e-10,99.99631596164839
518689.1555786133,0.0,0.0,99.99648693972823
518980.0262451172,3.186708675586148e-06,3.607353207567524e-08,99.99651690541282
519280.43365478516,4.619365984470967e-08,5.229120825719853e-10,99.99655364001153
519285.2020263672,4.5529662957056535e-08,5.153956399148923e-10,99.99655388756338
519580.8410644531,5.2664969137703935e-08,5.961672831935185e-10,99.99656884548772
521297.4548339844,0.0,0.0,99.9966284023705
523862.8387451172,0.0,0.0,99.9966285729664
523867.6071166992,0.0,0.0,99.9966285729664
526556.9686889648,4.8887176141748545e-08,5.534026784905827e-10,99.99670061101696
528478.6224365234,3.721514702274121e-08,4.212753459739759e-10,99.99678696804413
528483.3908081055,3.3904918382024074e-08,3.838035682857426e-10,99.9967871599899
528507.2326660156,3.2232236170238623e-08,3.6486881096652976e-10,99.99678810648781
529060.3637695312,6.30901898830642e-08,7.141807488845971e-10,99.99681555290078
533142.08984375,4.339505490730597e-08,4.912318835785815e-10,99.99701376825142
533146.858215332,4.509564129160796e-08,5.104825160419618e-10,99.99701400707873
535345.0775146484,3.002742065428103e-08,3.39910306335976e-10,99.99711597020486
537056.9229125977,5.431769445380396e-08,6.148761285170243e-10,99.99718931354835
537843.7042236328,3.5950461253528554e-08,4.069591070874855e-10,99.99722878063638
537848.4725952148,3.524431574396005e-08,3.989655421643197e-10,99.99722897278377
537900.9246826172,3.5871636744250656e-08,4.0606681389307776e-10,99.99723100925713
542035.1028442383,2.101727865589146e-08,2.3791552756144284e-10,99.99736036526255
542583.4655761719,2.5173965803252176e-08,2.8496921285361455e-10,99.99737542279952
542588.2339477539,2.4235585364132413e-08,2.743467492663063e-10,99.99737555615084
544519.4244384766,2.852197686525844e-08,3.228686874307137e-10,99.99742634350656
546579.3609619141,1.8037692499423318e-08,2.041866217436491e-10,99.99747858102643
547370.9106445312,2.1229421279198146e-08,2.4031698138277906e-10,99.99749794440676
547375.6790161133,2.2349580122476865e-08,2.529971759272125e-10,99.99749806202202
547962.1887207031,2.6674198044993124e-08,3.019518370602185e-10,99.99751334976588
550642.0135498047,1.6184168901139395e-08,1.8320474050424852e-10,99.99758151014815
552196.5026855469,2.242255889059521e-08,2.538232953502803e-10,99.99761981537004
552201.2710571289,2.1946743409697537e-08,2.48437065619347e-10,99.99761993511825
555820.4650878906,3.5581245717323835e-08,4.02779588391548e-10,99.99770257710355
555844.3069458008,0.0,0.0,99.99770292807807
557065.0100708008,1.9966204618238407e-08,2.2601737279704073e-10,99.99772926610173
557069.7784423828,1.9985088134307322e-08,2.2623113413890177e-10,99.99772937392619
558977.1270751953,2.4198053063412827e-08,2.739218837414924e-10,99.9977728933487
561265.9454345703,1.5025576065641767e-08,1.7008947329009573e-10,99.99782159060643
561981.201171875,1.7966099227834666e-08,2.0337618613689232e-10,99.99783614419195
561985.969543457,1.8454341788272677e-08,2.08903090368711e-10,99.997836242487
562291.145324707,2.2151920345367768e-08,2.507596678787856e-10,99.99784287044893
566520.6909179688,0.0,0.0,99.99791058651417
566935.5392456055,2.534800124723661e-09,2.8693929352618245e-11,99.99791128024155
566940.3076171875,2.322460461622974e-09,2.6290245041440417e-11,99.9979112933508
566973.6862182617,9.070979925964664e-10,1.026834639212525e-11,99.9979113660105
570878.9825439453,2.1086752728910274e-08,2.387019738471269e-10,99.99797377578233
571932.7926635742,8.108333230163054e-09,9.178630638545898e-11,99.99798798954347
571937.5610351562,8.67435579144862e-09,9.819367997957487e-11,99.99798803483824
572123.5275268555,0.0,0.0,99.99798911114772
576338.7680053711,1.6231544488342244e-08,1.8374103200075677e-10,99.99803208222501
576977.7297973633,1.505691082800442e-08,1.7044418270041387e-10,99.99804239110524
576982.4981689453,1.4582961433550623e-08,1.6507907706209217e-10,99.9980424711002
576992.0349121094,1.6212914276684722e-08,1.8353013806402732e-10,99.99804263320677
578699.1119384766,1.1172493890269182e-08,1.2647259531553488e-10,99.99806835410674
582065.5822753906,1.2567751453694362e-08,1.4226690649736543e-10,99.9981202812186
582070.3506469727,1.2616198083276455e-08,1.428153221902014e-10,99.99812034918752
586271.2860107422,1.0766704253051787e-08,1.2187905791241916e-10,99.99818041529106
587139.1296386719,1.4981551763657883e-08,1.6959111833161096e-10,99.99819276982062
587201.1184692383,1.2714998771076486e-08,1.4393374566196656e-10,99.99819371095566
587205.8868408203,1.3079655857164955e-08,1.4806166271708145e-10,99.99819378057279
587530.1361083984,1.4333786420598567e-08,1.6225841670771276e-10,99.9981985021866
592222.2137451172,8.64876532896807e-09,9.790399602565847e-11,99.99825977974972
592379.5700073242,1.0243847613342223e-08,1.159603224133e-10,99.9982615900107
592384.3383789062,1.0083587335413654e-08,1.1414617657668709e-10,99.99826164487237
593900.6805419922,1.1876846377768537e-08,1.3444586323457868e-10,99.9982793153029
597534.1796875,7.857556511253401e-09,8.89475147247321e-11,99.99831886572288
597600.9368896484,8.765288713973124e-09,9.922304037343617e-11,99.99831953268294
597605.7052612305,8.961475236044295e-09,1.0144387117951788e-10,99.99831958052566
598382.9498291016,1.0355514470368596e-08,1.172243908798001e-10,99.99832761771864
600075.7217407227,0.0,0.0,99.99834323615396
602869.987487793,7.523026834566097e-09,8.516063984825e-11,99.9983503101022
602874.755859375,7.087970062595082e-09,8.02357985727765e-11,99.9983503495358
602974.8916625977,6.365142593601035e-09,7.205339392195293e-11,99.99835115160036
606465.3396606445,1.014251767236971e-08,1.1481326780366397e-10,99.99838207364006
608186.7218017578,8.159874625141703e-09,9.236975481274433e-11,99.99839858634594
608191.4901733398,8.207398811304093e-09,9.290772844900213e-11,99.99839863051953
610170.3643798828,1.0432064692856024e-08,1.1809093915497067e-10,99.99841811741402
612263.6795043945,6.597046004879588e-09,7.467853980030237e-11,99.99843745777929
613551.139831543,7.617520165520439e-09,8.623030405421695e-11,99.99844873186038
613555.908203125,7.462365910541138e-09,8.447395838115543e-11,99.99844877255944
614004.1351318359,6.513213874349502e-09,7.372956034924132e-11,99.99845265754304
617380.1422119141,9.689334273505172e-09,1.0968323316938838e-10,99.9984835282886
618963.2415771484,7.837472401588557e-09,8.872016266718234e-11,99.99849813782647
618968.0099487305,8.094474878790148e-09,9.162942989197952e-11,99.99849818082517
621881.4849853516,0.0,0.0,99.99852072844715
622777.9388427734,1.1285854085804094e-07,1.2775583236856774e-09,99.99852139813918
624418.2586669922,7.210810747310672e-09,8.162635473319198e-11,99.99852850118205
624423.0270385742,7.651395318797036e-09,8.66137706816039e-11,99.99852854129361
624809.2651367188,8.495775933061124e-09,9.617215655041297e-11,99.99853172158184
627346.0388183594,4.550664463149755e-09,5.151350725427501e-11,99.99855039464383
629925.7278442383,6.0742367897732705e-09,6.876034114754118e-11,99.99856781854933
629930.4962158203,6.526475033083872e-09,7.387967662395128e-11,99.99856785255736
630216.5985107422,7.396836765306589e-09,8.373216866544655e-11,99.99856978234554
633568.7637329102,0.0,0.0,99.99858941498685
635480.8807373047,0.0,0.0,99.99858951857563
635485.6491088867,0.0,0.0,99.99858951857563
640554.4281005859,9.966282552452087e-09,1.1281828680652606e-10,99.99860696497566
641083.7173461914,5.7037792592357736e-09,6.456676307970548e-11,99.99861108353444
641088.4857177734,5.667652338542031e-09,6.415780645231581e-11,99.99861111422477
641579.6279907227,7.093426749223658e-09,8.029756824806276e-11,99.99861453890196
642933.8455200195,2.0785878274857254e-09,2.3529607598386004e-11,99.99862320863284
646739.0060424805,5.619974376348634e-09,6.361809207187595e-11,99.99864658972511
646743.7744140625,5.656721442238786e-09,6.403406874091725e-11,99.99864662015978
647387.5045776367,6.997769395219326e-09,7.921472730487087e-11,99.99865110532483
652260.7803344727,0.0,0.0,99.9986817872779
652441.9784545898,0.0,0.0,99.99868188320636
652446.7468261719,0.0,0.0,99.99868188320636
656442.6422119141,6.8867893165673355e-09,7.795843316738521e-11,99.99868919430293
658197.4029541016,6.248884144210803e-09,7.073734864449267e-11,99.99870106415925
658202.1713256836,6.071772799986787e-09,6.873244879099231e-11,99.99870109741144
661239.6240234375,7.584510942140367e-09,8.585663975050549e-11,99.99872163150802
662951.4694213867,0.0,0.0,99.99873171831032
664000.5111694336,5.214291600680427e-09,5.902576434115728e-11,99.99873765397415
664005.2795410156,5.4029530009959515e-09,6.116141079289077e-11,99.998737682629
664029.1213989258,6.128368122060162e-09,6.937310765692128e-11,99.9987378387037
666151.0467529297,2.48413522889926e-09,2.8120402892972198e-11,99.99874946247405
669856.071472168,5.368166895177407e-09,6.076763218562529e-11,99.99876936798381
669860.83984375,5.294414245556171e-09,5.993275242640529e-11,99.99876939676102
670409.2025756836,6.211946154132997e-09,7.031921071425415e-11,99.9987727722841
675468.4448242188,4.033401275006184e-09,4.565808960909883e-11,99.99880202924524
675764.0838623047,5.276281872802735e-09,5.972749402448725e-11,99.99880363827097
675768.8522338867,4.941928018979805e-09,5.594260946227083e-11,99.99880366584887
677037.239074707,3.752716581878828e-09,4.248073977531827e-11,99.99881039536712
680952.0721435547,5.776768369895043e-09,6.539299958030366e-11,99.99883089942003
681724.5483398438,4.874954012414713e-09,5.518446392089406e-11,99.99883501247416
681729.3167114258,4.681229888358908e-09,5.299150745251724e-11,99.99883503826533
683350.5630493164,3.3933858449434506e-09,3.841311697568154e-11,99.99884289929597
687685.0128173828,5.636200661800223e-09,6.380177357159738e-11,99.99886483538171
687732.6965332031,5.011380977773271e-09,5.672881673499111e-11,99.99886510467462
687737.4649047852,4.863675113446249e-09,5.5056786820431666e-11,99.99886513132637
687928.1997680664,4.5339695380403345e-09,5.132452075511694e-11,99.99886627521136
690879.8217773438,1.2050196098536885e-08,1.3640818152252074e-10,99.99889136711063
693798.0651855469,8.67901971268489e-09,9.824647555314078e-11,99.99891841920139
693802.8335571289,7.993000602723475e-09,9.04807414095365e-11,99.99891846419746
696902.2750854492,5.746013837073762e-09,6.504485836654906e-11,99.99894373602405
699868.2022094727,1.1350193173670104e-08,1.284841506386485e-10,99.99897207699706
699915.885925293,9.665175326043325e-09,1.0940975396093229e-10,99.99897262015863
699920.654296875,1.0304339496655666e-08,1.1664509034007766e-10,99.9989726740543
700092.3156738281,1.1451456605041907e-08,1.2963045235981594e-10,99.99897463136175
702834.1293334961,0.0,0.0,99.99900155517389
706090.9271240234,3.761437896597553e-09,4.2579465030205306e-11,99.99900910832226
706095.6954956055,3.9251463713062055e-09,4.4432644443405414e-11,99.99900912906756
708746.9100952148,7.189604938868164e-09,8.138630504904545e-11,99.9990212086665
712146.7590332031,3.0876158383748935e-09,3.495180147350391e-11,99.99903745595509
712318.4204101562,3.5095328790279164e-09,3.972790103223477e-11,99.9990381565555
712323.1887817383,3.667923808383152e-09,4.1520885848941036e-11,99.99903817592671
713033.6761474609,4.4513447446530776e-09,5.0389208356674046e-11,99.99904110948006
714559.5550537109,2.856732012511983e-09,3.233819729881783e-11,99.99904741511774
718598.3657836914,3.152087748916814e-09,3.5681623295853663e-11,99.99906322986789
718603.1341552734,3.211496392338397e-09,3.635412895049956e-11,99.99906324704253
720200.5386352539,4.075596163558556e-09,4.613573561335542e-11,99.99906948359293
724425.3158569336,0.0,0.0,99.99908500880396
724935.5316162109,0.0,0.0,99.99908501633618
724940.299987793,0.0,0.0,99.99908501633618
726575.8514404297,8.993261422777244e-09,1.0180369071227248e-10,99.99908712422352
731329.9179077148,2.1263232249068726e-09,2.4069972145421396e-11,99.99910379116913
731334.6862792969,2.1522179843067195e-09,2.436310073949674e-11,99.99910380271648
731639.8620605469,1.640944560770122e-09,1.8575487210627385e-11,99.99910454069858
733256.3400268555,3.73958431221565e-09,4.23320825244844e-11,99.99910984725922
737776.7562866211,2.9667068417065745e-09,3.358311201564185e-11,99.99912548329407
737781.5246582031,3.032641473053615e-09,3.4329491832854926e-11,99.99912549948571
740952.4917602539,2.435600919595964e-09,2.757099466597098e-11,99.99913594581203
744271.2783813477,3.98068170071623e-09,4.506130419575545e-11,99.99914744600629
744280.8151245117,3.5731744661362743e-09,4.0448323595956555e-11,99.99914748721831
744285.5834960938,3.8849778910312554e-09,4.397793737440639e-11,99.9991475073471
746684.0744018555,2.001382470735889e-09,2.265564320544792e-11,99.99915834224441
750823.0209350586,7.227034666057592e-09,8.181000944182407e-11,99.99917756901672
750846.8627929688,7.138074743927347e-09,8.080298340615274e-11,99.9991777520229
750851.6311645508,6.892638290363949e-09,7.802464353216639e-11,99.99917778989037
752310.7528686523,2.3885822664184675e-08,2.7038743661494864e-10,99.99919952667923
753040.3137207031,0.0,0.0,99.99921274062065
757470.1309204102,5.478756976955181e-09,6.201951155973479e-11,99.99923843852068
757474.8992919922,5.9787536139114195e-09,6.767947190036838e-11,99.99923846944331
759181.9763183594,0.0,0.0,99.9992464101775
764145.8511352539,3.5483370032418937e-09,4.0167163594961474e-11,99.99926277184996
764150.6195068359,3.10334601600587e-09,3.5129867034273356e-11,99.99926278980217
764622.688293457,3.577100013104e-09,4.0492760775150155e-11,99.99926443915787
766263.0081176758,6.159395789668457e-10,6.9724340755596466e-12,99.99926814644641
770888.3285522461,2.7565345955832873e-09,3.1203962857757013e-11,99.99928087472468
770893.0969238281,2.801107360239245e-09,3.1708526411945866e-11,99.99928088972419
775365.8294677734,1.9695772489476762e-09,2.2295608195928256e-11,99.99929315284662
777645.1110839844,3.1279231542085836e-09,3.5408080160586453e-11,99.99929922114983
777683.2580566406,3.0789357897929676e-09,3.4853543351154233e-11,99.99929934491816
777688.0264282227,2.9284469044199594e-09,3.3150009647202676e-11,99.99929936113148
777807.2357177734,3.1425047055467056e-09,3.557314327537277e-11,99.99929975263045
783729.5532226562,2.787093258283374e-10,3.1549886822362448e-12,99.99931370716772
784544.9447631836,1.4882920941751202e-09,1.6847461774121842e-11,99.99931447596899
784549.7131347656,1.7578835826286749e-09,1.9899236566265196e-11,99.99931448473008
784568.7866210938,1.3129065910042313e-09,1.4862098435855666e-11,99.99931451934991
789937.9730224609,7.3604848074521505e-09,8.33206646181133e-11,99.99933686492855
791459.0835571289,4.301933163434192e-09,4.869786973232193e-11,99.99934457924616
791463.8519287109,4.332937826931133e-09,4.904884242452973e-11,99.99934460255079
796852.1118164062,0.0,0.0,99.9993624812104
796866.4169311523,2.494071320145122e-08,2.823287941428412e-10,99.99936254852283
798439.9795532227,2.1724911866942227e-09,2.4592593326065776e-11,99.99936586757642
798444.7479248047,2.0763118041173217e-09,2.3503843021092164e-11,99.99936587904351
799107.551574707,4.899475644476388e-09,5.546204871786708e-11,99.99936824373935
801076.8890380859,4.511078165231869e-10,5.106539048770694e-12,99.99937228377527
805482.8643798828,1.7242831439742311e-09,1.9518879707527586e-11,99.99938025853731
805487.6327514648,1.7507299612637784e-09,1.98182575951591e-11,99.99938026791601
809407.2341918945,0.0,0.0,99.99938902658548
812544.8226928711,4.543131805230535e-09,5.142823759057909e-11,99.9993954203365
812582.9696655273,4.169514283336934e-09,4.719888843063931e-11,99.9993955998576
812587.7380371094,3.918403325650493e-09,4.435631318802188e-11,99.99939562168608
813279.1519165039,1.135122508573334e-08,1.2849583187992343e-10,99.99939998898472
817480.0872802734,1.519389249247052e-09,1.7199481470664467e-11,99.99941620081349
819749.8321533203,4.626501898840163e-09,5.237198678516959e-11,99.99942245632536
819754.6005249023,4.7384067312746995e-09,5.363874913253346e-11,99.99942248160029
820541.3818359375,2.1794111070791492e-08,2.467092680282165e-10,99.99943424339286
825457.5729370117,1.2896511889459474e-09,1.4598847358495127e-11,99.99945869457822
826978.6834716797,1.7248990276982011e-09,1.952585150932476e-11,99.99946139130743
826983.4518432617,1.7084476306549329e-09,1.933962174710125e-11,99.99946140057368
829911.2319946289,0.0,0.0,99.99946646470235
830368.9956665039,5.845655779879386e-09,6.61728048423028e-11,99.99946725367069
834274.2919921875,3.293710469167403e-10,3.72847920388089e-12,99.99947240981115
834279.0603637695,3.125704392761299e-10,3.5382963788057618e-12,99.99947241154368
834450.7217407227,2.0679137881907396e-10,2.340877750750427e-12,99.99947249728582
839195.2514648438,1.926473348454052e-09,2.1807672179386844e-11,99.99947820020994
841631.8893432617,1.0586507417701204e-09,1.198392303091762e-11,99.99948145448086
841636.6577148438,1.059513043715409e-09,1.1993684286196648e-11,99.99948146019756
843367.5765991211,9.193427903974357e-10,1.040695746430058e-11,99.99948368185478
848155.0216674805,3.366270021332712e-09,3.81061659386212e-11,99.99949067678926
849051.4755249023,1.221570256115805e-09,1.382817141531739e-11,99.99949194887081
849056.2438964844,1.2815364782740063e-09,1.4506988859489019e-11,99.99949195562645
850396.1563110352,0.0,0.0,99.9994936221277
853457.4508666992,1.5927416304601267e-09,1.8029830192776726e-11,99.99949723863705
856537.8189086914,9.897248722534895e-10,1.1203682407135262e-11,99.99950039101405
856542.5872802734,1.0078738145791552e-09,1.1409128376558262e-11,99.99950039640537
860390.6631469727,1.4422403204417175e-09,1.6326155841878733e-11,99.99950451422534
862259.8648071289,6.338953872856901e-10,7.1756937686394894e-12,99.99950657193281
864090.9194946289,8.712334225053337e-10,9.862359572722998e-12,99.99950866887367
864095.6878662109,9.646325526583498e-10,1.0919637429097891e-11,99.99950867382849
865941.047668457,1.4741227354118703e-09,1.668706467797253e-11,99.99951067259512
869693.7561035156,0.0,0.0,99.99951459817304
871710.7772827148,6.700863410820497e-10,7.58537525054719e-12,99.99951473668986
871715.5456542969,7.471591009341594e-10,8.457838647024593e-12,99.99951474051485
871753.6926269531,5.649401193980575e-10,6.395120355390861e-12,99.99951477119446
877881.0501098633,1.2869164224744168e-09,1.4567889810732437e-11,99.999521701315
879397.3922729492,9.821114910617958e-10,1.1117498956251603e-11,99.99952351797565
879402.1606445312,1.026677160169184e-09,1.1621982188853214e-11,99.99952352339716
881786.3464355469,1.5800408326504337e-09,1.788605720195247e-11,99.99952632548418
883913.0401611328,0.0,0.0,99.99952859796065
887155.5328369141,7.461176899088792e-10,8.446049877529527e-12,99.99953158483757
887160.3012084961,7.319273592506711e-10,8.285415379595966e-12,99.99953158882667
888690.9484863281,1.1820483748173171e-09,1.3380783844676094e-11,99.99953302266164
892562.8662109375,5.32375808855248e-10,6.026492463582641e-12,99.99953653201331
894980.4306030273,7.613625404441293e-10,8.618621537118419e-12,99.99953853371909
894985.1989746094,7.848044745769267e-10,8.883984156969381e-12,99.99953853789204
895957.9467773438,1.2907863734435103e-09,1.4611697643398286e-11,99.999539484193
896697.0443725586,6.238157148615048e-10,7.06159190884546e-12,99.99954026652404
902872.0855712891,1.012938172969437e-09,1.1466456897434412e-11,99.99954592529832
902876.8539428711,9.92747775958142e-10,1.1237901667460775e-11,99.99954593071145
904512.4053955078,0.0,0.0,99.99954727456095
910077.0950317383,1.2721765761229384e-09,1.440103479689821e-11,99.99955039781557
910830.4977416992,8.562503625943226e-10,9.692751382168144e-12,99.99955126261169
910835.2661132812,8.68598542586693e-10,9.832532740421437e-12,99.99955126726688
913066.8640136719,0.0,0.0,99.99955316689227
916390.4190063477,2.8436280667937006e-09,3.218986067495012e-11,99.99955537715974
918865.2038574219,8.867274580231446e-10,1.0037752005522209e-11,99.99955761489791
918869.9722290039,8.900492019731682e-10,1.007535413647518e-11,99.99955761969325
919313.4307861328,1.3163163060355146e-09,1.4900696399168796e-11,99.99955809402383
920104.98046875,5.51436426120643e-10,6.2422585904247585e-12,99.99955895300323
926966.667175293,7.727383312432545e-10,8.747395452795833e-12,99.99956499170968
926971.435546875,7.260372901215179e-10,8.218739815781094e-12,99.99956499575472
931491.8518066406,1.1149595455875327e-09,1.2621338511100072e-11,99.99956892246054
933651.9241333008,2.269322722178827e-10,2.568872599988111e-12,99.9995705147063
935144.4244384766,7.082944461579865e-10,8.017890878526285e-12,99.99957139623594
935149.1928100586,6.732067438173913e-10,7.620698199590114e-12,99.99957139996445
942926.4068603516,4.072789499511542e-09,4.610396418526685e-11,99.99958130080374
943388.9389038086,1.882489384958006e-09,2.1309773852456124e-11,99.99958277646114
943393.7072753906,2.067019237286392e-09,2.3398651194111228e-11,99.99958278712046
945014.9536132812,7.416953007023846e-10,8.395988445772744e-12,99.99958468861168
949964.5233154297,2.597298558150813e-09,2.940141142030337e-11,99.9995912381966
951709.7473144531,8.546188289386173e-10,9.67428242637293e-12,99.99959363327207
951714.5156860352,8.080161327793167e-10,9.146740054020283e-12,99.99959363775936
951938.6291503906,1.578747742196521e-09,1.7871419422125486e-11,99.99959388033724
954151.1535644531,0.0,0.0,99.99959636461824
960102.0812988281,1.0099077365636843e-09,1.1432152366956391e-11,99.99960175073876
960106.8496704102,1.135573316481531e-09,1.2854686332079813e-11,99.9996017565292
963082.3135375977,6.482636876541808e-10,7.338342883127607e-12,99.99960477825279
964088.4399414062,1.2054285753519269e-09,1.3645447640391851e-11,99.99960579178565
968565.9408569336,1.0505429695221032e-09,1.1892143074848268e-11,99.99961042696007
968570.7092285156,9.917587249822771e-10,1.1226705613558617e-11,99.99961043247202
973324.7756958008,1.5953190008190109e-09,1.805900601704469e-11,99.9996166872979
974683.7615966797,4.104502370060537e-10,4.646295377905219e-12,99.99961834544776
977110.8627319336,1.2454357537636402e-09,1.4098328772811887e-11,99.99962099656233
977115.6311035156,1.1569300355568265e-09,1.3096444324109678e-11,99.99962100304607
978116.9891357422,1.652493136627077e-09,1.870621705261007e-11,99.9996224652196
979905.1284790039,7.858344194028291e-10,8.895643129123945e-12,99.99962459053329
985727.3101806641,9.449629492029456e-10,1.0696977580521106e-11,99.99963104091964
985732.0785522461,1.0068083039381505e-09,1.1397066799489819e-11,99.99963104618726
990772.2473144531,6.652449344223116e-10,7.530570542551932e-12,99.99963646877278
990777.0156860352,1.7884620042394308e-09,2.024538420167659e-11,99.99963647539509
994420.051574707,9.682203229895277e-10,1.0960250977839711e-11,99.99964038693886
994424.8199462891,1.0128724650930886e-09,1.1465713084483062e-11,99.99964039228561
997614.860534668,0.0,0.0,99.99964391911787
998935.6994628906,6.064253989911208e-09,6.864733588484239e-11,99.99964534964153
1003189.0869140625,1.0017203833578538e-09,1.1339471554697617e-11,99.99965012768064
1003193.8552856445,1.0260210506161948e-09,1.161455503079944e-11,99.99965013315332
1003565.788269043,8.280152319929321e-09,9.373129793532405e-11,99.99965056590453
1003575.325012207,0.0,0.0,99.99965059891156
1012034.4161987305,7.643551892944161e-10,8.652498312588707e-12,99.99965507444541
1012039.1845703125,8.350973215075768e-10,9.45329902432108e-12,99.99965507876217
1014122.9629516602,0.0,0.0,99.99965690412502
1020169.2581176758,2.8797736926377524e-09,3.259902904458182e-11,99.9996616386744
1020960.807800293,1.0596184492567938e-09,1.199487747658999e-11,99.99966269161808
1020965.576171875,1.0921310821499225e-09,1.2362920377568132e-11,99.99966269742544
1021170.6161499023,9.164191776400933e-10,1.0373862177182924e-11,99.9996629431101
1029148.1018066406,1.5286591177836003e-09,1.730441635302517e-11,99.99967351345038
1029963.493347168,1.2612826393864326e-09,1.427771546767762e-11,99.99967470862885
1029968.26171875,1.2355433114839832e-09,1.3986346357658629e-11,99.99967471536752
1034350.3952026367,1.545788548224987e-09,1.7498321451159613e-11,99.99968105335437
1037392.6162719727,6.212608135436127e-10,7.032670434050085e-12,99.99968528202868
1039047.2412109375,9.969287473955728e-10,1.1285230250839332e-11,99.99968727538946
1039052.0095825195,1.0696259929768105e-09,1.2108162839682163e-11,99.99968728096688
1042098.9990234375,0.0,0.0,99.999690813007
1047930.7174682617,1.4102192573297112e-09,1.5963677509259982e-11,99.99969251454839
1048207.2830200195,1.236572593885121e-09,1.3997997831166965e-11,99.99969290248565
1048212.0513916016,1.2308006737398277e-09,1.3932659713473738e-11,99.99969290914484
1048860.5499267578,1.1303511673851532e-09,1.2795571620912346e-11,99.99969384727606
1055736.5417480469,3.69887253629738e-09,4.187122535053037e-11,99.99970563742009
1057453.1555175781,1.650982294919075e-09,1.8689114329279122e-11,99.99970908296278
1057457.9238891602,1.718231224276188e-09,1.9450371995787476e-11,99.99970909205594
1057887.077331543,0.0,0.0,99.99970993539888
1060271.2631225586,2.417747294556656e-09,2.73688916872906e-11,99.99971489738361
1066775.3219604492,2.0678115391226864e-09,2.3407620048379005e-11,99.99972687188689
1066780.0903320312,2.04043161420556e-09,2.3097679385370055e-11,99.99972688297463
1070456.5048217773,2.571046540475836e-09,2.910423866368944e-11,99.99973525421937
1075897.216796875,1.397177601796929e-09,1.5816046010094093e-11,99.99974665227644
1076183.3190917969,1.4380166254402075e-09,1.627834362789064e-11,99.99974715868318
1076188.087463379,1.5350526220769284e-09,1.737679080129786e-11,99.99974716670718
1077499.3896484375,0.0,0.0,99.99974884165196
1085653.305053711,2.1409769624812803e-09,2.4235852408172963e-11,99.99975691412637
1085672.378540039,1.9938054925173304e-09,2.256987183610441e-11,99.99975695614563
1085677.146911621,1.87843209117999e-09,2.1263845299788923e-11,99.99975696659641
1086020.4696655273,1.6487059386044775e-09,1.8663345983035426e-11,99.99975769426804
1089172.36328125,2.5490030480881692e-09,2.8854706399947088e-11,99.99976485339378
1095247.2686767578,2.0054996828922262e-09,2.2702250033967215e-11,99.99977934120838
1095252.0370483398,1.9704422853715487e-09,2.230540040549616e-11,99.99977935193904
1095323.5626220703,2.3253436552549648e-09,2.6322882784187602e-11,99.99977950872861
1104688.6444091797,1.4060239640629105e-09,1.5916186802818496e-11,99.99979876427176
1104907.9895019531,1.495877597078885e-09,1.6933329642874784e-11,99.99979916429973
1104912.7578735352,1.5913012323450043e-09,1.8013524890693204e-11,99.99979917263171
1104979.5150756836,0.0,0.0,99.99979924603832
1106147.7661132812,1.834715342186159e-09,2.0768971840173685e-11,99.99980122813503
1114649.772644043,0.0,0.0,99.99980974474431
1114654.541015625,0.0,0.0,99.99980974474431
1123967.170715332,3.6102747629668755e-09,4.086829883812067e-11,99.99982072107187
1124482.1548461914,1.320874386804154e-09,1.4952293858977635e-11,99.99982169099117
1124486.9232177734,1.3648870645314583e-09,1.5450517230914903e-11,99.99982169823977
1126918.7927246094,2.0196810036610105e-09,2.2862782539981148e-11,99.99982547999628
1128721.2371826172,1.053621068287679e-09,1.1926987143087947e-11,99.9998282889749
1134395.5993652344,1.1435052488112178e-09,1.2944475780832739e-11,99.99983639252308
1134400.3677368164,1.2417902016143358e-09,1.4057061134072587e-11,99.99983639896074
1138687.1337890625,1.452827717227776e-09,1.644600513983489e-11,99.99984222426944
1141133.3084106445,5.346881147692153e-10,6.052667759176905e-12,99.99984518126635
1144399.642944336,8.411543378247224e-10,9.521864429773227e-12,99.99984862711214
1144404.411315918,8.403657044981665e-10,9.512937103024029e-12,99.9998486316504
1144771.5759277344,0.0,0.0,99.99984885438694
1153974.5330810547,1.0274836656955426e-09,1.1631111828847355e-11,99.99985152361172
1154494.285583496,8.979708578900255e-10,1.0165027256267547e-11,99.99985205111435
1154499.0539550781,9.277628947386729e-10,1.050227301867214e-11,99.99985205604182
1159534.4543457031,1.6235026344575836e-09,1.8378044660225066e-11,99.99985723689848
1161623.0010986328,0.0,0.0,99.9998588796691
1164674.7589111328,6.323278306846373e-10,7.157949032899529e-12,99.99986117081919
1164679.5272827148,6.230191276121556e-10,7.0525745437155316e-12,99.99986117420725
1166453.3615112305,0.0,0.0,99.9998623558253
1174345.0164794922,1.1022859012226013e-09,1.2477872897184184e-11,99.99986743478398
1174945.8312988281,6.777276170510064e-10,7.671874470220775e-12,99.99986799873369
1174950.5996704102,7.24347200181672e-10,8.199608003035583e-12,99.99986800251774
1177315.7119750977,1.0026267103046507e-09,1.1349731172853742e-11,99.99986982662332
1181836.1282348633,0.0,0.0,99.99987256077614
1185307.502746582,0.0,0.0,99.99987256472058
1185312.271118164,0.0,0.0,99.99987256472058
1192126.2741088867,7.111188526827175e-10,8.0498631514062e-12,99.99987603711894
1195759.7732543945,0.0,0.0,99.99987753854572
1195764.5416259766,0.0,0.0,99.99987753854572
1197190.284729004,6.721251097746184e-10,7.608454105664917e-12,99.99987814973791
1206302.6428222656,4.2100704753761605e-10,4.765798439557723e-12,99.99988175312866
1206307.4111938477,4.466670759036326e-10,5.056269879076422e-12,99.99988175547043
1207909.5840454102,5.916599535000796e-10,6.697588792471551e-12,99.9998826054727
1216459.2742919922,0.0,0.0,99.99988653789912
1216940.8798217773,0.0,0.0,99.99988654250012
1216945.6481933594,0.0,0.0,99.99988654250012
1227674.4842529297,1.124184810744503e-09,1.2725768483345766e-11,99.9998899406973
1227679.2526245117,1.0301442967594966e-09,1.1661230164031989e-11,99.99988994651162
1227784.1567993164,2.893433025495584e-09,3.275365264910339e-11,99.99989019312481
1238451.0040283203,2.7072185308471304e-10,3.064570516174135e-12,99.99989672118666
1238498.6877441406,3.307563503257071e-10,3.7441608340659005e-12,99.9998967396613
1238503.4561157227,3.2155102510885553e-10,3.639956581878951e-12,99.99989674142181
1243572.2351074219,0.0,0.0,99.9998987086502
1245555.8776855469,1.1765081643704286e-09,1.3318068680032101e-11,99.99989918025744
1249418.2586669922,2.547369205590082e-10,2.883621130806345e-12,99.99990041184004
1249423.0270385742,2.4296497854558545e-10,2.7503627846426233e-12,99.9999004131833
1251478.1951904297,0.0,0.0,99.9999008619795
1260371.208190918,7.767649107350429e-10,8.792976319840596e-12,99.99990278024373
1260437.9653930664,6.940571337382088e-10,7.856724547201131e-12,99.99990283380754
1260442.7337646484,6.803051218036579e-10,7.70105181582576e-12,99.99990283751681
1263332.3669433594,2.1643183034087167e-09,2.450007631325907e-11,99.99990603833366
1265349.3881225586,0.0,0.0,99.99990702325509
1271553.0395507812,2.0168478844762907e-10,2.283071163981786e-12,99.99990867052642
1271557.8079223633,2.459104776929906e-10,2.7837058256262012e-12,99.99990867173445
1281132.698059082,8.088220426113911e-10,9.15586295075702e-12,99.99991103105282
1282725.3341674805,0.0,0.0,99.99991143791567
1282768.2495117188,1.6539413988361938e-10,1.8722611376212605e-12,99.99991144617792
1282773.0178833008,1.4410319807984743e-10,1.631247744095907e-12,99.99991144701322
1285772.3236083984,0.0,0.0,99.99991196737074
1294031.1431884766,3.1346013838060636e-10,3.548367769839687e-12,99.9999125760515
1294078.8269042969,2.589356236959246e-10,2.9311504369666995e-12,99.99991259130803
1294083.595275879,2.9883753448511445e-10,3.382839940234461e-12,99.99991259281342
1294355.3924560547,4.611886381776692e-10,5.220653917848031e-12,99.99991270726271
1296739.5782470703,0.0,0.0,99.99991320240704
1305489.5401000977,2.6178547721770378e-11,2.963410769772292e-13,99.99991462007685
1305494.3084716797,9.707096771638163e-11,1.09884304591779e-12,99.9999146204095
1306433.6776733398,0.0,0.0,99.99991472615099
1308326.7211914062,3.8112625146705936e-10,4.314347954837757e-12,99.99991505571198
1317005.1574707031,1.635958700274314e-10,1.8519047285667096e-12,99.99991660127077
1317009.9258422852,1.4052474522690008e-10,1.5907396691780314e-12,99.99991660209156
1320967.674255371,0.0,0.0,99.99991711309949
1328530.3115844727,2.08036545190324e-10,2.3549730301140415e-12,99.99991743496034
1328616.1422729492,1.6595621663312252e-10,1.8786238446385446e-12,99.9999174496751
1328620.9106445312,1.6604429120661488e-10,1.8796208485304503e-12,99.99991745057113
1331558.2275390625,2.622781262307759e-09,2.9689875550339187e-11,99.99991814051512
1332964.8971557617,0.0,0.0,99.99991854309168
1340332.03125,1.4427402680916702e-10,1.6331815247686643e-12,99.99992012391864
1340336.799621582,1.0729615237283875e-10,1.2145921037184882e-12,99.9999201245976
1343936.9201660156,4.98459423719206e-10,5.642559091677874e-12,99.99992077813393
1347088.8137817383,0.0,0.0,99.99992140612362
1352152.8244018555,2.6974284361706894e-10,3.0534881321131093e-12,99.99992205951845
1352157.5927734375,2.4537307290790214e-10,2.7776224051676483e-12,99.9999220609087
1356034.278869629,0.0,0.0,99.9999226811827
1364059.4482421875,8.596873146425011e-10,9.73165766842593e-12,99.99992343952496
1364078.5217285156,7.704516802193321e-10,8.72151057047531e-12,99.999923456325
1364083.2901000977,7.955193726866745e-10,9.005276769504315e-12,99.9999234605514
1367125.5111694336,1.0835453747660144e-09,1.2265730197280063e-11,99.99992445888725
1369085.3118896484,0.0,0.0,99.99992473265826
1376104.3548583984,1.2899914376842158e-10,1.4602698973130526e-12,99.9999258482907
1376109.1232299805,1.6570185814729701e-10,1.8757445073877185e-12,99.99992584908607
1378884.3154907227,0.0,0.0,99.99992632993995
1382002.830505371,7.281383092428422e-10,8.242523345554413e-12,99.99992718097121
1388239.860534668,1.7664735174436883e-10,1.9996474601059935e-12,99.99992906658639
1388244.62890625,1.9193663323365712e-10,2.1727220779533317e-12,99.99992906758115
1389560.6994628906,0.0,0.0,99.9999293265398
1399731.6360473633,3.4309312974357503e-10,3.883813137852073e-12,99.99993130611416
1400485.0387573242,1.5998772429804733e-10,1.8110605303819772e-12,99.99993150769393
1400489.8071289062,1.8355093236936297e-10,2.0777959708313833e-12,99.9999315086211
1402783.3938598633,3.5044517261128497e-10,3.967038239739145e-12,99.99993208994297
1410098.0758666992,0.0,0.0,99.99993341482613
1412835.1211547852,1.5492363994451903e-10,1.7537351116010067e-12,99.9999339558386
1412839.8895263672,1.692055097762193e-10,1.9154058326874566e-12,99.99993395671339
1417551.040649414,3.156230053280596e-10,3.572851416808145e-12,99.99993505603932
1424942.0166015625,9.039655490126395e-11,1.0232887140715756e-12,99.99993643017247
1425294.8760986328,1.374791268697119e-10,1.5562632790580325e-12,99.99993648138282
1425299.6444702148,1.5094578071292557e-10,1.708705757746747e-12,99.99993648216125
1427721.9772338867,0.0,0.0,99.9999367354182
1435375.2136230469,2.269522102393854e-09,2.5690982983281296e-11,99.9999376575687
1437864.3035888672,2.5131914972653053e-10,2.844931975849307e-12,99.99993813341254
1437869.0719604492,2.242543907994637e-10,2.5385589908457802e-12,99.99993813469607
1438326.8356323242,6.41880118771389e-10,7.266080903670599e-12,99.99993834528442
1450300.2166748047,0.0,0.0,99.99994014373749
1450543.4036254883,0.0,0.0,99.99994014628116
1450548.1719970703,0.0,0.0,99.99994014628116
1453146.9345092773,1.3761074847352116e-09,1.5577532351946697e-11,99.99994030674192
1463332.176208496,1.351241515324616e-11,1.52960496572787e-13,99.9999411348069
1463336.9445800781,0.0,0.0,99.99994113484337
1470923.4237670898,1.6656302719583755e-09,1.885492938279159e-11,99.999942197009
1476240.1580810547,7.680928692654936e-11,8.694808837977563e-13,99.99994265361045
1476244.9264526367,8.294894582150389e-11,9.389818029679436e-13,99.99994265404163
1484050.7507324219,0.0,0.0,99.99994344590678
1488704.6813964844,6.714257311525987e-10,7.600537141887289e-12,99.99994381316499
1489257.8125,5.84672965640854e-11,6.618496112119849e-13,99.99994393613471
1489262.580871582,5.6134778490038154e-11,6.354455140298793e-13,99.99994393644403
1491470.3369140625,0.0,0.0,99.99994410196206
1494970.3216552734,1.5629324093667574e-10,1.7692389904776518e-12,99.99994429300556
1502389.907836914,1.0115943330735885e-10,1.1451244634086068e-12,99.99994463246975
1502394.676208496,8.20707213152146e-11,9.290403043490138e-13,99.99994463296427
1503462.791442871,2.0228194909043838e-10,2.289831020559749e-12,99.99994474497157
1505899.429321289,0.0,0.0,99.99994497991831
1515636.4440917969,9.555977840095584e-11,1.0817363876719107e-12,99.99994566261631
1515641.212463379,1.1338879587591638e-10,1.2835608088021116e-12,99.99994566318026
1526842.1173095703,0.0,0.0,99.99994667014754
1526894.5693969727,2.610079650578295e-10,2.9546093345945706e-12,99.99994667536637
1529002.1896362305,6.59130571505065e-11,7.461355973768973e-13,99.99994684926526
1529006.9580078125,6.793531340134225e-11,7.690275317067085e-13,99.99994684962648
1530308.723449707,0.0,0.0,99.99994691985329
1539173.1262207031,2.897164389993022e-09,3.279589168335073e-11,99.99994756828741
1542487.1444702148,1.9096778656738998e-10,2.1617547367715807e-12,99.99994826855892
1542491.9128417969,1.497040487706439e-10,1.694649356108135e-12,99.99994826947837
1542510.986328125,1.714382562494939e-10,1.9406805156660343e-12,99.99994827297863
1546921.730041504,0.0,0.0,99.9999486417577
1556091.30859375,0.0,0.0,99.99994924488634
1556096.076965332,0.0,0.0,99.99994924488634
1556944.8471069336,1.2898013937498368e-09,1.460054767639759e-11,99.99994928502953
1569814.682006836,5.6942083339741954e-11,6.445842023617463e-13,99.99994987211936
1569819.450378418,7.94314524177939e-11,8.991637888216176e-13,99.99994987248742
1574721.336364746,9.81883222994055e-10,1.1114914962450544e-11,99.99995063679945
1575312.614440918,0.0,0.0,99.99995069763827
1583657.2647094727,6.589421207287393e-11,7.459222711580135e-13,99.99995123039854
1583662.0330810547,5.331065149286341e-11,6.034764054010133e-13,99.99995123072026
1586627.9602050781,0.0,0.0,99.99995144574386
1592521.6674804688,7.542534205863421e-10,8.538146322931312e-12,99.99995213016577
1597623.8250732422,9.899783951240067e-11,1.1206552285223453e-12,99.99995249719885
1597628.5934448242,1.0214232303259562e-10,1.1562507719732449e-12,99.99995249774172
1599335.6704711914,0.0,0.0,99.99995266283833
1610364.9139404297,2.5932734053421093e-10,2.9355846703306593e-12,99.9999530175574
1611709.5947265625,6.482373437523116e-11,7.338044670242206e-13,99.9999531319647
1611714.3630981445,6.164007094335858e-11,6.977654070977006e-13,99.999953132306
1617407.7987670898,0.0,0.0,99.99995347862918
1625127.7923583984,1.9859416009746616e-10,2.2480852608844198e-12,99.99995397874149
1625924.1104125977,4.666279578468239e-11,5.282226999208853e-13,99.99995406413036
1625928.8787841797,5.270800695288225e-11,5.966544711245009e-13,99.99995406439855
1628150.9399414062,1.5984607306476103e-10,1.8094570388715484e-12,99.99995425932822
1633858.6807250977,0.0,0.0,99.99995467641656
1640262.6037597656,5.760472072383476e-12,6.520852554428588e-14,99.99995472857418
1640267.3721313477,3.128580202418143e-11,3.541551794422962e-13,99.99995472867415
1642942.4285888672,1.5041286964573112e-09,1.7026732061604666e-11,99.99995497614579
1643195.1522827148,0.0,0.0,99.99995510311041
1654725.0747680664,8.606085333819127e-11,9.742085861627108e-13,99.99995636411886
1654729.8431396484,9.718987580561561e-11,1.1001890851098568e-12,99.99995636461342
1656188.96484375,0.0,0.0,99.99995648287442
1660737.9913330078,1.3513049811593277e-09,1.5296768090325848e-11,99.99995669368606
1669316.291809082,3.313949964880713e-11,3.7513903065933236e-13,99.99995752069599
1669321.060180664,4.51988430178383e-11,5.116507592547652e-13,99.99995752090742
1669573.7838745117,0.0,0.0,99.99995753363551
1678519.2489624023,1.8192766237877628e-09,2.059420559699037e-11,99.99995848544899
1684041.0232543945,5.597033443875119e-11,6.335840078921515e-13,99.99995882227395
1684045.7916259766,5.227646569569428e-11,5.91769425465194e-13,99.99995882256611
1688961.9827270508,1.6923597423587514e-11,1.9157506902739006e-13,99.9999592562199
1696329.116821289,6.280375604316424e-10,7.1093831872762985e-12,99.99996034739095
1698889.7323608398,7.394672059715844e-11,8.370766420504188e-13,99.99996067523743
1698894.5007324219,7.608362306129451e-11,8.612663711502786e-13,99.99996067564236
1700725.5554199219,0.0,0.0,99.9999608128612
1702313.4231567383,5.912178355824206e-10,6.69258401904934e-12,99.99996120625823
1713871.955871582,1.1302652320075158e-10,1.2794598832710714e-12,99.99996195572857
1713876.724243164,1.1476079378136296e-10,1.2990918207295772e-12,99.99996195634333
1714081.7642211914,2.576847333981327e-10,2.9169903627728305e-12,99.99996199308858
1717724.8001098633,0.0,0.0,99.99996223675332
1728987.693786621,1.4074092199073648e-10,1.5931867894573375e-12,99.99996268413044
1728992.4621582031,1.061526670665772e-10,1.2016478536872543e-12,99.99996268479678
1729016.3040161133,1.338407381082213e-10,1.5150767298460101e-12,99.99996268786636
1736474.0371704102,0.0,0.0,99.99996307958436
1744232.177734375,0.0,0.0,99.9999631267911
1744236.946105957,8.336630482232571e-12,9.437063055302771e-14,99.99996312681361
1744246.482849121,0.0,0.0,99.99996312693628
1746764.1830444336,3.0462091272014114e-09,3.448307763467039e-11,99.99996351794998
1759614.9444580078,4.1793356316178975e-11,4.73100660619534e-13,99.99996454883163
1759619.7128295898,1.220868344928413e-11,1.38202257829078e-13,99.99996454897736
1760191.9174194336,0.0,0.0,99.99996456970185
1764535.903930664,7.0088167368433e-10,7.933978317692986e-12,99.99996475188706
1775131.2255859375,0.0,0.0,99.99996514052869
1775135.9939575195,0.0,0.0,99.99996514052869
1782312.3931884766,7.006852633980598e-10,7.931754953876881e-12,99.99996547739225
1790785.789489746,5.410184855342129e-11,6.124327536109623e-13,99.99996572025066
1790790.5578613281,4.0801969168102226e-11,4.618781612553645e-13,99.9999657205068
1791005.1345825195,0.0,0.0,99.9999657285568
1800112.7243041992,1.0632440957036293e-09,1.2035919782840632e-11,99.99996640052892
1806578.6361694336,7.242641983972551e-11,8.198668423099883e-13,99.99996678161334
1806583.4045410156,8.15550445954172e-11,9.232028455204722e-13,99.99996678202892
1807470.3216552734,0.0,0.0,99.99996683387576
1817879.6768188477,2.5470599967947957e-10,2.8832711065483922e-12,99.99996710930752
1822509.765625,4.018304191301112e-11,4.548719066955774e-13,99.99996734177607
1822514.533996582,2.6242971308336582e-11,2.970703517723275e-13,99.99996734195533
1822843.5516357422,0.0,0.0,99.9999673539541
1832756.9961547852,1.9991260655703335e-10,2.2630100706147946e-12,99.99996784573
1838579.1778564453,5.7800665344800325e-11,6.543033479291942e-13,99.9999681794529
1838583.9462280273,5.175637150229208e-11,5.858819608494911e-13,99.99996817974859
1840190.8874511719,0.0,0.0,99.9999682558798
1850557.3272705078,1.2146937976469276e-09,1.375032992731301e-11,99.99996871065314
1854796.4096069336,6.054068744261242e-11,6.853203893646819e-13,99.99996955220148
1854801.1779785156,7.609063282705152e-11,8.613457216763607e-13,99.99996955257022
1863656.0440063477,0.0,0.0,99.99997005256462
1868333.8165283203,1.1940634477744674e-09,1.3516794432349791e-11,99.99997017870854
1871151.9241333008,1.9982862802669356e-10,2.262059433918353e-12,99.99997031468145
1871156.6925048828,1.606430367219636e-10,1.8184786649371806e-12,99.99997031565432
1875996.5896606445,0.0,0.0,99.9999706392412
1886110.3057861328,1.956912160813806e-09,2.2152239438520776e-11,99.99997158390697
1887650.489807129,4.9326502703604414e-11,5.583758537739771e-13,99.99997165436763
1887655.258178711,3.262336337437491e-11,3.6929636967378573e-13,99.9999716545888
1887669.563293457,0.0,0.0,99.99997165481572
1900935.173034668,6.042737069972784e-10,6.840376441955126e-12,99.99997220207976
1904296.875,3.6463789699119954e-11,4.1276998345948136e-13,99.99997265402766
1904301.643371582,4.116518738025955e-11,4.659897902621537e-13,99.99997265423718
1905479.4311523438,0.0,0.0,99.99997270125272
1918644.905090332,1.5797758148283465e-10,1.7883057201049051e-12,99.99997312545399
1921091.079711914,3.5244513078750554e-11,3.989677759935208e-13,99.99997325904408
1921095.848083496,1.1980368291839763e-11,1.356177309727229e-13,99.99997325917154
1921706.199645996,3.156740936486717e-10,3.5734297364350412e-12,99.99997333180897
1925396.9192504883,0.0,0.0,99.99997351199612
1938033.103942871,2.1721256886167436e-11,2.458845588899079e-13,99.99997386614122
1938037.8723144531,1.2476903579543437e-11,1.4123850885082264e-13,99.99997386623352
1938567.1615600586,0.0,0.0,99.99997388688232
1954355.239868164,2.6094153822211623e-09,2.953857383025497e-11,99.99997464545204
1955122.947692871,3.6962284437786574e-11,4.184129423162517e-13,99.99997486344708
1955127.7160644531,5.083483807876231e-11,5.754502054250975e-13,99.99997486368403
1955370.9030151367,0.0,0.0,99.99997487191541
1957302.0935058594,5.573363958479112e-10,6.3090462289788146e-12,99.99997512472031
1972365.379333496,0.0,0.0,99.99997583602492
1972370.1477050781,0.0,0.0,99.99997583602492
1986904.1442871094,2.3330644404132396e-10,2.6410282047631474e-12,99.9999766421788
1989760.398864746,4.5357764289381215e-11,5.134497475433498e-13,99.99997684032716
1989765.1672363281,5.730617827541184e-11,6.487057558759101e-13,99.99997684060425
1990089.4165039062,0.0,0.0,99.99997687925895
2001256.9427490234,7.555283221020683e-10,8.552578204035855e-12,99.9999775024277
2007303.237915039,5.583257173174157e-11,6.320245344868113e-13,99.99997811816554
2007308.006286621,5.620647185036875e-11,6.362570826408767e-13,99.99997811846792
2007708.5494995117,1.273251452778436e-09,1.4413202397220932e-11,99.99997828247527
2009482.3837280273,0.0,0.0,99.99997850307622
2025008.201599121,3.3318166364254135e-11,3.7716153731013177e-13,99.99997908330279
2025012.9699707031,3.98936127908635e-11,4.5159556995308985e-13,99.99997908350038
2025499.3438720703,2.4230922233232e-10,2.742939626393398e-12,99.9999791432891
2027750.015258789,0.0,0.0,99.99997926450536
2042865.7531738281,1.637616691681664e-11,1.853781574312681e-13,99.99997963380635
2042870.5215454102,1.1213297238689444e-11,1.2693448908992029e-13,99.99997963388081
2042875.2899169922,0.0,0.0,99.99997963391107
2058143.6157226562,1.3171038139135116e-09,1.4909610985843888e-11,99.99998010957879
2060880.6610107422,2.3707810478035626e-10,2.683723392337211e-12,99.99998041763635
2060885.4293823242,2.813519543292872e-10,3.184903228464909e-12,99.99998041903555
2064094.5434570312,0.0,0.0,99.99998080756247
2075924.8733520508,8.702957505158425e-10,9.851745128783234e-12,99.99998104454468
2079052.9251098633,0.0,0.0,99.99998119739148
2079057.6934814453,0.0,0.0,99.99998119739148
2093701.3626098633,1.7897136064544762e-09,2.0259552334771506e-11,99.99998190965115
2097387.3138427734,3.7836284669193894e-11,4.2830662215694827e-13,99.9999819939928
2097392.0822143555,0.0,0.0,99.99998199409492
2108473.777770996,7.728340671429516e-10,8.748479182876017e-12,99.99998267957915
2115883.8272094727,0.0,0.0,99.99998356319013
2115888.5955810547,0.0,0.0,99.99998356319013
2129325.8666992188,3.3176325701219524e-10,3.755559014555543e-12,99.99998414560748
2134542.465209961,2.5776177355268047e-11,2.9178624570773665e-13,99.99998436047021
2134547.233581543,4.463871652524565e-11,5.053101291395069e-13,99.99998436066025
2134580.612182617,0.0,0.0,99.99998436129765
2144112.5869750977,3.0709671588804286e-10,3.4763338474560103e-12,99.99998493112638
2153363.2278442383,3.9980296566767964e-11,4.5257683002072223e-13,99.9999854405319
2153367.9962158203,2.8954878679460863e-11,3.2776913459109824e-13,99.99998544071795
2153429.9850463867,0.0,0.0,99.99998544221154
2161946.2966918945,1.7937560876703798e-09,2.0305313209282696e-11,99.99998580262742
2172355.6518554688,2.6394987424296106e-11,2.9879117372166265e-13,99.9999867813521
2172360.420227051,1.5033397173937796e-11,1.7017800821114002e-13,99.99998678146393
2174644.4702148438,0.0,0.0,99.9999868825644
2179722.785949707,6.634338058620229e-10,7.510068573007845e-12,99.99998698205864
2191510.2005004883,1.8073884423543346e-11,2.0459631420961764e-13,99.99998743713041
2191514.9688720703,0.0,0.0,99.99998743717919
2197499.2752075195,6.594803895908126e-10,7.46531591338741e-12,99.99998777124073
2210836.410522461,2.9639774819987036e-11,3.35522156724266e-13,99.99998805665936
2210841.178894043,3.172403437009062e-11,3.5911596820465325e-13,99.99998805682498
2211542.1295166016,0.0,0.0,99.999988083855
2215290.069580078,1.1827181344637424e-09,1.3388365521744165e-11,99.99998853176243
2230334.2819213867,4.097056151732046e-11,4.637866261124851e-13,99.99998894739656
2230339.0502929688,2.3389771345322198e-11,2.647721372625925e-13,99.99998894757024
2230410.575866699,0.0,0.0,99.99998894917357
2233138.084411621,2.620532580055234e-10,2.966442047439016e-12,99.99998905412204
2250003.8146972656,2.1239129808801723e-11,2.4042688190702383e-13,99.99998950829699
2250008.5830688477,1.773055913324987e-11,2.0070987301507886e-13,99.99998950840217
2251667.9763793945,0.0,0.0,99.99998958061963
2265720.3674316406,1.5913595056320737e-09,1.8014184544117555e-11,99.99999006076115
2269845.0088500977,2.2104045633206716e-11,2.502177262893374e-13,99.9999905576183
2269849.7772216797,2.2428791968358656e-11,2.5389385377074477e-13,99.99999055773849
2270078.659057617,0.0,0.0,99.99999056542688
2283515.9301757812,1.220697750676631e-09,1.3818294656520023e-11,99.99999096465166
2289862.632751465,2.974247303092931e-11,3.366847001456094e-13,99.99999126105651
2289867.401123047,3.3780012053547814e-11,3.82389629044524e-13,99.99999126122795
2290182.113647461,0.0,0.0,99.99999127135268
2301297.187805176,1.5762928289703574e-09,1.784362981221057e-11,99.99999183372374
2310051.918029785,0.0,0.0,99.99999204076697
2310056.686401367,1.0781646397149905e-11,1.2204820293610216e-13,99.99999204079607
2310528.7551879883,0.0,0.0,99.99999205353024
2319097.5189208984,1.113877254349742e-09,1.2609086977729363e-11,99.9999927484726
2330427.1697998047,5.49547417736349e-12,6.220875021520546e-14,99.99999310382512
2330431.9381713867,3.011267001269734e-12,3.408753288022032e-14,99.99999310384807
2330508.232116699,0.0,0.0,99.99999310556801
2336916.923522949,2.800129078665109e-10,3.1697452267637037e-12,99.99999332174802
2350974.0829467773,2.7968440856947262e-11,3.1660266157656756e-13,99.99999359806141
2350978.8513183594,2.909831346157421e-11,3.2939281586857857e-13,99.99999359821543
2352566.719055176,0.0,0.0,99.99999371348413
2369513.511657715,9.854756502713815e-10,1.115558122780796e-11,99.99999425765137
2371706.962585449,8.056815503992611e-11,9.120312588900726e-13,99.99999441688773
2371711.7309570312,5.2766183670983157e-11,5.973130313884334e-13,99.99999441724758
2373580.9326171875,0.0,0.0,99.99999496750695
2387313.8427734375,8.534113473146534e-10,9.660613738228778e-12,99.99999515669981
2392621.0403442383,1.2101067628602017e-11,1.369840470811149e-13,99.99999548303695
2392625.8087158203,2.8321020624076242e-11,3.205938634194602e-13,99.99999548314605
2392840.3854370117,0.0,0.0,99.99999548906435
2405095.100402832,7.607032671699836e-10,8.611158565751212e-12,99.9999960796379
2413721.0845947266,4.23547549305654e-11,4.794556911494531e-13,99.99999630822867
2413725.8529663086,3.4573977658036373e-11,3.913773171629657e-13,99.9999963084363
2417731.285095215,0.0,0.0,99.99999653646012
2422876.3580322266,9.452124259355376e-10,1.0699801656340851e-11,99.99999718343388
2435007.095336914,3.840704984708203e-11,4.347676821559264e-13,99.99999760883284
2435011.863708496,1.606227917253682e-11,1.8182494916400887e-13,99.99999760897984
2436361.312866211,0.0,0.0,99.99999764814885
2440710.0677490234,3.05675577176637e-10,3.4602465617613265e-12,99.99999787865848
2456483.840942383,2.5449104664807772e-11,2.8808378389163545e-13,99.99999842777483
2456488.609313965,2.2938156138460647e-11,2.5965985455680475e-13,99.99999842790541
2456498.146057129,0.0,0.0,99.99999842810949
2473330.497741699,1.5471009431889562e-09,1.751317775797906e-11,99.99999898538411
2478141.7846679688,2.1589410043996065e-11,2.4439205305572757e-13,99.99999949998562
2478146.553039551,3.783010885054327e-11,4.2823671190945885e-13,99.99999950014598
2478160.858154297,0.0,0.0,99.99999950042945
2491111.7553710938,1.3438557835217622e-09,1.521244319675291e-11,99.99999976331395
2499995.231628418,7.714815491788458e-12,8.733168683822593e-14,99.99999999997918
2500000.0,0.0,0.0,100.0
