endpoint_id,model_id,case_id,setup_id,backend,direction,precision,endpoint_contract_hash,planned,materialized,measurement_payload_present,measured,valid_measurement,terminal,terminal_failure,lifecycle_status,terminal_reason,terminal_reason_scope,measurement_evidence_status,technical_measurement_valid,eligible_for_technical_observation,runner_returncode,causal_backend,causal_hw_arch,builder_backend,plan_evidence,materialization_evidence_count,measurement_evidence_count,valid_measurement_evidence_count,terminal_evidence_count
generic:resnet50:ort_tensorrt:b119,resnet50,b119,,ort_tensorrt,ort_tensorrt,,,True,True,True,True,True,True,False,measured,measurement_available,,valid,True,True,,,,,"{""backend"":""ort_tensorrt"",""candidate_execution_roles"":[""audit""],""candidate_origin"":""score_independent_audit"",""case_id"":""b119"",""direction"":""ort_tensorrt"",""endpoint_id"":""generic:resnet50:ort_tensorrt:b119"",""endpoint_scope"":""generic_split"",""model_id"":""resnet50"",""run_profile_id"":""ort_tensorrt""}",1,1,1,0
generic:resnet50:ort_tensorrt:b008,resnet50,b008,,ort_tensorrt,ort_tensorrt,,,True,True,True,True,True,True,False,measured,measurement_available,,valid,True,True,,,,,"{""backend"":""ort_tensorrt"",""candidate_execution_roles"":[""audit""],""candidate_origin"":""score_independent_audit"",""case_id"":""b008"",""direction"":""ort_tensorrt"",""endpoint_id"":""generic:resnet50:ort_tensorrt:b008"",""endpoint_scope"":""generic_split"",""model_id"":""resnet50"",""run_profile_id"":""ort_tensorrt""}",1,1,1,0
generic:resnet50:ort_tensorrt:b056,resnet50,b056,,ort_tensorrt,ort_tensorrt,,,True,True,True,True,True,True,False,measured,measurement_available,,valid,True,True,,,,,"{""backend"":""ort_tensorrt"",""candidate_execution_roles"":[""audit""],""candidate_origin"":""score_independent_audit"",""case_id"":""b056"",""direction"":""ort_tensorrt"",""endpoint_id"":""generic:resnet50:ort_tensorrt:b056"",""endpoint_scope"":""generic_split"",""model_id"":""resnet50"",""run_profile_id"":""ort_tensorrt""}",1,1,1,0
generic:resnet50:ort_tensorrt:b118,resnet50,b118,,ort_tensorrt,ort_tensorrt,,,True,True,True,True,True,True,False,measured,measurement_available,,valid,True,True,,,,,"{""backend"":""ort_tensorrt"",""candidate_execution_roles"":[""audit""],""candidate_origin"":""score_independent_audit"",""case_id"":""b118"",""direction"":""ort_tensorrt"",""endpoint_id"":""generic:resnet50:ort_tensorrt:b118"",""endpoint_scope"":""generic_split"",""model_id"":""resnet50"",""run_profile_id"":""ort_tensorrt""}",1,1,1,0
generic:resnet50:ort_tensorrt:b001,resnet50,b001,,ort_tensorrt,ort_tensorrt,,,True,True,True,True,True,True,False,measured,measurement_available,,valid,True,True,,,,,"{""backend"":""ort_tensorrt"",""candidate_execution_roles"":[""audit""],""candidate_origin"":""score_independent_audit"",""case_id"":""b001"",""direction"":""ort_tensorrt"",""endpoint_id"":""generic:resnet50:ort_tensorrt:b001"",""endpoint_scope"":""generic_split"",""model_id"":""resnet50"",""run_profile_id"":""ort_tensorrt""}",1,1,1,0
generic:resnet50:ort_tensorrt:b003,resnet50,b003,,ort_tensorrt,ort_tensorrt,,,True,True,True,True,True,True,False,measured,measurement_available,,valid,True,True,,,,,"{""backend"":""ort_tensorrt"",""candidate_execution_roles"":[""audit""],""candidate_origin"":""score_independent_audit"",""case_id"":""b003"",""direction"":""ort_tensorrt"",""endpoint_id"":""generic:resnet50:ort_tensorrt:b003"",""endpoint_scope"":""generic_split"",""model_id"":""resnet50"",""run_profile_id"":""ort_tensorrt""}",1,1,1,0
generic:resnet50:ort_tensorrt:b009,resnet50,b009,,ort_tensorrt,ort_tensorrt,,,True,True,True,True,True,True,False,measured,measurement_available,,valid,True,True,,,,,"{""backend"":""ort_tensorrt"",""candidate_execution_roles"":[""audit""],""candidate_origin"":""score_independent_audit"",""case_id"":""b009"",""direction"":""ort_tensorrt"",""endpoint_id"":""generic:resnet50:ort_tensorrt:b009"",""endpoint_scope"":""generic_split"",""model_id"":""resnet50"",""run_profile_id"":""ort_tensorrt""}",1,1,1,0
generic:resnet50:ort_tensorrt:b022,resnet50,b022,,ort_tensorrt,ort_tensorrt,,,True,True,True,True,True,True,False,measured,measurement_available,,valid,True,True,,,,,"{""backend"":""ort_tensorrt"",""candidate_execution_roles"":[""audit""],""candidate_origin"":""score_independent_audit"",""case_id"":""b022"",""direction"":""ort_tensorrt"",""endpoint_id"":""generic:resnet50:ort_tensorrt:b022"",""endpoint_scope"":""generic_split"",""model_id"":""resnet50"",""run_profile_id"":""ort_tensorrt""}",1,1,1,0
generic:resnet50:ort_tensorrt:b027,resnet50,b027,,ort_tensorrt,ort_tensorrt,,,True,True,True,True,True,True,False,measured,measurement_available,,valid,True,True,,,,,"{""backend"":""ort_tensorrt"",""candidate_execution_roles"":[""audit""],""candidate_origin"":""score_independent_audit"",""case_id"":""b027"",""direction"":""ort_tensorrt"",""endpoint_id"":""generic:resnet50:ort_tensorrt:b027"",""endpoint_scope"":""generic_split"",""model_id"":""resnet50"",""run_profile_id"":""ort_tensorrt""}",1,1,1,0
generic:resnet50:ort_tensorrt:b042,resnet50,b042,,ort_tensorrt,ort_tensorrt,,,True,True,True,True,True,True,False,measured,measurement_available,,valid,True,True,,,,,"{""backend"":""ort_tensorrt"",""candidate_execution_roles"":[""audit""],""candidate_origin"":""score_independent_audit"",""case_id"":""b042"",""direction"":""ort_tensorrt"",""endpoint_id"":""generic:resnet50:ort_tensorrt:b042"",""endpoint_scope"":""generic_split"",""model_id"":""resnet50"",""run_profile_id"":""ort_tensorrt""}",1,1,1,0
generic:resnet50:ort_tensorrt:b050,resnet50,b050,,ort_tensorrt,ort_tensorrt,,,True,False,False,False,False,True,True,terminal_without_measurement,legacy_case_rejected:hailo_hef_build_failed,case_generation,payload_missing,False,False,3,hailo8,hailo8,venv,"{""backend"":""ort_tensorrt"",""candidate_execution_roles"":[""audit""],""candidate_origin"":""score_independent_audit"",""case_id"":""b050"",""direction"":""ort_tensorrt"",""endpoint_id"":""generic:resnet50:ort_tensorrt:b050"",""endpoint_scope"":""generic_split"",""model_id"":""resnet50"",""run_profile_id"":""ort_tensorrt""}",0,0,0,1
generic:resnet50:ort_tensorrt:b054,resnet50,b054,,ort_tensorrt,ort_tensorrt,,,True,True,True,True,True,True,False,measured,measurement_available,,valid,True,True,,,,,"{""backend"":""ort_tensorrt"",""candidate_execution_roles"":[""audit""],""candidate_origin"":""score_independent_audit"",""case_id"":""b054"",""direction"":""ort_tensorrt"",""endpoint_id"":""generic:resnet50:ort_tensorrt:b054"",""endpoint_scope"":""generic_split"",""model_id"":""resnet50"",""run_profile_id"":""ort_tensorrt""}",1,1,1,0
generic:resnet50:ort_tensorrt:b068,resnet50,b068,,ort_tensorrt,ort_tensorrt,,,True,True,True,True,True,True,False,measured,measurement_available,,valid,True,True,,,,,"{""backend"":""ort_tensorrt"",""candidate_execution_roles"":[""audit""],""candidate_origin"":""score_independent_audit"",""case_id"":""b068"",""direction"":""ort_tensorrt"",""endpoint_id"":""generic:resnet50:ort_tensorrt:b068"",""endpoint_scope"":""generic_split"",""model_id"":""resnet50"",""run_profile_id"":""ort_tensorrt""}",1,1,1,0
generic:resnet50:ort_tensorrt:b074,resnet50,b074,,ort_tensorrt,ort_tensorrt,,,True,True,True,True,True,True,False,measured,measurement_available,,valid,True,True,,,,,"{""backend"":""ort_tensorrt"",""candidate_execution_roles"":[""audit""],""candidate_origin"":""score_independent_audit"",""case_id"":""b074"",""direction"":""ort_tensorrt"",""endpoint_id"":""generic:resnet50:ort_tensorrt:b074"",""endpoint_scope"":""generic_split"",""model_id"":""resnet50"",""run_profile_id"":""ort_tensorrt""}",1,1,1,0
generic:resnet50:ort_tensorrt:b078,resnet50,b078,,ort_tensorrt,ort_tensorrt,,,True,True,True,True,True,True,False,measured,measurement_available,,valid,True,True,,,,,"{""backend"":""ort_tensorrt"",""candidate_execution_roles"":[""audit""],""candidate_origin"":""score_independent_audit"",""case_id"":""b078"",""direction"":""ort_tensorrt"",""endpoint_id"":""generic:resnet50:ort_tensorrt:b078"",""endpoint_scope"":""generic_split"",""model_id"":""resnet50"",""run_profile_id"":""ort_tensorrt""}",1,1,1,0
generic:resnet50:ort_tensorrt:b091,resnet50,b091,,ort_tensorrt,ort_tensorrt,,,True,True,True,True,True,True,False,measured,measurement_available,,valid,True,True,,,,,"{""backend"":""ort_tensorrt"",""candidate_execution_roles"":[""audit""],""candidate_origin"":""score_independent_audit"",""case_id"":""b091"",""direction"":""ort_tensorrt"",""endpoint_id"":""generic:resnet50:ort_tensorrt:b091"",""endpoint_scope"":""generic_split"",""model_id"":""resnet50"",""run_profile_id"":""ort_tensorrt""}",1,1,1,0
generic:resnet50:ort_tensorrt:b095,resnet50,b095,,ort_tensorrt,ort_tensorrt,,,True,True,True,True,True,True,False,measured,measurement_available,,valid,True,True,,,,,"{""backend"":""ort_tensorrt"",""candidate_execution_roles"":[""audit""],""candidate_origin"":""score_independent_audit"",""case_id"":""b095"",""direction"":""ort_tensorrt"",""endpoint_id"":""generic:resnet50:ort_tensorrt:b095"",""endpoint_scope"":""generic_split"",""model_id"":""resnet50"",""run_profile_id"":""ort_tensorrt""}",1,1,1,0
generic:resnet50:ort_tensorrt:b107,resnet50,b107,,ort_tensorrt,ort_tensorrt,,,True,True,True,True,True,True,False,measured,measurement_available,,valid,True,True,,,,,"{""backend"":""ort_tensorrt"",""candidate_execution_roles"":[""audit""],""candidate_origin"":""score_independent_audit"",""case_id"":""b107"",""direction"":""ort_tensorrt"",""endpoint_id"":""generic:resnet50:ort_tensorrt:b107"",""endpoint_scope"":""generic_split"",""model_id"":""resnet50"",""run_profile_id"":""ort_tensorrt""}",1,1,1,0
generic:resnet50:ort_tensorrt:b112,resnet50,b112,,ort_tensorrt,ort_tensorrt,,,True,True,True,True,True,True,False,measured,measurement_available,,valid,True,True,,,,,"{""backend"":""ort_tensorrt"",""candidate_execution_roles"":[""audit""],""candidate_origin"":""score_independent_audit"",""case_id"":""b112"",""direction"":""ort_tensorrt"",""endpoint_id"":""generic:resnet50:ort_tensorrt:b112"",""endpoint_scope"":""generic_split"",""model_id"":""resnet50"",""run_profile_id"":""ort_tensorrt""}",1,1,1,0
generic:resnet50:ort_tensorrt:b020,resnet50,b020,,ort_tensorrt,ort_tensorrt,,,True,True,True,True,True,True,False,measured,measurement_available,,valid,True,True,,,,,"{""backend"":""ort_tensorrt"",""candidate_execution_roles"":[""audit""],""candidate_origin"":""score_independent_audit"",""case_id"":""b020"",""direction"":""ort_tensorrt"",""endpoint_id"":""generic:resnet50:ort_tensorrt:b020"",""endpoint_scope"":""generic_split"",""model_id"":""resnet50"",""run_profile_id"":""ort_tensorrt""}",1,1,1,0
generic:resnet50:ort_tensorrt:b052,resnet50,b052,,ort_tensorrt,ort_tensorrt,,,True,True,True,True,True,True,False,measured,measurement_available,,valid,True,True,,,,,"{""backend"":""ort_tensorrt"",""candidate_execution_roles"":[""deployment_shortlist""],""candidate_origin"":""deployment_shortlist"",""case_id"":""b052"",""direction"":""ort_tensorrt"",""endpoint_id"":""generic:resnet50:ort_tensorrt:b052"",""endpoint_scope"":""generic_split"",""model_id"":""resnet50"",""run_profile_id"":""ort_tensorrt""}",1,1,1,0
generic:resnet50:ort_tensorrt:full,resnet50,full,,ort_tensorrt,ort_tensorrt,,,True,True,True,True,True,True,False,measured,measurement_available,,valid,True,True,,,,,"{""backend"":""ort_tensorrt"",""case_id"":""full"",""direction"":""ort_tensorrt"",""endpoint_id"":""generic:resnet50:ort_tensorrt:full"",""endpoint_scope"":""generic_full_baseline"",""model_id"":""resnet50"",""run_profile_id"":""ort_tensorrt""}",0,1,1,0
generic:resnet50:hailo8:full,resnet50,full,,hailo8,hailo8,,,True,True,True,True,True,True,False,measured,measurement_available,,valid,True,True,,,,,"{""backend"":""hailo8"",""case_id"":""full"",""direction"":""hailo8"",""endpoint_id"":""generic:resnet50:hailo8:full"",""endpoint_scope"":""generic_full_baseline"",""model_id"":""resnet50"",""run_profile_id"":""hailo8""}",0,1,1,0
generic:resnet50:hailo8_to_trt:b119,resnet50,b119,,hailo8_to_trt,hailo8_to_trt,,,True,True,True,True,True,True,False,measured,measurement_available,,valid,True,True,,,,,"{""backend"":""hailo8_to_trt"",""candidate_execution_roles"":[""audit""],""candidate_origin"":""score_independent_audit"",""case_id"":""b119"",""direction"":""hailo8_to_trt"",""endpoint_id"":""generic:resnet50:hailo8_to_trt:b119"",""endpoint_scope"":""generic_split"",""model_id"":""resnet50"",""run_profile_id"":""hailo8_to_trt""}",1,1,1,0
generic:resnet50:hailo8_to_trt:b008,resnet50,b008,,hailo8_to_trt,hailo8_to_trt,,,True,True,True,True,True,True,False,measured,measurement_available,,valid,True,True,,,,,"{""backend"":""hailo8_to_trt"",""candidate_execution_roles"":[""audit""],""candidate_origin"":""score_independent_audit"",""case_id"":""b008"",""direction"":""hailo8_to_trt"",""endpoint_id"":""generic:resnet50:hailo8_to_trt:b008"",""endpoint_scope"":""generic_split"",""model_id"":""resnet50"",""run_profile_id"":""hailo8_to_trt""}",1,1,1,0
generic:resnet50:hailo8_to_trt:b056,resnet50,b056,,hailo8_to_trt,hailo8_to_trt,,,True,True,True,True,True,True,False,measured,measurement_available,,valid,True,True,,,,,"{""backend"":""hailo8_to_trt"",""candidate_execution_roles"":[""audit""],""candidate_origin"":""score_independent_audit"",""case_id"":""b056"",""direction"":""hailo8_to_trt"",""endpoint_id"":""generic:resnet50:hailo8_to_trt:b056"",""endpoint_scope"":""generic_split"",""model_id"":""resnet50"",""run_profile_id"":""hailo8_to_trt""}",1,1,1,0
generic:resnet50:hailo8_to_trt:b118,resnet50,b118,,hailo8_to_trt,hailo8_to_trt,,,True,True,True,True,True,True,False,measured,measurement_available,,valid,True,True,,,,,"{""backend"":""hailo8_to_trt"",""candidate_execution_roles"":[""audit""],""candidate_origin"":""score_independent_audit"",""case_id"":""b118"",""direction"":""hailo8_to_trt"",""endpoint_id"":""generic:resnet50:hailo8_to_trt:b118"",""endpoint_scope"":""generic_split"",""model_id"":""resnet50"",""run_profile_id"":""hailo8_to_trt""}",1,1,1,0
generic:resnet50:hailo8_to_trt:b001,resnet50,b001,,hailo8_to_trt,hailo8_to_trt,,,True,True,True,True,True,True,False,measured,measurement_available,,valid,True,True,,,,,"{""backend"":""hailo8_to_trt"",""candidate_execution_roles"":[""audit""],""candidate_origin"":""score_independent_audit"",""case_id"":""b001"",""direction"":""hailo8_to_trt"",""endpoint_id"":""generic:resnet50:hailo8_to_trt:b001"",""endpoint_scope"":""generic_split"",""model_id"":""resnet50"",""run_profile_id"":""hailo8_to_trt""}",1,1,1,0
generic:resnet50:hailo8_to_trt:b003,resnet50,b003,,hailo8_to_trt,hailo8_to_trt,,,True,True,True,True,True,True,False,measured,measurement_available,,valid,True,True,,,,,"{""backend"":""hailo8_to_trt"",""candidate_execution_roles"":[""audit""],""candidate_origin"":""score_independent_audit"",""case_id"":""b003"",""direction"":""hailo8_to_trt"",""endpoint_id"":""generic:resnet50:hailo8_to_trt:b003"",""endpoint_scope"":""generic_split"",""model_id"":""resnet50"",""run_profile_id"":""hailo8_to_trt""}",1,1,1,0
generic:resnet50:hailo8_to_trt:b009,resnet50,b009,,hailo8_to_trt,hailo8_to_trt,,,True,True,True,True,True,True,False,measured,measurement_available,,valid,True,True,,,,,"{""backend"":""hailo8_to_trt"",""candidate_execution_roles"":[""audit""],""candidate_origin"":""score_independent_audit"",""case_id"":""b009"",""direction"":""hailo8_to_trt"",""endpoint_id"":""generic:resnet50:hailo8_to_trt:b009"",""endpoint_scope"":""generic_split"",""model_id"":""resnet50"",""run_profile_id"":""hailo8_to_trt""}",1,1,1,0
generic:resnet50:hailo8_to_trt:b022,resnet50,b022,,hailo8_to_trt,hailo8_to_trt,,,True,True,True,True,True,True,False,measured,measurement_available,,valid,True,True,,,,,"{""backend"":""hailo8_to_trt"",""candidate_execution_roles"":[""audit""],""candidate_origin"":""score_independent_audit"",""case_id"":""b022"",""direction"":""hailo8_to_trt"",""endpoint_id"":""generic:resnet50:hailo8_to_trt:b022"",""endpoint_scope"":""generic_split"",""model_id"":""resnet50"",""run_profile_id"":""hailo8_to_trt""}",1,1,1,0
generic:resnet50:hailo8_to_trt:b027,resnet50,b027,,hailo8_to_trt,hailo8_to_trt,,,True,True,True,True,True,True,False,measured,measurement_available,,valid,True,True,,,,,"{""backend"":""hailo8_to_trt"",""candidate_execution_roles"":[""audit""],""candidate_origin"":""score_independent_audit"",""case_id"":""b027"",""direction"":""hailo8_to_trt"",""endpoint_id"":""generic:resnet50:hailo8_to_trt:b027"",""endpoint_scope"":""generic_split"",""model_id"":""resnet50"",""run_profile_id"":""hailo8_to_trt""}",1,1,1,0
generic:resnet50:hailo8_to_trt:b042,resnet50,b042,,hailo8_to_trt,hailo8_to_trt,,,True,True,True,True,True,True,False,measured,measurement_available,,valid,True,True,,,,,"{""backend"":""hailo8_to_trt"",""candidate_execution_roles"":[""audit""],""candidate_origin"":""score_independent_audit"",""case_id"":""b042"",""direction"":""hailo8_to_trt"",""endpoint_id"":""generic:resnet50:hailo8_to_trt:b042"",""endpoint_scope"":""generic_split"",""model_id"":""resnet50"",""run_profile_id"":""hailo8_to_trt""}",1,1,1,0
generic:resnet50:hailo8_to_trt:b050,resnet50,b050,,hailo8_to_trt,hailo8_to_trt,,,True,False,False,False,False,True,True,terminal_without_measurement,legacy_case_rejected:hailo_hef_build_failed,case_generation,payload_missing,False,False,3,hailo8,hailo8,venv,"{""backend"":""hailo8_to_trt"",""candidate_execution_roles"":[""audit""],""candidate_origin"":""score_independent_audit"",""case_id"":""b050"",""direction"":""hailo8_to_trt"",""endpoint_id"":""generic:resnet50:hailo8_to_trt:b050"",""endpoint_scope"":""generic_split"",""model_id"":""resnet50"",""run_profile_id"":""hailo8_to_trt""}",0,0,0,1
generic:resnet50:hailo8_to_trt:b054,resnet50,b054,,hailo8_to_trt,hailo8_to_trt,,,True,True,True,True,True,True,False,measured,measurement_available,,valid,True,True,,,,,"{""backend"":""hailo8_to_trt"",""candidate_execution_roles"":[""audit""],""candidate_origin"":""score_independent_audit"",""case_id"":""b054"",""direction"":""hailo8_to_trt"",""endpoint_id"":""generic:resnet50:hailo8_to_trt:b054"",""endpoint_scope"":""generic_split"",""model_id"":""resnet50"",""run_profile_id"":""hailo8_to_trt""}",1,1,1,0
generic:resnet50:hailo8_to_trt:b068,resnet50,b068,,hailo8_to_trt,hailo8_to_trt,,,True,True,True,True,True,True,False,measured,measurement_available,,valid,True,True,,,,,"{""backend"":""hailo8_to_trt"",""candidate_execution_roles"":[""audit""],""candidate_origin"":""score_independent_audit"",""case_id"":""b068"",""direction"":""hailo8_to_trt"",""endpoint_id"":""generic:resnet50:hailo8_to_trt:b068"",""endpoint_scope"":""generic_split"",""model_id"":""resnet50"",""run_profile_id"":""hailo8_to_trt""}",1,1,1,0
generic:resnet50:hailo8_to_trt:b074,resnet50,b074,,hailo8_to_trt,hailo8_to_trt,,,True,True,True,True,True,True,False,measured,measurement_available,,valid,True,True,,,,,"{""backend"":""hailo8_to_trt"",""candidate_execution_roles"":[""audit""],""candidate_origin"":""score_independent_audit"",""case_id"":""b074"",""direction"":""hailo8_to_trt"",""endpoint_id"":""generic:resnet50:hailo8_to_trt:b074"",""endpoint_scope"":""generic_split"",""model_id"":""resnet50"",""run_profile_id"":""hailo8_to_trt""}",1,1,1,0
generic:resnet50:hailo8_to_trt:b078,resnet50,b078,,hailo8_to_trt,hailo8_to_trt,,,True,True,True,True,True,True,False,measured,measurement_available,,valid,True,True,,,,,"{""backend"":""hailo8_to_trt"",""candidate_execution_roles"":[""audit""],""candidate_origin"":""score_independent_audit"",""case_id"":""b078"",""direction"":""hailo8_to_trt"",""endpoint_id"":""generic:resnet50:hailo8_to_trt:b078"",""endpoint_scope"":""generic_split"",""model_id"":""resnet50"",""run_profile_id"":""hailo8_to_trt""}",1,1,1,0
generic:resnet50:hailo8_to_trt:b091,resnet50,b091,,hailo8_to_trt,hailo8_to_trt,,,True,True,True,True,True,True,False,measured,measurement_available,,valid,True,True,,,,,"{""backend"":""hailo8_to_trt"",""candidate_execution_roles"":[""audit""],""candidate_origin"":""score_independent_audit"",""case_id"":""b091"",""direction"":""hailo8_to_trt"",""endpoint_id"":""generic:resnet50:hailo8_to_trt:b091"",""endpoint_scope"":""generic_split"",""model_id"":""resnet50"",""run_profile_id"":""hailo8_to_trt""}",1,1,1,0
generic:resnet50:hailo8_to_trt:b095,resnet50,b095,,hailo8_to_trt,hailo8_to_trt,,,True,True,True,True,True,True,False,measured,measurement_available,,valid,True,True,,,,,"{""backend"":""hailo8_to_trt"",""candidate_execution_roles"":[""audit""],""candidate_origin"":""score_independent_audit"",""case_id"":""b095"",""direction"":""hailo8_to_trt"",""endpoint_id"":""generic:resnet50:hailo8_to_trt:b095"",""endpoint_scope"":""generic_split"",""model_id"":""resnet50"",""run_profile_id"":""hailo8_to_trt""}",1,1,1,0
generic:resnet50:hailo8_to_trt:b107,resnet50,b107,,hailo8_to_trt,hailo8_to_trt,,,True,True,True,True,True,True,False,measured,measurement_available,,valid,True,True,,,,,"{""backend"":""hailo8_to_trt"",""candidate_execution_roles"":[""audit""],""candidate_origin"":""score_independent_audit"",""case_id"":""b107"",""direction"":""hailo8_to_trt"",""endpoint_id"":""generic:resnet50:hailo8_to_trt:b107"",""endpoint_scope"":""generic_split"",""model_id"":""resnet50"",""run_profile_id"":""hailo8_to_trt""}",1,1,1,0
generic:resnet50:hailo8_to_trt:b112,resnet50,b112,,hailo8_to_trt,hailo8_to_trt,,,True,True,True,True,True,True,False,measured,measurement_available,,valid,True,True,,,,,"{""backend"":""hailo8_to_trt"",""candidate_execution_roles"":[""audit""],""candidate_origin"":""score_independent_audit"",""case_id"":""b112"",""direction"":""hailo8_to_trt"",""endpoint_id"":""generic:resnet50:hailo8_to_trt:b112"",""endpoint_scope"":""generic_split"",""model_id"":""resnet50"",""run_profile_id"":""hailo8_to_trt""}",1,1,1,0
generic:resnet50:hailo8_to_trt:b020,resnet50,b020,,hailo8_to_trt,hailo8_to_trt,,,True,True,True,True,True,True,False,measured,measurement_available,,valid,True,True,,,,,"{""backend"":""hailo8_to_trt"",""candidate_execution_roles"":[""audit""],""candidate_origin"":""score_independent_audit"",""case_id"":""b020"",""direction"":""hailo8_to_trt"",""endpoint_id"":""generic:resnet50:hailo8_to_trt:b020"",""endpoint_scope"":""generic_split"",""model_id"":""resnet50"",""run_profile_id"":""hailo8_to_trt""}",1,1,1,0
generic:resnet50:hailo8_to_trt:b052,resnet50,b052,,hailo8_to_trt,hailo8_to_trt,,,True,True,True,True,True,True,False,measured,measurement_available,,valid,True,True,,,,,"{""backend"":""hailo8_to_trt"",""candidate_execution_roles"":[""deployment_shortlist""],""candidate_origin"":""deployment_shortlist"",""case_id"":""b052"",""direction"":""hailo8_to_trt"",""endpoint_id"":""generic:resnet50:hailo8_to_trt:b052"",""endpoint_scope"":""generic_split"",""model_id"":""resnet50"",""run_profile_id"":""hailo8_to_trt""}",1,1,1,0
generic:resnet50:hailo10:full,resnet50,full,,hailo10,hailo10,,,True,True,True,True,True,True,False,measured,measurement_available,,valid,True,True,,,,,"{""backend"":""hailo10"",""case_id"":""full"",""direction"":""hailo10"",""endpoint_id"":""generic:resnet50:hailo10:full"",""endpoint_scope"":""generic_full_baseline"",""model_id"":""resnet50"",""run_profile_id"":""hailo10""}",0,1,1,0
generic:resnet50:hailo10_to_trt:b119,resnet50,b119,,hailo10_to_trt,hailo10_to_trt,,,True,True,True,True,True,True,False,measured,measurement_available,,valid,True,True,,,,,"{""backend"":""hailo10_to_trt"",""candidate_execution_roles"":[""audit""],""candidate_origin"":""score_independent_audit"",""case_id"":""b119"",""direction"":""hailo10_to_trt"",""endpoint_id"":""generic:resnet50:hailo10_to_trt:b119"",""endpoint_scope"":""generic_split"",""model_id"":""resnet50"",""run_profile_id"":""hailo10_to_trt""}",1,1,1,0
generic:resnet50:hailo10_to_trt:b008,resnet50,b008,,hailo10_to_trt,hailo10_to_trt,,,True,True,True,True,True,True,False,measured,measurement_available,,valid,True,True,,,,,"{""backend"":""hailo10_to_trt"",""candidate_execution_roles"":[""audit""],""candidate_origin"":""score_independent_audit"",""case_id"":""b008"",""direction"":""hailo10_to_trt"",""endpoint_id"":""generic:resnet50:hailo10_to_trt:b008"",""endpoint_scope"":""generic_split"",""model_id"":""resnet50"",""run_profile_id"":""hailo10_to_trt""}",1,1,1,0
generic:resnet50:hailo10_to_trt:b056,resnet50,b056,,hailo10_to_trt,hailo10_to_trt,,,True,True,True,True,True,True,False,measured,measurement_available,,valid,True,True,,,,,"{""backend"":""hailo10_to_trt"",""candidate_execution_roles"":[""audit""],""candidate_origin"":""score_independent_audit"",""case_id"":""b056"",""direction"":""hailo10_to_trt"",""endpoint_id"":""generic:resnet50:hailo10_to_trt:b056"",""endpoint_scope"":""generic_split"",""model_id"":""resnet50"",""run_profile_id"":""hailo10_to_trt""}",1,1,1,0
generic:resnet50:hailo10_to_trt:b118,resnet50,b118,,hailo10_to_trt,hailo10_to_trt,,,True,True,True,True,True,True,False,measured,measurement_available,,valid,True,True,,,,,"{""backend"":""hailo10_to_trt"",""candidate_execution_roles"":[""audit""],""candidate_origin"":""score_independent_audit"",""case_id"":""b118"",""direction"":""hailo10_to_trt"",""endpoint_id"":""generic:resnet50:hailo10_to_trt:b118"",""endpoint_scope"":""generic_split"",""model_id"":""resnet50"",""run_profile_id"":""hailo10_to_trt""}",1,1,1,0
generic:resnet50:hailo10_to_trt:b001,resnet50,b001,,hailo10_to_trt,hailo10_to_trt,,,True,True,True,True,True,True,False,measured,measurement_available,,valid,True,True,,,,,"{""backend"":""hailo10_to_trt"",""candidate_execution_roles"":[""audit""],""candidate_origin"":""score_independent_audit"",""case_id"":""b001"",""direction"":""hailo10_to_trt"",""endpoint_id"":""generic:resnet50:hailo10_to_trt:b001"",""endpoint_scope"":""generic_split"",""model_id"":""resnet50"",""run_profile_id"":""hailo10_to_trt""}",1,1,1,0
generic:resnet50:hailo10_to_trt:b003,resnet50,b003,,hailo10_to_trt,hailo10_to_trt,,,True,True,True,True,True,True,False,measured,measurement_available,,valid,True,True,,,,,"{""backend"":""hailo10_to_trt"",""candidate_execution_roles"":[""audit""],""candidate_origin"":""score_independent_audit"",""case_id"":""b003"",""direction"":""hailo10_to_trt"",""endpoint_id"":""generic:resnet50:hailo10_to_trt:b003"",""endpoint_scope"":""generic_split"",""model_id"":""resnet50"",""run_profile_id"":""hailo10_to_trt""}",1,1,1,0
generic:resnet50:hailo10_to_trt:b009,resnet50,b009,,hailo10_to_trt,hailo10_to_trt,,,True,True,True,True,True,True,False,measured,measurement_available,,valid,True,True,,,,,"{""backend"":""hailo10_to_trt"",""candidate_execution_roles"":[""audit""],""candidate_origin"":""score_independent_audit"",""case_id"":""b009"",""direction"":""hailo10_to_trt"",""endpoint_id"":""generic:resnet50:hailo10_to_trt:b009"",""endpoint_scope"":""generic_split"",""model_id"":""resnet50"",""run_profile_id"":""hailo10_to_trt""}",1,1,1,0
generic:resnet50:hailo10_to_trt:b022,resnet50,b022,,hailo10_to_trt,hailo10_to_trt,,,True,True,True,True,True,True,False,measured,measurement_available,,valid,True,True,,,,,"{""backend"":""hailo10_to_trt"",""candidate_execution_roles"":[""audit""],""candidate_origin"":""score_independent_audit"",""case_id"":""b022"",""direction"":""hailo10_to_trt"",""endpoint_id"":""generic:resnet50:hailo10_to_trt:b022"",""endpoint_scope"":""generic_split"",""model_id"":""resnet50"",""run_profile_id"":""hailo10_to_trt""}",1,1,1,0
generic:resnet50:hailo10_to_trt:b027,resnet50,b027,,hailo10_to_trt,hailo10_to_trt,,,True,True,True,True,True,True,False,measured,measurement_available,,valid,True,True,,,,,"{""backend"":""hailo10_to_trt"",""candidate_execution_roles"":[""audit""],""candidate_origin"":""score_independent_audit"",""case_id"":""b027"",""direction"":""hailo10_to_trt"",""endpoint_id"":""generic:resnet50:hailo10_to_trt:b027"",""endpoint_scope"":""generic_split"",""model_id"":""resnet50"",""run_profile_id"":""hailo10_to_trt""}",1,1,1,0
generic:resnet50:hailo10_to_trt:b042,resnet50,b042,,hailo10_to_trt,hailo10_to_trt,,,True,True,True,True,True,True,False,measured,measurement_available,,valid,True,True,,,,,"{""backend"":""hailo10_to_trt"",""candidate_execution_roles"":[""audit""],""candidate_origin"":""score_independent_audit"",""case_id"":""b042"",""direction"":""hailo10_to_trt"",""endpoint_id"":""generic:resnet50:hailo10_to_trt:b042"",""endpoint_scope"":""generic_split"",""model_id"":""resnet50"",""run_profile_id"":""hailo10_to_trt""}",1,1,1,0
generic:resnet50:hailo10_to_trt:b050,resnet50,b050,,hailo10_to_trt,hailo10_to_trt,,,True,False,False,False,False,True,True,terminal_without_measurement,legacy_case_rejected:hailo_hef_build_failed,case_generation,payload_missing,False,False,3,hailo8,hailo8,venv,"{""backend"":""hailo10_to_trt"",""candidate_execution_roles"":[""audit""],""candidate_origin"":""score_independent_audit"",""case_id"":""b050"",""direction"":""hailo10_to_trt"",""endpoint_id"":""generic:resnet50:hailo10_to_trt:b050"",""endpoint_scope"":""generic_split"",""model_id"":""resnet50"",""run_profile_id"":""hailo10_to_trt""}",0,0,0,1
generic:resnet50:hailo10_to_trt:b054,resnet50,b054,,hailo10_to_trt,hailo10_to_trt,,,True,True,True,True,True,True,False,measured,measurement_available,,valid,True,True,,,,,"{""backend"":""hailo10_to_trt"",""candidate_execution_roles"":[""audit""],""candidate_origin"":""score_independent_audit"",""case_id"":""b054"",""direction"":""hailo10_to_trt"",""endpoint_id"":""generic:resnet50:hailo10_to_trt:b054"",""endpoint_scope"":""generic_split"",""model_id"":""resnet50"",""run_profile_id"":""hailo10_to_trt""}",1,1,1,0
generic:resnet50:hailo10_to_trt:b068,resnet50,b068,,hailo10_to_trt,hailo10_to_trt,,,True,True,True,True,True,True,False,measured,measurement_available,,valid,True,True,,,,,"{""backend"":""hailo10_to_trt"",""candidate_execution_roles"":[""audit""],""candidate_origin"":""score_independent_audit"",""case_id"":""b068"",""direction"":""hailo10_to_trt"",""endpoint_id"":""generic:resnet50:hailo10_to_trt:b068"",""endpoint_scope"":""generic_split"",""model_id"":""resnet50"",""run_profile_id"":""hailo10_to_trt""}",1,1,1,0
generic:resnet50:hailo10_to_trt:b074,resnet50,b074,,hailo10_to_trt,hailo10_to_trt,,,True,True,True,True,True,True,False,measured,measurement_available,,valid,True,True,,,,,"{""backend"":""hailo10_to_trt"",""candidate_execution_roles"":[""audit""],""candidate_origin"":""score_independent_audit"",""case_id"":""b074"",""direction"":""hailo10_to_trt"",""endpoint_id"":""generic:resnet50:hailo10_to_trt:b074"",""endpoint_scope"":""generic_split"",""model_id"":""resnet50"",""run_profile_id"":""hailo10_to_trt""}",1,1,1,0
generic:resnet50:hailo10_to_trt:b078,resnet50,b078,,hailo10_to_trt,hailo10_to_trt,,,True,True,True,True,True,True,False,measured,measurement_available,,valid,True,True,,,,,"{""backend"":""hailo10_to_trt"",""candidate_execution_roles"":[""audit""],""candidate_origin"":""score_independent_audit"",""case_id"":""b078"",""direction"":""hailo10_to_trt"",""endpoint_id"":""generic:resnet50:hailo10_to_trt:b078"",""endpoint_scope"":""generic_split"",""model_id"":""resnet50"",""run_profile_id"":""hailo10_to_trt""}",1,1,1,0
generic:resnet50:hailo10_to_trt:b091,resnet50,b091,,hailo10_to_trt,hailo10_to_trt,,,True,True,True,True,True,True,False,measured,measurement_available,,valid,True,True,,,,,"{""backend"":""hailo10_to_trt"",""candidate_execution_roles"":[""audit""],""candidate_origin"":""score_independent_audit"",""case_id"":""b091"",""direction"":""hailo10_to_trt"",""endpoint_id"":""generic:resnet50:hailo10_to_trt:b091"",""endpoint_scope"":""generic_split"",""model_id"":""resnet50"",""run_profile_id"":""hailo10_to_trt""}",1,1,1,0
generic:resnet50:hailo10_to_trt:b095,resnet50,b095,,hailo10_to_trt,hailo10_to_trt,,,True,True,True,True,True,True,False,measured,measurement_available,,valid,True,True,,,,,"{""backend"":""hailo10_to_trt"",""candidate_execution_roles"":[""audit""],""candidate_origin"":""score_independent_audit"",""case_id"":""b095"",""direction"":""hailo10_to_trt"",""endpoint_id"":""generic:resnet50:hailo10_to_trt:b095"",""endpoint_scope"":""generic_split"",""model_id"":""resnet50"",""run_profile_id"":""hailo10_to_trt""}",1,1,1,0
generic:resnet50:hailo10_to_trt:b107,resnet50,b107,,hailo10_to_trt,hailo10_to_trt,,,True,True,True,True,True,True,False,measured,measurement_available,,valid,True,True,,,,,"{""backend"":""hailo10_to_trt"",""candidate_execution_roles"":[""audit""],""candidate_origin"":""score_independent_audit"",""case_id"":""b107"",""direction"":""hailo10_to_trt"",""endpoint_id"":""generic:resnet50:hailo10_to_trt:b107"",""endpoint_scope"":""generic_split"",""model_id"":""resnet50"",""run_profile_id"":""hailo10_to_trt""}",1,1,1,0
generic:resnet50:hailo10_to_trt:b112,resnet50,b112,,hailo10_to_trt,hailo10_to_trt,,,True,True,True,True,True,True,False,measured,measurement_available,,valid,True,True,,,,,"{""backend"":""hailo10_to_trt"",""candidate_execution_roles"":[""audit""],""candidate_origin"":""score_independent_audit"",""case_id"":""b112"",""direction"":""hailo10_to_trt"",""endpoint_id"":""generic:resnet50:hailo10_to_trt:b112"",""endpoint_scope"":""generic_split"",""model_id"":""resnet50"",""run_profile_id"":""hailo10_to_trt""}",1,1,1,0
generic:resnet50:hailo10_to_trt:b020,resnet50,b020,,hailo10_to_trt,hailo10_to_trt,,,True,True,True,True,True,True,False,measured,measurement_available,,valid,True,True,,,,,"{""backend"":""hailo10_to_trt"",""candidate_execution_roles"":[""audit""],""candidate_origin"":""score_independent_audit"",""case_id"":""b020"",""direction"":""hailo10_to_trt"",""endpoint_id"":""generic:resnet50:hailo10_to_trt:b020"",""endpoint_scope"":""generic_split"",""model_id"":""resnet50"",""run_profile_id"":""hailo10_to_trt""}",1,1,1,0
generic:resnet50:hailo10_to_trt:b052,resnet50,b052,,hailo10_to_trt,hailo10_to_trt,,,True,True,True,True,True,True,False,measured,measurement_available,,valid,True,True,,,,,"{""backend"":""hailo10_to_trt"",""candidate_execution_roles"":[""deployment_shortlist""],""candidate_origin"":""deployment_shortlist"",""case_id"":""b052"",""direction"":""hailo10_to_trt"",""endpoint_id"":""generic:resnet50:hailo10_to_trt:b052"",""endpoint_scope"":""generic_split"",""model_id"":""resnet50"",""run_profile_id"":""hailo10_to_trt""}",1,1,1,0
generic:resnet50:deepx_m1_full:full,resnet50,full,,deepx_m1,deepx_m1,,,True,True,True,True,True,True,False,measured,measurement_available,,valid,True,True,,,,,"{""backend"":""deepx_m1"",""case_id"":""full"",""direction"":""deepx_m1"",""endpoint_id"":""generic:resnet50:deepx_m1_full:full"",""endpoint_scope"":""generic_full_baseline"",""model_id"":""resnet50"",""run_profile_id"":""deepx_m1_full""}",0,1,1,0
generic:resnet50:deepx_m1_to_tensorrt:b119,resnet50,b119,,deepx_m1_to_tensorrt,deepx_m1_to_tensorrt,,,True,True,True,True,True,True,False,measured,measurement_available,,valid,True,True,,,,,"{""backend"":""deepx_m1_to_tensorrt"",""candidate_execution_roles"":[""audit""],""candidate_origin"":""score_independent_audit"",""case_id"":""b119"",""direction"":""deepx_m1_to_tensorrt"",""endpoint_id"":""generic:resnet50:deepx_m1_to_tensorrt:b119"",""endpoint_scope"":""generic_split"",""model_id"":""resnet50"",""run_profile_id"":""deepx_m1_to_tensorrt""}",1,1,1,0
generic:resnet50:deepx_m1_to_tensorrt:b008,resnet50,b008,,deepx_m1_to_tensorrt,deepx_m1_to_tensorrt,,,True,True,True,True,True,True,False,measured,measurement_available,,valid,True,True,,,,,"{""backend"":""deepx_m1_to_tensorrt"",""candidate_execution_roles"":[""audit""],""candidate_origin"":""score_independent_audit"",""case_id"":""b008"",""direction"":""deepx_m1_to_tensorrt"",""endpoint_id"":""generic:resnet50:deepx_m1_to_tensorrt:b008"",""endpoint_scope"":""generic_split"",""model_id"":""resnet50"",""run_profile_id"":""deepx_m1_to_tensorrt""}",1,1,1,0
generic:resnet50:deepx_m1_to_tensorrt:b056,resnet50,b056,,deepx_m1_to_tensorrt,deepx_m1_to_tensorrt,,,True,True,True,True,True,True,False,measured,measurement_available,,valid,True,True,,,,,"{""backend"":""deepx_m1_to_tensorrt"",""candidate_execution_roles"":[""audit""],""candidate_origin"":""score_independent_audit"",""case_id"":""b056"",""direction"":""deepx_m1_to_tensorrt"",""endpoint_id"":""generic:resnet50:deepx_m1_to_tensorrt:b056"",""endpoint_scope"":""generic_split"",""model_id"":""resnet50"",""run_profile_id"":""deepx_m1_to_tensorrt""}",1,1,1,0
generic:resnet50:deepx_m1_to_tensorrt:b118,resnet50,b118,,deepx_m1_to_tensorrt,deepx_m1_to_tensorrt,,,True,True,True,True,True,True,False,measured,measurement_available,,valid,True,True,,,,,"{""backend"":""deepx_m1_to_tensorrt"",""candidate_execution_roles"":[""audit""],""candidate_origin"":""score_independent_audit"",""case_id"":""b118"",""direction"":""deepx_m1_to_tensorrt"",""endpoint_id"":""generic:resnet50:deepx_m1_to_tensorrt:b118"",""endpoint_scope"":""generic_split"",""model_id"":""resnet50"",""run_profile_id"":""deepx_m1_to_tensorrt""}",1,1,1,0
generic:resnet50:deepx_m1_to_tensorrt:b001,resnet50,b001,,deepx_m1_to_tensorrt,deepx_m1_to_tensorrt,,,True,True,True,True,True,True,False,measured,measurement_available,,valid,True,True,,,,,"{""backend"":""deepx_m1_to_tensorrt"",""candidate_execution_roles"":[""audit""],""candidate_origin"":""score_independent_audit"",""case_id"":""b001"",""direction"":""deepx_m1_to_tensorrt"",""endpoint_id"":""generic:resnet50:deepx_m1_to_tensorrt:b001"",""endpoint_scope"":""generic_split"",""model_id"":""resnet50"",""run_profile_id"":""deepx_m1_to_tensorrt""}",1,1,1,0
generic:resnet50:deepx_m1_to_tensorrt:b003,resnet50,b003,,deepx_m1_to_tensorrt,deepx_m1_to_tensorrt,,,True,True,True,True,True,True,False,measured,measurement_available,,valid,True,True,,,,,"{""backend"":""deepx_m1_to_tensorrt"",""candidate_execution_roles"":[""audit""],""candidate_origin"":""score_independent_audit"",""case_id"":""b003"",""direction"":""deepx_m1_to_tensorrt"",""endpoint_id"":""generic:resnet50:deepx_m1_to_tensorrt:b003"",""endpoint_scope"":""generic_split"",""model_id"":""resnet50"",""run_profile_id"":""deepx_m1_to_tensorrt""}",1,1,1,0
generic:resnet50:deepx_m1_to_tensorrt:b009,resnet50,b009,,deepx_m1_to_tensorrt,deepx_m1_to_tensorrt,,,True,True,True,True,True,True,False,measured,measurement_available,,valid,True,True,,,,,"{""backend"":""deepx_m1_to_tensorrt"",""candidate_execution_roles"":[""audit""],""candidate_origin"":""score_independent_audit"",""case_id"":""b009"",""direction"":""deepx_m1_to_tensorrt"",""endpoint_id"":""generic:resnet50:deepx_m1_to_tensorrt:b009"",""endpoint_scope"":""generic_split"",""model_id"":""resnet50"",""run_profile_id"":""deepx_m1_to_tensorrt""}",1,1,1,0
generic:resnet50:deepx_m1_to_tensorrt:b022,resnet50,b022,,deepx_m1_to_tensorrt,deepx_m1_to_tensorrt,,,True,True,True,True,True,True,False,measured,measurement_available,,valid,True,True,,,,,"{""backend"":""deepx_m1_to_tensorrt"",""candidate_execution_roles"":[""audit""],""candidate_origin"":""score_independent_audit"",""case_id"":""b022"",""direction"":""deepx_m1_to_tensorrt"",""endpoint_id"":""generic:resnet50:deepx_m1_to_tensorrt:b022"",""endpoint_scope"":""generic_split"",""model_id"":""resnet50"",""run_profile_id"":""deepx_m1_to_tensorrt""}",1,1,1,0
generic:resnet50:deepx_m1_to_tensorrt:b027,resnet50,b027,,deepx_m1_to_tensorrt,deepx_m1_to_tensorrt,,,True,True,True,True,True,True,False,measured,measurement_available,,valid,True,True,,,,,"{""backend"":""deepx_m1_to_tensorrt"",""candidate_execution_roles"":[""audit""],""candidate_origin"":""score_independent_audit"",""case_id"":""b027"",""direction"":""deepx_m1_to_tensorrt"",""endpoint_id"":""generic:resnet50:deepx_m1_to_tensorrt:b027"",""endpoint_scope"":""generic_split"",""model_id"":""resnet50"",""run_profile_id"":""deepx_m1_to_tensorrt""}",1,1,1,0
generic:resnet50:deepx_m1_to_tensorrt:b042,resnet50,b042,,deepx_m1_to_tensorrt,deepx_m1_to_tensorrt,,,True,True,True,True,True,True,False,measured,measurement_available,,valid,True,True,,,,,"{""backend"":""deepx_m1_to_tensorrt"",""candidate_execution_roles"":[""audit""],""candidate_origin"":""score_independent_audit"",""case_id"":""b042"",""direction"":""deepx_m1_to_tensorrt"",""endpoint_id"":""generic:resnet50:deepx_m1_to_tensorrt:b042"",""endpoint_scope"":""generic_split"",""model_id"":""resnet50"",""run_profile_id"":""deepx_m1_to_tensorrt""}",1,1,1,0
generic:resnet50:deepx_m1_to_tensorrt:b050,resnet50,b050,,deepx_m1_to_tensorrt,deepx_m1_to_tensorrt,,,True,False,False,False,False,True,True,terminal_without_measurement,legacy_case_rejected:hailo_hef_build_failed,case_generation,payload_missing,False,False,3,hailo8,hailo8,venv,"{""backend"":""deepx_m1_to_tensorrt"",""candidate_execution_roles"":[""audit""],""candidate_origin"":""score_independent_audit"",""case_id"":""b050"",""direction"":""deepx_m1_to_tensorrt"",""endpoint_id"":""generic:resnet50:deepx_m1_to_tensorrt:b050"",""endpoint_scope"":""generic_split"",""model_id"":""resnet50"",""run_profile_id"":""deepx_m1_to_tensorrt""}",0,0,0,1
generic:resnet50:deepx_m1_to_tensorrt:b054,resnet50,b054,,deepx_m1_to_tensorrt,deepx_m1_to_tensorrt,,,True,True,True,True,True,True,False,measured,measurement_available,,valid,True,True,,,,,"{""backend"":""deepx_m1_to_tensorrt"",""candidate_execution_roles"":[""audit""],""candidate_origin"":""score_independent_audit"",""case_id"":""b054"",""direction"":""deepx_m1_to_tensorrt"",""endpoint_id"":""generic:resnet50:deepx_m1_to_tensorrt:b054"",""endpoint_scope"":""generic_split"",""model_id"":""resnet50"",""run_profile_id"":""deepx_m1_to_tensorrt""}",1,1,1,0
generic:resnet50:deepx_m1_to_tensorrt:b068,resnet50,b068,,deepx_m1_to_tensorrt,deepx_m1_to_tensorrt,,,True,True,True,True,True,True,False,measured,measurement_available,,valid,True,True,,,,,"{""backend"":""deepx_m1_to_tensorrt"",""candidate_execution_roles"":[""audit""],""candidate_origin"":""score_independent_audit"",""case_id"":""b068"",""direction"":""deepx_m1_to_tensorrt"",""endpoint_id"":""generic:resnet50:deepx_m1_to_tensorrt:b068"",""endpoint_scope"":""generic_split"",""model_id"":""resnet50"",""run_profile_id"":""deepx_m1_to_tensorrt""}",1,1,1,0
generic:resnet50:deepx_m1_to_tensorrt:b074,resnet50,b074,,deepx_m1_to_tensorrt,deepx_m1_to_tensorrt,,,True,True,True,True,True,True,False,measured,measurement_available,,valid,True,True,,,,,"{""backend"":""deepx_m1_to_tensorrt"",""candidate_execution_roles"":[""audit""],""candidate_origin"":""score_independent_audit"",""case_id"":""b074"",""direction"":""deepx_m1_to_tensorrt"",""endpoint_id"":""generic:resnet50:deepx_m1_to_tensorrt:b074"",""endpoint_scope"":""generic_split"",""model_id"":""resnet50"",""run_profile_id"":""deepx_m1_to_tensorrt""}",1,1,1,0
generic:resnet50:deepx_m1_to_tensorrt:b078,resnet50,b078,,deepx_m1_to_tensorrt,deepx_m1_to_tensorrt,,,True,True,True,True,True,True,False,measured,measurement_available,,valid,True,True,,,,,"{""backend"":""deepx_m1_to_tensorrt"",""candidate_execution_roles"":[""audit""],""candidate_origin"":""score_independent_audit"",""case_id"":""b078"",""direction"":""deepx_m1_to_tensorrt"",""endpoint_id"":""generic:resnet50:deepx_m1_to_tensorrt:b078"",""endpoint_scope"":""generic_split"",""model_id"":""resnet50"",""run_profile_id"":""deepx_m1_to_tensorrt""}",1,1,1,0
generic:resnet50:deepx_m1_to_tensorrt:b091,resnet50,b091,,deepx_m1_to_tensorrt,deepx_m1_to_tensorrt,,,True,True,True,True,True,True,False,measured,measurement_available,,valid,True,True,,,,,"{""backend"":""deepx_m1_to_tensorrt"",""candidate_execution_roles"":[""audit""],""candidate_origin"":""score_independent_audit"",""case_id"":""b091"",""direction"":""deepx_m1_to_tensorrt"",""endpoint_id"":""generic:resnet50:deepx_m1_to_tensorrt:b091"",""endpoint_scope"":""generic_split"",""model_id"":""resnet50"",""run_profile_id"":""deepx_m1_to_tensorrt""}",1,1,1,0
generic:resnet50:deepx_m1_to_tensorrt:b095,resnet50,b095,,deepx_m1_to_tensorrt,deepx_m1_to_tensorrt,,,True,True,True,True,True,True,False,measured,measurement_available,,valid,True,True,,,,,"{""backend"":""deepx_m1_to_tensorrt"",""candidate_execution_roles"":[""audit""],""candidate_origin"":""score_independent_audit"",""case_id"":""b095"",""direction"":""deepx_m1_to_tensorrt"",""endpoint_id"":""generic:resnet50:deepx_m1_to_tensorrt:b095"",""endpoint_scope"":""generic_split"",""model_id"":""resnet50"",""run_profile_id"":""deepx_m1_to_tensorrt""}",1,1,1,0
generic:resnet50:deepx_m1_to_tensorrt:b107,resnet50,b107,,deepx_m1_to_tensorrt,deepx_m1_to_tensorrt,,,True,True,True,True,True,True,False,measured,measurement_available,,valid,True,True,,,,,"{""backend"":""deepx_m1_to_tensorrt"",""candidate_execution_roles"":[""audit""],""candidate_origin"":""score_independent_audit"",""case_id"":""b107"",""direction"":""deepx_m1_to_tensorrt"",""endpoint_id"":""generic:resnet50:deepx_m1_to_tensorrt:b107"",""endpoint_scope"":""generic_split"",""model_id"":""resnet50"",""run_profile_id"":""deepx_m1_to_tensorrt""}",1,1,1,0
generic:resnet50:deepx_m1_to_tensorrt:b112,resnet50,b112,,deepx_m1_to_tensorrt,deepx_m1_to_tensorrt,,,True,True,True,True,True,True,False,measured,measurement_available,,valid,True,True,,,,,"{""backend"":""deepx_m1_to_tensorrt"",""candidate_execution_roles"":[""audit""],""candidate_origin"":""score_independent_audit"",""case_id"":""b112"",""direction"":""deepx_m1_to_tensorrt"",""endpoint_id"":""generic:resnet50:deepx_m1_to_tensorrt:b112"",""endpoint_scope"":""generic_split"",""model_id"":""resnet50"",""run_profile_id"":""deepx_m1_to_tensorrt""}",1,1,1,0
generic:resnet50:deepx_m1_to_tensorrt:b020,resnet50,b020,,deepx_m1_to_tensorrt,deepx_m1_to_tensorrt,,,True,True,True,True,True,True,False,measured,measurement_available,,valid,True,True,,,,,"{""backend"":""deepx_m1_to_tensorrt"",""candidate_execution_roles"":[""audit""],""candidate_origin"":""score_independent_audit"",""case_id"":""b020"",""direction"":""deepx_m1_to_tensorrt"",""endpoint_id"":""generic:resnet50:deepx_m1_to_tensorrt:b020"",""endpoint_scope"":""generic_split"",""model_id"":""resnet50"",""run_profile_id"":""deepx_m1_to_tensorrt""}",1,1,1,0
generic:resnet50:deepx_m1_to_tensorrt:b052,resnet50,b052,,deepx_m1_to_tensorrt,deepx_m1_to_tensorrt,,,True,True,True,True,True,True,False,measured,measurement_available,,valid,True,True,,,,,"{""backend"":""deepx_m1_to_tensorrt"",""candidate_execution_roles"":[""deployment_shortlist""],""candidate_origin"":""deployment_shortlist"",""case_id"":""b052"",""direction"":""deepx_m1_to_tensorrt"",""endpoint_id"":""generic:resnet50:deepx_m1_to_tensorrt:b052"",""endpoint_scope"":""generic_split"",""model_id"":""resnet50"",""run_profile_id"":""deepx_m1_to_tensorrt""}",1,1,1,0
generic:yolo26s:ort_tensorrt:b382,yolo26s,b382,,ort_tensorrt,ort_tensorrt,,,True,False,False,False,False,True,True,terminal_without_measurement,legacy_case_rejected:hailo_hef_build_failed,case_generation,payload_missing,False,False,3,hailo10h,hailo10h,venv,"{""backend"":""ort_tensorrt"",""candidate_execution_roles"":[""audit""],""candidate_origin"":""score_independent_audit"",""case_id"":""b382"",""direction"":""ort_tensorrt"",""endpoint_id"":""generic:yolo26s:ort_tensorrt:b382"",""endpoint_scope"":""generic_split"",""model_id"":""yolo26s"",""run_profile_id"":""ort_tensorrt""}",0,0,0,1
generic:yolo26s:ort_tensorrt:b001,yolo26s,b001,,ort_tensorrt,ort_tensorrt,,,True,True,True,True,True,True,False,measured,measurement_available,,valid,True,True,,,,,"{""backend"":""ort_tensorrt"",""candidate_execution_roles"":[""audit""],""candidate_origin"":""score_independent_audit"",""case_id"":""b001"",""direction"":""ort_tensorrt"",""endpoint_id"":""generic:yolo26s:ort_tensorrt:b001"",""endpoint_scope"":""generic_split"",""model_id"":""yolo26s"",""run_profile_id"":""ort_tensorrt""}",1,1,1,0
generic:yolo26s:ort_tensorrt:b104,yolo26s,b104,,ort_tensorrt,ort_tensorrt,,,True,False,False,False,False,True,True,terminal_without_measurement,legacy_case_rejected:hailo_hef_build_failed,case_generation,payload_missing,False,False,3,hailo10h,hailo10h,venv,"{""backend"":""ort_tensorrt"",""candidate_execution_roles"":[""audit""],""candidate_origin"":""score_independent_audit"",""case_id"":""b104"",""direction"":""ort_tensorrt"",""endpoint_id"":""generic:yolo26s:ort_tensorrt:b104"",""endpoint_scope"":""generic_split"",""model_id"":""yolo26s"",""run_profile_id"":""ort_tensorrt""}",0,0,0,1
generic:yolo26s:ort_tensorrt:b377,yolo26s,b377,,ort_tensorrt,ort_tensorrt,,,True,False,False,False,False,True,True,terminal_without_measurement,legacy_case_rejected:hailo_hef_build_failed,case_generation,payload_missing,False,False,3,hailo10h,hailo10h,venv,"{""backend"":""ort_tensorrt"",""candidate_execution_roles"":[""audit""],""candidate_origin"":""score_independent_audit"",""case_id"":""b377"",""direction"":""ort_tensorrt"",""endpoint_id"":""generic:yolo26s:ort_tensorrt:b377"",""endpoint_scope"":""generic_split"",""model_id"":""yolo26s"",""run_profile_id"":""ort_tensorrt""}",0,0,0,1
generic:yolo26s:ort_tensorrt:b002,yolo26s,b002,,ort_tensorrt,ort_tensorrt,,,True,True,True,True,True,True,False,measured,measurement_available,,valid,True,True,,,,,"{""backend"":""ort_tensorrt"",""candidate_execution_roles"":[""audit""],""candidate_origin"":""score_independent_audit"",""case_id"":""b002"",""direction"":""ort_tensorrt"",""endpoint_id"":""generic:yolo26s:ort_tensorrt:b002"",""endpoint_scope"":""generic_split"",""model_id"":""yolo26s"",""run_profile_id"":""ort_tensorrt""}",1,1,1,0
generic:yolo26s:ort_tensorrt:b313,yolo26s,b313,,ort_tensorrt,ort_tensorrt,,,True,False,False,False,False,True,True,terminal_without_measurement,legacy_case_rejected:hailo_yolo26_static_part1_guard,case_generation,payload_missing,False,False,,"hailo10,hailo8","hailo10,hailo8",,"{""backend"":""ort_tensorrt"",""candidate_execution_roles"":[""audit""],""candidate_origin"":""score_independent_audit"",""case_id"":""b313"",""direction"":""ort_tensorrt"",""endpoint_id"":""generic:yolo26s:ort_tensorrt:b313"",""endpoint_scope"":""generic_split"",""model_id"":""yolo26s"",""run_profile_id"":""ort_tensorrt""}",0,0,0,1
generic:yolo26s:ort_tensorrt:b005,yolo26s,b005,,ort_tensorrt,ort_tensorrt,,,True,True,True,True,True,True,False,measured,measurement_available,,valid,True,True,,,,,"{""backend"":""ort_tensorrt"",""candidate_execution_roles"":[""audit""],""candidate_origin"":""score_independent_audit"",""case_id"":""b005"",""direction"":""ort_tensorrt"",""endpoint_id"":""generic:yolo26s:ort_tensorrt:b005"",""endpoint_scope"":""generic_split"",""model_id"":""yolo26s"",""run_profile_id"":""ort_tensorrt""}",1,1,1,0
generic:yolo26s:ort_tensorrt:b042,yolo26s,b042,,ort_tensorrt,ort_tensorrt,,,True,True,True,True,True,True,False,measured,measurement_available,,valid,True,True,,,,,"{""backend"":""ort_tensorrt"",""candidate_execution_roles"":[""audit""],""candidate_origin"":""score_independent_audit"",""case_id"":""b042"",""direction"":""ort_tensorrt"",""endpoint_id"":""generic:yolo26s:ort_tensorrt:b042"",""endpoint_scope"":""generic_split"",""model_id"":""yolo26s"",""run_profile_id"":""ort_tensorrt""}",1,1,1,0
generic:yolo26s:ort_tensorrt:b066,yolo26s,b066,,ort_tensorrt,ort_tensorrt,,,True,False,False,False,False,True,True,terminal_without_measurement,legacy_case_rejected:hailo_hef_build_failed,case_generation,payload_missing,False,False,3,hailo10h,hailo10h,venv,"{""backend"":""ort_tensorrt"",""candidate_execution_roles"":[""audit""],""candidate_origin"":""score_independent_audit"",""case_id"":""b066"",""direction"":""ort_tensorrt"",""endpoint_id"":""generic:yolo26s:ort_tensorrt:b066"",""endpoint_scope"":""generic_split"",""model_id"":""yolo26s"",""run_profile_id"":""ort_tensorrt""}",0,0,0,1
generic:yolo26s:ort_tensorrt:b088,yolo26s,b088,,ort_tensorrt,ort_tensorrt,,,True,False,False,False,False,True,True,terminal_without_measurement,legacy_case_rejected:hailo_hef_build_failed,case_generation,payload_missing,False,False,3,hailo10h,hailo10h,venv,"{""backend"":""ort_tensorrt"",""candidate_execution_roles"":[""audit""],""candidate_origin"":""score_independent_audit"",""case_id"":""b088"",""direction"":""ort_tensorrt"",""endpoint_id"":""generic:yolo26s:ort_tensorrt:b088"",""endpoint_scope"":""generic_split"",""model_id"":""yolo26s"",""run_profile_id"":""ort_tensorrt""}",0,0,0,1
generic:yolo26s:ort_tensorrt:b118,yolo26s,b118,,ort_tensorrt,ort_tensorrt,,,True,True,True,True,True,True,False,measured,measurement_available,,valid,True,True,,,,,"{""backend"":""ort_tensorrt"",""candidate_execution_roles"":[""audit""],""candidate_origin"":""score_independent_audit"",""case_id"":""b118"",""direction"":""ort_tensorrt"",""endpoint_id"":""generic:yolo26s:ort_tensorrt:b118"",""endpoint_scope"":""generic_split"",""model_id"":""yolo26s"",""run_profile_id"":""ort_tensorrt""}",1,1,1,0
generic:yolo26s:ort_tensorrt:b148,yolo26s,b148,,ort_tensorrt,ort_tensorrt,,,True,True,True,True,True,True,False,measured,measurement_available,,valid,True,True,,,,,"{""backend"":""ort_tensorrt"",""candidate_execution_roles"":[""audit""],""candidate_origin"":""score_independent_audit"",""case_id"":""b148"",""direction"":""ort_tensorrt"",""endpoint_id"":""generic:yolo26s:ort_tensorrt:b148"",""endpoint_scope"":""generic_split"",""model_id"":""yolo26s"",""run_profile_id"":""ort_tensorrt""}",1,1,1,0
generic:yolo26s:ort_tensorrt:b181,yolo26s,b181,,ort_tensorrt,ort_tensorrt,,,True,True,True,True,True,True,False,measured,measurement_available,,valid,True,True,,,,,"{""backend"":""ort_tensorrt"",""candidate_execution_roles"":[""audit""],""candidate_origin"":""score_independent_audit"",""case_id"":""b181"",""direction"":""ort_tensorrt"",""endpoint_id"":""generic:yolo26s:ort_tensorrt:b181"",""endpoint_scope"":""generic_split"",""model_id"":""yolo26s"",""run_profile_id"":""ort_tensorrt""}",1,1,1,0
generic:yolo26s:ort_tensorrt:b199,yolo26s,b199,,ort_tensorrt,ort_tensorrt,,,True,False,False,False,False,True,True,terminal_without_measurement,legacy_case_rejected:hailo_hef_build_failed,case_generation,payload_missing,False,False,3,hailo10h,hailo10h,venv,"{""backend"":""ort_tensorrt"",""candidate_execution_roles"":[""audit""],""candidate_origin"":""score_independent_audit"",""case_id"":""b199"",""direction"":""ort_tensorrt"",""endpoint_id"":""generic:yolo26s:ort_tensorrt:b199"",""endpoint_scope"":""generic_split"",""model_id"":""yolo26s"",""run_profile_id"":""ort_tensorrt""}",0,0,0,1
generic:yolo26s:ort_tensorrt:b221,yolo26s,b221,,ort_tensorrt,ort_tensorrt,,,True,True,True,True,True,True,False,measured,measurement_available,,valid,True,True,,,,,"{""backend"":""ort_tensorrt"",""candidate_execution_roles"":[""audit""],""candidate_origin"":""score_independent_audit"",""case_id"":""b221"",""direction"":""ort_tensorrt"",""endpoint_id"":""generic:yolo26s:ort_tensorrt:b221"",""endpoint_scope"":""generic_split"",""model_id"":""yolo26s"",""run_profile_id"":""ort_tensorrt""}",1,1,1,0
generic:yolo26s:ort_tensorrt:b259,yolo26s,b259,,ort_tensorrt,ort_tensorrt,,,True,False,False,False,False,True,True,terminal_without_measurement,legacy_case_rejected:hailo_yolo26_static_part1_guard,case_generation,payload_missing,False,False,,"hailo10,hailo8","hailo10,hailo8",,"{""backend"":""ort_tensorrt"",""candidate_execution_roles"":[""audit""],""candidate_origin"":""score_independent_audit"",""case_id"":""b259"",""direction"":""ort_tensorrt"",""endpoint_id"":""generic:yolo26s:ort_tensorrt:b259"",""endpoint_scope"":""generic_split"",""model_id"":""yolo26s"",""run_profile_id"":""ort_tensorrt""}",0,0,0,1
generic:yolo26s:ort_tensorrt:b280,yolo26s,b280,,ort_tensorrt,ort_tensorrt,,,True,False,False,False,False,True,True,terminal_without_measurement,legacy_case_rejected:hailo_yolo26_static_part1_guard,case_generation,payload_missing,False,False,,"hailo10,hailo8","hailo10,hailo8",,"{""backend"":""ort_tensorrt"",""candidate_execution_roles"":[""audit""],""candidate_origin"":""score_independent_audit"",""case_id"":""b280"",""direction"":""ort_tensorrt"",""endpoint_id"":""generic:yolo26s:ort_tensorrt:b280"",""endpoint_scope"":""generic_split"",""model_id"":""yolo26s"",""run_profile_id"":""ort_tensorrt""}",0,0,0,1
generic:yolo26s:ort_tensorrt:b316,yolo26s,b316,,ort_tensorrt,ort_tensorrt,,,True,False,False,False,False,True,True,terminal_without_measurement,legacy_case_rejected:hailo_yolo26_static_part1_guard,case_generation,payload_missing,False,False,,"hailo10,hailo8","hailo10,hailo8",,"{""backend"":""ort_tensorrt"",""candidate_execution_roles"":[""audit""],""candidate_origin"":""score_independent_audit"",""case_id"":""b316"",""direction"":""ort_tensorrt"",""endpoint_id"":""generic:yolo26s:ort_tensorrt:b316"",""endpoint_scope"":""generic_split"",""model_id"":""yolo26s"",""run_profile_id"":""ort_tensorrt""}",0,0,0,1
generic:yolo26s:ort_tensorrt:b351,yolo26s,b351,,ort_tensorrt,ort_tensorrt,,,True,False,False,False,False,True,True,terminal_without_measurement,legacy_case_rejected:hailo_yolo26_static_part1_guard,case_generation,payload_missing,False,False,,"hailo10,hailo8","hailo10,hailo8",,"{""backend"":""ort_tensorrt"",""candidate_execution_roles"":[""audit""],""candidate_origin"":""score_independent_audit"",""case_id"":""b351"",""direction"":""ort_tensorrt"",""endpoint_id"":""generic:yolo26s:ort_tensorrt:b351"",""endpoint_scope"":""generic_split"",""model_id"":""yolo26s"",""run_profile_id"":""ort_tensorrt""}",0,0,0,1
generic:yolo26s:ort_tensorrt:b362,yolo26s,b362,,ort_tensorrt,ort_tensorrt,,,True,False,False,False,False,True,True,terminal_without_measurement,legacy_case_rejected:hailo_hef_build_failed,case_generation,payload_missing,False,False,3,hailo8,hailo8,venv,"{""backend"":""ort_tensorrt"",""candidate_execution_roles"":[""audit""],""candidate_origin"":""score_independent_audit"",""case_id"":""b362"",""direction"":""ort_tensorrt"",""endpoint_id"":""generic:yolo26s:ort_tensorrt:b362"",""endpoint_scope"":""generic_split"",""model_id"":""yolo26s"",""run_profile_id"":""ort_tensorrt""}",0,0,0,1
generic:yolo26s:ort_tensorrt:b038,yolo26s,b038,,ort_tensorrt,ort_tensorrt,,,True,True,True,True,True,True,False,measured,measurement_available,,valid,True,True,,,,,"{""backend"":""ort_tensorrt"",""candidate_execution_roles"":[""deployment_shortlist""],""candidate_origin"":""deployment_shortlist"",""case_id"":""b038"",""direction"":""ort_tensorrt"",""endpoint_id"":""generic:yolo26s:ort_tensorrt:b038"",""endpoint_scope"":""generic_split"",""model_id"":""yolo26s"",""run_profile_id"":""ort_tensorrt""}",1,1,1,0
generic:yolo26s:ort_tensorrt:full,yolo26s,full,,ort_tensorrt,ort_tensorrt,,,True,True,True,True,True,True,False,measured,measurement_available,,valid,True,True,,,,,"{""backend"":""ort_tensorrt"",""case_id"":""full"",""direction"":""ort_tensorrt"",""endpoint_id"":""generic:yolo26s:ort_tensorrt:full"",""endpoint_scope"":""generic_full_baseline"",""model_id"":""yolo26s"",""run_profile_id"":""ort_tensorrt""}",0,1,1,0
generic:yolo26s:hailo8:full,yolo26s,full,,hailo8,hailo8,,,True,True,True,True,True,True,False,measured,measurement_available,,valid,True,True,,,,,"{""backend"":""hailo8"",""case_id"":""full"",""direction"":""hailo8"",""endpoint_id"":""generic:yolo26s:hailo8:full"",""endpoint_scope"":""generic_full_baseline"",""model_id"":""yolo26s"",""run_profile_id"":""hailo8""}",0,1,1,0
generic:yolo26s:hailo8_to_trt:b382,yolo26s,b382,,hailo8_to_trt,hailo8_to_trt,,,True,False,False,False,False,True,True,terminal_without_measurement,legacy_case_rejected:hailo_hef_build_failed,case_generation,payload_missing,False,False,3,hailo10h,hailo10h,venv,"{""backend"":""hailo8_to_trt"",""candidate_execution_roles"":[""audit""],""candidate_origin"":""score_independent_audit"",""case_id"":""b382"",""direction"":""hailo8_to_trt"",""endpoint_id"":""generic:yolo26s:hailo8_to_trt:b382"",""endpoint_scope"":""generic_split"",""model_id"":""yolo26s"",""run_profile_id"":""hailo8_to_trt""}",0,0,0,1
generic:yolo26s:hailo8_to_trt:b001,yolo26s,b001,,hailo8_to_trt,hailo8_to_trt,,,True,True,True,True,True,True,False,measured,measurement_available,,valid,True,True,,,,,"{""backend"":""hailo8_to_trt"",""candidate_execution_roles"":[""audit""],""candidate_origin"":""score_independent_audit"",""case_id"":""b001"",""direction"":""hailo8_to_trt"",""endpoint_id"":""generic:yolo26s:hailo8_to_trt:b001"",""endpoint_scope"":""generic_split"",""model_id"":""yolo26s"",""run_profile_id"":""hailo8_to_trt""}",1,1,1,0
generic:yolo26s:hailo8_to_trt:b104,yolo26s,b104,,hailo8_to_trt,hailo8_to_trt,,,True,False,False,False,False,True,True,terminal_without_measurement,legacy_case_rejected:hailo_hef_build_failed,case_generation,payload_missing,False,False,3,hailo10h,hailo10h,venv,"{""backend"":""hailo8_to_trt"",""candidate_execution_roles"":[""audit""],""candidate_origin"":""score_independent_audit"",""case_id"":""b104"",""direction"":""hailo8_to_trt"",""endpoint_id"":""generic:yolo26s:hailo8_to_trt:b104"",""endpoint_scope"":""generic_split"",""model_id"":""yolo26s"",""run_profile_id"":""hailo8_to_trt""}",0,0,0,1
generic:yolo26s:hailo8_to_trt:b377,yolo26s,b377,,hailo8_to_trt,hailo8_to_trt,,,True,False,False,False,False,True,True,terminal_without_measurement,legacy_case_rejected:hailo_hef_build_failed,case_generation,payload_missing,False,False,3,hailo10h,hailo10h,venv,"{""backend"":""hailo8_to_trt"",""candidate_execution_roles"":[""audit""],""candidate_origin"":""score_independent_audit"",""case_id"":""b377"",""direction"":""hailo8_to_trt"",""endpoint_id"":""generic:yolo26s:hailo8_to_trt:b377"",""endpoint_scope"":""generic_split"",""model_id"":""yolo26s"",""run_profile_id"":""hailo8_to_trt""}",0,0,0,1
generic:yolo26s:hailo8_to_trt:b002,yolo26s,b002,,hailo8_to_trt,hailo8_to_trt,,,True,True,True,True,True,True,False,measured,measurement_available,,valid,True,True,,,,,"{""backend"":""hailo8_to_trt"",""candidate_execution_roles"":[""audit""],""candidate_origin"":""score_independent_audit"",""case_id"":""b002"",""direction"":""hailo8_to_trt"",""endpoint_id"":""generic:yolo26s:hailo8_to_trt:b002"",""endpoint_scope"":""generic_split"",""model_id"":""yolo26s"",""run_profile_id"":""hailo8_to_trt""}",1,1,1,0
generic:yolo26s:hailo8_to_trt:b313,yolo26s,b313,,hailo8_to_trt,hailo8_to_trt,,,True,False,False,False,False,True,True,terminal_without_measurement,legacy_case_rejected:hailo_yolo26_static_part1_guard,case_generation,payload_missing,False,False,,"hailo10,hailo8","hailo10,hailo8",,"{""backend"":""hailo8_to_trt"",""candidate_execution_roles"":[""audit""],""candidate_origin"":""score_independent_audit"",""case_id"":""b313"",""direction"":""hailo8_to_trt"",""endpoint_id"":""generic:yolo26s:hailo8_to_trt:b313"",""endpoint_scope"":""generic_split"",""model_id"":""yolo26s"",""run_profile_id"":""hailo8_to_trt""}",0,0,0,1
generic:yolo26s:hailo8_to_trt:b005,yolo26s,b005,,hailo8_to_trt,hailo8_to_trt,,,True,True,True,True,True,True,False,measured,measurement_available,,valid,True,True,,,,,"{""backend"":""hailo8_to_trt"",""candidate_execution_roles"":[""audit""],""candidate_origin"":""score_independent_audit"",""case_id"":""b005"",""direction"":""hailo8_to_trt"",""endpoint_id"":""generic:yolo26s:hailo8_to_trt:b005"",""endpoint_scope"":""generic_split"",""model_id"":""yolo26s"",""run_profile_id"":""hailo8_to_trt""}",1,1,1,0
generic:yolo26s:hailo8_to_trt:b042,yolo26s,b042,,hailo8_to_trt,hailo8_to_trt,,,True,True,True,True,True,True,False,measured,measurement_available,,valid,True,True,,,,,"{""backend"":""hailo8_to_trt"",""candidate_execution_roles"":[""audit""],""candidate_origin"":""score_independent_audit"",""case_id"":""b042"",""direction"":""hailo8_to_trt"",""endpoint_id"":""generic:yolo26s:hailo8_to_trt:b042"",""endpoint_scope"":""generic_split"",""model_id"":""yolo26s"",""run_profile_id"":""hailo8_to_trt""}",1,1,1,0
generic:yolo26s:hailo8_to_trt:b066,yolo26s,b066,,hailo8_to_trt,hailo8_to_trt,,,True,False,False,False,False,True,True,terminal_without_measurement,legacy_case_rejected:hailo_hef_build_failed,case_generation,payload_missing,False,False,3,hailo10h,hailo10h,venv,"{""backend"":""hailo8_to_trt"",""candidate_execution_roles"":[""audit""],""candidate_origin"":""score_independent_audit"",""case_id"":""b066"",""direction"":""hailo8_to_trt"",""endpoint_id"":""generic:yolo26s:hailo8_to_trt:b066"",""endpoint_scope"":""generic_split"",""model_id"":""yolo26s"",""run_profile_id"":""hailo8_to_trt""}",0,0,0,1
generic:yolo26s:hailo8_to_trt:b088,yolo26s,b088,,hailo8_to_trt,hailo8_to_trt,,,True,False,False,False,False,True,True,terminal_without_measurement,legacy_case_rejected:hailo_hef_build_failed,case_generation,payload_missing,False,False,3,hailo10h,hailo10h,venv,"{""backend"":""hailo8_to_trt"",""candidate_execution_roles"":[""audit""],""candidate_origin"":""score_independent_audit"",""case_id"":""b088"",""direction"":""hailo8_to_trt"",""endpoint_id"":""generic:yolo26s:hailo8_to_trt:b088"",""endpoint_scope"":""generic_split"",""model_id"":""yolo26s"",""run_profile_id"":""hailo8_to_trt""}",0,0,0,1
generic:yolo26s:hailo8_to_trt:b118,yolo26s,b118,,hailo8_to_trt,hailo8_to_trt,,,True,True,True,True,True,True,False,measured,measurement_available,,valid,True,True,,,,,"{""backend"":""hailo8_to_trt"",""candidate_execution_roles"":[""audit""],""candidate_origin"":""score_independent_audit"",""case_id"":""b118"",""direction"":""hailo8_to_trt"",""endpoint_id"":""generic:yolo26s:hailo8_to_trt:b118"",""endpoint_scope"":""generic_split"",""model_id"":""yolo26s"",""run_profile_id"":""hailo8_to_trt""}",1,1,1,0
generic:yolo26s:hailo8_to_trt:b148,yolo26s,b148,,hailo8_to_trt,hailo8_to_trt,,,True,True,True,True,True,True,False,measured,measurement_available,,valid,True,True,,,,,"{""backend"":""hailo8_to_trt"",""candidate_execution_roles"":[""audit""],""candidate_origin"":""score_independent_audit"",""case_id"":""b148"",""direction"":""hailo8_to_trt"",""endpoint_id"":""generic:yolo26s:hailo8_to_trt:b148"",""endpoint_scope"":""generic_split"",""model_id"":""yolo26s"",""run_profile_id"":""hailo8_to_trt""}",1,1,1,0
generic:yolo26s:hailo8_to_trt:b181,yolo26s,b181,,hailo8_to_trt,hailo8_to_trt,,,True,True,True,True,True,True,False,measured,measurement_available,,valid,True,True,,,,,"{""backend"":""hailo8_to_trt"",""candidate_execution_roles"":[""audit""],""candidate_origin"":""score_independent_audit"",""case_id"":""b181"",""direction"":""hailo8_to_trt"",""endpoint_id"":""generic:yolo26s:hailo8_to_trt:b181"",""endpoint_scope"":""generic_split"",""model_id"":""yolo26s"",""run_profile_id"":""hailo8_to_trt""}",1,1,1,0
generic:yolo26s:hailo8_to_trt:b199,yolo26s,b199,,hailo8_to_trt,hailo8_to_trt,,,True,False,False,False,False,True,True,terminal_without_measurement,legacy_case_rejected:hailo_hef_build_failed,case_generation,payload_missing,False,False,3,hailo10h,hailo10h,venv,"{""backend"":""hailo8_to_trt"",""candidate_execution_roles"":[""audit""],""candidate_origin"":""score_independent_audit"",""case_id"":""b199"",""direction"":""hailo8_to_trt"",""endpoint_id"":""generic:yolo26s:hailo8_to_trt:b199"",""endpoint_scope"":""generic_split"",""model_id"":""yolo26s"",""run_profile_id"":""hailo8_to_trt""}",0,0,0,1
generic:yolo26s:hailo8_to_trt:b221,yolo26s,b221,,hailo8_to_trt,hailo8_to_trt,,,True,True,True,True,True,True,False,measured,measurement_available,,valid,True,True,,,,,"{""backend"":""hailo8_to_trt"",""candidate_execution_roles"":[""audit""],""candidate_origin"":""score_independent_audit"",""case_id"":""b221"",""direction"":""hailo8_to_trt"",""endpoint_id"":""generic:yolo26s:hailo8_to_trt:b221"",""endpoint_scope"":""generic_split"",""model_id"":""yolo26s"",""run_profile_id"":""hailo8_to_trt""}",1,1,1,0
generic:yolo26s:hailo8_to_trt:b259,yolo26s,b259,,hailo8_to_trt,hailo8_to_trt,,,True,False,False,False,False,True,True,terminal_without_measurement,legacy_case_rejected:hailo_yolo26_static_part1_guard,case_generation,payload_missing,False,False,,"hailo10,hailo8","hailo10,hailo8",,"{""backend"":""hailo8_to_trt"",""candidate_execution_roles"":[""audit""],""candidate_origin"":""score_independent_audit"",""case_id"":""b259"",""direction"":""hailo8_to_trt"",""endpoint_id"":""generic:yolo26s:hailo8_to_trt:b259"",""endpoint_scope"":""generic_split"",""model_id"":""yolo26s"",""run_profile_id"":""hailo8_to_trt""}",0,0,0,1
generic:yolo26s:hailo8_to_trt:b280,yolo26s,b280,,hailo8_to_trt,hailo8_to_trt,,,True,False,False,False,False,True,True,terminal_without_measurement,legacy_case_rejected:hailo_yolo26_static_part1_guard,case_generation,payload_missing,False,False,,"hailo10,hailo8","hailo10,hailo8",,"{""backend"":""hailo8_to_trt"",""candidate_execution_roles"":[""audit""],""candidate_origin"":""score_independent_audit"",""case_id"":""b280"",""direction"":""hailo8_to_trt"",""endpoint_id"":""generic:yolo26s:hailo8_to_trt:b280"",""endpoint_scope"":""generic_split"",""model_id"":""yolo26s"",""run_profile_id"":""hailo8_to_trt""}",0,0,0,1
generic:yolo26s:hailo8_to_trt:b316,yolo26s,b316,,hailo8_to_trt,hailo8_to_trt,,,True,False,False,False,False,True,True,terminal_without_measurement,legacy_case_rejected:hailo_yolo26_static_part1_guard,case_generation,payload_missing,False,False,,"hailo10,hailo8","hailo10,hailo8",,"{""backend"":""hailo8_to_trt"",""candidate_execution_roles"":[""audit""],""candidate_origin"":""score_independent_audit"",""case_id"":""b316"",""direction"":""hailo8_to_trt"",""endpoint_id"":""generic:yolo26s:hailo8_to_trt:b316"",""endpoint_scope"":""generic_split"",""model_id"":""yolo26s"",""run_profile_id"":""hailo8_to_trt""}",0,0,0,1
generic:yolo26s:hailo8_to_trt:b351,yolo26s,b351,,hailo8_to_trt,hailo8_to_trt,,,True,False,False,False,False,True,True,terminal_without_measurement,legacy_case_rejected:hailo_yolo26_static_part1_guard,case_generation,payload_missing,False,False,,"hailo10,hailo8","hailo10,hailo8",,"{""backend"":""hailo8_to_trt"",""candidate_execution_roles"":[""audit""],""candidate_origin"":""score_independent_audit"",""case_id"":""b351"",""direction"":""hailo8_to_trt"",""endpoint_id"":""generic:yolo26s:hailo8_to_trt:b351"",""endpoint_scope"":""generic_split"",""model_id"":""yolo26s"",""run_profile_id"":""hailo8_to_trt""}",0,0,0,1
generic:yolo26s:hailo8_to_trt:b362,yolo26s,b362,,hailo8_to_trt,hailo8_to_trt,,,True,False,False,False,False,True,True,terminal_without_measurement,legacy_case_rejected:hailo_hef_build_failed,case_generation,payload_missing,False,False,3,hailo8,hailo8,venv,"{""backend"":""hailo8_to_trt"",""candidate_execution_roles"":[""audit""],""candidate_origin"":""score_independent_audit"",""case_id"":""b362"",""direction"":""hailo8_to_trt"",""endpoint_id"":""generic:yolo26s:hailo8_to_trt:b362"",""endpoint_scope"":""generic_split"",""model_id"":""yolo26s"",""run_profile_id"":""hailo8_to_trt""}",0,0,0,1
generic:yolo26s:hailo8_to_trt:b038,yolo26s,b038,,hailo8_to_trt,hailo8_to_trt,,,True,True,True,True,True,True,False,measured,measurement_available,,valid,True,True,,,,,"{""backend"":""hailo8_to_trt"",""candidate_execution_roles"":[""deployment_shortlist""],""candidate_origin"":""deployment_shortlist"",""case_id"":""b038"",""direction"":""hailo8_to_trt"",""endpoint_id"":""generic:yolo26s:hailo8_to_trt:b038"",""endpoint_scope"":""generic_split"",""model_id"":""yolo26s"",""run_profile_id"":""hailo8_to_trt""}",1,1,1,0
generic:yolo26s:hailo10:full,yolo26s,full,,hailo10,hailo10,,,True,True,True,True,True,True,False,measured,measurement_available,,valid,True,True,,,,,"{""backend"":""hailo10"",""case_id"":""full"",""direction"":""hailo10"",""endpoint_id"":""generic:yolo26s:hailo10:full"",""endpoint_scope"":""generic_full_baseline"",""model_id"":""yolo26s"",""run_profile_id"":""hailo10""}",0,1,1,0
generic:yolo26s:hailo10_to_trt:b382,yolo26s,b382,,hailo10_to_trt,hailo10_to_trt,,,True,False,False,False,False,True,True,terminal_without_measurement,legacy_case_rejected:hailo_hef_build_failed,case_generation,payload_missing,False,False,3,hailo10h,hailo10h,venv,"{""backend"":""hailo10_to_trt"",""candidate_execution_roles"":[""audit""],""candidate_origin"":""score_independent_audit"",""case_id"":""b382"",""direction"":""hailo10_to_trt"",""endpoint_id"":""generic:yolo26s:hailo10_to_trt:b382"",""endpoint_scope"":""generic_split"",""model_id"":""yolo26s"",""run_profile_id"":""hailo10_to_trt""}",0,0,0,1
generic:yolo26s:hailo10_to_trt:b001,yolo26s,b001,,hailo10_to_trt,hailo10_to_trt,,,True,True,True,True,True,True,False,measured,measurement_available,,valid,True,True,,,,,"{""backend"":""hailo10_to_trt"",""candidate_execution_roles"":[""audit""],""candidate_origin"":""score_independent_audit"",""case_id"":""b001"",""direction"":""hailo10_to_trt"",""endpoint_id"":""generic:yolo26s:hailo10_to_trt:b001"",""endpoint_scope"":""generic_split"",""model_id"":""yolo26s"",""run_profile_id"":""hailo10_to_trt""}",1,1,1,0
generic:yolo26s:hailo10_to_trt:b104,yolo26s,b104,,hailo10_to_trt,hailo10_to_trt,,,True,False,False,False,False,True,True,terminal_without_measurement,legacy_case_rejected:hailo_hef_build_failed,case_generation,payload_missing,False,False,3,hailo10h,hailo10h,venv,"{""backend"":""hailo10_to_trt"",""candidate_execution_roles"":[""audit""],""candidate_origin"":""score_independent_audit"",""case_id"":""b104"",""direction"":""hailo10_to_trt"",""endpoint_id"":""generic:yolo26s:hailo10_to_trt:b104"",""endpoint_scope"":""generic_split"",""model_id"":""yolo26s"",""run_profile_id"":""hailo10_to_trt""}",0,0,0,1
generic:yolo26s:hailo10_to_trt:b377,yolo26s,b377,,hailo10_to_trt,hailo10_to_trt,,,True,False,False,False,False,True,True,terminal_without_measurement,legacy_case_rejected:hailo_hef_build_failed,case_generation,payload_missing,False,False,3,hailo10h,hailo10h,venv,"{""backend"":""hailo10_to_trt"",""candidate_execution_roles"":[""audit""],""candidate_origin"":""score_independent_audit"",""case_id"":""b377"",""direction"":""hailo10_to_trt"",""endpoint_id"":""generic:yolo26s:hailo10_to_trt:b377"",""endpoint_scope"":""generic_split"",""model_id"":""yolo26s"",""run_profile_id"":""hailo10_to_trt""}",0,0,0,1
generic:yolo26s:hailo10_to_trt:b002,yolo26s,b002,,hailo10_to_trt,hailo10_to_trt,,,True,True,True,True,True,True,False,measured,measurement_available,,valid,True,True,,,,,"{""backend"":""hailo10_to_trt"",""candidate_execution_roles"":[""audit""],""candidate_origin"":""score_independent_audit"",""case_id"":""b002"",""direction"":""hailo10_to_trt"",""endpoint_id"":""generic:yolo26s:hailo10_to_trt:b002"",""endpoint_scope"":""generic_split"",""model_id"":""yolo26s"",""run_profile_id"":""hailo10_to_trt""}",1,1,1,0
generic:yolo26s:hailo10_to_trt:b313,yolo26s,b313,,hailo10_to_trt,hailo10_to_trt,,,True,False,False,False,False,True,True,terminal_without_measurement,legacy_case_rejected:hailo_yolo26_static_part1_guard,case_generation,payload_missing,False,False,,"hailo10,hailo8","hailo10,hailo8",,"{""backend"":""hailo10_to_trt"",""candidate_execution_roles"":[""audit""],""candidate_origin"":""score_independent_audit"",""case_id"":""b313"",""direction"":""hailo10_to_trt"",""endpoint_id"":""generic:yolo26s:hailo10_to_trt:b313"",""endpoint_scope"":""generic_split"",""model_id"":""yolo26s"",""run_profile_id"":""hailo10_to_trt""}",0,0,0,1
generic:yolo26s:hailo10_to_trt:b005,yolo26s,b005,,hailo10_to_trt,hailo10_to_trt,,,True,True,True,True,True,True,False,measured,measurement_available,,valid,True,True,,,,,"{""backend"":""hailo10_to_trt"",""candidate_execution_roles"":[""audit""],""candidate_origin"":""score_independent_audit"",""case_id"":""b005"",""direction"":""hailo10_to_trt"",""endpoint_id"":""generic:yolo26s:hailo10_to_trt:b005"",""endpoint_scope"":""generic_split"",""model_id"":""yolo26s"",""run_profile_id"":""hailo10_to_trt""}",1,1,1,0
generic:yolo26s:hailo10_to_trt:b042,yolo26s,b042,,hailo10_to_trt,hailo10_to_trt,,,True,True,True,True,True,True,False,measured,measurement_available,,valid,True,True,,,,,"{""backend"":""hailo10_to_trt"",""candidate_execution_roles"":[""audit""],""candidate_origin"":""score_independent_audit"",""case_id"":""b042"",""direction"":""hailo10_to_trt"",""endpoint_id"":""generic:yolo26s:hailo10_to_trt:b042"",""endpoint_scope"":""generic_split"",""model_id"":""yolo26s"",""run_profile_id"":""hailo10_to_trt""}",1,1,1,0
generic:yolo26s:hailo10_to_trt:b066,yolo26s,b066,,hailo10_to_trt,hailo10_to_trt,,,True,False,False,False,False,True,True,terminal_without_measurement,legacy_case_rejected:hailo_hef_build_failed,case_generation,payload_missing,False,False,3,hailo10h,hailo10h,venv,"{""backend"":""hailo10_to_trt"",""candidate_execution_roles"":[""audit""],""candidate_origin"":""score_independent_audit"",""case_id"":""b066"",""direction"":""hailo10_to_trt"",""endpoint_id"":""generic:yolo26s:hailo10_to_trt:b066"",""endpoint_scope"":""generic_split"",""model_id"":""yolo26s"",""run_profile_id"":""hailo10_to_trt""}",0,0,0,1
generic:yolo26s:hailo10_to_trt:b088,yolo26s,b088,,hailo10_to_trt,hailo10_to_trt,,,True,False,False,False,False,True,True,terminal_without_measurement,legacy_case_rejected:hailo_hef_build_failed,case_generation,payload_missing,False,False,3,hailo10h,hailo10h,venv,"{""backend"":""hailo10_to_trt"",""candidate_execution_roles"":[""audit""],""candidate_origin"":""score_independent_audit"",""case_id"":""b088"",""direction"":""hailo10_to_trt"",""endpoint_id"":""generic:yolo26s:hailo10_to_trt:b088"",""endpoint_scope"":""generic_split"",""model_id"":""yolo26s"",""run_profile_id"":""hailo10_to_trt""}",0,0,0,1
generic:yolo26s:hailo10_to_trt:b118,yolo26s,b118,,hailo10_to_trt,hailo10_to_trt,,,True,True,True,True,True,True,False,measured,measurement_available,,valid,True,True,,,,,"{""backend"":""hailo10_to_trt"",""candidate_execution_roles"":[""audit""],""candidate_origin"":""score_independent_audit"",""case_id"":""b118"",""direction"":""hailo10_to_trt"",""endpoint_id"":""generic:yolo26s:hailo10_to_trt:b118"",""endpoint_scope"":""generic_split"",""model_id"":""yolo26s"",""run_profile_id"":""hailo10_to_trt""}",1,1,1,0
generic:yolo26s:hailo10_to_trt:b148,yolo26s,b148,,hailo10_to_trt,hailo10_to_trt,,,True,True,True,True,True,True,False,measured,measurement_available,,valid,True,True,,,,,"{""backend"":""hailo10_to_trt"",""candidate_execution_roles"":[""audit""],""candidate_origin"":""score_independent_audit"",""case_id"":""b148"",""direction"":""hailo10_to_trt"",""endpoint_id"":""generic:yolo26s:hailo10_to_trt:b148"",""endpoint_scope"":""generic_split"",""model_id"":""yolo26s"",""run_profile_id"":""hailo10_to_trt""}",1,1,1,0
generic:yolo26s:hailo10_to_trt:b181,yolo26s,b181,,hailo10_to_trt,hailo10_to_trt,,,True,True,True,True,True,True,False,measured,measurement_available,,valid,True,True,,,,,"{""backend"":""hailo10_to_trt"",""candidate_execution_roles"":[""audit""],""candidate_origin"":""score_independent_audit"",""case_id"":""b181"",""direction"":""hailo10_to_trt"",""endpoint_id"":""generic:yolo26s:hailo10_to_trt:b181"",""endpoint_scope"":""generic_split"",""model_id"":""yolo26s"",""run_profile_id"":""hailo10_to_trt""}",1,1,1,0
generic:yolo26s:hailo10_to_trt:b199,yolo26s,b199,,hailo10_to_trt,hailo10_to_trt,,,True,False,False,False,False,True,True,terminal_without_measurement,legacy_case_rejected:hailo_hef_build_failed,case_generation,payload_missing,False,False,3,hailo10h,hailo10h,venv,"{""backend"":""hailo10_to_trt"",""candidate_execution_roles"":[""audit""],""candidate_origin"":""score_independent_audit"",""case_id"":""b199"",""direction"":""hailo10_to_trt"",""endpoint_id"":""generic:yolo26s:hailo10_to_trt:b199"",""endpoint_scope"":""generic_split"",""model_id"":""yolo26s"",""run_profile_id"":""hailo10_to_trt""}",0,0,0,1
generic:yolo26s:hailo10_to_trt:b221,yolo26s,b221,,hailo10_to_trt,hailo10_to_trt,,,True,True,True,True,True,True,False,measured,measurement_available,,valid,True,True,,,,,"{""backend"":""hailo10_to_trt"",""candidate_execution_roles"":[""audit""],""candidate_origin"":""score_independent_audit"",""case_id"":""b221"",""direction"":""hailo10_to_trt"",""endpoint_id"":""generic:yolo26s:hailo10_to_trt:b221"",""endpoint_scope"":""generic_split"",""model_id"":""yolo26s"",""run_profile_id"":""hailo10_to_trt""}",1,1,1,0
generic:yolo26s:hailo10_to_trt:b259,yolo26s,b259,,hailo10_to_trt,hailo10_to_trt,,,True,False,False,False,False,True,True,terminal_without_measurement,legacy_case_rejected:hailo_yolo26_static_part1_guard,case_generation,payload_missing,False,False,,"hailo10,hailo8","hailo10,hailo8",,"{""backend"":""hailo10_to_trt"",""candidate_execution_roles"":[""audit""],""candidate_origin"":""score_independent_audit"",""case_id"":""b259"",""direction"":""hailo10_to_trt"",""endpoint_id"":""generic:yolo26s:hailo10_to_trt:b259"",""endpoint_scope"":""generic_split"",""model_id"":""yolo26s"",""run_profile_id"":""hailo10_to_trt""}",0,0,0,1
generic:yolo26s:hailo10_to_trt:b280,yolo26s,b280,,hailo10_to_trt,hailo10_to_trt,,,True,False,False,False,False,True,True,terminal_without_measurement,legacy_case_rejected:hailo_yolo26_static_part1_guard,case_generation,payload_missing,False,False,,"hailo10,hailo8","hailo10,hailo8",,"{""backend"":""hailo10_to_trt"",""candidate_execution_roles"":[""audit""],""candidate_origin"":""score_independent_audit"",""case_id"":""b280"",""direction"":""hailo10_to_trt"",""endpoint_id"":""generic:yolo26s:hailo10_to_trt:b280"",""endpoint_scope"":""generic_split"",""model_id"":""yolo26s"",""run_profile_id"":""hailo10_to_trt""}",0,0,0,1
generic:yolo26s:hailo10_to_trt:b316,yolo26s,b316,,hailo10_to_trt,hailo10_to_trt,,,True,False,False,False,False,True,True,terminal_without_measurement,legacy_case_rejected:hailo_yolo26_static_part1_guard,case_generation,payload_missing,False,False,,"hailo10,hailo8","hailo10,hailo8",,"{""backend"":""hailo10_to_trt"",""candidate_execution_roles"":[""audit""],""candidate_origin"":""score_independent_audit"",""case_id"":""b316"",""direction"":""hailo10_to_trt"",""endpoint_id"":""generic:yolo26s:hailo10_to_trt:b316"",""endpoint_scope"":""generic_split"",""model_id"":""yolo26s"",""run_profile_id"":""hailo10_to_trt""}",0,0,0,1
generic:yolo26s:hailo10_to_trt:b351,yolo26s,b351,,hailo10_to_trt,hailo10_to_trt,,,True,False,False,False,False,True,True,terminal_without_measurement,legacy_case_rejected:hailo_yolo26_static_part1_guard,case_generation,payload_missing,False,False,,"hailo10,hailo8","hailo10,hailo8",,"{""backend"":""hailo10_to_trt"",""candidate_execution_roles"":[""audit""],""candidate_origin"":""score_independent_audit"",""case_id"":""b351"",""direction"":""hailo10_to_trt"",""endpoint_id"":""generic:yolo26s:hailo10_to_trt:b351"",""endpoint_scope"":""generic_split"",""model_id"":""yolo26s"",""run_profile_id"":""hailo10_to_trt""}",0,0,0,1
generic:yolo26s:hailo10_to_trt:b362,yolo26s,b362,,hailo10_to_trt,hailo10_to_trt,,,True,False,False,False,False,True,True,terminal_without_measurement,legacy_case_rejected:hailo_hef_build_failed,case_generation,payload_missing,False,False,3,hailo8,hailo8,venv,"{""backend"":""hailo10_to_trt"",""candidate_execution_roles"":[""audit""],""candidate_origin"":""score_independent_audit"",""case_id"":""b362"",""direction"":""hailo10_to_trt"",""endpoint_id"":""generic:yolo26s:hailo10_to_trt:b362"",""endpoint_scope"":""generic_split"",""model_id"":""yolo26s"",""run_profile_id"":""hailo10_to_trt""}",0,0,0,1
generic:yolo26s:hailo10_to_trt:b038,yolo26s,b038,,hailo10_to_trt,hailo10_to_trt,,,True,True,True,True,True,True,False,measured,measurement_available,,valid,True,True,,,,,"{""backend"":""hailo10_to_trt"",""candidate_execution_roles"":[""deployment_shortlist""],""candidate_origin"":""deployment_shortlist"",""case_id"":""b038"",""direction"":""hailo10_to_trt"",""endpoint_id"":""generic:yolo26s:hailo10_to_trt:b038"",""endpoint_scope"":""generic_split"",""model_id"":""yolo26s"",""run_profile_id"":""hailo10_to_trt""}",1,1,1,0
generic:yolo26s:deepx_m1_full:full,yolo26s,full,,deepx_m1,deepx_m1,,,True,True,True,True,True,True,False,measured,measurement_available,,valid,True,True,,,,,"{""backend"":""deepx_m1"",""case_id"":""full"",""direction"":""deepx_m1"",""endpoint_id"":""generic:yolo26s:deepx_m1_full:full"",""endpoint_scope"":""generic_full_baseline"",""model_id"":""yolo26s"",""run_profile_id"":""deepx_m1_full""}",0,1,1,0
generic:yolo26s:deepx_m1_to_tensorrt:b382,yolo26s,b382,,deepx_m1_to_tensorrt,deepx_m1_to_tensorrt,,,True,False,False,False,False,True,True,terminal_without_measurement,legacy_case_rejected:hailo_hef_build_failed,case_generation,payload_missing,False,False,3,hailo10h,hailo10h,venv,"{""backend"":""deepx_m1_to_tensorrt"",""candidate_execution_roles"":[""audit""],""candidate_origin"":""score_independent_audit"",""case_id"":""b382"",""direction"":""deepx_m1_to_tensorrt"",""endpoint_id"":""generic:yolo26s:deepx_m1_to_tensorrt:b382"",""endpoint_scope"":""generic_split"",""model_id"":""yolo26s"",""run_profile_id"":""deepx_m1_to_tensorrt""}",0,0,0,1
generic:yolo26s:deepx_m1_to_tensorrt:b001,yolo26s,b001,,deepx_m1_to_tensorrt,deepx_m1_to_tensorrt,,,True,True,True,True,True,True,False,measured,measurement_available,,valid,True,True,,,,,"{""backend"":""deepx_m1_to_tensorrt"",""candidate_execution_roles"":[""audit""],""candidate_origin"":""score_independent_audit"",""case_id"":""b001"",""direction"":""deepx_m1_to_tensorrt"",""endpoint_id"":""generic:yolo26s:deepx_m1_to_tensorrt:b001"",""endpoint_scope"":""generic_split"",""model_id"":""yolo26s"",""run_profile_id"":""deepx_m1_to_tensorrt""}",1,1,1,0
generic:yolo26s:deepx_m1_to_tensorrt:b104,yolo26s,b104,,deepx_m1_to_tensorrt,deepx_m1_to_tensorrt,,,True,False,False,False,False,True,True,terminal_without_measurement,legacy_case_rejected:hailo_hef_build_failed,case_generation,payload_missing,False,False,3,hailo10h,hailo10h,venv,"{""backend"":""deepx_m1_to_tensorrt"",""candidate_execution_roles"":[""audit""],""candidate_origin"":""score_independent_audit"",""case_id"":""b104"",""direction"":""deepx_m1_to_tensorrt"",""endpoint_id"":""generic:yolo26s:deepx_m1_to_tensorrt:b104"",""endpoint_scope"":""generic_split"",""model_id"":""yolo26s"",""run_profile_id"":""deepx_m1_to_tensorrt""}",0,0,0,1
generic:yolo26s:deepx_m1_to_tensorrt:b377,yolo26s,b377,,deepx_m1_to_tensorrt,deepx_m1_to_tensorrt,,,True,False,False,False,False,True,True,terminal_without_measurement,legacy_case_rejected:hailo_hef_build_failed,case_generation,payload_missing,False,False,3,hailo10h,hailo10h,venv,"{""backend"":""deepx_m1_to_tensorrt"",""candidate_execution_roles"":[""audit""],""candidate_origin"":""score_independent_audit"",""case_id"":""b377"",""direction"":""deepx_m1_to_tensorrt"",""endpoint_id"":""generic:yolo26s:deepx_m1_to_tensorrt:b377"",""endpoint_scope"":""generic_split"",""model_id"":""yolo26s"",""run_profile_id"":""deepx_m1_to_tensorrt""}",0,0,0,1
generic:yolo26s:deepx_m1_to_tensorrt:b002,yolo26s,b002,,deepx_m1_to_tensorrt,deepx_m1_to_tensorrt,,,True,True,True,True,True,True,False,measured,measurement_available,,valid,True,True,,,,,"{""backend"":""deepx_m1_to_tensorrt"",""candidate_execution_roles"":[""audit""],""candidate_origin"":""score_independent_audit"",""case_id"":""b002"",""direction"":""deepx_m1_to_tensorrt"",""endpoint_id"":""generic:yolo26s:deepx_m1_to_tensorrt:b002"",""endpoint_scope"":""generic_split"",""model_id"":""yolo26s"",""run_profile_id"":""deepx_m1_to_tensorrt""}",1,1,1,0
generic:yolo26s:deepx_m1_to_tensorrt:b313,yolo26s,b313,,deepx_m1_to_tensorrt,deepx_m1_to_tensorrt,,,True,False,False,False,False,True,True,terminal_without_measurement,legacy_case_rejected:hailo_yolo26_static_part1_guard,case_generation,payload_missing,False,False,,"hailo10,hailo8","hailo10,hailo8",,"{""backend"":""deepx_m1_to_tensorrt"",""candidate_execution_roles"":[""audit""],""candidate_origin"":""score_independent_audit"",""case_id"":""b313"",""direction"":""deepx_m1_to_tensorrt"",""endpoint_id"":""generic:yolo26s:deepx_m1_to_tensorrt:b313"",""endpoint_scope"":""generic_split"",""model_id"":""yolo26s"",""run_profile_id"":""deepx_m1_to_tensorrt""}",0,0,0,1
generic:yolo26s:deepx_m1_to_tensorrt:b005,yolo26s,b005,,deepx_m1_to_tensorrt,deepx_m1_to_tensorrt,,,True,True,True,True,True,True,False,measured,measurement_available,,valid,True,True,,,,,"{""backend"":""deepx_m1_to_tensorrt"",""candidate_execution_roles"":[""audit""],""candidate_origin"":""score_independent_audit"",""case_id"":""b005"",""direction"":""deepx_m1_to_tensorrt"",""endpoint_id"":""generic:yolo26s:deepx_m1_to_tensorrt:b005"",""endpoint_scope"":""generic_split"",""model_id"":""yolo26s"",""run_profile_id"":""deepx_m1_to_tensorrt""}",1,1,1,0
generic:yolo26s:deepx_m1_to_tensorrt:b042,yolo26s,b042,,deepx_m1_to_tensorrt,deepx_m1_to_tensorrt,,,True,True,True,True,True,True,False,measured,measurement_available,,valid,True,True,,,,,"{""backend"":""deepx_m1_to_tensorrt"",""candidate_execution_roles"":[""audit""],""candidate_origin"":""score_independent_audit"",""case_id"":""b042"",""direction"":""deepx_m1_to_tensorrt"",""endpoint_id"":""generic:yolo26s:deepx_m1_to_tensorrt:b042"",""endpoint_scope"":""generic_split"",""model_id"":""yolo26s"",""run_profile_id"":""deepx_m1_to_tensorrt""}",1,1,1,0
generic:yolo26s:deepx_m1_to_tensorrt:b066,yolo26s,b066,,deepx_m1_to_tensorrt,deepx_m1_to_tensorrt,,,True,False,False,False,False,True,True,terminal_without_measurement,legacy_case_rejected:hailo_hef_build_failed,case_generation,payload_missing,False,False,3,hailo10h,hailo10h,venv,"{""backend"":""deepx_m1_to_tensorrt"",""candidate_execution_roles"":[""audit""],""candidate_origin"":""score_independent_audit"",""case_id"":""b066"",""direction"":""deepx_m1_to_tensorrt"",""endpoint_id"":""generic:yolo26s:deepx_m1_to_tensorrt:b066"",""endpoint_scope"":""generic_split"",""model_id"":""yolo26s"",""run_profile_id"":""deepx_m1_to_tensorrt""}",0,0,0,1
generic:yolo26s:deepx_m1_to_tensorrt:b088,yolo26s,b088,,deepx_m1_to_tensorrt,deepx_m1_to_tensorrt,,,True,False,False,False,False,True,True,terminal_without_measurement,legacy_case_rejected:hailo_hef_build_failed,case_generation,payload_missing,False,False,3,hailo10h,hailo10h,venv,"{""backend"":""deepx_m1_to_tensorrt"",""candidate_execution_roles"":[""audit""],""candidate_origin"":""score_independent_audit"",""case_id"":""b088"",""direction"":""deepx_m1_to_tensorrt"",""endpoint_id"":""generic:yolo26s:deepx_m1_to_tensorrt:b088"",""endpoint_scope"":""generic_split"",""model_id"":""yolo26s"",""run_profile_id"":""deepx_m1_to_tensorrt""}",0,0,0,1
generic:yolo26s:deepx_m1_to_tensorrt:b118,yolo26s,b118,,deepx_m1_to_tensorrt,deepx_m1_to_tensorrt,,,True,True,True,True,True,True,False,measured,measurement_available,,valid,True,True,,,,,"{""backend"":""deepx_m1_to_tensorrt"",""candidate_execution_roles"":[""audit""],""candidate_origin"":""score_independent_audit"",""case_id"":""b118"",""direction"":""deepx_m1_to_tensorrt"",""endpoint_id"":""generic:yolo26s:deepx_m1_to_tensorrt:b118"",""endpoint_scope"":""generic_split"",""model_id"":""yolo26s"",""run_profile_id"":""deepx_m1_to_tensorrt""}",1,1,1,0
generic:yolo26s:deepx_m1_to_tensorrt:b148,yolo26s,b148,,deepx_m1_to_tensorrt,deepx_m1_to_tensorrt,,,True,True,True,True,True,True,False,measured,measurement_available,,valid,True,True,,,,,"{""backend"":""deepx_m1_to_tensorrt"",""candidate_execution_roles"":[""audit""],""candidate_origin"":""score_independent_audit"",""case_id"":""b148"",""direction"":""deepx_m1_to_tensorrt"",""endpoint_id"":""generic:yolo26s:deepx_m1_to_tensorrt:b148"",""endpoint_scope"":""generic_split"",""model_id"":""yolo26s"",""run_profile_id"":""deepx_m1_to_tensorrt""}",1,1,1,0
generic:yolo26s:deepx_m1_to_tensorrt:b181,yolo26s,b181,,deepx_m1_to_tensorrt,deepx_m1_to_tensorrt,,,True,True,True,True,True,True,False,measured,measurement_available,,valid,True,True,,,,,"{""backend"":""deepx_m1_to_tensorrt"",""candidate_execution_roles"":[""audit""],""candidate_origin"":""score_independent_audit"",""case_id"":""b181"",""direction"":""deepx_m1_to_tensorrt"",""endpoint_id"":""generic:yolo26s:deepx_m1_to_tensorrt:b181"",""endpoint_scope"":""generic_split"",""model_id"":""yolo26s"",""run_profile_id"":""deepx_m1_to_tensorrt""}",1,1,1,0
generic:yolo26s:deepx_m1_to_tensorrt:b199,yolo26s,b199,,deepx_m1_to_tensorrt,deepx_m1_to_tensorrt,,,True,False,False,False,False,True,True,terminal_without_measurement,legacy_case_rejected:hailo_hef_build_failed,case_generation,payload_missing,False,False,3,hailo10h,hailo10h,venv,"{""backend"":""deepx_m1_to_tensorrt"",""candidate_execution_roles"":[""audit""],""candidate_origin"":""score_independent_audit"",""case_id"":""b199"",""direction"":""deepx_m1_to_tensorrt"",""endpoint_id"":""generic:yolo26s:deepx_m1_to_tensorrt:b199"",""endpoint_scope"":""generic_split"",""model_id"":""yolo26s"",""run_profile_id"":""deepx_m1_to_tensorrt""}",0,0,0,1
generic:yolo26s:deepx_m1_to_tensorrt:b221,yolo26s,b221,,deepx_m1_to_tensorrt,deepx_m1_to_tensorrt,,,True,True,True,True,True,True,False,measured,measurement_available,,valid,True,True,,,,,"{""backend"":""deepx_m1_to_tensorrt"",""candidate_execution_roles"":[""audit""],""candidate_origin"":""score_independent_audit"",""case_id"":""b221"",""direction"":""deepx_m1_to_tensorrt"",""endpoint_id"":""generic:yolo26s:deepx_m1_to_tensorrt:b221"",""endpoint_scope"":""generic_split"",""model_id"":""yolo26s"",""run_profile_id"":""deepx_m1_to_tensorrt""}",1,1,1,0
generic:yolo26s:deepx_m1_to_tensorrt:b259,yolo26s,b259,,deepx_m1_to_tensorrt,deepx_m1_to_tensorrt,,,True,False,False,False,False,True,True,terminal_without_measurement,legacy_case_rejected:hailo_yolo26_static_part1_guard,case_generation,payload_missing,False,False,,"hailo10,hailo8","hailo10,hailo8",,"{""backend"":""deepx_m1_to_tensorrt"",""candidate_execution_roles"":[""audit""],""candidate_origin"":""score_independent_audit"",""case_id"":""b259"",""direction"":""deepx_m1_to_tensorrt"",""endpoint_id"":""generic:yolo26s:deepx_m1_to_tensorrt:b259"",""endpoint_scope"":""generic_split"",""model_id"":""yolo26s"",""run_profile_id"":""deepx_m1_to_tensorrt""}",0,0,0,1
generic:yolo26s:deepx_m1_to_tensorrt:b280,yolo26s,b280,,deepx_m1_to_tensorrt,deepx_m1_to_tensorrt,,,True,False,False,False,False,True,True,terminal_without_measurement,legacy_case_rejected:hailo_yolo26_static_part1_guard,case_generation,payload_missing,False,False,,"hailo10,hailo8","hailo10,hailo8",,"{""backend"":""deepx_m1_to_tensorrt"",""candidate_execution_roles"":[""audit""],""candidate_origin"":""score_independent_audit"",""case_id"":""b280"",""direction"":""deepx_m1_to_tensorrt"",""endpoint_id"":""generic:yolo26s:deepx_m1_to_tensorrt:b280"",""endpoint_scope"":""generic_split"",""model_id"":""yolo26s"",""run_profile_id"":""deepx_m1_to_tensorrt""}",0,0,0,1
generic:yolo26s:deepx_m1_to_tensorrt:b316,yolo26s,b316,,deepx_m1_to_tensorrt,deepx_m1_to_tensorrt,,,True,False,False,False,False,True,True,terminal_without_measurement,legacy_case_rejected:hailo_yolo26_static_part1_guard,case_generation,payload_missing,False,False,,"hailo10,hailo8","hailo10,hailo8",,"{""backend"":""deepx_m1_to_tensorrt"",""candidate_execution_roles"":[""audit""],""candidate_origin"":""score_independent_audit"",""case_id"":""b316"",""direction"":""deepx_m1_to_tensorrt"",""endpoint_id"":""generic:yolo26s:deepx_m1_to_tensorrt:b316"",""endpoint_scope"":""generic_split"",""model_id"":""yolo26s"",""run_profile_id"":""deepx_m1_to_tensorrt""}",0,0,0,1
generic:yolo26s:deepx_m1_to_tensorrt:b351,yolo26s,b351,,deepx_m1_to_tensorrt,deepx_m1_to_tensorrt,,,True,False,False,False,False,True,True,terminal_without_measurement,legacy_case_rejected:hailo_yolo26_static_part1_guard,case_generation,payload_missing,False,False,,"hailo10,hailo8","hailo10,hailo8",,"{""backend"":""deepx_m1_to_tensorrt"",""candidate_execution_roles"":[""audit""],""candidate_origin"":""score_independent_audit"",""case_id"":""b351"",""direction"":""deepx_m1_to_tensorrt"",""endpoint_id"":""generic:yolo26s:deepx_m1_to_tensorrt:b351"",""endpoint_scope"":""generic_split"",""model_id"":""yolo26s"",""run_profile_id"":""deepx_m1_to_tensorrt""}",0,0,0,1
generic:yolo26s:deepx_m1_to_tensorrt:b362,yolo26s,b362,,deepx_m1_to_tensorrt,deepx_m1_to_tensorrt,,,True,False,False,False,False,True,True,terminal_without_measurement,legacy_case_rejected:hailo_hef_build_failed,case_generation,payload_missing,False,False,3,hailo8,hailo8,venv,"{""backend"":""deepx_m1_to_tensorrt"",""candidate_execution_roles"":[""audit""],""candidate_origin"":""score_independent_audit"",""case_id"":""b362"",""direction"":""deepx_m1_to_tensorrt"",""endpoint_id"":""generic:yolo26s:deepx_m1_to_tensorrt:b362"",""endpoint_scope"":""generic_split"",""model_id"":""yolo26s"",""run_profile_id"":""deepx_m1_to_tensorrt""}",0,0,0,1
generic:yolo26s:deepx_m1_to_tensorrt:b038,yolo26s,b038,,deepx_m1_to_tensorrt,deepx_m1_to_tensorrt,,,True,True,True,True,True,True,False,measured,measurement_available,,valid,True,True,,,,,"{""backend"":""deepx_m1_to_tensorrt"",""candidate_execution_roles"":[""deployment_shortlist""],""candidate_origin"":""deployment_shortlist"",""case_id"":""b038"",""direction"":""deepx_m1_to_tensorrt"",""endpoint_id"":""generic:yolo26s:deepx_m1_to_tensorrt:b038"",""endpoint_scope"":""generic_split"",""model_id"":""yolo26s"",""run_profile_id"":""deepx_m1_to_tensorrt""}",1,1,1,0
generic:yolov7_paper:ort_tensorrt:b306,yolov7_paper,b306,,ort_tensorrt,ort_tensorrt,,,True,True,True,True,True,True,False,measured,measurement_available,,valid,True,True,,,,,"{""backend"":""ort_tensorrt"",""candidate_execution_roles"":[""audit""],""candidate_origin"":""score_independent_audit"",""case_id"":""b306"",""direction"":""ort_tensorrt"",""endpoint_id"":""generic:yolov7_paper:ort_tensorrt:b306"",""endpoint_scope"":""generic_split"",""model_id"":""yolov7_paper"",""run_profile_id"":""ort_tensorrt""}",1,1,1,0
generic:yolov7_paper:ort_tensorrt:b001,yolov7_paper,b001,,ort_tensorrt,ort_tensorrt,,,True,True,True,True,True,True,False,measured,measurement_available,,valid,True,True,,,,,"{""backend"":""ort_tensorrt"",""candidate_execution_roles"":[""audit""],""candidate_origin"":""score_independent_audit"",""case_id"":""b001"",""direction"":""ort_tensorrt"",""endpoint_id"":""generic:yolov7_paper:ort_tensorrt:b001"",""endpoint_scope"":""generic_split"",""model_id"":""yolov7_paper"",""run_profile_id"":""ort_tensorrt""}",1,1,1,0
generic:yolov7_paper:ort_tensorrt:b092,yolov7_paper,b092,,ort_tensorrt,ort_tensorrt,,,True,True,True,True,True,True,False,measured,measurement_available,,valid,True,True,,,,,"{""backend"":""ort_tensorrt"",""candidate_execution_roles"":[""audit""],""candidate_origin"":""score_independent_audit"",""case_id"":""b092"",""direction"":""ort_tensorrt"",""endpoint_id"":""generic:yolov7_paper:ort_tensorrt:b092"",""endpoint_scope"":""generic_split"",""model_id"":""yolov7_paper"",""run_profile_id"":""ort_tensorrt""}",1,1,1,0
generic:yolov7_paper:ort_tensorrt:b002,yolov7_paper,b002,,ort_tensorrt,ort_tensorrt,,,True,True,True,True,True,True,False,measured,measurement_available,,valid,True,True,,,,,"{""backend"":""ort_tensorrt"",""candidate_execution_roles"":[""audit""],""candidate_origin"":""score_independent_audit"",""case_id"":""b002"",""direction"":""ort_tensorrt"",""endpoint_id"":""generic:yolov7_paper:ort_tensorrt:b002"",""endpoint_scope"":""generic_split"",""model_id"":""yolov7_paper"",""run_profile_id"":""ort_tensorrt""}",1,1,1,0
generic:yolov7_paper:ort_tensorrt:b186,yolov7_paper,b186,,ort_tensorrt,ort_tensorrt,,,True,True,True,True,True,True,False,measured,measurement_available,,valid,True,True,,,,,"{""backend"":""ort_tensorrt"",""candidate_execution_roles"":[""audit""],""candidate_origin"":""score_independent_audit"",""case_id"":""b186"",""direction"":""ort_tensorrt"",""endpoint_id"":""generic:yolov7_paper:ort_tensorrt:b186"",""endpoint_scope"":""generic_split"",""model_id"":""yolov7_paper"",""run_profile_id"":""ort_tensorrt""}",1,1,1,0
generic:yolov7_paper:ort_tensorrt:b013,yolov7_paper,b013,,ort_tensorrt,ort_tensorrt,,,True,True,True,True,True,True,False,measured,measurement_available,,valid,True,True,,,,,"{""backend"":""ort_tensorrt"",""candidate_execution_roles"":[""audit""],""candidate_origin"":""score_independent_audit"",""case_id"":""b013"",""direction"":""ort_tensorrt"",""endpoint_id"":""generic:yolov7_paper:ort_tensorrt:b013"",""endpoint_scope"":""generic_split"",""model_id"":""yolov7_paper"",""run_profile_id"":""ort_tensorrt""}",1,1,1,0
generic:yolov7_paper:ort_tensorrt:b031,yolov7_paper,b031,,ort_tensorrt,ort_tensorrt,,,True,False,False,False,False,True,True,terminal_without_measurement,legacy_case_rejected:hailo_hef_build_failed,case_generation,payload_missing,False,False,3,hailo10h,hailo10h,venv,"{""backend"":""ort_tensorrt"",""candidate_execution_roles"":[""audit""],""candidate_origin"":""score_independent_audit"",""case_id"":""b031"",""direction"":""ort_tensorrt"",""endpoint_id"":""generic:yolov7_paper:ort_tensorrt:b031"",""endpoint_scope"":""generic_split"",""model_id"":""yolov7_paper"",""run_profile_id"":""ort_tensorrt""}",0,0,0,1
generic:yolov7_paper:ort_tensorrt:b049,yolov7_paper,b049,,ort_tensorrt,ort_tensorrt,,,True,True,True,True,True,True,False,measured,measurement_available,,valid,True,True,,,,,"{""backend"":""ort_tensorrt"",""candidate_execution_roles"":[""audit""],""candidate_origin"":""score_independent_audit"",""case_id"":""b049"",""direction"":""ort_tensorrt"",""endpoint_id"":""generic:yolov7_paper:ort_tensorrt:b049"",""endpoint_scope"":""generic_split"",""model_id"":""yolov7_paper"",""run_profile_id"":""ort_tensorrt""}",1,1,1,0
generic:yolov7_paper:ort_tensorrt:b065,yolov7_paper,b065,,ort_tensorrt,ort_tensorrt,,,True,True,True,True,True,True,False,measured,measurement_available,,valid,True,True,,,,,"{""backend"":""ort_tensorrt"",""candidate_execution_roles"":[""audit""],""candidate_origin"":""score_independent_audit"",""case_id"":""b065"",""direction"":""ort_tensorrt"",""endpoint_id"":""generic:yolov7_paper:ort_tensorrt:b065"",""endpoint_scope"":""generic_split"",""model_id"":""yolov7_paper"",""run_profile_id"":""ort_tensorrt""}",1,1,1,0
generic:yolov7_paper:ort_tensorrt:b088,yolov7_paper,b088,,ort_tensorrt,ort_tensorrt,,,True,True,True,True,True,True,False,measured,measurement_available,,valid,True,True,,,,,"{""backend"":""ort_tensorrt"",""candidate_execution_roles"":[""audit""],""candidate_origin"":""score_independent_audit"",""case_id"":""b088"",""direction"":""ort_tensorrt"",""endpoint_id"":""generic:yolov7_paper:ort_tensorrt:b088"",""endpoint_scope"":""generic_split"",""model_id"":""yolov7_paper"",""run_profile_id"":""ort_tensorrt""}",1,1,1,0
generic:yolov7_paper:ort_tensorrt:b114,yolov7_paper,b114,,ort_tensorrt,ort_tensorrt,,,True,True,True,True,True,True,False,measured,measurement_available,,valid,True,True,,,,,"{""backend"":""ort_tensorrt"",""candidate_execution_roles"":[""audit""],""candidate_origin"":""score_independent_audit"",""case_id"":""b114"",""direction"":""ort_tensorrt"",""endpoint_id"":""generic:yolov7_paper:ort_tensorrt:b114"",""endpoint_scope"":""generic_split"",""model_id"":""yolov7_paper"",""run_profile_id"":""ort_tensorrt""}",1,1,1,0
generic:yolov7_paper:ort_tensorrt:b134,yolov7_paper,b134,,ort_tensorrt,ort_tensorrt,,,True,True,True,True,True,True,False,measured,measurement_available,,valid,True,True,,,,,"{""backend"":""ort_tensorrt"",""candidate_execution_roles"":[""audit""],""candidate_origin"":""score_independent_audit"",""case_id"":""b134"",""direction"":""ort_tensorrt"",""endpoint_id"":""generic:yolov7_paper:ort_tensorrt:b134"",""endpoint_scope"":""generic_split"",""model_id"":""yolov7_paper"",""run_profile_id"":""ort_tensorrt""}",1,1,1,0
generic:yolov7_paper:ort_tensorrt:b155,yolov7_paper,b155,,ort_tensorrt,ort_tensorrt,,,True,True,True,True,True,True,False,measured,measurement_available,,valid,True,True,,,,,"{""backend"":""ort_tensorrt"",""candidate_execution_roles"":[""audit""],""candidate_origin"":""score_independent_audit"",""case_id"":""b155"",""direction"":""ort_tensorrt"",""endpoint_id"":""generic:yolov7_paper:ort_tensorrt:b155"",""endpoint_scope"":""generic_split"",""model_id"":""yolov7_paper"",""run_profile_id"":""ort_tensorrt""}",1,1,1,0
generic:yolov7_paper:ort_tensorrt:b165,yolov7_paper,b165,,ort_tensorrt,ort_tensorrt,,,True,True,True,True,True,True,False,measured,measurement_available,,valid,True,True,,,,,"{""backend"":""ort_tensorrt"",""candidate_execution_roles"":[""audit""],""candidate_origin"":""score_independent_audit"",""case_id"":""b165"",""direction"":""ort_tensorrt"",""endpoint_id"":""generic:yolov7_paper:ort_tensorrt:b165"",""endpoint_scope"":""generic_split"",""model_id"":""yolov7_paper"",""run_profile_id"":""ort_tensorrt""}",1,1,1,0
generic:yolov7_paper:ort_tensorrt:b189,yolov7_paper,b189,,ort_tensorrt,ort_tensorrt,,,True,True,True,True,True,True,False,measured,measurement_available,,valid,True,True,,,,,"{""backend"":""ort_tensorrt"",""candidate_execution_roles"":[""audit""],""candidate_origin"":""score_independent_audit"",""case_id"":""b189"",""direction"":""ort_tensorrt"",""endpoint_id"":""generic:yolov7_paper:ort_tensorrt:b189"",""endpoint_scope"":""generic_split"",""model_id"":""yolov7_paper"",""run_profile_id"":""ort_tensorrt""}",1,1,1,0
generic:yolov7_paper:ort_tensorrt:b222,yolov7_paper,b222,,ort_tensorrt,ort_tensorrt,,,True,True,True,True,True,True,False,measured,measurement_available,,valid,True,True,,,,,"{""backend"":""ort_tensorrt"",""candidate_execution_roles"":[""audit""],""candidate_origin"":""score_independent_audit"",""case_id"":""b222"",""direction"":""ort_tensorrt"",""endpoint_id"":""generic:yolov7_paper:ort_tensorrt:b222"",""endpoint_scope"":""generic_split"",""model_id"":""yolov7_paper"",""run_profile_id"":""ort_tensorrt""}",1,1,1,0
generic:yolov7_paper:ort_tensorrt:b228,yolov7_paper,b228,,ort_tensorrt,ort_tensorrt,,,True,True,True,True,True,True,False,measured,measurement_available,,valid,True,True,,,,,"{""backend"":""ort_tensorrt"",""candidate_execution_roles"":[""audit""],""candidate_origin"":""score_independent_audit"",""case_id"":""b228"",""direction"":""ort_tensorrt"",""endpoint_id"":""generic:yolov7_paper:ort_tensorrt:b228"",""endpoint_scope"":""generic_split"",""model_id"":""yolov7_paper"",""run_profile_id"":""ort_tensorrt""}",1,1,1,0
generic:yolov7_paper:ort_tensorrt:b262,yolov7_paper,b262,,ort_tensorrt,ort_tensorrt,,,True,True,True,True,True,True,False,measured,measurement_available,,valid,True,True,,,,,"{""backend"":""ort_tensorrt"",""candidate_execution_roles"":[""audit""],""candidate_origin"":""score_independent_audit"",""case_id"":""b262"",""direction"":""ort_tensorrt"",""endpoint_id"":""generic:yolov7_paper:ort_tensorrt:b262"",""endpoint_scope"":""generic_split"",""model_id"":""yolov7_paper"",""run_profile_id"":""ort_tensorrt""}",1,1,1,0
generic:yolov7_paper:ort_tensorrt:b270,yolov7_paper,b270,,ort_tensorrt,ort_tensorrt,,,True,True,True,True,True,True,False,measured,measurement_available,,valid,True,True,,,,,"{""backend"":""ort_tensorrt"",""candidate_execution_roles"":[""audit""],""candidate_origin"":""score_independent_audit"",""case_id"":""b270"",""direction"":""ort_tensorrt"",""endpoint_id"":""generic:yolov7_paper:ort_tensorrt:b270"",""endpoint_scope"":""generic_split"",""model_id"":""yolov7_paper"",""run_profile_id"":""ort_tensorrt""}",1,1,1,0
generic:yolov7_paper:ort_tensorrt:b307,yolov7_paper,b307,,ort_tensorrt,ort_tensorrt,,,True,True,True,True,True,True,False,measured,measurement_available,,valid,True,True,,,,,"{""backend"":""ort_tensorrt"",""candidate_execution_roles"":[""audit""],""candidate_origin"":""score_independent_audit"",""case_id"":""b307"",""direction"":""ort_tensorrt"",""endpoint_id"":""generic:yolov7_paper:ort_tensorrt:b307"",""endpoint_scope"":""generic_split"",""model_id"":""yolov7_paper"",""run_profile_id"":""ort_tensorrt""}",1,1,1,0
generic:yolov7_paper:ort_tensorrt:b044,yolov7_paper,b044,,ort_tensorrt,ort_tensorrt,,,True,True,True,True,True,True,False,measured,measurement_available,,valid,True,True,,,,,"{""backend"":""ort_tensorrt"",""candidate_execution_roles"":[""deployment_shortlist""],""candidate_origin"":""deployment_shortlist"",""case_id"":""b044"",""direction"":""ort_tensorrt"",""endpoint_id"":""generic:yolov7_paper:ort_tensorrt:b044"",""endpoint_scope"":""generic_split"",""model_id"":""yolov7_paper"",""run_profile_id"":""ort_tensorrt""}",1,1,1,0
generic:yolov7_paper:ort_tensorrt:full,yolov7_paper,full,,ort_tensorrt,ort_tensorrt,,,True,True,True,True,True,True,False,measured,measurement_available,,valid,True,True,,,,,"{""backend"":""ort_tensorrt"",""case_id"":""full"",""direction"":""ort_tensorrt"",""endpoint_id"":""generic:yolov7_paper:ort_tensorrt:full"",""endpoint_scope"":""generic_full_baseline"",""model_id"":""yolov7_paper"",""run_profile_id"":""ort_tensorrt""}",0,1,1,0
generic:yolov7_paper:hailo8:full,yolov7_paper,full,,hailo8,hailo8,,,True,True,True,True,True,True,False,measured,measurement_available,,valid,True,True,,,,,"{""backend"":""hailo8"",""case_id"":""full"",""direction"":""hailo8"",""endpoint_id"":""generic:yolov7_paper:hailo8:full"",""endpoint_scope"":""generic_full_baseline"",""model_id"":""yolov7_paper"",""run_profile_id"":""hailo8""}",0,1,1,0
generic:yolov7_paper:hailo8_to_trt:b306,yolov7_paper,b306,,hailo8_to_trt,hailo8_to_trt,,,True,True,True,True,False,True,True,measured_with_terminal_failure,case_runner_nonzero_rc:-11,case_runtime_process,payload_present_but_terminal_process_failure,False,False,-11,,,,"{""backend"":""hailo8_to_trt"",""candidate_execution_roles"":[""audit""],""candidate_origin"":""score_independent_audit"",""case_id"":""b306"",""direction"":""hailo8_to_trt"",""endpoint_id"":""generic:yolov7_paper:hailo8_to_trt:b306"",""endpoint_scope"":""generic_split"",""model_id"":""yolov7_paper"",""run_profile_id"":""hailo8_to_trt""}",1,1,0,1
generic:yolov7_paper:hailo8_to_trt:b001,yolov7_paper,b001,,hailo8_to_trt,hailo8_to_trt,,,True,True,True,True,True,True,False,measured,measurement_available,,valid,True,True,,,,,"{""backend"":""hailo8_to_trt"",""candidate_execution_roles"":[""audit""],""candidate_origin"":""score_independent_audit"",""case_id"":""b001"",""direction"":""hailo8_to_trt"",""endpoint_id"":""generic:yolov7_paper:hailo8_to_trt:b001"",""endpoint_scope"":""generic_split"",""model_id"":""yolov7_paper"",""run_profile_id"":""hailo8_to_trt""}",1,1,1,0
generic:yolov7_paper:hailo8_to_trt:b092,yolov7_paper,b092,,hailo8_to_trt,hailo8_to_trt,,,True,True,True,True,True,True,False,measured,measurement_available,,valid,True,True,,,,,"{""backend"":""hailo8_to_trt"",""candidate_execution_roles"":[""audit""],""candidate_origin"":""score_independent_audit"",""case_id"":""b092"",""direction"":""hailo8_to_trt"",""endpoint_id"":""generic:yolov7_paper:hailo8_to_trt:b092"",""endpoint_scope"":""generic_split"",""model_id"":""yolov7_paper"",""run_profile_id"":""hailo8_to_trt""}",1,1,1,0
generic:yolov7_paper:hailo8_to_trt:b002,yolov7_paper,b002,,hailo8_to_trt,hailo8_to_trt,,,True,True,True,True,True,True,False,measured,measurement_available,,valid,True,True,,,,,"{""backend"":""hailo8_to_trt"",""candidate_execution_roles"":[""audit""],""candidate_origin"":""score_independent_audit"",""case_id"":""b002"",""direction"":""hailo8_to_trt"",""endpoint_id"":""generic:yolov7_paper:hailo8_to_trt:b002"",""endpoint_scope"":""generic_split"",""model_id"":""yolov7_paper"",""run_profile_id"":""hailo8_to_trt""}",1,1,1,0
generic:yolov7_paper:hailo8_to_trt:b186,yolov7_paper,b186,,hailo8_to_trt,hailo8_to_trt,,,True,True,True,True,True,True,False,measured,measurement_available,,valid,True,True,,,,,"{""backend"":""hailo8_to_trt"",""candidate_execution_roles"":[""audit""],""candidate_origin"":""score_independent_audit"",""case_id"":""b186"",""direction"":""hailo8_to_trt"",""endpoint_id"":""generic:yolov7_paper:hailo8_to_trt:b186"",""endpoint_scope"":""generic_split"",""model_id"":""yolov7_paper"",""run_profile_id"":""hailo8_to_trt""}",1,1,1,0
generic:yolov7_paper:hailo8_to_trt:b013,yolov7_paper,b013,,hailo8_to_trt,hailo8_to_trt,,,True,True,True,True,False,True,True,measured_with_terminal_failure,case_runner_nonzero_rc:-11,case_runtime_process,payload_present_but_terminal_process_failure,False,False,-11,,,,"{""backend"":""hailo8_to_trt"",""candidate_execution_roles"":[""audit""],""candidate_origin"":""score_independent_audit"",""case_id"":""b013"",""direction"":""hailo8_to_trt"",""endpoint_id"":""generic:yolov7_paper:hailo8_to_trt:b013"",""endpoint_scope"":""generic_split"",""model_id"":""yolov7_paper"",""run_profile_id"":""hailo8_to_trt""}",1,1,0,1
generic:yolov7_paper:hailo8_to_trt:b031,yolov7_paper,b031,,hailo8_to_trt,hailo8_to_trt,,,True,False,False,False,False,True,True,terminal_without_measurement,legacy_case_rejected:hailo_hef_build_failed,case_generation,payload_missing,False,False,3,hailo10h,hailo10h,venv,"{""backend"":""hailo8_to_trt"",""candidate_execution_roles"":[""audit""],""candidate_origin"":""score_independent_audit"",""case_id"":""b031"",""direction"":""hailo8_to_trt"",""endpoint_id"":""generic:yolov7_paper:hailo8_to_trt:b031"",""endpoint_scope"":""generic_split"",""model_id"":""yolov7_paper"",""run_profile_id"":""hailo8_to_trt""}",0,0,0,1
generic:yolov7_paper:hailo8_to_trt:b049,yolov7_paper,b049,,hailo8_to_trt,hailo8_to_trt,,,True,True,True,True,True,True,False,measured,measurement_available,,valid,True,True,,,,,"{""backend"":""hailo8_to_trt"",""candidate_execution_roles"":[""audit""],""candidate_origin"":""score_independent_audit"",""case_id"":""b049"",""direction"":""hailo8_to_trt"",""endpoint_id"":""generic:yolov7_paper:hailo8_to_trt:b049"",""endpoint_scope"":""generic_split"",""model_id"":""yolov7_paper"",""run_profile_id"":""hailo8_to_trt""}",1,1,1,0
generic:yolov7_paper:hailo8_to_trt:b065,yolov7_paper,b065,,hailo8_to_trt,hailo8_to_trt,,,True,True,True,True,True,True,False,measured,measurement_available,,valid,True,True,,,,,"{""backend"":""hailo8_to_trt"",""candidate_execution_roles"":[""audit""],""candidate_origin"":""score_independent_audit"",""case_id"":""b065"",""direction"":""hailo8_to_trt"",""endpoint_id"":""generic:yolov7_paper:hailo8_to_trt:b065"",""endpoint_scope"":""generic_split"",""model_id"":""yolov7_paper"",""run_profile_id"":""hailo8_to_trt""}",1,1,1,0
generic:yolov7_paper:hailo8_to_trt:b088,yolov7_paper,b088,,hailo8_to_trt,hailo8_to_trt,,,True,True,True,True,True,True,False,measured,measurement_available,,valid,True,True,,,,,"{""backend"":""hailo8_to_trt"",""candidate_execution_roles"":[""audit""],""candidate_origin"":""score_independent_audit"",""case_id"":""b088"",""direction"":""hailo8_to_trt"",""endpoint_id"":""generic:yolov7_paper:hailo8_to_trt:b088"",""endpoint_scope"":""generic_split"",""model_id"":""yolov7_paper"",""run_profile_id"":""hailo8_to_trt""}",1,1,1,0
generic:yolov7_paper:hailo8_to_trt:b114,yolov7_paper,b114,,hailo8_to_trt,hailo8_to_trt,,,True,True,True,True,True,True,False,measured,measurement_available,,valid,True,True,,,,,"{""backend"":""hailo8_to_trt"",""candidate_execution_roles"":[""audit""],""candidate_origin"":""score_independent_audit"",""case_id"":""b114"",""direction"":""hailo8_to_trt"",""endpoint_id"":""generic:yolov7_paper:hailo8_to_trt:b114"",""endpoint_scope"":""generic_split"",""model_id"":""yolov7_paper"",""run_profile_id"":""hailo8_to_trt""}",1,1,1,0
generic:yolov7_paper:hailo8_to_trt:b134,yolov7_paper,b134,,hailo8_to_trt,hailo8_to_trt,,,True,True,True,True,True,True,False,measured,measurement_available,,valid,True,True,,,,,"{""backend"":""hailo8_to_trt"",""candidate_execution_roles"":[""audit""],""candidate_origin"":""score_independent_audit"",""case_id"":""b134"",""direction"":""hailo8_to_trt"",""endpoint_id"":""generic:yolov7_paper:hailo8_to_trt:b134"",""endpoint_scope"":""generic_split"",""model_id"":""yolov7_paper"",""run_profile_id"":""hailo8_to_trt""}",1,1,1,0
generic:yolov7_paper:hailo8_to_trt:b155,yolov7_paper,b155,,hailo8_to_trt,hailo8_to_trt,,,True,True,True,True,True,True,False,measured,measurement_available,,valid,True,True,,,,,"{""backend"":""hailo8_to_trt"",""candidate_execution_roles"":[""audit""],""candidate_origin"":""score_independent_audit"",""case_id"":""b155"",""direction"":""hailo8_to_trt"",""endpoint_id"":""generic:yolov7_paper:hailo8_to_trt:b155"",""endpoint_scope"":""generic_split"",""model_id"":""yolov7_paper"",""run_profile_id"":""hailo8_to_trt""}",1,1,1,0
generic:yolov7_paper:hailo8_to_trt:b165,yolov7_paper,b165,,hailo8_to_trt,hailo8_to_trt,,,True,True,True,True,True,True,False,measured,measurement_available,,valid,True,True,,,,,"{""backend"":""hailo8_to_trt"",""candidate_execution_roles"":[""audit""],""candidate_origin"":""score_independent_audit"",""case_id"":""b165"",""direction"":""hailo8_to_trt"",""endpoint_id"":""generic:yolov7_paper:hailo8_to_trt:b165"",""endpoint_scope"":""generic_split"",""model_id"":""yolov7_paper"",""run_profile_id"":""hailo8_to_trt""}",1,1,1,0
generic:yolov7_paper:hailo8_to_trt:b189,yolov7_paper,b189,,hailo8_to_trt,hailo8_to_trt,,,True,True,True,True,True,True,False,measured,measurement_available,,valid,True,True,,,,,"{""backend"":""hailo8_to_trt"",""candidate_execution_roles"":[""audit""],""candidate_origin"":""score_independent_audit"",""case_id"":""b189"",""direction"":""hailo8_to_trt"",""endpoint_id"":""generic:yolov7_paper:hailo8_to_trt:b189"",""endpoint_scope"":""generic_split"",""model_id"":""yolov7_paper"",""run_profile_id"":""hailo8_to_trt""}",1,1,1,0
generic:yolov7_paper:hailo8_to_trt:b222,yolov7_paper,b222,,hailo8_to_trt,hailo8_to_trt,,,True,True,True,True,True,True,False,measured,measurement_available,,valid,True,True,,,,,"{""backend"":""hailo8_to_trt"",""candidate_execution_roles"":[""audit""],""candidate_origin"":""score_independent_audit"",""case_id"":""b222"",""direction"":""hailo8_to_trt"",""endpoint_id"":""generic:yolov7_paper:hailo8_to_trt:b222"",""endpoint_scope"":""generic_split"",""model_id"":""yolov7_paper"",""run_profile_id"":""hailo8_to_trt""}",1,1,1,0
generic:yolov7_paper:hailo8_to_trt:b228,yolov7_paper,b228,,hailo8_to_trt,hailo8_to_trt,,,True,True,True,True,True,True,False,measured,measurement_available,,valid,True,True,,,,,"{""backend"":""hailo8_to_trt"",""candidate_execution_roles"":[""audit""],""candidate_origin"":""score_independent_audit"",""case_id"":""b228"",""direction"":""hailo8_to_trt"",""endpoint_id"":""generic:yolov7_paper:hailo8_to_trt:b228"",""endpoint_scope"":""generic_split"",""model_id"":""yolov7_paper"",""run_profile_id"":""hailo8_to_trt""}",1,1,1,0
generic:yolov7_paper:hailo8_to_trt:b262,yolov7_paper,b262,,hailo8_to_trt,hailo8_to_trt,,,True,True,True,True,True,True,False,measured,measurement_available,,valid,True,True,,,,,"{""backend"":""hailo8_to_trt"",""candidate_execution_roles"":[""audit""],""candidate_origin"":""score_independent_audit"",""case_id"":""b262"",""direction"":""hailo8_to_trt"",""endpoint_id"":""generic:yolov7_paper:hailo8_to_trt:b262"",""endpoint_scope"":""generic_split"",""model_id"":""yolov7_paper"",""run_profile_id"":""hailo8_to_trt""}",1,1,1,0
generic:yolov7_paper:hailo8_to_trt:b270,yolov7_paper,b270,,hailo8_to_trt,hailo8_to_trt,,,True,True,True,True,True,True,False,measured,measurement_available,,valid,True,True,,,,,"{""backend"":""hailo8_to_trt"",""candidate_execution_roles"":[""audit""],""candidate_origin"":""score_independent_audit"",""case_id"":""b270"",""direction"":""hailo8_to_trt"",""endpoint_id"":""generic:yolov7_paper:hailo8_to_trt:b270"",""endpoint_scope"":""generic_split"",""model_id"":""yolov7_paper"",""run_profile_id"":""hailo8_to_trt""}",1,1,1,0
generic:yolov7_paper:hailo8_to_trt:b307,yolov7_paper,b307,,hailo8_to_trt,hailo8_to_trt,,,True,True,True,True,True,True,False,measured,measurement_available,,valid,True,True,,,,,"{""backend"":""hailo8_to_trt"",""candidate_execution_roles"":[""audit""],""candidate_origin"":""score_independent_audit"",""case_id"":""b307"",""direction"":""hailo8_to_trt"",""endpoint_id"":""generic:yolov7_paper:hailo8_to_trt:b307"",""endpoint_scope"":""generic_split"",""model_id"":""yolov7_paper"",""run_profile_id"":""hailo8_to_trt""}",1,1,1,0
generic:yolov7_paper:hailo8_to_trt:b044,yolov7_paper,b044,,hailo8_to_trt,hailo8_to_trt,,,True,True,True,True,True,True,False,measured,measurement_available,,valid,True,True,,,,,"{""backend"":""hailo8_to_trt"",""candidate_execution_roles"":[""deployment_shortlist""],""candidate_origin"":""deployment_shortlist"",""case_id"":""b044"",""direction"":""hailo8_to_trt"",""endpoint_id"":""generic:yolov7_paper:hailo8_to_trt:b044"",""endpoint_scope"":""generic_split"",""model_id"":""yolov7_paper"",""run_profile_id"":""hailo8_to_trt""}",1,1,1,0
generic:yolov7_paper:hailo10:full,yolov7_paper,full,,hailo10,hailo10,,,True,True,True,True,True,True,False,measured,measurement_available,,valid,True,True,,,,,"{""backend"":""hailo10"",""case_id"":""full"",""direction"":""hailo10"",""endpoint_id"":""generic:yolov7_paper:hailo10:full"",""endpoint_scope"":""generic_full_baseline"",""model_id"":""yolov7_paper"",""run_profile_id"":""hailo10""}",0,1,1,0
generic:yolov7_paper:hailo10_to_trt:b306,yolov7_paper,b306,,hailo10_to_trt,hailo10_to_trt,,,True,True,True,True,True,True,False,measured,measurement_available,,valid,True,True,,,,,"{""backend"":""hailo10_to_trt"",""candidate_execution_roles"":[""audit""],""candidate_origin"":""score_independent_audit"",""case_id"":""b306"",""direction"":""hailo10_to_trt"",""endpoint_id"":""generic:yolov7_paper:hailo10_to_trt:b306"",""endpoint_scope"":""generic_split"",""model_id"":""yolov7_paper"",""run_profile_id"":""hailo10_to_trt""}",1,1,1,0
generic:yolov7_paper:hailo10_to_trt:b001,yolov7_paper,b001,,hailo10_to_trt,hailo10_to_trt,,,True,True,True,True,True,True,False,measured,measurement_available,,valid,True,True,,,,,"{""backend"":""hailo10_to_trt"",""candidate_execution_roles"":[""audit""],""candidate_origin"":""score_independent_audit"",""case_id"":""b001"",""direction"":""hailo10_to_trt"",""endpoint_id"":""generic:yolov7_paper:hailo10_to_trt:b001"",""endpoint_scope"":""generic_split"",""model_id"":""yolov7_paper"",""run_profile_id"":""hailo10_to_trt""}",1,1,1,0
generic:yolov7_paper:hailo10_to_trt:b092,yolov7_paper,b092,,hailo10_to_trt,hailo10_to_trt,,,True,True,True,True,True,True,False,measured,measurement_available,,valid,True,True,,,,,"{""backend"":""hailo10_to_trt"",""candidate_execution_roles"":[""audit""],""candidate_origin"":""score_independent_audit"",""case_id"":""b092"",""direction"":""hailo10_to_trt"",""endpoint_id"":""generic:yolov7_paper:hailo10_to_trt:b092"",""endpoint_scope"":""generic_split"",""model_id"":""yolov7_paper"",""run_profile_id"":""hailo10_to_trt""}",1,1,1,0
generic:yolov7_paper:hailo10_to_trt:b002,yolov7_paper,b002,,hailo10_to_trt,hailo10_to_trt,,,True,True,True,True,True,True,False,measured,measurement_available,,valid,True,True,,,,,"{""backend"":""hailo10_to_trt"",""candidate_execution_roles"":[""audit""],""candidate_origin"":""score_independent_audit"",""case_id"":""b002"",""direction"":""hailo10_to_trt"",""endpoint_id"":""generic:yolov7_paper:hailo10_to_trt:b002"",""endpoint_scope"":""generic_split"",""model_id"":""yolov7_paper"",""run_profile_id"":""hailo10_to_trt""}",1,1,1,0
generic:yolov7_paper:hailo10_to_trt:b186,yolov7_paper,b186,,hailo10_to_trt,hailo10_to_trt,,,True,True,True,True,True,True,False,measured,measurement_available,,valid,True,True,,,,,"{""backend"":""hailo10_to_trt"",""candidate_execution_roles"":[""audit""],""candidate_origin"":""score_independent_audit"",""case_id"":""b186"",""direction"":""hailo10_to_trt"",""endpoint_id"":""generic:yolov7_paper:hailo10_to_trt:b186"",""endpoint_scope"":""generic_split"",""model_id"":""yolov7_paper"",""run_profile_id"":""hailo10_to_trt""}",1,1,1,0
generic:yolov7_paper:hailo10_to_trt:b013,yolov7_paper,b013,,hailo10_to_trt,hailo10_to_trt,,,True,True,True,True,True,True,False,measured,measurement_available,,valid,True,True,,,,,"{""backend"":""hailo10_to_trt"",""candidate_execution_roles"":[""audit""],""candidate_origin"":""score_independent_audit"",""case_id"":""b013"",""direction"":""hailo10_to_trt"",""endpoint_id"":""generic:yolov7_paper:hailo10_to_trt:b013"",""endpoint_scope"":""generic_split"",""model_id"":""yolov7_paper"",""run_profile_id"":""hailo10_to_trt""}",1,1,1,0
generic:yolov7_paper:hailo10_to_trt:b031,yolov7_paper,b031,,hailo10_to_trt,hailo10_to_trt,,,True,False,False,False,False,True,True,terminal_without_measurement,legacy_case_rejected:hailo_hef_build_failed,case_generation,payload_missing,False,False,3,hailo10h,hailo10h,venv,"{""backend"":""hailo10_to_trt"",""candidate_execution_roles"":[""audit""],""candidate_origin"":""score_independent_audit"",""case_id"":""b031"",""direction"":""hailo10_to_trt"",""endpoint_id"":""generic:yolov7_paper:hailo10_to_trt:b031"",""endpoint_scope"":""generic_split"",""model_id"":""yolov7_paper"",""run_profile_id"":""hailo10_to_trt""}",0,0,0,1
generic:yolov7_paper:hailo10_to_trt:b049,yolov7_paper,b049,,hailo10_to_trt,hailo10_to_trt,,,True,True,True,True,True,True,False,measured,measurement_available,,valid,True,True,,,,,"{""backend"":""hailo10_to_trt"",""candidate_execution_roles"":[""audit""],""candidate_origin"":""score_independent_audit"",""case_id"":""b049"",""direction"":""hailo10_to_trt"",""endpoint_id"":""generic:yolov7_paper:hailo10_to_trt:b049"",""endpoint_scope"":""generic_split"",""model_id"":""yolov7_paper"",""run_profile_id"":""hailo10_to_trt""}",1,1,1,0
generic:yolov7_paper:hailo10_to_trt:b065,yolov7_paper,b065,,hailo10_to_trt,hailo10_to_trt,,,True,True,True,True,True,True,False,measured,measurement_available,,valid,True,True,,,,,"{""backend"":""hailo10_to_trt"",""candidate_execution_roles"":[""audit""],""candidate_origin"":""score_independent_audit"",""case_id"":""b065"",""direction"":""hailo10_to_trt"",""endpoint_id"":""generic:yolov7_paper:hailo10_to_trt:b065"",""endpoint_scope"":""generic_split"",""model_id"":""yolov7_paper"",""run_profile_id"":""hailo10_to_trt""}",1,1,1,0
generic:yolov7_paper:hailo10_to_trt:b088,yolov7_paper,b088,,hailo10_to_trt,hailo10_to_trt,,,True,True,True,True,True,True,False,measured,measurement_available,,valid,True,True,,,,,"{""backend"":""hailo10_to_trt"",""candidate_execution_roles"":[""audit""],""candidate_origin"":""score_independent_audit"",""case_id"":""b088"",""direction"":""hailo10_to_trt"",""endpoint_id"":""generic:yolov7_paper:hailo10_to_trt:b088"",""endpoint_scope"":""generic_split"",""model_id"":""yolov7_paper"",""run_profile_id"":""hailo10_to_trt""}",1,1,1,0
generic:yolov7_paper:hailo10_to_trt:b114,yolov7_paper,b114,,hailo10_to_trt,hailo10_to_trt,,,True,True,True,True,True,True,False,measured,measurement_available,,valid,True,True,,,,,"{""backend"":""hailo10_to_trt"",""candidate_execution_roles"":[""audit""],""candidate_origin"":""score_independent_audit"",""case_id"":""b114"",""direction"":""hailo10_to_trt"",""endpoint_id"":""generic:yolov7_paper:hailo10_to_trt:b114"",""endpoint_scope"":""generic_split"",""model_id"":""yolov7_paper"",""run_profile_id"":""hailo10_to_trt""}",1,1,1,0
generic:yolov7_paper:hailo10_to_trt:b134,yolov7_paper,b134,,hailo10_to_trt,hailo10_to_trt,,,True,True,True,True,True,True,False,measured,measurement_available,,valid,True,True,,,,,"{""backend"":""hailo10_to_trt"",""candidate_execution_roles"":[""audit""],""candidate_origin"":""score_independent_audit"",""case_id"":""b134"",""direction"":""hailo10_to_trt"",""endpoint_id"":""generic:yolov7_paper:hailo10_to_trt:b134"",""endpoint_scope"":""generic_split"",""model_id"":""yolov7_paper"",""run_profile_id"":""hailo10_to_trt""}",1,1,1,0
generic:yolov7_paper:hailo10_to_trt:b155,yolov7_paper,b155,,hailo10_to_trt,hailo10_to_trt,,,True,True,True,True,True,True,False,measured,measurement_available,,valid,True,True,,,,,"{""backend"":""hailo10_to_trt"",""candidate_execution_roles"":[""audit""],""candidate_origin"":""score_independent_audit"",""case_id"":""b155"",""direction"":""hailo10_to_trt"",""endpoint_id"":""generic:yolov7_paper:hailo10_to_trt:b155"",""endpoint_scope"":""generic_split"",""model_id"":""yolov7_paper"",""run_profile_id"":""hailo10_to_trt""}",1,1,1,0
generic:yolov7_paper:hailo10_to_trt:b165,yolov7_paper,b165,,hailo10_to_trt,hailo10_to_trt,,,True,True,True,True,True,True,False,measured,measurement_available,,valid,True,True,,,,,"{""backend"":""hailo10_to_trt"",""candidate_execution_roles"":[""audit""],""candidate_origin"":""score_independent_audit"",""case_id"":""b165"",""direction"":""hailo10_to_trt"",""endpoint_id"":""generic:yolov7_paper:hailo10_to_trt:b165"",""endpoint_scope"":""generic_split"",""model_id"":""yolov7_paper"",""run_profile_id"":""hailo10_to_trt""}",1,1,1,0
generic:yolov7_paper:hailo10_to_trt:b189,yolov7_paper,b189,,hailo10_to_trt,hailo10_to_trt,,,True,True,True,True,True,True,False,measured,measurement_available,,valid,True,True,,,,,"{""backend"":""hailo10_to_trt"",""candidate_execution_roles"":[""audit""],""candidate_origin"":""score_independent_audit"",""case_id"":""b189"",""direction"":""hailo10_to_trt"",""endpoint_id"":""generic:yolov7_paper:hailo10_to_trt:b189"",""endpoint_scope"":""generic_split"",""model_id"":""yolov7_paper"",""run_profile_id"":""hailo10_to_trt""}",1,1,1,0
generic:yolov7_paper:hailo10_to_trt:b222,yolov7_paper,b222,,hailo10_to_trt,hailo10_to_trt,,,True,True,True,True,True,True,False,measured,measurement_available,,valid,True,True,,,,,"{""backend"":""hailo10_to_trt"",""candidate_execution_roles"":[""audit""],""candidate_origin"":""score_independent_audit"",""case_id"":""b222"",""direction"":""hailo10_to_trt"",""endpoint_id"":""generic:yolov7_paper:hailo10_to_trt:b222"",""endpoint_scope"":""generic_split"",""model_id"":""yolov7_paper"",""run_profile_id"":""hailo10_to_trt""}",1,1,1,0
generic:yolov7_paper:hailo10_to_trt:b228,yolov7_paper,b228,,hailo10_to_trt,hailo10_to_trt,,,True,True,True,True,True,True,False,measured,measurement_available,,valid,True,True,,,,,"{""backend"":""hailo10_to_trt"",""candidate_execution_roles"":[""audit""],""candidate_origin"":""score_independent_audit"",""case_id"":""b228"",""direction"":""hailo10_to_trt"",""endpoint_id"":""generic:yolov7_paper:hailo10_to_trt:b228"",""endpoint_scope"":""generic_split"",""model_id"":""yolov7_paper"",""run_profile_id"":""hailo10_to_trt""}",1,1,1,0
generic:yolov7_paper:hailo10_to_trt:b262,yolov7_paper,b262,,hailo10_to_trt,hailo10_to_trt,,,True,True,True,True,True,True,False,measured,measurement_available,,valid,True,True,,,,,"{""backend"":""hailo10_to_trt"",""candidate_execution_roles"":[""audit""],""candidate_origin"":""score_independent_audit"",""case_id"":""b262"",""direction"":""hailo10_to_trt"",""endpoint_id"":""generic:yolov7_paper:hailo10_to_trt:b262"",""endpoint_scope"":""generic_split"",""model_id"":""yolov7_paper"",""run_profile_id"":""hailo10_to_trt""}",1,1,1,0
generic:yolov7_paper:hailo10_to_trt:b270,yolov7_paper,b270,,hailo10_to_trt,hailo10_to_trt,,,True,True,True,True,True,True,False,measured,measurement_available,,valid,True,True,,,,,"{""backend"":""hailo10_to_trt"",""candidate_execution_roles"":[""audit""],""candidate_origin"":""score_independent_audit"",""case_id"":""b270"",""direction"":""hailo10_to_trt"",""endpoint_id"":""generic:yolov7_paper:hailo10_to_trt:b270"",""endpoint_scope"":""generic_split"",""model_id"":""yolov7_paper"",""run_profile_id"":""hailo10_to_trt""}",1,1,1,0
generic:yolov7_paper:hailo10_to_trt:b307,yolov7_paper,b307,,hailo10_to_trt,hailo10_to_trt,,,True,True,True,True,True,True,False,measured,measurement_available,,valid,True,True,,,,,"{""backend"":""hailo10_to_trt"",""candidate_execution_roles"":[""audit""],""candidate_origin"":""score_independent_audit"",""case_id"":""b307"",""direction"":""hailo10_to_trt"",""endpoint_id"":""generic:yolov7_paper:hailo10_to_trt:b307"",""endpoint_scope"":""generic_split"",""model_id"":""yolov7_paper"",""run_profile_id"":""hailo10_to_trt""}",1,1,1,0
generic:yolov7_paper:hailo10_to_trt:b044,yolov7_paper,b044,,hailo10_to_trt,hailo10_to_trt,,,True,True,True,True,True,True,False,measured,measurement_available,,valid,True,True,,,,,"{""backend"":""hailo10_to_trt"",""candidate_execution_roles"":[""deployment_shortlist""],""candidate_origin"":""deployment_shortlist"",""case_id"":""b044"",""direction"":""hailo10_to_trt"",""endpoint_id"":""generic:yolov7_paper:hailo10_to_trt:b044"",""endpoint_scope"":""generic_split"",""model_id"":""yolov7_paper"",""run_profile_id"":""hailo10_to_trt""}",1,1,1,0
generic:yolov7_paper:deepx_m1_full:full,yolov7_paper,full,,deepx_m1,deepx_m1,,,True,True,True,True,True,True,False,measured,measurement_available,,valid,True,True,,,,,"{""backend"":""deepx_m1"",""case_id"":""full"",""direction"":""deepx_m1"",""endpoint_id"":""generic:yolov7_paper:deepx_m1_full:full"",""endpoint_scope"":""generic_full_baseline"",""model_id"":""yolov7_paper"",""run_profile_id"":""deepx_m1_full""}",0,1,1,0
generic:yolov7_paper:deepx_m1_to_tensorrt:b306,yolov7_paper,b306,,deepx_m1_to_tensorrt,deepx_m1_to_tensorrt,,,True,True,True,True,True,True,False,measured,measurement_available,,valid,True,True,,,,,"{""backend"":""deepx_m1_to_tensorrt"",""candidate_execution_roles"":[""audit""],""candidate_origin"":""score_independent_audit"",""case_id"":""b306"",""direction"":""deepx_m1_to_tensorrt"",""endpoint_id"":""generic:yolov7_paper:deepx_m1_to_tensorrt:b306"",""endpoint_scope"":""generic_split"",""model_id"":""yolov7_paper"",""run_profile_id"":""deepx_m1_to_tensorrt""}",1,1,1,0
generic:yolov7_paper:deepx_m1_to_tensorrt:b001,yolov7_paper,b001,,deepx_m1_to_tensorrt,deepx_m1_to_tensorrt,,,True,True,True,True,True,True,False,measured,measurement_available,,valid,True,True,,,,,"{""backend"":""deepx_m1_to_tensorrt"",""candidate_execution_roles"":[""audit""],""candidate_origin"":""score_independent_audit"",""case_id"":""b001"",""direction"":""deepx_m1_to_tensorrt"",""endpoint_id"":""generic:yolov7_paper:deepx_m1_to_tensorrt:b001"",""endpoint_scope"":""generic_split"",""model_id"":""yolov7_paper"",""run_profile_id"":""deepx_m1_to_tensorrt""}",1,1,1,0
generic:yolov7_paper:deepx_m1_to_tensorrt:b092,yolov7_paper,b092,,deepx_m1_to_tensorrt,deepx_m1_to_tensorrt,,,True,True,True,True,True,True,False,measured,measurement_available,,valid,True,True,,,,,"{""backend"":""deepx_m1_to_tensorrt"",""candidate_execution_roles"":[""audit""],""candidate_origin"":""score_independent_audit"",""case_id"":""b092"",""direction"":""deepx_m1_to_tensorrt"",""endpoint_id"":""generic:yolov7_paper:deepx_m1_to_tensorrt:b092"",""endpoint_scope"":""generic_split"",""model_id"":""yolov7_paper"",""run_profile_id"":""deepx_m1_to_tensorrt""}",1,1,1,0
generic:yolov7_paper:deepx_m1_to_tensorrt:b002,yolov7_paper,b002,,deepx_m1_to_tensorrt,deepx_m1_to_tensorrt,,,True,True,True,True,True,True,False,measured,measurement_available,,valid,True,True,,,,,"{""backend"":""deepx_m1_to_tensorrt"",""candidate_execution_roles"":[""audit""],""candidate_origin"":""score_independent_audit"",""case_id"":""b002"",""direction"":""deepx_m1_to_tensorrt"",""endpoint_id"":""generic:yolov7_paper:deepx_m1_to_tensorrt:b002"",""endpoint_scope"":""generic_split"",""model_id"":""yolov7_paper"",""run_profile_id"":""deepx_m1_to_tensorrt""}",1,1,1,0
generic:yolov7_paper:deepx_m1_to_tensorrt:b186,yolov7_paper,b186,,deepx_m1_to_tensorrt,deepx_m1_to_tensorrt,,,True,True,True,True,True,True,False,measured,measurement_available,,valid,True,True,,,,,"{""backend"":""deepx_m1_to_tensorrt"",""candidate_execution_roles"":[""audit""],""candidate_origin"":""score_independent_audit"",""case_id"":""b186"",""direction"":""deepx_m1_to_tensorrt"",""endpoint_id"":""generic:yolov7_paper:deepx_m1_to_tensorrt:b186"",""endpoint_scope"":""generic_split"",""model_id"":""yolov7_paper"",""run_profile_id"":""deepx_m1_to_tensorrt""}",1,1,1,0
generic:yolov7_paper:deepx_m1_to_tensorrt:b013,yolov7_paper,b013,,deepx_m1_to_tensorrt,deepx_m1_to_tensorrt,,,True,True,True,True,True,True,False,measured,measurement_available,,valid,True,True,,,,,"{""backend"":""deepx_m1_to_tensorrt"",""candidate_execution_roles"":[""audit""],""candidate_origin"":""score_independent_audit"",""case_id"":""b013"",""direction"":""deepx_m1_to_tensorrt"",""endpoint_id"":""generic:yolov7_paper:deepx_m1_to_tensorrt:b013"",""endpoint_scope"":""generic_split"",""model_id"":""yolov7_paper"",""run_profile_id"":""deepx_m1_to_tensorrt""}",1,1,1,0
generic:yolov7_paper:deepx_m1_to_tensorrt:b031,yolov7_paper,b031,,deepx_m1_to_tensorrt,deepx_m1_to_tensorrt,,,True,False,False,False,False,True,True,terminal_without_measurement,legacy_case_rejected:hailo_hef_build_failed,case_generation,payload_missing,False,False,3,hailo10h,hailo10h,venv,"{""backend"":""deepx_m1_to_tensorrt"",""candidate_execution_roles"":[""audit""],""candidate_origin"":""score_independent_audit"",""case_id"":""b031"",""direction"":""deepx_m1_to_tensorrt"",""endpoint_id"":""generic:yolov7_paper:deepx_m1_to_tensorrt:b031"",""endpoint_scope"":""generic_split"",""model_id"":""yolov7_paper"",""run_profile_id"":""deepx_m1_to_tensorrt""}",0,0,0,1
generic:yolov7_paper:deepx_m1_to_tensorrt:b049,yolov7_paper,b049,,deepx_m1_to_tensorrt,deepx_m1_to_tensorrt,,,True,True,True,True,True,True,False,measured,measurement_available,,valid,True,True,,,,,"{""backend"":""deepx_m1_to_tensorrt"",""candidate_execution_roles"":[""audit""],""candidate_origin"":""score_independent_audit"",""case_id"":""b049"",""direction"":""deepx_m1_to_tensorrt"",""endpoint_id"":""generic:yolov7_paper:deepx_m1_to_tensorrt:b049"",""endpoint_scope"":""generic_split"",""model_id"":""yolov7_paper"",""run_profile_id"":""deepx_m1_to_tensorrt""}",1,1,1,0
generic:yolov7_paper:deepx_m1_to_tensorrt:b065,yolov7_paper,b065,,deepx_m1_to_tensorrt,deepx_m1_to_tensorrt,,,True,True,True,True,True,True,False,measured,measurement_available,,valid,True,True,,,,,"{""backend"":""deepx_m1_to_tensorrt"",""candidate_execution_roles"":[""audit""],""candidate_origin"":""score_independent_audit"",""case_id"":""b065"",""direction"":""deepx_m1_to_tensorrt"",""endpoint_id"":""generic:yolov7_paper:deepx_m1_to_tensorrt:b065"",""endpoint_scope"":""generic_split"",""model_id"":""yolov7_paper"",""run_profile_id"":""deepx_m1_to_tensorrt""}",1,1,1,0
generic:yolov7_paper:deepx_m1_to_tensorrt:b088,yolov7_paper,b088,,deepx_m1_to_tensorrt,deepx_m1_to_tensorrt,,,True,True,True,True,True,True,False,measured,measurement_available,,valid,True,True,,,,,"{""backend"":""deepx_m1_to_tensorrt"",""candidate_execution_roles"":[""audit""],""candidate_origin"":""score_independent_audit"",""case_id"":""b088"",""direction"":""deepx_m1_to_tensorrt"",""endpoint_id"":""generic:yolov7_paper:deepx_m1_to_tensorrt:b088"",""endpoint_scope"":""generic_split"",""model_id"":""yolov7_paper"",""run_profile_id"":""deepx_m1_to_tensorrt""}",1,1,1,0
generic:yolov7_paper:deepx_m1_to_tensorrt:b114,yolov7_paper,b114,,deepx_m1_to_tensorrt,deepx_m1_to_tensorrt,,,True,True,True,True,True,True,False,measured,measurement_available,,valid,True,True,,,,,"{""backend"":""deepx_m1_to_tensorrt"",""candidate_execution_roles"":[""audit""],""candidate_origin"":""score_independent_audit"",""case_id"":""b114"",""direction"":""deepx_m1_to_tensorrt"",""endpoint_id"":""generic:yolov7_paper:deepx_m1_to_tensorrt:b114"",""endpoint_scope"":""generic_split"",""model_id"":""yolov7_paper"",""run_profile_id"":""deepx_m1_to_tensorrt""}",1,1,1,0
generic:yolov7_paper:deepx_m1_to_tensorrt:b134,yolov7_paper,b134,,deepx_m1_to_tensorrt,deepx_m1_to_tensorrt,,,True,True,True,True,True,True,False,measured,measurement_available,,valid,True,True,,,,,"{""backend"":""deepx_m1_to_tensorrt"",""candidate_execution_roles"":[""audit""],""candidate_origin"":""score_independent_audit"",""case_id"":""b134"",""direction"":""deepx_m1_to_tensorrt"",""endpoint_id"":""generic:yolov7_paper:deepx_m1_to_tensorrt:b134"",""endpoint_scope"":""generic_split"",""model_id"":""yolov7_paper"",""run_profile_id"":""deepx_m1_to_tensorrt""}",1,1,1,0
generic:yolov7_paper:deepx_m1_to_tensorrt:b155,yolov7_paper,b155,,deepx_m1_to_tensorrt,deepx_m1_to_tensorrt,,,True,True,True,True,True,True,False,measured,measurement_available,,valid,True,True,,,,,"{""backend"":""deepx_m1_to_tensorrt"",""candidate_execution_roles"":[""audit""],""candidate_origin"":""score_independent_audit"",""case_id"":""b155"",""direction"":""deepx_m1_to_tensorrt"",""endpoint_id"":""generic:yolov7_paper:deepx_m1_to_tensorrt:b155"",""endpoint_scope"":""generic_split"",""model_id"":""yolov7_paper"",""run_profile_id"":""deepx_m1_to_tensorrt""}",1,1,1,0
generic:yolov7_paper:deepx_m1_to_tensorrt:b165,yolov7_paper,b165,,deepx_m1_to_tensorrt,deepx_m1_to_tensorrt,,,True,True,True,True,True,True,False,measured,measurement_available,,valid,True,True,,,,,"{""backend"":""deepx_m1_to_tensorrt"",""candidate_execution_roles"":[""audit""],""candidate_origin"":""score_independent_audit"",""case_id"":""b165"",""direction"":""deepx_m1_to_tensorrt"",""endpoint_id"":""generic:yolov7_paper:deepx_m1_to_tensorrt:b165"",""endpoint_scope"":""generic_split"",""model_id"":""yolov7_paper"",""run_profile_id"":""deepx_m1_to_tensorrt""}",1,1,1,0
generic:yolov7_paper:deepx_m1_to_tensorrt:b189,yolov7_paper,b189,,deepx_m1_to_tensorrt,deepx_m1_to_tensorrt,,,True,True,True,True,True,True,False,measured,measurement_available,,valid,True,True,,,,,"{""backend"":""deepx_m1_to_tensorrt"",""candidate_execution_roles"":[""audit""],""candidate_origin"":""score_independent_audit"",""case_id"":""b189"",""direction"":""deepx_m1_to_tensorrt"",""endpoint_id"":""generic:yolov7_paper:deepx_m1_to_tensorrt:b189"",""endpoint_scope"":""generic_split"",""model_id"":""yolov7_paper"",""run_profile_id"":""deepx_m1_to_tensorrt""}",1,1,1,0
generic:yolov7_paper:deepx_m1_to_tensorrt:b222,yolov7_paper,b222,,deepx_m1_to_tensorrt,deepx_m1_to_tensorrt,,,True,True,True,True,True,True,False,measured,measurement_available,,valid,True,True,,,,,"{""backend"":""deepx_m1_to_tensorrt"",""candidate_execution_roles"":[""audit""],""candidate_origin"":""score_independent_audit"",""case_id"":""b222"",""direction"":""deepx_m1_to_tensorrt"",""endpoint_id"":""generic:yolov7_paper:deepx_m1_to_tensorrt:b222"",""endpoint_scope"":""generic_split"",""model_id"":""yolov7_paper"",""run_profile_id"":""deepx_m1_to_tensorrt""}",1,1,1,0
generic:yolov7_paper:deepx_m1_to_tensorrt:b228,yolov7_paper,b228,,deepx_m1_to_tensorrt,deepx_m1_to_tensorrt,,,True,True,True,True,True,True,False,measured,measurement_available,,valid,True,True,,,,,"{""backend"":""deepx_m1_to_tensorrt"",""candidate_execution_roles"":[""audit""],""candidate_origin"":""score_independent_audit"",""case_id"":""b228"",""direction"":""deepx_m1_to_tensorrt"",""endpoint_id"":""generic:yolov7_paper:deepx_m1_to_tensorrt:b228"",""endpoint_scope"":""generic_split"",""model_id"":""yolov7_paper"",""run_profile_id"":""deepx_m1_to_tensorrt""}",1,1,1,0
generic:yolov7_paper:deepx_m1_to_tensorrt:b262,yolov7_paper,b262,,deepx_m1_to_tensorrt,deepx_m1_to_tensorrt,,,True,True,True,True,True,True,False,measured,measurement_available,,valid,True,True,,,,,"{""backend"":""deepx_m1_to_tensorrt"",""candidate_execution_roles"":[""audit""],""candidate_origin"":""score_independent_audit"",""case_id"":""b262"",""direction"":""deepx_m1_to_tensorrt"",""endpoint_id"":""generic:yolov7_paper:deepx_m1_to_tensorrt:b262"",""endpoint_scope"":""generic_split"",""model_id"":""yolov7_paper"",""run_profile_id"":""deepx_m1_to_tensorrt""}",1,1,1,0
generic:yolov7_paper:deepx_m1_to_tensorrt:b270,yolov7_paper,b270,,deepx_m1_to_tensorrt,deepx_m1_to_tensorrt,,,True,True,True,True,True,True,False,measured,measurement_available,,valid,True,True,,,,,"{""backend"":""deepx_m1_to_tensorrt"",""candidate_execution_roles"":[""audit""],""candidate_origin"":""score_independent_audit"",""case_id"":""b270"",""direction"":""deepx_m1_to_tensorrt"",""endpoint_id"":""generic:yolov7_paper:deepx_m1_to_tensorrt:b270"",""endpoint_scope"":""generic_split"",""model_id"":""yolov7_paper"",""run_profile_id"":""deepx_m1_to_tensorrt""}",1,1,1,0
generic:yolov7_paper:deepx_m1_to_tensorrt:b307,yolov7_paper,b307,,deepx_m1_to_tensorrt,deepx_m1_to_tensorrt,,,True,True,True,True,True,True,False,measured,measurement_available,,valid,True,True,,,,,"{""backend"":""deepx_m1_to_tensorrt"",""candidate_execution_roles"":[""audit""],""candidate_origin"":""score_independent_audit"",""case_id"":""b307"",""direction"":""deepx_m1_to_tensorrt"",""endpoint_id"":""generic:yolov7_paper:deepx_m1_to_tensorrt:b307"",""endpoint_scope"":""generic_split"",""model_id"":""yolov7_paper"",""run_profile_id"":""deepx_m1_to_tensorrt""}",1,1,1,0
generic:yolov7_paper:deepx_m1_to_tensorrt:b044,yolov7_paper,b044,,deepx_m1_to_tensorrt,deepx_m1_to_tensorrt,,,True,True,True,True,True,True,False,measured,measurement_available,,valid,True,True,,,,,"{""backend"":""deepx_m1_to_tensorrt"",""candidate_execution_roles"":[""deployment_shortlist""],""candidate_origin"":""deployment_shortlist"",""case_id"":""b044"",""direction"":""deepx_m1_to_tensorrt"",""endpoint_id"":""generic:yolov7_paper:deepx_m1_to_tensorrt:b044"",""endpoint_scope"":""generic_split"",""model_id"":""yolov7_paper"",""run_profile_id"":""deepx_m1_to_tensorrt""}",1,1,1,0
