model_id,model,task,stage,output_format,contract_family,contract_source,endpoint_contract_complete,endpoint_contract_hash,output_endpoint_attestation,accelerator_output_stage,accelerator_output_contract_family,accelerator_endpoint_contract_hash,accelerator_output_endpoint_attestation,case_id,case,backend,variant,execution_mode,runner_regime,setup_id,comparison_backend,precision,runtime_precision_identity,direction,runtime_status,runtime_executable,native_measured_throughput_fps,throughput_fps,native_measured_fps_source,fps_median,fps_ci95_low,fps_ci95_high,repetition_count_requested,repetition_count_attempted,repetition_count_valid,repetition_status,repetition_aggregation,repetition_runtime_scope,repetition_independence_verified,performance_statistic,best_of_used,latency_ms,latency_mean_ms,latency_median_ms,latency_ci95_low_ms,latency_ci95_high_ms,latency_p50_ms,latency_p95_ms,latency_semantics,completion_interval_mean_ms,native_measured_cycle_ms,pipeline_cycle_selected_ms,throughput_primary_fps,native_theoretical_cycle_ms,native_theoretical_cycle_rate_fps,native_theoretical_cycle_source,handoff_ms,semantic_status,semantic_ok,contract_consistent,structural_contract_pass,structural_contract_status,structural_contract_reason,numerical_similarity_pass,numerical_similarity_status,numerical_similarity_reason,numerical_similarity_scope,numerical_similarity_metric,numerical_similarity_value,numerical_similarity_threshold,numerical_similarity_mean_iou,numerical_similarity_mean_iou_threshold,numerical_similarity_policy_id,task_quality_pass,task_quality_status,task_quality_reason,output_endpoint_id,physical_output_endpoint_id,comparison_output_endpoint_id,output_endpoint_match,comparison_endpoint_match,output_endpoint_comparison_stratum,comparison_stratum_explicit,source_e2e_scope,e2e_scope,e2e_claim_eligible,e2e_contract_reason,comparison_endpoint_stratum,measurement_concurrency,requires_host_decode_nms,postprocess_included,postprocess_location,host_postprocess_frozen,host_postprocess_required,host_postprocessing_available,host_postprocessing_evidence_status,host_postprocessing_evidence_source,host_postprocessing_legacy_alias_conflict,decoder_contract_pass,nms_ok,decoder_id,host_tail_required,host_tail_available,postprocess_completed_frames,postprocess_completion_verified,frozen_host_postprocess_contract,frozen_host_postprocess_contract_sha256,frozen_host_postprocess_result,completed_task_stage,completed_task_contract_family,completed_task_endpoint_contract,completed_task_endpoint_contract_hash,completed_task_output_endpoint_id,completed_task_comparison_endpoint_contract,completed_task_comparison_endpoint_contract_hash,completed_task_comparison_output_endpoint_id,completed_task_completion_mode,completed_task_endpoint_attested,completed_task_endpoint_attestation,completed_task_endpoint_attestation_status,runtime_precision_explicit,precision_quality_verified,precision_quality_binding_verified,task_quality_observation_valid,quality_claim_result_verified,quality_central_evidence_verified,quality_accuracy_gate_pass,quality_eligible_for_ranking,quality_gate_status,quality_accuracy_gate_reason,quality_ranking_exclusion_reason,repeat_claim_gate_pass,performance_contract_eligible,performance_claim_exclusion_reasons,claim_ok_source,claim_input_source,claim_structural_gate_pass,claim_structural_gate_reason,claim_ok_structural_clamped,quality_physical_evidence_conflict,quality_physical_evidence_conflict_fields,input_image,input_image_source,failure_reason,expected_matrix_row,observation_tier,source_kind,source_path,claim_eligible,performance_eligible,ranking_eligible,ranking_eligibility_status,ranking_exclusion_reasons,energy_eligible,eligibility_status,exclusion_reason
resnet50,resnet50,classification,classification_logits,classification_logits,classification_logits,authoritative_suite_contract_plus_runtime_tensor:v4,True,3af2122851f19c5bf2b16b9c3ef78a6ba11452db33ff8fb915b76e3461bbcb28,"{""attested"":true,""class_count"":1000,""declaration_source_contract_sha256"":""27536c9d4b081e47dbfd0c91732a4a29ab0f1e02d1b510cea95b8b435d8ebe4d"",""declaration_source_contracts_sha256"":""567504f092a87db3120112c98fe08b6a7f2bc60e7ea98b360f003061e463bec0"",""endpoint"":""classification_logits"",""endpoint_contract_hash"":""3af2122851f19c5bf2b16b9c3ef78a6ba11452db33ff8fb915b76e3461bbcb28"",""reason"":""single_finite_multiclass_tensor"",""schema"":""onnx-splitpoint/runtime-output-endpoint-attestation"",""schema_version"":3,""stage"":""classification_logits"",""status"":""passed""}",,,,,b001,b001,deepx_to_trt,native_split,native_split,native_fifo,orin_nx_deepx_m1_01,deepx,float32_layout_fp16,float32_layout_fp16,deepx_to_trt,ok,True,91.74288204808525,91.74288204808525,native_stage_concise_summary.fps_median,91.74288204808525,88.01431778371933,92.98338741779874,3,3,3,complete,median_with_deterministic_percentile_bootstrap_ci95,fresh_runtime_per_repetition,True,median_of_independent_repetitions,False,,,,,,,,,,10.900028183939867,10.900028183939867,91.74288204808525,9.913270920276641,100.87487853828308,paper_fps,1.4967595728635787,unavailable,,,,,,,,,,,,,,,,,,,classification:classification_logits:3af2122851f19c5bf2b16b9c3ef78a6ba11452db33ff8fb915b76e3461bbcb28,classification:classification_logits:3af2122851f19c5bf2b16b9c3ef78a6ba11452db33ff8fb915b76e3461bbcb28,classification:classification_logits:3af2122851f19c5bf2b16b9c3ef78a6ba11452db33ff8fb915b76e3461bbcb28,True,True,"[""resnet50"",""b001"",""native_split""]",True,unavailable,unavailable,,,,,,False,,,False,False,not_required,explicit_host_postprocess_not_required,False,,,,False,False,0,False,,,,,,,,,,,,,,,,True,False,False,False,False,,,,,,,True,False,"[""precision_variant_quality_not_verified""]",,,,,,False,[],/home/nx/native_fifo_evalsets/resnet_yolo26s_yolov7_v27549_phase2_ranking_audit_b500_20260820_070324/variants/v002_hailo10h_deepx_all_singles/resnet50/benchmark_set/resources/validation/classification/val_by_wnid_n500_s20260710/images/n01443537/ILSVRC2012_val_00013623.JPEG,materialised_validation_subset:first_sorted,,False,development_or_screening,native_performance_matrix,/home/kmika/Models/EvaluationRuns/native_supplement_reprojected_v2762/reports/native_producer_combined_summary.json,False,False,False,quality_veto,"[""precision_quality_binding_not_verified"",""task_quality_observation_not_valid"",""central_quality_evidence_not_verified"",""task_quality_not_passed"",""quality_accuracy_gate_not_passed""]",False,development_or_screening,precision_variant_quality_not_verified
resnet50,resnet50,classification,classification_logits,classification_logits,classification_logits,authoritative_suite_contract_plus_runtime_tensor:v4,True,3af2122851f19c5bf2b16b9c3ef78a6ba11452db33ff8fb915b76e3461bbcb28,"{""attested"":true,""class_count"":1000,""declaration_source_contract_sha256"":""27536c9d4b081e47dbfd0c91732a4a29ab0f1e02d1b510cea95b8b435d8ebe4d"",""declaration_source_contracts_sha256"":""567504f092a87db3120112c98fe08b6a7f2bc60e7ea98b360f003061e463bec0"",""endpoint"":""classification_logits"",""endpoint_contract_hash"":""3af2122851f19c5bf2b16b9c3ef78a6ba11452db33ff8fb915b76e3461bbcb28"",""reason"":""single_finite_multiclass_tensor"",""schema"":""onnx-splitpoint/runtime-output-endpoint-attestation"",""schema_version"":3,""stage"":""classification_logits"",""status"":""passed""}",,,,,b052,b052,deepx_to_trt,native_split,native_split,native_fifo,orin_nx_deepx_m1_01,deepx,float32_layout_fp16,float32_layout_fp16,deepx_to_trt,ok,True,141.81840567485906,141.81840567485906,native_stage_concise_summary.fps_median,141.81840567485906,130.3355596253466,154.1206086492277,3,3,3,complete,median_with_deterministic_percentile_bootstrap_ci95,fresh_runtime_per_repetition,True,median_of_independent_repetitions,False,,,,,,,,,,7.051270921016111,7.051270921016111,141.81840567485906,6.403892372488976,156.1550291344659,paper_fps,0.9562966897487641,unavailable,,,,,,,,,,,,,,,,,,,classification:classification_logits:3af2122851f19c5bf2b16b9c3ef78a6ba11452db33ff8fb915b76e3461bbcb28,classification:classification_logits:3af2122851f19c5bf2b16b9c3ef78a6ba11452db33ff8fb915b76e3461bbcb28,classification:classification_logits:3af2122851f19c5bf2b16b9c3ef78a6ba11452db33ff8fb915b76e3461bbcb28,True,True,"[""resnet50"",""b052"",""native_split""]",True,unavailable,unavailable,,,,,,False,,,False,False,not_required,explicit_host_postprocess_not_required,False,,,,False,False,0,False,,,,,,,,,,,,,,,,True,False,False,False,False,,,,,,,True,False,"[""precision_variant_quality_not_verified""]",,,,,,False,[],/home/nx/native_fifo_evalsets/resnet_yolo26s_yolov7_v27549_phase2_ranking_audit_b500_20260820_070324/variants/v002_hailo10h_deepx_all_singles/resnet50/benchmark_set/resources/validation/classification/val_by_wnid_n500_s20260710/images/n01443537/ILSVRC2012_val_00013623.JPEG,materialised_validation_subset:first_sorted,,False,development_or_screening,native_performance_matrix,/home/kmika/Models/EvaluationRuns/native_supplement_reprojected_v2762/reports/native_producer_combined_summary.json,False,False,False,quality_veto,"[""precision_quality_binding_not_verified"",""task_quality_observation_not_valid"",""central_quality_evidence_not_verified"",""task_quality_not_passed"",""quality_accuracy_gate_not_passed""]",False,development_or_screening,precision_variant_quality_not_verified
resnet50,resnet50,classification,classification_logits,classification_logits,classification_logits,authoritative_suite_contract_plus_runtime_tensor:v4,True,3af2122851f19c5bf2b16b9c3ef78a6ba11452db33ff8fb915b76e3461bbcb28,"{""attested"":true,""class_count"":1000,""declaration_source_contract_sha256"":""27536c9d4b081e47dbfd0c91732a4a29ab0f1e02d1b510cea95b8b435d8ebe4d"",""declaration_source_contracts_sha256"":""567504f092a87db3120112c98fe08b6a7f2bc60e7ea98b360f003061e463bec0"",""endpoint"":""classification_logits"",""endpoint_contract_hash"":""3af2122851f19c5bf2b16b9c3ef78a6ba11452db33ff8fb915b76e3461bbcb28"",""reason"":""single_finite_multiclass_tensor"",""schema"":""onnx-splitpoint/runtime-output-endpoint-attestation"",""schema_version"":3,""stage"":""classification_logits"",""status"":""passed""}",,,,,b095,b095,deepx_to_trt,native_split,native_split,native_fifo,orin_nx_deepx_m1_01,deepx,float32_layout_fp16,float32_layout_fp16,deepx_to_trt,ok,True,213.3581064537158,213.3581064537158,native_stage_concise_summary.fps_median,213.3581064537158,209.2755827333717,221.93660529716144,3,3,3,complete,median_with_deterministic_percentile_bootstrap_ci95,fresh_runtime_per_repetition,True,median_of_independent_repetitions,False,,,,,,,,,,4.686955731944181,4.686955731944181,213.3581064537158,4.271501507163048,234.10971489137034,paper_fps,0.47620912671089166,unavailable,,,,,,,,,,,,,,,,,,,classification:classification_logits:3af2122851f19c5bf2b16b9c3ef78a6ba11452db33ff8fb915b76e3461bbcb28,classification:classification_logits:3af2122851f19c5bf2b16b9c3ef78a6ba11452db33ff8fb915b76e3461bbcb28,classification:classification_logits:3af2122851f19c5bf2b16b9c3ef78a6ba11452db33ff8fb915b76e3461bbcb28,True,True,"[""resnet50"",""b095"",""native_split""]",True,unavailable,unavailable,,,,,,False,,,False,False,not_required,explicit_host_postprocess_not_required,False,,,,False,False,0,False,,,,,,,,,,,,,,,,True,False,False,False,False,,,,,,,True,False,"[""precision_variant_quality_not_verified""]",,,,,,False,[],/home/nx/native_fifo_evalsets/resnet_yolo26s_yolov7_v27549_phase2_ranking_audit_b500_20260820_070324/variants/v002_hailo10h_deepx_all_singles/resnet50/benchmark_set/resources/validation/classification/val_by_wnid_n500_s20260710/images/n01443537/ILSVRC2012_val_00013623.JPEG,materialised_validation_subset:first_sorted,,False,development_or_screening,native_performance_matrix,/home/kmika/Models/EvaluationRuns/native_supplement_reprojected_v2762/reports/native_producer_combined_summary.json,False,False,False,quality_veto,"[""precision_quality_binding_not_verified"",""task_quality_observation_not_valid"",""central_quality_evidence_not_verified"",""task_quality_not_passed"",""quality_accuracy_gate_not_passed""]",False,development_or_screening,precision_variant_quality_not_verified
resnet50,resnet50,classification,classification_logits,classification_logits,classification_logits,authoritative_suite_contract_plus_runtime_tensor:v4,True,3af2122851f19c5bf2b16b9c3ef78a6ba11452db33ff8fb915b76e3461bbcb28,"{""attested"":true,""class_count"":1000,""declaration_source_contract_sha256"":""27536c9d4b081e47dbfd0c91732a4a29ab0f1e02d1b510cea95b8b435d8ebe4d"",""declaration_source_contracts_sha256"":""567504f092a87db3120112c98fe08b6a7f2bc60e7ea98b360f003061e463bec0"",""endpoint"":""classification_logits"",""endpoint_contract_hash"":""3af2122851f19c5bf2b16b9c3ef78a6ba11452db33ff8fb915b76e3461bbcb28"",""reason"":""single_finite_multiclass_tensor"",""schema"":""onnx-splitpoint/runtime-output-endpoint-attestation"",""schema_version"":3,""stage"":""classification_logits"",""status"":""passed""}",,,,,b001,b001,hailo10h_to_trt,native_split,native_split,native_fifo,orin_nx_hailo10_01,hailo10h,float32_layout_fp16,float32_layout_fp16,hailo10h_to_trt,ok,True,67.49134762814747,67.49134762814747,native_stage_concise_summary.fps_median,67.49134762814747,67.18889559158518,67.51277595963076,3,3,3,complete,median_with_deterministic_percentile_bootstrap_ci95,fresh_runtime_per_repetition,True,median_of_independent_repetitions,False,,,,,,,,,,14.816714069922455,14.816714069922455,67.49134762814747,14.813971388968639,67.50384307780284,paper_fps,0.7687884628539905,unavailable,,,,,,,,,,,,,,,,,,,classification:classification_logits:3af2122851f19c5bf2b16b9c3ef78a6ba11452db33ff8fb915b76e3461bbcb28,classification:classification_logits:3af2122851f19c5bf2b16b9c3ef78a6ba11452db33ff8fb915b76e3461bbcb28,classification:classification_logits:3af2122851f19c5bf2b16b9c3ef78a6ba11452db33ff8fb915b76e3461bbcb28,True,True,"[""resnet50"",""b001"",""native_split""]",True,unavailable,unavailable,,,,,,False,,,False,False,not_required,explicit_host_postprocess_not_required,False,,,,False,False,0,False,,,,,,,,,,,,,,,,True,False,False,False,False,,,,,,,True,False,"[""precision_variant_quality_not_verified""]",,,,,,False,[],/home/nx/native_fifo_evalsets/resnet_yolo26s_yolov7_v27549_phase2_ranking_audit_b500_20260820_070324/variants/v002_hailo10h_deepx_all_singles/resnet50/benchmark_set/resources/validation/classification/val_by_wnid_n500_s20260710/images/n01443537/ILSVRC2012_val_00013623.JPEG,materialised_validation_subset:first_sorted,,False,development_or_screening,native_performance_matrix,/home/kmika/Models/EvaluationRuns/native_supplement_reprojected_v2762/reports/native_producer_combined_summary.json,False,False,False,quality_veto,"[""precision_quality_binding_not_verified"",""task_quality_observation_not_valid"",""central_quality_evidence_not_verified"",""task_quality_not_passed"",""quality_accuracy_gate_not_passed""]",False,development_or_screening,precision_variant_quality_not_verified
resnet50,resnet50,classification,classification_logits,classification_logits,classification_logits,authoritative_suite_contract_plus_runtime_tensor:v4,True,3af2122851f19c5bf2b16b9c3ef78a6ba11452db33ff8fb915b76e3461bbcb28,"{""attested"":true,""class_count"":1000,""declaration_source_contract_sha256"":""27536c9d4b081e47dbfd0c91732a4a29ab0f1e02d1b510cea95b8b435d8ebe4d"",""declaration_source_contracts_sha256"":""567504f092a87db3120112c98fe08b6a7f2bc60e7ea98b360f003061e463bec0"",""endpoint"":""classification_logits"",""endpoint_contract_hash"":""3af2122851f19c5bf2b16b9c3ef78a6ba11452db33ff8fb915b76e3461bbcb28"",""reason"":""single_finite_multiclass_tensor"",""schema"":""onnx-splitpoint/runtime-output-endpoint-attestation"",""schema_version"":3,""stage"":""classification_logits"",""status"":""passed""}",,,,,b052,b052,hailo10h_to_trt,native_split,native_split,native_fifo,orin_nx_hailo10_01,hailo10h,float32_layout_fp16,float32_layout_fp16,hailo10h_to_trt,ok,True,141.82855225186918,141.82855225186918,native_stage_concise_summary.fps_median,141.82855225186918,140.83517337976107,142.2248856230872,3,3,3,complete,median_with_deterministic_percentile_bootstrap_ci95,fresh_runtime_per_repetition,True,median_of_independent_repetitions,False,,,,,,,,,,7.050766465021297,7.050766465021297,141.82855225186918,7.0493077610153705,141.85790064810018,paper_fps,0.4404835207387805,unavailable,,,,,,,,,,,,,,,,,,,classification:classification_logits:3af2122851f19c5bf2b16b9c3ef78a6ba11452db33ff8fb915b76e3461bbcb28,classification:classification_logits:3af2122851f19c5bf2b16b9c3ef78a6ba11452db33ff8fb915b76e3461bbcb28,classification:classification_logits:3af2122851f19c5bf2b16b9c3ef78a6ba11452db33ff8fb915b76e3461bbcb28,True,True,"[""resnet50"",""b052"",""native_split""]",True,unavailable,unavailable,,,,,,False,,,False,False,not_required,explicit_host_postprocess_not_required,False,,,,False,False,0,False,,,,,,,,,,,,,,,,True,False,False,False,False,,,,,,,True,False,"[""precision_variant_quality_not_verified""]",,,,,,False,[],/home/nx/native_fifo_evalsets/resnet_yolo26s_yolov7_v27549_phase2_ranking_audit_b500_20260820_070324/variants/v002_hailo10h_deepx_all_singles/resnet50/benchmark_set/resources/validation/classification/val_by_wnid_n500_s20260710/images/n01443537/ILSVRC2012_val_00013623.JPEG,materialised_validation_subset:first_sorted,,False,development_or_screening,native_performance_matrix,/home/kmika/Models/EvaluationRuns/native_supplement_reprojected_v2762/reports/native_producer_combined_summary.json,False,False,False,quality_veto,"[""precision_quality_binding_not_verified"",""task_quality_observation_not_valid"",""central_quality_evidence_not_verified"",""task_quality_not_passed"",""quality_accuracy_gate_not_passed""]",False,development_or_screening,precision_variant_quality_not_verified
resnet50,resnet50,classification,classification_logits,classification_logits,classification_logits,authoritative_suite_contract_plus_runtime_tensor:v4,True,3af2122851f19c5bf2b16b9c3ef78a6ba11452db33ff8fb915b76e3461bbcb28,"{""attested"":true,""class_count"":1000,""declaration_source_contract_sha256"":""27536c9d4b081e47dbfd0c91732a4a29ab0f1e02d1b510cea95b8b435d8ebe4d"",""declaration_source_contracts_sha256"":""567504f092a87db3120112c98fe08b6a7f2bc60e7ea98b360f003061e463bec0"",""endpoint"":""classification_logits"",""endpoint_contract_hash"":""3af2122851f19c5bf2b16b9c3ef78a6ba11452db33ff8fb915b76e3461bbcb28"",""reason"":""single_finite_multiclass_tensor"",""schema"":""onnx-splitpoint/runtime-output-endpoint-attestation"",""schema_version"":3,""stage"":""classification_logits"",""status"":""passed""}",,,,,b095,b095,hailo10h_to_trt,native_split,native_split,native_fifo,orin_nx_hailo10_01,hailo10h,float32_layout_fp16,float32_layout_fp16,hailo10h_to_trt,ok,True,281.6914306763936,281.6914306763936,native_stage_concise_summary.fps_median,281.6914306763936,277.439089772061,282.0548194528104,3,3,3,complete,median_with_deterministic_percentile_bootstrap_ci95,fresh_runtime_per_repetition,True,median_of_independent_repetitions,False,,,,,,,,,,3.5499837449751794,3.5499837449751794,281.6914306763936,3.549138695001602,281.75850141002974,paper_fps,0.2790292801801115,unavailable,,,,,,,,,,,,,,,,,,,classification:classification_logits:3af2122851f19c5bf2b16b9c3ef78a6ba11452db33ff8fb915b76e3461bbcb28,classification:classification_logits:3af2122851f19c5bf2b16b9c3ef78a6ba11452db33ff8fb915b76e3461bbcb28,classification:classification_logits:3af2122851f19c5bf2b16b9c3ef78a6ba11452db33ff8fb915b76e3461bbcb28,True,True,"[""resnet50"",""b095"",""native_split""]",True,unavailable,unavailable,,,,,,False,,,False,False,not_required,explicit_host_postprocess_not_required,False,,,,False,False,0,False,,,,,,,,,,,,,,,,True,False,False,False,False,,,,,,,True,False,"[""precision_variant_quality_not_verified""]",,,,,,False,[],/home/nx/native_fifo_evalsets/resnet_yolo26s_yolov7_v27549_phase2_ranking_audit_b500_20260820_070324/variants/v002_hailo10h_deepx_all_singles/resnet50/benchmark_set/resources/validation/classification/val_by_wnid_n500_s20260710/images/n01443537/ILSVRC2012_val_00013623.JPEG,materialised_validation_subset:first_sorted,,False,development_or_screening,native_performance_matrix,/home/kmika/Models/EvaluationRuns/native_supplement_reprojected_v2762/reports/native_producer_combined_summary.json,False,False,False,quality_veto,"[""precision_quality_binding_not_verified"",""task_quality_observation_not_valid"",""central_quality_evidence_not_verified"",""task_quality_not_passed"",""quality_accuracy_gate_not_passed""]",False,development_or_screening,precision_variant_quality_not_verified
resnet50,resnet50,classification,classification_logits,classification_logits,classification_logits,authoritative_suite_contract_plus_runtime_tensor:v4,True,3af2122851f19c5bf2b16b9c3ef78a6ba11452db33ff8fb915b76e3461bbcb28,"{""attested"":true,""class_count"":1000,""declaration_source_contract_sha256"":""27536c9d4b081e47dbfd0c91732a4a29ab0f1e02d1b510cea95b8b435d8ebe4d"",""declaration_source_contracts_sha256"":""567504f092a87db3120112c98fe08b6a7f2bc60e7ea98b360f003061e463bec0"",""endpoint"":""classification_logits"",""endpoint_contract_hash"":""3af2122851f19c5bf2b16b9c3ef78a6ba11452db33ff8fb915b76e3461bbcb28"",""reason"":""single_finite_multiclass_tensor"",""schema"":""onnx-splitpoint/runtime-output-endpoint-attestation"",""schema_version"":3,""stage"":""classification_logits"",""status"":""passed""}",,,,,b001,b001,hailo8_to_trt,native_split,native_split,native_fifo,orin_nx_hailo8_01,hailo8,float32_layout_fp16,float32_layout_fp16,hailo8_to_trt,ok,True,417.856678,417.856678,native_stage_concise_summary.fps_median,417.856678,415.292168,421.298344,3,3,3,complete,median_with_deterministic_percentile_bootstrap_ci95,fresh_process_per_repetition,True,median_of_independent_repetitions,False,,,,,,,,,,2.3931650555073816,2.3931650555073816,417.856678,2.3883345809794156,418.701805,paper_fps,0.278149,unavailable,,,,,,,,,,,,,,,,,,,classification:classification_logits:3af2122851f19c5bf2b16b9c3ef78a6ba11452db33ff8fb915b76e3461bbcb28,classification:classification_logits:3af2122851f19c5bf2b16b9c3ef78a6ba11452db33ff8fb915b76e3461bbcb28,classification:classification_logits:3af2122851f19c5bf2b16b9c3ef78a6ba11452db33ff8fb915b76e3461bbcb28,True,True,"[""resnet50"",""b001"",""native_split""]",True,unavailable,unavailable,,,,,,,,,False,False,not_required,explicit_host_postprocess_not_required,False,,,,False,False,,,,,,,,,,,,,,,,,,True,False,False,False,False,,,,,,,True,False,"[""precision_variant_quality_not_verified""]",,,,,,False,[],/home/nx/native_fifo_evalsets/resnet_yolo26s_yolov7_v27549_phase2_ranking_audit_b500_20260820_070324/variants/v000_hailo8_resnet50_singles/resnet50/benchmark_set/resources/validation/classification/val_by_wnid_n500_s20260710/images/n02788148/ILSVRC2012_val_00049054.JPEG,exact_file,,False,development_or_screening,native_performance_matrix,/home/kmika/Models/EvaluationRuns/native_supplement_reprojected_v2762/reports/native_producer_combined_summary.json,False,False,False,quality_veto,"[""precision_quality_binding_not_verified"",""task_quality_observation_not_valid"",""central_quality_evidence_not_verified"",""task_quality_not_passed"",""quality_accuracy_gate_not_passed""]",False,development_or_screening,precision_variant_quality_not_verified
resnet50,resnet50,classification,classification_logits,classification_logits,classification_logits,authoritative_suite_contract_plus_runtime_tensor:v4,True,3af2122851f19c5bf2b16b9c3ef78a6ba11452db33ff8fb915b76e3461bbcb28,"{""attested"":true,""class_count"":1000,""declaration_source_contract_sha256"":""27536c9d4b081e47dbfd0c91732a4a29ab0f1e02d1b510cea95b8b435d8ebe4d"",""declaration_source_contracts_sha256"":""567504f092a87db3120112c98fe08b6a7f2bc60e7ea98b360f003061e463bec0"",""endpoint"":""classification_logits"",""endpoint_contract_hash"":""3af2122851f19c5bf2b16b9c3ef78a6ba11452db33ff8fb915b76e3461bbcb28"",""reason"":""single_finite_multiclass_tensor"",""schema"":""onnx-splitpoint/runtime-output-endpoint-attestation"",""schema_version"":3,""stage"":""classification_logits"",""status"":""passed""}",,,,,b052,b052,hailo8_to_trt,native_split,native_split,native_fifo,orin_nx_hailo8_01,hailo8,float32_layout_fp16,float32_layout_fp16,hailo8_to_trt,ok,True,561.935892,561.935892,native_stage_concise_summary.fps_median,561.935892,560.603968,563.706224,3,3,3,complete,median_with_deterministic_percentile_bootstrap_ci95,fresh_process_per_repetition,True,median_of_independent_repetitions,False,,,,,,,,,,1.7795624273809512,1.7795624273809512,561.935892,1.7755608771758657,563.202317,paper_fps,0.132527,unavailable,,,,,,,,,,,,,,,,,,,classification:classification_logits:3af2122851f19c5bf2b16b9c3ef78a6ba11452db33ff8fb915b76e3461bbcb28,classification:classification_logits:3af2122851f19c5bf2b16b9c3ef78a6ba11452db33ff8fb915b76e3461bbcb28,classification:classification_logits:3af2122851f19c5bf2b16b9c3ef78a6ba11452db33ff8fb915b76e3461bbcb28,True,True,"[""resnet50"",""b052"",""native_split""]",True,unavailable,unavailable,,,,,,,,,False,False,not_required,explicit_host_postprocess_not_required,False,,,,False,False,,,,,,,,,,,,,,,,,,True,False,False,False,False,,,,,,,True,False,"[""precision_variant_quality_not_verified""]",,,,,,False,[],/home/nx/native_fifo_evalsets/resnet_yolo26s_yolov7_v27549_phase2_ranking_audit_b500_20260820_070324/variants/v000_hailo8_resnet50_singles/resnet50/benchmark_set/resources/validation/classification/val_by_wnid_n500_s20260710/images/n02788148/ILSVRC2012_val_00049054.JPEG,exact_file,,False,development_or_screening,native_performance_matrix,/home/kmika/Models/EvaluationRuns/native_supplement_reprojected_v2762/reports/native_producer_combined_summary.json,False,False,False,quality_veto,"[""precision_quality_binding_not_verified"",""task_quality_observation_not_valid"",""central_quality_evidence_not_verified"",""task_quality_not_passed"",""quality_accuracy_gate_not_passed""]",False,development_or_screening,precision_variant_quality_not_verified
resnet50,resnet50,classification,classification_logits,classification_logits,classification_logits,authoritative_suite_contract_plus_runtime_tensor:v4,True,3af2122851f19c5bf2b16b9c3ef78a6ba11452db33ff8fb915b76e3461bbcb28,"{""attested"":true,""class_count"":1000,""declaration_source_contract_sha256"":""27536c9d4b081e47dbfd0c91732a4a29ab0f1e02d1b510cea95b8b435d8ebe4d"",""declaration_source_contracts_sha256"":""567504f092a87db3120112c98fe08b6a7f2bc60e7ea98b360f003061e463bec0"",""endpoint"":""classification_logits"",""endpoint_contract_hash"":""3af2122851f19c5bf2b16b9c3ef78a6ba11452db33ff8fb915b76e3461bbcb28"",""reason"":""single_finite_multiclass_tensor"",""schema"":""onnx-splitpoint/runtime-output-endpoint-attestation"",""schema_version"":3,""stage"":""classification_logits"",""status"":""passed""}",,,,,b095,b095,hailo8_to_trt,native_split,native_split,native_fifo,orin_nx_hailo8_01,hailo8,float32_layout_fp16,float32_layout_fp16,hailo8_to_trt,ok,True,355.538089,355.538089,native_stage_concise_summary.fps_median,355.538089,355.062069,357.71542,3,3,3,complete,median_with_deterministic_percentile_bootstrap_ci95,fresh_process_per_repetition,True,median_of_independent_repetitions,False,,,,,,,,,,2.8126381699711502,2.8126381699711502,355.538089,2.810010100103603,355.870607,paper_fps,0.071983,unavailable,,,,,,,,,,,,,,,,,,,classification:classification_logits:3af2122851f19c5bf2b16b9c3ef78a6ba11452db33ff8fb915b76e3461bbcb28,classification:classification_logits:3af2122851f19c5bf2b16b9c3ef78a6ba11452db33ff8fb915b76e3461bbcb28,classification:classification_logits:3af2122851f19c5bf2b16b9c3ef78a6ba11452db33ff8fb915b76e3461bbcb28,True,True,"[""resnet50"",""b095"",""native_split""]",True,unavailable,unavailable,,,,,,,,,False,False,not_required,explicit_host_postprocess_not_required,False,,,,False,False,,,,,,,,,,,,,,,,,,True,False,False,False,False,,,,,,,True,False,"[""precision_variant_quality_not_verified""]",,,,,,False,[],/home/nx/native_fifo_evalsets/resnet_yolo26s_yolov7_v27549_phase2_ranking_audit_b500_20260820_070324/variants/v000_hailo8_resnet50_singles/resnet50/benchmark_set/resources/validation/classification/val_by_wnid_n500_s20260710/images/n02788148/ILSVRC2012_val_00049054.JPEG,exact_file,,False,development_or_screening,native_performance_matrix,/home/kmika/Models/EvaluationRuns/native_supplement_reprojected_v2762/reports/native_producer_combined_summary.json,False,False,False,quality_veto,"[""precision_quality_binding_not_verified"",""task_quality_observation_not_valid"",""central_quality_evidence_not_verified"",""task_quality_not_passed"",""quality_accuracy_gate_not_passed""]",False,development_or_screening,precision_variant_quality_not_verified
yolo26s,yolo26s,detection,decoded_nms,bn6_detections,decoded_nms,explicit_endpoint_declaration_plus_runtime_values:v3,True,d0972f0eb8de8e451288e18e2d2cd3497cf48cd3a02b854522aca5f2ae417e73,"{""attested"":true,""contract_source"":""explicit_endpoint_declaration_plus_runtime_values:v3"",""declaration_attested"":true,""declaration_source"":""/home/nx/native_fifo_evalsets/resnet_yolo26s_yolov7_v27549_phase2_ranking_audit_b500_20260820_070324/variants/v002_hailo10h_deepx_all_singles/yolo26s/benchmark_set/output_contracts.json"",""declared_contract"":{""artifact_path"":"""",""authoritative_output_contract"":true,""backend"":""cuda_ort"",""class_id_semantics"":""integer_model_label_index"",""contract_family"":""decoded_nms"",""contract_resolution_reason"":""exact_suite_output_contract"",""contract_resolution_status"":""attested"",""contract_status"":""recorded"",""coordinate_format"":""xyxy_score_class"",""coordinate_space"":""model_input_letterbox_xyxy_pixels"",""declaration_source"":""/home/nx/native_fifo_evalsets/resnet_yolo26s_yolov7_v27549_phase2_ranking_audit_b500_20260820_070324/variants/v002_hailo10h_deepx_all_singles/yolo26s/benchmark_set/output_contracts.json"",""endpoint_mode"":""decoded_nms"",""full_end_node_names"":[],""host_tail_required"":false,""model_id"":""yolo26s"",""output_format"":""bn6_detections"",""output_record_format"":""xyxy_score_class"",""postprocessing_required"":false,""requires_external_postprocess"":false,""schema"":""onnx-splitpoint/output-contract"",""schema_version"":1,""score_semantics"":""probability_0_1"",""source_contract_sha256"":""bb06063d4c069db1c3b0f6e5dcbd78e56363d23c129f316394055670fcd1e390"",""source_contracts_sha256"":""12138d1faf3b5876cfa0ad20b9f34935546128d406155a172521ef2c6159125f"",""source_coordinate_space"":""model_input_letterbox_xyxy_pixels"",""source_onnx_multiscale_raw_head"":false,""stage"":""decoded_nms"",""task"":""detection"",""variant"":""full"",""warning"":""""},""endpoint"":""decoded_nms"",""endpoint_contract_hash"":""d0972f0eb8de8e451288e18e2d2cd3497cf48cd3a02b854522aca5f2ae417e73"",""finite_fraction"":1.0,""fraction_threshold"":0.995,""integer_epsilon"":0.001,""integer_nonnegative_class_fraction"":1.0,""ordered_xyxy_fraction"":1.0,""output_count"":1,""output_dtype"":""float32"",""output_name"":""output0"",""output_shape"":[1,300,6],""range_epsilon"":0.0001,""reason"":""explicit_nms_declaration_and_runtime_values_verified"",""row_count"":300,""schema"":""onnx-splitpoint/runtime-output-endpoint-attestation"",""schema_version"":3,""score_range_fraction"":1.0,""stage"":""decoded_nms"",""status"":""passed"",""tensor_signature"":{""tensor_count"":1,""tensors"":[{""dtype"":""float32"",""index"":0,""name"":""output0"",""rank"":3,""shape"":[1,300,6]}]},""values_decoded_xyxy_score_class"":true}",,,,,b002,b002,deepx_to_trt,native_split,native_split,native_fifo,orin_nx_deepx_m1_01,deepx,float32_layout_fp16,float32_layout_fp16,deepx_to_trt,ok,True,23.500201261701715,23.500201261701715,native_stage_concise_summary.fps_median,23.500201261701715,23.391796369814724,23.54224286809351,3,3,3,complete,median_with_deterministic_percentile_bootstrap_ci95,fresh_runtime_per_repetition,True,median_of_independent_repetitions,False,,,,,,,,,,42.552827053004876,42.552827053004876,23.500201261701715,39.87166163659096,25.080469660744754,paper_fps,4.8500731086730955,unavailable,,,,,,,,,,,,,,,,,,,detection:decoded_nms:d0972f0eb8de8e451288e18e2d2cd3497cf48cd3a02b854522aca5f2ae417e73,detection:decoded_nms:d0972f0eb8de8e451288e18e2d2cd3497cf48cd3a02b854522aca5f2ae417e73,detection:decoded_nms:comparison:0153c6c2c964096ca2469182c8e2c0fd276d3b57166b737de759dbc39ca75dad,True,True,"[""yolo26s"",""b002"",""native_split""]",True,unavailable,unavailable,,,,,,True,,,True,True,passed,detection_completion_execution_v1,False,True,True,attested_bn6_filter_padding_inverse_letterbox_materialize_no_nms_v1,True,True,1000,True,,,,decoded_nms,decoded_nms,"{""canonical_sort_policy"":""score_desc_class_id_asc_xyxy_lexicographic_v1"",""completed_stage"":""decoded_nms"",""confidence_threshold"":0.25,""contract_source"":""attested_source_nms_plus_no_second_nms_materialization:v1"",""endpoint_contract_complete"":true,""endpoint_contract_hash"":""0ffb6ed284f37e7cbd6f5f32dabd1e64be8b43a29a3d12b39f2d096e62bc992d"",""host_nms_applied"":false,""input_hw"":[640,640],""iou_threshold"":0.45,""materialization_contract_sha256"":""9b2d6816d49326e031b2b5bfce0da530d504ebc02cd0512dc1a0076d82b0499a"",""max_detections"":300,""normalizer_id"":""attested_bn6_filter_padding_inverse_letterbox_materialize_no_nms_v1"",""original_wh"":[640,483],""output_coordinate_space"":""original_image_xyxy_pixels"",""output_endpoint_id"":""detection:decoded_nms:0ffb6ed284f37e7cbd6f5f32dabd1e64be8b43a29a3d12b39f2d096e62bc992d"",""output_record_format"":""xyxy_score_class_id_v1"",""schema"":""onnx-splitpoint/attested-decoded-nms-completed-endpoint"",""schema_version"":1,""source_endpoint_contract_hash"":""d0972f0eb8de8e451288e18e2d2cd3497cf48cd3a02b854522aca5f2ae417e73"",""source_nms_attested"":true,""source_output_tensor_signature"":{""tensor_count"":1,""tensors"":[{""dtype"":""float32"",""index"":0,""name"":""output0"",""rank"":3,""shape"":[1,300,6]}]},""source_stage"":""decoded_nms"",""task"":""detection""}",0ffb6ed284f37e7cbd6f5f32dabd1e64be8b43a29a3d12b39f2d096e62bc992d,detection:decoded_nms:0ffb6ed284f37e7cbd6f5f32dabd1e64be8b43a29a3d12b39f2d096e62bc992d,"{""canonical_completion_policy_id"":""decoded_nms_xyxy_original_classaware_postfilter_v2"",""class_aware"":true,""class_id_semantics"":""integer_model_label_index"",""contract_family"":""decoded_nms"",""coordinate_space"":""original_image_xyxy_pixels"",""endpoint_contract_complete"":true,""endpoint_contract_hash"":""0153c6c2c964096ca2469182c8e2c0fd276d3b57166b737de759dbc39ca75dad"",""input_hw"":[640,640],""iou_threshold"":0.45,""max_detections"":300,""model_family"":""yolo26"",""model_id"":""yolo26s"",""nms_semantics_id"":""class_aware_nms_xyxy_v1"",""output_endpoint_id"":""detection:decoded_nms:comparison:0153c6c2c964096ca2469182c8e2c0fd276d3b57166b737de759dbc39ca75dad"",""output_record_format"":""xyxy_score_class"",""schema"":""onnx-splitpoint/completed-task-comparison-endpoint"",""schema_version"":2,""score_semantics"":""probability_0_1"",""score_threshold"":0.25,""stage"":""decoded_nms"",""task"":""detection""}",0153c6c2c964096ca2469182c8e2c0fd276d3b57166b737de759dbc39ca75dad,detection:decoded_nms:comparison:0153c6c2c964096ca2469182c8e2c0fd276d3b57166b737de759dbc39ca75dad,detection_completion_execution_v1,True,"{""artifact"":{""comparison_endpoint_contract_hash"":""0153c6c2c964096ca2469182c8e2c0fd276d3b57166b737de759dbc39ca75dad"",""completed_endpoint_contract_hash"":""0ffb6ed284f37e7cbd6f5f32dabd1e64be8b43a29a3d12b39f2d096e62bc992d"",""completion_mode"":""decoded_nms_attested_materialization_no_second_nms"",""content_sha256"":""b6acf5df2b4c8716a691ee8a6e5fde1d283c174a0a7d6b8dc0d8f74495c97231"",""contract_family"":""decoded_nms"",""coordinate_space"":""original_image_xyxy_pixels"",""detection_count"":7,""detections"":[{""class_id"":59,""score"":0.93017578125,""x1"":1.125,""x2"":401.5,""y1"":271.75,""y2"":477.5},{""class_id"":58,""score"":0.9072265625,""x1"":339.25,""x2"":431.0,""y1"":211.5,""y2"":351.0},{""class_id"":58,""score"":0.8291015625,""x1"":184.5,""x2"":242.25,""y1"":129.75,""y2"":229.0},{""class_id"":56,""score"":0.5810546875,""x1"":247.0,""x2"":347.5,""y1"":231.75,""y2"":318.75},{""class_id"":39,""score"":0.498046875,""x1"":96.6875,""x2"":114.5,""y1"":191.5,""y2"":232.5},{""class_id"":73,""score"":0.282958984375,""x1"":522.5,""x2"":544.0,""y1"":145.375,""y2"":181.25},{""class_id"":73,""score"":0.2568359375,""x1"":520.0,""x2"":553.0,""y1"":246.75,""y2"":288.75}],""encoding"":""canonical_json_utf8_sort_keys_compact_no_nan_v1"",""execution_contract_sha256"":""fd1f66707fe218fd0a128885dbed98552e297acc71d09a8b6f325c2fd471b835"",""implementation_sha256"":""1123b6de4426df82144836f87dfe142e8d8a49aacb9b88d64f21d57bd0a69f7e"",""invocation_index"":1000,""observation_relation"":""same_hotloop_sentinel"",""record_schema"":""xyxy_score_class_id_v1"",""relation_sha256"":""0388b76e10e7d7928d9d0b7bc5837049051fcb4d4ee48e2e3f00aeba94997871"",""schema"":""onnx-splitpoint/detection-completion-result-artifact"",""schema_sha256"":""81c274661aaa730e6f67017d90ee2973ee77193622c353b125f9762bc727b959"",""schema_version"":1,""sort_policy"":""score_desc_class_id_asc_xyxy_lexicographic_v1"",""source_content_sha256"":""b1bbf51325a6e05bd39186fd54f7eeaf3d96f80be968c18b8cd9942b585aa82c"",""source_endpoint_contract_hash"":""d0972f0eb8de8e451288e18e2d2cd3497cf48cd3a02b854522aca5f2ae417e73"",""task"":""detection""},""artifact_sha256"":""6015b03b99b4c09fe4f3d8329a827d3ffbb72aa74033ce0cb23466304d83c51f"",""attestation_sha256"":""d41cf903797b448a3f3b10d85b207828fdd80394de80b997a6e74092b365fbca"",""attested"":true,""comparison_endpoint_contract"":{""canonical_completion_policy_id"":""decoded_nms_xyxy_original_classaware_postfilter_v2"",""class_aware"":true,""class_id_semantics"":""integer_model_label_index"",""contract_family"":""decoded_nms"",""coordinate_space"":""original_image_xyxy_pixels"",""endpoint_contract_complete"":true,""endpoint_contract_hash"":""0153c6c2c964096ca2469182c8e2c0fd276d3b57166b737de759dbc39ca75dad"",""input_hw"":[640,640],""iou_threshold"":0.45,""max_detections"":300,""model_family"":""yolo26"",""model_id"":""yolo26s"",""nms_semantics_id"":""class_aware_nms_xyxy_v1"",""output_endpoint_id"":""detection:decoded_nms:comparison:0153c6c2c964096ca2469182c8e2c0fd276d3b57166b737de759dbc39ca75dad"",""output_record_format"":""xyxy_score_class"",""schema"":""onnx-splitpoint/completed-task-comparison-endpoint"",""schema_version"":2,""score_semantics"":""probability_0_1"",""score_threshold"":0.25,""stage"":""decoded_nms"",""task"":""detection""},""comparison_identity_verified"":true,""completed_endpoint_contract"":{""canonical_sort_policy"":""score_desc_class_id_asc_xyxy_lexicographic_v1"",""completed_stage"":""decoded_nms"",""confidence_threshold"":0.25,""contract_source"":""attested_source_nms_plus_no_second_nms_materialization:v1"",""endpoint_contract_complete"":true,""endpoint_contract_hash"":""0ffb6ed284f37e7cbd6f5f32dabd1e64be8b43a29a3d12b39f2d096e62bc992d"",""host_nms_applied"":false,""input_hw"":[640,640],""iou_threshold"":0.45,""materialization_contract_sha256"":""9b2d6816d49326e031b2b5bfce0da530d504ebc02cd0512dc1a0076d82b0499a"",""max_detections"":300,""normalizer_id"":""attested_bn6_filter_padding_inverse_letterbox_materialize_no_nms_v1"",""original_wh"":[640,483],""output_coordinate_space"":""original_image_xyxy_pixels"",""output_endpoint_id"":""detection:decoded_nms:0ffb6ed284f37e7cbd6f5f32dabd1e64be8b43a29a3d12b39f2d096e62bc992d"",""output_record_format"":""xyxy_score_class_id_v1"",""schema"":""onnx-splitpoint/attested-decoded-nms-completed-endpoint"",""schema_version"":1,""source_endpoint_contract_hash"":""d0972f0eb8de8e451288e18e2d2cd3497cf48cd3a02b854522aca5f2ae417e73"",""source_nms_attested"":true,""source_output_tensor_signature"":{""tensor_count"":1,""tensors"":[{""dtype"":""float32"",""index"":0,""name"":""output0"",""rank"":3,""shape"":[1,300,6]}]},""source_stage"":""decoded_nms"",""task"":""detection""},""completed_frames"":1000,""completed_task_comparison_endpoint_contract"":{""canonical_completion_policy_id"":""decoded_nms_xyxy_original_classaware_postfilter_v2"",""class_aware"":true,""class_id_semantics"":""integer_model_label_index"",""contract_family"":""decoded_nms"",""coordinate_space"":""original_image_xyxy_pixels"",""endpoint_contract_complete"":true,""endpoint_contract_hash"":""0153c6c2c964096ca2469182c8e2c0fd276d3b57166b737de759dbc39ca75dad"",""input_hw"":[640,640],""iou_threshold"":0.45,""max_detections"":300,""model_family"":""yolo26"",""model_id"":""yolo26s"",""nms_semantics_id"":""class_aware_nms_xyxy_v1"",""output_endpoint_id"":""detection:decoded_nms:comparison:0153c6c2c964096ca2469182c8e2c0fd276d3b57166b737de759dbc39ca75dad"",""output_record_format"":""xyxy_score_class"",""schema"":""onnx-splitpoint/completed-task-comparison-endpoint"",""schema_version"":2,""score_semantics"":""probability_0_1"",""score_threshold"":0.25,""stage"":""decoded_nms"",""task"":""detection""},""completed_task_comparison_endpoint_contract_hash"":""0153c6c2c964096ca2469182c8e2c0fd276d3b57166b737de759dbc39ca75dad"",""completed_task_comparison_output_endpoint_id"":""detection:decoded_nms:comparison:0153c6c2c964096ca2469182c8e2c0fd276d3b57166b737de759dbc39ca75dad"",""completed_task_completion_mode"":""detection_completion_execution_v1"",""completed_work_units"":1000,""completion_count"":1000,""completion_count_verified"":true,""completion_mode"":""decoded_nms_attested_materialization_no_second_nms"",""content_sha256"":""b6acf5df2b4c8716a691ee8a6e5fde1d283c174a0a7d6b8dc0d8f74495c97231"",""contract_source"":""detection_completion_execution_inside_measured_hotloop:v1"",""endpoint"":""decoded_nms"",""endpoint_contract_complete"":true,""endpoint_contract_hash"":""0ffb6ed284f37e7cbd6f5f32dabd1e64be8b43a29a3d12b39f2d096e62bc992d"",""exact_result_claim_bound"":true,""execution_contract_sha256"":""fd1f66707fe218fd0a128885dbed98552e297acc71d09a8b6f325c2fd471b835"",""implementation_sha256"":""1123b6de4426df82144836f87dfe142e8d8a49aacb9b88d64f21d57bd0a69f7e"",""invocation_chain_sha256"":""544d3729edff63810dc10db9b13b751df9809ac70233512e0e18f1e7d34ebbb7"",""invocation_sha256"":""31558352c7983940eb8784407bafffe654ae5525e561131b7833ce6aaa2f2ab0"",""last_result"":{""artifact"":{""comparison_endpoint_contract_hash"":""0153c6c2c964096ca2469182c8e2c0fd276d3b57166b737de759dbc39ca75dad"",""completed_endpoint_contract_hash"":""0ffb6ed284f37e7cbd6f5f32dabd1e64be8b43a29a3d12b39f2d096e62bc992d"",""completion_mode"":""decoded_nms_attested_materialization_no_second_nms"",""content_sha256"":""b6acf5df2b4c8716a691ee8a6e5fde1d283c174a0a7d6b8dc0d8f74495c97231"",""contract_family"":""decoded_nms"",""coordinate_space"":""original_image_xyxy_pixels"",""detection_count"":7,""detections"":[{""class_id"":59,""score"":0.93017578125,""x1"":1.125,""x2"":401.5,""y1"":271.75,""y2"":477.5},{""class_id"":58,""score"":0.9072265625,""x1"":339.25,""x2"":431.0,""y1"":211.5,""y2"":351.0},{""class_id"":58,""score"":0.8291015625,""x1"":184.5,""x2"":242.25,""y1"":129.75,""y2"":229.0},{""class_id"":56,""score"":0.5810546875,""x1"":247.0,""x2"":347.5,""y1"":231.75,""y2"":318.75},{""class_id"":39,""score"":0.498046875,""x1"":96.6875,""x2"":114.5,""y1"":191.5,""y2"":232.5},{""class_id"":73,""score"":0.282958984375,""x1"":522.5,""x2"":544.0,""y1"":145.375,""y2"":181.25},{""class_id"":73,""score"":0.2568359375,""x1"":520.0,""x2"":553.0,""y1"":246.75,""y2"":288.75}],""encoding"":""canonical_json_utf8_sort_keys_compact_no_nan_v1"",""execution_contract_sha256"":""fd1f66707fe218fd0a128885dbed98552e297acc71d09a8b6f325c2fd471b835"",""implementation_sha256"":""1123b6de4426df82144836f87dfe142e8d8a49aacb9b88d64f21d57bd0a69f7e"",""invocation_index"":1000,""observation_relation"":""same_hotloop_sentinel"",""record_schema"":""xyxy_score_class_id_v1"",""relation_sha256"":""0388b76e10e7d7928d9d0b7bc5837049051fcb4d4ee48e2e3f00aeba94997871"",""schema"":""onnx-splitpoint/detection-completion-result-artifact"",""schema_sha256"":""81c274661aaa730e6f67017d90ee2973ee77193622c353b125f9762bc727b959"",""schema_version"":1,""sort_policy"":""score_desc_class_id_asc_xyxy_lexicographic_v1"",""source_content_sha256"":""b1bbf51325a6e05bd39186fd54f7eeaf3d96f80be968c18b8cd9942b585aa82c"",""source_endpoint_contract_hash"":""d0972f0eb8de8e451288e18e2d2cd3497cf48cd3a02b854522aca5f2ae417e73"",""task"":""detection""},""artifact_sha256"":""6015b03b99b4c09fe4f3d8329a827d3ffbb72aa74033ce0cb23466304d83c51f"",""completion_mode"":""decoded_nms_attested_materialization_no_second_nms"",""content_sha256"":""b6acf5df2b4c8716a691ee8a6e5fde1d283c174a0a7d6b8dc0d8f74495c97231"",""contract_family"":""decoded_nms"",""coordinate_space"":""original_image_xyxy_pixels"",""detection_count"":7,""detections"":[{""class_id"":59,""score"":0.93017578125,""x1"":1.125,""x2"":401.5,""y1"":271.75,""y2"":477.5},{""class_id"":58,""score"":0.9072265625,""x1"":339.25,""x2"":431.0,""y1"":211.5,""y2"":351.0},{""class_id"":58,""score"":0.8291015625,""x1"":184.5,""x2"":242.25,""y1"":129.75,""y2"":229.0},{""class_id"":56,""score"":0.5810546875,""x1"":247.0,""x2"":347.5,""y1"":231.75,""y2"":318.75},{""class_id"":39,""score"":0.498046875,""x1"":96.6875,""x2"":114.5,""y1"":191.5,""y2"":232.5},{""class_id"":73,""score"":0.282958984375,""x1"":522.5,""x2"":544.0,""y1"":145.375,""y2"":181.25},{""class_id"":73,""score"":0.2568359375,""x1"":520.0,""x2"":553.0,""y1"":246.75,""y2"":288.75}],""execution_contract_sha256"":""fd1f66707fe218fd0a128885dbed98552e297acc71d09a8b6f325c2fd471b835"",""host_nms_applied"":false,""implementation_sha256"":""1123b6de4426df82144836f87dfe142e8d8a49aacb9b88d64f21d57bd0a69f7e"",""invocation_index"":1000,""invocation_sha256"":""31558352c7983940eb8784407bafffe654ae5525e561131b7833ce6aaa2f2ab0"",""observation_relation"":""same_hotloop_sentinel"",""record_schema"":""xyxy_score_class_id_v1"",""relation_sha256"":""0388b76e10e7d7928d9d0b7bc5837049051fcb4d4ee48e2e3f00aeba94997871"",""schema_sha256"":""81c274661aaa730e6f67017d90ee2973ee77193622c353b125f9762bc727b959"",""source_content_sha256"":""b1bbf51325a6e05bd39186fd54f7eeaf3d96f80be968c18b8cd9942b585aa82c"",""source_nms_attested"":true,""task"":""detection""},""observation_relation"":""same_hotloop_sentinel"",""output_endpoint_id"":""detection:decoded_nms:0ffb6ed284f37e7cbd6f5f32dabd1e64be8b43a29a3d12b39f2d096e62bc992d"",""postprocess_completed_frames"":1000,""postprocess_completion_verified"":true,""relation_sha256"":""0388b76e10e7d7928d9d0b7bc5837049051fcb4d4ee48e2e3f00aeba94997871"",""same_hotloop_sentinel"":true,""schema"":""onnx-splitpoint/detection-completion-execution-attestation"",""schema_sha256"":""81c274661aaa730e6f67017d90ee2973ee77193622c353b125f9762bc727b959"",""schema_version"":2,""source_stage"":""decoded_nms"",""stage"":""decoded_nms"",""status"":""passed"",""task"":""detection""}",passed,True,False,False,False,False,,,,,,,True,False,"[""precision_variant_quality_not_verified""]",,,,,,False,[],/home/nx/native_fifo_evalsets/resnet_yolo26s_yolov7_v27549_phase2_ranking_audit_b500_20260820_070324/variants/v002_hailo10h_deepx_all_singles/yolo26s/benchmark_set/resources/validation/detection/val2017_n500_s20260710/000000000632.jpg,materialised_validation_subset:first_sorted,,False,development_or_screening,native_performance_matrix,/home/kmika/Models/EvaluationRuns/native_supplement_reprojected_v2762/reports/native_producer_combined_summary.json,False,False,False,quality_veto,"[""precision_quality_binding_not_verified"",""task_quality_observation_not_valid"",""central_quality_evidence_not_verified"",""task_quality_not_passed"",""quality_accuracy_gate_not_passed""]",False,development_or_screening,precision_variant_quality_not_verified
yolo26s,yolo26s,detection,decoded_nms,bn6_detections,decoded_nms,explicit_endpoint_declaration_plus_runtime_values:v3,True,d0972f0eb8de8e451288e18e2d2cd3497cf48cd3a02b854522aca5f2ae417e73,"{""attested"":true,""contract_source"":""explicit_endpoint_declaration_plus_runtime_values:v3"",""declaration_attested"":true,""declaration_source"":""/home/nx/native_fifo_evalsets/resnet_yolo26s_yolov7_v27549_phase2_ranking_audit_b500_20260820_070324/variants/v002_hailo10h_deepx_all_singles/yolo26s/benchmark_set/output_contracts.json"",""declared_contract"":{""artifact_path"":"""",""authoritative_output_contract"":true,""backend"":""cuda_ort"",""class_id_semantics"":""integer_model_label_index"",""contract_family"":""decoded_nms"",""contract_resolution_reason"":""exact_suite_output_contract"",""contract_resolution_status"":""attested"",""contract_status"":""recorded"",""coordinate_format"":""xyxy_score_class"",""coordinate_space"":""model_input_letterbox_xyxy_pixels"",""declaration_source"":""/home/nx/native_fifo_evalsets/resnet_yolo26s_yolov7_v27549_phase2_ranking_audit_b500_20260820_070324/variants/v002_hailo10h_deepx_all_singles/yolo26s/benchmark_set/output_contracts.json"",""endpoint_mode"":""decoded_nms"",""full_end_node_names"":[],""host_tail_required"":false,""model_id"":""yolo26s"",""output_format"":""bn6_detections"",""output_record_format"":""xyxy_score_class"",""postprocessing_required"":false,""requires_external_postprocess"":false,""schema"":""onnx-splitpoint/output-contract"",""schema_version"":1,""score_semantics"":""probability_0_1"",""source_contract_sha256"":""bb06063d4c069db1c3b0f6e5dcbd78e56363d23c129f316394055670fcd1e390"",""source_contracts_sha256"":""12138d1faf3b5876cfa0ad20b9f34935546128d406155a172521ef2c6159125f"",""source_coordinate_space"":""model_input_letterbox_xyxy_pixels"",""source_onnx_multiscale_raw_head"":false,""stage"":""decoded_nms"",""task"":""detection"",""variant"":""full"",""warning"":""""},""endpoint"":""decoded_nms"",""endpoint_contract_hash"":""d0972f0eb8de8e451288e18e2d2cd3497cf48cd3a02b854522aca5f2ae417e73"",""finite_fraction"":1.0,""fraction_threshold"":0.995,""integer_epsilon"":0.001,""integer_nonnegative_class_fraction"":1.0,""ordered_xyxy_fraction"":1.0,""output_count"":1,""output_dtype"":""float32"",""output_name"":""output0"",""output_shape"":[1,300,6],""range_epsilon"":0.0001,""reason"":""explicit_nms_declaration_and_runtime_values_verified"",""row_count"":300,""schema"":""onnx-splitpoint/runtime-output-endpoint-attestation"",""schema_version"":3,""score_range_fraction"":1.0,""stage"":""decoded_nms"",""status"":""passed"",""tensor_signature"":{""tensor_count"":1,""tensors"":[{""dtype"":""float32"",""index"":0,""name"":""output0"",""rank"":3,""shape"":[1,300,6]}]},""values_decoded_xyxy_score_class"":true}",,,,,b005,b005,deepx_to_trt,native_split,native_split,native_fifo,orin_nx_deepx_m1_01,deepx,float32_layout_fp16,float32_layout_fp16,deepx_to_trt,ok,True,45.98641211049827,45.98641211049827,native_stage_concise_summary.fps_median,45.98641211049827,44.000176390090274,47.30257240948353,3,3,3,complete,median_with_deterministic_percentile_bootstrap_ci95,fresh_runtime_per_repetition,True,median_of_independent_repetitions,False,,,,,,,,,,21.74555383005645,21.74555383005645,45.98641211049827,20.20053951931,49.50362830874319,paper_fps,2.6096551989316943,unavailable,,,,,,,,,,,,,,,,,,,detection:decoded_nms:d0972f0eb8de8e451288e18e2d2cd3497cf48cd3a02b854522aca5f2ae417e73,detection:decoded_nms:d0972f0eb8de8e451288e18e2d2cd3497cf48cd3a02b854522aca5f2ae417e73,detection:decoded_nms:comparison:0153c6c2c964096ca2469182c8e2c0fd276d3b57166b737de759dbc39ca75dad,True,True,"[""yolo26s"",""b005"",""native_split""]",True,unavailable,unavailable,,,,,,True,,,True,True,passed,detection_completion_execution_v1,False,True,True,attested_bn6_filter_padding_inverse_letterbox_materialize_no_nms_v1,True,True,1000,True,,,,decoded_nms,decoded_nms,"{""canonical_sort_policy"":""score_desc_class_id_asc_xyxy_lexicographic_v1"",""completed_stage"":""decoded_nms"",""confidence_threshold"":0.25,""contract_source"":""attested_source_nms_plus_no_second_nms_materialization:v1"",""endpoint_contract_complete"":true,""endpoint_contract_hash"":""0ffb6ed284f37e7cbd6f5f32dabd1e64be8b43a29a3d12b39f2d096e62bc992d"",""host_nms_applied"":false,""input_hw"":[640,640],""iou_threshold"":0.45,""materialization_contract_sha256"":""9b2d6816d49326e031b2b5bfce0da530d504ebc02cd0512dc1a0076d82b0499a"",""max_detections"":300,""normalizer_id"":""attested_bn6_filter_padding_inverse_letterbox_materialize_no_nms_v1"",""original_wh"":[640,483],""output_coordinate_space"":""original_image_xyxy_pixels"",""output_endpoint_id"":""detection:decoded_nms:0ffb6ed284f37e7cbd6f5f32dabd1e64be8b43a29a3d12b39f2d096e62bc992d"",""output_record_format"":""xyxy_score_class_id_v1"",""schema"":""onnx-splitpoint/attested-decoded-nms-completed-endpoint"",""schema_version"":1,""source_endpoint_contract_hash"":""d0972f0eb8de8e451288e18e2d2cd3497cf48cd3a02b854522aca5f2ae417e73"",""source_nms_attested"":true,""source_output_tensor_signature"":{""tensor_count"":1,""tensors"":[{""dtype"":""float32"",""index"":0,""name"":""output0"",""rank"":3,""shape"":[1,300,6]}]},""source_stage"":""decoded_nms"",""task"":""detection""}",0ffb6ed284f37e7cbd6f5f32dabd1e64be8b43a29a3d12b39f2d096e62bc992d,detection:decoded_nms:0ffb6ed284f37e7cbd6f5f32dabd1e64be8b43a29a3d12b39f2d096e62bc992d,"{""canonical_completion_policy_id"":""decoded_nms_xyxy_original_classaware_postfilter_v2"",""class_aware"":true,""class_id_semantics"":""integer_model_label_index"",""contract_family"":""decoded_nms"",""coordinate_space"":""original_image_xyxy_pixels"",""endpoint_contract_complete"":true,""endpoint_contract_hash"":""0153c6c2c964096ca2469182c8e2c0fd276d3b57166b737de759dbc39ca75dad"",""input_hw"":[640,640],""iou_threshold"":0.45,""max_detections"":300,""model_family"":""yolo26"",""model_id"":""yolo26s"",""nms_semantics_id"":""class_aware_nms_xyxy_v1"",""output_endpoint_id"":""detection:decoded_nms:comparison:0153c6c2c964096ca2469182c8e2c0fd276d3b57166b737de759dbc39ca75dad"",""output_record_format"":""xyxy_score_class"",""schema"":""onnx-splitpoint/completed-task-comparison-endpoint"",""schema_version"":2,""score_semantics"":""probability_0_1"",""score_threshold"":0.25,""stage"":""decoded_nms"",""task"":""detection""}",0153c6c2c964096ca2469182c8e2c0fd276d3b57166b737de759dbc39ca75dad,detection:decoded_nms:comparison:0153c6c2c964096ca2469182c8e2c0fd276d3b57166b737de759dbc39ca75dad,detection_completion_execution_v1,True,"{""artifact"":{""comparison_endpoint_contract_hash"":""0153c6c2c964096ca2469182c8e2c0fd276d3b57166b737de759dbc39ca75dad"",""completed_endpoint_contract_hash"":""0ffb6ed284f37e7cbd6f5f32dabd1e64be8b43a29a3d12b39f2d096e62bc992d"",""completion_mode"":""decoded_nms_attested_materialization_no_second_nms"",""content_sha256"":""ab6829beea94b707e07085be7e961e0926e63421d094aa4c31c51d07b2336339"",""contract_family"":""decoded_nms"",""coordinate_space"":""original_image_xyxy_pixels"",""detection_count"":6,""detections"":[{""class_id"":59,""score"":0.93017578125,""x1"":1.125,""x2"":401.25,""y1"":271.5,""y2"":477.0},{""class_id"":58,""score"":0.9072265625,""x1"":339.5,""x2"":431.0,""y1"":211.75,""y2"":351.0},{""class_id"":58,""score"":0.82470703125,""x1"":184.5,""x2"":242.375,""y1"":129.75,""y2"":229.0},{""class_id"":39,""score"":0.505859375,""x1"":96.6875,""x2"":114.4375,""y1"":191.5,""y2"":232.5},{""class_id"":56,""score"":0.498046875,""x1"":247.0,""x2"":347.75,""y1"":231.75,""y2"":318.75},{""class_id"":73,""score"":0.27685546875,""x1"":522.5,""x2"":544.0,""y1"":145.375,""y2"":181.25}],""encoding"":""canonical_json_utf8_sort_keys_compact_no_nan_v1"",""execution_contract_sha256"":""fd1f66707fe218fd0a128885dbed98552e297acc71d09a8b6f325c2fd471b835"",""implementation_sha256"":""1123b6de4426df82144836f87dfe142e8d8a49aacb9b88d64f21d57bd0a69f7e"",""invocation_index"":1000,""observation_relation"":""same_hotloop_sentinel"",""record_schema"":""xyxy_score_class_id_v1"",""relation_sha256"":""0388b76e10e7d7928d9d0b7bc5837049051fcb4d4ee48e2e3f00aeba94997871"",""schema"":""onnx-splitpoint/detection-completion-result-artifact"",""schema_sha256"":""81c274661aaa730e6f67017d90ee2973ee77193622c353b125f9762bc727b959"",""schema_version"":1,""sort_policy"":""score_desc_class_id_asc_xyxy_lexicographic_v1"",""source_content_sha256"":""7889eb7d1f6344cbd8b1ec7b72215a289e31729c2544982c6556ecb09ff355e2"",""source_endpoint_contract_hash"":""d0972f0eb8de8e451288e18e2d2cd3497cf48cd3a02b854522aca5f2ae417e73"",""task"":""detection""},""artifact_sha256"":""8e7ba8a129ef96921148bd06355745f246ca9b496d40a162acaa6f7bd3e97c07"",""attestation_sha256"":""6c259d1a7530b99cd435bb282069e46086bd16b8ed62d54da6e44ca40f470a22"",""attested"":true,""comparison_endpoint_contract"":{""canonical_completion_policy_id"":""decoded_nms_xyxy_original_classaware_postfilter_v2"",""class_aware"":true,""class_id_semantics"":""integer_model_label_index"",""contract_family"":""decoded_nms"",""coordinate_space"":""original_image_xyxy_pixels"",""endpoint_contract_complete"":true,""endpoint_contract_hash"":""0153c6c2c964096ca2469182c8e2c0fd276d3b57166b737de759dbc39ca75dad"",""input_hw"":[640,640],""iou_threshold"":0.45,""max_detections"":300,""model_family"":""yolo26"",""model_id"":""yolo26s"",""nms_semantics_id"":""class_aware_nms_xyxy_v1"",""output_endpoint_id"":""detection:decoded_nms:comparison:0153c6c2c964096ca2469182c8e2c0fd276d3b57166b737de759dbc39ca75dad"",""output_record_format"":""xyxy_score_class"",""schema"":""onnx-splitpoint/completed-task-comparison-endpoint"",""schema_version"":2,""score_semantics"":""probability_0_1"",""score_threshold"":0.25,""stage"":""decoded_nms"",""task"":""detection""},""comparison_identity_verified"":true,""completed_endpoint_contract"":{""canonical_sort_policy"":""score_desc_class_id_asc_xyxy_lexicographic_v1"",""completed_stage"":""decoded_nms"",""confidence_threshold"":0.25,""contract_source"":""attested_source_nms_plus_no_second_nms_materialization:v1"",""endpoint_contract_complete"":true,""endpoint_contract_hash"":""0ffb6ed284f37e7cbd6f5f32dabd1e64be8b43a29a3d12b39f2d096e62bc992d"",""host_nms_applied"":false,""input_hw"":[640,640],""iou_threshold"":0.45,""materialization_contract_sha256"":""9b2d6816d49326e031b2b5bfce0da530d504ebc02cd0512dc1a0076d82b0499a"",""max_detections"":300,""normalizer_id"":""attested_bn6_filter_padding_inverse_letterbox_materialize_no_nms_v1"",""original_wh"":[640,483],""output_coordinate_space"":""original_image_xyxy_pixels"",""output_endpoint_id"":""detection:decoded_nms:0ffb6ed284f37e7cbd6f5f32dabd1e64be8b43a29a3d12b39f2d096e62bc992d"",""output_record_format"":""xyxy_score_class_id_v1"",""schema"":""onnx-splitpoint/attested-decoded-nms-completed-endpoint"",""schema_version"":1,""source_endpoint_contract_hash"":""d0972f0eb8de8e451288e18e2d2cd3497cf48cd3a02b854522aca5f2ae417e73"",""source_nms_attested"":true,""source_output_tensor_signature"":{""tensor_count"":1,""tensors"":[{""dtype"":""float32"",""index"":0,""name"":""output0"",""rank"":3,""shape"":[1,300,6]}]},""source_stage"":""decoded_nms"",""task"":""detection""},""completed_frames"":1000,""completed_task_comparison_endpoint_contract"":{""canonical_completion_policy_id"":""decoded_nms_xyxy_original_classaware_postfilter_v2"",""class_aware"":true,""class_id_semantics"":""integer_model_label_index"",""contract_family"":""decoded_nms"",""coordinate_space"":""original_image_xyxy_pixels"",""endpoint_contract_complete"":true,""endpoint_contract_hash"":""0153c6c2c964096ca2469182c8e2c0fd276d3b57166b737de759dbc39ca75dad"",""input_hw"":[640,640],""iou_threshold"":0.45,""max_detections"":300,""model_family"":""yolo26"",""model_id"":""yolo26s"",""nms_semantics_id"":""class_aware_nms_xyxy_v1"",""output_endpoint_id"":""detection:decoded_nms:comparison:0153c6c2c964096ca2469182c8e2c0fd276d3b57166b737de759dbc39ca75dad"",""output_record_format"":""xyxy_score_class"",""schema"":""onnx-splitpoint/completed-task-comparison-endpoint"",""schema_version"":2,""score_semantics"":""probability_0_1"",""score_threshold"":0.25,""stage"":""decoded_nms"",""task"":""detection""},""completed_task_comparison_endpoint_contract_hash"":""0153c6c2c964096ca2469182c8e2c0fd276d3b57166b737de759dbc39ca75dad"",""completed_task_comparison_output_endpoint_id"":""detection:decoded_nms:comparison:0153c6c2c964096ca2469182c8e2c0fd276d3b57166b737de759dbc39ca75dad"",""completed_task_completion_mode"":""detection_completion_execution_v1"",""completed_work_units"":1000,""completion_count"":1000,""completion_count_verified"":true,""completion_mode"":""decoded_nms_attested_materialization_no_second_nms"",""content_sha256"":""ab6829beea94b707e07085be7e961e0926e63421d094aa4c31c51d07b2336339"",""contract_source"":""detection_completion_execution_inside_measured_hotloop:v1"",""endpoint"":""decoded_nms"",""endpoint_contract_complete"":true,""endpoint_contract_hash"":""0ffb6ed284f37e7cbd6f5f32dabd1e64be8b43a29a3d12b39f2d096e62bc992d"",""exact_result_claim_bound"":true,""execution_contract_sha256"":""fd1f66707fe218fd0a128885dbed98552e297acc71d09a8b6f325c2fd471b835"",""implementation_sha256"":""1123b6de4426df82144836f87dfe142e8d8a49aacb9b88d64f21d57bd0a69f7e"",""invocation_chain_sha256"":""58dd8531787df503486d6bffc3843644e7022beef1691e44f9bbd0bf84a7f29c"",""invocation_sha256"":""4e5bf456610cf35bd840cc560e4a297d9778026f3460da75000e56b15a028c43"",""last_result"":{""artifact"":{""comparison_endpoint_contract_hash"":""0153c6c2c964096ca2469182c8e2c0fd276d3b57166b737de759dbc39ca75dad"",""completed_endpoint_contract_hash"":""0ffb6ed284f37e7cbd6f5f32dabd1e64be8b43a29a3d12b39f2d096e62bc992d"",""completion_mode"":""decoded_nms_attested_materialization_no_second_nms"",""content_sha256"":""ab6829beea94b707e07085be7e961e0926e63421d094aa4c31c51d07b2336339"",""contract_family"":""decoded_nms"",""coordinate_space"":""original_image_xyxy_pixels"",""detection_count"":6,""detections"":[{""class_id"":59,""score"":0.93017578125,""x1"":1.125,""x2"":401.25,""y1"":271.5,""y2"":477.0},{""class_id"":58,""score"":0.9072265625,""x1"":339.5,""x2"":431.0,""y1"":211.75,""y2"":351.0},{""class_id"":58,""score"":0.82470703125,""x1"":184.5,""x2"":242.375,""y1"":129.75,""y2"":229.0},{""class_id"":39,""score"":0.505859375,""x1"":96.6875,""x2"":114.4375,""y1"":191.5,""y2"":232.5},{""class_id"":56,""score"":0.498046875,""x1"":247.0,""x2"":347.75,""y1"":231.75,""y2"":318.75},{""class_id"":73,""score"":0.27685546875,""x1"":522.5,""x2"":544.0,""y1"":145.375,""y2"":181.25}],""encoding"":""canonical_json_utf8_sort_keys_compact_no_nan_v1"",""execution_contract_sha256"":""fd1f66707fe218fd0a128885dbed98552e297acc71d09a8b6f325c2fd471b835"",""implementation_sha256"":""1123b6de4426df82144836f87dfe142e8d8a49aacb9b88d64f21d57bd0a69f7e"",""invocation_index"":1000,""observation_relation"":""same_hotloop_sentinel"",""record_schema"":""xyxy_score_class_id_v1"",""relation_sha256"":""0388b76e10e7d7928d9d0b7bc5837049051fcb4d4ee48e2e3f00aeba94997871"",""schema"":""onnx-splitpoint/detection-completion-result-artifact"",""schema_sha256"":""81c274661aaa730e6f67017d90ee2973ee77193622c353b125f9762bc727b959"",""schema_version"":1,""sort_policy"":""score_desc_class_id_asc_xyxy_lexicographic_v1"",""source_content_sha256"":""7889eb7d1f6344cbd8b1ec7b72215a289e31729c2544982c6556ecb09ff355e2"",""source_endpoint_contract_hash"":""d0972f0eb8de8e451288e18e2d2cd3497cf48cd3a02b854522aca5f2ae417e73"",""task"":""detection""},""artifact_sha256"":""8e7ba8a129ef96921148bd06355745f246ca9b496d40a162acaa6f7bd3e97c07"",""completion_mode"":""decoded_nms_attested_materialization_no_second_nms"",""content_sha256"":""ab6829beea94b707e07085be7e961e0926e63421d094aa4c31c51d07b2336339"",""contract_family"":""decoded_nms"",""coordinate_space"":""original_image_xyxy_pixels"",""detection_count"":6,""detections"":[{""class_id"":59,""score"":0.93017578125,""x1"":1.125,""x2"":401.25,""y1"":271.5,""y2"":477.0},{""class_id"":58,""score"":0.9072265625,""x1"":339.5,""x2"":431.0,""y1"":211.75,""y2"":351.0},{""class_id"":58,""score"":0.82470703125,""x1"":184.5,""x2"":242.375,""y1"":129.75,""y2"":229.0},{""class_id"":39,""score"":0.505859375,""x1"":96.6875,""x2"":114.4375,""y1"":191.5,""y2"":232.5},{""class_id"":56,""score"":0.498046875,""x1"":247.0,""x2"":347.75,""y1"":231.75,""y2"":318.75},{""class_id"":73,""score"":0.27685546875,""x1"":522.5,""x2"":544.0,""y1"":145.375,""y2"":181.25}],""execution_contract_sha256"":""fd1f66707fe218fd0a128885dbed98552e297acc71d09a8b6f325c2fd471b835"",""host_nms_applied"":false,""implementation_sha256"":""1123b6de4426df82144836f87dfe142e8d8a49aacb9b88d64f21d57bd0a69f7e"",""invocation_index"":1000,""invocation_sha256"":""4e5bf456610cf35bd840cc560e4a297d9778026f3460da75000e56b15a028c43"",""observation_relation"":""same_hotloop_sentinel"",""record_schema"":""xyxy_score_class_id_v1"",""relation_sha256"":""0388b76e10e7d7928d9d0b7bc5837049051fcb4d4ee48e2e3f00aeba94997871"",""schema_sha256"":""81c274661aaa730e6f67017d90ee2973ee77193622c353b125f9762bc727b959"",""source_content_sha256"":""7889eb7d1f6344cbd8b1ec7b72215a289e31729c2544982c6556ecb09ff355e2"",""source_nms_attested"":true,""task"":""detection""},""observation_relation"":""same_hotloop_sentinel"",""output_endpoint_id"":""detection:decoded_nms:0ffb6ed284f37e7cbd6f5f32dabd1e64be8b43a29a3d12b39f2d096e62bc992d"",""postprocess_completed_frames"":1000,""postprocess_completion_verified"":true,""relation_sha256"":""0388b76e10e7d7928d9d0b7bc5837049051fcb4d4ee48e2e3f00aeba94997871"",""same_hotloop_sentinel"":true,""schema"":""onnx-splitpoint/detection-completion-execution-attestation"",""schema_sha256"":""81c274661aaa730e6f67017d90ee2973ee77193622c353b125f9762bc727b959"",""schema_version"":2,""source_stage"":""decoded_nms"",""stage"":""decoded_nms"",""status"":""passed"",""task"":""detection""}",passed,True,False,False,False,False,,,,,,,True,False,"[""precision_variant_quality_not_verified""]",,,,,,False,[],/home/nx/native_fifo_evalsets/resnet_yolo26s_yolov7_v27549_phase2_ranking_audit_b500_20260820_070324/variants/v002_hailo10h_deepx_all_singles/yolo26s/benchmark_set/resources/validation/detection/val2017_n500_s20260710/000000000632.jpg,materialised_validation_subset:first_sorted,,False,development_or_screening,native_performance_matrix,/home/kmika/Models/EvaluationRuns/native_supplement_reprojected_v2762/reports/native_producer_combined_summary.json,False,False,False,quality_veto,"[""precision_quality_binding_not_verified"",""task_quality_observation_not_valid"",""central_quality_evidence_not_verified"",""task_quality_not_passed"",""quality_accuracy_gate_not_passed""]",False,development_or_screening,precision_variant_quality_not_verified
yolo26s,yolo26s,detection,decoded_nms,bn6_detections,decoded_nms,explicit_endpoint_declaration_plus_runtime_values:v3,True,d0972f0eb8de8e451288e18e2d2cd3497cf48cd3a02b854522aca5f2ae417e73,"{""attested"":true,""contract_source"":""explicit_endpoint_declaration_plus_runtime_values:v3"",""declaration_attested"":true,""declaration_source"":""/home/nx/native_fifo_evalsets/resnet_yolo26s_yolov7_v27549_phase2_ranking_audit_b500_20260820_070324/variants/v002_hailo10h_deepx_all_singles/yolo26s/benchmark_set/output_contracts.json"",""declared_contract"":{""artifact_path"":"""",""authoritative_output_contract"":true,""backend"":""cuda_ort"",""class_id_semantics"":""integer_model_label_index"",""contract_family"":""decoded_nms"",""contract_resolution_reason"":""exact_suite_output_contract"",""contract_resolution_status"":""attested"",""contract_status"":""recorded"",""coordinate_format"":""xyxy_score_class"",""coordinate_space"":""model_input_letterbox_xyxy_pixels"",""declaration_source"":""/home/nx/native_fifo_evalsets/resnet_yolo26s_yolov7_v27549_phase2_ranking_audit_b500_20260820_070324/variants/v002_hailo10h_deepx_all_singles/yolo26s/benchmark_set/output_contracts.json"",""endpoint_mode"":""decoded_nms"",""full_end_node_names"":[],""host_tail_required"":false,""model_id"":""yolo26s"",""output_format"":""bn6_detections"",""output_record_format"":""xyxy_score_class"",""postprocessing_required"":false,""requires_external_postprocess"":false,""schema"":""onnx-splitpoint/output-contract"",""schema_version"":1,""score_semantics"":""probability_0_1"",""source_contract_sha256"":""bb06063d4c069db1c3b0f6e5dcbd78e56363d23c129f316394055670fcd1e390"",""source_contracts_sha256"":""12138d1faf3b5876cfa0ad20b9f34935546128d406155a172521ef2c6159125f"",""source_coordinate_space"":""model_input_letterbox_xyxy_pixels"",""source_onnx_multiscale_raw_head"":false,""stage"":""decoded_nms"",""task"":""detection"",""variant"":""full"",""warning"":""""},""endpoint"":""decoded_nms"",""endpoint_contract_hash"":""d0972f0eb8de8e451288e18e2d2cd3497cf48cd3a02b854522aca5f2ae417e73"",""finite_fraction"":1.0,""fraction_threshold"":0.995,""integer_epsilon"":0.001,""integer_nonnegative_class_fraction"":1.0,""ordered_xyxy_fraction"":1.0,""output_count"":1,""output_dtype"":""float32"",""output_name"":""output0"",""output_shape"":[1,300,6],""range_epsilon"":0.0001,""reason"":""explicit_nms_declaration_and_runtime_values_verified"",""row_count"":300,""schema"":""onnx-splitpoint/runtime-output-endpoint-attestation"",""schema_version"":3,""score_range_fraction"":1.0,""stage"":""decoded_nms"",""status"":""passed"",""tensor_signature"":{""tensor_count"":1,""tensors"":[{""dtype"":""float32"",""index"":0,""name"":""output0"",""rank"":3,""shape"":[1,300,6]}]},""values_decoded_xyxy_score_class"":true}",,,,,b038,b038,deepx_to_trt,native_split,native_split,native_fifo,orin_nx_deepx_m1_01,deepx,float32_layout_fp16,float32_layout_fp16,deepx_to_trt,ok,True,38.73669588588757,38.73669588588757,native_stage_concise_summary.fps_median,38.73669588588757,38.613138760598815,39.831327455124566,3,3,3,complete,median_with_deterministic_percentile_bootstrap_ci95,fresh_runtime_per_repetition,True,median_of_independent_repetitions,False,,,,,,,,,,25.815314835985195,25.815314835985195,38.73669588588757,24.1600783495903,41.39059424933354,paper_fps,2.67779465842247,unavailable,,,,,,,,,,,,,,,,,,,detection:decoded_nms:d0972f0eb8de8e451288e18e2d2cd3497cf48cd3a02b854522aca5f2ae417e73,detection:decoded_nms:d0972f0eb8de8e451288e18e2d2cd3497cf48cd3a02b854522aca5f2ae417e73,detection:decoded_nms:comparison:0153c6c2c964096ca2469182c8e2c0fd276d3b57166b737de759dbc39ca75dad,True,True,"[""yolo26s"",""b038"",""native_split""]",True,unavailable,unavailable,,,,,,True,,,True,True,passed,detection_completion_execution_v1,False,True,True,attested_bn6_filter_padding_inverse_letterbox_materialize_no_nms_v1,True,True,1000,True,,,,decoded_nms,decoded_nms,"{""canonical_sort_policy"":""score_desc_class_id_asc_xyxy_lexicographic_v1"",""completed_stage"":""decoded_nms"",""confidence_threshold"":0.25,""contract_source"":""attested_source_nms_plus_no_second_nms_materialization:v1"",""endpoint_contract_complete"":true,""endpoint_contract_hash"":""0ffb6ed284f37e7cbd6f5f32dabd1e64be8b43a29a3d12b39f2d096e62bc992d"",""host_nms_applied"":false,""input_hw"":[640,640],""iou_threshold"":0.45,""materialization_contract_sha256"":""9b2d6816d49326e031b2b5bfce0da530d504ebc02cd0512dc1a0076d82b0499a"",""max_detections"":300,""normalizer_id"":""attested_bn6_filter_padding_inverse_letterbox_materialize_no_nms_v1"",""original_wh"":[640,483],""output_coordinate_space"":""original_image_xyxy_pixels"",""output_endpoint_id"":""detection:decoded_nms:0ffb6ed284f37e7cbd6f5f32dabd1e64be8b43a29a3d12b39f2d096e62bc992d"",""output_record_format"":""xyxy_score_class_id_v1"",""schema"":""onnx-splitpoint/attested-decoded-nms-completed-endpoint"",""schema_version"":1,""source_endpoint_contract_hash"":""d0972f0eb8de8e451288e18e2d2cd3497cf48cd3a02b854522aca5f2ae417e73"",""source_nms_attested"":true,""source_output_tensor_signature"":{""tensor_count"":1,""tensors"":[{""dtype"":""float32"",""index"":0,""name"":""output0"",""rank"":3,""shape"":[1,300,6]}]},""source_stage"":""decoded_nms"",""task"":""detection""}",0ffb6ed284f37e7cbd6f5f32dabd1e64be8b43a29a3d12b39f2d096e62bc992d,detection:decoded_nms:0ffb6ed284f37e7cbd6f5f32dabd1e64be8b43a29a3d12b39f2d096e62bc992d,"{""canonical_completion_policy_id"":""decoded_nms_xyxy_original_classaware_postfilter_v2"",""class_aware"":true,""class_id_semantics"":""integer_model_label_index"",""contract_family"":""decoded_nms"",""coordinate_space"":""original_image_xyxy_pixels"",""endpoint_contract_complete"":true,""endpoint_contract_hash"":""0153c6c2c964096ca2469182c8e2c0fd276d3b57166b737de759dbc39ca75dad"",""input_hw"":[640,640],""iou_threshold"":0.45,""max_detections"":300,""model_family"":""yolo26"",""model_id"":""yolo26s"",""nms_semantics_id"":""class_aware_nms_xyxy_v1"",""output_endpoint_id"":""detection:decoded_nms:comparison:0153c6c2c964096ca2469182c8e2c0fd276d3b57166b737de759dbc39ca75dad"",""output_record_format"":""xyxy_score_class"",""schema"":""onnx-splitpoint/completed-task-comparison-endpoint"",""schema_version"":2,""score_semantics"":""probability_0_1"",""score_threshold"":0.25,""stage"":""decoded_nms"",""task"":""detection""}",0153c6c2c964096ca2469182c8e2c0fd276d3b57166b737de759dbc39ca75dad,detection:decoded_nms:comparison:0153c6c2c964096ca2469182c8e2c0fd276d3b57166b737de759dbc39ca75dad,detection_completion_execution_v1,True,"{""artifact"":{""comparison_endpoint_contract_hash"":""0153c6c2c964096ca2469182c8e2c0fd276d3b57166b737de759dbc39ca75dad"",""completed_endpoint_contract_hash"":""0ffb6ed284f37e7cbd6f5f32dabd1e64be8b43a29a3d12b39f2d096e62bc992d"",""completion_mode"":""decoded_nms_attested_materialization_no_second_nms"",""content_sha256"":""996792c783b4e39fada6dee688508c0b959a572663ee5e81c8cf4b79b22df178"",""contract_family"":""decoded_nms"",""coordinate_space"":""original_image_xyxy_pixels"",""detection_count"":5,""detections"":[{""class_id"":59,""score"":0.9267578125,""x1"":1.0,""x2"":401.5,""y1"":272.5,""y2"":477.0},{""class_id"":58,""score"":0.9072265625,""x1"":339.25,""x2"":431.0,""y1"":211.75,""y2"":351.0},{""class_id"":58,""score"":0.8310546875,""x1"":184.375,""x2"":242.25,""y1"":129.875,""y2"":229.0},{""class_id"":39,""score"":0.464599609375,""x1"":96.6875,""x2"":114.375,""y1"":191.5,""y2"":233.0},{""class_id"":73,""score"":0.275146484375,""x1"":522.5,""x2"":543.5,""y1"":145.375,""y2"":181.25}],""encoding"":""canonical_json_utf8_sort_keys_compact_no_nan_v1"",""execution_contract_sha256"":""fd1f66707fe218fd0a128885dbed98552e297acc71d09a8b6f325c2fd471b835"",""implementation_sha256"":""1123b6de4426df82144836f87dfe142e8d8a49aacb9b88d64f21d57bd0a69f7e"",""invocation_index"":1000,""observation_relation"":""same_hotloop_sentinel"",""record_schema"":""xyxy_score_class_id_v1"",""relation_sha256"":""0388b76e10e7d7928d9d0b7bc5837049051fcb4d4ee48e2e3f00aeba94997871"",""schema"":""onnx-splitpoint/detection-completion-result-artifact"",""schema_sha256"":""81c274661aaa730e6f67017d90ee2973ee77193622c353b125f9762bc727b959"",""schema_version"":1,""sort_policy"":""score_desc_class_id_asc_xyxy_lexicographic_v1"",""source_content_sha256"":""d7910ea3131cbaa43c3a0f811a045311491eef08fb319ae566f60ae7bab04fdf"",""source_endpoint_contract_hash"":""d0972f0eb8de8e451288e18e2d2cd3497cf48cd3a02b854522aca5f2ae417e73"",""task"":""detection""},""artifact_sha256"":""28143ca485849debdacf609aedae4efbfbe9b23be200e8fc35ba4e12659c1e96"",""attestation_sha256"":""b2c524f938ffcb8d6cdc345ad1f38636feb13941c65bfd50afc327dfe65b5847"",""attested"":true,""comparison_endpoint_contract"":{""canonical_completion_policy_id"":""decoded_nms_xyxy_original_classaware_postfilter_v2"",""class_aware"":true,""class_id_semantics"":""integer_model_label_index"",""contract_family"":""decoded_nms"",""coordinate_space"":""original_image_xyxy_pixels"",""endpoint_contract_complete"":true,""endpoint_contract_hash"":""0153c6c2c964096ca2469182c8e2c0fd276d3b57166b737de759dbc39ca75dad"",""input_hw"":[640,640],""iou_threshold"":0.45,""max_detections"":300,""model_family"":""yolo26"",""model_id"":""yolo26s"",""nms_semantics_id"":""class_aware_nms_xyxy_v1"",""output_endpoint_id"":""detection:decoded_nms:comparison:0153c6c2c964096ca2469182c8e2c0fd276d3b57166b737de759dbc39ca75dad"",""output_record_format"":""xyxy_score_class"",""schema"":""onnx-splitpoint/completed-task-comparison-endpoint"",""schema_version"":2,""score_semantics"":""probability_0_1"",""score_threshold"":0.25,""stage"":""decoded_nms"",""task"":""detection""},""comparison_identity_verified"":true,""completed_endpoint_contract"":{""canonical_sort_policy"":""score_desc_class_id_asc_xyxy_lexicographic_v1"",""completed_stage"":""decoded_nms"",""confidence_threshold"":0.25,""contract_source"":""attested_source_nms_plus_no_second_nms_materialization:v1"",""endpoint_contract_complete"":true,""endpoint_contract_hash"":""0ffb6ed284f37e7cbd6f5f32dabd1e64be8b43a29a3d12b39f2d096e62bc992d"",""host_nms_applied"":false,""input_hw"":[640,640],""iou_threshold"":0.45,""materialization_contract_sha256"":""9b2d6816d49326e031b2b5bfce0da530d504ebc02cd0512dc1a0076d82b0499a"",""max_detections"":300,""normalizer_id"":""attested_bn6_filter_padding_inverse_letterbox_materialize_no_nms_v1"",""original_wh"":[640,483],""output_coordinate_space"":""original_image_xyxy_pixels"",""output_endpoint_id"":""detection:decoded_nms:0ffb6ed284f37e7cbd6f5f32dabd1e64be8b43a29a3d12b39f2d096e62bc992d"",""output_record_format"":""xyxy_score_class_id_v1"",""schema"":""onnx-splitpoint/attested-decoded-nms-completed-endpoint"",""schema_version"":1,""source_endpoint_contract_hash"":""d0972f0eb8de8e451288e18e2d2cd3497cf48cd3a02b854522aca5f2ae417e73"",""source_nms_attested"":true,""source_output_tensor_signature"":{""tensor_count"":1,""tensors"":[{""dtype"":""float32"",""index"":0,""name"":""output0"",""rank"":3,""shape"":[1,300,6]}]},""source_stage"":""decoded_nms"",""task"":""detection""},""completed_frames"":1000,""completed_task_comparison_endpoint_contract"":{""canonical_completion_policy_id"":""decoded_nms_xyxy_original_classaware_postfilter_v2"",""class_aware"":true,""class_id_semantics"":""integer_model_label_index"",""contract_family"":""decoded_nms"",""coordinate_space"":""original_image_xyxy_pixels"",""endpoint_contract_complete"":true,""endpoint_contract_hash"":""0153c6c2c964096ca2469182c8e2c0fd276d3b57166b737de759dbc39ca75dad"",""input_hw"":[640,640],""iou_threshold"":0.45,""max_detections"":300,""model_family"":""yolo26"",""model_id"":""yolo26s"",""nms_semantics_id"":""class_aware_nms_xyxy_v1"",""output_endpoint_id"":""detection:decoded_nms:comparison:0153c6c2c964096ca2469182c8e2c0fd276d3b57166b737de759dbc39ca75dad"",""output_record_format"":""xyxy_score_class"",""schema"":""onnx-splitpoint/completed-task-comparison-endpoint"",""schema_version"":2,""score_semantics"":""probability_0_1"",""score_threshold"":0.25,""stage"":""decoded_nms"",""task"":""detection""},""completed_task_comparison_endpoint_contract_hash"":""0153c6c2c964096ca2469182c8e2c0fd276d3b57166b737de759dbc39ca75dad"",""completed_task_comparison_output_endpoint_id"":""detection:decoded_nms:comparison:0153c6c2c964096ca2469182c8e2c0fd276d3b57166b737de759dbc39ca75dad"",""completed_task_completion_mode"":""detection_completion_execution_v1"",""completed_work_units"":1000,""completion_count"":1000,""completion_count_verified"":true,""completion_mode"":""decoded_nms_attested_materialization_no_second_nms"",""content_sha256"":""996792c783b4e39fada6dee688508c0b959a572663ee5e81c8cf4b79b22df178"",""contract_source"":""detection_completion_execution_inside_measured_hotloop:v1"",""endpoint"":""decoded_nms"",""endpoint_contract_complete"":true,""endpoint_contract_hash"":""0ffb6ed284f37e7cbd6f5f32dabd1e64be8b43a29a3d12b39f2d096e62bc992d"",""exact_result_claim_bound"":true,""execution_contract_sha256"":""fd1f66707fe218fd0a128885dbed98552e297acc71d09a8b6f325c2fd471b835"",""implementation_sha256"":""1123b6de4426df82144836f87dfe142e8d8a49aacb9b88d64f21d57bd0a69f7e"",""invocation_chain_sha256"":""fdaa2d8f1ca10672aab11c137b9e44a5089127059536c91a8a90bcdbc55be789"",""invocation_sha256"":""da3ed0525065b0ed1c88cf5af2cdc29e3f0c6d82043c9663fee4a46e47e86fd3"",""last_result"":{""artifact"":{""comparison_endpoint_contract_hash"":""0153c6c2c964096ca2469182c8e2c0fd276d3b57166b737de759dbc39ca75dad"",""completed_endpoint_contract_hash"":""0ffb6ed284f37e7cbd6f5f32dabd1e64be8b43a29a3d12b39f2d096e62bc992d"",""completion_mode"":""decoded_nms_attested_materialization_no_second_nms"",""content_sha256"":""996792c783b4e39fada6dee688508c0b959a572663ee5e81c8cf4b79b22df178"",""contract_family"":""decoded_nms"",""coordinate_space"":""original_image_xyxy_pixels"",""detection_count"":5,""detections"":[{""class_id"":59,""score"":0.9267578125,""x1"":1.0,""x2"":401.5,""y1"":272.5,""y2"":477.0},{""class_id"":58,""score"":0.9072265625,""x1"":339.25,""x2"":431.0,""y1"":211.75,""y2"":351.0},{""class_id"":58,""score"":0.8310546875,""x1"":184.375,""x2"":242.25,""y1"":129.875,""y2"":229.0},{""class_id"":39,""score"":0.464599609375,""x1"":96.6875,""x2"":114.375,""y1"":191.5,""y2"":233.0},{""class_id"":73,""score"":0.275146484375,""x1"":522.5,""x2"":543.5,""y1"":145.375,""y2"":181.25}],""encoding"":""canonical_json_utf8_sort_keys_compact_no_nan_v1"",""execution_contract_sha256"":""fd1f66707fe218fd0a128885dbed98552e297acc71d09a8b6f325c2fd471b835"",""implementation_sha256"":""1123b6de4426df82144836f87dfe142e8d8a49aacb9b88d64f21d57bd0a69f7e"",""invocation_index"":1000,""observation_relation"":""same_hotloop_sentinel"",""record_schema"":""xyxy_score_class_id_v1"",""relation_sha256"":""0388b76e10e7d7928d9d0b7bc5837049051fcb4d4ee48e2e3f00aeba94997871"",""schema"":""onnx-splitpoint/detection-completion-result-artifact"",""schema_sha256"":""81c274661aaa730e6f67017d90ee2973ee77193622c353b125f9762bc727b959"",""schema_version"":1,""sort_policy"":""score_desc_class_id_asc_xyxy_lexicographic_v1"",""source_content_sha256"":""d7910ea3131cbaa43c3a0f811a045311491eef08fb319ae566f60ae7bab04fdf"",""source_endpoint_contract_hash"":""d0972f0eb8de8e451288e18e2d2cd3497cf48cd3a02b854522aca5f2ae417e73"",""task"":""detection""},""artifact_sha256"":""28143ca485849debdacf609aedae4efbfbe9b23be200e8fc35ba4e12659c1e96"",""completion_mode"":""decoded_nms_attested_materialization_no_second_nms"",""content_sha256"":""996792c783b4e39fada6dee688508c0b959a572663ee5e81c8cf4b79b22df178"",""contract_family"":""decoded_nms"",""coordinate_space"":""original_image_xyxy_pixels"",""detection_count"":5,""detections"":[{""class_id"":59,""score"":0.9267578125,""x1"":1.0,""x2"":401.5,""y1"":272.5,""y2"":477.0},{""class_id"":58,""score"":0.9072265625,""x1"":339.25,""x2"":431.0,""y1"":211.75,""y2"":351.0},{""class_id"":58,""score"":0.8310546875,""x1"":184.375,""x2"":242.25,""y1"":129.875,""y2"":229.0},{""class_id"":39,""score"":0.464599609375,""x1"":96.6875,""x2"":114.375,""y1"":191.5,""y2"":233.0},{""class_id"":73,""score"":0.275146484375,""x1"":522.5,""x2"":543.5,""y1"":145.375,""y2"":181.25}],""execution_contract_sha256"":""fd1f66707fe218fd0a128885dbed98552e297acc71d09a8b6f325c2fd471b835"",""host_nms_applied"":false,""implementation_sha256"":""1123b6de4426df82144836f87dfe142e8d8a49aacb9b88d64f21d57bd0a69f7e"",""invocation_index"":1000,""invocation_sha256"":""da3ed0525065b0ed1c88cf5af2cdc29e3f0c6d82043c9663fee4a46e47e86fd3"",""observation_relation"":""same_hotloop_sentinel"",""record_schema"":""xyxy_score_class_id_v1"",""relation_sha256"":""0388b76e10e7d7928d9d0b7bc5837049051fcb4d4ee48e2e3f00aeba94997871"",""schema_sha256"":""81c274661aaa730e6f67017d90ee2973ee77193622c353b125f9762bc727b959"",""source_content_sha256"":""d7910ea3131cbaa43c3a0f811a045311491eef08fb319ae566f60ae7bab04fdf"",""source_nms_attested"":true,""task"":""detection""},""observation_relation"":""same_hotloop_sentinel"",""output_endpoint_id"":""detection:decoded_nms:0ffb6ed284f37e7cbd6f5f32dabd1e64be8b43a29a3d12b39f2d096e62bc992d"",""postprocess_completed_frames"":1000,""postprocess_completion_verified"":true,""relation_sha256"":""0388b76e10e7d7928d9d0b7bc5837049051fcb4d4ee48e2e3f00aeba94997871"",""same_hotloop_sentinel"":true,""schema"":""onnx-splitpoint/detection-completion-execution-attestation"",""schema_sha256"":""81c274661aaa730e6f67017d90ee2973ee77193622c353b125f9762bc727b959"",""schema_version"":2,""source_stage"":""decoded_nms"",""stage"":""decoded_nms"",""status"":""passed"",""task"":""detection""}",passed,True,False,False,False,False,,,,,,,True,False,"[""precision_variant_quality_not_verified""]",,,,,,False,[],/home/nx/native_fifo_evalsets/resnet_yolo26s_yolov7_v27549_phase2_ranking_audit_b500_20260820_070324/variants/v002_hailo10h_deepx_all_singles/yolo26s/benchmark_set/resources/validation/detection/val2017_n500_s20260710/000000000632.jpg,materialised_validation_subset:first_sorted,,False,development_or_screening,native_performance_matrix,/home/kmika/Models/EvaluationRuns/native_supplement_reprojected_v2762/reports/native_producer_combined_summary.json,False,False,False,quality_veto,"[""precision_quality_binding_not_verified"",""task_quality_observation_not_valid"",""central_quality_evidence_not_verified"",""task_quality_not_passed"",""quality_accuracy_gate_not_passed""]",False,development_or_screening,precision_variant_quality_not_verified
yolo26s,yolo26s,detection,decoded_nms,bn6_detections,decoded_nms,explicit_endpoint_declaration_plus_runtime_values:v3,True,d0972f0eb8de8e451288e18e2d2cd3497cf48cd3a02b854522aca5f2ae417e73,"{""attested"":true,""contract_source"":""explicit_endpoint_declaration_plus_runtime_values:v3"",""declaration_attested"":true,""declaration_source"":""/home/nx/native_fifo_evalsets/resnet_yolo26s_yolov7_v27549_phase2_ranking_audit_b500_20260820_070324/variants/v002_hailo10h_deepx_all_singles/yolo26s/benchmark_set/output_contracts.json"",""declared_contract"":{""artifact_path"":"""",""authoritative_output_contract"":true,""backend"":""cuda_ort"",""class_id_semantics"":""integer_model_label_index"",""contract_family"":""decoded_nms"",""contract_resolution_reason"":""exact_suite_output_contract"",""contract_resolution_status"":""attested"",""contract_status"":""recorded"",""coordinate_format"":""xyxy_score_class"",""coordinate_space"":""model_input_letterbox_xyxy_pixels"",""declaration_source"":""/home/nx/native_fifo_evalsets/resnet_yolo26s_yolov7_v27549_phase2_ranking_audit_b500_20260820_070324/variants/v002_hailo10h_deepx_all_singles/yolo26s/benchmark_set/output_contracts.json"",""endpoint_mode"":""decoded_nms"",""full_end_node_names"":[],""host_tail_required"":false,""model_id"":""yolo26s"",""output_format"":""bn6_detections"",""output_record_format"":""xyxy_score_class"",""postprocessing_required"":false,""requires_external_postprocess"":false,""schema"":""onnx-splitpoint/output-contract"",""schema_version"":1,""score_semantics"":""probability_0_1"",""source_contract_sha256"":""bb06063d4c069db1c3b0f6e5dcbd78e56363d23c129f316394055670fcd1e390"",""source_contracts_sha256"":""12138d1faf3b5876cfa0ad20b9f34935546128d406155a172521ef2c6159125f"",""source_coordinate_space"":""model_input_letterbox_xyxy_pixels"",""source_onnx_multiscale_raw_head"":false,""stage"":""decoded_nms"",""task"":""detection"",""variant"":""full"",""warning"":""""},""endpoint"":""decoded_nms"",""endpoint_contract_hash"":""d0972f0eb8de8e451288e18e2d2cd3497cf48cd3a02b854522aca5f2ae417e73"",""finite_fraction"":1.0,""fraction_threshold"":0.995,""integer_epsilon"":0.001,""integer_nonnegative_class_fraction"":1.0,""ordered_xyxy_fraction"":1.0,""output_count"":1,""output_dtype"":""float32"",""output_name"":""output0"",""output_shape"":[1,300,6],""range_epsilon"":0.0001,""reason"":""explicit_nms_declaration_and_runtime_values_verified"",""row_count"":300,""schema"":""onnx-splitpoint/runtime-output-endpoint-attestation"",""schema_version"":3,""score_range_fraction"":1.0,""stage"":""decoded_nms"",""status"":""passed"",""tensor_signature"":{""tensor_count"":1,""tensors"":[{""dtype"":""float32"",""index"":0,""name"":""output0"",""rank"":3,""shape"":[1,300,6]}]},""values_decoded_xyxy_score_class"":true}",,,,,b002,b002,hailo10h_to_trt,native_split,native_split,native_fifo,orin_nx_hailo10_01,hailo10h,float32_layout_fp16,float32_layout_fp16,hailo10h_to_trt,ok,True,15.78167670936424,15.78167670936424,native_stage_concise_summary.fps_median,15.78167670936424,15.78043689884153,15.784882866197178,3,3,3,complete,median_with_deterministic_percentile_bootstrap_ci95,fresh_runtime_per_repetition,True,median_of_independent_repetitions,False,,,,,,,,,,63.36462331702933,63.36462331702933,15.78167670936424,63.35556133789942,15.783934020671333,paper_fps,4.125780542031862,unavailable,,,,,,,,,,,,,,,,,,,detection:decoded_nms:d0972f0eb8de8e451288e18e2d2cd3497cf48cd3a02b854522aca5f2ae417e73,detection:decoded_nms:d0972f0eb8de8e451288e18e2d2cd3497cf48cd3a02b854522aca5f2ae417e73,detection:decoded_nms:comparison:0153c6c2c964096ca2469182c8e2c0fd276d3b57166b737de759dbc39ca75dad,True,True,"[""yolo26s"",""b002"",""native_split""]",True,unavailable,unavailable,,,,,,True,,,True,True,passed,detection_completion_execution_v1,False,True,True,attested_bn6_filter_padding_inverse_letterbox_materialize_no_nms_v1,True,True,1000,True,,,,decoded_nms,decoded_nms,"{""canonical_sort_policy"":""score_desc_class_id_asc_xyxy_lexicographic_v1"",""completed_stage"":""decoded_nms"",""confidence_threshold"":0.25,""contract_source"":""attested_source_nms_plus_no_second_nms_materialization:v1"",""endpoint_contract_complete"":true,""endpoint_contract_hash"":""0ffb6ed284f37e7cbd6f5f32dabd1e64be8b43a29a3d12b39f2d096e62bc992d"",""host_nms_applied"":false,""input_hw"":[640,640],""iou_threshold"":0.45,""materialization_contract_sha256"":""9b2d6816d49326e031b2b5bfce0da530d504ebc02cd0512dc1a0076d82b0499a"",""max_detections"":300,""normalizer_id"":""attested_bn6_filter_padding_inverse_letterbox_materialize_no_nms_v1"",""original_wh"":[640,483],""output_coordinate_space"":""original_image_xyxy_pixels"",""output_endpoint_id"":""detection:decoded_nms:0ffb6ed284f37e7cbd6f5f32dabd1e64be8b43a29a3d12b39f2d096e62bc992d"",""output_record_format"":""xyxy_score_class_id_v1"",""schema"":""onnx-splitpoint/attested-decoded-nms-completed-endpoint"",""schema_version"":1,""source_endpoint_contract_hash"":""d0972f0eb8de8e451288e18e2d2cd3497cf48cd3a02b854522aca5f2ae417e73"",""source_nms_attested"":true,""source_output_tensor_signature"":{""tensor_count"":1,""tensors"":[{""dtype"":""float32"",""index"":0,""name"":""output0"",""rank"":3,""shape"":[1,300,6]}]},""source_stage"":""decoded_nms"",""task"":""detection""}",0ffb6ed284f37e7cbd6f5f32dabd1e64be8b43a29a3d12b39f2d096e62bc992d,detection:decoded_nms:0ffb6ed284f37e7cbd6f5f32dabd1e64be8b43a29a3d12b39f2d096e62bc992d,"{""canonical_completion_policy_id"":""decoded_nms_xyxy_original_classaware_postfilter_v2"",""class_aware"":true,""class_id_semantics"":""integer_model_label_index"",""contract_family"":""decoded_nms"",""coordinate_space"":""original_image_xyxy_pixels"",""endpoint_contract_complete"":true,""endpoint_contract_hash"":""0153c6c2c964096ca2469182c8e2c0fd276d3b57166b737de759dbc39ca75dad"",""input_hw"":[640,640],""iou_threshold"":0.45,""max_detections"":300,""model_family"":""yolo26"",""model_id"":""yolo26s"",""nms_semantics_id"":""class_aware_nms_xyxy_v1"",""output_endpoint_id"":""detection:decoded_nms:comparison:0153c6c2c964096ca2469182c8e2c0fd276d3b57166b737de759dbc39ca75dad"",""output_record_format"":""xyxy_score_class"",""schema"":""onnx-splitpoint/completed-task-comparison-endpoint"",""schema_version"":2,""score_semantics"":""probability_0_1"",""score_threshold"":0.25,""stage"":""decoded_nms"",""task"":""detection""}",0153c6c2c964096ca2469182c8e2c0fd276d3b57166b737de759dbc39ca75dad,detection:decoded_nms:comparison:0153c6c2c964096ca2469182c8e2c0fd276d3b57166b737de759dbc39ca75dad,detection_completion_execution_v1,True,"{""artifact"":{""comparison_endpoint_contract_hash"":""0153c6c2c964096ca2469182c8e2c0fd276d3b57166b737de759dbc39ca75dad"",""completed_endpoint_contract_hash"":""0ffb6ed284f37e7cbd6f5f32dabd1e64be8b43a29a3d12b39f2d096e62bc992d"",""completion_mode"":""decoded_nms_attested_materialization_no_second_nms"",""content_sha256"":""b7ad3e63e49982417459f5e5a408ba9bc50b9f94cd3db6fd0a875cc74947ba5c"",""contract_family"":""decoded_nms"",""coordinate_space"":""original_image_xyxy_pixels"",""detection_count"":6,""detections"":[{""class_id"":59,""score"":0.92919921875,""x1"":1.125,""x2"":402.0,""y1"":272.0,""y2"":478.0},{""class_id"":58,""score"":0.91015625,""x1"":338.5,""x2"":431.0,""y1"":212.5,""y2"":351.25},{""class_id"":58,""score"":0.80810546875,""x1"":184.75,""x2"":242.25,""y1"":129.75,""y2"":229.0},{""class_id"":56,""score"":0.7578125,""x1"":247.25,""x2"":347.75,""y1"":231.0,""y2"":318.5},{""class_id"":39,""score"":0.455078125,""x1"":96.625,""x2"":114.5,""y1"":191.0,""y2"":232.75},{""class_id"":73,""score"":0.2861328125,""x1"":523.0,""x2"":543.5,""y1"":145.5,""y2"":181.25}],""encoding"":""canonical_json_utf8_sort_keys_compact_no_nan_v1"",""execution_contract_sha256"":""fd1f66707fe218fd0a128885dbed98552e297acc71d09a8b6f325c2fd471b835"",""implementation_sha256"":""1123b6de4426df82144836f87dfe142e8d8a49aacb9b88d64f21d57bd0a69f7e"",""invocation_index"":1000,""observation_relation"":""same_hotloop_sentinel"",""record_schema"":""xyxy_score_class_id_v1"",""relation_sha256"":""0388b76e10e7d7928d9d0b7bc5837049051fcb4d4ee48e2e3f00aeba94997871"",""schema"":""onnx-splitpoint/detection-completion-result-artifact"",""schema_sha256"":""81c274661aaa730e6f67017d90ee2973ee77193622c353b125f9762bc727b959"",""schema_version"":1,""sort_policy"":""score_desc_class_id_asc_xyxy_lexicographic_v1"",""source_content_sha256"":""01236ea2b8034ce3a9b74e76f37f643266ef191fc44e67e9915ccb227b7d09b0"",""source_endpoint_contract_hash"":""d0972f0eb8de8e451288e18e2d2cd3497cf48cd3a02b854522aca5f2ae417e73"",""task"":""detection""},""artifact_sha256"":""043c912f2fa10bc57292e520534accd230f8b3c349d814064fa6cd29ffa276b1"",""attestation_sha256"":""f003c8b3af6e205d1dd2fc3119817dd72f7452915ac58679e5512873f6a854ee"",""attested"":true,""comparison_endpoint_contract"":{""canonical_completion_policy_id"":""decoded_nms_xyxy_original_classaware_postfilter_v2"",""class_aware"":true,""class_id_semantics"":""integer_model_label_index"",""contract_family"":""decoded_nms"",""coordinate_space"":""original_image_xyxy_pixels"",""endpoint_contract_complete"":true,""endpoint_contract_hash"":""0153c6c2c964096ca2469182c8e2c0fd276d3b57166b737de759dbc39ca75dad"",""input_hw"":[640,640],""iou_threshold"":0.45,""max_detections"":300,""model_family"":""yolo26"",""model_id"":""yolo26s"",""nms_semantics_id"":""class_aware_nms_xyxy_v1"",""output_endpoint_id"":""detection:decoded_nms:comparison:0153c6c2c964096ca2469182c8e2c0fd276d3b57166b737de759dbc39ca75dad"",""output_record_format"":""xyxy_score_class"",""schema"":""onnx-splitpoint/completed-task-comparison-endpoint"",""schema_version"":2,""score_semantics"":""probability_0_1"",""score_threshold"":0.25,""stage"":""decoded_nms"",""task"":""detection""},""comparison_identity_verified"":true,""completed_endpoint_contract"":{""canonical_sort_policy"":""score_desc_class_id_asc_xyxy_lexicographic_v1"",""completed_stage"":""decoded_nms"",""confidence_threshold"":0.25,""contract_source"":""attested_source_nms_plus_no_second_nms_materialization:v1"",""endpoint_contract_complete"":true,""endpoint_contract_hash"":""0ffb6ed284f37e7cbd6f5f32dabd1e64be8b43a29a3d12b39f2d096e62bc992d"",""host_nms_applied"":false,""input_hw"":[640,640],""iou_threshold"":0.45,""materialization_contract_sha256"":""9b2d6816d49326e031b2b5bfce0da530d504ebc02cd0512dc1a0076d82b0499a"",""max_detections"":300,""normalizer_id"":""attested_bn6_filter_padding_inverse_letterbox_materialize_no_nms_v1"",""original_wh"":[640,483],""output_coordinate_space"":""original_image_xyxy_pixels"",""output_endpoint_id"":""detection:decoded_nms:0ffb6ed284f37e7cbd6f5f32dabd1e64be8b43a29a3d12b39f2d096e62bc992d"",""output_record_format"":""xyxy_score_class_id_v1"",""schema"":""onnx-splitpoint/attested-decoded-nms-completed-endpoint"",""schema_version"":1,""source_endpoint_contract_hash"":""d0972f0eb8de8e451288e18e2d2cd3497cf48cd3a02b854522aca5f2ae417e73"",""source_nms_attested"":true,""source_output_tensor_signature"":{""tensor_count"":1,""tensors"":[{""dtype"":""float32"",""index"":0,""name"":""output0"",""rank"":3,""shape"":[1,300,6]}]},""source_stage"":""decoded_nms"",""task"":""detection""},""completed_frames"":1000,""completed_task_comparison_endpoint_contract"":{""canonical_completion_policy_id"":""decoded_nms_xyxy_original_classaware_postfilter_v2"",""class_aware"":true,""class_id_semantics"":""integer_model_label_index"",""contract_family"":""decoded_nms"",""coordinate_space"":""original_image_xyxy_pixels"",""endpoint_contract_complete"":true,""endpoint_contract_hash"":""0153c6c2c964096ca2469182c8e2c0fd276d3b57166b737de759dbc39ca75dad"",""input_hw"":[640,640],""iou_threshold"":0.45,""max_detections"":300,""model_family"":""yolo26"",""model_id"":""yolo26s"",""nms_semantics_id"":""class_aware_nms_xyxy_v1"",""output_endpoint_id"":""detection:decoded_nms:comparison:0153c6c2c964096ca2469182c8e2c0fd276d3b57166b737de759dbc39ca75dad"",""output_record_format"":""xyxy_score_class"",""schema"":""onnx-splitpoint/completed-task-comparison-endpoint"",""schema_version"":2,""score_semantics"":""probability_0_1"",""score_threshold"":0.25,""stage"":""decoded_nms"",""task"":""detection""},""completed_task_comparison_endpoint_contract_hash"":""0153c6c2c964096ca2469182c8e2c0fd276d3b57166b737de759dbc39ca75dad"",""completed_task_comparison_output_endpoint_id"":""detection:decoded_nms:comparison:0153c6c2c964096ca2469182c8e2c0fd276d3b57166b737de759dbc39ca75dad"",""completed_task_completion_mode"":""detection_completion_execution_v1"",""completed_work_units"":1000,""completion_count"":1000,""completion_count_verified"":true,""completion_mode"":""decoded_nms_attested_materialization_no_second_nms"",""content_sha256"":""b7ad3e63e49982417459f5e5a408ba9bc50b9f94cd3db6fd0a875cc74947ba5c"",""contract_source"":""detection_completion_execution_inside_measured_hotloop:v1"",""endpoint"":""decoded_nms"",""endpoint_contract_complete"":true,""endpoint_contract_hash"":""0ffb6ed284f37e7cbd6f5f32dabd1e64be8b43a29a3d12b39f2d096e62bc992d"",""exact_result_claim_bound"":true,""execution_contract_sha256"":""fd1f66707fe218fd0a128885dbed98552e297acc71d09a8b6f325c2fd471b835"",""implementation_sha256"":""1123b6de4426df82144836f87dfe142e8d8a49aacb9b88d64f21d57bd0a69f7e"",""invocation_chain_sha256"":""cbbe98e00d943850b572465cfa03011d382d6d6aa995ac21f10e7ead4fc3f17d"",""invocation_sha256"":""1483483028f233942de9e5d269b7855854e73f7ccb5f6927d6ddae69139f0e3c"",""last_result"":{""artifact"":{""comparison_endpoint_contract_hash"":""0153c6c2c964096ca2469182c8e2c0fd276d3b57166b737de759dbc39ca75dad"",""completed_endpoint_contract_hash"":""0ffb6ed284f37e7cbd6f5f32dabd1e64be8b43a29a3d12b39f2d096e62bc992d"",""completion_mode"":""decoded_nms_attested_materialization_no_second_nms"",""content_sha256"":""b7ad3e63e49982417459f5e5a408ba9bc50b9f94cd3db6fd0a875cc74947ba5c"",""contract_family"":""decoded_nms"",""coordinate_space"":""original_image_xyxy_pixels"",""detection_count"":6,""detections"":[{""class_id"":59,""score"":0.92919921875,""x1"":1.125,""x2"":402.0,""y1"":272.0,""y2"":478.0},{""class_id"":58,""score"":0.91015625,""x1"":338.5,""x2"":431.0,""y1"":212.5,""y2"":351.25},{""class_id"":58,""score"":0.80810546875,""x1"":184.75,""x2"":242.25,""y1"":129.75,""y2"":229.0},{""class_id"":56,""score"":0.7578125,""x1"":247.25,""x2"":347.75,""y1"":231.0,""y2"":318.5},{""class_id"":39,""score"":0.455078125,""x1"":96.625,""x2"":114.5,""y1"":191.0,""y2"":232.75},{""class_id"":73,""score"":0.2861328125,""x1"":523.0,""x2"":543.5,""y1"":145.5,""y2"":181.25}],""encoding"":""canonical_json_utf8_sort_keys_compact_no_nan_v1"",""execution_contract_sha256"":""fd1f66707fe218fd0a128885dbed98552e297acc71d09a8b6f325c2fd471b835"",""implementation_sha256"":""1123b6de4426df82144836f87dfe142e8d8a49aacb9b88d64f21d57bd0a69f7e"",""invocation_index"":1000,""observation_relation"":""same_hotloop_sentinel"",""record_schema"":""xyxy_score_class_id_v1"",""relation_sha256"":""0388b76e10e7d7928d9d0b7bc5837049051fcb4d4ee48e2e3f00aeba94997871"",""schema"":""onnx-splitpoint/detection-completion-result-artifact"",""schema_sha256"":""81c274661aaa730e6f67017d90ee2973ee77193622c353b125f9762bc727b959"",""schema_version"":1,""sort_policy"":""score_desc_class_id_asc_xyxy_lexicographic_v1"",""source_content_sha256"":""01236ea2b8034ce3a9b74e76f37f643266ef191fc44e67e9915ccb227b7d09b0"",""source_endpoint_contract_hash"":""d0972f0eb8de8e451288e18e2d2cd3497cf48cd3a02b854522aca5f2ae417e73"",""task"":""detection""},""artifact_sha256"":""043c912f2fa10bc57292e520534accd230f8b3c349d814064fa6cd29ffa276b1"",""completion_mode"":""decoded_nms_attested_materialization_no_second_nms"",""content_sha256"":""b7ad3e63e49982417459f5e5a408ba9bc50b9f94cd3db6fd0a875cc74947ba5c"",""contract_family"":""decoded_nms"",""coordinate_space"":""original_image_xyxy_pixels"",""detection_count"":6,""detections"":[{""class_id"":59,""score"":0.92919921875,""x1"":1.125,""x2"":402.0,""y1"":272.0,""y2"":478.0},{""class_id"":58,""score"":0.91015625,""x1"":338.5,""x2"":431.0,""y1"":212.5,""y2"":351.25},{""class_id"":58,""score"":0.80810546875,""x1"":184.75,""x2"":242.25,""y1"":129.75,""y2"":229.0},{""class_id"":56,""score"":0.7578125,""x1"":247.25,""x2"":347.75,""y1"":231.0,""y2"":318.5},{""class_id"":39,""score"":0.455078125,""x1"":96.625,""x2"":114.5,""y1"":191.0,""y2"":232.75},{""class_id"":73,""score"":0.2861328125,""x1"":523.0,""x2"":543.5,""y1"":145.5,""y2"":181.25}],""execution_contract_sha256"":""fd1f66707fe218fd0a128885dbed98552e297acc71d09a8b6f325c2fd471b835"",""host_nms_applied"":false,""implementation_sha256"":""1123b6de4426df82144836f87dfe142e8d8a49aacb9b88d64f21d57bd0a69f7e"",""invocation_index"":1000,""invocation_sha256"":""1483483028f233942de9e5d269b7855854e73f7ccb5f6927d6ddae69139f0e3c"",""observation_relation"":""same_hotloop_sentinel"",""record_schema"":""xyxy_score_class_id_v1"",""relation_sha256"":""0388b76e10e7d7928d9d0b7bc5837049051fcb4d4ee48e2e3f00aeba94997871"",""schema_sha256"":""81c274661aaa730e6f67017d90ee2973ee77193622c353b125f9762bc727b959"",""source_content_sha256"":""01236ea2b8034ce3a9b74e76f37f643266ef191fc44e67e9915ccb227b7d09b0"",""source_nms_attested"":true,""task"":""detection""},""observation_relation"":""same_hotloop_sentinel"",""output_endpoint_id"":""detection:decoded_nms:0ffb6ed284f37e7cbd6f5f32dabd1e64be8b43a29a3d12b39f2d096e62bc992d"",""postprocess_completed_frames"":1000,""postprocess_completion_verified"":true,""relation_sha256"":""0388b76e10e7d7928d9d0b7bc5837049051fcb4d4ee48e2e3f00aeba94997871"",""same_hotloop_sentinel"":true,""schema"":""onnx-splitpoint/detection-completion-execution-attestation"",""schema_sha256"":""81c274661aaa730e6f67017d90ee2973ee77193622c353b125f9762bc727b959"",""schema_version"":2,""source_stage"":""decoded_nms"",""stage"":""decoded_nms"",""status"":""passed"",""task"":""detection""}",passed,True,False,False,False,False,,,,,,,True,False,"[""precision_variant_quality_not_verified"",""hailo10_yolo26_compiled_raw_head_numeric_threshold_crossing""]",,,,,,False,[],/home/nx/native_fifo_evalsets/resnet_yolo26s_yolov7_v27549_phase2_ranking_audit_b500_20260820_070324/variants/v002_hailo10h_deepx_all_singles/yolo26s/benchmark_set/resources/validation/detection/val2017_n500_s20260710/000000000632.jpg,materialised_validation_subset:first_sorted,,False,development_or_screening,native_performance_matrix,/home/kmika/Models/EvaluationRuns/native_supplement_reprojected_v2762/reports/native_producer_combined_summary.json,False,False,False,quality_veto,"[""precision_quality_binding_not_verified"",""task_quality_observation_not_valid"",""central_quality_evidence_not_verified"",""task_quality_not_passed"",""quality_accuracy_gate_not_passed""]",False,development_or_screening,precision_variant_quality_not_verified;hailo10_yolo26_compiled_raw_head_numeric_threshold_crossing
yolo26s,yolo26s,detection,decoded_nms,bn6_detections,decoded_nms,explicit_endpoint_declaration_plus_runtime_values:v3,True,d0972f0eb8de8e451288e18e2d2cd3497cf48cd3a02b854522aca5f2ae417e73,"{""attested"":true,""contract_source"":""explicit_endpoint_declaration_plus_runtime_values:v3"",""declaration_attested"":true,""declaration_source"":""/home/nx/native_fifo_evalsets/resnet_yolo26s_yolov7_v27549_phase2_ranking_audit_b500_20260820_070324/variants/v002_hailo10h_deepx_all_singles/yolo26s/benchmark_set/output_contracts.json"",""declared_contract"":{""artifact_path"":"""",""authoritative_output_contract"":true,""backend"":""cuda_ort"",""class_id_semantics"":""integer_model_label_index"",""contract_family"":""decoded_nms"",""contract_resolution_reason"":""exact_suite_output_contract"",""contract_resolution_status"":""attested"",""contract_status"":""recorded"",""coordinate_format"":""xyxy_score_class"",""coordinate_space"":""model_input_letterbox_xyxy_pixels"",""declaration_source"":""/home/nx/native_fifo_evalsets/resnet_yolo26s_yolov7_v27549_phase2_ranking_audit_b500_20260820_070324/variants/v002_hailo10h_deepx_all_singles/yolo26s/benchmark_set/output_contracts.json"",""endpoint_mode"":""decoded_nms"",""full_end_node_names"":[],""host_tail_required"":false,""model_id"":""yolo26s"",""output_format"":""bn6_detections"",""output_record_format"":""xyxy_score_class"",""postprocessing_required"":false,""requires_external_postprocess"":false,""schema"":""onnx-splitpoint/output-contract"",""schema_version"":1,""score_semantics"":""probability_0_1"",""source_contract_sha256"":""bb06063d4c069db1c3b0f6e5dcbd78e56363d23c129f316394055670fcd1e390"",""source_contracts_sha256"":""12138d1faf3b5876cfa0ad20b9f34935546128d406155a172521ef2c6159125f"",""source_coordinate_space"":""model_input_letterbox_xyxy_pixels"",""source_onnx_multiscale_raw_head"":false,""stage"":""decoded_nms"",""task"":""detection"",""variant"":""full"",""warning"":""""},""endpoint"":""decoded_nms"",""endpoint_contract_hash"":""d0972f0eb8de8e451288e18e2d2cd3497cf48cd3a02b854522aca5f2ae417e73"",""finite_fraction"":1.0,""fraction_threshold"":0.995,""integer_epsilon"":0.001,""integer_nonnegative_class_fraction"":1.0,""ordered_xyxy_fraction"":1.0,""output_count"":1,""output_dtype"":""float32"",""output_name"":""output0"",""output_shape"":[1,300,6],""range_epsilon"":0.0001,""reason"":""explicit_nms_declaration_and_runtime_values_verified"",""row_count"":300,""schema"":""onnx-splitpoint/runtime-output-endpoint-attestation"",""schema_version"":3,""score_range_fraction"":1.0,""stage"":""decoded_nms"",""status"":""passed"",""tensor_signature"":{""tensor_count"":1,""tensors"":[{""dtype"":""float32"",""index"":0,""name"":""output0"",""rank"":3,""shape"":[1,300,6]}]},""values_decoded_xyxy_score_class"":true}",,,,,b005,b005,hailo10h_to_trt,native_split,native_split,native_fifo,orin_nx_hailo10_01,hailo10h,float32_layout_fp16,float32_layout_fp16,hailo10h_to_trt,ok,True,31.70729154574824,31.70729154574824,native_stage_concise_summary.fps_median,31.70729154574824,31.659542141394557,31.7088870467822,3,3,3,complete,median_with_deterministic_percentile_bootstrap_ci95,fresh_runtime_per_repetition,True,median_of_independent_repetitions,False,,,,,,,,,,31.538486929959618,31.538486929959618,31.70729154574824,31.53050029091537,31.715322965811676,paper_fps,2.0734625906916335,unavailable,,,,,,,,,,,,,,,,,,,detection:decoded_nms:d0972f0eb8de8e451288e18e2d2cd3497cf48cd3a02b854522aca5f2ae417e73,detection:decoded_nms:d0972f0eb8de8e451288e18e2d2cd3497cf48cd3a02b854522aca5f2ae417e73,detection:decoded_nms:comparison:0153c6c2c964096ca2469182c8e2c0fd276d3b57166b737de759dbc39ca75dad,True,True,"[""yolo26s"",""b005"",""native_split""]",True,unavailable,unavailable,,,,,,True,,,True,True,passed,detection_completion_execution_v1,False,True,True,attested_bn6_filter_padding_inverse_letterbox_materialize_no_nms_v1,True,True,1000,True,,,,decoded_nms,decoded_nms,"{""canonical_sort_policy"":""score_desc_class_id_asc_xyxy_lexicographic_v1"",""completed_stage"":""decoded_nms"",""confidence_threshold"":0.25,""contract_source"":""attested_source_nms_plus_no_second_nms_materialization:v1"",""endpoint_contract_complete"":true,""endpoint_contract_hash"":""0ffb6ed284f37e7cbd6f5f32dabd1e64be8b43a29a3d12b39f2d096e62bc992d"",""host_nms_applied"":false,""input_hw"":[640,640],""iou_threshold"":0.45,""materialization_contract_sha256"":""9b2d6816d49326e031b2b5bfce0da530d504ebc02cd0512dc1a0076d82b0499a"",""max_detections"":300,""normalizer_id"":""attested_bn6_filter_padding_inverse_letterbox_materialize_no_nms_v1"",""original_wh"":[640,483],""output_coordinate_space"":""original_image_xyxy_pixels"",""output_endpoint_id"":""detection:decoded_nms:0ffb6ed284f37e7cbd6f5f32dabd1e64be8b43a29a3d12b39f2d096e62bc992d"",""output_record_format"":""xyxy_score_class_id_v1"",""schema"":""onnx-splitpoint/attested-decoded-nms-completed-endpoint"",""schema_version"":1,""source_endpoint_contract_hash"":""d0972f0eb8de8e451288e18e2d2cd3497cf48cd3a02b854522aca5f2ae417e73"",""source_nms_attested"":true,""source_output_tensor_signature"":{""tensor_count"":1,""tensors"":[{""dtype"":""float32"",""index"":0,""name"":""output0"",""rank"":3,""shape"":[1,300,6]}]},""source_stage"":""decoded_nms"",""task"":""detection""}",0ffb6ed284f37e7cbd6f5f32dabd1e64be8b43a29a3d12b39f2d096e62bc992d,detection:decoded_nms:0ffb6ed284f37e7cbd6f5f32dabd1e64be8b43a29a3d12b39f2d096e62bc992d,"{""canonical_completion_policy_id"":""decoded_nms_xyxy_original_classaware_postfilter_v2"",""class_aware"":true,""class_id_semantics"":""integer_model_label_index"",""contract_family"":""decoded_nms"",""coordinate_space"":""original_image_xyxy_pixels"",""endpoint_contract_complete"":true,""endpoint_contract_hash"":""0153c6c2c964096ca2469182c8e2c0fd276d3b57166b737de759dbc39ca75dad"",""input_hw"":[640,640],""iou_threshold"":0.45,""max_detections"":300,""model_family"":""yolo26"",""model_id"":""yolo26s"",""nms_semantics_id"":""class_aware_nms_xyxy_v1"",""output_endpoint_id"":""detection:decoded_nms:comparison:0153c6c2c964096ca2469182c8e2c0fd276d3b57166b737de759dbc39ca75dad"",""output_record_format"":""xyxy_score_class"",""schema"":""onnx-splitpoint/completed-task-comparison-endpoint"",""schema_version"":2,""score_semantics"":""probability_0_1"",""score_threshold"":0.25,""stage"":""decoded_nms"",""task"":""detection""}",0153c6c2c964096ca2469182c8e2c0fd276d3b57166b737de759dbc39ca75dad,detection:decoded_nms:comparison:0153c6c2c964096ca2469182c8e2c0fd276d3b57166b737de759dbc39ca75dad,detection_completion_execution_v1,True,"{""artifact"":{""comparison_endpoint_contract_hash"":""0153c6c2c964096ca2469182c8e2c0fd276d3b57166b737de759dbc39ca75dad"",""completed_endpoint_contract_hash"":""0ffb6ed284f37e7cbd6f5f32dabd1e64be8b43a29a3d12b39f2d096e62bc992d"",""completion_mode"":""decoded_nms_attested_materialization_no_second_nms"",""content_sha256"":""d2edfe0a28dade3b106822ae20812089edccdb2eab3a8076ac4bfaabd75fc89e"",""contract_family"":""decoded_nms"",""coordinate_space"":""original_image_xyxy_pixels"",""detection_count"":6,""detections"":[{""class_id"":59,""score"":0.927734375,""x1"":1.0,""x2"":401.75,""y1"":271.75,""y2"":477.5},{""class_id"":58,""score"":0.9091796875,""x1"":338.75,""x2"":431.0,""y1"":213.75,""y2"":351.0},{""class_id"":56,""score"":0.80419921875,""x1"":247.0,""x2"":347.25,""y1"":231.25,""y2"":318.25},{""class_id"":58,""score"":0.79541015625,""x1"":184.875,""x2"":242.25,""y1"":129.125,""y2"":229.0},{""class_id"":39,""score"":0.441650390625,""x1"":96.6875,""x2"":114.375,""y1"":191.25,""y2"":232.5},{""class_id"":73,""score"":0.27978515625,""x1"":523.0,""x2"":543.5,""y1"":145.375,""y2"":181.25}],""encoding"":""canonical_json_utf8_sort_keys_compact_no_nan_v1"",""execution_contract_sha256"":""fd1f66707fe218fd0a128885dbed98552e297acc71d09a8b6f325c2fd471b835"",""implementation_sha256"":""1123b6de4426df82144836f87dfe142e8d8a49aacb9b88d64f21d57bd0a69f7e"",""invocation_index"":1000,""observation_relation"":""same_hotloop_sentinel"",""record_schema"":""xyxy_score_class_id_v1"",""relation_sha256"":""0388b76e10e7d7928d9d0b7bc5837049051fcb4d4ee48e2e3f00aeba94997871"",""schema"":""onnx-splitpoint/detection-completion-result-artifact"",""schema_sha256"":""81c274661aaa730e6f67017d90ee2973ee77193622c353b125f9762bc727b959"",""schema_version"":1,""sort_policy"":""score_desc_class_id_asc_xyxy_lexicographic_v1"",""source_content_sha256"":""90621e5d7924ee204cd05b57a0b2d3332546618a959dcd0401560c3ba4e7c22a"",""source_endpoint_contract_hash"":""d0972f0eb8de8e451288e18e2d2cd3497cf48cd3a02b854522aca5f2ae417e73"",""task"":""detection""},""artifact_sha256"":""af05949fe3f149a6e6978d45670228dbc8bbbf57063db393ff6ab60793d45dcf"",""attestation_sha256"":""d4da7b1a15158a925005b7f57b071b410df5f2b8e57321bec82e6d95a6d87040"",""attested"":true,""comparison_endpoint_contract"":{""canonical_completion_policy_id"":""decoded_nms_xyxy_original_classaware_postfilter_v2"",""class_aware"":true,""class_id_semantics"":""integer_model_label_index"",""contract_family"":""decoded_nms"",""coordinate_space"":""original_image_xyxy_pixels"",""endpoint_contract_complete"":true,""endpoint_contract_hash"":""0153c6c2c964096ca2469182c8e2c0fd276d3b57166b737de759dbc39ca75dad"",""input_hw"":[640,640],""iou_threshold"":0.45,""max_detections"":300,""model_family"":""yolo26"",""model_id"":""yolo26s"",""nms_semantics_id"":""class_aware_nms_xyxy_v1"",""output_endpoint_id"":""detection:decoded_nms:comparison:0153c6c2c964096ca2469182c8e2c0fd276d3b57166b737de759dbc39ca75dad"",""output_record_format"":""xyxy_score_class"",""schema"":""onnx-splitpoint/completed-task-comparison-endpoint"",""schema_version"":2,""score_semantics"":""probability_0_1"",""score_threshold"":0.25,""stage"":""decoded_nms"",""task"":""detection""},""comparison_identity_verified"":true,""completed_endpoint_contract"":{""canonical_sort_policy"":""score_desc_class_id_asc_xyxy_lexicographic_v1"",""completed_stage"":""decoded_nms"",""confidence_threshold"":0.25,""contract_source"":""attested_source_nms_plus_no_second_nms_materialization:v1"",""endpoint_contract_complete"":true,""endpoint_contract_hash"":""0ffb6ed284f37e7cbd6f5f32dabd1e64be8b43a29a3d12b39f2d096e62bc992d"",""host_nms_applied"":false,""input_hw"":[640,640],""iou_threshold"":0.45,""materialization_contract_sha256"":""9b2d6816d49326e031b2b5bfce0da530d504ebc02cd0512dc1a0076d82b0499a"",""max_detections"":300,""normalizer_id"":""attested_bn6_filter_padding_inverse_letterbox_materialize_no_nms_v1"",""original_wh"":[640,483],""output_coordinate_space"":""original_image_xyxy_pixels"",""output_endpoint_id"":""detection:decoded_nms:0ffb6ed284f37e7cbd6f5f32dabd1e64be8b43a29a3d12b39f2d096e62bc992d"",""output_record_format"":""xyxy_score_class_id_v1"",""schema"":""onnx-splitpoint/attested-decoded-nms-completed-endpoint"",""schema_version"":1,""source_endpoint_contract_hash"":""d0972f0eb8de8e451288e18e2d2cd3497cf48cd3a02b854522aca5f2ae417e73"",""source_nms_attested"":true,""source_output_tensor_signature"":{""tensor_count"":1,""tensors"":[{""dtype"":""float32"",""index"":0,""name"":""output0"",""rank"":3,""shape"":[1,300,6]}]},""source_stage"":""decoded_nms"",""task"":""detection""},""completed_frames"":1000,""completed_task_comparison_endpoint_contract"":{""canonical_completion_policy_id"":""decoded_nms_xyxy_original_classaware_postfilter_v2"",""class_aware"":true,""class_id_semantics"":""integer_model_label_index"",""contract_family"":""decoded_nms"",""coordinate_space"":""original_image_xyxy_pixels"",""endpoint_contract_complete"":true,""endpoint_contract_hash"":""0153c6c2c964096ca2469182c8e2c0fd276d3b57166b737de759dbc39ca75dad"",""input_hw"":[640,640],""iou_threshold"":0.45,""max_detections"":300,""model_family"":""yolo26"",""model_id"":""yolo26s"",""nms_semantics_id"":""class_aware_nms_xyxy_v1"",""output_endpoint_id"":""detection:decoded_nms:comparison:0153c6c2c964096ca2469182c8e2c0fd276d3b57166b737de759dbc39ca75dad"",""output_record_format"":""xyxy_score_class"",""schema"":""onnx-splitpoint/completed-task-comparison-endpoint"",""schema_version"":2,""score_semantics"":""probability_0_1"",""score_threshold"":0.25,""stage"":""decoded_nms"",""task"":""detection""},""completed_task_comparison_endpoint_contract_hash"":""0153c6c2c964096ca2469182c8e2c0fd276d3b57166b737de759dbc39ca75dad"",""completed_task_comparison_output_endpoint_id"":""detection:decoded_nms:comparison:0153c6c2c964096ca2469182c8e2c0fd276d3b57166b737de759dbc39ca75dad"",""completed_task_completion_mode"":""detection_completion_execution_v1"",""completed_work_units"":1000,""completion_count"":1000,""completion_count_verified"":true,""completion_mode"":""decoded_nms_attested_materialization_no_second_nms"",""content_sha256"":""d2edfe0a28dade3b106822ae20812089edccdb2eab3a8076ac4bfaabd75fc89e"",""contract_source"":""detection_completion_execution_inside_measured_hotloop:v1"",""endpoint"":""decoded_nms"",""endpoint_contract_complete"":true,""endpoint_contract_hash"":""0ffb6ed284f37e7cbd6f5f32dabd1e64be8b43a29a3d12b39f2d096e62bc992d"",""exact_result_claim_bound"":true,""execution_contract_sha256"":""fd1f66707fe218fd0a128885dbed98552e297acc71d09a8b6f325c2fd471b835"",""implementation_sha256"":""1123b6de4426df82144836f87dfe142e8d8a49aacb9b88d64f21d57bd0a69f7e"",""invocation_chain_sha256"":""dd023f12ea71e5d3ecb48883ef82bbf4efed156750e42babd6aa2efaf1c9632f"",""invocation_sha256"":""803d5ef409628bc42c792d3aa981a342cbffcac48a6e50e2a078e9019c58cd56"",""last_result"":{""artifact"":{""comparison_endpoint_contract_hash"":""0153c6c2c964096ca2469182c8e2c0fd276d3b57166b737de759dbc39ca75dad"",""completed_endpoint_contract_hash"":""0ffb6ed284f37e7cbd6f5f32dabd1e64be8b43a29a3d12b39f2d096e62bc992d"",""completion_mode"":""decoded_nms_attested_materialization_no_second_nms"",""content_sha256"":""d2edfe0a28dade3b106822ae20812089edccdb2eab3a8076ac4bfaabd75fc89e"",""contract_family"":""decoded_nms"",""coordinate_space"":""original_image_xyxy_pixels"",""detection_count"":6,""detections"":[{""class_id"":59,""score"":0.927734375,""x1"":1.0,""x2"":401.75,""y1"":271.75,""y2"":477.5},{""class_id"":58,""score"":0.9091796875,""x1"":338.75,""x2"":431.0,""y1"":213.75,""y2"":351.0},{""class_id"":56,""score"":0.80419921875,""x1"":247.0,""x2"":347.25,""y1"":231.25,""y2"":318.25},{""class_id"":58,""score"":0.79541015625,""x1"":184.875,""x2"":242.25,""y1"":129.125,""y2"":229.0},{""class_id"":39,""score"":0.441650390625,""x1"":96.6875,""x2"":114.375,""y1"":191.25,""y2"":232.5},{""class_id"":73,""score"":0.27978515625,""x1"":523.0,""x2"":543.5,""y1"":145.375,""y2"":181.25}],""encoding"":""canonical_json_utf8_sort_keys_compact_no_nan_v1"",""execution_contract_sha256"":""fd1f66707fe218fd0a128885dbed98552e297acc71d09a8b6f325c2fd471b835"",""implementation_sha256"":""1123b6de4426df82144836f87dfe142e8d8a49aacb9b88d64f21d57bd0a69f7e"",""invocation_index"":1000,""observation_relation"":""same_hotloop_sentinel"",""record_schema"":""xyxy_score_class_id_v1"",""relation_sha256"":""0388b76e10e7d7928d9d0b7bc5837049051fcb4d4ee48e2e3f00aeba94997871"",""schema"":""onnx-splitpoint/detection-completion-result-artifact"",""schema_sha256"":""81c274661aaa730e6f67017d90ee2973ee77193622c353b125f9762bc727b959"",""schema_version"":1,""sort_policy"":""score_desc_class_id_asc_xyxy_lexicographic_v1"",""source_content_sha256"":""90621e5d7924ee204cd05b57a0b2d3332546618a959dcd0401560c3ba4e7c22a"",""source_endpoint_contract_hash"":""d0972f0eb8de8e451288e18e2d2cd3497cf48cd3a02b854522aca5f2ae417e73"",""task"":""detection""},""artifact_sha256"":""af05949fe3f149a6e6978d45670228dbc8bbbf57063db393ff6ab60793d45dcf"",""completion_mode"":""decoded_nms_attested_materialization_no_second_nms"",""content_sha256"":""d2edfe0a28dade3b106822ae20812089edccdb2eab3a8076ac4bfaabd75fc89e"",""contract_family"":""decoded_nms"",""coordinate_space"":""original_image_xyxy_pixels"",""detection_count"":6,""detections"":[{""class_id"":59,""score"":0.927734375,""x1"":1.0,""x2"":401.75,""y1"":271.75,""y2"":477.5},{""class_id"":58,""score"":0.9091796875,""x1"":338.75,""x2"":431.0,""y1"":213.75,""y2"":351.0},{""class_id"":56,""score"":0.80419921875,""x1"":247.0,""x2"":347.25,""y1"":231.25,""y2"":318.25},{""class_id"":58,""score"":0.79541015625,""x1"":184.875,""x2"":242.25,""y1"":129.125,""y2"":229.0},{""class_id"":39,""score"":0.441650390625,""x1"":96.6875,""x2"":114.375,""y1"":191.25,""y2"":232.5},{""class_id"":73,""score"":0.27978515625,""x1"":523.0,""x2"":543.5,""y1"":145.375,""y2"":181.25}],""execution_contract_sha256"":""fd1f66707fe218fd0a128885dbed98552e297acc71d09a8b6f325c2fd471b835"",""host_nms_applied"":false,""implementation_sha256"":""1123b6de4426df82144836f87dfe142e8d8a49aacb9b88d64f21d57bd0a69f7e"",""invocation_index"":1000,""invocation_sha256"":""803d5ef409628bc42c792d3aa981a342cbffcac48a6e50e2a078e9019c58cd56"",""observation_relation"":""same_hotloop_sentinel"",""record_schema"":""xyxy_score_class_id_v1"",""relation_sha256"":""0388b76e10e7d7928d9d0b7bc5837049051fcb4d4ee48e2e3f00aeba94997871"",""schema_sha256"":""81c274661aaa730e6f67017d90ee2973ee77193622c353b125f9762bc727b959"",""source_content_sha256"":""90621e5d7924ee204cd05b57a0b2d3332546618a959dcd0401560c3ba4e7c22a"",""source_nms_attested"":true,""task"":""detection""},""observation_relation"":""same_hotloop_sentinel"",""output_endpoint_id"":""detection:decoded_nms:0ffb6ed284f37e7cbd6f5f32dabd1e64be8b43a29a3d12b39f2d096e62bc992d"",""postprocess_completed_frames"":1000,""postprocess_completion_verified"":true,""relation_sha256"":""0388b76e10e7d7928d9d0b7bc5837049051fcb4d4ee48e2e3f00aeba94997871"",""same_hotloop_sentinel"":true,""schema"":""onnx-splitpoint/detection-completion-execution-attestation"",""schema_sha256"":""81c274661aaa730e6f67017d90ee2973ee77193622c353b125f9762bc727b959"",""schema_version"":2,""source_stage"":""decoded_nms"",""stage"":""decoded_nms"",""status"":""passed"",""task"":""detection""}",passed,True,False,False,False,False,,,,,,,True,False,"[""precision_variant_quality_not_verified"",""hailo10_yolo26_compiled_raw_head_numeric_threshold_crossing""]",,,,,,False,[],/home/nx/native_fifo_evalsets/resnet_yolo26s_yolov7_v27549_phase2_ranking_audit_b500_20260820_070324/variants/v002_hailo10h_deepx_all_singles/yolo26s/benchmark_set/resources/validation/detection/val2017_n500_s20260710/000000000632.jpg,materialised_validation_subset:first_sorted,,False,development_or_screening,native_performance_matrix,/home/kmika/Models/EvaluationRuns/native_supplement_reprojected_v2762/reports/native_producer_combined_summary.json,False,False,False,quality_veto,"[""precision_quality_binding_not_verified"",""task_quality_observation_not_valid"",""central_quality_evidence_not_verified"",""task_quality_not_passed"",""quality_accuracy_gate_not_passed""]",False,development_or_screening,precision_variant_quality_not_verified;hailo10_yolo26_compiled_raw_head_numeric_threshold_crossing
yolo26s,yolo26s,detection,decoded_nms,bn6_detections,decoded_nms,explicit_endpoint_declaration_plus_runtime_values:v3,True,d0972f0eb8de8e451288e18e2d2cd3497cf48cd3a02b854522aca5f2ae417e73,"{""attested"":true,""contract_source"":""explicit_endpoint_declaration_plus_runtime_values:v3"",""declaration_attested"":true,""declaration_source"":""/home/nx/native_fifo_evalsets/resnet_yolo26s_yolov7_v27549_phase2_ranking_audit_b500_20260820_070324/variants/v002_hailo10h_deepx_all_singles/yolo26s/benchmark_set/output_contracts.json"",""declared_contract"":{""artifact_path"":"""",""authoritative_output_contract"":true,""backend"":""cuda_ort"",""class_id_semantics"":""integer_model_label_index"",""contract_family"":""decoded_nms"",""contract_resolution_reason"":""exact_suite_output_contract"",""contract_resolution_status"":""attested"",""contract_status"":""recorded"",""coordinate_format"":""xyxy_score_class"",""coordinate_space"":""model_input_letterbox_xyxy_pixels"",""declaration_source"":""/home/nx/native_fifo_evalsets/resnet_yolo26s_yolov7_v27549_phase2_ranking_audit_b500_20260820_070324/variants/v002_hailo10h_deepx_all_singles/yolo26s/benchmark_set/output_contracts.json"",""endpoint_mode"":""decoded_nms"",""full_end_node_names"":[],""host_tail_required"":false,""model_id"":""yolo26s"",""output_format"":""bn6_detections"",""output_record_format"":""xyxy_score_class"",""postprocessing_required"":false,""requires_external_postprocess"":false,""schema"":""onnx-splitpoint/output-contract"",""schema_version"":1,""score_semantics"":""probability_0_1"",""source_contract_sha256"":""bb06063d4c069db1c3b0f6e5dcbd78e56363d23c129f316394055670fcd1e390"",""source_contracts_sha256"":""12138d1faf3b5876cfa0ad20b9f34935546128d406155a172521ef2c6159125f"",""source_coordinate_space"":""model_input_letterbox_xyxy_pixels"",""source_onnx_multiscale_raw_head"":false,""stage"":""decoded_nms"",""task"":""detection"",""variant"":""full"",""warning"":""""},""endpoint"":""decoded_nms"",""endpoint_contract_hash"":""d0972f0eb8de8e451288e18e2d2cd3497cf48cd3a02b854522aca5f2ae417e73"",""finite_fraction"":1.0,""fraction_threshold"":0.995,""integer_epsilon"":0.001,""integer_nonnegative_class_fraction"":1.0,""ordered_xyxy_fraction"":1.0,""output_count"":1,""output_dtype"":""float32"",""output_name"":""output0"",""output_shape"":[1,300,6],""range_epsilon"":0.0001,""reason"":""explicit_nms_declaration_and_runtime_values_verified"",""row_count"":300,""schema"":""onnx-splitpoint/runtime-output-endpoint-attestation"",""schema_version"":3,""score_range_fraction"":1.0,""stage"":""decoded_nms"",""status"":""passed"",""tensor_signature"":{""tensor_count"":1,""tensors"":[{""dtype"":""float32"",""index"":0,""name"":""output0"",""rank"":3,""shape"":[1,300,6]}]},""values_decoded_xyxy_score_class"":true}",,,,,b038,b038,hailo10h_to_trt,native_split,native_split,native_fifo,orin_nx_hailo10_01,hailo10h,float32_layout_fp16,float32_layout_fp16,hailo10h_to_trt,ok,True,34.674845273224584,34.674845273224584,native_stage_concise_summary.fps_median,34.674845273224584,34.61057652879231,34.68769233362495,3,3,3,complete,median_with_deterministic_percentile_bootstrap_ci95,fresh_runtime_per_repetition,True,median_of_independent_repetitions,False,,,,,,,,,,28.839350027963516,28.839350027963516,34.674845273224584,28.832737704971805,34.682797389287245,paper_fps,2.136122995754704,unavailable,,,,,,,,,,,,,,,,,,,detection:decoded_nms:d0972f0eb8de8e451288e18e2d2cd3497cf48cd3a02b854522aca5f2ae417e73,detection:decoded_nms:d0972f0eb8de8e451288e18e2d2cd3497cf48cd3a02b854522aca5f2ae417e73,detection:decoded_nms:comparison:0153c6c2c964096ca2469182c8e2c0fd276d3b57166b737de759dbc39ca75dad,True,True,"[""yolo26s"",""b038"",""native_split""]",True,unavailable,unavailable,,,,,,True,,,True,True,passed,detection_completion_execution_v1,False,True,True,attested_bn6_filter_padding_inverse_letterbox_materialize_no_nms_v1,True,True,1000,True,,,,decoded_nms,decoded_nms,"{""canonical_sort_policy"":""score_desc_class_id_asc_xyxy_lexicographic_v1"",""completed_stage"":""decoded_nms"",""confidence_threshold"":0.25,""contract_source"":""attested_source_nms_plus_no_second_nms_materialization:v1"",""endpoint_contract_complete"":true,""endpoint_contract_hash"":""0ffb6ed284f37e7cbd6f5f32dabd1e64be8b43a29a3d12b39f2d096e62bc992d"",""host_nms_applied"":false,""input_hw"":[640,640],""iou_threshold"":0.45,""materialization_contract_sha256"":""9b2d6816d49326e031b2b5bfce0da530d504ebc02cd0512dc1a0076d82b0499a"",""max_detections"":300,""normalizer_id"":""attested_bn6_filter_padding_inverse_letterbox_materialize_no_nms_v1"",""original_wh"":[640,483],""output_coordinate_space"":""original_image_xyxy_pixels"",""output_endpoint_id"":""detection:decoded_nms:0ffb6ed284f37e7cbd6f5f32dabd1e64be8b43a29a3d12b39f2d096e62bc992d"",""output_record_format"":""xyxy_score_class_id_v1"",""schema"":""onnx-splitpoint/attested-decoded-nms-completed-endpoint"",""schema_version"":1,""source_endpoint_contract_hash"":""d0972f0eb8de8e451288e18e2d2cd3497cf48cd3a02b854522aca5f2ae417e73"",""source_nms_attested"":true,""source_output_tensor_signature"":{""tensor_count"":1,""tensors"":[{""dtype"":""float32"",""index"":0,""name"":""output0"",""rank"":3,""shape"":[1,300,6]}]},""source_stage"":""decoded_nms"",""task"":""detection""}",0ffb6ed284f37e7cbd6f5f32dabd1e64be8b43a29a3d12b39f2d096e62bc992d,detection:decoded_nms:0ffb6ed284f37e7cbd6f5f32dabd1e64be8b43a29a3d12b39f2d096e62bc992d,"{""canonical_completion_policy_id"":""decoded_nms_xyxy_original_classaware_postfilter_v2"",""class_aware"":true,""class_id_semantics"":""integer_model_label_index"",""contract_family"":""decoded_nms"",""coordinate_space"":""original_image_xyxy_pixels"",""endpoint_contract_complete"":true,""endpoint_contract_hash"":""0153c6c2c964096ca2469182c8e2c0fd276d3b57166b737de759dbc39ca75dad"",""input_hw"":[640,640],""iou_threshold"":0.45,""max_detections"":300,""model_family"":""yolo26"",""model_id"":""yolo26s"",""nms_semantics_id"":""class_aware_nms_xyxy_v1"",""output_endpoint_id"":""detection:decoded_nms:comparison:0153c6c2c964096ca2469182c8e2c0fd276d3b57166b737de759dbc39ca75dad"",""output_record_format"":""xyxy_score_class"",""schema"":""onnx-splitpoint/completed-task-comparison-endpoint"",""schema_version"":2,""score_semantics"":""probability_0_1"",""score_threshold"":0.25,""stage"":""decoded_nms"",""task"":""detection""}",0153c6c2c964096ca2469182c8e2c0fd276d3b57166b737de759dbc39ca75dad,detection:decoded_nms:comparison:0153c6c2c964096ca2469182c8e2c0fd276d3b57166b737de759dbc39ca75dad,detection_completion_execution_v1,True,"{""artifact"":{""comparison_endpoint_contract_hash"":""0153c6c2c964096ca2469182c8e2c0fd276d3b57166b737de759dbc39ca75dad"",""completed_endpoint_contract_hash"":""0ffb6ed284f37e7cbd6f5f32dabd1e64be8b43a29a3d12b39f2d096e62bc992d"",""completion_mode"":""decoded_nms_attested_materialization_no_second_nms"",""content_sha256"":""6b96fb576ea821e4c4d57b4fffb018dbb98b9ea42a28267e78871e86f20a7bef"",""contract_family"":""decoded_nms"",""coordinate_space"":""original_image_xyxy_pixels"",""detection_count"":6,""detections"":[{""class_id"":59,""score"":0.92333984375,""x1"":1.125,""x2"":401.5,""y1"":271.75,""y2"":477.0},{""class_id"":58,""score"":0.91259765625,""x1"":338.75,""x2"":431.0,""y1"":214.0,""y2"":351.0},{""class_id"":56,""score"":0.8330078125,""x1"":246.75,""x2"":347.5,""y1"":231.0,""y2"":318.25},{""class_id"":58,""score"":0.8017578125,""x1"":184.75,""x2"":242.25,""y1"":129.375,""y2"":229.0},{""class_id"":39,""score"":0.377685546875,""x1"":96.5,""x2"":114.4375,""y1"":191.5,""y2"":231.75},{""class_id"":73,""score"":0.2734375,""x1"":523.0,""x2"":543.0,""y1"":145.375,""y2"":181.25}],""encoding"":""canonical_json_utf8_sort_keys_compact_no_nan_v1"",""execution_contract_sha256"":""fd1f66707fe218fd0a128885dbed98552e297acc71d09a8b6f325c2fd471b835"",""implementation_sha256"":""1123b6de4426df82144836f87dfe142e8d8a49aacb9b88d64f21d57bd0a69f7e"",""invocation_index"":1000,""observation_relation"":""same_hotloop_sentinel"",""record_schema"":""xyxy_score_class_id_v1"",""relation_sha256"":""0388b76e10e7d7928d9d0b7bc5837049051fcb4d4ee48e2e3f00aeba94997871"",""schema"":""onnx-splitpoint/detection-completion-result-artifact"",""schema_sha256"":""81c274661aaa730e6f67017d90ee2973ee77193622c353b125f9762bc727b959"",""schema_version"":1,""sort_policy"":""score_desc_class_id_asc_xyxy_lexicographic_v1"",""source_content_sha256"":""1547a984ad72a8a080e3afa8488dd95efd8af2377bb8bb1de297c965171a9b26"",""source_endpoint_contract_hash"":""d0972f0eb8de8e451288e18e2d2cd3497cf48cd3a02b854522aca5f2ae417e73"",""task"":""detection""},""artifact_sha256"":""f2555b49085d38a2aaa8a9e5efa50fa8651ada8d40b7ee53f1f1dd75fe7dcc6a"",""attestation_sha256"":""eaf754a3e5cfd7342b32a6d137773ff9bed0cacae091d8d017acf2fde6383d4f"",""attested"":true,""comparison_endpoint_contract"":{""canonical_completion_policy_id"":""decoded_nms_xyxy_original_classaware_postfilter_v2"",""class_aware"":true,""class_id_semantics"":""integer_model_label_index"",""contract_family"":""decoded_nms"",""coordinate_space"":""original_image_xyxy_pixels"",""endpoint_contract_complete"":true,""endpoint_contract_hash"":""0153c6c2c964096ca2469182c8e2c0fd276d3b57166b737de759dbc39ca75dad"",""input_hw"":[640,640],""iou_threshold"":0.45,""max_detections"":300,""model_family"":""yolo26"",""model_id"":""yolo26s"",""nms_semantics_id"":""class_aware_nms_xyxy_v1"",""output_endpoint_id"":""detection:decoded_nms:comparison:0153c6c2c964096ca2469182c8e2c0fd276d3b57166b737de759dbc39ca75dad"",""output_record_format"":""xyxy_score_class"",""schema"":""onnx-splitpoint/completed-task-comparison-endpoint"",""schema_version"":2,""score_semantics"":""probability_0_1"",""score_threshold"":0.25,""stage"":""decoded_nms"",""task"":""detection""},""comparison_identity_verified"":true,""completed_endpoint_contract"":{""canonical_sort_policy"":""score_desc_class_id_asc_xyxy_lexicographic_v1"",""completed_stage"":""decoded_nms"",""confidence_threshold"":0.25,""contract_source"":""attested_source_nms_plus_no_second_nms_materialization:v1"",""endpoint_contract_complete"":true,""endpoint_contract_hash"":""0ffb6ed284f37e7cbd6f5f32dabd1e64be8b43a29a3d12b39f2d096e62bc992d"",""host_nms_applied"":false,""input_hw"":[640,640],""iou_threshold"":0.45,""materialization_contract_sha256"":""9b2d6816d49326e031b2b5bfce0da530d504ebc02cd0512dc1a0076d82b0499a"",""max_detections"":300,""normalizer_id"":""attested_bn6_filter_padding_inverse_letterbox_materialize_no_nms_v1"",""original_wh"":[640,483],""output_coordinate_space"":""original_image_xyxy_pixels"",""output_endpoint_id"":""detection:decoded_nms:0ffb6ed284f37e7cbd6f5f32dabd1e64be8b43a29a3d12b39f2d096e62bc992d"",""output_record_format"":""xyxy_score_class_id_v1"",""schema"":""onnx-splitpoint/attested-decoded-nms-completed-endpoint"",""schema_version"":1,""source_endpoint_contract_hash"":""d0972f0eb8de8e451288e18e2d2cd3497cf48cd3a02b854522aca5f2ae417e73"",""source_nms_attested"":true,""source_output_tensor_signature"":{""tensor_count"":1,""tensors"":[{""dtype"":""float32"",""index"":0,""name"":""output0"",""rank"":3,""shape"":[1,300,6]}]},""source_stage"":""decoded_nms"",""task"":""detection""},""completed_frames"":1000,""completed_task_comparison_endpoint_contract"":{""canonical_completion_policy_id"":""decoded_nms_xyxy_original_classaware_postfilter_v2"",""class_aware"":true,""class_id_semantics"":""integer_model_label_index"",""contract_family"":""decoded_nms"",""coordinate_space"":""original_image_xyxy_pixels"",""endpoint_contract_complete"":true,""endpoint_contract_hash"":""0153c6c2c964096ca2469182c8e2c0fd276d3b57166b737de759dbc39ca75dad"",""input_hw"":[640,640],""iou_threshold"":0.45,""max_detections"":300,""model_family"":""yolo26"",""model_id"":""yolo26s"",""nms_semantics_id"":""class_aware_nms_xyxy_v1"",""output_endpoint_id"":""detection:decoded_nms:comparison:0153c6c2c964096ca2469182c8e2c0fd276d3b57166b737de759dbc39ca75dad"",""output_record_format"":""xyxy_score_class"",""schema"":""onnx-splitpoint/completed-task-comparison-endpoint"",""schema_version"":2,""score_semantics"":""probability_0_1"",""score_threshold"":0.25,""stage"":""decoded_nms"",""task"":""detection""},""completed_task_comparison_endpoint_contract_hash"":""0153c6c2c964096ca2469182c8e2c0fd276d3b57166b737de759dbc39ca75dad"",""completed_task_comparison_output_endpoint_id"":""detection:decoded_nms:comparison:0153c6c2c964096ca2469182c8e2c0fd276d3b57166b737de759dbc39ca75dad"",""completed_task_completion_mode"":""detection_completion_execution_v1"",""completed_work_units"":1000,""completion_count"":1000,""completion_count_verified"":true,""completion_mode"":""decoded_nms_attested_materialization_no_second_nms"",""content_sha256"":""6b96fb576ea821e4c4d57b4fffb018dbb98b9ea42a28267e78871e86f20a7bef"",""contract_source"":""detection_completion_execution_inside_measured_hotloop:v1"",""endpoint"":""decoded_nms"",""endpoint_contract_complete"":true,""endpoint_contract_hash"":""0ffb6ed284f37e7cbd6f5f32dabd1e64be8b43a29a3d12b39f2d096e62bc992d"",""exact_result_claim_bound"":true,""execution_contract_sha256"":""fd1f66707fe218fd0a128885dbed98552e297acc71d09a8b6f325c2fd471b835"",""implementation_sha256"":""1123b6de4426df82144836f87dfe142e8d8a49aacb9b88d64f21d57bd0a69f7e"",""invocation_chain_sha256"":""67f0ef3890d1fe44702820a1a6baafcffc790a915a3f9d1ac6220a9bc9305f0d"",""invocation_sha256"":""7a0abec305b7f4bf4b4294931eebe95bb8d0cc379ccf8b824806f4709b114f7c"",""last_result"":{""artifact"":{""comparison_endpoint_contract_hash"":""0153c6c2c964096ca2469182c8e2c0fd276d3b57166b737de759dbc39ca75dad"",""completed_endpoint_contract_hash"":""0ffb6ed284f37e7cbd6f5f32dabd1e64be8b43a29a3d12b39f2d096e62bc992d"",""completion_mode"":""decoded_nms_attested_materialization_no_second_nms"",""content_sha256"":""6b96fb576ea821e4c4d57b4fffb018dbb98b9ea42a28267e78871e86f20a7bef"",""contract_family"":""decoded_nms"",""coordinate_space"":""original_image_xyxy_pixels"",""detection_count"":6,""detections"":[{""class_id"":59,""score"":0.92333984375,""x1"":1.125,""x2"":401.5,""y1"":271.75,""y2"":477.0},{""class_id"":58,""score"":0.91259765625,""x1"":338.75,""x2"":431.0,""y1"":214.0,""y2"":351.0},{""class_id"":56,""score"":0.8330078125,""x1"":246.75,""x2"":347.5,""y1"":231.0,""y2"":318.25},{""class_id"":58,""score"":0.8017578125,""x1"":184.75,""x2"":242.25,""y1"":129.375,""y2"":229.0},{""class_id"":39,""score"":0.377685546875,""x1"":96.5,""x2"":114.4375,""y1"":191.5,""y2"":231.75},{""class_id"":73,""score"":0.2734375,""x1"":523.0,""x2"":543.0,""y1"":145.375,""y2"":181.25}],""encoding"":""canonical_json_utf8_sort_keys_compact_no_nan_v1"",""execution_contract_sha256"":""fd1f66707fe218fd0a128885dbed98552e297acc71d09a8b6f325c2fd471b835"",""implementation_sha256"":""1123b6de4426df82144836f87dfe142e8d8a49aacb9b88d64f21d57bd0a69f7e"",""invocation_index"":1000,""observation_relation"":""same_hotloop_sentinel"",""record_schema"":""xyxy_score_class_id_v1"",""relation_sha256"":""0388b76e10e7d7928d9d0b7bc5837049051fcb4d4ee48e2e3f00aeba94997871"",""schema"":""onnx-splitpoint/detection-completion-result-artifact"",""schema_sha256"":""81c274661aaa730e6f67017d90ee2973ee77193622c353b125f9762bc727b959"",""schema_version"":1,""sort_policy"":""score_desc_class_id_asc_xyxy_lexicographic_v1"",""source_content_sha256"":""1547a984ad72a8a080e3afa8488dd95efd8af2377bb8bb1de297c965171a9b26"",""source_endpoint_contract_hash"":""d0972f0eb8de8e451288e18e2d2cd3497cf48cd3a02b854522aca5f2ae417e73"",""task"":""detection""},""artifact_sha256"":""f2555b49085d38a2aaa8a9e5efa50fa8651ada8d40b7ee53f1f1dd75fe7dcc6a"",""completion_mode"":""decoded_nms_attested_materialization_no_second_nms"",""content_sha256"":""6b96fb576ea821e4c4d57b4fffb018dbb98b9ea42a28267e78871e86f20a7bef"",""contract_family"":""decoded_nms"",""coordinate_space"":""original_image_xyxy_pixels"",""detection_count"":6,""detections"":[{""class_id"":59,""score"":0.92333984375,""x1"":1.125,""x2"":401.5,""y1"":271.75,""y2"":477.0},{""class_id"":58,""score"":0.91259765625,""x1"":338.75,""x2"":431.0,""y1"":214.0,""y2"":351.0},{""class_id"":56,""score"":0.8330078125,""x1"":246.75,""x2"":347.5,""y1"":231.0,""y2"":318.25},{""class_id"":58,""score"":0.8017578125,""x1"":184.75,""x2"":242.25,""y1"":129.375,""y2"":229.0},{""class_id"":39,""score"":0.377685546875,""x1"":96.5,""x2"":114.4375,""y1"":191.5,""y2"":231.75},{""class_id"":73,""score"":0.2734375,""x1"":523.0,""x2"":543.0,""y1"":145.375,""y2"":181.25}],""execution_contract_sha256"":""fd1f66707fe218fd0a128885dbed98552e297acc71d09a8b6f325c2fd471b835"",""host_nms_applied"":false,""implementation_sha256"":""1123b6de4426df82144836f87dfe142e8d8a49aacb9b88d64f21d57bd0a69f7e"",""invocation_index"":1000,""invocation_sha256"":""7a0abec305b7f4bf4b4294931eebe95bb8d0cc379ccf8b824806f4709b114f7c"",""observation_relation"":""same_hotloop_sentinel"",""record_schema"":""xyxy_score_class_id_v1"",""relation_sha256"":""0388b76e10e7d7928d9d0b7bc5837049051fcb4d4ee48e2e3f00aeba94997871"",""schema_sha256"":""81c274661aaa730e6f67017d90ee2973ee77193622c353b125f9762bc727b959"",""source_content_sha256"":""1547a984ad72a8a080e3afa8488dd95efd8af2377bb8bb1de297c965171a9b26"",""source_nms_attested"":true,""task"":""detection""},""observation_relation"":""same_hotloop_sentinel"",""output_endpoint_id"":""detection:decoded_nms:0ffb6ed284f37e7cbd6f5f32dabd1e64be8b43a29a3d12b39f2d096e62bc992d"",""postprocess_completed_frames"":1000,""postprocess_completion_verified"":true,""relation_sha256"":""0388b76e10e7d7928d9d0b7bc5837049051fcb4d4ee48e2e3f00aeba94997871"",""same_hotloop_sentinel"":true,""schema"":""onnx-splitpoint/detection-completion-execution-attestation"",""schema_sha256"":""81c274661aaa730e6f67017d90ee2973ee77193622c353b125f9762bc727b959"",""schema_version"":2,""source_stage"":""decoded_nms"",""stage"":""decoded_nms"",""status"":""passed"",""task"":""detection""}",passed,True,False,False,False,False,,,,,,,True,False,"[""precision_variant_quality_not_verified"",""hailo10_yolo26_compiled_raw_head_numeric_threshold_crossing""]",,,,,,False,[],/home/nx/native_fifo_evalsets/resnet_yolo26s_yolov7_v27549_phase2_ranking_audit_b500_20260820_070324/variants/v002_hailo10h_deepx_all_singles/yolo26s/benchmark_set/resources/validation/detection/val2017_n500_s20260710/000000000632.jpg,materialised_validation_subset:first_sorted,,False,development_or_screening,native_performance_matrix,/home/kmika/Models/EvaluationRuns/native_supplement_reprojected_v2762/reports/native_producer_combined_summary.json,False,False,False,quality_veto,"[""precision_quality_binding_not_verified"",""task_quality_observation_not_valid"",""central_quality_evidence_not_verified"",""task_quality_not_passed"",""quality_accuracy_gate_not_passed""]",False,development_or_screening,precision_variant_quality_not_verified;hailo10_yolo26_compiled_raw_head_numeric_threshold_crossing
yolo26s,yolo26s,detection,decoded_nms,bn6_detections,decoded_nms,explicit_endpoint_declaration_plus_runtime_values:v3,True,d0972f0eb8de8e451288e18e2d2cd3497cf48cd3a02b854522aca5f2ae417e73,"{""attested"":true,""contract_source"":""explicit_endpoint_declaration_plus_runtime_values:v3"",""declaration_attested"":true,""declaration_source"":""/home/nx/native_fifo_evalsets/resnet_yolo26s_yolov7_v27549_phase2_ranking_audit_b500_20260820_070324/variants/v001_hailo8_detection_singles/yolo26s/benchmark_set/output_contracts.json"",""declared_contract"":{""artifact_path"":"""",""authoritative_output_contract"":true,""backend"":""cuda_ort"",""class_id_semantics"":""integer_model_label_index"",""contract_family"":""decoded_nms"",""contract_resolution_reason"":""exact_suite_output_contract"",""contract_resolution_status"":""attested"",""contract_status"":""recorded"",""coordinate_format"":""xyxy_score_class"",""coordinate_space"":""model_input_letterbox_xyxy_pixels"",""declaration_source"":""/home/nx/native_fifo_evalsets/resnet_yolo26s_yolov7_v27549_phase2_ranking_audit_b500_20260820_070324/variants/v001_hailo8_detection_singles/yolo26s/benchmark_set/output_contracts.json"",""endpoint_mode"":""decoded_nms"",""full_end_node_names"":[],""host_tail_required"":false,""model_id"":""yolo26s"",""output_format"":""bn6_detections"",""output_record_format"":""xyxy_score_class"",""postprocessing_required"":false,""requires_external_postprocess"":false,""schema"":""onnx-splitpoint/output-contract"",""schema_version"":1,""score_semantics"":""probability_0_1"",""source_contract_sha256"":""bb06063d4c069db1c3b0f6e5dcbd78e56363d23c129f316394055670fcd1e390"",""source_contracts_sha256"":""12138d1faf3b5876cfa0ad20b9f34935546128d406155a172521ef2c6159125f"",""source_coordinate_space"":""model_input_letterbox_xyxy_pixels"",""source_onnx_multiscale_raw_head"":false,""stage"":""decoded_nms"",""task"":""detection"",""variant"":""full"",""warning"":""""},""endpoint"":""decoded_nms"",""endpoint_contract_hash"":""d0972f0eb8de8e451288e18e2d2cd3497cf48cd3a02b854522aca5f2ae417e73"",""finite_fraction"":1.0,""fraction_threshold"":0.995,""integer_epsilon"":0.001,""integer_nonnegative_class_fraction"":1.0,""ordered_xyxy_fraction"":1.0,""output_count"":1,""output_dtype"":""float32"",""output_name"":""output0"",""output_shape"":[1,300,6],""range_epsilon"":0.0001,""reason"":""explicit_nms_declaration_and_runtime_values_verified"",""row_count"":300,""schema"":""onnx-splitpoint/runtime-output-endpoint-attestation"",""schema_version"":3,""score_range_fraction"":1.0,""stage"":""decoded_nms"",""status"":""passed"",""tensor_signature"":{""tensor_count"":1,""tensors"":[{""dtype"":""float32"",""index"":0,""name"":""output0"",""rank"":3,""shape"":[1,300,6]}]},""values_decoded_xyxy_score_class"":true}",,,,,b002,b002,hailo8_to_trt,native_split,native_split,native_fifo,orin_nx_hailo8_01,hailo8,uint8_dequant_fp16,uint8_dequant_fp16,hailo8_to_trt,ok,True,85.07286349606679,85.07286349606679,native_stage_concise_summary.fps_median,85.07286349606679,84.73009911055426,86.16119898332445,3,3,3,complete,median_with_deterministic_percentile_bootstrap_ci95,fresh_hailo_vstreams_trt_completion_runtime_per_repetition,True,median_of_independent_repetitions,False,,,,,,,,,,11.754629606963135,11.754629606963135,85.07286349606679,11.724526585778221,85.29129024390578,paper_fps,0.45177496201358736,unavailable,,,,,,,,,,,,,,,,,,,detection:decoded_nms:d0972f0eb8de8e451288e18e2d2cd3497cf48cd3a02b854522aca5f2ae417e73,detection:decoded_nms:d0972f0eb8de8e451288e18e2d2cd3497cf48cd3a02b854522aca5f2ae417e73,detection:decoded_nms:comparison:0153c6c2c964096ca2469182c8e2c0fd276d3b57166b737de759dbc39ca75dad,True,True,"[""yolo26s"",""b002"",""native_split""]",True,unavailable,unavailable,,,,,,True,,,True,True,passed,detection_completion_execution_v1,False,True,True,attested_bn6_filter_padding_inverse_letterbox_materialize_no_nms_v1,True,True,1000,True,,,,decoded_nms,decoded_nms,"{""canonical_sort_policy"":""score_desc_class_id_asc_xyxy_lexicographic_v1"",""completed_stage"":""decoded_nms"",""confidence_threshold"":0.25,""contract_source"":""attested_source_nms_plus_no_second_nms_materialization:v1"",""endpoint_contract_complete"":true,""endpoint_contract_hash"":""5aa0b51b69fb3bf202801f15e06ad49375f49467a8e957150095c6e22bcc256d"",""host_nms_applied"":false,""input_hw"":[640,640],""iou_threshold"":0.45,""materialization_contract_sha256"":""a30e520a08d4e366cbb967ad55faf9eecaf56fe8931557d12fb00d1029a54296"",""max_detections"":300,""normalizer_id"":""attested_bn6_filter_padding_inverse_letterbox_materialize_no_nms_v1"",""original_wh"":[500,335],""output_coordinate_space"":""original_image_xyxy_pixels"",""output_endpoint_id"":""detection:decoded_nms:5aa0b51b69fb3bf202801f15e06ad49375f49467a8e957150095c6e22bcc256d"",""output_record_format"":""xyxy_score_class_id_v1"",""schema"":""onnx-splitpoint/attested-decoded-nms-completed-endpoint"",""schema_version"":1,""source_endpoint_contract_hash"":""d0972f0eb8de8e451288e18e2d2cd3497cf48cd3a02b854522aca5f2ae417e73"",""source_nms_attested"":true,""source_output_tensor_signature"":{""tensor_count"":1,""tensors"":[{""dtype"":""float32"",""index"":0,""name"":""output0"",""rank"":3,""shape"":[1,300,6]}]},""source_stage"":""decoded_nms"",""task"":""detection""}",5aa0b51b69fb3bf202801f15e06ad49375f49467a8e957150095c6e22bcc256d,detection:decoded_nms:5aa0b51b69fb3bf202801f15e06ad49375f49467a8e957150095c6e22bcc256d,"{""canonical_completion_policy_id"":""decoded_nms_xyxy_original_classaware_postfilter_v2"",""class_aware"":true,""class_id_semantics"":""integer_model_label_index"",""contract_family"":""decoded_nms"",""coordinate_space"":""original_image_xyxy_pixels"",""endpoint_contract_complete"":true,""endpoint_contract_hash"":""0153c6c2c964096ca2469182c8e2c0fd276d3b57166b737de759dbc39ca75dad"",""input_hw"":[640,640],""iou_threshold"":0.45,""max_detections"":300,""model_family"":""yolo26"",""model_id"":""yolo26s"",""nms_semantics_id"":""class_aware_nms_xyxy_v1"",""output_endpoint_id"":""detection:decoded_nms:comparison:0153c6c2c964096ca2469182c8e2c0fd276d3b57166b737de759dbc39ca75dad"",""output_record_format"":""xyxy_score_class"",""schema"":""onnx-splitpoint/completed-task-comparison-endpoint"",""schema_version"":2,""score_semantics"":""probability_0_1"",""score_threshold"":0.25,""stage"":""decoded_nms"",""task"":""detection""}",0153c6c2c964096ca2469182c8e2c0fd276d3b57166b737de759dbc39ca75dad,detection:decoded_nms:comparison:0153c6c2c964096ca2469182c8e2c0fd276d3b57166b737de759dbc39ca75dad,detection_completion_execution_v1,True,"{""artifact"":{""comparison_endpoint_contract_hash"":""0153c6c2c964096ca2469182c8e2c0fd276d3b57166b737de759dbc39ca75dad"",""completed_endpoint_contract_hash"":""5aa0b51b69fb3bf202801f15e06ad49375f49467a8e957150095c6e22bcc256d"",""completion_mode"":""decoded_nms_attested_materialization_no_second_nms"",""content_sha256"":""b2c8feefcd6c73a44a2f924c8fa89d7f5af4d86330ca2aabb9ae638a888506d0"",""contract_family"":""decoded_nms"",""coordinate_space"":""original_image_xyxy_pixels"",""detection_count"":1,""detections"":[{""class_id"":0,""score"":0.8896484375,""x1"":234.5703125,""x2"":394.7265625,""y1"":81.73828125,""y2"":269.921875}],""encoding"":""canonical_json_utf8_sort_keys_compact_no_nan_v1"",""execution_contract_sha256"":""f3a8de55c189c1cd914dd857a56f168c7272e4cf2a2f214d0ddc0e931829ce21"",""implementation_sha256"":""5dd76190ec8741f0d5436ca9ed8b2f6345b6d5b47690a3cd0490bf47799c4334"",""invocation_index"":1000,""observation_relation"":""same_hotloop_sentinel"",""record_schema"":""xyxy_score_class_id_v1"",""relation_sha256"":""539070de7cb4371904f2a89c99e50d6b1166d0a300be14b3647edccd86a613cd"",""schema"":""onnx-splitpoint/detection-completion-result-artifact"",""schema_sha256"":""33cd6536b23234e4c1c8ff3700566b8866d9ea7e825c0e5af7250a007538a688"",""schema_version"":1,""sort_policy"":""score_desc_class_id_asc_xyxy_lexicographic_v1"",""source_content_sha256"":""9532b42cdadd8a81d7d3b401c87370bb7d3464f325ab4f56a4d8ec143a70ed3d"",""source_endpoint_contract_hash"":""d0972f0eb8de8e451288e18e2d2cd3497cf48cd3a02b854522aca5f2ae417e73"",""task"":""detection""},""artifact_sha256"":""c702f3427d8f6260d74922a2d98f77e818d4d10ac2c7c6b9c1f52f1eda1e3389"",""attestation_sha256"":""7e97782fd68119a7ded9460cbb4657f14aff22631eff9772310a371de583bc0d"",""attested"":true,""comparison_endpoint_contract"":{""canonical_completion_policy_id"":""decoded_nms_xyxy_original_classaware_postfilter_v2"",""class_aware"":true,""class_id_semantics"":""integer_model_label_index"",""contract_family"":""decoded_nms"",""coordinate_space"":""original_image_xyxy_pixels"",""endpoint_contract_complete"":true,""endpoint_contract_hash"":""0153c6c2c964096ca2469182c8e2c0fd276d3b57166b737de759dbc39ca75dad"",""input_hw"":[640,640],""iou_threshold"":0.45,""max_detections"":300,""model_family"":""yolo26"",""model_id"":""yolo26s"",""nms_semantics_id"":""class_aware_nms_xyxy_v1"",""output_endpoint_id"":""detection:decoded_nms:comparison:0153c6c2c964096ca2469182c8e2c0fd276d3b57166b737de759dbc39ca75dad"",""output_record_format"":""xyxy_score_class"",""schema"":""onnx-splitpoint/completed-task-comparison-endpoint"",""schema_version"":2,""score_semantics"":""probability_0_1"",""score_threshold"":0.25,""stage"":""decoded_nms"",""task"":""detection""},""comparison_identity_verified"":true,""completed_endpoint_contract"":{""canonical_sort_policy"":""score_desc_class_id_asc_xyxy_lexicographic_v1"",""completed_stage"":""decoded_nms"",""confidence_threshold"":0.25,""contract_source"":""attested_source_nms_plus_no_second_nms_materialization:v1"",""endpoint_contract_complete"":true,""endpoint_contract_hash"":""5aa0b51b69fb3bf202801f15e06ad49375f49467a8e957150095c6e22bcc256d"",""host_nms_applied"":false,""input_hw"":[640,640],""iou_threshold"":0.45,""materialization_contract_sha256"":""a30e520a08d4e366cbb967ad55faf9eecaf56fe8931557d12fb00d1029a54296"",""max_detections"":300,""normalizer_id"":""attested_bn6_filter_padding_inverse_letterbox_materialize_no_nms_v1"",""original_wh"":[500,335],""output_coordinate_space"":""original_image_xyxy_pixels"",""output_endpoint_id"":""detection:decoded_nms:5aa0b51b69fb3bf202801f15e06ad49375f49467a8e957150095c6e22bcc256d"",""output_record_format"":""xyxy_score_class_id_v1"",""schema"":""onnx-splitpoint/attested-decoded-nms-completed-endpoint"",""schema_version"":1,""source_endpoint_contract_hash"":""d0972f0eb8de8e451288e18e2d2cd3497cf48cd3a02b854522aca5f2ae417e73"",""source_nms_attested"":true,""source_output_tensor_signature"":{""tensor_count"":1,""tensors"":[{""dtype"":""float32"",""index"":0,""name"":""output0"",""rank"":3,""shape"":[1,300,6]}]},""source_stage"":""decoded_nms"",""task"":""detection""},""completed_frames"":1000,""completed_task_comparison_endpoint_contract"":{""canonical_completion_policy_id"":""decoded_nms_xyxy_original_classaware_postfilter_v2"",""class_aware"":true,""class_id_semantics"":""integer_model_label_index"",""contract_family"":""decoded_nms"",""coordinate_space"":""original_image_xyxy_pixels"",""endpoint_contract_complete"":true,""endpoint_contract_hash"":""0153c6c2c964096ca2469182c8e2c0fd276d3b57166b737de759dbc39ca75dad"",""input_hw"":[640,640],""iou_threshold"":0.45,""max_detections"":300,""model_family"":""yolo26"",""model_id"":""yolo26s"",""nms_semantics_id"":""class_aware_nms_xyxy_v1"",""output_endpoint_id"":""detection:decoded_nms:comparison:0153c6c2c964096ca2469182c8e2c0fd276d3b57166b737de759dbc39ca75dad"",""output_record_format"":""xyxy_score_class"",""schema"":""onnx-splitpoint/completed-task-comparison-endpoint"",""schema_version"":2,""score_semantics"":""probability_0_1"",""score_threshold"":0.25,""stage"":""decoded_nms"",""task"":""detection""},""completed_task_comparison_endpoint_contract_hash"":""0153c6c2c964096ca2469182c8e2c0fd276d3b57166b737de759dbc39ca75dad"",""completed_task_comparison_output_endpoint_id"":""detection:decoded_nms:comparison:0153c6c2c964096ca2469182c8e2c0fd276d3b57166b737de759dbc39ca75dad"",""completed_task_completion_mode"":""detection_completion_execution_v1"",""completed_work_units"":1000,""completion_count"":1000,""completion_count_verified"":true,""completion_mode"":""decoded_nms_attested_materialization_no_second_nms"",""content_sha256"":""b2c8feefcd6c73a44a2f924c8fa89d7f5af4d86330ca2aabb9ae638a888506d0"",""contract_source"":""detection_completion_execution_inside_measured_hotloop:v1"",""endpoint"":""decoded_nms"",""endpoint_contract_complete"":true,""endpoint_contract_hash"":""5aa0b51b69fb3bf202801f15e06ad49375f49467a8e957150095c6e22bcc256d"",""exact_result_claim_bound"":true,""execution_contract_sha256"":""f3a8de55c189c1cd914dd857a56f168c7272e4cf2a2f214d0ddc0e931829ce21"",""implementation_sha256"":""5dd76190ec8741f0d5436ca9ed8b2f6345b6d5b47690a3cd0490bf47799c4334"",""invocation_chain_sha256"":""8854e5ef54274edf48697e21673a81a514b8b97c3d0a426e22f23c104c276d82"",""invocation_sha256"":""c7aacd7134c7b4c6c2150f322fbb169a47946016c8808e1f961bab73ed9726c3"",""last_result"":{""artifact"":{""comparison_endpoint_contract_hash"":""0153c6c2c964096ca2469182c8e2c0fd276d3b57166b737de759dbc39ca75dad"",""completed_endpoint_contract_hash"":""5aa0b51b69fb3bf202801f15e06ad49375f49467a8e957150095c6e22bcc256d"",""completion_mode"":""decoded_nms_attested_materialization_no_second_nms"",""content_sha256"":""b2c8feefcd6c73a44a2f924c8fa89d7f5af4d86330ca2aabb9ae638a888506d0"",""contract_family"":""decoded_nms"",""coordinate_space"":""original_image_xyxy_pixels"",""detection_count"":1,""detections"":[{""class_id"":0,""score"":0.8896484375,""x1"":234.5703125,""x2"":394.7265625,""y1"":81.73828125,""y2"":269.921875}],""encoding"":""canonical_json_utf8_sort_keys_compact_no_nan_v1"",""execution_contract_sha256"":""f3a8de55c189c1cd914dd857a56f168c7272e4cf2a2f214d0ddc0e931829ce21"",""implementation_sha256"":""5dd76190ec8741f0d5436ca9ed8b2f6345b6d5b47690a3cd0490bf47799c4334"",""invocation_index"":1000,""observation_relation"":""same_hotloop_sentinel"",""record_schema"":""xyxy_score_class_id_v1"",""relation_sha256"":""539070de7cb4371904f2a89c99e50d6b1166d0a300be14b3647edccd86a613cd"",""schema"":""onnx-splitpoint/detection-completion-result-artifact"",""schema_sha256"":""33cd6536b23234e4c1c8ff3700566b8866d9ea7e825c0e5af7250a007538a688"",""schema_version"":1,""sort_policy"":""score_desc_class_id_asc_xyxy_lexicographic_v1"",""source_content_sha256"":""9532b42cdadd8a81d7d3b401c87370bb7d3464f325ab4f56a4d8ec143a70ed3d"",""source_endpoint_contract_hash"":""d0972f0eb8de8e451288e18e2d2cd3497cf48cd3a02b854522aca5f2ae417e73"",""task"":""detection""},""artifact_sha256"":""c702f3427d8f6260d74922a2d98f77e818d4d10ac2c7c6b9c1f52f1eda1e3389"",""completion_mode"":""decoded_nms_attested_materialization_no_second_nms"",""content_sha256"":""b2c8feefcd6c73a44a2f924c8fa89d7f5af4d86330ca2aabb9ae638a888506d0"",""contract_family"":""decoded_nms"",""coordinate_space"":""original_image_xyxy_pixels"",""detection_count"":1,""detections"":[{""class_id"":0,""score"":0.8896484375,""x1"":234.5703125,""x2"":394.7265625,""y1"":81.73828125,""y2"":269.921875}],""execution_contract_sha256"":""f3a8de55c189c1cd914dd857a56f168c7272e4cf2a2f214d0ddc0e931829ce21"",""host_nms_applied"":false,""implementation_sha256"":""5dd76190ec8741f0d5436ca9ed8b2f6345b6d5b47690a3cd0490bf47799c4334"",""invocation_index"":1000,""invocation_sha256"":""c7aacd7134c7b4c6c2150f322fbb169a47946016c8808e1f961bab73ed9726c3"",""observation_relation"":""same_hotloop_sentinel"",""record_schema"":""xyxy_score_class_id_v1"",""relation_sha256"":""539070de7cb4371904f2a89c99e50d6b1166d0a300be14b3647edccd86a613cd"",""schema_sha256"":""33cd6536b23234e4c1c8ff3700566b8866d9ea7e825c0e5af7250a007538a688"",""source_content_sha256"":""9532b42cdadd8a81d7d3b401c87370bb7d3464f325ab4f56a4d8ec143a70ed3d"",""source_nms_attested"":true,""task"":""detection""},""observation_relation"":""same_hotloop_sentinel"",""output_endpoint_id"":""detection:decoded_nms:5aa0b51b69fb3bf202801f15e06ad49375f49467a8e957150095c6e22bcc256d"",""postprocess_completed_frames"":1000,""postprocess_completion_verified"":true,""relation_sha256"":""539070de7cb4371904f2a89c99e50d6b1166d0a300be14b3647edccd86a613cd"",""same_hotloop_sentinel"":true,""schema"":""onnx-splitpoint/detection-completion-execution-attestation"",""schema_sha256"":""33cd6536b23234e4c1c8ff3700566b8866d9ea7e825c0e5af7250a007538a688"",""schema_version"":2,""source_stage"":""decoded_nms"",""stage"":""decoded_nms"",""status"":""passed"",""task"":""detection""}",passed,True,False,False,False,False,,,,,,,True,False,"[""precision_variant_quality_not_verified""]",,,,,,False,[],/home/nx/native_fifo_evalsets/resnet_yolo26s_yolov7_v27549_phase2_ranking_audit_b500_20260820_070324/variants/v001_hailo8_detection_singles/yolo26s/benchmark_set/resources/validation/detection/val2017_n500_s20260710/000000212226.jpg,exact_file,,False,development_or_screening,native_performance_matrix,/home/kmika/Models/EvaluationRuns/native_supplement_reprojected_v2762/reports/native_producer_combined_summary.json,False,False,False,quality_veto,"[""precision_quality_binding_not_verified"",""task_quality_observation_not_valid"",""central_quality_evidence_not_verified"",""task_quality_not_passed"",""quality_accuracy_gate_not_passed""]",False,development_or_screening,precision_variant_quality_not_verified
yolo26s,yolo26s,detection,decoded_nms,bn6_detections,decoded_nms,explicit_endpoint_declaration_plus_runtime_values:v3,True,d0972f0eb8de8e451288e18e2d2cd3497cf48cd3a02b854522aca5f2ae417e73,"{""attested"":true,""contract_source"":""explicit_endpoint_declaration_plus_runtime_values:v3"",""declaration_attested"":true,""declaration_source"":""/home/nx/native_fifo_evalsets/resnet_yolo26s_yolov7_v27549_phase2_ranking_audit_b500_20260820_070324/variants/v001_hailo8_detection_singles/yolo26s/benchmark_set/output_contracts.json"",""declared_contract"":{""artifact_path"":"""",""authoritative_output_contract"":true,""backend"":""cuda_ort"",""class_id_semantics"":""integer_model_label_index"",""contract_family"":""decoded_nms"",""contract_resolution_reason"":""exact_suite_output_contract"",""contract_resolution_status"":""attested"",""contract_status"":""recorded"",""coordinate_format"":""xyxy_score_class"",""coordinate_space"":""model_input_letterbox_xyxy_pixels"",""declaration_source"":""/home/nx/native_fifo_evalsets/resnet_yolo26s_yolov7_v27549_phase2_ranking_audit_b500_20260820_070324/variants/v001_hailo8_detection_singles/yolo26s/benchmark_set/output_contracts.json"",""endpoint_mode"":""decoded_nms"",""full_end_node_names"":[],""host_tail_required"":false,""model_id"":""yolo26s"",""output_format"":""bn6_detections"",""output_record_format"":""xyxy_score_class"",""postprocessing_required"":false,""requires_external_postprocess"":false,""schema"":""onnx-splitpoint/output-contract"",""schema_version"":1,""score_semantics"":""probability_0_1"",""source_contract_sha256"":""bb06063d4c069db1c3b0f6e5dcbd78e56363d23c129f316394055670fcd1e390"",""source_contracts_sha256"":""12138d1faf3b5876cfa0ad20b9f34935546128d406155a172521ef2c6159125f"",""source_coordinate_space"":""model_input_letterbox_xyxy_pixels"",""source_onnx_multiscale_raw_head"":false,""stage"":""decoded_nms"",""task"":""detection"",""variant"":""full"",""warning"":""""},""endpoint"":""decoded_nms"",""endpoint_contract_hash"":""d0972f0eb8de8e451288e18e2d2cd3497cf48cd3a02b854522aca5f2ae417e73"",""finite_fraction"":1.0,""fraction_threshold"":0.995,""integer_epsilon"":0.001,""integer_nonnegative_class_fraction"":1.0,""ordered_xyxy_fraction"":1.0,""output_count"":1,""output_dtype"":""float32"",""output_name"":""output0"",""output_shape"":[1,300,6],""range_epsilon"":0.0001,""reason"":""explicit_nms_declaration_and_runtime_values_verified"",""row_count"":300,""schema"":""onnx-splitpoint/runtime-output-endpoint-attestation"",""schema_version"":3,""score_range_fraction"":1.0,""stage"":""decoded_nms"",""status"":""passed"",""tensor_signature"":{""tensor_count"":1,""tensors"":[{""dtype"":""float32"",""index"":0,""name"":""output0"",""rank"":3,""shape"":[1,300,6]}]},""values_decoded_xyxy_score_class"":true}",,,,,b005,b005,hailo8_to_trt,native_split,native_split,native_fifo,orin_nx_hailo8_01,hailo8,uint8_dequant_fp16,uint8_dequant_fp16,hailo8_to_trt,ok,True,116.8370868459079,116.8370868459079,native_stage_concise_summary.fps_median,116.8370868459079,115.80574004849365,117.21839974041605,3,3,3,complete,median_with_deterministic_percentile_bootstrap_ci95,fresh_hailo_vstreams_trt_completion_runtime_per_repetition,True,median_of_independent_repetitions,False,,,,,,,,,,8.558926168014295,8.558926168014295,116.8370868459079,8.533490357222036,117.18534364472367,paper_fps,0.27561300282832235,unavailable,,,,,,,,,,,,,,,,,,,detection:decoded_nms:d0972f0eb8de8e451288e18e2d2cd3497cf48cd3a02b854522aca5f2ae417e73,detection:decoded_nms:d0972f0eb8de8e451288e18e2d2cd3497cf48cd3a02b854522aca5f2ae417e73,detection:decoded_nms:comparison:0153c6c2c964096ca2469182c8e2c0fd276d3b57166b737de759dbc39ca75dad,True,True,"[""yolo26s"",""b005"",""native_split""]",True,unavailable,unavailable,,,,,,True,,,True,True,passed,detection_completion_execution_v1,False,True,True,attested_bn6_filter_padding_inverse_letterbox_materialize_no_nms_v1,True,True,1000,True,,,,decoded_nms,decoded_nms,"{""canonical_sort_policy"":""score_desc_class_id_asc_xyxy_lexicographic_v1"",""completed_stage"":""decoded_nms"",""confidence_threshold"":0.25,""contract_source"":""attested_source_nms_plus_no_second_nms_materialization:v1"",""endpoint_contract_complete"":true,""endpoint_contract_hash"":""5aa0b51b69fb3bf202801f15e06ad49375f49467a8e957150095c6e22bcc256d"",""host_nms_applied"":false,""input_hw"":[640,640],""iou_threshold"":0.45,""materialization_contract_sha256"":""a30e520a08d4e366cbb967ad55faf9eecaf56fe8931557d12fb00d1029a54296"",""max_detections"":300,""normalizer_id"":""attested_bn6_filter_padding_inverse_letterbox_materialize_no_nms_v1"",""original_wh"":[500,335],""output_coordinate_space"":""original_image_xyxy_pixels"",""output_endpoint_id"":""detection:decoded_nms:5aa0b51b69fb3bf202801f15e06ad49375f49467a8e957150095c6e22bcc256d"",""output_record_format"":""xyxy_score_class_id_v1"",""schema"":""onnx-splitpoint/attested-decoded-nms-completed-endpoint"",""schema_version"":1,""source_endpoint_contract_hash"":""d0972f0eb8de8e451288e18e2d2cd3497cf48cd3a02b854522aca5f2ae417e73"",""source_nms_attested"":true,""source_output_tensor_signature"":{""tensor_count"":1,""tensors"":[{""dtype"":""float32"",""index"":0,""name"":""output0"",""rank"":3,""shape"":[1,300,6]}]},""source_stage"":""decoded_nms"",""task"":""detection""}",5aa0b51b69fb3bf202801f15e06ad49375f49467a8e957150095c6e22bcc256d,detection:decoded_nms:5aa0b51b69fb3bf202801f15e06ad49375f49467a8e957150095c6e22bcc256d,"{""canonical_completion_policy_id"":""decoded_nms_xyxy_original_classaware_postfilter_v2"",""class_aware"":true,""class_id_semantics"":""integer_model_label_index"",""contract_family"":""decoded_nms"",""coordinate_space"":""original_image_xyxy_pixels"",""endpoint_contract_complete"":true,""endpoint_contract_hash"":""0153c6c2c964096ca2469182c8e2c0fd276d3b57166b737de759dbc39ca75dad"",""input_hw"":[640,640],""iou_threshold"":0.45,""max_detections"":300,""model_family"":""yolo26"",""model_id"":""yolo26s"",""nms_semantics_id"":""class_aware_nms_xyxy_v1"",""output_endpoint_id"":""detection:decoded_nms:comparison:0153c6c2c964096ca2469182c8e2c0fd276d3b57166b737de759dbc39ca75dad"",""output_record_format"":""xyxy_score_class"",""schema"":""onnx-splitpoint/completed-task-comparison-endpoint"",""schema_version"":2,""score_semantics"":""probability_0_1"",""score_threshold"":0.25,""stage"":""decoded_nms"",""task"":""detection""}",0153c6c2c964096ca2469182c8e2c0fd276d3b57166b737de759dbc39ca75dad,detection:decoded_nms:comparison:0153c6c2c964096ca2469182c8e2c0fd276d3b57166b737de759dbc39ca75dad,detection_completion_execution_v1,True,"{""artifact"":{""comparison_endpoint_contract_hash"":""0153c6c2c964096ca2469182c8e2c0fd276d3b57166b737de759dbc39ca75dad"",""completed_endpoint_contract_hash"":""5aa0b51b69fb3bf202801f15e06ad49375f49467a8e957150095c6e22bcc256d"",""completion_mode"":""decoded_nms_attested_materialization_no_second_nms"",""content_sha256"":""2ca6dab4e1d12e188e5bfbde0d42adac9f2c4a019c9522295cefa7fd82ab2fd3"",""contract_family"":""decoded_nms"",""coordinate_space"":""original_image_xyxy_pixels"",""detection_count"":2,""detections"":[{""class_id"":0,""score"":0.888671875,""x1"":234.5703125,""x2"":394.921875,""y1"":81.640625,""y2"":269.7265625},{""class_id"":7,""score"":0.373779296875,""x1"":37.5,""x2"":500.0,""y1"":0.0,""y2"":328.90625}],""encoding"":""canonical_json_utf8_sort_keys_compact_no_nan_v1"",""execution_contract_sha256"":""f3a8de55c189c1cd914dd857a56f168c7272e4cf2a2f214d0ddc0e931829ce21"",""implementation_sha256"":""5dd76190ec8741f0d5436ca9ed8b2f6345b6d5b47690a3cd0490bf47799c4334"",""invocation_index"":1000,""observation_relation"":""same_hotloop_sentinel"",""record_schema"":""xyxy_score_class_id_v1"",""relation_sha256"":""539070de7cb4371904f2a89c99e50d6b1166d0a300be14b3647edccd86a613cd"",""schema"":""onnx-splitpoint/detection-completion-result-artifact"",""schema_sha256"":""33cd6536b23234e4c1c8ff3700566b8866d9ea7e825c0e5af7250a007538a688"",""schema_version"":1,""sort_policy"":""score_desc_class_id_asc_xyxy_lexicographic_v1"",""source_content_sha256"":""eb22a5c76b76a2e8ea0d57f7b715d58b7550fffb5158fbb6d37884f60174c65e"",""source_endpoint_contract_hash"":""d0972f0eb8de8e451288e18e2d2cd3497cf48cd3a02b854522aca5f2ae417e73"",""task"":""detection""},""artifact_sha256"":""50be2bdce9e0355ce0d2796ee2190e2a6a9de73c16e74cdbe7fc0446d814f313"",""attestation_sha256"":""b133245eeb46c4a3f96656eee6e37c7d3c388831d337941d7feef38bc57ce495"",""attested"":true,""comparison_endpoint_contract"":{""canonical_completion_policy_id"":""decoded_nms_xyxy_original_classaware_postfilter_v2"",""class_aware"":true,""class_id_semantics"":""integer_model_label_index"",""contract_family"":""decoded_nms"",""coordinate_space"":""original_image_xyxy_pixels"",""endpoint_contract_complete"":true,""endpoint_contract_hash"":""0153c6c2c964096ca2469182c8e2c0fd276d3b57166b737de759dbc39ca75dad"",""input_hw"":[640,640],""iou_threshold"":0.45,""max_detections"":300,""model_family"":""yolo26"",""model_id"":""yolo26s"",""nms_semantics_id"":""class_aware_nms_xyxy_v1"",""output_endpoint_id"":""detection:decoded_nms:comparison:0153c6c2c964096ca2469182c8e2c0fd276d3b57166b737de759dbc39ca75dad"",""output_record_format"":""xyxy_score_class"",""schema"":""onnx-splitpoint/completed-task-comparison-endpoint"",""schema_version"":2,""score_semantics"":""probability_0_1"",""score_threshold"":0.25,""stage"":""decoded_nms"",""task"":""detection""},""comparison_identity_verified"":true,""completed_endpoint_contract"":{""canonical_sort_policy"":""score_desc_class_id_asc_xyxy_lexicographic_v1"",""completed_stage"":""decoded_nms"",""confidence_threshold"":0.25,""contract_source"":""attested_source_nms_plus_no_second_nms_materialization:v1"",""endpoint_contract_complete"":true,""endpoint_contract_hash"":""5aa0b51b69fb3bf202801f15e06ad49375f49467a8e957150095c6e22bcc256d"",""host_nms_applied"":false,""input_hw"":[640,640],""iou_threshold"":0.45,""materialization_contract_sha256"":""a30e520a08d4e366cbb967ad55faf9eecaf56fe8931557d12fb00d1029a54296"",""max_detections"":300,""normalizer_id"":""attested_bn6_filter_padding_inverse_letterbox_materialize_no_nms_v1"",""original_wh"":[500,335],""output_coordinate_space"":""original_image_xyxy_pixels"",""output_endpoint_id"":""detection:decoded_nms:5aa0b51b69fb3bf202801f15e06ad49375f49467a8e957150095c6e22bcc256d"",""output_record_format"":""xyxy_score_class_id_v1"",""schema"":""onnx-splitpoint/attested-decoded-nms-completed-endpoint"",""schema_version"":1,""source_endpoint_contract_hash"":""d0972f0eb8de8e451288e18e2d2cd3497cf48cd3a02b854522aca5f2ae417e73"",""source_nms_attested"":true,""source_output_tensor_signature"":{""tensor_count"":1,""tensors"":[{""dtype"":""float32"",""index"":0,""name"":""output0"",""rank"":3,""shape"":[1,300,6]}]},""source_stage"":""decoded_nms"",""task"":""detection""},""completed_frames"":1000,""completed_task_comparison_endpoint_contract"":{""canonical_completion_policy_id"":""decoded_nms_xyxy_original_classaware_postfilter_v2"",""class_aware"":true,""class_id_semantics"":""integer_model_label_index"",""contract_family"":""decoded_nms"",""coordinate_space"":""original_image_xyxy_pixels"",""endpoint_contract_complete"":true,""endpoint_contract_hash"":""0153c6c2c964096ca2469182c8e2c0fd276d3b57166b737de759dbc39ca75dad"",""input_hw"":[640,640],""iou_threshold"":0.45,""max_detections"":300,""model_family"":""yolo26"",""model_id"":""yolo26s"",""nms_semantics_id"":""class_aware_nms_xyxy_v1"",""output_endpoint_id"":""detection:decoded_nms:comparison:0153c6c2c964096ca2469182c8e2c0fd276d3b57166b737de759dbc39ca75dad"",""output_record_format"":""xyxy_score_class"",""schema"":""onnx-splitpoint/completed-task-comparison-endpoint"",""schema_version"":2,""score_semantics"":""probability_0_1"",""score_threshold"":0.25,""stage"":""decoded_nms"",""task"":""detection""},""completed_task_comparison_endpoint_contract_hash"":""0153c6c2c964096ca2469182c8e2c0fd276d3b57166b737de759dbc39ca75dad"",""completed_task_comparison_output_endpoint_id"":""detection:decoded_nms:comparison:0153c6c2c964096ca2469182c8e2c0fd276d3b57166b737de759dbc39ca75dad"",""completed_task_completion_mode"":""detection_completion_execution_v1"",""completed_work_units"":1000,""completion_count"":1000,""completion_count_verified"":true,""completion_mode"":""decoded_nms_attested_materialization_no_second_nms"",""content_sha256"":""2ca6dab4e1d12e188e5bfbde0d42adac9f2c4a019c9522295cefa7fd82ab2fd3"",""contract_source"":""detection_completion_execution_inside_measured_hotloop:v1"",""endpoint"":""decoded_nms"",""endpoint_contract_complete"":true,""endpoint_contract_hash"":""5aa0b51b69fb3bf202801f15e06ad49375f49467a8e957150095c6e22bcc256d"",""exact_result_claim_bound"":true,""execution_contract_sha256"":""f3a8de55c189c1cd914dd857a56f168c7272e4cf2a2f214d0ddc0e931829ce21"",""implementation_sha256"":""5dd76190ec8741f0d5436ca9ed8b2f6345b6d5b47690a3cd0490bf47799c4334"",""invocation_chain_sha256"":""ad658e9d2d148fa34ea35ed2702040ee919268b36f77466e39f4415defd5e6f1"",""invocation_sha256"":""40da05ed6d6a210d6d86df10ee291810d290f31e134a112536bb59a60bdff271"",""last_result"":{""artifact"":{""comparison_endpoint_contract_hash"":""0153c6c2c964096ca2469182c8e2c0fd276d3b57166b737de759dbc39ca75dad"",""completed_endpoint_contract_hash"":""5aa0b51b69fb3bf202801f15e06ad49375f49467a8e957150095c6e22bcc256d"",""completion_mode"":""decoded_nms_attested_materialization_no_second_nms"",""content_sha256"":""2ca6dab4e1d12e188e5bfbde0d42adac9f2c4a019c9522295cefa7fd82ab2fd3"",""contract_family"":""decoded_nms"",""coordinate_space"":""original_image_xyxy_pixels"",""detection_count"":2,""detections"":[{""class_id"":0,""score"":0.888671875,""x1"":234.5703125,""x2"":394.921875,""y1"":81.640625,""y2"":269.7265625},{""class_id"":7,""score"":0.373779296875,""x1"":37.5,""x2"":500.0,""y1"":0.0,""y2"":328.90625}],""encoding"":""canonical_json_utf8_sort_keys_compact_no_nan_v1"",""execution_contract_sha256"":""f3a8de55c189c1cd914dd857a56f168c7272e4cf2a2f214d0ddc0e931829ce21"",""implementation_sha256"":""5dd76190ec8741f0d5436ca9ed8b2f6345b6d5b47690a3cd0490bf47799c4334"",""invocation_index"":1000,""observation_relation"":""same_hotloop_sentinel"",""record_schema"":""xyxy_score_class_id_v1"",""relation_sha256"":""539070de7cb4371904f2a89c99e50d6b1166d0a300be14b3647edccd86a613cd"",""schema"":""onnx-splitpoint/detection-completion-result-artifact"",""schema_sha256"":""33cd6536b23234e4c1c8ff3700566b8866d9ea7e825c0e5af7250a007538a688"",""schema_version"":1,""sort_policy"":""score_desc_class_id_asc_xyxy_lexicographic_v1"",""source_content_sha256"":""eb22a5c76b76a2e8ea0d57f7b715d58b7550fffb5158fbb6d37884f60174c65e"",""source_endpoint_contract_hash"":""d0972f0eb8de8e451288e18e2d2cd3497cf48cd3a02b854522aca5f2ae417e73"",""task"":""detection""},""artifact_sha256"":""50be2bdce9e0355ce0d2796ee2190e2a6a9de73c16e74cdbe7fc0446d814f313"",""completion_mode"":""decoded_nms_attested_materialization_no_second_nms"",""content_sha256"":""2ca6dab4e1d12e188e5bfbde0d42adac9f2c4a019c9522295cefa7fd82ab2fd3"",""contract_family"":""decoded_nms"",""coordinate_space"":""original_image_xyxy_pixels"",""detection_count"":2,""detections"":[{""class_id"":0,""score"":0.888671875,""x1"":234.5703125,""x2"":394.921875,""y1"":81.640625,""y2"":269.7265625},{""class_id"":7,""score"":0.373779296875,""x1"":37.5,""x2"":500.0,""y1"":0.0,""y2"":328.90625}],""execution_contract_sha256"":""f3a8de55c189c1cd914dd857a56f168c7272e4cf2a2f214d0ddc0e931829ce21"",""host_nms_applied"":false,""implementation_sha256"":""5dd76190ec8741f0d5436ca9ed8b2f6345b6d5b47690a3cd0490bf47799c4334"",""invocation_index"":1000,""invocation_sha256"":""40da05ed6d6a210d6d86df10ee291810d290f31e134a112536bb59a60bdff271"",""observation_relation"":""same_hotloop_sentinel"",""record_schema"":""xyxy_score_class_id_v1"",""relation_sha256"":""539070de7cb4371904f2a89c99e50d6b1166d0a300be14b3647edccd86a613cd"",""schema_sha256"":""33cd6536b23234e4c1c8ff3700566b8866d9ea7e825c0e5af7250a007538a688"",""source_content_sha256"":""eb22a5c76b76a2e8ea0d57f7b715d58b7550fffb5158fbb6d37884f60174c65e"",""source_nms_attested"":true,""task"":""detection""},""observation_relation"":""same_hotloop_sentinel"",""output_endpoint_id"":""detection:decoded_nms:5aa0b51b69fb3bf202801f15e06ad49375f49467a8e957150095c6e22bcc256d"",""postprocess_completed_frames"":1000,""postprocess_completion_verified"":true,""relation_sha256"":""539070de7cb4371904f2a89c99e50d6b1166d0a300be14b3647edccd86a613cd"",""same_hotloop_sentinel"":true,""schema"":""onnx-splitpoint/detection-completion-execution-attestation"",""schema_sha256"":""33cd6536b23234e4c1c8ff3700566b8866d9ea7e825c0e5af7250a007538a688"",""schema_version"":2,""source_stage"":""decoded_nms"",""stage"":""decoded_nms"",""status"":""passed"",""task"":""detection""}",passed,True,False,False,False,False,,,,,,,True,False,"[""precision_variant_quality_not_verified""]",,,,,,False,[],/home/nx/native_fifo_evalsets/resnet_yolo26s_yolov7_v27549_phase2_ranking_audit_b500_20260820_070324/variants/v001_hailo8_detection_singles/yolo26s/benchmark_set/resources/validation/detection/val2017_n500_s20260710/000000212226.jpg,exact_file,,False,development_or_screening,native_performance_matrix,/home/kmika/Models/EvaluationRuns/native_supplement_reprojected_v2762/reports/native_producer_combined_summary.json,False,False,False,quality_veto,"[""precision_quality_binding_not_verified"",""task_quality_observation_not_valid"",""central_quality_evidence_not_verified"",""task_quality_not_passed"",""quality_accuracy_gate_not_passed""]",False,development_or_screening,precision_variant_quality_not_verified
yolo26s,yolo26s,detection,decoded_nms,bn6_detections,decoded_nms,explicit_endpoint_declaration_plus_runtime_values:v3,True,d0972f0eb8de8e451288e18e2d2cd3497cf48cd3a02b854522aca5f2ae417e73,"{""attested"":true,""contract_source"":""explicit_endpoint_declaration_plus_runtime_values:v3"",""declaration_attested"":true,""declaration_source"":""/home/nx/native_fifo_evalsets/resnet_yolo26s_yolov7_v27549_phase2_ranking_audit_b500_20260820_070324/variants/v001_hailo8_detection_singles/yolo26s/benchmark_set/output_contracts.json"",""declared_contract"":{""artifact_path"":"""",""authoritative_output_contract"":true,""backend"":""cuda_ort"",""class_id_semantics"":""integer_model_label_index"",""contract_family"":""decoded_nms"",""contract_resolution_reason"":""exact_suite_output_contract"",""contract_resolution_status"":""attested"",""contract_status"":""recorded"",""coordinate_format"":""xyxy_score_class"",""coordinate_space"":""model_input_letterbox_xyxy_pixels"",""declaration_source"":""/home/nx/native_fifo_evalsets/resnet_yolo26s_yolov7_v27549_phase2_ranking_audit_b500_20260820_070324/variants/v001_hailo8_detection_singles/yolo26s/benchmark_set/output_contracts.json"",""endpoint_mode"":""decoded_nms"",""full_end_node_names"":[],""host_tail_required"":false,""model_id"":""yolo26s"",""output_format"":""bn6_detections"",""output_record_format"":""xyxy_score_class"",""postprocessing_required"":false,""requires_external_postprocess"":false,""schema"":""onnx-splitpoint/output-contract"",""schema_version"":1,""score_semantics"":""probability_0_1"",""source_contract_sha256"":""bb06063d4c069db1c3b0f6e5dcbd78e56363d23c129f316394055670fcd1e390"",""source_contracts_sha256"":""12138d1faf3b5876cfa0ad20b9f34935546128d406155a172521ef2c6159125f"",""source_coordinate_space"":""model_input_letterbox_xyxy_pixels"",""source_onnx_multiscale_raw_head"":false,""stage"":""decoded_nms"",""task"":""detection"",""variant"":""full"",""warning"":""""},""endpoint"":""decoded_nms"",""endpoint_contract_hash"":""d0972f0eb8de8e451288e18e2d2cd3497cf48cd3a02b854522aca5f2ae417e73"",""finite_fraction"":1.0,""fraction_threshold"":0.995,""integer_epsilon"":0.001,""integer_nonnegative_class_fraction"":1.0,""ordered_xyxy_fraction"":1.0,""output_count"":1,""output_dtype"":""float32"",""output_name"":""output0"",""output_shape"":[1,300,6],""range_epsilon"":0.0001,""reason"":""explicit_nms_declaration_and_runtime_values_verified"",""row_count"":300,""schema"":""onnx-splitpoint/runtime-output-endpoint-attestation"",""schema_version"":3,""score_range_fraction"":1.0,""stage"":""decoded_nms"",""status"":""passed"",""tensor_signature"":{""tensor_count"":1,""tensors"":[{""dtype"":""float32"",""index"":0,""name"":""output0"",""rank"":3,""shape"":[1,300,6]}]},""values_decoded_xyxy_score_class"":true}",,,,,b038,b038,hailo8_to_trt,native_split,native_split,native_fifo,orin_nx_hailo8_01,hailo8,uint8_dequant_fp16,uint8_dequant_fp16,hailo8_to_trt,ok,True,130.64905300797915,130.64905300797915,native_stage_concise_summary.fps_median,130.64905300797915,130.6193586590987,130.91389873273613,3,3,3,complete,median_with_deterministic_percentile_bootstrap_ci95,fresh_hailo_vstreams_trt_completion_runtime_per_repetition,True,median_of_independent_repetitions,False,,,,,,,,,,7.6540929840412,7.6540929840412,130.64905300797915,7.630408220924438,131.05458725756722,paper_fps,0.24568850512150675,unavailable,,,,,,,,,,,,,,,,,,,detection:decoded_nms:d0972f0eb8de8e451288e18e2d2cd3497cf48cd3a02b854522aca5f2ae417e73,detection:decoded_nms:d0972f0eb8de8e451288e18e2d2cd3497cf48cd3a02b854522aca5f2ae417e73,detection:decoded_nms:comparison:0153c6c2c964096ca2469182c8e2c0fd276d3b57166b737de759dbc39ca75dad,True,True,"[""yolo26s"",""b038"",""native_split""]",True,unavailable,unavailable,,,,,,True,,,True,True,passed,detection_completion_execution_v1,False,True,True,attested_bn6_filter_padding_inverse_letterbox_materialize_no_nms_v1,True,True,1000,True,,,,decoded_nms,decoded_nms,"{""canonical_sort_policy"":""score_desc_class_id_asc_xyxy_lexicographic_v1"",""completed_stage"":""decoded_nms"",""confidence_threshold"":0.25,""contract_source"":""attested_source_nms_plus_no_second_nms_materialization:v1"",""endpoint_contract_complete"":true,""endpoint_contract_hash"":""5aa0b51b69fb3bf202801f15e06ad49375f49467a8e957150095c6e22bcc256d"",""host_nms_applied"":false,""input_hw"":[640,640],""iou_threshold"":0.45,""materialization_contract_sha256"":""a30e520a08d4e366cbb967ad55faf9eecaf56fe8931557d12fb00d1029a54296"",""max_detections"":300,""normalizer_id"":""attested_bn6_filter_padding_inverse_letterbox_materialize_no_nms_v1"",""original_wh"":[500,335],""output_coordinate_space"":""original_image_xyxy_pixels"",""output_endpoint_id"":""detection:decoded_nms:5aa0b51b69fb3bf202801f15e06ad49375f49467a8e957150095c6e22bcc256d"",""output_record_format"":""xyxy_score_class_id_v1"",""schema"":""onnx-splitpoint/attested-decoded-nms-completed-endpoint"",""schema_version"":1,""source_endpoint_contract_hash"":""d0972f0eb8de8e451288e18e2d2cd3497cf48cd3a02b854522aca5f2ae417e73"",""source_nms_attested"":true,""source_output_tensor_signature"":{""tensor_count"":1,""tensors"":[{""dtype"":""float32"",""index"":0,""name"":""output0"",""rank"":3,""shape"":[1,300,6]}]},""source_stage"":""decoded_nms"",""task"":""detection""}",5aa0b51b69fb3bf202801f15e06ad49375f49467a8e957150095c6e22bcc256d,detection:decoded_nms:5aa0b51b69fb3bf202801f15e06ad49375f49467a8e957150095c6e22bcc256d,"{""canonical_completion_policy_id"":""decoded_nms_xyxy_original_classaware_postfilter_v2"",""class_aware"":true,""class_id_semantics"":""integer_model_label_index"",""contract_family"":""decoded_nms"",""coordinate_space"":""original_image_xyxy_pixels"",""endpoint_contract_complete"":true,""endpoint_contract_hash"":""0153c6c2c964096ca2469182c8e2c0fd276d3b57166b737de759dbc39ca75dad"",""input_hw"":[640,640],""iou_threshold"":0.45,""max_detections"":300,""model_family"":""yolo26"",""model_id"":""yolo26s"",""nms_semantics_id"":""class_aware_nms_xyxy_v1"",""output_endpoint_id"":""detection:decoded_nms:comparison:0153c6c2c964096ca2469182c8e2c0fd276d3b57166b737de759dbc39ca75dad"",""output_record_format"":""xyxy_score_class"",""schema"":""onnx-splitpoint/completed-task-comparison-endpoint"",""schema_version"":2,""score_semantics"":""probability_0_1"",""score_threshold"":0.25,""stage"":""decoded_nms"",""task"":""detection""}",0153c6c2c964096ca2469182c8e2c0fd276d3b57166b737de759dbc39ca75dad,detection:decoded_nms:comparison:0153c6c2c964096ca2469182c8e2c0fd276d3b57166b737de759dbc39ca75dad,detection_completion_execution_v1,True,"{""artifact"":{""comparison_endpoint_contract_hash"":""0153c6c2c964096ca2469182c8e2c0fd276d3b57166b737de759dbc39ca75dad"",""completed_endpoint_contract_hash"":""5aa0b51b69fb3bf202801f15e06ad49375f49467a8e957150095c6e22bcc256d"",""completion_mode"":""decoded_nms_attested_materialization_no_second_nms"",""content_sha256"":""94ca8120c8b39d977f4bc0f880afa2bb4e53af095292e86981c4dd036e629a91"",""contract_family"":""decoded_nms"",""coordinate_space"":""original_image_xyxy_pixels"",""detection_count"":3,""detections"":[{""class_id"":0,""score"":0.8857421875,""x1"":234.375,""x2"":394.53125,""y1"":81.54296875,""y2"":269.921875},{""class_id"":7,""score"":0.4375,""x1"":37.5,""x2"":500.0,""y1"":0.09765625,""y2"":329.6875},{""class_id"":4,""score"":0.375732421875,""x1"":44.04296875,""x2"":500.0,""y1"":0.0,""y2"":328.90625}],""encoding"":""canonical_json_utf8_sort_keys_compact_no_nan_v1"",""execution_contract_sha256"":""f3a8de55c189c1cd914dd857a56f168c7272e4cf2a2f214d0ddc0e931829ce21"",""implementation_sha256"":""5dd76190ec8741f0d5436ca9ed8b2f6345b6d5b47690a3cd0490bf47799c4334"",""invocation_index"":1000,""observation_relation"":""same_hotloop_sentinel"",""record_schema"":""xyxy_score_class_id_v1"",""relation_sha256"":""539070de7cb4371904f2a89c99e50d6b1166d0a300be14b3647edccd86a613cd"",""schema"":""onnx-splitpoint/detection-completion-result-artifact"",""schema_sha256"":""33cd6536b23234e4c1c8ff3700566b8866d9ea7e825c0e5af7250a007538a688"",""schema_version"":1,""sort_policy"":""score_desc_class_id_asc_xyxy_lexicographic_v1"",""source_content_sha256"":""46708523bc9821cb310cef590c4e95bd11170ac370d98d29fb63a02b963c5979"",""source_endpoint_contract_hash"":""d0972f0eb8de8e451288e18e2d2cd3497cf48cd3a02b854522aca5f2ae417e73"",""task"":""detection""},""artifact_sha256"":""b9fbc925d09a20b28e5fea01ec07515db2f77a0bda9f361e494616cbb20fa19a"",""attestation_sha256"":""d2f93fd92b5bc51a33964a1f84fbb0ddbf0bfbf832c877e7be345d79c8898533"",""attested"":true,""comparison_endpoint_contract"":{""canonical_completion_policy_id"":""decoded_nms_xyxy_original_classaware_postfilter_v2"",""class_aware"":true,""class_id_semantics"":""integer_model_label_index"",""contract_family"":""decoded_nms"",""coordinate_space"":""original_image_xyxy_pixels"",""endpoint_contract_complete"":true,""endpoint_contract_hash"":""0153c6c2c964096ca2469182c8e2c0fd276d3b57166b737de759dbc39ca75dad"",""input_hw"":[640,640],""iou_threshold"":0.45,""max_detections"":300,""model_family"":""yolo26"",""model_id"":""yolo26s"",""nms_semantics_id"":""class_aware_nms_xyxy_v1"",""output_endpoint_id"":""detection:decoded_nms:comparison:0153c6c2c964096ca2469182c8e2c0fd276d3b57166b737de759dbc39ca75dad"",""output_record_format"":""xyxy_score_class"",""schema"":""onnx-splitpoint/completed-task-comparison-endpoint"",""schema_version"":2,""score_semantics"":""probability_0_1"",""score_threshold"":0.25,""stage"":""decoded_nms"",""task"":""detection""},""comparison_identity_verified"":true,""completed_endpoint_contract"":{""canonical_sort_policy"":""score_desc_class_id_asc_xyxy_lexicographic_v1"",""completed_stage"":""decoded_nms"",""confidence_threshold"":0.25,""contract_source"":""attested_source_nms_plus_no_second_nms_materialization:v1"",""endpoint_contract_complete"":true,""endpoint_contract_hash"":""5aa0b51b69fb3bf202801f15e06ad49375f49467a8e957150095c6e22bcc256d"",""host_nms_applied"":false,""input_hw"":[640,640],""iou_threshold"":0.45,""materialization_contract_sha256"":""a30e520a08d4e366cbb967ad55faf9eecaf56fe8931557d12fb00d1029a54296"",""max_detections"":300,""normalizer_id"":""attested_bn6_filter_padding_inverse_letterbox_materialize_no_nms_v1"",""original_wh"":[500,335],""output_coordinate_space"":""original_image_xyxy_pixels"",""output_endpoint_id"":""detection:decoded_nms:5aa0b51b69fb3bf202801f15e06ad49375f49467a8e957150095c6e22bcc256d"",""output_record_format"":""xyxy_score_class_id_v1"",""schema"":""onnx-splitpoint/attested-decoded-nms-completed-endpoint"",""schema_version"":1,""source_endpoint_contract_hash"":""d0972f0eb8de8e451288e18e2d2cd3497cf48cd3a02b854522aca5f2ae417e73"",""source_nms_attested"":true,""source_output_tensor_signature"":{""tensor_count"":1,""tensors"":[{""dtype"":""float32"",""index"":0,""name"":""output0"",""rank"":3,""shape"":[1,300,6]}]},""source_stage"":""decoded_nms"",""task"":""detection""},""completed_frames"":1000,""completed_task_comparison_endpoint_contract"":{""canonical_completion_policy_id"":""decoded_nms_xyxy_original_classaware_postfilter_v2"",""class_aware"":true,""class_id_semantics"":""integer_model_label_index"",""contract_family"":""decoded_nms"",""coordinate_space"":""original_image_xyxy_pixels"",""endpoint_contract_complete"":true,""endpoint_contract_hash"":""0153c6c2c964096ca2469182c8e2c0fd276d3b57166b737de759dbc39ca75dad"",""input_hw"":[640,640],""iou_threshold"":0.45,""max_detections"":300,""model_family"":""yolo26"",""model_id"":""yolo26s"",""nms_semantics_id"":""class_aware_nms_xyxy_v1"",""output_endpoint_id"":""detection:decoded_nms:comparison:0153c6c2c964096ca2469182c8e2c0fd276d3b57166b737de759dbc39ca75dad"",""output_record_format"":""xyxy_score_class"",""schema"":""onnx-splitpoint/completed-task-comparison-endpoint"",""schema_version"":2,""score_semantics"":""probability_0_1"",""score_threshold"":0.25,""stage"":""decoded_nms"",""task"":""detection""},""completed_task_comparison_endpoint_contract_hash"":""0153c6c2c964096ca2469182c8e2c0fd276d3b57166b737de759dbc39ca75dad"",""completed_task_comparison_output_endpoint_id"":""detection:decoded_nms:comparison:0153c6c2c964096ca2469182c8e2c0fd276d3b57166b737de759dbc39ca75dad"",""completed_task_completion_mode"":""detection_completion_execution_v1"",""completed_work_units"":1000,""completion_count"":1000,""completion_count_verified"":true,""completion_mode"":""decoded_nms_attested_materialization_no_second_nms"",""content_sha256"":""94ca8120c8b39d977f4bc0f880afa2bb4e53af095292e86981c4dd036e629a91"",""contract_source"":""detection_completion_execution_inside_measured_hotloop:v1"",""endpoint"":""decoded_nms"",""endpoint_contract_complete"":true,""endpoint_contract_hash"":""5aa0b51b69fb3bf202801f15e06ad49375f49467a8e957150095c6e22bcc256d"",""exact_result_claim_bound"":true,""execution_contract_sha256"":""f3a8de55c189c1cd914dd857a56f168c7272e4cf2a2f214d0ddc0e931829ce21"",""implementation_sha256"":""5dd76190ec8741f0d5436ca9ed8b2f6345b6d5b47690a3cd0490bf47799c4334"",""invocation_chain_sha256"":""645de9eadaba2235b9835a0089712c4522d744a7d56eeb52587c19b6cfa9580b"",""invocation_sha256"":""05ca5b81c79e34f6ffdd5d79991c20482482082ed617a14c54ee829882ce7abb"",""last_result"":{""artifact"":{""comparison_endpoint_contract_hash"":""0153c6c2c964096ca2469182c8e2c0fd276d3b57166b737de759dbc39ca75dad"",""completed_endpoint_contract_hash"":""5aa0b51b69fb3bf202801f15e06ad49375f49467a8e957150095c6e22bcc256d"",""completion_mode"":""decoded_nms_attested_materialization_no_second_nms"",""content_sha256"":""94ca8120c8b39d977f4bc0f880afa2bb4e53af095292e86981c4dd036e629a91"",""contract_family"":""decoded_nms"",""coordinate_space"":""original_image_xyxy_pixels"",""detection_count"":3,""detections"":[{""class_id"":0,""score"":0.8857421875,""x1"":234.375,""x2"":394.53125,""y1"":81.54296875,""y2"":269.921875},{""class_id"":7,""score"":0.4375,""x1"":37.5,""x2"":500.0,""y1"":0.09765625,""y2"":329.6875},{""class_id"":4,""score"":0.375732421875,""x1"":44.04296875,""x2"":500.0,""y1"":0.0,""y2"":328.90625}],""encoding"":""canonical_json_utf8_sort_keys_compact_no_nan_v1"",""execution_contract_sha256"":""f3a8de55c189c1cd914dd857a56f168c7272e4cf2a2f214d0ddc0e931829ce21"",""implementation_sha256"":""5dd76190ec8741f0d5436ca9ed8b2f6345b6d5b47690a3cd0490bf47799c4334"",""invocation_index"":1000,""observation_relation"":""same_hotloop_sentinel"",""record_schema"":""xyxy_score_class_id_v1"",""relation_sha256"":""539070de7cb4371904f2a89c99e50d6b1166d0a300be14b3647edccd86a613cd"",""schema"":""onnx-splitpoint/detection-completion-result-artifact"",""schema_sha256"":""33cd6536b23234e4c1c8ff3700566b8866d9ea7e825c0e5af7250a007538a688"",""schema_version"":1,""sort_policy"":""score_desc_class_id_asc_xyxy_lexicographic_v1"",""source_content_sha256"":""46708523bc9821cb310cef590c4e95bd11170ac370d98d29fb63a02b963c5979"",""source_endpoint_contract_hash"":""d0972f0eb8de8e451288e18e2d2cd3497cf48cd3a02b854522aca5f2ae417e73"",""task"":""detection""},""artifact_sha256"":""b9fbc925d09a20b28e5fea01ec07515db2f77a0bda9f361e494616cbb20fa19a"",""completion_mode"":""decoded_nms_attested_materialization_no_second_nms"",""content_sha256"":""94ca8120c8b39d977f4bc0f880afa2bb4e53af095292e86981c4dd036e629a91"",""contract_family"":""decoded_nms"",""coordinate_space"":""original_image_xyxy_pixels"",""detection_count"":3,""detections"":[{""class_id"":0,""score"":0.8857421875,""x1"":234.375,""x2"":394.53125,""y1"":81.54296875,""y2"":269.921875},{""class_id"":7,""score"":0.4375,""x1"":37.5,""x2"":500.0,""y1"":0.09765625,""y2"":329.6875},{""class_id"":4,""score"":0.375732421875,""x1"":44.04296875,""x2"":500.0,""y1"":0.0,""y2"":328.90625}],""execution_contract_sha256"":""f3a8de55c189c1cd914dd857a56f168c7272e4cf2a2f214d0ddc0e931829ce21"",""host_nms_applied"":false,""implementation_sha256"":""5dd76190ec8741f0d5436ca9ed8b2f6345b6d5b47690a3cd0490bf47799c4334"",""invocation_index"":1000,""invocation_sha256"":""05ca5b81c79e34f6ffdd5d79991c20482482082ed617a14c54ee829882ce7abb"",""observation_relation"":""same_hotloop_sentinel"",""record_schema"":""xyxy_score_class_id_v1"",""relation_sha256"":""539070de7cb4371904f2a89c99e50d6b1166d0a300be14b3647edccd86a613cd"",""schema_sha256"":""33cd6536b23234e4c1c8ff3700566b8866d9ea7e825c0e5af7250a007538a688"",""source_content_sha256"":""46708523bc9821cb310cef590c4e95bd11170ac370d98d29fb63a02b963c5979"",""source_nms_attested"":true,""task"":""detection""},""observation_relation"":""same_hotloop_sentinel"",""output_endpoint_id"":""detection:decoded_nms:5aa0b51b69fb3bf202801f15e06ad49375f49467a8e957150095c6e22bcc256d"",""postprocess_completed_frames"":1000,""postprocess_completion_verified"":true,""relation_sha256"":""539070de7cb4371904f2a89c99e50d6b1166d0a300be14b3647edccd86a613cd"",""same_hotloop_sentinel"":true,""schema"":""onnx-splitpoint/detection-completion-execution-attestation"",""schema_sha256"":""33cd6536b23234e4c1c8ff3700566b8866d9ea7e825c0e5af7250a007538a688"",""schema_version"":2,""source_stage"":""decoded_nms"",""stage"":""decoded_nms"",""status"":""passed"",""task"":""detection""}",passed,True,False,False,False,False,,,,,,,True,False,"[""precision_variant_quality_not_verified""]",,,,,,False,[],/home/nx/native_fifo_evalsets/resnet_yolo26s_yolov7_v27549_phase2_ranking_audit_b500_20260820_070324/variants/v001_hailo8_detection_singles/yolo26s/benchmark_set/resources/validation/detection/val2017_n500_s20260710/000000212226.jpg,exact_file,,False,development_or_screening,native_performance_matrix,/home/kmika/Models/EvaluationRuns/native_supplement_reprojected_v2762/reports/native_producer_combined_summary.json,False,False,False,quality_veto,"[""precision_quality_binding_not_verified"",""task_quality_observation_not_valid"",""central_quality_evidence_not_verified"",""task_quality_not_passed"",""quality_accuracy_gate_not_passed""]",False,development_or_screening,precision_variant_quality_not_verified
yolov7_paper,yolov7_paper,detection,raw_head,raw_detection_tensors,raw_head,explicit_producer_export_contract,True,051f0d9e489355d312ad656532acf3ed8a2719774d8ef9843278818f5bd15adc,"{""attested"":true,""declared_stage"":""raw_head"",""endpoint"":""raw_head"",""endpoint_contract_hash"":""051f0d9e489355d312ad656532acf3ed8a2719774d8ef9843278818f5bd15adc"",""reason"":""raw_detection_tensor_structure_verified"",""stage"":""raw_head"",""status"":""passed"",""tensor_signature"":{""tensor_count"":3,""tensors"":[{""dtype"":""float32"",""index"":0,""name"":""output"",""rank"":5,""shape"":[1,3,80,80,85]},{""dtype"":""float32"",""index"":1,""name"":""clone_1"",""rank"":5,""shape"":[1,3,40,40,85]},{""dtype"":""float32"",""index"":2,""name"":""clone_2"",""rank"":5,""shape"":[1,3,20,20,85]}]}}",,,,,b002,b002,deepx_to_trt,native_split,native_split,native_fifo,orin_nx_deepx_m1_01,deepx,float32_layout_fp16,float32_layout_fp16,deepx_to_trt,ok,True,7.639186827009715,7.639186827009715,native_stage_concise_summary.fps_median,7.639186827009715,7.578681713068897,7.651700742901862,3,3,3,complete,median_with_deterministic_percentile_bootstrap_ci95,fresh_runtime_per_repetition,True,median_of_independent_repetitions,False,,,,,,,,,,130.9039852860151,130.9039852860151,7.639186827009715,121.28878031444549,8.24478568757526,paper_fps,22.803825663685796,unavailable,,,,,,,,,,,,,,,,,,,detection:raw_head:051f0d9e489355d312ad656532acf3ed8a2719774d8ef9843278818f5bd15adc,detection:raw_head:051f0d9e489355d312ad656532acf3ed8a2719774d8ef9843278818f5bd15adc,detection:decoded_nms:comparison:43612439aff99a683e0c32f17d9bc70074301ae7445e83c8307439856fbf8a08,True,True,"[""yolov7_paper"",""b002"",""native_split""]",True,unavailable,unavailable,,,,,,True,,,True,True,passed,detection_completion_execution_v1,False,True,True,yolov7_paper_standard_anchor_classaware_nms_v2,True,True,1000,True,,,,decoded_nms,decoded_nms,"{""anchor_table_id"":""yolov7_paper_standard_anchors_640_v1"",""anchors_by_stride"":[{""anchors_wh"":[[12,16],[19,36],[40,28]],""grid_hw"":[80,80],""head_role"":""p3"",""stride"":8},{""anchors_wh"":[[36,75],[76,55],[72,146]],""grid_hw"":[40,40],""head_role"":""p4"",""stride"":16},{""anchors_wh"":[[142,110],[192,243],[459,401]],""grid_hw"":[20,20],""head_role"":""p5"",""stride"":32}],""class_aware"":true,""completed_stage"":""decoded_nms"",""confidence_threshold"":0.25,""contract_source"":""frozen_host_decode_nms_inside_measured_interval:v1"",""decoder_format"":""multiscale_head"",""decoder_id"":""yolov7_paper_standard_anchor_classaware_nms_v2"",""endpoint_contract_complete"":true,""endpoint_contract_hash"":""9fcb6b365748948cb2fd02716900f72ee603093c7fa3c4ba8d326c04d7286ff0"",""energy_scope"":""same_frozen_prepared_input_to_post_nms_hotloop"",""frozen_postprocess_contract_sha256"":""493d25b916f6f9ca2c5e9f15dd6a0cc6026ea0ce9a3bfaaa44d0344750547eb0"",""frozen_postprocess_invariant_contract_sha256"":""169abfd6a2a29a1d9cdc2e1b19ab761e6ea1457eaaa665550ceba566f1dcd8aa"",""input_hw"":[640,640],""iou_threshold"":0.45,""max_detections"":300,""model_bound_decoder_contract_sha256"":""725286e3e6be337b4cfdb0f20c5cd81647c9b2fdb37ac288afbc22cedb143b3f"",""model_sha256"":""7a13e66f91047cce0e251c05f64159646847e842af31d60441c63dcdfad7825d"",""nms_implementation"":""numpy_class_aware_nms_xyxy_v1"",""original_wh"":[640,483],""output_endpoint_id"":""detection:decoded_nms:9fcb6b365748948cb2fd02716900f72ee603093c7fa3c4ba8d326c04d7286ff0"",""performance_scope"":""prepared_input_to_post_nms_detections"",""raw_output_tensor_signature"":{""tensor_count"":3,""tensors"":[{""dtype"":""float32"",""index"":0,""name"":""yolov7_stride_8"",""rank"":5,""shape"":[1,3,80,80,85]},{""dtype"":""float32"",""index"":1,""name"":""yolov7_stride_16"",""rank"":5,""shape"":[1,3,40,40,85]},{""dtype"":""float32"",""index"":2,""name"":""yolov7_stride_32"",""rank"":5,""shape"":[1,3,20,20,85]}]},""schema"":""onnx-splitpoint/frozen-native-detection-completed-endpoint"",""schema_version"":2,""source_endpoint_contract_hash"":""051f0d9e489355d312ad656532acf3ed8a2719774d8ef9843278818f5bd15adc"",""source_stage"":""raw_head"",""task"":""detection""}",9fcb6b365748948cb2fd02716900f72ee603093c7fa3c4ba8d326c04d7286ff0,detection:decoded_nms:9fcb6b365748948cb2fd02716900f72ee603093c7fa3c4ba8d326c04d7286ff0,"{""canonical_completion_policy_id"":""decoded_nms_xyxy_original_classaware_postfilter_v2"",""class_aware"":true,""class_id_semantics"":""integer_model_label_index"",""contract_family"":""decoded_nms"",""coordinate_space"":""original_image_xyxy_pixels"",""endpoint_contract_complete"":true,""endpoint_contract_hash"":""43612439aff99a683e0c32f17d9bc70074301ae7445e83c8307439856fbf8a08"",""input_hw"":[640,640],""iou_threshold"":0.45,""max_detections"":300,""model_family"":""yolov7"",""model_id"":""yolov7_paper"",""nms_semantics_id"":""class_aware_nms_xyxy_v1"",""output_endpoint_id"":""detection:decoded_nms:comparison:43612439aff99a683e0c32f17d9bc70074301ae7445e83c8307439856fbf8a08"",""output_record_format"":""xyxy_score_class"",""schema"":""onnx-splitpoint/completed-task-comparison-endpoint"",""schema_version"":2,""score_semantics"":""probability_0_1"",""score_threshold"":0.25,""stage"":""decoded_nms"",""task"":""detection""}",43612439aff99a683e0c32f17d9bc70074301ae7445e83c8307439856fbf8a08,detection:decoded_nms:comparison:43612439aff99a683e0c32f17d9bc70074301ae7445e83c8307439856fbf8a08,detection_completion_execution_v1,True,"{""artifact"":{""comparison_endpoint_contract_hash"":""43612439aff99a683e0c32f17d9bc70074301ae7445e83c8307439856fbf8a08"",""completed_endpoint_contract_hash"":""9fcb6b365748948cb2fd02716900f72ee603093c7fa3c4ba8d326c04d7286ff0"",""completion_mode"":""raw_head_frozen_decode_nms"",""content_sha256"":""41268b91e3666e091b595e21fcd9dccf1b039fc1890d7eed83e0284f7ab4a652"",""contract_family"":""decoded_nms"",""coordinate_space"":""original_image_xyxy_pixels"",""detection_count"":10,""detections"":[{""class_id"":59,""score"":0.927773654460907,""x1"":1.8127899169921875,""x2"":400.24249267578125,""y1"":275.5608825683594,""y2"":477.1793212890625},{""class_id"":58,""score"":0.8833419680595398,""x1"":183.7911834716797,""x2"":243.27198791503906,""y1"":132.08688354492188,""y2"":228.73269653320312},{""class_id"":58,""score"":0.8777161240577698,""x1"":340.5041198730469,""x2"":429.7405700683594,""y1"":213.96829223632812,""y2"":351.4721374511719},{""class_id"":56,""score"":0.8389917612075806,""x1"":248.01028442382812,""x2"":349.0104064941406,""y1"":231.4849853515625,""y2"":318.21697998046875},{""class_id"":39,""score"":0.8323982357978821,""x1"":96.72247314453125,""x2"":114.22616577148438,""y1"":191.8963623046875,""y2"":233.67767333984375},{""class_id"":73,""score"":0.3475399315357208,""x1"":487.2378845214844,""x2"":510.8648376464844,""y1"":247.6689453125,""y2"":287.8883056640625},{""class_id"":73,""score"":0.3055124580860138,""x1"":507.18377685546875,""x2"":538.9998168945312,""y1"":247.89675903320312,""y2"":288.0672912597656},{""class_id"":75,""score"":0.3036097288131714,""x1"":205.33746337890625,""x2"":231.992431640625,""y1"":204.82040405273438,""y2"":228.72482299804688},{""class_id"":73,""score"":0.2552431523799896,""x1"":522.1802368164062,""x2"":542.7289428710938,""y1"":145.5009765625,""y2"":181.67697143554688},{""class_id"":73,""score"":0.2510518431663513,""x1"":477.8088073730469,""x2"":558.8436279296875,""y1"":44.52953338623047,""y2"":84.35379028320312}],""encoding"":""canonical_json_utf8_sort_keys_compact_no_nan_v1"",""execution_contract_sha256"":""fa543cecf938b424cc6f69c600177cc5c91cd1edfa2f5dbb2dcd2ce85938f364"",""implementation_sha256"":""c09c2f8043f8bd150d8a44cb985e238bfe6e4c5fd024ad6b5e65c1b0cc3e8955"",""invocation_index"":1000,""observation_relation"":""same_hotloop_sentinel"",""record_schema"":""xyxy_score_class_id_v1"",""relation_sha256"":""4b45eeb2d4cb5fb49f824964dfd2a424205a6c599fa91c98d6c6b9f3ff141965"",""schema"":""onnx-splitpoint/detection-completion-result-artifact"",""schema_sha256"":""a73d2d0aaa0ed1dd321ba64e0947106afeeb1744e60b6ac7ecc847d59583daa2"",""schema_version"":1,""sort_policy"":""score_desc_class_id_asc_xyxy_lexicographic_v1"",""source_content_sha256"":""46ff4d74d18947b33a0a875f31c592cfcb0524c41c8e1249d554fdbeb2a9c307"",""source_endpoint_contract_hash"":""051f0d9e489355d312ad656532acf3ed8a2719774d8ef9843278818f5bd15adc"",""task"":""detection""},""artifact_sha256"":""d5452eaee97cea35178fd32383afe0b79503a1c3d6118c8a4cd3e5ce175ee87e"",""attestation_sha256"":""35b329abad70a1a98fb18b76727a699aa342510e54e93604cba322b70f9c3480"",""attested"":true,""comparison_endpoint_contract"":{""canonical_completion_policy_id"":""decoded_nms_xyxy_original_classaware_postfilter_v2"",""class_aware"":true,""class_id_semantics"":""integer_model_label_index"",""contract_family"":""decoded_nms"",""coordinate_space"":""original_image_xyxy_pixels"",""endpoint_contract_complete"":true,""endpoint_contract_hash"":""43612439aff99a683e0c32f17d9bc70074301ae7445e83c8307439856fbf8a08"",""input_hw"":[640,640],""iou_threshold"":0.45,""max_detections"":300,""model_family"":""yolov7"",""model_id"":""yolov7_paper"",""nms_semantics_id"":""class_aware_nms_xyxy_v1"",""output_endpoint_id"":""detection:decoded_nms:comparison:43612439aff99a683e0c32f17d9bc70074301ae7445e83c8307439856fbf8a08"",""output_record_format"":""xyxy_score_class"",""schema"":""onnx-splitpoint/completed-task-comparison-endpoint"",""schema_version"":2,""score_semantics"":""probability_0_1"",""score_threshold"":0.25,""stage"":""decoded_nms"",""task"":""detection""},""comparison_identity_verified"":true,""completed_endpoint_contract"":{""anchor_table_id"":""yolov7_paper_standard_anchors_640_v1"",""anchors_by_stride"":[{""anchors_wh"":[[12,16],[19,36],[40,28]],""grid_hw"":[80,80],""head_role"":""p3"",""stride"":8},{""anchors_wh"":[[36,75],[76,55],[72,146]],""grid_hw"":[40,40],""head_role"":""p4"",""stride"":16},{""anchors_wh"":[[142,110],[192,243],[459,401]],""grid_hw"":[20,20],""head_role"":""p5"",""stride"":32}],""class_aware"":true,""completed_stage"":""decoded_nms"",""confidence_threshold"":0.25,""contract_source"":""frozen_host_decode_nms_inside_measured_interval:v1"",""decoder_format"":""multiscale_head"",""decoder_id"":""yolov7_paper_standard_anchor_classaware_nms_v2"",""endpoint_contract_complete"":true,""endpoint_contract_hash"":""9fcb6b365748948cb2fd02716900f72ee603093c7fa3c4ba8d326c04d7286ff0"",""energy_scope"":""same_frozen_prepared_input_to_post_nms_hotloop"",""frozen_postprocess_contract_sha256"":""493d25b916f6f9ca2c5e9f15dd6a0cc6026ea0ce9a3bfaaa44d0344750547eb0"",""frozen_postprocess_invariant_contract_sha256"":""169abfd6a2a29a1d9cdc2e1b19ab761e6ea1457eaaa665550ceba566f1dcd8aa"",""input_hw"":[640,640],""iou_threshold"":0.45,""max_detections"":300,""model_bound_decoder_contract_sha256"":""725286e3e6be337b4cfdb0f20c5cd81647c9b2fdb37ac288afbc22cedb143b3f"",""model_sha256"":""7a13e66f91047cce0e251c05f64159646847e842af31d60441c63dcdfad7825d"",""nms_implementation"":""numpy_class_aware_nms_xyxy_v1"",""original_wh"":[640,483],""output_endpoint_id"":""detection:decoded_nms:9fcb6b365748948cb2fd02716900f72ee603093c7fa3c4ba8d326c04d7286ff0"",""performance_scope"":""prepared_input_to_post_nms_detections"",""raw_output_tensor_signature"":{""tensor_count"":3,""tensors"":[{""dtype"":""float32"",""index"":0,""name"":""yolov7_stride_8"",""rank"":5,""shape"":[1,3,80,80,85]},{""dtype"":""float32"",""index"":1,""name"":""yolov7_stride_16"",""rank"":5,""shape"":[1,3,40,40,85]},{""dtype"":""float32"",""index"":2,""name"":""yolov7_stride_32"",""rank"":5,""shape"":[1,3,20,20,85]}]},""schema"":""onnx-splitpoint/frozen-native-detection-completed-endpoint"",""schema_version"":2,""source_endpoint_contract_hash"":""051f0d9e489355d312ad656532acf3ed8a2719774d8ef9843278818f5bd15adc"",""source_stage"":""raw_head"",""task"":""detection""},""completed_frames"":1000,""completed_task_comparison_endpoint_contract"":{""canonical_completion_policy_id"":""decoded_nms_xyxy_original_classaware_postfilter_v2"",""class_aware"":true,""class_id_semantics"":""integer_model_label_index"",""contract_family"":""decoded_nms"",""coordinate_space"":""original_image_xyxy_pixels"",""endpoint_contract_complete"":true,""endpoint_contract_hash"":""43612439aff99a683e0c32f17d9bc70074301ae7445e83c8307439856fbf8a08"",""input_hw"":[640,640],""iou_threshold"":0.45,""max_detections"":300,""model_family"":""yolov7"",""model_id"":""yolov7_paper"",""nms_semantics_id"":""class_aware_nms_xyxy_v1"",""output_endpoint_id"":""detection:decoded_nms:comparison:43612439aff99a683e0c32f17d9bc70074301ae7445e83c8307439856fbf8a08"",""output_record_format"":""xyxy_score_class"",""schema"":""onnx-splitpoint/completed-task-comparison-endpoint"",""schema_version"":2,""score_semantics"":""probability_0_1"",""score_threshold"":0.25,""stage"":""decoded_nms"",""task"":""detection""},""completed_task_comparison_endpoint_contract_hash"":""43612439aff99a683e0c32f17d9bc70074301ae7445e83c8307439856fbf8a08"",""completed_task_comparison_output_endpoint_id"":""detection:decoded_nms:comparison:43612439aff99a683e0c32f17d9bc70074301ae7445e83c8307439856fbf8a08"",""completed_task_completion_mode"":""detection_completion_execution_v1"",""completed_work_units"":1000,""completion_count"":1000,""completion_count_verified"":true,""completion_mode"":""raw_head_frozen_decode_nms"",""content_sha256"":""41268b91e3666e091b595e21fcd9dccf1b039fc1890d7eed83e0284f7ab4a652"",""contract_source"":""detection_completion_execution_inside_measured_hotloop:v1"",""endpoint"":""decoded_nms"",""endpoint_contract_complete"":true,""endpoint_contract_hash"":""9fcb6b365748948cb2fd02716900f72ee603093c7fa3c4ba8d326c04d7286ff0"",""exact_result_claim_bound"":true,""execution_contract_sha256"":""fa543cecf938b424cc6f69c600177cc5c91cd1edfa2f5dbb2dcd2ce85938f364"",""implementation_sha256"":""c09c2f8043f8bd150d8a44cb985e238bfe6e4c5fd024ad6b5e65c1b0cc3e8955"",""invocation_chain_sha256"":""763b7f55500bcc060bb15672abdc0cc80840658d646f4391fc24b02526fe10a3"",""invocation_sha256"":""d5708b09e724ebda555ccb1ce2670b6100aec4a85900af07d418a4ce717297b2"",""last_result"":{""artifact"":{""comparison_endpoint_contract_hash"":""43612439aff99a683e0c32f17d9bc70074301ae7445e83c8307439856fbf8a08"",""completed_endpoint_contract_hash"":""9fcb6b365748948cb2fd02716900f72ee603093c7fa3c4ba8d326c04d7286ff0"",""completion_mode"":""raw_head_frozen_decode_nms"",""content_sha256"":""41268b91e3666e091b595e21fcd9dccf1b039fc1890d7eed83e0284f7ab4a652"",""contract_family"":""decoded_nms"",""coordinate_space"":""original_image_xyxy_pixels"",""detection_count"":10,""detections"":[{""class_id"":59,""score"":0.927773654460907,""x1"":1.8127899169921875,""x2"":400.24249267578125,""y1"":275.5608825683594,""y2"":477.1793212890625},{""class_id"":58,""score"":0.8833419680595398,""x1"":183.7911834716797,""x2"":243.27198791503906,""y1"":132.08688354492188,""y2"":228.73269653320312},{""class_id"":58,""score"":0.8777161240577698,""x1"":340.5041198730469,""x2"":429.7405700683594,""y1"":213.96829223632812,""y2"":351.4721374511719},{""class_id"":56,""score"":0.8389917612075806,""x1"":248.01028442382812,""x2"":349.0104064941406,""y1"":231.4849853515625,""y2"":318.21697998046875},{""class_id"":39,""score"":0.8323982357978821,""x1"":96.72247314453125,""x2"":114.22616577148438,""y1"":191.8963623046875,""y2"":233.67767333984375},{""class_id"":73,""score"":0.3475399315357208,""x1"":487.2378845214844,""x2"":510.8648376464844,""y1"":247.6689453125,""y2"":287.8883056640625},{""class_id"":73,""score"":0.3055124580860138,""x1"":507.18377685546875,""x2"":538.9998168945312,""y1"":247.89675903320312,""y2"":288.0672912597656},{""class_id"":75,""score"":0.3036097288131714,""x1"":205.33746337890625,""x2"":231.992431640625,""y1"":204.82040405273438,""y2"":228.72482299804688},{""class_id"":73,""score"":0.2552431523799896,""x1"":522.1802368164062,""x2"":542.7289428710938,""y1"":145.5009765625,""y2"":181.67697143554688},{""class_id"":73,""score"":0.2510518431663513,""x1"":477.8088073730469,""x2"":558.8436279296875,""y1"":44.52953338623047,""y2"":84.35379028320312}],""encoding"":""canonical_json_utf8_sort_keys_compact_no_nan_v1"",""execution_contract_sha256"":""fa543cecf938b424cc6f69c600177cc5c91cd1edfa2f5dbb2dcd2ce85938f364"",""implementation_sha256"":""c09c2f8043f8bd150d8a44cb985e238bfe6e4c5fd024ad6b5e65c1b0cc3e8955"",""invocation_index"":1000,""observation_relation"":""same_hotloop_sentinel"",""record_schema"":""xyxy_score_class_id_v1"",""relation_sha256"":""4b45eeb2d4cb5fb49f824964dfd2a424205a6c599fa91c98d6c6b9f3ff141965"",""schema"":""onnx-splitpoint/detection-completion-result-artifact"",""schema_sha256"":""a73d2d0aaa0ed1dd321ba64e0947106afeeb1744e60b6ac7ecc847d59583daa2"",""schema_version"":1,""sort_policy"":""score_desc_class_id_asc_xyxy_lexicographic_v1"",""source_content_sha256"":""46ff4d74d18947b33a0a875f31c592cfcb0524c41c8e1249d554fdbeb2a9c307"",""source_endpoint_contract_hash"":""051f0d9e489355d312ad656532acf3ed8a2719774d8ef9843278818f5bd15adc"",""task"":""detection""},""artifact_sha256"":""d5452eaee97cea35178fd32383afe0b79503a1c3d6118c8a4cd3e5ce175ee87e"",""completion_mode"":""raw_head_frozen_decode_nms"",""content_sha256"":""41268b91e3666e091b595e21fcd9dccf1b039fc1890d7eed83e0284f7ab4a652"",""contract_family"":""decoded_nms"",""coordinate_space"":""original_image_xyxy_pixels"",""detection_count"":10,""detections"":[{""class_id"":59,""score"":0.927773654460907,""x1"":1.8127899169921875,""x2"":400.24249267578125,""y1"":275.5608825683594,""y2"":477.1793212890625},{""class_id"":58,""score"":0.8833419680595398,""x1"":183.7911834716797,""x2"":243.27198791503906,""y1"":132.08688354492188,""y2"":228.73269653320312},{""class_id"":58,""score"":0.8777161240577698,""x1"":340.5041198730469,""x2"":429.7405700683594,""y1"":213.96829223632812,""y2"":351.4721374511719},{""class_id"":56,""score"":0.8389917612075806,""x1"":248.01028442382812,""x2"":349.0104064941406,""y1"":231.4849853515625,""y2"":318.21697998046875},{""class_id"":39,""score"":0.8323982357978821,""x1"":96.72247314453125,""x2"":114.22616577148438,""y1"":191.8963623046875,""y2"":233.67767333984375},{""class_id"":73,""score"":0.3475399315357208,""x1"":487.2378845214844,""x2"":510.8648376464844,""y1"":247.6689453125,""y2"":287.8883056640625},{""class_id"":73,""score"":0.3055124580860138,""x1"":507.18377685546875,""x2"":538.9998168945312,""y1"":247.89675903320312,""y2"":288.0672912597656},{""class_id"":75,""score"":0.3036097288131714,""x1"":205.33746337890625,""x2"":231.992431640625,""y1"":204.82040405273438,""y2"":228.72482299804688},{""class_id"":73,""score"":0.2552431523799896,""x1"":522.1802368164062,""x2"":542.7289428710938,""y1"":145.5009765625,""y2"":181.67697143554688},{""class_id"":73,""score"":0.2510518431663513,""x1"":477.8088073730469,""x2"":558.8436279296875,""y1"":44.52953338623047,""y2"":84.35379028320312}],""execution_contract_sha256"":""fa543cecf938b424cc6f69c600177cc5c91cd1edfa2f5dbb2dcd2ce85938f364"",""host_nms_applied"":true,""implementation_sha256"":""c09c2f8043f8bd150d8a44cb985e238bfe6e4c5fd024ad6b5e65c1b0cc3e8955"",""invocation_index"":1000,""invocation_sha256"":""d5708b09e724ebda555ccb1ce2670b6100aec4a85900af07d418a4ce717297b2"",""observation_relation"":""same_hotloop_sentinel"",""record_schema"":""xyxy_score_class_id_v1"",""relation_sha256"":""4b45eeb2d4cb5fb49f824964dfd2a424205a6c599fa91c98d6c6b9f3ff141965"",""schema_sha256"":""a73d2d0aaa0ed1dd321ba64e0947106afeeb1744e60b6ac7ecc847d59583daa2"",""source_content_sha256"":""46ff4d74d18947b33a0a875f31c592cfcb0524c41c8e1249d554fdbeb2a9c307"",""source_nms_attested"":false,""task"":""detection""},""observation_relation"":""same_hotloop_sentinel"",""output_endpoint_id"":""detection:decoded_nms:9fcb6b365748948cb2fd02716900f72ee603093c7fa3c4ba8d326c04d7286ff0"",""postprocess_completed_frames"":1000,""postprocess_completion_verified"":true,""relation_sha256"":""4b45eeb2d4cb5fb49f824964dfd2a424205a6c599fa91c98d6c6b9f3ff141965"",""same_hotloop_sentinel"":true,""schema"":""onnx-splitpoint/detection-completion-execution-attestation"",""schema_sha256"":""a73d2d0aaa0ed1dd321ba64e0947106afeeb1744e60b6ac7ecc847d59583daa2"",""schema_version"":2,""source_stage"":""raw_head"",""stage"":""decoded_nms"",""status"":""passed"",""task"":""detection""}",passed,True,False,False,False,False,,,,,,,True,False,"[""precision_variant_quality_not_verified""]",,,,,,False,[],/home/nx/native_fifo_evalsets/resnet_yolo26s_yolov7_v27549_phase2_ranking_audit_b500_20260820_070324/variants/v002_hailo10h_deepx_all_singles/yolov7_paper/benchmark_set/resources/validation/detection/val2017_n500_s20260710/000000000632.jpg,materialised_validation_subset:first_sorted,,False,development_or_screening,native_performance_matrix,/home/kmika/Models/EvaluationRuns/native_supplement_reprojected_v2762/reports/native_producer_combined_summary.json,False,False,False,quality_veto,"[""precision_quality_binding_not_verified"",""task_quality_observation_not_valid"",""central_quality_evidence_not_verified"",""task_quality_not_passed"",""quality_accuracy_gate_not_passed""]",False,development_or_screening,precision_variant_quality_not_verified
yolov7_paper,yolov7_paper,detection,raw_head,raw_detection_tensors,raw_head,explicit_producer_export_contract,True,051f0d9e489355d312ad656532acf3ed8a2719774d8ef9843278818f5bd15adc,"{""attested"":true,""declared_stage"":""raw_head"",""endpoint"":""raw_head"",""endpoint_contract_hash"":""051f0d9e489355d312ad656532acf3ed8a2719774d8ef9843278818f5bd15adc"",""reason"":""raw_detection_tensor_structure_verified"",""stage"":""raw_head"",""status"":""passed"",""tensor_signature"":{""tensor_count"":3,""tensors"":[{""dtype"":""float32"",""index"":0,""name"":""output"",""rank"":5,""shape"":[1,3,80,80,85]},{""dtype"":""float32"",""index"":1,""name"":""clone_1"",""rank"":5,""shape"":[1,3,40,40,85]},{""dtype"":""float32"",""index"":2,""name"":""clone_2"",""rank"":5,""shape"":[1,3,20,20,85]}]}}",,,,,b044,b044,deepx_to_trt,native_split,native_split,native_fifo,orin_nx_deepx_m1_01,deepx,float32_layout_fp16,float32_layout_fp16,deepx_to_trt,ok,True,12.436795056346229,12.436795056346229,native_stage_concise_summary.fps_median,12.436795056346229,11.708580148975338,12.463696806779918,3,3,3,complete,median_with_deterministic_percentile_bootstrap_ci95,fresh_runtime_per_repetition,True,median_of_independent_repetitions,False,,,,,,,,,,80.40656740497798,80.40656740497798,12.436795056346229,80.328183822155,12.448930778940305,paper_fps,52.907174926161765,unavailable,,,,,,,,,,,,,,,,,,,detection:raw_head:051f0d9e489355d312ad656532acf3ed8a2719774d8ef9843278818f5bd15adc,detection:raw_head:051f0d9e489355d312ad656532acf3ed8a2719774d8ef9843278818f5bd15adc,detection:decoded_nms:comparison:43612439aff99a683e0c32f17d9bc70074301ae7445e83c8307439856fbf8a08,True,True,"[""yolov7_paper"",""b044"",""native_split""]",True,unavailable,unavailable,,,,,,True,,,True,True,passed,detection_completion_execution_v1,False,True,True,yolov7_paper_standard_anchor_classaware_nms_v2,True,True,1000,True,,,,decoded_nms,decoded_nms,"{""anchor_table_id"":""yolov7_paper_standard_anchors_640_v1"",""anchors_by_stride"":[{""anchors_wh"":[[12,16],[19,36],[40,28]],""grid_hw"":[80,80],""head_role"":""p3"",""stride"":8},{""anchors_wh"":[[36,75],[76,55],[72,146]],""grid_hw"":[40,40],""head_role"":""p4"",""stride"":16},{""anchors_wh"":[[142,110],[192,243],[459,401]],""grid_hw"":[20,20],""head_role"":""p5"",""stride"":32}],""class_aware"":true,""completed_stage"":""decoded_nms"",""confidence_threshold"":0.25,""contract_source"":""frozen_host_decode_nms_inside_measured_interval:v1"",""decoder_format"":""multiscale_head"",""decoder_id"":""yolov7_paper_standard_anchor_classaware_nms_v2"",""endpoint_contract_complete"":true,""endpoint_contract_hash"":""9fcb6b365748948cb2fd02716900f72ee603093c7fa3c4ba8d326c04d7286ff0"",""energy_scope"":""same_frozen_prepared_input_to_post_nms_hotloop"",""frozen_postprocess_contract_sha256"":""493d25b916f6f9ca2c5e9f15dd6a0cc6026ea0ce9a3bfaaa44d0344750547eb0"",""frozen_postprocess_invariant_contract_sha256"":""169abfd6a2a29a1d9cdc2e1b19ab761e6ea1457eaaa665550ceba566f1dcd8aa"",""input_hw"":[640,640],""iou_threshold"":0.45,""max_detections"":300,""model_bound_decoder_contract_sha256"":""725286e3e6be337b4cfdb0f20c5cd81647c9b2fdb37ac288afbc22cedb143b3f"",""model_sha256"":""7a13e66f91047cce0e251c05f64159646847e842af31d60441c63dcdfad7825d"",""nms_implementation"":""numpy_class_aware_nms_xyxy_v1"",""original_wh"":[640,483],""output_endpoint_id"":""detection:decoded_nms:9fcb6b365748948cb2fd02716900f72ee603093c7fa3c4ba8d326c04d7286ff0"",""performance_scope"":""prepared_input_to_post_nms_detections"",""raw_output_tensor_signature"":{""tensor_count"":3,""tensors"":[{""dtype"":""float32"",""index"":0,""name"":""yolov7_stride_8"",""rank"":5,""shape"":[1,3,80,80,85]},{""dtype"":""float32"",""index"":1,""name"":""yolov7_stride_16"",""rank"":5,""shape"":[1,3,40,40,85]},{""dtype"":""float32"",""index"":2,""name"":""yolov7_stride_32"",""rank"":5,""shape"":[1,3,20,20,85]}]},""schema"":""onnx-splitpoint/frozen-native-detection-completed-endpoint"",""schema_version"":2,""source_endpoint_contract_hash"":""051f0d9e489355d312ad656532acf3ed8a2719774d8ef9843278818f5bd15adc"",""source_stage"":""raw_head"",""task"":""detection""}",9fcb6b365748948cb2fd02716900f72ee603093c7fa3c4ba8d326c04d7286ff0,detection:decoded_nms:9fcb6b365748948cb2fd02716900f72ee603093c7fa3c4ba8d326c04d7286ff0,"{""canonical_completion_policy_id"":""decoded_nms_xyxy_original_classaware_postfilter_v2"",""class_aware"":true,""class_id_semantics"":""integer_model_label_index"",""contract_family"":""decoded_nms"",""coordinate_space"":""original_image_xyxy_pixels"",""endpoint_contract_complete"":true,""endpoint_contract_hash"":""43612439aff99a683e0c32f17d9bc70074301ae7445e83c8307439856fbf8a08"",""input_hw"":[640,640],""iou_threshold"":0.45,""max_detections"":300,""model_family"":""yolov7"",""model_id"":""yolov7_paper"",""nms_semantics_id"":""class_aware_nms_xyxy_v1"",""output_endpoint_id"":""detection:decoded_nms:comparison:43612439aff99a683e0c32f17d9bc70074301ae7445e83c8307439856fbf8a08"",""output_record_format"":""xyxy_score_class"",""schema"":""onnx-splitpoint/completed-task-comparison-endpoint"",""schema_version"":2,""score_semantics"":""probability_0_1"",""score_threshold"":0.25,""stage"":""decoded_nms"",""task"":""detection""}",43612439aff99a683e0c32f17d9bc70074301ae7445e83c8307439856fbf8a08,detection:decoded_nms:comparison:43612439aff99a683e0c32f17d9bc70074301ae7445e83c8307439856fbf8a08,detection_completion_execution_v1,True,"{""artifact"":{""comparison_endpoint_contract_hash"":""43612439aff99a683e0c32f17d9bc70074301ae7445e83c8307439856fbf8a08"",""completed_endpoint_contract_hash"":""9fcb6b365748948cb2fd02716900f72ee603093c7fa3c4ba8d326c04d7286ff0"",""completion_mode"":""raw_head_frozen_decode_nms"",""content_sha256"":""86e7bb1f15818e7c5d5747db1ee3895b37fc8b6e2294982a67938bdfe1b10b21"",""contract_family"":""decoded_nms"",""coordinate_space"":""original_image_xyxy_pixels"",""detection_count"":10,""detections"":[{""class_id"":59,""score"":0.9264388680458069,""x1"":1.8314056396484375,""x2"":400.2611083984375,""y1"":275.2320251464844,""y2"":477.25274658203125},{""class_id"":58,""score"":0.8814368844032288,""x1"":340.735107421875,""x2"":429.70123291015625,""y1"":214.00137329101562,""y2"":351.4361267089844},{""class_id"":58,""score"":0.8800840973854065,""x1"":183.82980346679688,""x2"":243.29440307617188,""y1"":132.02078247070312,""y2"":228.73025512695312},{""class_id"":56,""score"":0.8389984369277954,""x1"":247.98147583007812,""x2"":349.0620422363281,""y1"":231.56112670898438,""y2"":318.2410583496094},{""class_id"":39,""score"":0.8300495743751526,""x1"":96.728759765625,""x2"":114.25473022460938,""y1"":191.91259765625,""y2"":233.5916748046875},{""class_id"":73,""score"":0.3493163585662842,""x1"":487.2925109863281,""x2"":510.8130798339844,""y1"":247.6737060546875,""y2"":287.9088134765625},{""class_id"":75,""score"":0.318629652261734,""x1"":205.40814208984375,""x2"":232.00155639648438,""y1"":204.82623291015625,""y2"":228.70556640625},{""class_id"":73,""score"":0.30468451976776123,""x1"":507.2810363769531,""x2"":539.05322265625,""y1"":247.9033203125,""y2"":288.04608154296875},{""class_id"":73,""score"":0.25822433829307556,""x1"":522.2344360351562,""x2"":542.8313598632812,""y1"":145.498291015625,""y2"":181.66546630859375},{""class_id"":73,""score"":0.2562439739704132,""x1"":477.86541748046875,""x2"":558.8510131835938,""y1"":44.564613342285156,""y2"":84.38887023925781}],""encoding"":""canonical_json_utf8_sort_keys_compact_no_nan_v1"",""execution_contract_sha256"":""fa543cecf938b424cc6f69c600177cc5c91cd1edfa2f5dbb2dcd2ce85938f364"",""implementation_sha256"":""c09c2f8043f8bd150d8a44cb985e238bfe6e4c5fd024ad6b5e65c1b0cc3e8955"",""invocation_index"":1000,""observation_relation"":""same_hotloop_sentinel"",""record_schema"":""xyxy_score_class_id_v1"",""relation_sha256"":""4b45eeb2d4cb5fb49f824964dfd2a424205a6c599fa91c98d6c6b9f3ff141965"",""schema"":""onnx-splitpoint/detection-completion-result-artifact"",""schema_sha256"":""a73d2d0aaa0ed1dd321ba64e0947106afeeb1744e60b6ac7ecc847d59583daa2"",""schema_version"":1,""sort_policy"":""score_desc_class_id_asc_xyxy_lexicographic_v1"",""source_content_sha256"":""c07811dcf5b914f7ce02b97284744855a622c80e31586e5f83855760615f2e16"",""source_endpoint_contract_hash"":""051f0d9e489355d312ad656532acf3ed8a2719774d8ef9843278818f5bd15adc"",""task"":""detection""},""artifact_sha256"":""e4b1b46c2ae6ba5407537faa05830662561d1487dadc600bc15f6380a27c6891"",""attestation_sha256"":""4afee069b69c5e9b86596617a747ff39bf4120486c06e89421faf4da3a074287"",""attested"":true,""comparison_endpoint_contract"":{""canonical_completion_policy_id"":""decoded_nms_xyxy_original_classaware_postfilter_v2"",""class_aware"":true,""class_id_semantics"":""integer_model_label_index"",""contract_family"":""decoded_nms"",""coordinate_space"":""original_image_xyxy_pixels"",""endpoint_contract_complete"":true,""endpoint_contract_hash"":""43612439aff99a683e0c32f17d9bc70074301ae7445e83c8307439856fbf8a08"",""input_hw"":[640,640],""iou_threshold"":0.45,""max_detections"":300,""model_family"":""yolov7"",""model_id"":""yolov7_paper"",""nms_semantics_id"":""class_aware_nms_xyxy_v1"",""output_endpoint_id"":""detection:decoded_nms:comparison:43612439aff99a683e0c32f17d9bc70074301ae7445e83c8307439856fbf8a08"",""output_record_format"":""xyxy_score_class"",""schema"":""onnx-splitpoint/completed-task-comparison-endpoint"",""schema_version"":2,""score_semantics"":""probability_0_1"",""score_threshold"":0.25,""stage"":""decoded_nms"",""task"":""detection""},""comparison_identity_verified"":true,""completed_endpoint_contract"":{""anchor_table_id"":""yolov7_paper_standard_anchors_640_v1"",""anchors_by_stride"":[{""anchors_wh"":[[12,16],[19,36],[40,28]],""grid_hw"":[80,80],""head_role"":""p3"",""stride"":8},{""anchors_wh"":[[36,75],[76,55],[72,146]],""grid_hw"":[40,40],""head_role"":""p4"",""stride"":16},{""anchors_wh"":[[142,110],[192,243],[459,401]],""grid_hw"":[20,20],""head_role"":""p5"",""stride"":32}],""class_aware"":true,""completed_stage"":""decoded_nms"",""confidence_threshold"":0.25,""contract_source"":""frozen_host_decode_nms_inside_measured_interval:v1"",""decoder_format"":""multiscale_head"",""decoder_id"":""yolov7_paper_standard_anchor_classaware_nms_v2"",""endpoint_contract_complete"":true,""endpoint_contract_hash"":""9fcb6b365748948cb2fd02716900f72ee603093c7fa3c4ba8d326c04d7286ff0"",""energy_scope"":""same_frozen_prepared_input_to_post_nms_hotloop"",""frozen_postprocess_contract_sha256"":""493d25b916f6f9ca2c5e9f15dd6a0cc6026ea0ce9a3bfaaa44d0344750547eb0"",""frozen_postprocess_invariant_contract_sha256"":""169abfd6a2a29a1d9cdc2e1b19ab761e6ea1457eaaa665550ceba566f1dcd8aa"",""input_hw"":[640,640],""iou_threshold"":0.45,""max_detections"":300,""model_bound_decoder_contract_sha256"":""725286e3e6be337b4cfdb0f20c5cd81647c9b2fdb37ac288afbc22cedb143b3f"",""model_sha256"":""7a13e66f91047cce0e251c05f64159646847e842af31d60441c63dcdfad7825d"",""nms_implementation"":""numpy_class_aware_nms_xyxy_v1"",""original_wh"":[640,483],""output_endpoint_id"":""detection:decoded_nms:9fcb6b365748948cb2fd02716900f72ee603093c7fa3c4ba8d326c04d7286ff0"",""performance_scope"":""prepared_input_to_post_nms_detections"",""raw_output_tensor_signature"":{""tensor_count"":3,""tensors"":[{""dtype"":""float32"",""index"":0,""name"":""yolov7_stride_8"",""rank"":5,""shape"":[1,3,80,80,85]},{""dtype"":""float32"",""index"":1,""name"":""yolov7_stride_16"",""rank"":5,""shape"":[1,3,40,40,85]},{""dtype"":""float32"",""index"":2,""name"":""yolov7_stride_32"",""rank"":5,""shape"":[1,3,20,20,85]}]},""schema"":""onnx-splitpoint/frozen-native-detection-completed-endpoint"",""schema_version"":2,""source_endpoint_contract_hash"":""051f0d9e489355d312ad656532acf3ed8a2719774d8ef9843278818f5bd15adc"",""source_stage"":""raw_head"",""task"":""detection""},""completed_frames"":1000,""completed_task_comparison_endpoint_contract"":{""canonical_completion_policy_id"":""decoded_nms_xyxy_original_classaware_postfilter_v2"",""class_aware"":true,""class_id_semantics"":""integer_model_label_index"",""contract_family"":""decoded_nms"",""coordinate_space"":""original_image_xyxy_pixels"",""endpoint_contract_complete"":true,""endpoint_contract_hash"":""43612439aff99a683e0c32f17d9bc70074301ae7445e83c8307439856fbf8a08"",""input_hw"":[640,640],""iou_threshold"":0.45,""max_detections"":300,""model_family"":""yolov7"",""model_id"":""yolov7_paper"",""nms_semantics_id"":""class_aware_nms_xyxy_v1"",""output_endpoint_id"":""detection:decoded_nms:comparison:43612439aff99a683e0c32f17d9bc70074301ae7445e83c8307439856fbf8a08"",""output_record_format"":""xyxy_score_class"",""schema"":""onnx-splitpoint/completed-task-comparison-endpoint"",""schema_version"":2,""score_semantics"":""probability_0_1"",""score_threshold"":0.25,""stage"":""decoded_nms"",""task"":""detection""},""completed_task_comparison_endpoint_contract_hash"":""43612439aff99a683e0c32f17d9bc70074301ae7445e83c8307439856fbf8a08"",""completed_task_comparison_output_endpoint_id"":""detection:decoded_nms:comparison:43612439aff99a683e0c32f17d9bc70074301ae7445e83c8307439856fbf8a08"",""completed_task_completion_mode"":""detection_completion_execution_v1"",""completed_work_units"":1000,""completion_count"":1000,""completion_count_verified"":true,""completion_mode"":""raw_head_frozen_decode_nms"",""content_sha256"":""86e7bb1f15818e7c5d5747db1ee3895b37fc8b6e2294982a67938bdfe1b10b21"",""contract_source"":""detection_completion_execution_inside_measured_hotloop:v1"",""endpoint"":""decoded_nms"",""endpoint_contract_complete"":true,""endpoint_contract_hash"":""9fcb6b365748948cb2fd02716900f72ee603093c7fa3c4ba8d326c04d7286ff0"",""exact_result_claim_bound"":true,""execution_contract_sha256"":""fa543cecf938b424cc6f69c600177cc5c91cd1edfa2f5dbb2dcd2ce85938f364"",""implementation_sha256"":""c09c2f8043f8bd150d8a44cb985e238bfe6e4c5fd024ad6b5e65c1b0cc3e8955"",""invocation_chain_sha256"":""83282f040f04339ae2b8ee4b9fb4a564830a5c8184241f501c8bd1d824842211"",""invocation_sha256"":""556f4ac6b0ecc40743c997433370e734dbdccb223265db23c577601669cd462e"",""last_result"":{""artifact"":{""comparison_endpoint_contract_hash"":""43612439aff99a683e0c32f17d9bc70074301ae7445e83c8307439856fbf8a08"",""completed_endpoint_contract_hash"":""9fcb6b365748948cb2fd02716900f72ee603093c7fa3c4ba8d326c04d7286ff0"",""completion_mode"":""raw_head_frozen_decode_nms"",""content_sha256"":""86e7bb1f15818e7c5d5747db1ee3895b37fc8b6e2294982a67938bdfe1b10b21"",""contract_family"":""decoded_nms"",""coordinate_space"":""original_image_xyxy_pixels"",""detection_count"":10,""detections"":[{""class_id"":59,""score"":0.9264388680458069,""x1"":1.8314056396484375,""x2"":400.2611083984375,""y1"":275.2320251464844,""y2"":477.25274658203125},{""class_id"":58,""score"":0.8814368844032288,""x1"":340.735107421875,""x2"":429.70123291015625,""y1"":214.00137329101562,""y2"":351.4361267089844},{""class_id"":58,""score"":0.8800840973854065,""x1"":183.82980346679688,""x2"":243.29440307617188,""y1"":132.02078247070312,""y2"":228.73025512695312},{""class_id"":56,""score"":0.8389984369277954,""x1"":247.98147583007812,""x2"":349.0620422363281,""y1"":231.56112670898438,""y2"":318.2410583496094},{""class_id"":39,""score"":0.8300495743751526,""x1"":96.728759765625,""x2"":114.25473022460938,""y1"":191.91259765625,""y2"":233.5916748046875},{""class_id"":73,""score"":0.3493163585662842,""x1"":487.2925109863281,""x2"":510.8130798339844,""y1"":247.6737060546875,""y2"":287.9088134765625},{""class_id"":75,""score"":0.318629652261734,""x1"":205.40814208984375,""x2"":232.00155639648438,""y1"":204.82623291015625,""y2"":228.70556640625},{""class_id"":73,""score"":0.30468451976776123,""x1"":507.2810363769531,""x2"":539.05322265625,""y1"":247.9033203125,""y2"":288.04608154296875},{""class_id"":73,""score"":0.25822433829307556,""x1"":522.2344360351562,""x2"":542.8313598632812,""y1"":145.498291015625,""y2"":181.66546630859375},{""class_id"":73,""score"":0.2562439739704132,""x1"":477.86541748046875,""x2"":558.8510131835938,""y1"":44.564613342285156,""y2"":84.38887023925781}],""encoding"":""canonical_json_utf8_sort_keys_compact_no_nan_v1"",""execution_contract_sha256"":""fa543cecf938b424cc6f69c600177cc5c91cd1edfa2f5dbb2dcd2ce85938f364"",""implementation_sha256"":""c09c2f8043f8bd150d8a44cb985e238bfe6e4c5fd024ad6b5e65c1b0cc3e8955"",""invocation_index"":1000,""observation_relation"":""same_hotloop_sentinel"",""record_schema"":""xyxy_score_class_id_v1"",""relation_sha256"":""4b45eeb2d4cb5fb49f824964dfd2a424205a6c599fa91c98d6c6b9f3ff141965"",""schema"":""onnx-splitpoint/detection-completion-result-artifact"",""schema_sha256"":""a73d2d0aaa0ed1dd321ba64e0947106afeeb1744e60b6ac7ecc847d59583daa2"",""schema_version"":1,""sort_policy"":""score_desc_class_id_asc_xyxy_lexicographic_v1"",""source_content_sha256"":""c07811dcf5b914f7ce02b97284744855a622c80e31586e5f83855760615f2e16"",""source_endpoint_contract_hash"":""051f0d9e489355d312ad656532acf3ed8a2719774d8ef9843278818f5bd15adc"",""task"":""detection""},""artifact_sha256"":""e4b1b46c2ae6ba5407537faa05830662561d1487dadc600bc15f6380a27c6891"",""completion_mode"":""raw_head_frozen_decode_nms"",""content_sha256"":""86e7bb1f15818e7c5d5747db1ee3895b37fc8b6e2294982a67938bdfe1b10b21"",""contract_family"":""decoded_nms"",""coordinate_space"":""original_image_xyxy_pixels"",""detection_count"":10,""detections"":[{""class_id"":59,""score"":0.9264388680458069,""x1"":1.8314056396484375,""x2"":400.2611083984375,""y1"":275.2320251464844,""y2"":477.25274658203125},{""class_id"":58,""score"":0.8814368844032288,""x1"":340.735107421875,""x2"":429.70123291015625,""y1"":214.00137329101562,""y2"":351.4361267089844},{""class_id"":58,""score"":0.8800840973854065,""x1"":183.82980346679688,""x2"":243.29440307617188,""y1"":132.02078247070312,""y2"":228.73025512695312},{""class_id"":56,""score"":0.8389984369277954,""x1"":247.98147583007812,""x2"":349.0620422363281,""y1"":231.56112670898438,""y2"":318.2410583496094},{""class_id"":39,""score"":0.8300495743751526,""x1"":96.728759765625,""x2"":114.25473022460938,""y1"":191.91259765625,""y2"":233.5916748046875},{""class_id"":73,""score"":0.3493163585662842,""x1"":487.2925109863281,""x2"":510.8130798339844,""y1"":247.6737060546875,""y2"":287.9088134765625},{""class_id"":75,""score"":0.318629652261734,""x1"":205.40814208984375,""x2"":232.00155639648438,""y1"":204.82623291015625,""y2"":228.70556640625},{""class_id"":73,""score"":0.30468451976776123,""x1"":507.2810363769531,""x2"":539.05322265625,""y1"":247.9033203125,""y2"":288.04608154296875},{""class_id"":73,""score"":0.25822433829307556,""x1"":522.2344360351562,""x2"":542.8313598632812,""y1"":145.498291015625,""y2"":181.66546630859375},{""class_id"":73,""score"":0.2562439739704132,""x1"":477.86541748046875,""x2"":558.8510131835938,""y1"":44.564613342285156,""y2"":84.38887023925781}],""execution_contract_sha256"":""fa543cecf938b424cc6f69c600177cc5c91cd1edfa2f5dbb2dcd2ce85938f364"",""host_nms_applied"":true,""implementation_sha256"":""c09c2f8043f8bd150d8a44cb985e238bfe6e4c5fd024ad6b5e65c1b0cc3e8955"",""invocation_index"":1000,""invocation_sha256"":""556f4ac6b0ecc40743c997433370e734dbdccb223265db23c577601669cd462e"",""observation_relation"":""same_hotloop_sentinel"",""record_schema"":""xyxy_score_class_id_v1"",""relation_sha256"":""4b45eeb2d4cb5fb49f824964dfd2a424205a6c599fa91c98d6c6b9f3ff141965"",""schema_sha256"":""a73d2d0aaa0ed1dd321ba64e0947106afeeb1744e60b6ac7ecc847d59583daa2"",""source_content_sha256"":""c07811dcf5b914f7ce02b97284744855a622c80e31586e5f83855760615f2e16"",""source_nms_attested"":false,""task"":""detection""},""observation_relation"":""same_hotloop_sentinel"",""output_endpoint_id"":""detection:decoded_nms:9fcb6b365748948cb2fd02716900f72ee603093c7fa3c4ba8d326c04d7286ff0"",""postprocess_completed_frames"":1000,""postprocess_completion_verified"":true,""relation_sha256"":""4b45eeb2d4cb5fb49f824964dfd2a424205a6c599fa91c98d6c6b9f3ff141965"",""same_hotloop_sentinel"":true,""schema"":""onnx-splitpoint/detection-completion-execution-attestation"",""schema_sha256"":""a73d2d0aaa0ed1dd321ba64e0947106afeeb1744e60b6ac7ecc847d59583daa2"",""schema_version"":2,""source_stage"":""raw_head"",""stage"":""decoded_nms"",""status"":""passed"",""task"":""detection""}",passed,True,False,False,False,False,,,,,,,True,False,"[""precision_variant_quality_not_verified""]",,,,,,False,[],/home/nx/native_fifo_evalsets/resnet_yolo26s_yolov7_v27549_phase2_ranking_audit_b500_20260820_070324/variants/v002_hailo10h_deepx_all_singles/yolov7_paper/benchmark_set/resources/validation/detection/val2017_n500_s20260710/000000000632.jpg,materialised_validation_subset:first_sorted,,False,development_or_screening,native_performance_matrix,/home/kmika/Models/EvaluationRuns/native_supplement_reprojected_v2762/reports/native_producer_combined_summary.json,False,False,False,quality_veto,"[""precision_quality_binding_not_verified"",""task_quality_observation_not_valid"",""central_quality_evidence_not_verified"",""task_quality_not_passed"",""quality_accuracy_gate_not_passed""]",False,development_or_screening,precision_variant_quality_not_verified
yolov7_paper,yolov7_paper,detection,raw_head,raw_detection_tensors,raw_head,explicit_producer_export_contract,True,051f0d9e489355d312ad656532acf3ed8a2719774d8ef9843278818f5bd15adc,"{""attested"":true,""declared_stage"":""raw_head"",""endpoint"":""raw_head"",""endpoint_contract_hash"":""051f0d9e489355d312ad656532acf3ed8a2719774d8ef9843278818f5bd15adc"",""reason"":""raw_detection_tensor_structure_verified"",""stage"":""raw_head"",""status"":""passed"",""tensor_signature"":{""tensor_count"":3,""tensors"":[{""dtype"":""float32"",""index"":0,""name"":""output"",""rank"":5,""shape"":[1,3,80,80,85]},{""dtype"":""float32"",""index"":1,""name"":""clone_1"",""rank"":5,""shape"":[1,3,40,40,85]},{""dtype"":""float32"",""index"":2,""name"":""clone_2"",""rank"":5,""shape"":[1,3,20,20,85]}]}}",,,,,b002,b002,hailo10h_to_trt,native_split,native_split,native_fifo,orin_nx_hailo10_01,hailo10h,float32_layout_fp16,float32_layout_fp16,hailo10h_to_trt,ok,True,4.063042714936105,4.063042714936105,native_stage_concise_summary.fps_median,4.063042714936105,4.058811365838224,4.063388225070907,3,3,3,complete,median_with_deterministic_percentile_bootstrap_ci95,fresh_runtime_per_repetition,True,median_of_independent_repetitions,False,,,,,,,,,,246.12096651701725,246.12096651701725,4.063042714936105,245.93437531695236,4.066125358487328,paper_fps,48.10875953629147,unavailable,,,,,,,,,,,,,,,,,,,detection:raw_head:051f0d9e489355d312ad656532acf3ed8a2719774d8ef9843278818f5bd15adc,detection:raw_head:051f0d9e489355d312ad656532acf3ed8a2719774d8ef9843278818f5bd15adc,detection:decoded_nms:comparison:43612439aff99a683e0c32f17d9bc70074301ae7445e83c8307439856fbf8a08,True,True,"[""yolov7_paper"",""b002"",""native_split""]",True,unavailable,unavailable,,,,,,True,,,True,True,passed,detection_completion_execution_v1,False,True,True,yolov7_paper_standard_anchor_classaware_nms_v2,True,True,1000,True,,,,decoded_nms,decoded_nms,"{""anchor_table_id"":""yolov7_paper_standard_anchors_640_v1"",""anchors_by_stride"":[{""anchors_wh"":[[12,16],[19,36],[40,28]],""grid_hw"":[80,80],""head_role"":""p3"",""stride"":8},{""anchors_wh"":[[36,75],[76,55],[72,146]],""grid_hw"":[40,40],""head_role"":""p4"",""stride"":16},{""anchors_wh"":[[142,110],[192,243],[459,401]],""grid_hw"":[20,20],""head_role"":""p5"",""stride"":32}],""class_aware"":true,""completed_stage"":""decoded_nms"",""confidence_threshold"":0.25,""contract_source"":""frozen_host_decode_nms_inside_measured_interval:v1"",""decoder_format"":""multiscale_head"",""decoder_id"":""yolov7_paper_standard_anchor_classaware_nms_v2"",""endpoint_contract_complete"":true,""endpoint_contract_hash"":""9fcb6b365748948cb2fd02716900f72ee603093c7fa3c4ba8d326c04d7286ff0"",""energy_scope"":""same_frozen_prepared_input_to_post_nms_hotloop"",""frozen_postprocess_contract_sha256"":""493d25b916f6f9ca2c5e9f15dd6a0cc6026ea0ce9a3bfaaa44d0344750547eb0"",""frozen_postprocess_invariant_contract_sha256"":""169abfd6a2a29a1d9cdc2e1b19ab761e6ea1457eaaa665550ceba566f1dcd8aa"",""input_hw"":[640,640],""iou_threshold"":0.45,""max_detections"":300,""model_bound_decoder_contract_sha256"":""725286e3e6be337b4cfdb0f20c5cd81647c9b2fdb37ac288afbc22cedb143b3f"",""model_sha256"":""7a13e66f91047cce0e251c05f64159646847e842af31d60441c63dcdfad7825d"",""nms_implementation"":""numpy_class_aware_nms_xyxy_v1"",""original_wh"":[640,483],""output_endpoint_id"":""detection:decoded_nms:9fcb6b365748948cb2fd02716900f72ee603093c7fa3c4ba8d326c04d7286ff0"",""performance_scope"":""prepared_input_to_post_nms_detections"",""raw_output_tensor_signature"":{""tensor_count"":3,""tensors"":[{""dtype"":""float32"",""index"":0,""name"":""yolov7_stride_8"",""rank"":5,""shape"":[1,3,80,80,85]},{""dtype"":""float32"",""index"":1,""name"":""yolov7_stride_16"",""rank"":5,""shape"":[1,3,40,40,85]},{""dtype"":""float32"",""index"":2,""name"":""yolov7_stride_32"",""rank"":5,""shape"":[1,3,20,20,85]}]},""schema"":""onnx-splitpoint/frozen-native-detection-completed-endpoint"",""schema_version"":2,""source_endpoint_contract_hash"":""051f0d9e489355d312ad656532acf3ed8a2719774d8ef9843278818f5bd15adc"",""source_stage"":""raw_head"",""task"":""detection""}",9fcb6b365748948cb2fd02716900f72ee603093c7fa3c4ba8d326c04d7286ff0,detection:decoded_nms:9fcb6b365748948cb2fd02716900f72ee603093c7fa3c4ba8d326c04d7286ff0,"{""canonical_completion_policy_id"":""decoded_nms_xyxy_original_classaware_postfilter_v2"",""class_aware"":true,""class_id_semantics"":""integer_model_label_index"",""contract_family"":""decoded_nms"",""coordinate_space"":""original_image_xyxy_pixels"",""endpoint_contract_complete"":true,""endpoint_contract_hash"":""43612439aff99a683e0c32f17d9bc70074301ae7445e83c8307439856fbf8a08"",""input_hw"":[640,640],""iou_threshold"":0.45,""max_detections"":300,""model_family"":""yolov7"",""model_id"":""yolov7_paper"",""nms_semantics_id"":""class_aware_nms_xyxy_v1"",""output_endpoint_id"":""detection:decoded_nms:comparison:43612439aff99a683e0c32f17d9bc70074301ae7445e83c8307439856fbf8a08"",""output_record_format"":""xyxy_score_class"",""schema"":""onnx-splitpoint/completed-task-comparison-endpoint"",""schema_version"":2,""score_semantics"":""probability_0_1"",""score_threshold"":0.25,""stage"":""decoded_nms"",""task"":""detection""}",43612439aff99a683e0c32f17d9bc70074301ae7445e83c8307439856fbf8a08,detection:decoded_nms:comparison:43612439aff99a683e0c32f17d9bc70074301ae7445e83c8307439856fbf8a08,detection_completion_execution_v1,True,"{""artifact"":{""comparison_endpoint_contract_hash"":""43612439aff99a683e0c32f17d9bc70074301ae7445e83c8307439856fbf8a08"",""completed_endpoint_contract_hash"":""9fcb6b365748948cb2fd02716900f72ee603093c7fa3c4ba8d326c04d7286ff0"",""completion_mode"":""raw_head_frozen_decode_nms"",""content_sha256"":""d811428051059b63654269cbf593a3d4570d937f3961ae7905777d23726596c3"",""contract_family"":""decoded_nms"",""coordinate_space"":""original_image_xyxy_pixels"",""detection_count"":10,""detections"":[{""class_id"":59,""score"":0.9290213584899902,""x1"":1.861175537109375,""x2"":400.2908935546875,""y1"":276.80352783203125,""y2"":477.32464599609375},{""class_id"":58,""score"":0.8824970722198486,""x1"":183.767578125,""x2"":243.1431884765625,""y1"":131.97528076171875,""y2"":228.7484130859375},{""class_id"":58,""score"":0.8773024678230286,""x1"":340.0408630371094,""x2"":429.7801208496094,""y1"":213.90548706054688,""y2"":351.6167907714844},{""class_id"":56,""score"":0.8431792855262756,""x1"":247.83724975585938,""x2"":349.0385437011719,""y1"":231.49176025390625,""y2"":318.19769287109375},{""class_id"":39,""score"":0.8297845125198364,""x1"":96.7602310180664,""x2"":114.26392364501953,""y1"":191.83700561523438,""y2"":233.77194213867188},{""class_id"":73,""score"":0.3361276686191559,""x1"":487.3638610839844,""x2"":510.8844299316406,""y1"":247.67190551757812,""y2"":287.9070129394531},{""class_id"":75,""score"":0.30884861946105957,""x1"":205.5190887451172,""x2"":231.98960876464844,""y1"":204.80477905273438,""y2"":228.70919799804688},{""class_id"":73,""score"":0.30799946188926697,""x1"":507.1885070800781,""x2"":538.9826049804688,""y1"":247.90310668945312,""y2"":288.0828552246094},{""class_id"":73,""score"":0.2574761211872101,""x1"":522.0643310546875,""x2"":542.7650146484375,""y1"":145.49557495117188,""y2"":181.65396118164062},{""class_id"":73,""score"":0.2511029839515686,""x1"":477.7107849121094,""x2"":558.8934326171875,""y1"":44.91016387939453,""y2"":84.35517883300781}],""encoding"":""canonical_json_utf8_sort_keys_compact_no_nan_v1"",""execution_contract_sha256"":""fa543cecf938b424cc6f69c600177cc5c91cd1edfa2f5dbb2dcd2ce85938f364"",""implementation_sha256"":""c09c2f8043f8bd150d8a44cb985e238bfe6e4c5fd024ad6b5e65c1b0cc3e8955"",""invocation_index"":1000,""observation_relation"":""same_hotloop_sentinel"",""record_schema"":""xyxy_score_class_id_v1"",""relation_sha256"":""4b45eeb2d4cb5fb49f824964dfd2a424205a6c599fa91c98d6c6b9f3ff141965"",""schema"":""onnx-splitpoint/detection-completion-result-artifact"",""schema_sha256"":""a73d2d0aaa0ed1dd321ba64e0947106afeeb1744e60b6ac7ecc847d59583daa2"",""schema_version"":1,""sort_policy"":""score_desc_class_id_asc_xyxy_lexicographic_v1"",""source_content_sha256"":""6f6bf075ea54f5036934159e6fd837b4ec3bc0b254da456daec84197918b9a03"",""source_endpoint_contract_hash"":""051f0d9e489355d312ad656532acf3ed8a2719774d8ef9843278818f5bd15adc"",""task"":""detection""},""artifact_sha256"":""3c3ebff6ecee5fb96d183bd0acdfcadfe77a07d69dd67b369c60c8fca2904c44"",""attestation_sha256"":""b249637fe33b94769e43a637fd380a52a04c18610a96f0dfde6d7d1dfa4314b5"",""attested"":true,""comparison_endpoint_contract"":{""canonical_completion_policy_id"":""decoded_nms_xyxy_original_classaware_postfilter_v2"",""class_aware"":true,""class_id_semantics"":""integer_model_label_index"",""contract_family"":""decoded_nms"",""coordinate_space"":""original_image_xyxy_pixels"",""endpoint_contract_complete"":true,""endpoint_contract_hash"":""43612439aff99a683e0c32f17d9bc70074301ae7445e83c8307439856fbf8a08"",""input_hw"":[640,640],""iou_threshold"":0.45,""max_detections"":300,""model_family"":""yolov7"",""model_id"":""yolov7_paper"",""nms_semantics_id"":""class_aware_nms_xyxy_v1"",""output_endpoint_id"":""detection:decoded_nms:comparison:43612439aff99a683e0c32f17d9bc70074301ae7445e83c8307439856fbf8a08"",""output_record_format"":""xyxy_score_class"",""schema"":""onnx-splitpoint/completed-task-comparison-endpoint"",""schema_version"":2,""score_semantics"":""probability_0_1"",""score_threshold"":0.25,""stage"":""decoded_nms"",""task"":""detection""},""comparison_identity_verified"":true,""completed_endpoint_contract"":{""anchor_table_id"":""yolov7_paper_standard_anchors_640_v1"",""anchors_by_stride"":[{""anchors_wh"":[[12,16],[19,36],[40,28]],""grid_hw"":[80,80],""head_role"":""p3"",""stride"":8},{""anchors_wh"":[[36,75],[76,55],[72,146]],""grid_hw"":[40,40],""head_role"":""p4"",""stride"":16},{""anchors_wh"":[[142,110],[192,243],[459,401]],""grid_hw"":[20,20],""head_role"":""p5"",""stride"":32}],""class_aware"":true,""completed_stage"":""decoded_nms"",""confidence_threshold"":0.25,""contract_source"":""frozen_host_decode_nms_inside_measured_interval:v1"",""decoder_format"":""multiscale_head"",""decoder_id"":""yolov7_paper_standard_anchor_classaware_nms_v2"",""endpoint_contract_complete"":true,""endpoint_contract_hash"":""9fcb6b365748948cb2fd02716900f72ee603093c7fa3c4ba8d326c04d7286ff0"",""energy_scope"":""same_frozen_prepared_input_to_post_nms_hotloop"",""frozen_postprocess_contract_sha256"":""493d25b916f6f9ca2c5e9f15dd6a0cc6026ea0ce9a3bfaaa44d0344750547eb0"",""frozen_postprocess_invariant_contract_sha256"":""169abfd6a2a29a1d9cdc2e1b19ab761e6ea1457eaaa665550ceba566f1dcd8aa"",""input_hw"":[640,640],""iou_threshold"":0.45,""max_detections"":300,""model_bound_decoder_contract_sha256"":""725286e3e6be337b4cfdb0f20c5cd81647c9b2fdb37ac288afbc22cedb143b3f"",""model_sha256"":""7a13e66f91047cce0e251c05f64159646847e842af31d60441c63dcdfad7825d"",""nms_implementation"":""numpy_class_aware_nms_xyxy_v1"",""original_wh"":[640,483],""output_endpoint_id"":""detection:decoded_nms:9fcb6b365748948cb2fd02716900f72ee603093c7fa3c4ba8d326c04d7286ff0"",""performance_scope"":""prepared_input_to_post_nms_detections"",""raw_output_tensor_signature"":{""tensor_count"":3,""tensors"":[{""dtype"":""float32"",""index"":0,""name"":""yolov7_stride_8"",""rank"":5,""shape"":[1,3,80,80,85]},{""dtype"":""float32"",""index"":1,""name"":""yolov7_stride_16"",""rank"":5,""shape"":[1,3,40,40,85]},{""dtype"":""float32"",""index"":2,""name"":""yolov7_stride_32"",""rank"":5,""shape"":[1,3,20,20,85]}]},""schema"":""onnx-splitpoint/frozen-native-detection-completed-endpoint"",""schema_version"":2,""source_endpoint_contract_hash"":""051f0d9e489355d312ad656532acf3ed8a2719774d8ef9843278818f5bd15adc"",""source_stage"":""raw_head"",""task"":""detection""},""completed_frames"":1000,""completed_task_comparison_endpoint_contract"":{""canonical_completion_policy_id"":""decoded_nms_xyxy_original_classaware_postfilter_v2"",""class_aware"":true,""class_id_semantics"":""integer_model_label_index"",""contract_family"":""decoded_nms"",""coordinate_space"":""original_image_xyxy_pixels"",""endpoint_contract_complete"":true,""endpoint_contract_hash"":""43612439aff99a683e0c32f17d9bc70074301ae7445e83c8307439856fbf8a08"",""input_hw"":[640,640],""iou_threshold"":0.45,""max_detections"":300,""model_family"":""yolov7"",""model_id"":""yolov7_paper"",""nms_semantics_id"":""class_aware_nms_xyxy_v1"",""output_endpoint_id"":""detection:decoded_nms:comparison:43612439aff99a683e0c32f17d9bc70074301ae7445e83c8307439856fbf8a08"",""output_record_format"":""xyxy_score_class"",""schema"":""onnx-splitpoint/completed-task-comparison-endpoint"",""schema_version"":2,""score_semantics"":""probability_0_1"",""score_threshold"":0.25,""stage"":""decoded_nms"",""task"":""detection""},""completed_task_comparison_endpoint_contract_hash"":""43612439aff99a683e0c32f17d9bc70074301ae7445e83c8307439856fbf8a08"",""completed_task_comparison_output_endpoint_id"":""detection:decoded_nms:comparison:43612439aff99a683e0c32f17d9bc70074301ae7445e83c8307439856fbf8a08"",""completed_task_completion_mode"":""detection_completion_execution_v1"",""completed_work_units"":1000,""completion_count"":1000,""completion_count_verified"":true,""completion_mode"":""raw_head_frozen_decode_nms"",""content_sha256"":""d811428051059b63654269cbf593a3d4570d937f3961ae7905777d23726596c3"",""contract_source"":""detection_completion_execution_inside_measured_hotloop:v1"",""endpoint"":""decoded_nms"",""endpoint_contract_complete"":true,""endpoint_contract_hash"":""9fcb6b365748948cb2fd02716900f72ee603093c7fa3c4ba8d326c04d7286ff0"",""exact_result_claim_bound"":true,""execution_contract_sha256"":""fa543cecf938b424cc6f69c600177cc5c91cd1edfa2f5dbb2dcd2ce85938f364"",""implementation_sha256"":""c09c2f8043f8bd150d8a44cb985e238bfe6e4c5fd024ad6b5e65c1b0cc3e8955"",""invocation_chain_sha256"":""16062fad7f7973efb310b84abe4a265944c47a9c40965e8173bb58f2b2cbc773"",""invocation_sha256"":""1bf585ef0c65719732200324e3a8d188e8eaae908c71045831c8b6e62c36eef8"",""last_result"":{""artifact"":{""comparison_endpoint_contract_hash"":""43612439aff99a683e0c32f17d9bc70074301ae7445e83c8307439856fbf8a08"",""completed_endpoint_contract_hash"":""9fcb6b365748948cb2fd02716900f72ee603093c7fa3c4ba8d326c04d7286ff0"",""completion_mode"":""raw_head_frozen_decode_nms"",""content_sha256"":""d811428051059b63654269cbf593a3d4570d937f3961ae7905777d23726596c3"",""contract_family"":""decoded_nms"",""coordinate_space"":""original_image_xyxy_pixels"",""detection_count"":10,""detections"":[{""class_id"":59,""score"":0.9290213584899902,""x1"":1.861175537109375,""x2"":400.2908935546875,""y1"":276.80352783203125,""y2"":477.32464599609375},{""class_id"":58,""score"":0.8824970722198486,""x1"":183.767578125,""x2"":243.1431884765625,""y1"":131.97528076171875,""y2"":228.7484130859375},{""class_id"":58,""score"":0.8773024678230286,""x1"":340.0408630371094,""x2"":429.7801208496094,""y1"":213.90548706054688,""y2"":351.6167907714844},{""class_id"":56,""score"":0.8431792855262756,""x1"":247.83724975585938,""x2"":349.0385437011719,""y1"":231.49176025390625,""y2"":318.19769287109375},{""class_id"":39,""score"":0.8297845125198364,""x1"":96.7602310180664,""x2"":114.26392364501953,""y1"":191.83700561523438,""y2"":233.77194213867188},{""class_id"":73,""score"":0.3361276686191559,""x1"":487.3638610839844,""x2"":510.8844299316406,""y1"":247.67190551757812,""y2"":287.9070129394531},{""class_id"":75,""score"":0.30884861946105957,""x1"":205.5190887451172,""x2"":231.98960876464844,""y1"":204.80477905273438,""y2"":228.70919799804688},{""class_id"":73,""score"":0.30799946188926697,""x1"":507.1885070800781,""x2"":538.9826049804688,""y1"":247.90310668945312,""y2"":288.0828552246094},{""class_id"":73,""score"":0.2574761211872101,""x1"":522.0643310546875,""x2"":542.7650146484375,""y1"":145.49557495117188,""y2"":181.65396118164062},{""class_id"":73,""score"":0.2511029839515686,""x1"":477.7107849121094,""x2"":558.8934326171875,""y1"":44.91016387939453,""y2"":84.35517883300781}],""encoding"":""canonical_json_utf8_sort_keys_compact_no_nan_v1"",""execution_contract_sha256"":""fa543cecf938b424cc6f69c600177cc5c91cd1edfa2f5dbb2dcd2ce85938f364"",""implementation_sha256"":""c09c2f8043f8bd150d8a44cb985e238bfe6e4c5fd024ad6b5e65c1b0cc3e8955"",""invocation_index"":1000,""observation_relation"":""same_hotloop_sentinel"",""record_schema"":""xyxy_score_class_id_v1"",""relation_sha256"":""4b45eeb2d4cb5fb49f824964dfd2a424205a6c599fa91c98d6c6b9f3ff141965"",""schema"":""onnx-splitpoint/detection-completion-result-artifact"",""schema_sha256"":""a73d2d0aaa0ed1dd321ba64e0947106afeeb1744e60b6ac7ecc847d59583daa2"",""schema_version"":1,""sort_policy"":""score_desc_class_id_asc_xyxy_lexicographic_v1"",""source_content_sha256"":""6f6bf075ea54f5036934159e6fd837b4ec3bc0b254da456daec84197918b9a03"",""source_endpoint_contract_hash"":""051f0d9e489355d312ad656532acf3ed8a2719774d8ef9843278818f5bd15adc"",""task"":""detection""},""artifact_sha256"":""3c3ebff6ecee5fb96d183bd0acdfcadfe77a07d69dd67b369c60c8fca2904c44"",""completion_mode"":""raw_head_frozen_decode_nms"",""content_sha256"":""d811428051059b63654269cbf593a3d4570d937f3961ae7905777d23726596c3"",""contract_family"":""decoded_nms"",""coordinate_space"":""original_image_xyxy_pixels"",""detection_count"":10,""detections"":[{""class_id"":59,""score"":0.9290213584899902,""x1"":1.861175537109375,""x2"":400.2908935546875,""y1"":276.80352783203125,""y2"":477.32464599609375},{""class_id"":58,""score"":0.8824970722198486,""x1"":183.767578125,""x2"":243.1431884765625,""y1"":131.97528076171875,""y2"":228.7484130859375},{""class_id"":58,""score"":0.8773024678230286,""x1"":340.0408630371094,""x2"":429.7801208496094,""y1"":213.90548706054688,""y2"":351.6167907714844},{""class_id"":56,""score"":0.8431792855262756,""x1"":247.83724975585938,""x2"":349.0385437011719,""y1"":231.49176025390625,""y2"":318.19769287109375},{""class_id"":39,""score"":0.8297845125198364,""x1"":96.7602310180664,""x2"":114.26392364501953,""y1"":191.83700561523438,""y2"":233.77194213867188},{""class_id"":73,""score"":0.3361276686191559,""x1"":487.3638610839844,""x2"":510.8844299316406,""y1"":247.67190551757812,""y2"":287.9070129394531},{""class_id"":75,""score"":0.30884861946105957,""x1"":205.5190887451172,""x2"":231.98960876464844,""y1"":204.80477905273438,""y2"":228.70919799804688},{""class_id"":73,""score"":0.30799946188926697,""x1"":507.1885070800781,""x2"":538.9826049804688,""y1"":247.90310668945312,""y2"":288.0828552246094},{""class_id"":73,""score"":0.2574761211872101,""x1"":522.0643310546875,""x2"":542.7650146484375,""y1"":145.49557495117188,""y2"":181.65396118164062},{""class_id"":73,""score"":0.2511029839515686,""x1"":477.7107849121094,""x2"":558.8934326171875,""y1"":44.91016387939453,""y2"":84.35517883300781}],""execution_contract_sha256"":""fa543cecf938b424cc6f69c600177cc5c91cd1edfa2f5dbb2dcd2ce85938f364"",""host_nms_applied"":true,""implementation_sha256"":""c09c2f8043f8bd150d8a44cb985e238bfe6e4c5fd024ad6b5e65c1b0cc3e8955"",""invocation_index"":1000,""invocation_sha256"":""1bf585ef0c65719732200324e3a8d188e8eaae908c71045831c8b6e62c36eef8"",""observation_relation"":""same_hotloop_sentinel"",""record_schema"":""xyxy_score_class_id_v1"",""relation_sha256"":""4b45eeb2d4cb5fb49f824964dfd2a424205a6c599fa91c98d6c6b9f3ff141965"",""schema_sha256"":""a73d2d0aaa0ed1dd321ba64e0947106afeeb1744e60b6ac7ecc847d59583daa2"",""source_content_sha256"":""6f6bf075ea54f5036934159e6fd837b4ec3bc0b254da456daec84197918b9a03"",""source_nms_attested"":false,""task"":""detection""},""observation_relation"":""same_hotloop_sentinel"",""output_endpoint_id"":""detection:decoded_nms:9fcb6b365748948cb2fd02716900f72ee603093c7fa3c4ba8d326c04d7286ff0"",""postprocess_completed_frames"":1000,""postprocess_completion_verified"":true,""relation_sha256"":""4b45eeb2d4cb5fb49f824964dfd2a424205a6c599fa91c98d6c6b9f3ff141965"",""same_hotloop_sentinel"":true,""schema"":""onnx-splitpoint/detection-completion-execution-attestation"",""schema_sha256"":""a73d2d0aaa0ed1dd321ba64e0947106afeeb1744e60b6ac7ecc847d59583daa2"",""schema_version"":2,""source_stage"":""raw_head"",""stage"":""decoded_nms"",""status"":""passed"",""task"":""detection""}",passed,True,False,False,False,False,,,,,,,True,False,"[""precision_variant_quality_not_verified""]",,,,,,False,[],/home/nx/native_fifo_evalsets/resnet_yolo26s_yolov7_v27549_phase2_ranking_audit_b500_20260820_070324/variants/v002_hailo10h_deepx_all_singles/yolov7_paper/benchmark_set/resources/validation/detection/val2017_n500_s20260710/000000000632.jpg,materialised_validation_subset:first_sorted,,False,development_or_screening,native_performance_matrix,/home/kmika/Models/EvaluationRuns/native_supplement_reprojected_v2762/reports/native_producer_combined_summary.json,False,False,False,quality_veto,"[""precision_quality_binding_not_verified"",""task_quality_observation_not_valid"",""central_quality_evidence_not_verified"",""task_quality_not_passed"",""quality_accuracy_gate_not_passed""]",False,development_or_screening,precision_variant_quality_not_verified
yolov7_paper,yolov7_paper,detection,raw_head,raw_detection_tensors,raw_head,explicit_producer_export_contract,True,051f0d9e489355d312ad656532acf3ed8a2719774d8ef9843278818f5bd15adc,"{""attested"":true,""declared_stage"":""raw_head"",""endpoint"":""raw_head"",""endpoint_contract_hash"":""051f0d9e489355d312ad656532acf3ed8a2719774d8ef9843278818f5bd15adc"",""reason"":""raw_detection_tensor_structure_verified"",""stage"":""raw_head"",""status"":""passed"",""tensor_signature"":{""tensor_count"":3,""tensors"":[{""dtype"":""float32"",""index"":0,""name"":""output"",""rank"":5,""shape"":[1,3,80,80,85]},{""dtype"":""float32"",""index"":1,""name"":""clone_1"",""rank"":5,""shape"":[1,3,40,40,85]},{""dtype"":""float32"",""index"":2,""name"":""clone_2"",""rank"":5,""shape"":[1,3,20,20,85]}]}}",,,,,b044,b044,hailo10h_to_trt,native_split,native_split,native_fifo,orin_nx_hailo10_01,hailo10h,float32_layout_fp16,float32_layout_fp16,hailo10h_to_trt,ok,True,16.186039214338123,16.186039214338123,native_stage_concise_summary.fps_median,16.186039214338123,16.10334441914861,16.99121853669899,3,3,3,complete,median_with_deterministic_percentile_bootstrap_ci95,fresh_runtime_per_repetition,True,median_of_independent_repetitions,False,,,,,,,,,,61.78163704893086,61.78163704893086,16.186039214338123,61.69485489220825,16.20880706741552,paper_fps,60.51312863302883,unavailable,,,,,,,,,,,,,,,,,,,detection:raw_head:051f0d9e489355d312ad656532acf3ed8a2719774d8ef9843278818f5bd15adc,detection:raw_head:051f0d9e489355d312ad656532acf3ed8a2719774d8ef9843278818f5bd15adc,detection:decoded_nms:comparison:43612439aff99a683e0c32f17d9bc70074301ae7445e83c8307439856fbf8a08,True,True,"[""yolov7_paper"",""b044"",""native_split""]",True,unavailable,unavailable,,,,,,True,,,True,True,passed,detection_completion_execution_v1,False,True,True,yolov7_paper_standard_anchor_classaware_nms_v2,True,True,1000,True,,,,decoded_nms,decoded_nms,"{""anchor_table_id"":""yolov7_paper_standard_anchors_640_v1"",""anchors_by_stride"":[{""anchors_wh"":[[12,16],[19,36],[40,28]],""grid_hw"":[80,80],""head_role"":""p3"",""stride"":8},{""anchors_wh"":[[36,75],[76,55],[72,146]],""grid_hw"":[40,40],""head_role"":""p4"",""stride"":16},{""anchors_wh"":[[142,110],[192,243],[459,401]],""grid_hw"":[20,20],""head_role"":""p5"",""stride"":32}],""class_aware"":true,""completed_stage"":""decoded_nms"",""confidence_threshold"":0.25,""contract_source"":""frozen_host_decode_nms_inside_measured_interval:v1"",""decoder_format"":""multiscale_head"",""decoder_id"":""yolov7_paper_standard_anchor_classaware_nms_v2"",""endpoint_contract_complete"":true,""endpoint_contract_hash"":""9fcb6b365748948cb2fd02716900f72ee603093c7fa3c4ba8d326c04d7286ff0"",""energy_scope"":""same_frozen_prepared_input_to_post_nms_hotloop"",""frozen_postprocess_contract_sha256"":""493d25b916f6f9ca2c5e9f15dd6a0cc6026ea0ce9a3bfaaa44d0344750547eb0"",""frozen_postprocess_invariant_contract_sha256"":""169abfd6a2a29a1d9cdc2e1b19ab761e6ea1457eaaa665550ceba566f1dcd8aa"",""input_hw"":[640,640],""iou_threshold"":0.45,""max_detections"":300,""model_bound_decoder_contract_sha256"":""725286e3e6be337b4cfdb0f20c5cd81647c9b2fdb37ac288afbc22cedb143b3f"",""model_sha256"":""7a13e66f91047cce0e251c05f64159646847e842af31d60441c63dcdfad7825d"",""nms_implementation"":""numpy_class_aware_nms_xyxy_v1"",""original_wh"":[640,483],""output_endpoint_id"":""detection:decoded_nms:9fcb6b365748948cb2fd02716900f72ee603093c7fa3c4ba8d326c04d7286ff0"",""performance_scope"":""prepared_input_to_post_nms_detections"",""raw_output_tensor_signature"":{""tensor_count"":3,""tensors"":[{""dtype"":""float32"",""index"":0,""name"":""yolov7_stride_8"",""rank"":5,""shape"":[1,3,80,80,85]},{""dtype"":""float32"",""index"":1,""name"":""yolov7_stride_16"",""rank"":5,""shape"":[1,3,40,40,85]},{""dtype"":""float32"",""index"":2,""name"":""yolov7_stride_32"",""rank"":5,""shape"":[1,3,20,20,85]}]},""schema"":""onnx-splitpoint/frozen-native-detection-completed-endpoint"",""schema_version"":2,""source_endpoint_contract_hash"":""051f0d9e489355d312ad656532acf3ed8a2719774d8ef9843278818f5bd15adc"",""source_stage"":""raw_head"",""task"":""detection""}",9fcb6b365748948cb2fd02716900f72ee603093c7fa3c4ba8d326c04d7286ff0,detection:decoded_nms:9fcb6b365748948cb2fd02716900f72ee603093c7fa3c4ba8d326c04d7286ff0,"{""canonical_completion_policy_id"":""decoded_nms_xyxy_original_classaware_postfilter_v2"",""class_aware"":true,""class_id_semantics"":""integer_model_label_index"",""contract_family"":""decoded_nms"",""coordinate_space"":""original_image_xyxy_pixels"",""endpoint_contract_complete"":true,""endpoint_contract_hash"":""43612439aff99a683e0c32f17d9bc70074301ae7445e83c8307439856fbf8a08"",""input_hw"":[640,640],""iou_threshold"":0.45,""max_detections"":300,""model_family"":""yolov7"",""model_id"":""yolov7_paper"",""nms_semantics_id"":""class_aware_nms_xyxy_v1"",""output_endpoint_id"":""detection:decoded_nms:comparison:43612439aff99a683e0c32f17d9bc70074301ae7445e83c8307439856fbf8a08"",""output_record_format"":""xyxy_score_class"",""schema"":""onnx-splitpoint/completed-task-comparison-endpoint"",""schema_version"":2,""score_semantics"":""probability_0_1"",""score_threshold"":0.25,""stage"":""decoded_nms"",""task"":""detection""}",43612439aff99a683e0c32f17d9bc70074301ae7445e83c8307439856fbf8a08,detection:decoded_nms:comparison:43612439aff99a683e0c32f17d9bc70074301ae7445e83c8307439856fbf8a08,detection_completion_execution_v1,True,"{""artifact"":{""comparison_endpoint_contract_hash"":""43612439aff99a683e0c32f17d9bc70074301ae7445e83c8307439856fbf8a08"",""completed_endpoint_contract_hash"":""9fcb6b365748948cb2fd02716900f72ee603093c7fa3c4ba8d326c04d7286ff0"",""completion_mode"":""raw_head_frozen_decode_nms"",""content_sha256"":""2f711ea388f2b356ee4f2407da5260c00680a6d8102c7a1d501d57db89aa2bf1"",""contract_family"":""decoded_nms"",""coordinate_space"":""original_image_xyxy_pixels"",""detection_count"":9,""detections"":[{""class_id"":59,""score"":0.9269940257072449,""x1"":2.0118865966796875,""x2"":400.0062255859375,""y1"":277.30926513671875,""y2"":477.1363525390625},{""class_id"":58,""score"":0.8837085962295532,""x1"":183.70663452148438,""x2"":243.21173095703125,""y1"":132.11090087890625,""y2"":228.7567138671875},{""class_id"":58,""score"":0.8747360706329346,""x1"":339.8546447753906,""x2"":429.7100524902344,""y1"":214.1085205078125,""y2"":351.68157958984375},{""class_id"":56,""score"":0.8542054295539856,""x1"":247.825927734375,""x2"":348.94677734375,""y1"":231.52978515625,""y2"":318.209716796875},{""class_id"":39,""score"":0.8335831761360168,""x1"":96.76021575927734,""x2"":114.21941375732422,""y1"":191.82305908203125,""y2"":233.75799560546875},{""class_id"":73,""score"":0.33349698781967163,""x1"":487.4185791015625,""x2"":510.995849609375,""y1"":247.81265258789062,""y2"":287.9218444824219},{""class_id"":73,""score"":0.31047818064689636,""x1"":507.50933837890625,""x2"":539.0841674804688,""y1"":247.94378662109375,""y2"":288.04949951171875},{""class_id"":75,""score"":0.295005738735199,""x1"":205.55743408203125,""x2"":231.92840576171875,""y1"":204.8419189453125,""y2"":228.68988037109375},{""class_id"":73,""score"":0.259655624628067,""x1"":477.9668273925781,""x2"":558.8294677734375,""y1"":44.91239929199219,""y2"":84.41142272949219}],""encoding"":""canonical_json_utf8_sort_keys_compact_no_nan_v1"",""execution_contract_sha256"":""fa543cecf938b424cc6f69c600177cc5c91cd1edfa2f5dbb2dcd2ce85938f364"",""implementation_sha256"":""c09c2f8043f8bd150d8a44cb985e238bfe6e4c5fd024ad6b5e65c1b0cc3e8955"",""invocation_index"":1000,""observation_relation"":""same_hotloop_sentinel"",""record_schema"":""xyxy_score_class_id_v1"",""relation_sha256"":""4b45eeb2d4cb5fb49f824964dfd2a424205a6c599fa91c98d6c6b9f3ff141965"",""schema"":""onnx-splitpoint/detection-completion-result-artifact"",""schema_sha256"":""a73d2d0aaa0ed1dd321ba64e0947106afeeb1744e60b6ac7ecc847d59583daa2"",""schema_version"":1,""sort_policy"":""score_desc_class_id_asc_xyxy_lexicographic_v1"",""source_content_sha256"":""d674b50006437c12ff782f98dc918d6812093cbaaeb3b12abcb824d3bec12197"",""source_endpoint_contract_hash"":""051f0d9e489355d312ad656532acf3ed8a2719774d8ef9843278818f5bd15adc"",""task"":""detection""},""artifact_sha256"":""76d53b1582e38fc1578ea75d8465452e1b0c05857aa1744765bfdde0d3e44b18"",""attestation_sha256"":""dd2c6da2860a116ea13c9cc5cd98bb5f78b99d13c08e25ab10f2c7d859c5b1b4"",""attested"":true,""comparison_endpoint_contract"":{""canonical_completion_policy_id"":""decoded_nms_xyxy_original_classaware_postfilter_v2"",""class_aware"":true,""class_id_semantics"":""integer_model_label_index"",""contract_family"":""decoded_nms"",""coordinate_space"":""original_image_xyxy_pixels"",""endpoint_contract_complete"":true,""endpoint_contract_hash"":""43612439aff99a683e0c32f17d9bc70074301ae7445e83c8307439856fbf8a08"",""input_hw"":[640,640],""iou_threshold"":0.45,""max_detections"":300,""model_family"":""yolov7"",""model_id"":""yolov7_paper"",""nms_semantics_id"":""class_aware_nms_xyxy_v1"",""output_endpoint_id"":""detection:decoded_nms:comparison:43612439aff99a683e0c32f17d9bc70074301ae7445e83c8307439856fbf8a08"",""output_record_format"":""xyxy_score_class"",""schema"":""onnx-splitpoint/completed-task-comparison-endpoint"",""schema_version"":2,""score_semantics"":""probability_0_1"",""score_threshold"":0.25,""stage"":""decoded_nms"",""task"":""detection""},""comparison_identity_verified"":true,""completed_endpoint_contract"":{""anchor_table_id"":""yolov7_paper_standard_anchors_640_v1"",""anchors_by_stride"":[{""anchors_wh"":[[12,16],[19,36],[40,28]],""grid_hw"":[80,80],""head_role"":""p3"",""stride"":8},{""anchors_wh"":[[36,75],[76,55],[72,146]],""grid_hw"":[40,40],""head_role"":""p4"",""stride"":16},{""anchors_wh"":[[142,110],[192,243],[459,401]],""grid_hw"":[20,20],""head_role"":""p5"",""stride"":32}],""class_aware"":true,""completed_stage"":""decoded_nms"",""confidence_threshold"":0.25,""contract_source"":""frozen_host_decode_nms_inside_measured_interval:v1"",""decoder_format"":""multiscale_head"",""decoder_id"":""yolov7_paper_standard_anchor_classaware_nms_v2"",""endpoint_contract_complete"":true,""endpoint_contract_hash"":""9fcb6b365748948cb2fd02716900f72ee603093c7fa3c4ba8d326c04d7286ff0"",""energy_scope"":""same_frozen_prepared_input_to_post_nms_hotloop"",""frozen_postprocess_contract_sha256"":""493d25b916f6f9ca2c5e9f15dd6a0cc6026ea0ce9a3bfaaa44d0344750547eb0"",""frozen_postprocess_invariant_contract_sha256"":""169abfd6a2a29a1d9cdc2e1b19ab761e6ea1457eaaa665550ceba566f1dcd8aa"",""input_hw"":[640,640],""iou_threshold"":0.45,""max_detections"":300,""model_bound_decoder_contract_sha256"":""725286e3e6be337b4cfdb0f20c5cd81647c9b2fdb37ac288afbc22cedb143b3f"",""model_sha256"":""7a13e66f91047cce0e251c05f64159646847e842af31d60441c63dcdfad7825d"",""nms_implementation"":""numpy_class_aware_nms_xyxy_v1"",""original_wh"":[640,483],""output_endpoint_id"":""detection:decoded_nms:9fcb6b365748948cb2fd02716900f72ee603093c7fa3c4ba8d326c04d7286ff0"",""performance_scope"":""prepared_input_to_post_nms_detections"",""raw_output_tensor_signature"":{""tensor_count"":3,""tensors"":[{""dtype"":""float32"",""index"":0,""name"":""yolov7_stride_8"",""rank"":5,""shape"":[1,3,80,80,85]},{""dtype"":""float32"",""index"":1,""name"":""yolov7_stride_16"",""rank"":5,""shape"":[1,3,40,40,85]},{""dtype"":""float32"",""index"":2,""name"":""yolov7_stride_32"",""rank"":5,""shape"":[1,3,20,20,85]}]},""schema"":""onnx-splitpoint/frozen-native-detection-completed-endpoint"",""schema_version"":2,""source_endpoint_contract_hash"":""051f0d9e489355d312ad656532acf3ed8a2719774d8ef9843278818f5bd15adc"",""source_stage"":""raw_head"",""task"":""detection""},""completed_frames"":1000,""completed_task_comparison_endpoint_contract"":{""canonical_completion_policy_id"":""decoded_nms_xyxy_original_classaware_postfilter_v2"",""class_aware"":true,""class_id_semantics"":""integer_model_label_index"",""contract_family"":""decoded_nms"",""coordinate_space"":""original_image_xyxy_pixels"",""endpoint_contract_complete"":true,""endpoint_contract_hash"":""43612439aff99a683e0c32f17d9bc70074301ae7445e83c8307439856fbf8a08"",""input_hw"":[640,640],""iou_threshold"":0.45,""max_detections"":300,""model_family"":""yolov7"",""model_id"":""yolov7_paper"",""nms_semantics_id"":""class_aware_nms_xyxy_v1"",""output_endpoint_id"":""detection:decoded_nms:comparison:43612439aff99a683e0c32f17d9bc70074301ae7445e83c8307439856fbf8a08"",""output_record_format"":""xyxy_score_class"",""schema"":""onnx-splitpoint/completed-task-comparison-endpoint"",""schema_version"":2,""score_semantics"":""probability_0_1"",""score_threshold"":0.25,""stage"":""decoded_nms"",""task"":""detection""},""completed_task_comparison_endpoint_contract_hash"":""43612439aff99a683e0c32f17d9bc70074301ae7445e83c8307439856fbf8a08"",""completed_task_comparison_output_endpoint_id"":""detection:decoded_nms:comparison:43612439aff99a683e0c32f17d9bc70074301ae7445e83c8307439856fbf8a08"",""completed_task_completion_mode"":""detection_completion_execution_v1"",""completed_work_units"":1000,""completion_count"":1000,""completion_count_verified"":true,""completion_mode"":""raw_head_frozen_decode_nms"",""content_sha256"":""2f711ea388f2b356ee4f2407da5260c00680a6d8102c7a1d501d57db89aa2bf1"",""contract_source"":""detection_completion_execution_inside_measured_hotloop:v1"",""endpoint"":""decoded_nms"",""endpoint_contract_complete"":true,""endpoint_contract_hash"":""9fcb6b365748948cb2fd02716900f72ee603093c7fa3c4ba8d326c04d7286ff0"",""exact_result_claim_bound"":true,""execution_contract_sha256"":""fa543cecf938b424cc6f69c600177cc5c91cd1edfa2f5dbb2dcd2ce85938f364"",""implementation_sha256"":""c09c2f8043f8bd150d8a44cb985e238bfe6e4c5fd024ad6b5e65c1b0cc3e8955"",""invocation_chain_sha256"":""f0010c5dfad3657f76a92592ae5bba12f099f25a64b84fe0e0b48cc99484142c"",""invocation_sha256"":""78e3dcdd43d5426cb67ca4523ddc9c5cbd46325a6458881e05619532be0356a4"",""last_result"":{""artifact"":{""comparison_endpoint_contract_hash"":""43612439aff99a683e0c32f17d9bc70074301ae7445e83c8307439856fbf8a08"",""completed_endpoint_contract_hash"":""9fcb6b365748948cb2fd02716900f72ee603093c7fa3c4ba8d326c04d7286ff0"",""completion_mode"":""raw_head_frozen_decode_nms"",""content_sha256"":""2f711ea388f2b356ee4f2407da5260c00680a6d8102c7a1d501d57db89aa2bf1"",""contract_family"":""decoded_nms"",""coordinate_space"":""original_image_xyxy_pixels"",""detection_count"":9,""detections"":[{""class_id"":59,""score"":0.9269940257072449,""x1"":2.0118865966796875,""x2"":400.0062255859375,""y1"":277.30926513671875,""y2"":477.1363525390625},{""class_id"":58,""score"":0.8837085962295532,""x1"":183.70663452148438,""x2"":243.21173095703125,""y1"":132.11090087890625,""y2"":228.7567138671875},{""class_id"":58,""score"":0.8747360706329346,""x1"":339.8546447753906,""x2"":429.7100524902344,""y1"":214.1085205078125,""y2"":351.68157958984375},{""class_id"":56,""score"":0.8542054295539856,""x1"":247.825927734375,""x2"":348.94677734375,""y1"":231.52978515625,""y2"":318.209716796875},{""class_id"":39,""score"":0.8335831761360168,""x1"":96.76021575927734,""x2"":114.21941375732422,""y1"":191.82305908203125,""y2"":233.75799560546875},{""class_id"":73,""score"":0.33349698781967163,""x1"":487.4185791015625,""x2"":510.995849609375,""y1"":247.81265258789062,""y2"":287.9218444824219},{""class_id"":73,""score"":0.31047818064689636,""x1"":507.50933837890625,""x2"":539.0841674804688,""y1"":247.94378662109375,""y2"":288.04949951171875},{""class_id"":75,""score"":0.295005738735199,""x1"":205.55743408203125,""x2"":231.92840576171875,""y1"":204.8419189453125,""y2"":228.68988037109375},{""class_id"":73,""score"":0.259655624628067,""x1"":477.9668273925781,""x2"":558.8294677734375,""y1"":44.91239929199219,""y2"":84.41142272949219}],""encoding"":""canonical_json_utf8_sort_keys_compact_no_nan_v1"",""execution_contract_sha256"":""fa543cecf938b424cc6f69c600177cc5c91cd1edfa2f5dbb2dcd2ce85938f364"",""implementation_sha256"":""c09c2f8043f8bd150d8a44cb985e238bfe6e4c5fd024ad6b5e65c1b0cc3e8955"",""invocation_index"":1000,""observation_relation"":""same_hotloop_sentinel"",""record_schema"":""xyxy_score_class_id_v1"",""relation_sha256"":""4b45eeb2d4cb5fb49f824964dfd2a424205a6c599fa91c98d6c6b9f3ff141965"",""schema"":""onnx-splitpoint/detection-completion-result-artifact"",""schema_sha256"":""a73d2d0aaa0ed1dd321ba64e0947106afeeb1744e60b6ac7ecc847d59583daa2"",""schema_version"":1,""sort_policy"":""score_desc_class_id_asc_xyxy_lexicographic_v1"",""source_content_sha256"":""d674b50006437c12ff782f98dc918d6812093cbaaeb3b12abcb824d3bec12197"",""source_endpoint_contract_hash"":""051f0d9e489355d312ad656532acf3ed8a2719774d8ef9843278818f5bd15adc"",""task"":""detection""},""artifact_sha256"":""76d53b1582e38fc1578ea75d8465452e1b0c05857aa1744765bfdde0d3e44b18"",""completion_mode"":""raw_head_frozen_decode_nms"",""content_sha256"":""2f711ea388f2b356ee4f2407da5260c00680a6d8102c7a1d501d57db89aa2bf1"",""contract_family"":""decoded_nms"",""coordinate_space"":""original_image_xyxy_pixels"",""detection_count"":9,""detections"":[{""class_id"":59,""score"":0.9269940257072449,""x1"":2.0118865966796875,""x2"":400.0062255859375,""y1"":277.30926513671875,""y2"":477.1363525390625},{""class_id"":58,""score"":0.8837085962295532,""x1"":183.70663452148438,""x2"":243.21173095703125,""y1"":132.11090087890625,""y2"":228.7567138671875},{""class_id"":58,""score"":0.8747360706329346,""x1"":339.8546447753906,""x2"":429.7100524902344,""y1"":214.1085205078125,""y2"":351.68157958984375},{""class_id"":56,""score"":0.8542054295539856,""x1"":247.825927734375,""x2"":348.94677734375,""y1"":231.52978515625,""y2"":318.209716796875},{""class_id"":39,""score"":0.8335831761360168,""x1"":96.76021575927734,""x2"":114.21941375732422,""y1"":191.82305908203125,""y2"":233.75799560546875},{""class_id"":73,""score"":0.33349698781967163,""x1"":487.4185791015625,""x2"":510.995849609375,""y1"":247.81265258789062,""y2"":287.9218444824219},{""class_id"":73,""score"":0.31047818064689636,""x1"":507.50933837890625,""x2"":539.0841674804688,""y1"":247.94378662109375,""y2"":288.04949951171875},{""class_id"":75,""score"":0.295005738735199,""x1"":205.55743408203125,""x2"":231.92840576171875,""y1"":204.8419189453125,""y2"":228.68988037109375},{""class_id"":73,""score"":0.259655624628067,""x1"":477.9668273925781,""x2"":558.8294677734375,""y1"":44.91239929199219,""y2"":84.41142272949219}],""execution_contract_sha256"":""fa543cecf938b424cc6f69c600177cc5c91cd1edfa2f5dbb2dcd2ce85938f364"",""host_nms_applied"":true,""implementation_sha256"":""c09c2f8043f8bd150d8a44cb985e238bfe6e4c5fd024ad6b5e65c1b0cc3e8955"",""invocation_index"":1000,""invocation_sha256"":""78e3dcdd43d5426cb67ca4523ddc9c5cbd46325a6458881e05619532be0356a4"",""observation_relation"":""same_hotloop_sentinel"",""record_schema"":""xyxy_score_class_id_v1"",""relation_sha256"":""4b45eeb2d4cb5fb49f824964dfd2a424205a6c599fa91c98d6c6b9f3ff141965"",""schema_sha256"":""a73d2d0aaa0ed1dd321ba64e0947106afeeb1744e60b6ac7ecc847d59583daa2"",""source_content_sha256"":""d674b50006437c12ff782f98dc918d6812093cbaaeb3b12abcb824d3bec12197"",""source_nms_attested"":false,""task"":""detection""},""observation_relation"":""same_hotloop_sentinel"",""output_endpoint_id"":""detection:decoded_nms:9fcb6b365748948cb2fd02716900f72ee603093c7fa3c4ba8d326c04d7286ff0"",""postprocess_completed_frames"":1000,""postprocess_completion_verified"":true,""relation_sha256"":""4b45eeb2d4cb5fb49f824964dfd2a424205a6c599fa91c98d6c6b9f3ff141965"",""same_hotloop_sentinel"":true,""schema"":""onnx-splitpoint/detection-completion-execution-attestation"",""schema_sha256"":""a73d2d0aaa0ed1dd321ba64e0947106afeeb1744e60b6ac7ecc847d59583daa2"",""schema_version"":2,""source_stage"":""raw_head"",""stage"":""decoded_nms"",""status"":""passed"",""task"":""detection""}",passed,True,False,False,False,False,,,,,,,True,False,"[""precision_variant_quality_not_verified""]",,,,,,False,[],/home/nx/native_fifo_evalsets/resnet_yolo26s_yolov7_v27549_phase2_ranking_audit_b500_20260820_070324/variants/v002_hailo10h_deepx_all_singles/yolov7_paper/benchmark_set/resources/validation/detection/val2017_n500_s20260710/000000000632.jpg,materialised_validation_subset:first_sorted,,False,development_or_screening,native_performance_matrix,/home/kmika/Models/EvaluationRuns/native_supplement_reprojected_v2762/reports/native_producer_combined_summary.json,False,False,False,quality_veto,"[""precision_quality_binding_not_verified"",""task_quality_observation_not_valid"",""central_quality_evidence_not_verified"",""task_quality_not_passed"",""quality_accuracy_gate_not_passed""]",False,development_or_screening,precision_variant_quality_not_verified
yolov7_paper,yolov7_paper,detection,raw_head,raw_detection_tensors,raw_head,explicit_producer_export_contract,True,051f0d9e489355d312ad656532acf3ed8a2719774d8ef9843278818f5bd15adc,"{""attested"":true,""declared_stage"":""raw_head"",""endpoint"":""raw_head"",""endpoint_contract_hash"":""051f0d9e489355d312ad656532acf3ed8a2719774d8ef9843278818f5bd15adc"",""reason"":""raw_detection_tensor_structure_verified"",""stage"":""raw_head"",""status"":""passed"",""tensor_signature"":{""tensor_count"":3,""tensors"":[{""dtype"":""float32"",""index"":0,""name"":""output"",""rank"":5,""shape"":[1,3,80,80,85]},{""dtype"":""float32"",""index"":1,""name"":""clone_1"",""rank"":5,""shape"":[1,3,40,40,85]},{""dtype"":""float32"",""index"":2,""name"":""clone_2"",""rank"":5,""shape"":[1,3,20,20,85]}]}}",,,,,b002,b002,hailo8_to_trt,native_split,native_split,native_fifo,orin_nx_hailo8_01,hailo8,uint8_dequant_fp16,uint8_dequant_fp16,hailo8_to_trt,ok,True,13.314220072040849,13.314220072040849,native_stage_concise_summary.fps_median,13.314220072040849,13.305733639282378,13.364744215105349,3,3,3,complete,median_with_deterministic_percentile_bootstrap_ci95,fresh_hailo_vstreams_trt_completion_runtime_per_repetition,True,median_of_independent_repetitions,False,,,,,,,,,,75.10766643402167,75.10766643402167,13.314220072040849,75.05159437085968,13.324167306274717,paper_fps,1.8590411411132663,unavailable,,,,,,,,,,,,,,,,,,,detection:raw_head:051f0d9e489355d312ad656532acf3ed8a2719774d8ef9843278818f5bd15adc,detection:raw_head:051f0d9e489355d312ad656532acf3ed8a2719774d8ef9843278818f5bd15adc,detection:decoded_nms:comparison:43612439aff99a683e0c32f17d9bc70074301ae7445e83c8307439856fbf8a08,True,True,"[""yolov7_paper"",""b002"",""native_split""]",True,unavailable,unavailable,,,,,,True,,,True,True,passed,detection_completion_execution_v1,False,True,True,yolov7_paper_standard_anchor_classaware_nms_v2,True,True,1000,True,,,,decoded_nms,decoded_nms,"{""anchor_table_id"":""yolov7_paper_standard_anchors_640_v1"",""anchors_by_stride"":[{""anchors_wh"":[[12,16],[19,36],[40,28]],""grid_hw"":[80,80],""head_role"":""p3"",""stride"":8},{""anchors_wh"":[[36,75],[76,55],[72,146]],""grid_hw"":[40,40],""head_role"":""p4"",""stride"":16},{""anchors_wh"":[[142,110],[192,243],[459,401]],""grid_hw"":[20,20],""head_role"":""p5"",""stride"":32}],""class_aware"":true,""completed_stage"":""decoded_nms"",""confidence_threshold"":0.25,""contract_source"":""frozen_host_decode_nms_inside_measured_interval:v1"",""decoder_format"":""multiscale_head"",""decoder_id"":""yolov7_paper_standard_anchor_classaware_nms_v2"",""endpoint_contract_complete"":true,""endpoint_contract_hash"":""40375eaa77cb7bc2efab7bd6bb0847ca4ea1cc3382bb54f519693e66b61cc9f8"",""energy_scope"":""same_frozen_prepared_input_to_post_nms_hotloop"",""frozen_postprocess_contract_sha256"":""b24aaa24d4430e9b489047807fbcea6ec336dc4059ec5f7c06fe3714397f8b39"",""frozen_postprocess_invariant_contract_sha256"":""169abfd6a2a29a1d9cdc2e1b19ab761e6ea1457eaaa665550ceba566f1dcd8aa"",""input_hw"":[640,640],""iou_threshold"":0.45,""max_detections"":300,""model_bound_decoder_contract_sha256"":""725286e3e6be337b4cfdb0f20c5cd81647c9b2fdb37ac288afbc22cedb143b3f"",""model_sha256"":""7a13e66f91047cce0e251c05f64159646847e842af31d60441c63dcdfad7825d"",""nms_implementation"":""numpy_class_aware_nms_xyxy_v1"",""original_wh"":[500,335],""output_endpoint_id"":""detection:decoded_nms:40375eaa77cb7bc2efab7bd6bb0847ca4ea1cc3382bb54f519693e66b61cc9f8"",""performance_scope"":""prepared_input_to_post_nms_detections"",""raw_output_tensor_signature"":{""tensor_count"":3,""tensors"":[{""dtype"":""float32"",""index"":0,""name"":""yolov7_stride_8"",""rank"":5,""shape"":[1,3,80,80,85]},{""dtype"":""float32"",""index"":1,""name"":""yolov7_stride_16"",""rank"":5,""shape"":[1,3,40,40,85]},{""dtype"":""float32"",""index"":2,""name"":""yolov7_stride_32"",""rank"":5,""shape"":[1,3,20,20,85]}]},""schema"":""onnx-splitpoint/frozen-native-detection-completed-endpoint"",""schema_version"":2,""source_endpoint_contract_hash"":""051f0d9e489355d312ad656532acf3ed8a2719774d8ef9843278818f5bd15adc"",""source_stage"":""raw_head"",""task"":""detection""}",40375eaa77cb7bc2efab7bd6bb0847ca4ea1cc3382bb54f519693e66b61cc9f8,detection:decoded_nms:40375eaa77cb7bc2efab7bd6bb0847ca4ea1cc3382bb54f519693e66b61cc9f8,"{""canonical_completion_policy_id"":""decoded_nms_xyxy_original_classaware_postfilter_v2"",""class_aware"":true,""class_id_semantics"":""integer_model_label_index"",""contract_family"":""decoded_nms"",""coordinate_space"":""original_image_xyxy_pixels"",""endpoint_contract_complete"":true,""endpoint_contract_hash"":""43612439aff99a683e0c32f17d9bc70074301ae7445e83c8307439856fbf8a08"",""input_hw"":[640,640],""iou_threshold"":0.45,""max_detections"":300,""model_family"":""yolov7"",""model_id"":""yolov7_paper"",""nms_semantics_id"":""class_aware_nms_xyxy_v1"",""output_endpoint_id"":""detection:decoded_nms:comparison:43612439aff99a683e0c32f17d9bc70074301ae7445e83c8307439856fbf8a08"",""output_record_format"":""xyxy_score_class"",""schema"":""onnx-splitpoint/completed-task-comparison-endpoint"",""schema_version"":2,""score_semantics"":""probability_0_1"",""score_threshold"":0.25,""stage"":""decoded_nms"",""task"":""detection""}",43612439aff99a683e0c32f17d9bc70074301ae7445e83c8307439856fbf8a08,detection:decoded_nms:comparison:43612439aff99a683e0c32f17d9bc70074301ae7445e83c8307439856fbf8a08,detection_completion_execution_v1,True,"{""artifact"":{""comparison_endpoint_contract_hash"":""43612439aff99a683e0c32f17d9bc70074301ae7445e83c8307439856fbf8a08"",""completed_endpoint_contract_hash"":""40375eaa77cb7bc2efab7bd6bb0847ca4ea1cc3382bb54f519693e66b61cc9f8"",""completion_mode"":""raw_head_frozen_decode_nms"",""content_sha256"":""2f30561b724e6bfc643711adb93f4d807ce3f2db50bac2083d6fdf47af197ce3"",""contract_family"":""decoded_nms"",""coordinate_space"":""original_image_xyxy_pixels"",""detection_count"":3,""detections"":[{""class_id"":0,""score"":0.9317710995674133,""x1"":234.7218780517578,""x2"":395.94219970703125,""y1"":83.05816650390625,""y2"":269.3040466308594},{""class_id"":7,""score"":0.3262181580066681,""x1"":22.251558303833008,""x2"":495.15386962890625,""y1"":0.825810432434082,""y2"":332.55120849609375},{""class_id"":2,""score"":0.2603553533554077,""x1"":17.7294979095459,""x2"":494.1224060058594,""y1"":1.6170740127563477,""y2"":330.2223205566406}],""encoding"":""canonical_json_utf8_sort_keys_compact_no_nan_v1"",""execution_contract_sha256"":""6b51c03ce00046bc1b365b6e6851736b52a86f9b91504ee468b742d7b8fc4dcb"",""implementation_sha256"":""5f8044379b62b7a10578356acee54bdc3df7d1c78d81bee97f1275c5eac19b3e"",""invocation_index"":1000,""observation_relation"":""same_hotloop_sentinel"",""record_schema"":""xyxy_score_class_id_v1"",""relation_sha256"":""f9ec4387e98ade17a530995a41472f0904134155fed3bbb4afcd36bd4b4446d6"",""schema"":""onnx-splitpoint/detection-completion-result-artifact"",""schema_sha256"":""baf86bdd4b4d4c4d2b2769f983fece2e0f70221170675fbd08a5233cc6c3f9fa"",""schema_version"":1,""sort_policy"":""score_desc_class_id_asc_xyxy_lexicographic_v1"",""source_content_sha256"":""6742c149922141ca419e98f93e2f55a1822d143c3a17507be6c812488c948791"",""source_endpoint_contract_hash"":""051f0d9e489355d312ad656532acf3ed8a2719774d8ef9843278818f5bd15adc"",""task"":""detection""},""artifact_sha256"":""54f8b657de2d0b942e1f5b4430356c9b9df814bcda4b7720d01fcdfd05352fc8"",""attestation_sha256"":""cb968c5b387ae27d2c5dac3241bc0502da4ed8b27ab936ba363461f5150547bc"",""attested"":true,""comparison_endpoint_contract"":{""canonical_completion_policy_id"":""decoded_nms_xyxy_original_classaware_postfilter_v2"",""class_aware"":true,""class_id_semantics"":""integer_model_label_index"",""contract_family"":""decoded_nms"",""coordinate_space"":""original_image_xyxy_pixels"",""endpoint_contract_complete"":true,""endpoint_contract_hash"":""43612439aff99a683e0c32f17d9bc70074301ae7445e83c8307439856fbf8a08"",""input_hw"":[640,640],""iou_threshold"":0.45,""max_detections"":300,""model_family"":""yolov7"",""model_id"":""yolov7_paper"",""nms_semantics_id"":""class_aware_nms_xyxy_v1"",""output_endpoint_id"":""detection:decoded_nms:comparison:43612439aff99a683e0c32f17d9bc70074301ae7445e83c8307439856fbf8a08"",""output_record_format"":""xyxy_score_class"",""schema"":""onnx-splitpoint/completed-task-comparison-endpoint"",""schema_version"":2,""score_semantics"":""probability_0_1"",""score_threshold"":0.25,""stage"":""decoded_nms"",""task"":""detection""},""comparison_identity_verified"":true,""completed_endpoint_contract"":{""anchor_table_id"":""yolov7_paper_standard_anchors_640_v1"",""anchors_by_stride"":[{""anchors_wh"":[[12,16],[19,36],[40,28]],""grid_hw"":[80,80],""head_role"":""p3"",""stride"":8},{""anchors_wh"":[[36,75],[76,55],[72,146]],""grid_hw"":[40,40],""head_role"":""p4"",""stride"":16},{""anchors_wh"":[[142,110],[192,243],[459,401]],""grid_hw"":[20,20],""head_role"":""p5"",""stride"":32}],""class_aware"":true,""completed_stage"":""decoded_nms"",""confidence_threshold"":0.25,""contract_source"":""frozen_host_decode_nms_inside_measured_interval:v1"",""decoder_format"":""multiscale_head"",""decoder_id"":""yolov7_paper_standard_anchor_classaware_nms_v2"",""endpoint_contract_complete"":true,""endpoint_contract_hash"":""40375eaa77cb7bc2efab7bd6bb0847ca4ea1cc3382bb54f519693e66b61cc9f8"",""energy_scope"":""same_frozen_prepared_input_to_post_nms_hotloop"",""frozen_postprocess_contract_sha256"":""b24aaa24d4430e9b489047807fbcea6ec336dc4059ec5f7c06fe3714397f8b39"",""frozen_postprocess_invariant_contract_sha256"":""169abfd6a2a29a1d9cdc2e1b19ab761e6ea1457eaaa665550ceba566f1dcd8aa"",""input_hw"":[640,640],""iou_threshold"":0.45,""max_detections"":300,""model_bound_decoder_contract_sha256"":""725286e3e6be337b4cfdb0f20c5cd81647c9b2fdb37ac288afbc22cedb143b3f"",""model_sha256"":""7a13e66f91047cce0e251c05f64159646847e842af31d60441c63dcdfad7825d"",""nms_implementation"":""numpy_class_aware_nms_xyxy_v1"",""original_wh"":[500,335],""output_endpoint_id"":""detection:decoded_nms:40375eaa77cb7bc2efab7bd6bb0847ca4ea1cc3382bb54f519693e66b61cc9f8"",""performance_scope"":""prepared_input_to_post_nms_detections"",""raw_output_tensor_signature"":{""tensor_count"":3,""tensors"":[{""dtype"":""float32"",""index"":0,""name"":""yolov7_stride_8"",""rank"":5,""shape"":[1,3,80,80,85]},{""dtype"":""float32"",""index"":1,""name"":""yolov7_stride_16"",""rank"":5,""shape"":[1,3,40,40,85]},{""dtype"":""float32"",""index"":2,""name"":""yolov7_stride_32"",""rank"":5,""shape"":[1,3,20,20,85]}]},""schema"":""onnx-splitpoint/frozen-native-detection-completed-endpoint"",""schema_version"":2,""source_endpoint_contract_hash"":""051f0d9e489355d312ad656532acf3ed8a2719774d8ef9843278818f5bd15adc"",""source_stage"":""raw_head"",""task"":""detection""},""completed_frames"":1000,""completed_task_comparison_endpoint_contract"":{""canonical_completion_policy_id"":""decoded_nms_xyxy_original_classaware_postfilter_v2"",""class_aware"":true,""class_id_semantics"":""integer_model_label_index"",""contract_family"":""decoded_nms"",""coordinate_space"":""original_image_xyxy_pixels"",""endpoint_contract_complete"":true,""endpoint_contract_hash"":""43612439aff99a683e0c32f17d9bc70074301ae7445e83c8307439856fbf8a08"",""input_hw"":[640,640],""iou_threshold"":0.45,""max_detections"":300,""model_family"":""yolov7"",""model_id"":""yolov7_paper"",""nms_semantics_id"":""class_aware_nms_xyxy_v1"",""output_endpoint_id"":""detection:decoded_nms:comparison:43612439aff99a683e0c32f17d9bc70074301ae7445e83c8307439856fbf8a08"",""output_record_format"":""xyxy_score_class"",""schema"":""onnx-splitpoint/completed-task-comparison-endpoint"",""schema_version"":2,""score_semantics"":""probability_0_1"",""score_threshold"":0.25,""stage"":""decoded_nms"",""task"":""detection""},""completed_task_comparison_endpoint_contract_hash"":""43612439aff99a683e0c32f17d9bc70074301ae7445e83c8307439856fbf8a08"",""completed_task_comparison_output_endpoint_id"":""detection:decoded_nms:comparison:43612439aff99a683e0c32f17d9bc70074301ae7445e83c8307439856fbf8a08"",""completed_task_completion_mode"":""detection_completion_execution_v1"",""completed_work_units"":1000,""completion_count"":1000,""completion_count_verified"":true,""completion_mode"":""raw_head_frozen_decode_nms"",""content_sha256"":""2f30561b724e6bfc643711adb93f4d807ce3f2db50bac2083d6fdf47af197ce3"",""contract_source"":""detection_completion_execution_inside_measured_hotloop:v1"",""endpoint"":""decoded_nms"",""endpoint_contract_complete"":true,""endpoint_contract_hash"":""40375eaa77cb7bc2efab7bd6bb0847ca4ea1cc3382bb54f519693e66b61cc9f8"",""exact_result_claim_bound"":true,""execution_contract_sha256"":""6b51c03ce00046bc1b365b6e6851736b52a86f9b91504ee468b742d7b8fc4dcb"",""implementation_sha256"":""5f8044379b62b7a10578356acee54bdc3df7d1c78d81bee97f1275c5eac19b3e"",""invocation_chain_sha256"":""cdc55a931a0e9d12f6161812fe2bc524d99732ead99ad64521e237cf654732a6"",""invocation_sha256"":""e14373922497c36ab008e2e7683ad980a1507b945459b72631a7b543dc3f92c3"",""last_result"":{""artifact"":{""comparison_endpoint_contract_hash"":""43612439aff99a683e0c32f17d9bc70074301ae7445e83c8307439856fbf8a08"",""completed_endpoint_contract_hash"":""40375eaa77cb7bc2efab7bd6bb0847ca4ea1cc3382bb54f519693e66b61cc9f8"",""completion_mode"":""raw_head_frozen_decode_nms"",""content_sha256"":""2f30561b724e6bfc643711adb93f4d807ce3f2db50bac2083d6fdf47af197ce3"",""contract_family"":""decoded_nms"",""coordinate_space"":""original_image_xyxy_pixels"",""detection_count"":3,""detections"":[{""class_id"":0,""score"":0.9317710995674133,""x1"":234.7218780517578,""x2"":395.94219970703125,""y1"":83.05816650390625,""y2"":269.3040466308594},{""class_id"":7,""score"":0.3262181580066681,""x1"":22.251558303833008,""x2"":495.15386962890625,""y1"":0.825810432434082,""y2"":332.55120849609375},{""class_id"":2,""score"":0.2603553533554077,""x1"":17.7294979095459,""x2"":494.1224060058594,""y1"":1.6170740127563477,""y2"":330.2223205566406}],""encoding"":""canonical_json_utf8_sort_keys_compact_no_nan_v1"",""execution_contract_sha256"":""6b51c03ce00046bc1b365b6e6851736b52a86f9b91504ee468b742d7b8fc4dcb"",""implementation_sha256"":""5f8044379b62b7a10578356acee54bdc3df7d1c78d81bee97f1275c5eac19b3e"",""invocation_index"":1000,""observation_relation"":""same_hotloop_sentinel"",""record_schema"":""xyxy_score_class_id_v1"",""relation_sha256"":""f9ec4387e98ade17a530995a41472f0904134155fed3bbb4afcd36bd4b4446d6"",""schema"":""onnx-splitpoint/detection-completion-result-artifact"",""schema_sha256"":""baf86bdd4b4d4c4d2b2769f983fece2e0f70221170675fbd08a5233cc6c3f9fa"",""schema_version"":1,""sort_policy"":""score_desc_class_id_asc_xyxy_lexicographic_v1"",""source_content_sha256"":""6742c149922141ca419e98f93e2f55a1822d143c3a17507be6c812488c948791"",""source_endpoint_contract_hash"":""051f0d9e489355d312ad656532acf3ed8a2719774d8ef9843278818f5bd15adc"",""task"":""detection""},""artifact_sha256"":""54f8b657de2d0b942e1f5b4430356c9b9df814bcda4b7720d01fcdfd05352fc8"",""completion_mode"":""raw_head_frozen_decode_nms"",""content_sha256"":""2f30561b724e6bfc643711adb93f4d807ce3f2db50bac2083d6fdf47af197ce3"",""contract_family"":""decoded_nms"",""coordinate_space"":""original_image_xyxy_pixels"",""detection_count"":3,""detections"":[{""class_id"":0,""score"":0.9317710995674133,""x1"":234.7218780517578,""x2"":395.94219970703125,""y1"":83.05816650390625,""y2"":269.3040466308594},{""class_id"":7,""score"":0.3262181580066681,""x1"":22.251558303833008,""x2"":495.15386962890625,""y1"":0.825810432434082,""y2"":332.55120849609375},{""class_id"":2,""score"":0.2603553533554077,""x1"":17.7294979095459,""x2"":494.1224060058594,""y1"":1.6170740127563477,""y2"":330.2223205566406}],""execution_contract_sha256"":""6b51c03ce00046bc1b365b6e6851736b52a86f9b91504ee468b742d7b8fc4dcb"",""host_nms_applied"":true,""implementation_sha256"":""5f8044379b62b7a10578356acee54bdc3df7d1c78d81bee97f1275c5eac19b3e"",""invocation_index"":1000,""invocation_sha256"":""e14373922497c36ab008e2e7683ad980a1507b945459b72631a7b543dc3f92c3"",""observation_relation"":""same_hotloop_sentinel"",""record_schema"":""xyxy_score_class_id_v1"",""relation_sha256"":""f9ec4387e98ade17a530995a41472f0904134155fed3bbb4afcd36bd4b4446d6"",""schema_sha256"":""baf86bdd4b4d4c4d2b2769f983fece2e0f70221170675fbd08a5233cc6c3f9fa"",""source_content_sha256"":""6742c149922141ca419e98f93e2f55a1822d143c3a17507be6c812488c948791"",""source_nms_attested"":false,""task"":""detection""},""observation_relation"":""same_hotloop_sentinel"",""output_endpoint_id"":""detection:decoded_nms:40375eaa77cb7bc2efab7bd6bb0847ca4ea1cc3382bb54f519693e66b61cc9f8"",""postprocess_completed_frames"":1000,""postprocess_completion_verified"":true,""relation_sha256"":""f9ec4387e98ade17a530995a41472f0904134155fed3bbb4afcd36bd4b4446d6"",""same_hotloop_sentinel"":true,""schema"":""onnx-splitpoint/detection-completion-execution-attestation"",""schema_sha256"":""baf86bdd4b4d4c4d2b2769f983fece2e0f70221170675fbd08a5233cc6c3f9fa"",""schema_version"":2,""source_stage"":""raw_head"",""stage"":""decoded_nms"",""status"":""passed"",""task"":""detection""}",passed,True,False,False,False,False,,,,,,,True,False,"[""precision_variant_quality_not_verified""]",,,,,,False,[],/home/nx/native_fifo_evalsets/resnet_yolo26s_yolov7_v27549_phase2_ranking_audit_b500_20260820_070324/variants/v001_hailo8_detection_singles/yolov7_paper/benchmark_set/resources/validation/detection/val2017_n500_s20260710/000000212226.jpg,exact_file,,False,development_or_screening,native_performance_matrix,/home/kmika/Models/EvaluationRuns/native_supplement_reprojected_v2762/reports/native_producer_combined_summary.json,False,False,False,quality_veto,"[""precision_quality_binding_not_verified"",""task_quality_observation_not_valid"",""central_quality_evidence_not_verified"",""task_quality_not_passed"",""quality_accuracy_gate_not_passed""]",False,development_or_screening,precision_variant_quality_not_verified
yolov7_paper,yolov7_paper,detection,raw_head,raw_detection_tensors,raw_head,explicit_producer_export_contract,True,051f0d9e489355d312ad656532acf3ed8a2719774d8ef9843278818f5bd15adc,"{""attested"":true,""declared_stage"":""raw_head"",""endpoint"":""raw_head"",""endpoint_contract_hash"":""051f0d9e489355d312ad656532acf3ed8a2719774d8ef9843278818f5bd15adc"",""reason"":""raw_detection_tensor_structure_verified"",""stage"":""raw_head"",""status"":""passed"",""tensor_signature"":{""tensor_count"":3,""tensors"":[{""dtype"":""float32"",""index"":0,""name"":""output"",""rank"":5,""shape"":[1,3,80,80,85]},{""dtype"":""float32"",""index"":1,""name"":""clone_1"",""rank"":5,""shape"":[1,3,40,40,85]},{""dtype"":""float32"",""index"":2,""name"":""clone_2"",""rank"":5,""shape"":[1,3,20,20,85]}]}}",,,,,b044,b044,hailo8_to_trt,native_split,native_split,native_fifo,orin_nx_hailo8_01,hailo8,uint8_dequant_fp16,uint8_dequant_fp16,hailo8_to_trt,ok,True,15.97436137950548,15.97436137950548,native_stage_concise_summary.fps_median,15.97436137950548,15.97428796705334,16.019489289647304,3,3,3,complete,median_with_deterministic_percentile_bootstrap_ci95,fresh_hailo_vstreams_trt_completion_runtime_per_repetition,True,median_of_independent_repetitions,False,,,,,,,,,,62.60031160200015,62.60031160200015,15.97436137950548,62.56203716178425,15.984134234855858,paper_fps,0.2505329739069566,unavailable,,,,,,,,,,,,,,,,,,,detection:raw_head:051f0d9e489355d312ad656532acf3ed8a2719774d8ef9843278818f5bd15adc,detection:raw_head:051f0d9e489355d312ad656532acf3ed8a2719774d8ef9843278818f5bd15adc,detection:decoded_nms:comparison:43612439aff99a683e0c32f17d9bc70074301ae7445e83c8307439856fbf8a08,True,True,"[""yolov7_paper"",""b044"",""native_split""]",True,unavailable,unavailable,,,,,,True,,,True,True,passed,detection_completion_execution_v1,False,True,True,yolov7_paper_standard_anchor_classaware_nms_v2,True,True,1000,True,,,,decoded_nms,decoded_nms,"{""anchor_table_id"":""yolov7_paper_standard_anchors_640_v1"",""anchors_by_stride"":[{""anchors_wh"":[[12,16],[19,36],[40,28]],""grid_hw"":[80,80],""head_role"":""p3"",""stride"":8},{""anchors_wh"":[[36,75],[76,55],[72,146]],""grid_hw"":[40,40],""head_role"":""p4"",""stride"":16},{""anchors_wh"":[[142,110],[192,243],[459,401]],""grid_hw"":[20,20],""head_role"":""p5"",""stride"":32}],""class_aware"":true,""completed_stage"":""decoded_nms"",""confidence_threshold"":0.25,""contract_source"":""frozen_host_decode_nms_inside_measured_interval:v1"",""decoder_format"":""multiscale_head"",""decoder_id"":""yolov7_paper_standard_anchor_classaware_nms_v2"",""endpoint_contract_complete"":true,""endpoint_contract_hash"":""40375eaa77cb7bc2efab7bd6bb0847ca4ea1cc3382bb54f519693e66b61cc9f8"",""energy_scope"":""same_frozen_prepared_input_to_post_nms_hotloop"",""frozen_postprocess_contract_sha256"":""b24aaa24d4430e9b489047807fbcea6ec336dc4059ec5f7c06fe3714397f8b39"",""frozen_postprocess_invariant_contract_sha256"":""169abfd6a2a29a1d9cdc2e1b19ab761e6ea1457eaaa665550ceba566f1dcd8aa"",""input_hw"":[640,640],""iou_threshold"":0.45,""max_detections"":300,""model_bound_decoder_contract_sha256"":""725286e3e6be337b4cfdb0f20c5cd81647c9b2fdb37ac288afbc22cedb143b3f"",""model_sha256"":""7a13e66f91047cce0e251c05f64159646847e842af31d60441c63dcdfad7825d"",""nms_implementation"":""numpy_class_aware_nms_xyxy_v1"",""original_wh"":[500,335],""output_endpoint_id"":""detection:decoded_nms:40375eaa77cb7bc2efab7bd6bb0847ca4ea1cc3382bb54f519693e66b61cc9f8"",""performance_scope"":""prepared_input_to_post_nms_detections"",""raw_output_tensor_signature"":{""tensor_count"":3,""tensors"":[{""dtype"":""float32"",""index"":0,""name"":""yolov7_stride_8"",""rank"":5,""shape"":[1,3,80,80,85]},{""dtype"":""float32"",""index"":1,""name"":""yolov7_stride_16"",""rank"":5,""shape"":[1,3,40,40,85]},{""dtype"":""float32"",""index"":2,""name"":""yolov7_stride_32"",""rank"":5,""shape"":[1,3,20,20,85]}]},""schema"":""onnx-splitpoint/frozen-native-detection-completed-endpoint"",""schema_version"":2,""source_endpoint_contract_hash"":""051f0d9e489355d312ad656532acf3ed8a2719774d8ef9843278818f5bd15adc"",""source_stage"":""raw_head"",""task"":""detection""}",40375eaa77cb7bc2efab7bd6bb0847ca4ea1cc3382bb54f519693e66b61cc9f8,detection:decoded_nms:40375eaa77cb7bc2efab7bd6bb0847ca4ea1cc3382bb54f519693e66b61cc9f8,"{""canonical_completion_policy_id"":""decoded_nms_xyxy_original_classaware_postfilter_v2"",""class_aware"":true,""class_id_semantics"":""integer_model_label_index"",""contract_family"":""decoded_nms"",""coordinate_space"":""original_image_xyxy_pixels"",""endpoint_contract_complete"":true,""endpoint_contract_hash"":""43612439aff99a683e0c32f17d9bc70074301ae7445e83c8307439856fbf8a08"",""input_hw"":[640,640],""iou_threshold"":0.45,""max_detections"":300,""model_family"":""yolov7"",""model_id"":""yolov7_paper"",""nms_semantics_id"":""class_aware_nms_xyxy_v1"",""output_endpoint_id"":""detection:decoded_nms:comparison:43612439aff99a683e0c32f17d9bc70074301ae7445e83c8307439856fbf8a08"",""output_record_format"":""xyxy_score_class"",""schema"":""onnx-splitpoint/completed-task-comparison-endpoint"",""schema_version"":2,""score_semantics"":""probability_0_1"",""score_threshold"":0.25,""stage"":""decoded_nms"",""task"":""detection""}",43612439aff99a683e0c32f17d9bc70074301ae7445e83c8307439856fbf8a08,detection:decoded_nms:comparison:43612439aff99a683e0c32f17d9bc70074301ae7445e83c8307439856fbf8a08,detection_completion_execution_v1,True,"{""artifact"":{""comparison_endpoint_contract_hash"":""43612439aff99a683e0c32f17d9bc70074301ae7445e83c8307439856fbf8a08"",""completed_endpoint_contract_hash"":""40375eaa77cb7bc2efab7bd6bb0847ca4ea1cc3382bb54f519693e66b61cc9f8"",""completion_mode"":""raw_head_frozen_decode_nms"",""content_sha256"":""be5d26c07a56d469eb862abaa66a232a590f8e450412e208b1946be044d93aa1"",""contract_family"":""decoded_nms"",""coordinate_space"":""original_image_xyxy_pixels"",""detection_count"":3,""detections"":[{""class_id"":0,""score"":0.9365707635879517,""x1"":234.6396026611328,""x2"":395.63250732421875,""y1"":83.03890228271484,""y2"":269.3766174316406},{""class_id"":7,""score"":0.31160956621170044,""x1"":24.106359481811523,""x2"":495.9688720703125,""y1"":0.6735324859619141,""y2"":332.6186218261719},{""class_id"":2,""score"":0.31048938632011414,""x1"":19.114065170288086,""x2"":494.71875,""y1"":1.6449451446533203,""y2"":330.0936279296875}],""encoding"":""canonical_json_utf8_sort_keys_compact_no_nan_v1"",""execution_contract_sha256"":""6b51c03ce00046bc1b365b6e6851736b52a86f9b91504ee468b742d7b8fc4dcb"",""implementation_sha256"":""5f8044379b62b7a10578356acee54bdc3df7d1c78d81bee97f1275c5eac19b3e"",""invocation_index"":1000,""observation_relation"":""same_hotloop_sentinel"",""record_schema"":""xyxy_score_class_id_v1"",""relation_sha256"":""f9ec4387e98ade17a530995a41472f0904134155fed3bbb4afcd36bd4b4446d6"",""schema"":""onnx-splitpoint/detection-completion-result-artifact"",""schema_sha256"":""baf86bdd4b4d4c4d2b2769f983fece2e0f70221170675fbd08a5233cc6c3f9fa"",""schema_version"":1,""sort_policy"":""score_desc_class_id_asc_xyxy_lexicographic_v1"",""source_content_sha256"":""ce7c4bc0c0ea13767fc3cc4e4c99b6d2fe28d9c4dc06b0927b15bf765e9daca0"",""source_endpoint_contract_hash"":""051f0d9e489355d312ad656532acf3ed8a2719774d8ef9843278818f5bd15adc"",""task"":""detection""},""artifact_sha256"":""b04696156cdce13359c934e0e9d8d3fc9601db9dffadb290272c9130bbaf4635"",""attestation_sha256"":""03e2e257d7f57b6c8a517a90386bd872628f2b73d4a19b70fdfec8e032984d47"",""attested"":true,""comparison_endpoint_contract"":{""canonical_completion_policy_id"":""decoded_nms_xyxy_original_classaware_postfilter_v2"",""class_aware"":true,""class_id_semantics"":""integer_model_label_index"",""contract_family"":""decoded_nms"",""coordinate_space"":""original_image_xyxy_pixels"",""endpoint_contract_complete"":true,""endpoint_contract_hash"":""43612439aff99a683e0c32f17d9bc70074301ae7445e83c8307439856fbf8a08"",""input_hw"":[640,640],""iou_threshold"":0.45,""max_detections"":300,""model_family"":""yolov7"",""model_id"":""yolov7_paper"",""nms_semantics_id"":""class_aware_nms_xyxy_v1"",""output_endpoint_id"":""detection:decoded_nms:comparison:43612439aff99a683e0c32f17d9bc70074301ae7445e83c8307439856fbf8a08"",""output_record_format"":""xyxy_score_class"",""schema"":""onnx-splitpoint/completed-task-comparison-endpoint"",""schema_version"":2,""score_semantics"":""probability_0_1"",""score_threshold"":0.25,""stage"":""decoded_nms"",""task"":""detection""},""comparison_identity_verified"":true,""completed_endpoint_contract"":{""anchor_table_id"":""yolov7_paper_standard_anchors_640_v1"",""anchors_by_stride"":[{""anchors_wh"":[[12,16],[19,36],[40,28]],""grid_hw"":[80,80],""head_role"":""p3"",""stride"":8},{""anchors_wh"":[[36,75],[76,55],[72,146]],""grid_hw"":[40,40],""head_role"":""p4"",""stride"":16},{""anchors_wh"":[[142,110],[192,243],[459,401]],""grid_hw"":[20,20],""head_role"":""p5"",""stride"":32}],""class_aware"":true,""completed_stage"":""decoded_nms"",""confidence_threshold"":0.25,""contract_source"":""frozen_host_decode_nms_inside_measured_interval:v1"",""decoder_format"":""multiscale_head"",""decoder_id"":""yolov7_paper_standard_anchor_classaware_nms_v2"",""endpoint_contract_complete"":true,""endpoint_contract_hash"":""40375eaa77cb7bc2efab7bd6bb0847ca4ea1cc3382bb54f519693e66b61cc9f8"",""energy_scope"":""same_frozen_prepared_input_to_post_nms_hotloop"",""frozen_postprocess_contract_sha256"":""b24aaa24d4430e9b489047807fbcea6ec336dc4059ec5f7c06fe3714397f8b39"",""frozen_postprocess_invariant_contract_sha256"":""169abfd6a2a29a1d9cdc2e1b19ab761e6ea1457eaaa665550ceba566f1dcd8aa"",""input_hw"":[640,640],""iou_threshold"":0.45,""max_detections"":300,""model_bound_decoder_contract_sha256"":""725286e3e6be337b4cfdb0f20c5cd81647c9b2fdb37ac288afbc22cedb143b3f"",""model_sha256"":""7a13e66f91047cce0e251c05f64159646847e842af31d60441c63dcdfad7825d"",""nms_implementation"":""numpy_class_aware_nms_xyxy_v1"",""original_wh"":[500,335],""output_endpoint_id"":""detection:decoded_nms:40375eaa77cb7bc2efab7bd6bb0847ca4ea1cc3382bb54f519693e66b61cc9f8"",""performance_scope"":""prepared_input_to_post_nms_detections"",""raw_output_tensor_signature"":{""tensor_count"":3,""tensors"":[{""dtype"":""float32"",""index"":0,""name"":""yolov7_stride_8"",""rank"":5,""shape"":[1,3,80,80,85]},{""dtype"":""float32"",""index"":1,""name"":""yolov7_stride_16"",""rank"":5,""shape"":[1,3,40,40,85]},{""dtype"":""float32"",""index"":2,""name"":""yolov7_stride_32"",""rank"":5,""shape"":[1,3,20,20,85]}]},""schema"":""onnx-splitpoint/frozen-native-detection-completed-endpoint"",""schema_version"":2,""source_endpoint_contract_hash"":""051f0d9e489355d312ad656532acf3ed8a2719774d8ef9843278818f5bd15adc"",""source_stage"":""raw_head"",""task"":""detection""},""completed_frames"":1000,""completed_task_comparison_endpoint_contract"":{""canonical_completion_policy_id"":""decoded_nms_xyxy_original_classaware_postfilter_v2"",""class_aware"":true,""class_id_semantics"":""integer_model_label_index"",""contract_family"":""decoded_nms"",""coordinate_space"":""original_image_xyxy_pixels"",""endpoint_contract_complete"":true,""endpoint_contract_hash"":""43612439aff99a683e0c32f17d9bc70074301ae7445e83c8307439856fbf8a08"",""input_hw"":[640,640],""iou_threshold"":0.45,""max_detections"":300,""model_family"":""yolov7"",""model_id"":""yolov7_paper"",""nms_semantics_id"":""class_aware_nms_xyxy_v1"",""output_endpoint_id"":""detection:decoded_nms:comparison:43612439aff99a683e0c32f17d9bc70074301ae7445e83c8307439856fbf8a08"",""output_record_format"":""xyxy_score_class"",""schema"":""onnx-splitpoint/completed-task-comparison-endpoint"",""schema_version"":2,""score_semantics"":""probability_0_1"",""score_threshold"":0.25,""stage"":""decoded_nms"",""task"":""detection""},""completed_task_comparison_endpoint_contract_hash"":""43612439aff99a683e0c32f17d9bc70074301ae7445e83c8307439856fbf8a08"",""completed_task_comparison_output_endpoint_id"":""detection:decoded_nms:comparison:43612439aff99a683e0c32f17d9bc70074301ae7445e83c8307439856fbf8a08"",""completed_task_completion_mode"":""detection_completion_execution_v1"",""completed_work_units"":1000,""completion_count"":1000,""completion_count_verified"":true,""completion_mode"":""raw_head_frozen_decode_nms"",""content_sha256"":""be5d26c07a56d469eb862abaa66a232a590f8e450412e208b1946be044d93aa1"",""contract_source"":""detection_completion_execution_inside_measured_hotloop:v1"",""endpoint"":""decoded_nms"",""endpoint_contract_complete"":true,""endpoint_contract_hash"":""40375eaa77cb7bc2efab7bd6bb0847ca4ea1cc3382bb54f519693e66b61cc9f8"",""exact_result_claim_bound"":true,""execution_contract_sha256"":""6b51c03ce00046bc1b365b6e6851736b52a86f9b91504ee468b742d7b8fc4dcb"",""implementation_sha256"":""5f8044379b62b7a10578356acee54bdc3df7d1c78d81bee97f1275c5eac19b3e"",""invocation_chain_sha256"":""66d38e41587d3faeac3473e47c30b4965f29a77d13afdce9e81e44d1ffffa677"",""invocation_sha256"":""cc14e72002db088a174a6088e4f61a42676f19444217f559d58862f163ed5175"",""last_result"":{""artifact"":{""comparison_endpoint_contract_hash"":""43612439aff99a683e0c32f17d9bc70074301ae7445e83c8307439856fbf8a08"",""completed_endpoint_contract_hash"":""40375eaa77cb7bc2efab7bd6bb0847ca4ea1cc3382bb54f519693e66b61cc9f8"",""completion_mode"":""raw_head_frozen_decode_nms"",""content_sha256"":""be5d26c07a56d469eb862abaa66a232a590f8e450412e208b1946be044d93aa1"",""contract_family"":""decoded_nms"",""coordinate_space"":""original_image_xyxy_pixels"",""detection_count"":3,""detections"":[{""class_id"":0,""score"":0.9365707635879517,""x1"":234.6396026611328,""x2"":395.63250732421875,""y1"":83.03890228271484,""y2"":269.3766174316406},{""class_id"":7,""score"":0.31160956621170044,""x1"":24.106359481811523,""x2"":495.9688720703125,""y1"":0.6735324859619141,""y2"":332.6186218261719},{""class_id"":2,""score"":0.31048938632011414,""x1"":19.114065170288086,""x2"":494.71875,""y1"":1.6449451446533203,""y2"":330.0936279296875}],""encoding"":""canonical_json_utf8_sort_keys_compact_no_nan_v1"",""execution_contract_sha256"":""6b51c03ce00046bc1b365b6e6851736b52a86f9b91504ee468b742d7b8fc4dcb"",""implementation_sha256"":""5f8044379b62b7a10578356acee54bdc3df7d1c78d81bee97f1275c5eac19b3e"",""invocation_index"":1000,""observation_relation"":""same_hotloop_sentinel"",""record_schema"":""xyxy_score_class_id_v1"",""relation_sha256"":""f9ec4387e98ade17a530995a41472f0904134155fed3bbb4afcd36bd4b4446d6"",""schema"":""onnx-splitpoint/detection-completion-result-artifact"",""schema_sha256"":""baf86bdd4b4d4c4d2b2769f983fece2e0f70221170675fbd08a5233cc6c3f9fa"",""schema_version"":1,""sort_policy"":""score_desc_class_id_asc_xyxy_lexicographic_v1"",""source_content_sha256"":""ce7c4bc0c0ea13767fc3cc4e4c99b6d2fe28d9c4dc06b0927b15bf765e9daca0"",""source_endpoint_contract_hash"":""051f0d9e489355d312ad656532acf3ed8a2719774d8ef9843278818f5bd15adc"",""task"":""detection""},""artifact_sha256"":""b04696156cdce13359c934e0e9d8d3fc9601db9dffadb290272c9130bbaf4635"",""completion_mode"":""raw_head_frozen_decode_nms"",""content_sha256"":""be5d26c07a56d469eb862abaa66a232a590f8e450412e208b1946be044d93aa1"",""contract_family"":""decoded_nms"",""coordinate_space"":""original_image_xyxy_pixels"",""detection_count"":3,""detections"":[{""class_id"":0,""score"":0.9365707635879517,""x1"":234.6396026611328,""x2"":395.63250732421875,""y1"":83.03890228271484,""y2"":269.3766174316406},{""class_id"":7,""score"":0.31160956621170044,""x1"":24.106359481811523,""x2"":495.9688720703125,""y1"":0.6735324859619141,""y2"":332.6186218261719},{""class_id"":2,""score"":0.31048938632011414,""x1"":19.114065170288086,""x2"":494.71875,""y1"":1.6449451446533203,""y2"":330.0936279296875}],""execution_contract_sha256"":""6b51c03ce00046bc1b365b6e6851736b52a86f9b91504ee468b742d7b8fc4dcb"",""host_nms_applied"":true,""implementation_sha256"":""5f8044379b62b7a10578356acee54bdc3df7d1c78d81bee97f1275c5eac19b3e"",""invocation_index"":1000,""invocation_sha256"":""cc14e72002db088a174a6088e4f61a42676f19444217f559d58862f163ed5175"",""observation_relation"":""same_hotloop_sentinel"",""record_schema"":""xyxy_score_class_id_v1"",""relation_sha256"":""f9ec4387e98ade17a530995a41472f0904134155fed3bbb4afcd36bd4b4446d6"",""schema_sha256"":""baf86bdd4b4d4c4d2b2769f983fece2e0f70221170675fbd08a5233cc6c3f9fa"",""source_content_sha256"":""ce7c4bc0c0ea13767fc3cc4e4c99b6d2fe28d9c4dc06b0927b15bf765e9daca0"",""source_nms_attested"":false,""task"":""detection""},""observation_relation"":""same_hotloop_sentinel"",""output_endpoint_id"":""detection:decoded_nms:40375eaa77cb7bc2efab7bd6bb0847ca4ea1cc3382bb54f519693e66b61cc9f8"",""postprocess_completed_frames"":1000,""postprocess_completion_verified"":true,""relation_sha256"":""f9ec4387e98ade17a530995a41472f0904134155fed3bbb4afcd36bd4b4446d6"",""same_hotloop_sentinel"":true,""schema"":""onnx-splitpoint/detection-completion-execution-attestation"",""schema_sha256"":""baf86bdd4b4d4c4d2b2769f983fece2e0f70221170675fbd08a5233cc6c3f9fa"",""schema_version"":2,""source_stage"":""raw_head"",""stage"":""decoded_nms"",""status"":""passed"",""task"":""detection""}",passed,True,False,False,False,False,,,,,,,True,False,"[""precision_variant_quality_not_verified""]",,,,,,False,[],/home/nx/native_fifo_evalsets/resnet_yolo26s_yolov7_v27549_phase2_ranking_audit_b500_20260820_070324/variants/v001_hailo8_detection_singles/yolov7_paper/benchmark_set/resources/validation/detection/val2017_n500_s20260710/000000212226.jpg,exact_file,,False,development_or_screening,native_performance_matrix,/home/kmika/Models/EvaluationRuns/native_supplement_reprojected_v2762/reports/native_producer_combined_summary.json,False,False,False,quality_veto,"[""precision_quality_binding_not_verified"",""task_quality_observation_not_valid"",""central_quality_evidence_not_verified"",""task_quality_not_passed"",""quality_accuracy_gate_not_passed""]",False,development_or_screening,precision_variant_quality_not_verified
