row_role,model_id,task,evaluation_role,case_id,backend,setup_id,setup_identity_status,setup_identity_candidates,comparison_backend,run_id,variant,runtime_precision_identity,runtime_numeric_input_identity,runtime_numeric_input_sha256,runtime_input_encoding_identity,runtime_input_encoding_sha256,runtime_numeric_input_identity_status,repetition_index,repetition_id,repetition_count_requested,repetition_count_attempted,repetition_count_valid,repetition_status,repetition_aggregation,repetition_runtime_scope,repetition_independence_verified,runner_regime,direction,buildable,runtime_executable,measurement_payload_present,measurement_valid,terminal_failure,terminal_reason,terminal_reason_scope,runner_returncode,runner_signal_number,runtime_failure_evidence_source,runtime_failure_evidence_line_number,contract_consistent,task_quality_tier,task_quality_status,task_quality_decision,task_quality_gate_reason,task_quality_gate_reasons,contract_gate_reason,eligibility_gate_reason,eligibility_status,task_quality_metric,task_quality_candidate,task_quality_reference,task_quality_delta,task_quality_ci_low,task_quality_ci_high,task_quality_margin,task_quality_bootstrap_repetitions_requested,task_quality_bootstrap_repetitions,task_quality_bootstrap_engine,task_quality_bootstrap_skipped_reason,task_quality_bootstrap_elapsed_s,task_quality_bootstrap_candidate_event_count,task_quality_bootstrap_reference_event_count,quality_policy_sha256,runtime_quality_policy_sha256,quality_policy_match,benchmark_task_requested,benchmark_task_used,validation_dataset_task,validation_requested_count,validation_evaluated_count,validation_cardinality_status,validation_cardinality_pass,performance_eligible,performance_claim_eligible,performance_claim_exclusion_reasons,precision_quality_binding_verified,accuracy_gate_pass,ranking_eligible,energy_eligible,energy_claim_eligible,pareto_eligible,exclusion_reason,latency_ms,cycle_ms,throughput_fps,average_power_w,average_power_ci_low_w,average_power_ci_high_w,energy_per_work_j,energy_per_work_sample_stddev_j,energy_per_work_ci_low_j,energy_per_work_ci_high_j,energy_repeat_n,energy_confidence_level,energy_scope,energy_window,prediction_rank,predicted_cycle_ms,predicted_fps,prediction_score,row_status
performance_observation,resnet50,classification,development,full,deepx_m1,orin_nx_deepx_m1_01,,[],,deepx_m1_full,full,deepx_dxnn_sha256:8f9c6b4b6e233ea6758a95588fc2b677413d50e7aed1c486dc8f6e49f859a92e,{},,{},,unavailable,,,,,,,,,,generic,deepx_m1,True,True,,,,,,,,,,False,screening,inconclusive,inconclusive,,[],full_baseline_authoritative_source_source_conflict,contract_fail_or_unavailable,contract_fail_or_unavailable,top1_accuracy,0.802,0.812,-0.01,-0.02,0.0,0.01,500,500,management_process_pool:onnx_splitpoint_tool.quality_metrics:classification_quality_evaluator,,0.09151309891603887,,,58bf34c5760ed51e4ff35faee4055891caf624b2722cb375df9d419863efa9c4,58bf34c5760ed51e4ff35faee4055891caf624b2722cb375df9d419863efa9c4,True,,,,,,,,False,,[],,False,False,False,,False,contract_fail_or_unavailable,3.166321595199406,3.166321595199406,315.8238889935066,,,,,,,,,,,,,,,,available
performance_observation,resnet50,classification,development,b001,deepx_m1_to_tensorrt,orin_nx_deepx_m1_01,,[],,deepx_m1_to_tensorrt,split,,{},,{},,unavailable,,,,,,,,,,generic,deepx_m1_to_tensorrt,True,True,,,,,,,,,,False,screening,fail,fail,primary:top1_accuracy:point_estimate_below_non_inferiority_margin;guardrail:top5_accuracy:top5_accuracy:point_estimate_below_non_inferiority_margin,"[""primary:top1_accuracy:point_estimate_below_non_inferiority_margin"",""guardrail:top5_accuracy:top5_accuracy:point_estimate_below_non_inferiority_margin""]",endpoint_contract_incomplete,contract_fail_or_unavailable,contract_fail_or_unavailable,top1_accuracy,0.766,0.812,-0.046,-0.046,-0.046,0.01,500,0,management_process_pool:onnx_splitpoint_tool.quality_metrics:classification_quality_evaluator,point_estimate_below_non_inferiority_margin,0.21846458897925913,,,58bf34c5760ed51e4ff35faee4055891caf624b2722cb375df9d419863efa9c4,58bf34c5760ed51e4ff35faee4055891caf624b2722cb375df9d419863efa9c4,True,classification,classification,classification,500,500,pass,True,False,,[],,False,False,False,,False,contract_fail_or_unavailable,23.313093185424805,17.11291930405423,58.435383363438724,,,,,,,,,,,,22,39.508164609467144,25.311223892197084,0.08938716750274056,available
performance_observation,resnet50,classification,development,b003,deepx_m1_to_tensorrt,orin_nx_deepx_m1_01,,[],,deepx_m1_to_tensorrt,split,,{},,{},,unavailable,,,,,,,,,,generic,deepx_m1_to_tensorrt,True,True,,,,,,,,,,False,screening,fail,fail,primary:top1_accuracy:point_estimate_below_non_inferiority_margin;guardrail:top5_accuracy:top5_accuracy:point_estimate_below_non_inferiority_margin,"[""primary:top1_accuracy:point_estimate_below_non_inferiority_margin"",""guardrail:top5_accuracy:top5_accuracy:point_estimate_below_non_inferiority_margin""]",endpoint_contract_incomplete,contract_fail_or_unavailable,contract_fail_or_unavailable,top1_accuracy,0.764,0.812,-0.048,-0.048,-0.048,0.01,500,0,management_process_pool:onnx_splitpoint_tool.quality_metrics:classification_quality_evaluator,point_estimate_below_non_inferiority_margin,0.12248469691257924,,,58bf34c5760ed51e4ff35faee4055891caf624b2722cb375df9d419863efa9c4,58bf34c5760ed51e4ff35faee4055891caf624b2722cb375df9d419863efa9c4,True,classification,classification,classification,500,500,pass,True,False,,[],,False,False,False,,False,contract_fail_or_unavailable,28.417444229125977,20.332708825741935,49.18183841466142,,,,,,,,,,,,79,37.66460385508279,26.550126581646,0.37734130097709045,available
performance_observation,resnet50,classification,development,b008,deepx_m1_to_tensorrt,orin_nx_deepx_m1_01,,[],,deepx_m1_to_tensorrt,split,,{},,{},,unavailable,,,,,,,,,,generic,deepx_m1_to_tensorrt,True,True,,,,,,,,,,False,screening,fail,fail,primary:top1_accuracy:point_estimate_below_non_inferiority_margin;guardrail:top5_accuracy:top5_accuracy:point_estimate_below_non_inferiority_margin,"[""primary:top1_accuracy:point_estimate_below_non_inferiority_margin"",""guardrail:top5_accuracy:top5_accuracy:point_estimate_below_non_inferiority_margin""]",endpoint_contract_incomplete,contract_fail_or_unavailable,contract_fail_or_unavailable,top1_accuracy,0.768,0.812,-0.044,-0.044,-0.044,0.01,500,0,management_process_pool:onnx_splitpoint_tool.quality_metrics:classification_quality_evaluator,point_estimate_below_non_inferiority_margin,0.1609079570043832,,,58bf34c5760ed51e4ff35faee4055891caf624b2722cb375df9d419863efa9c4,58bf34c5760ed51e4ff35faee4055891caf624b2722cb375df9d419863efa9c4,True,classification,classification,classification,500,500,pass,True,False,,[],,False,False,False,,False,contract_fail_or_unavailable,36.69276237487793,27.870736348078303,35.87992751648093,,,,,,,,,,,,71,31.409811825576426,31.837185321362497,0.3354587496725224,available
performance_observation,resnet50,classification,development,b009,deepx_m1_to_tensorrt,orin_nx_deepx_m1_01,,[],,deepx_m1_to_tensorrt,split,,{},,{},,unavailable,,,,,,,,,,generic,deepx_m1_to_tensorrt,True,True,,,,,,,,,,False,screening,fail,fail,primary:top1_accuracy:point_estimate_below_non_inferiority_margin;guardrail:top5_accuracy:top5_accuracy:point_estimate_below_non_inferiority_margin,"[""primary:top1_accuracy:point_estimate_below_non_inferiority_margin"",""guardrail:top5_accuracy:top5_accuracy:point_estimate_below_non_inferiority_margin""]",endpoint_contract_incomplete,contract_fail_or_unavailable,contract_fail_or_unavailable,top1_accuracy,0.76,0.812,-0.052,-0.052,-0.052,0.01,500,0,management_process_pool:onnx_splitpoint_tool.quality_metrics:classification_quality_evaluator,point_estimate_below_non_inferiority_margin,0.11923423793632537,,,58bf34c5760ed51e4ff35faee4055891caf624b2722cb375df9d419863efa9c4,58bf34c5760ed51e4ff35faee4055891caf624b2722cb375df9d419863efa9c4,True,classification,classification,classification,500,500,pass,True,False,,[],,False,False,False,,False,contract_fail_or_unavailable,25.234127044677734,18.093440261588473,55.26864905415214,,,,,,,,,,,,18,31.53511658868329,31.71068028836337,0.03527342864905092,available
performance_observation,resnet50,classification,development,b020,deepx_m1_to_tensorrt,orin_nx_deepx_m1_01,,[],,deepx_m1_to_tensorrt,split,,{},,{},,unavailable,,,,,,,,,,generic,deepx_m1_to_tensorrt,True,True,,,,,,,,,,False,screening,fail,fail,primary:top1_accuracy:point_estimate_below_non_inferiority_margin;guardrail:top5_accuracy:top5_accuracy:point_estimate_below_non_inferiority_margin,"[""primary:top1_accuracy:point_estimate_below_non_inferiority_margin"",""guardrail:top5_accuracy:top5_accuracy:point_estimate_below_non_inferiority_margin""]",endpoint_contract_incomplete,contract_fail_or_unavailable,contract_fail_or_unavailable,top1_accuracy,0.764,0.812,-0.048,-0.048,-0.048,0.01,500,0,management_process_pool:onnx_splitpoint_tool.quality_metrics:classification_quality_evaluator,point_estimate_below_non_inferiority_margin,0.09340424998663366,,,58bf34c5760ed51e4ff35faee4055891caf624b2722cb375df9d419863efa9c4,58bf34c5760ed51e4ff35faee4055891caf624b2722cb375df9d419863efa9c4,True,classification,classification,classification,500,500,pass,True,False,,[],,False,False,False,,False,contract_fail_or_unavailable,27.5968074798584,20.80807852325961,48.05825770419809,,,,,,,,,,,,61,18.202882722282492,54.93635350272741,0.24525374149775042,available
performance_observation,resnet50,classification,development,b022,deepx_m1_to_tensorrt,orin_nx_deepx_m1_01,,[],,deepx_m1_to_tensorrt,split,,{},,{},,unavailable,,,,,,,,,,generic,deepx_m1_to_tensorrt,True,True,,,,,,,,,,False,screening,fail,fail,primary:top1_accuracy:point_estimate_below_non_inferiority_margin;guardrail:top5_accuracy:top5_accuracy:point_estimate_below_non_inferiority_margin,"[""primary:top1_accuracy:point_estimate_below_non_inferiority_margin"",""guardrail:top5_accuracy:top5_accuracy:point_estimate_below_non_inferiority_margin""]",endpoint_contract_incomplete,contract_fail_or_unavailable,contract_fail_or_unavailable,top1_accuracy,0.764,0.812,-0.048,-0.048,-0.048,0.01,500,0,management_process_pool:onnx_splitpoint_tool.quality_metrics:classification_quality_evaluator,point_estimate_below_non_inferiority_margin,0.17830206896178424,,,58bf34c5760ed51e4ff35faee4055891caf624b2722cb375df9d419863efa9c4,58bf34c5760ed51e4ff35faee4055891caf624b2722cb375df9d419863efa9c4,True,classification,classification,classification,500,500,pass,True,False,,[],,False,False,False,,False,contract_fail_or_unavailable,35.573530197143555,28.68720974125292,34.8587404986263,,,,,,,,,,,,59,16.337128678237303,61.21026648532802,0.23316154471623243,available
performance_observation,resnet50,classification,development,b027,deepx_m1_to_tensorrt,orin_nx_deepx_m1_01,,[],,deepx_m1_to_tensorrt,split,,{},,{},,unavailable,,,,,,,,,,generic,deepx_m1_to_tensorrt,True,True,,,,,,,,,,False,screening,fail,fail,primary:top1_accuracy:point_estimate_below_non_inferiority_margin;guardrail:top5_accuracy:top5_accuracy:point_estimate_below_non_inferiority_margin,"[""primary:top1_accuracy:point_estimate_below_non_inferiority_margin"",""guardrail:top5_accuracy:top5_accuracy:point_estimate_below_non_inferiority_margin""]",endpoint_contract_incomplete,contract_fail_or_unavailable,contract_fail_or_unavailable,top1_accuracy,0.768,0.812,-0.044,-0.044,-0.044,0.01,500,0,management_process_pool:onnx_splitpoint_tool.quality_metrics:classification_quality_evaluator,point_estimate_below_non_inferiority_margin,0.14430497796274722,,,58bf34c5760ed51e4ff35faee4055891caf624b2722cb375df9d419863efa9c4,58bf34c5760ed51e4ff35faee4055891caf624b2722cb375df9d419863efa9c4,True,classification,classification,classification,500,500,pass,True,False,,[],,False,False,False,,False,contract_fail_or_unavailable,23.502349853515625,17.326432262527067,57.71528638141858,,,,,,,,,,,,53,9.518018930680995,105.0638801291449,0.18507073912536787,available
performance_observation,resnet50,classification,development,b042,deepx_m1_to_tensorrt,orin_nx_deepx_m1_01,,[],,deepx_m1_to_tensorrt,split,,{},,{},,unavailable,,,,,,,,,,generic,deepx_m1_to_tensorrt,True,True,,,,,,,,,,False,screening,fail,fail,primary:top1_accuracy:point_estimate_below_non_inferiority_margin;guardrail:top5_accuracy:top5_accuracy:point_estimate_below_non_inferiority_margin,"[""primary:top1_accuracy:point_estimate_below_non_inferiority_margin"",""guardrail:top5_accuracy:top5_accuracy:point_estimate_below_non_inferiority_margin""]",endpoint_contract_incomplete,contract_fail_or_unavailable,contract_fail_or_unavailable,top1_accuracy,0.77,0.812,-0.042,-0.042,-0.042,0.01,500,0,management_process_pool:onnx_splitpoint_tool.quality_metrics:classification_quality_evaluator,point_estimate_below_non_inferiority_margin,0.15034195699263364,,,58bf34c5760ed51e4ff35faee4055891caf624b2722cb375df9d419863efa9c4,58bf34c5760ed51e4ff35faee4055891caf624b2722cb375df9d419863efa9c4,True,classification,classification,classification,500,500,pass,True,False,,[],,False,False,False,,False,contract_fail_or_unavailable,19.588518142700195,14.743352653053792,67.82717768016421,,,,,,,,,,,,30,4.727690049570109,211.51978863143333,0.13429673580452095,available
performance_observation,resnet50,classification,development,b052,deepx_m1_to_tensorrt,orin_nx_deepx_m1_01,,[],,deepx_m1_to_tensorrt,split,,{},,{},,unavailable,,,,,,,,,,generic,deepx_m1_to_tensorrt,True,True,,,,,,,,,,False,screening,fail,fail,primary:top1_accuracy:point_estimate_below_non_inferiority_margin;guardrail:top5_accuracy:top5_accuracy:point_estimate_below_non_inferiority_margin,"[""primary:top1_accuracy:point_estimate_below_non_inferiority_margin"",""guardrail:top5_accuracy:top5_accuracy:point_estimate_below_non_inferiority_margin""]",endpoint_contract_incomplete,contract_fail_or_unavailable,contract_fail_or_unavailable,top1_accuracy,0.768,0.812,-0.044,-0.044,-0.044,0.01,500,0,management_process_pool:onnx_splitpoint_tool.quality_metrics:classification_quality_evaluator,point_estimate_below_non_inferiority_margin,0.08495203603524715,,,58bf34c5760ed51e4ff35faee4055891caf624b2722cb375df9d419863efa9c4,58bf34c5760ed51e4ff35faee4055891caf624b2722cb375df9d419863efa9c4,True,classification,classification,classification,500,500,pass,True,False,,[],,False,False,False,,False,contract_fail_or_unavailable,15.598344802856445,12.92496095613941,77.36967278999755,,,,,,,,,,,,1,4.437384606028305,225.3579729468285,-0.1711425808259156,available
performance_observation,resnet50,classification,development,b054,deepx_m1_to_tensorrt,orin_nx_deepx_m1_01,,[],,deepx_m1_to_tensorrt,split,,{},,{},,unavailable,,,,,,,,,,generic,deepx_m1_to_tensorrt,True,True,,,,,,,,,,False,screening,fail,fail,primary:top1_accuracy:point_estimate_below_non_inferiority_margin;guardrail:top5_accuracy:top5_accuracy:point_estimate_below_non_inferiority_margin,"[""primary:top1_accuracy:point_estimate_below_non_inferiority_margin"",""guardrail:top5_accuracy:top5_accuracy:point_estimate_below_non_inferiority_margin""]",endpoint_contract_incomplete,contract_fail_or_unavailable,contract_fail_or_unavailable,top1_accuracy,0.766,0.812,-0.046,-0.046,-0.046,0.01,500,0,management_process_pool:onnx_splitpoint_tool.quality_metrics:classification_quality_evaluator,point_estimate_below_non_inferiority_margin,0.16376068501267582,,,58bf34c5760ed51e4ff35faee4055891caf624b2722cb375df9d419863efa9c4,58bf34c5760ed51e4ff35faee4055891caf624b2722cb375df9d419863efa9c4,True,classification,classification,classification,500,500,pass,True,False,,[],,False,False,False,,False,contract_fail_or_unavailable,20.282602310180664,15.541074782326493,64.34561405863722,,,,,,,,,,,,31,4.232346075852329,236.27557436890734,0.1376479756163857,available
performance_observation,resnet50,classification,development,b056,deepx_m1_to_tensorrt,orin_nx_deepx_m1_01,,[],,deepx_m1_to_tensorrt,split,,{},,{},,unavailable,,,,,,,,,,generic,deepx_m1_to_tensorrt,True,True,,,,,,,,,,False,screening,fail,fail,primary:top1_accuracy:point_estimate_below_non_inferiority_margin;guardrail:top5_accuracy:top5_accuracy:point_estimate_below_non_inferiority_margin,"[""primary:top1_accuracy:point_estimate_below_non_inferiority_margin"",""guardrail:top5_accuracy:top5_accuracy:point_estimate_below_non_inferiority_margin""]",endpoint_contract_incomplete,contract_fail_or_unavailable,contract_fail_or_unavailable,top1_accuracy,0.768,0.812,-0.044,-0.044,-0.044,0.01,500,0,management_process_pool:onnx_splitpoint_tool.quality_metrics:classification_quality_evaluator,point_estimate_below_non_inferiority_margin,0.15038098802324384,,,58bf34c5760ed51e4ff35faee4055891caf624b2722cb375df9d419863efa9c4,58bf34c5760ed51e4ff35faee4055891caf624b2722cb375df9d419863efa9c4,True,classification,classification,classification,500,500,pass,True,False,,[],,False,False,False,,False,contract_fail_or_unavailable,17.22574234008789,11.948618346966965,83.69168475900311,,,,,,,,,,,,35,4.189227203995763,238.70751126751523,0.14642146301705153,available
performance_observation,resnet50,classification,development,b068,deepx_m1_to_tensorrt,orin_nx_deepx_m1_01,,[],,deepx_m1_to_tensorrt,split,,{},,{},,unavailable,,,,,,,,,,generic,deepx_m1_to_tensorrt,True,True,,,,,,,,,,False,screening,fail,fail,primary:top1_accuracy:point_estimate_below_non_inferiority_margin;guardrail:top5_accuracy:top5_accuracy:point_estimate_below_non_inferiority_margin,"[""primary:top1_accuracy:point_estimate_below_non_inferiority_margin"",""guardrail:top5_accuracy:top5_accuracy:point_estimate_below_non_inferiority_margin""]",endpoint_contract_incomplete,contract_fail_or_unavailable,contract_fail_or_unavailable,top1_accuracy,0.768,0.812,-0.044,-0.044,-0.044,0.01,500,0,management_process_pool:onnx_splitpoint_tool.quality_metrics:classification_quality_evaluator,point_estimate_below_non_inferiority_margin,0.2301688640145585,,,58bf34c5760ed51e4ff35faee4055891caf624b2722cb375df9d419863efa9c4,58bf34c5760ed51e4ff35faee4055891caf624b2722cb375df9d419863efa9c4,True,classification,classification,classification,500,500,pass,True,False,,[],,False,False,False,,False,contract_fail_or_unavailable,12.246990203857422,10.51721699869908,95.08218762850423,,,,,,,,,,,,12,4.7182788128562185,211.94169307571042,-0.09979656010757704,available
performance_observation,resnet50,classification,development,b074,deepx_m1_to_tensorrt,orin_nx_deepx_m1_01,,[],,deepx_m1_to_tensorrt,split,,{},,{},,unavailable,,,,,,,,,,generic,deepx_m1_to_tensorrt,True,True,,,,,,,,,,False,screening,fail,fail,primary:top1_accuracy:point_estimate_below_non_inferiority_margin;guardrail:top5_accuracy:top5_accuracy:point_estimate_below_non_inferiority_margin,"[""primary:top1_accuracy:point_estimate_below_non_inferiority_margin"",""guardrail:top5_accuracy:top5_accuracy:point_estimate_below_non_inferiority_margin""]",endpoint_contract_incomplete,contract_fail_or_unavailable,contract_fail_or_unavailable,top1_accuracy,0.768,0.812,-0.044,-0.044,-0.044,0.01,500,0,management_process_pool:onnx_splitpoint_tool.quality_metrics:classification_quality_evaluator,point_estimate_below_non_inferiority_margin,0.12073834892362356,,,58bf34c5760ed51e4ff35faee4055891caf624b2722cb375df9d419863efa9c4,58bf34c5760ed51e4ff35faee4055891caf624b2722cb375df9d419863efa9c4,True,classification,classification,classification,500,500,pass,True,False,,[],,False,False,False,,False,contract_fail_or_unavailable,12.964773178100586,10.886601564656619,91.85603000724328,,,,,,,,,,,,19,5.006251540461524,199.75025064517843,0.03588037498426444,available
performance_observation,resnet50,classification,development,b078,deepx_m1_to_tensorrt,orin_nx_deepx_m1_01,,[],,deepx_m1_to_tensorrt,split,,{},,{},,unavailable,,,,,,,,,,generic,deepx_m1_to_tensorrt,True,True,,,,,,,,,,False,screening,fail,fail,primary:top1_accuracy:point_estimate_below_non_inferiority_margin;guardrail:top5_accuracy:top5_accuracy:point_estimate_below_non_inferiority_margin,"[""primary:top1_accuracy:point_estimate_below_non_inferiority_margin"",""guardrail:top5_accuracy:top5_accuracy:point_estimate_below_non_inferiority_margin""]",endpoint_contract_incomplete,contract_fail_or_unavailable,contract_fail_or_unavailable,top1_accuracy,0.768,0.812,-0.044,-0.044,-0.044,0.01,500,0,management_process_pool:onnx_splitpoint_tool.quality_metrics:classification_quality_evaluator,point_estimate_below_non_inferiority_margin,0.019244647002778947,,,58bf34c5760ed51e4ff35faee4055891caf624b2722cb375df9d419863efa9c4,58bf34c5760ed51e4ff35faee4055891caf624b2722cb375df9d419863efa9c4,True,classification,classification,classification,500,500,pass,True,False,,[],,False,False,False,,False,contract_fail_or_unavailable,13.748931884765625,11.578073780781224,86.3701526639024,,,,,,,,,,,,82,5.204180209118675,192.1532229510072,0.4395656587907015,available
performance_observation,resnet50,classification,development,b091,deepx_m1_to_tensorrt,orin_nx_deepx_m1_01,,[],,deepx_m1_to_tensorrt,split,,{},,{},,unavailable,,,,,,,,,,generic,deepx_m1_to_tensorrt,True,True,,,,,,,,,,False,screening,fail,fail,primary:top1_accuracy:point_estimate_below_non_inferiority_margin;guardrail:top5_accuracy:top5_accuracy:point_estimate_below_non_inferiority_margin,"[""primary:top1_accuracy:point_estimate_below_non_inferiority_margin"",""guardrail:top5_accuracy:top5_accuracy:point_estimate_below_non_inferiority_margin""]",endpoint_contract_incomplete,contract_fail_or_unavailable,contract_fail_or_unavailable,top1_accuracy,0.766,0.812,-0.046,-0.046,-0.046,0.01,500,0,management_process_pool:onnx_splitpoint_tool.quality_metrics:classification_quality_evaluator,point_estimate_below_non_inferiority_margin,0.0807776270667091,,,58bf34c5760ed51e4ff35faee4055891caf624b2722cb375df9d419863efa9c4,58bf34c5760ed51e4ff35faee4055891caf624b2722cb375df9d419863efa9c4,True,classification,classification,classification,500,500,pass,True,False,,[],,False,False,False,,False,contract_fail_or_unavailable,12.711763381958008,11.911808434651112,83.9503090975698,,,,,,,,,,,,93,10.575816512005005,94.55534699045342,0.823280259749183,available
performance_observation,resnet50,classification,development,b095,deepx_m1_to_tensorrt,orin_nx_deepx_m1_01,,[],,deepx_m1_to_tensorrt,split,,{},,{},,unavailable,,,,,,,,,,generic,deepx_m1_to_tensorrt,True,True,,,,,,,,,,False,screening,fail,fail,primary:top1_accuracy:point_estimate_below_non_inferiority_margin;guardrail:top5_accuracy:top5_accuracy:point_estimate_below_non_inferiority_margin,"[""primary:top1_accuracy:point_estimate_below_non_inferiority_margin"",""guardrail:top5_accuracy:top5_accuracy:point_estimate_below_non_inferiority_margin""]",endpoint_contract_incomplete,contract_fail_or_unavailable,contract_fail_or_unavailable,top1_accuracy,0.764,0.812,-0.048,-0.048,-0.048,0.01,500,0,management_process_pool:onnx_splitpoint_tool.quality_metrics:classification_quality_evaluator,point_estimate_below_non_inferiority_margin,0.18013287300709635,,,58bf34c5760ed51e4ff35faee4055891caf624b2722cb375df9d419863efa9c4,58bf34c5760ed51e4ff35faee4055891caf624b2722cb375df9d419863efa9c4,True,classification,classification,classification,500,500,pass,True,False,,[],,False,False,False,,False,contract_fail_or_unavailable,12.304115295410156,11.25481117354787,88.85089092834319,,,,,,,,,,,,90,16.30935548306228,61.3145014245675,0.8061276910398805,available
performance_observation,resnet50,classification,development,b107,deepx_m1_to_tensorrt,orin_nx_deepx_m1_01,,[],,deepx_m1_to_tensorrt,split,,{},,{},,unavailable,,,,,,,,,,generic,deepx_m1_to_tensorrt,True,True,,,,,,,,,,False,screening,fail,fail,primary:top1_accuracy:point_estimate_below_non_inferiority_margin;guardrail:top5_accuracy:top5_accuracy:point_estimate_below_non_inferiority_margin,"[""primary:top1_accuracy:point_estimate_below_non_inferiority_margin"",""guardrail:top5_accuracy:top5_accuracy:point_estimate_below_non_inferiority_margin""]",endpoint_contract_incomplete,contract_fail_or_unavailable,contract_fail_or_unavailable,top1_accuracy,0.764,0.812,-0.048,-0.048,-0.048,0.01,500,0,management_process_pool:onnx_splitpoint_tool.quality_metrics:classification_quality_evaluator,point_estimate_below_non_inferiority_margin,0.07431901595555246,,,58bf34c5760ed51e4ff35faee4055891caf624b2722cb375df9d419863efa9c4,58bf34c5760ed51e4ff35faee4055891caf624b2722cb375df9d419863efa9c4,True,classification,classification,classification,500,500,pass,True,False,,[],,False,False,False,,False,contract_fail_or_unavailable,10.050010681152344,10.60392013143586,94.30474650930736,,,,,,,,,,,,109,34.72135311270184,28.800720892244772,2.0187724659699153,available
performance_observation,resnet50,classification,development,b112,deepx_m1_to_tensorrt,orin_nx_deepx_m1_01,,[],,deepx_m1_to_tensorrt,split,,{},,{},,unavailable,,,,,,,,,,generic,deepx_m1_to_tensorrt,True,True,,,,,,,,,,False,screening,fail,fail,primary:top1_accuracy:point_estimate_below_non_inferiority_margin;guardrail:top5_accuracy:top5_accuracy:point_estimate_below_non_inferiority_margin,"[""primary:top1_accuracy:point_estimate_below_non_inferiority_margin"",""guardrail:top5_accuracy:top5_accuracy:point_estimate_below_non_inferiority_margin""]",endpoint_contract_incomplete,contract_fail_or_unavailable,contract_fail_or_unavailable,top1_accuracy,0.76,0.812,-0.052,-0.052,-0.052,0.01,500,0,management_process_pool:onnx_splitpoint_tool.quality_metrics:classification_quality_evaluator,point_estimate_below_non_inferiority_margin,0.02986861893441528,,,58bf34c5760ed51e4ff35faee4055891caf624b2722cb375df9d419863efa9c4,58bf34c5760ed51e4ff35faee4055891caf624b2722cb375df9d419863efa9c4,True,classification,classification,classification,500,500,pass,True,False,,[],,False,False,False,,False,contract_fail_or_unavailable,10.194110870361328,10.93613038993562,91.44002168447874,,,,,,,,,,,,116,38.22826589469872,26.158654508539303,2.192904123040732,available
performance_observation,resnet50,classification,development,b118,deepx_m1_to_tensorrt,orin_nx_deepx_m1_01,,[],,deepx_m1_to_tensorrt,split,,{},,{},,unavailable,,,,,,,,,,generic,deepx_m1_to_tensorrt,True,True,,,,,,,,,,False,screening,fail,fail,primary:top1_accuracy:point_estimate_below_non_inferiority_margin;guardrail:top5_accuracy:top5_accuracy:point_estimate_below_non_inferiority_margin,"[""primary:top1_accuracy:point_estimate_below_non_inferiority_margin"",""guardrail:top5_accuracy:top5_accuracy:point_estimate_below_non_inferiority_margin""]",endpoint_contract_incomplete,contract_fail_or_unavailable,contract_fail_or_unavailable,top1_accuracy,0.762,0.812,-0.05,-0.05,-0.05,0.01,500,0,management_process_pool:onnx_splitpoint_tool.quality_metrics:classification_quality_evaluator,point_estimate_below_non_inferiority_margin,0.07731987908482552,,,58bf34c5760ed51e4ff35faee4055891caf624b2722cb375df9d419863efa9c4,58bf34c5760ed51e4ff35faee4055891caf624b2722cb375df9d419863efa9c4,True,classification,classification,classification,500,500,pass,True,False,,[],,False,False,False,,False,contract_fail_or_unavailable,9.341192245483398,10.279026479743745,97.28547756644458,,,,,,,,,,,,115,43.94970748040079,22.75327999500216,2.1755397153325595,available
performance_observation,resnet50,classification,development,b119,deepx_m1_to_tensorrt,orin_nx_deepx_m1_01,,[],,deepx_m1_to_tensorrt,split,,{},,{},,unavailable,,,,,,,,,,generic,deepx_m1_to_tensorrt,True,True,,,,,,,,,,False,screening,fail,fail,primary:top1_accuracy:point_estimate_below_non_inferiority_margin;guardrail:top5_accuracy:top5_accuracy:point_estimate_below_non_inferiority_margin,"[""primary:top1_accuracy:point_estimate_below_non_inferiority_margin"",""guardrail:top5_accuracy:top5_accuracy:point_estimate_below_non_inferiority_margin""]",endpoint_contract_incomplete,contract_fail_or_unavailable,contract_fail_or_unavailable,top1_accuracy,0.76,0.812,-0.052,-0.052,-0.052,0.01,500,0,management_process_pool:onnx_splitpoint_tool.quality_metrics:classification_quality_evaluator,point_estimate_below_non_inferiority_margin,0.14699499297421426,,,58bf34c5760ed51e4ff35faee4055891caf624b2722cb375df9d419863efa9c4,58bf34c5760ed51e4ff35faee4055891caf624b2722cb375df9d419863efa9c4,True,classification,classification,classification,500,500,pass,True,False,,[],,False,False,False,,False,contract_fail_or_unavailable,7.630157470703125,8.429987998881742,118.62413091604073,,,,,,,,,,,,113,43.994864623268654,22.729925607524322,2.1755397153325595,available
performance_observation,resnet50,classification,development,full,hailo10,orin_nx_hailo10_01,,[],,hailo10,full,hailo_hef_sha256:bdf5909f7685bc62cb81c7a8204c950fcd9d272a5360dc400af0dd0239de455a,{},,{},,unavailable,,,,,,,,,,generic,hailo10,True,True,,,,,,,,,,False,screening,inconclusive,inconclusive,,[],endpoint_contract_incomplete,contract_fail_or_unavailable,contract_fail_or_unavailable,top1_accuracy,0.812,0.812,0.0,-0.012,0.012,0.01,500,500,management_process_pool:onnx_splitpoint_tool.quality_metrics:classification_quality_evaluator,,0.08104246004950255,,,58bf34c5760ed51e4ff35faee4055891caf624b2722cb375df9d419863efa9c4,58bf34c5760ed51e4ff35faee4055891caf624b2722cb375df9d419863efa9c4,True,classification,classification,classification,500,500,pass,True,False,,[],,False,False,False,,False,contract_fail_or_unavailable,10.149765014648438,10.149765014648438,98.52444845341452,,,,,,,,,,,,,,,,available
performance_observation,resnet50,classification,development,b001,hailo10_to_tensorrt,orin_nx_hailo10_01,,[],,hailo10_to_trt,split,,{},,{},,unavailable,,,,,,,,,,generic,hailo10h_to_tensorrt,True,True,,,,,,,,,,False,screening,fail,fail,primary:top1_accuracy:point_estimate_below_non_inferiority_margin,"[""primary:top1_accuracy:point_estimate_below_non_inferiority_margin""]",explicit_hailo_trt_interface_contract,contract_fail_or_unavailable,contract_fail_or_unavailable,top1_accuracy,0.8,0.812,-0.012,-0.012,-0.012,0.01,500,0,management_process_pool:onnx_splitpoint_tool.quality_metrics:classification_quality_evaluator,point_estimate_below_non_inferiority_margin,0.16685751208569854,,,58bf34c5760ed51e4ff35faee4055891caf624b2722cb375df9d419863efa9c4,58bf34c5760ed51e4ff35faee4055891caf624b2722cb375df9d419863efa9c4,True,classification,classification,classification,500,500,pass,True,False,,[],,False,False,False,,False,contract_fail_or_unavailable,27.956342697143555,25.22492947805997,39.643321931574704,,,,,,,,,,,,22,39.508164609467144,25.311223892197084,0.08938716750274056,available
performance_observation,resnet50,classification,development,b003,hailo10_to_tensorrt,orin_nx_hailo10_01,,[],,hailo10_to_trt,split,,{},,{},,unavailable,,,,,,,,,,generic,hailo10h_to_tensorrt,True,True,,,,,,,,,,False,screening,fail,fail,primary:top1_accuracy:point_estimate_below_non_inferiority_margin,"[""primary:top1_accuracy:point_estimate_below_non_inferiority_margin""]",explicit_hailo_trt_interface_contract,contract_fail_or_unavailable,contract_fail_or_unavailable,top1_accuracy,0.8,0.812,-0.012,-0.012,-0.012,0.01,500,0,management_process_pool:onnx_splitpoint_tool.quality_metrics:classification_quality_evaluator,point_estimate_below_non_inferiority_margin,0.01718855695798993,,,58bf34c5760ed51e4ff35faee4055891caf624b2722cb375df9d419863efa9c4,58bf34c5760ed51e4ff35faee4055891caf624b2722cb375df9d419863efa9c4,True,classification,classification,classification,500,500,pass,True,False,,[],,False,False,False,,False,contract_fail_or_unavailable,33.667755126953125,25.867314783997994,38.658825175724026,,,,,,,,,,,,79,37.66460385508279,26.550126581646,0.37734130097709045,available
performance_observation,resnet50,classification,development,b008,hailo10_to_tensorrt,orin_nx_hailo10_01,,[],,hailo10_to_trt,split,,{},,{},,unavailable,,,,,,,,,,generic,hailo10h_to_tensorrt,True,True,,,,,,,,,,False,screening,inconclusive,inconclusive,,[],explicit_hailo_trt_interface_contract,contract_fail_or_unavailable,contract_fail_or_unavailable,top1_accuracy,0.814,0.812,0.002,-0.01,0.014,0.01,500,500,management_process_pool:onnx_splitpoint_tool.quality_metrics:classification_quality_evaluator,,0.08353509393054992,,,58bf34c5760ed51e4ff35faee4055891caf624b2722cb375df9d419863efa9c4,58bf34c5760ed51e4ff35faee4055891caf624b2722cb375df9d419863efa9c4,True,classification,classification,classification,500,500,pass,True,False,,[],,False,False,False,,False,contract_fail_or_unavailable,40.23332595825195,28.6461308689626,34.90872832266071,,,,,,,,,,,,71,31.409811825576426,31.837185321362497,0.3354587496725224,available
performance_observation,resnet50,classification,development,b009,hailo10_to_tensorrt,orin_nx_hailo10_01,,[],,hailo10_to_trt,split,,{},,{},,unavailable,,,,,,,,,,generic,hailo10h_to_tensorrt,True,True,,,,,,,,,,False,screening,inconclusive,inconclusive,,[],explicit_hailo_trt_interface_contract,contract_fail_or_unavailable,contract_fail_or_unavailable,top1_accuracy,0.812,0.812,0.0,-0.012,0.012,0.01,500,500,management_process_pool:onnx_splitpoint_tool.quality_metrics:classification_quality_evaluator,,0.09995664900634438,,,58bf34c5760ed51e4ff35faee4055891caf624b2722cb375df9d419863efa9c4,58bf34c5760ed51e4ff35faee4055891caf624b2722cb375df9d419863efa9c4,True,classification,classification,classification,500,500,pass,True,False,,[],,False,False,False,,False,contract_fail_or_unavailable,26.870012283325195,24.405127216596156,40.97499640649169,,,,,,,,,,,,18,31.53511658868329,31.71068028836337,0.03527342864905092,available
performance_observation,resnet50,classification,development,b020,hailo10_to_tensorrt,orin_nx_hailo10_01,,[],,hailo10_to_trt,split,,{},,{},,unavailable,,,,,,,,,,generic,hailo10h_to_tensorrt,True,True,,,,,,,,,,False,screening,inconclusive,inconclusive,,[],explicit_hailo_trt_interface_contract,contract_fail_or_unavailable,contract_fail_or_unavailable,top1_accuracy,0.81,0.812,-0.002,-0.014,0.008,0.01,500,500,management_process_pool:onnx_splitpoint_tool.quality_metrics:classification_quality_evaluator,,0.04315780207980424,,,58bf34c5760ed51e4ff35faee4055891caf624b2722cb375df9d419863efa9c4,58bf34c5760ed51e4ff35faee4055891caf624b2722cb375df9d419863efa9c4,True,classification,classification,classification,500,500,pass,True,False,,[],,False,False,False,,False,contract_fail_or_unavailable,33.59222412109375,26.004706957357246,38.45457676719099,,,,,,,,,,,,61,18.202882722282492,54.93635350272741,0.24525374149775042,available
performance_observation,resnet50,classification,development,b022,hailo10_to_tensorrt,orin_nx_hailo10_01,,[],,hailo10_to_trt,split,,{},,{},,unavailable,,,,,,,,,,generic,hailo10h_to_tensorrt,True,True,,,,,,,,,,False,screening,inconclusive,inconclusive,,[],explicit_hailo_trt_interface_contract,contract_fail_or_unavailable,contract_fail_or_unavailable,top1_accuracy,0.82,0.812,0.008,-0.004,0.022,0.01,500,500,management_process_pool:onnx_splitpoint_tool.quality_metrics:classification_quality_evaluator,,0.25691231701057404,,,58bf34c5760ed51e4ff35faee4055891caf624b2722cb375df9d419863efa9c4,58bf34c5760ed51e4ff35faee4055891caf624b2722cb375df9d419863efa9c4,True,classification,classification,classification,500,500,pass,True,False,,[],,False,False,False,,False,contract_fail_or_unavailable,40.29097557067871,29.211924826402377,34.23259528232724,,,,,,,,,,,,59,16.337128678237303,61.21026648532802,0.23316154471623243,available
performance_observation,resnet50,classification,development,b027,hailo10_to_tensorrt,orin_nx_hailo10_01,,[],,hailo10_to_trt,split,,{},,{},,unavailable,,,,,,,,,,generic,hailo10h_to_tensorrt,True,True,,,,,,,,,,False,screening,inconclusive,inconclusive,,[],explicit_hailo_trt_interface_contract,contract_fail_or_unavailable,contract_fail_or_unavailable,top1_accuracy,0.804,0.812,-0.008,-0.02,0.004,0.01,500,500,management_process_pool:onnx_splitpoint_tool.quality_metrics:classification_quality_evaluator,,0.06492352299392223,,,58bf34c5760ed51e4ff35faee4055891caf624b2722cb375df9d419863efa9c4,58bf34c5760ed51e4ff35faee4055891caf624b2722cb375df9d419863efa9c4,True,classification,classification,classification,500,500,pass,True,False,,[],,False,False,False,,False,contract_fail_or_unavailable,24.342966079711914,18.596316348639842,53.77409059150261,,,,,,,,,,,,53,9.518018930680995,105.0638801291449,0.18507073912536787,available
performance_observation,resnet50,classification,development,b042,hailo10_to_tensorrt,orin_nx_hailo10_01,,[],,hailo10_to_trt,split,,{},,{},,unavailable,,,,,,,,,,generic,hailo10h_to_tensorrt,True,True,,,,,,,,,,False,screening,fail,fail,primary:top1_accuracy:point_estimate_below_non_inferiority_margin,"[""primary:top1_accuracy:point_estimate_below_non_inferiority_margin""]",explicit_hailo_trt_interface_contract,contract_fail_or_unavailable,contract_fail_or_unavailable,top1_accuracy,0.8,0.812,-0.012,-0.012,-0.012,0.01,500,0,management_process_pool:onnx_splitpoint_tool.quality_metrics:classification_quality_evaluator,point_estimate_below_non_inferiority_margin,0.07980547798797488,,,58bf34c5760ed51e4ff35faee4055891caf624b2722cb375df9d419863efa9c4,58bf34c5760ed51e4ff35faee4055891caf624b2722cb375df9d419863efa9c4,True,classification,classification,classification,500,500,pass,True,False,,[],,False,False,False,,False,contract_fail_or_unavailable,20.39170265197754,16.851418477017432,59.34218542871247,,,,,,,,,,,,30,4.727690049570109,211.51978863143333,0.13429673580452095,available
performance_observation,resnet50,classification,development,b052,hailo10_to_tensorrt,orin_nx_hailo10_01,,[],,hailo10_to_trt,split,,{},,{},,unavailable,,,,,,,,,,generic,hailo10h_to_tensorrt,True,True,,,,,,,,,,False,screening,fail,fail,primary:top1_accuracy:point_estimate_below_non_inferiority_margin,"[""primary:top1_accuracy:point_estimate_below_non_inferiority_margin""]",explicit_hailo_trt_interface_contract,contract_fail_or_unavailable,contract_fail_or_unavailable,top1_accuracy,0.8,0.812,-0.012,-0.012,-0.012,0.01,500,0,management_process_pool:onnx_splitpoint_tool.quality_metrics:classification_quality_evaluator,point_estimate_below_non_inferiority_margin,0.03463550505694002,,,58bf34c5760ed51e4ff35faee4055891caf624b2722cb375df9d419863efa9c4,58bf34c5760ed51e4ff35faee4055891caf624b2722cb375df9d419863efa9c4,True,classification,classification,classification,500,500,pass,True,False,,[],,False,False,False,,False,contract_fail_or_unavailable,18.024015426635742,16.466825782908533,60.728158127350405,,,,,,,,,,,,1,4.437384606028305,225.3579729468285,-0.1711425808259156,available
performance_observation,resnet50,classification,development,b054,hailo10_to_tensorrt,orin_nx_hailo10_01,,[],,hailo10_to_trt,split,,{},,{},,unavailable,,,,,,,,,,generic,hailo10h_to_tensorrt,True,True,,,,,,,,,,False,screening,inconclusive,inconclusive,,[],explicit_hailo_trt_interface_contract,contract_fail_or_unavailable,contract_fail_or_unavailable,top1_accuracy,0.804,0.812,-0.008,-0.022,0.006,0.01,500,500,management_process_pool:onnx_splitpoint_tool.quality_metrics:classification_quality_evaluator,,0.16536578501109034,,,58bf34c5760ed51e4ff35faee4055891caf624b2722cb375df9d419863efa9c4,58bf34c5760ed51e4ff35faee4055891caf624b2722cb375df9d419863efa9c4,True,classification,classification,classification,500,500,pass,True,False,,[],,False,False,False,,False,contract_fail_or_unavailable,21.216297149658203,17.477609956151117,57.216061149599994,,,,,,,,,,,,31,4.232346075852329,236.27557436890734,0.1376479756163857,available
performance_observation,resnet50,classification,development,b056,hailo10_to_tensorrt,orin_nx_hailo10_01,,[],,hailo10_to_trt,split,,{},,{},,unavailable,,,,,,,,,,generic,hailo10h_to_tensorrt,True,True,,,,,,,,,,False,screening,inconclusive,inconclusive,,[],explicit_hailo_trt_interface_contract,contract_fail_or_unavailable,contract_fail_or_unavailable,top1_accuracy,0.806,0.812,-0.006,-0.016,0.006,0.01,500,500,management_process_pool:onnx_splitpoint_tool.quality_metrics:classification_quality_evaluator,,0.22634667297825217,,,58bf34c5760ed51e4ff35faee4055891caf624b2722cb375df9d419863efa9c4,58bf34c5760ed51e4ff35faee4055891caf624b2722cb375df9d419863efa9c4,True,classification,classification,classification,500,500,pass,True,False,,[],,False,False,False,,False,contract_fail_or_unavailable,16.30697250366211,13.29955417389536,75.19049036717492,,,,,,,,,,,,35,4.189227203995763,238.70751126751523,0.14642146301705153,available
performance_observation,resnet50,classification,development,b068,hailo10_to_tensorrt,orin_nx_hailo10_01,,[],,hailo10_to_trt,split,,{},,{},,unavailable,,,,,,,,,,generic,hailo10h_to_tensorrt,True,True,,,,,,,,,,False,screening,inconclusive,inconclusive,,[],explicit_hailo_trt_interface_contract,contract_fail_or_unavailable,contract_fail_or_unavailable,top1_accuracy,0.804,0.812,-0.008,-0.022,0.004099999999999909,0.01,500,500,management_process_pool:onnx_splitpoint_tool.quality_metrics:classification_quality_evaluator,,0.07787006406579167,,,58bf34c5760ed51e4ff35faee4055891caf624b2722cb375df9d419863efa9c4,58bf34c5760ed51e4ff35faee4055891caf624b2722cb375df9d419863efa9c4,True,classification,classification,classification,500,500,pass,True,False,,[],,False,False,False,,False,contract_fail_or_unavailable,13.67945671081543,12.457386522209676,80.27365918342086,,,,,,,,,,,,12,4.7182788128562185,211.94169307571042,-0.09979656010757704,available
performance_observation,resnet50,classification,development,b074,hailo10_to_tensorrt,orin_nx_hailo10_01,,[],,hailo10_to_trt,split,,{},,{},,unavailable,,,,,,,,,,generic,hailo10h_to_tensorrt,True,True,,,,,,,,,,False,screening,inconclusive,inconclusive,,[],explicit_hailo_trt_interface_contract,contract_fail_or_unavailable,contract_fail_or_unavailable,top1_accuracy,0.812,0.812,0.0,-0.01409999999999996,0.014,0.01,500,500,management_process_pool:onnx_splitpoint_tool.quality_metrics:classification_quality_evaluator,,0.17384455597493798,,,58bf34c5760ed51e4ff35faee4055891caf624b2722cb375df9d419863efa9c4,58bf34c5760ed51e4ff35faee4055891caf624b2722cb375df9d419863efa9c4,True,classification,classification,classification,500,500,pass,True,False,,[],,False,False,False,,False,contract_fail_or_unavailable,13.944864273071289,12.776698694442926,78.26747925384969,,,,,,,,,,,,19,5.006251540461524,199.75025064517843,0.03588037498426444,available
performance_observation,resnet50,classification,development,b078,hailo10_to_tensorrt,orin_nx_hailo10_01,,[],,hailo10_to_trt,split,,{},,{},,unavailable,,,,,,,,,,generic,hailo10h_to_tensorrt,True,True,,,,,,,,,,False,screening,inconclusive,inconclusive,,[],explicit_hailo_trt_interface_contract,contract_fail_or_unavailable,contract_fail_or_unavailable,top1_accuracy,0.806,0.812,-0.006,-0.02,0.006,0.01,500,500,management_process_pool:onnx_splitpoint_tool.quality_metrics:classification_quality_evaluator,,0.2374238409101963,,,58bf34c5760ed51e4ff35faee4055891caf624b2722cb375df9d419863efa9c4,58bf34c5760ed51e4ff35faee4055891caf624b2722cb375df9d419863efa9c4,True,classification,classification,classification,500,500,pass,True,False,,[],,False,False,False,,False,contract_fail_or_unavailable,14.887380599975586,13.250880826608805,75.466681278419,,,,,,,,,,,,82,5.204180209118675,192.1532229510072,0.4395656587907015,available
performance_observation,resnet50,classification,development,b091,hailo10_to_tensorrt,orin_nx_hailo10_01,,[],,hailo10_to_trt,split,,{},,{},,unavailable,,,,,,,,,,generic,hailo10h_to_tensorrt,True,True,,,,,,,,,,False,screening,inconclusive,inconclusive,,[],explicit_hailo_trt_interface_contract,contract_fail_or_unavailable,contract_fail_or_unavailable,top1_accuracy,0.804,0.812,-0.008,-0.022,0.006,0.01,500,500,management_process_pool:onnx_splitpoint_tool.quality_metrics:classification_quality_evaluator,,0.23816395306494087,,,58bf34c5760ed51e4ff35faee4055891caf624b2722cb375df9d419863efa9c4,58bf34c5760ed51e4ff35faee4055891caf624b2722cb375df9d419863efa9c4,True,classification,classification,classification,500,500,pass,True,False,,[],,False,False,False,,False,contract_fail_or_unavailable,15.303230285644531,13.684700346936513,73.07430741250116,,,,,,,,,,,,93,10.575816512005005,94.55534699045342,0.823280259749183,available
performance_observation,resnet50,classification,development,b095,hailo10_to_tensorrt,orin_nx_hailo10_01,,[],,hailo10_to_trt,split,,{},,{},,unavailable,,,,,,,,,,generic,hailo10h_to_tensorrt,True,True,,,,,,,,,,False,screening,inconclusive,inconclusive,,[],explicit_hailo_trt_interface_contract,contract_fail_or_unavailable,contract_fail_or_unavailable,top1_accuracy,0.81,0.812,-0.002,-0.016,0.012,0.01,500,500,management_process_pool:onnx_splitpoint_tool.quality_metrics:classification_quality_evaluator,,0.02611483004875481,,,58bf34c5760ed51e4ff35faee4055891caf624b2722cb375df9d419863efa9c4,58bf34c5760ed51e4ff35faee4055891caf624b2722cb375df9d419863efa9c4,True,classification,classification,classification,500,500,pass,True,False,,[],,False,False,False,,False,contract_fail_or_unavailable,14.490842819213867,13.485468825345617,74.15389208571851,,,,,,,,,,,,90,16.30935548306228,61.3145014245675,0.8061276910398805,available
performance_observation,resnet50,classification,development,b107,hailo10_to_tensorrt,orin_nx_hailo10_01,,[],,hailo10_to_trt,split,,{},,{},,unavailable,,,,,,,,,,generic,hailo10h_to_tensorrt,True,True,,,,,,,,,,False,screening,pass,pass,,[],explicit_hailo_trt_interface_contract,contract_fail_or_unavailable,contract_fail_or_unavailable,top1_accuracy,0.814,0.812,0.002,-0.01,0.014,0.01,500,500,management_process_pool:onnx_splitpoint_tool.quality_metrics:classification_quality_evaluator,,0.21948744100518525,,,58bf34c5760ed51e4ff35faee4055891caf624b2722cb375df9d419863efa9c4,58bf34c5760ed51e4ff35faee4055891caf624b2722cb375df9d419863efa9c4,True,classification,classification,classification,500,500,pass,True,False,,[],,True,False,False,,False,contract_fail_or_unavailable,12.955713272094727,11.967151347325062,83.5620751319004,,,,,,,,,,,,109,34.72135311270184,28.800720892244772,2.0187724659699153,available
performance_observation,resnet50,classification,development,b112,hailo10_to_tensorrt,orin_nx_hailo10_01,,[],,hailo10_to_trt,split,,{},,{},,unavailable,,,,,,,,,,generic,hailo10h_to_tensorrt,True,True,,,,,,,,,,False,screening,inconclusive,inconclusive,,[],explicit_hailo_trt_interface_contract,contract_fail_or_unavailable,contract_fail_or_unavailable,top1_accuracy,0.814,0.812,0.002,-0.012,0.016,0.01,500,500,management_process_pool:onnx_splitpoint_tool.quality_metrics:classification_quality_evaluator,,0.0929184480337426,,,58bf34c5760ed51e4ff35faee4055891caf624b2722cb375df9d419863efa9c4,58bf34c5760ed51e4ff35faee4055891caf624b2722cb375df9d419863efa9c4,True,classification,classification,classification,500,500,pass,True,False,,[],,False,False,False,,False,contract_fail_or_unavailable,12.876462936401367,12.14478347885787,82.33987882458675,,,,,,,,,,,,116,38.22826589469872,26.158654508539303,2.192904123040732,available
performance_observation,resnet50,classification,development,b118,hailo10_to_tensorrt,orin_nx_hailo10_01,,[],,hailo10_to_trt,split,,{},,{},,unavailable,,,,,,,,,,generic,hailo10h_to_tensorrt,True,True,,,,,,,,,,False,screening,inconclusive,inconclusive,,[],explicit_hailo_trt_interface_contract,contract_fail_or_unavailable,contract_fail_or_unavailable,top1_accuracy,0.812,0.812,0.0,-0.014,0.014,0.01,500,500,management_process_pool:onnx_splitpoint_tool.quality_metrics:classification_quality_evaluator,,0.19754206796642393,,,58bf34c5760ed51e4ff35faee4055891caf624b2722cb375df9d419863efa9c4,58bf34c5760ed51e4ff35faee4055891caf624b2722cb375df9d419863efa9c4,True,classification,classification,classification,500,500,pass,True,False,,[],,False,False,False,,False,contract_fail_or_unavailable,12.969446182250977,12.489226305067701,80.06901112795387,,,,,,,,,,,,115,43.94970748040079,22.75327999500216,2.1755397153325595,available
performance_observation,resnet50,classification,development,b119,hailo10_to_tensorrt,orin_nx_hailo10_01,,[],,hailo10_to_trt,split,,{},,{},,unavailable,,,,,,,,,,generic,hailo10h_to_tensorrt,True,True,,,,,,,,,,False,screening,pass,pass,,[],explicit_hailo_trt_interface_contract,contract_fail_or_unavailable,contract_fail_or_unavailable,top1_accuracy,0.816,0.812,0.004,-0.01,0.018,0.01,500,500,management_process_pool:onnx_splitpoint_tool.quality_metrics:classification_quality_evaluator,,0.022970805992372334,,,58bf34c5760ed51e4ff35faee4055891caf624b2722cb375df9d419863efa9c4,58bf34c5760ed51e4ff35faee4055891caf624b2722cb375df9d419863efa9c4,True,classification,classification,classification,500,500,pass,True,False,,[],,True,False,False,,False,contract_fail_or_unavailable,10.589361190795898,10.172472130406,98.30452098373932,,,,,,,,,,,,113,43.994864623268654,22.729925607524322,2.1755397153325595,available
performance_observation,resnet50,classification,development,full,hailo8,orin_nx_hailo8_01,,[],,hailo8,full,hailo_hef_sha256:5c85fe8fd888bd99b3e31e119540322383cc308cfbb740e4df4d4babf439e912,{},,{},,unavailable,,,,,,,,,,generic,hailo8,True,True,,,,,,,,,,False,screening,inconclusive,inconclusive,,[],endpoint_contract_incomplete,contract_fail_or_unavailable,contract_fail_or_unavailable,top1_accuracy,0.81,0.812,-0.002,-0.014,0.008,0.01,500,500,management_process_pool:onnx_splitpoint_tool.quality_metrics:classification_quality_evaluator,,0.10690155089832842,,,58bf34c5760ed51e4ff35faee4055891caf624b2722cb375df9d419863efa9c4,58bf34c5760ed51e4ff35faee4055891caf624b2722cb375df9d419863efa9c4,True,classification,classification,classification,500,500,pass,True,False,,[],,False,False,False,,False,contract_fail_or_unavailable,8.192729949951172,8.192729949951172,122.05943636723434,,,,,,,,,,,,,,,,available
performance_observation,resnet50,classification,development,b001,hailo8_to_tensorrt,orin_nx_hailo8_01,,[],,hailo8_to_trt,split,,{},,{},,unavailable,,,,,,,,,,generic,hailo8_to_tensorrt,True,True,,,,,,,,,,False,screening,fail,fail,primary:top1_accuracy:point_estimate_below_non_inferiority_margin,"[""primary:top1_accuracy:point_estimate_below_non_inferiority_margin""]",explicit_hailo_trt_interface_contract,contract_fail_or_unavailable,contract_fail_or_unavailable,top1_accuracy,0.8,0.812,-0.012,-0.012,-0.012,0.01,500,0,management_process_pool:onnx_splitpoint_tool.quality_metrics:classification_quality_evaluator,point_estimate_below_non_inferiority_margin,0.1587979409378022,,,58bf34c5760ed51e4ff35faee4055891caf624b2722cb375df9d419863efa9c4,58bf34c5760ed51e4ff35faee4055891caf624b2722cb375df9d419863efa9c4,True,classification,classification,classification,500,500,pass,True,False,,[],,False,False,False,,False,contract_fail_or_unavailable,5.346488952636719,4.799256000710144,208.3656299751525,,,,,,,,,,,,22,39.508164609467144,25.311223892197084,0.08938716750274056,available
performance_observation,resnet50,classification,development,b003,hailo8_to_tensorrt,orin_nx_hailo8_01,,[],,hailo8_to_trt,split,,{},,{},,unavailable,,,,,,,,,,generic,hailo8_to_tensorrt,True,True,,,,,,,,,,False,screening,inconclusive,inconclusive,,[],explicit_hailo_trt_interface_contract,contract_fail_or_unavailable,contract_fail_or_unavailable,top1_accuracy,0.802,0.812,-0.01,-0.024,0.002,0.01,500,500,management_process_pool:onnx_splitpoint_tool.quality_metrics:classification_quality_evaluator,,0.033401407999917865,,,58bf34c5760ed51e4ff35faee4055891caf624b2722cb375df9d419863efa9c4,58bf34c5760ed51e4ff35faee4055891caf624b2722cb375df9d419863efa9c4,True,classification,classification,classification,500,500,pass,True,False,,[],,False,False,False,,False,contract_fail_or_unavailable,9.989738464355469,8.231566044163298,121.48356638759685,,,,,,,,,,,,79,37.66460385508279,26.550126581646,0.37734130097709045,available
performance_observation,resnet50,classification,development,b008,hailo8_to_tensorrt,orin_nx_hailo8_01,,[],,hailo8_to_trt,split,,{},,{},,unavailable,,,,,,,,,,generic,hailo8_to_tensorrt,True,True,,,,,,,,,,False,screening,inconclusive,inconclusive,,[],explicit_hailo_trt_interface_contract,contract_fail_or_unavailable,contract_fail_or_unavailable,top1_accuracy,0.812,0.812,0.0,-0.012,0.012,0.01,500,500,management_process_pool:onnx_splitpoint_tool.quality_metrics:classification_quality_evaluator,,0.07963502395432442,,,58bf34c5760ed51e4ff35faee4055891caf624b2722cb375df9d419863efa9c4,58bf34c5760ed51e4ff35faee4055891caf624b2722cb375df9d419863efa9c4,True,classification,classification,classification,500,500,pass,True,False,,[],,False,False,False,,False,contract_fail_or_unavailable,13.949394226074219,11.652031453030014,85.82194478542695,,,,,,,,,,,,71,31.409811825576426,31.837185321362497,0.3354587496725224,available
performance_observation,resnet50,classification,development,b009,hailo8_to_tensorrt,orin_nx_hailo8_01,,[],,hailo8_to_trt,split,,{},,{},,unavailable,,,,,,,,,,generic,hailo8_to_tensorrt,True,True,,,,,,,,,,False,screening,inconclusive,inconclusive,,[],explicit_hailo_trt_interface_contract,contract_fail_or_unavailable,contract_fail_or_unavailable,top1_accuracy,0.812,0.812,0.0,-0.012,0.012,0.01,500,500,management_process_pool:onnx_splitpoint_tool.quality_metrics:classification_quality_evaluator,,0.07301649206783623,,,58bf34c5760ed51e4ff35faee4055891caf624b2722cb375df9d419863efa9c4,58bf34c5760ed51e4ff35faee4055891caf624b2722cb375df9d419863efa9c4,True,classification,classification,classification,500,500,pass,True,False,,[],,False,False,False,,False,contract_fail_or_unavailable,5.14378547668457,4.719238545724445,211.8985913322784,,,,,,,,,,,,18,31.53511658868329,31.71068028836337,0.03527342864905092,available
performance_observation,resnet50,classification,development,b020,hailo8_to_tensorrt,orin_nx_hailo8_01,,[],,hailo8_to_trt,split,,{},,{},,unavailable,,,,,,,,,,generic,hailo8_to_tensorrt,True,True,,,,,,,,,,False,screening,inconclusive,inconclusive,,[],explicit_hailo_trt_interface_contract,contract_fail_or_unavailable,contract_fail_or_unavailable,top1_accuracy,0.81,0.812,-0.002,-0.014,0.008,0.01,500,500,management_process_pool:onnx_splitpoint_tool.quality_metrics:classification_quality_evaluator,,0.04315780207980424,,,58bf34c5760ed51e4ff35faee4055891caf624b2722cb375df9d419863efa9c4,58bf34c5760ed51e4ff35faee4055891caf624b2722cb375df9d419863efa9c4,True,classification,classification,classification,500,500,pass,True,False,,[],,False,False,False,,False,contract_fail_or_unavailable,10.094261169433594,9.509741318073463,105.15533141784614,,,,,,,,,,,,61,18.202882722282492,54.93635350272741,0.24525374149775042,available
performance_observation,resnet50,classification,development,b022,hailo8_to_tensorrt,orin_nx_hailo8_01,,[],,hailo8_to_trt,split,,{},,{},,unavailable,,,,,,,,,,generic,hailo8_to_tensorrt,True,True,,,,,,,,,,False,screening,inconclusive,inconclusive,,[],explicit_hailo_trt_interface_contract,contract_fail_or_unavailable,contract_fail_or_unavailable,top1_accuracy,0.818,0.812,0.006,-0.008,0.02,0.01,500,500,management_process_pool:onnx_splitpoint_tool.quality_metrics:classification_quality_evaluator,,0.028450762969441712,,,58bf34c5760ed51e4ff35faee4055891caf624b2722cb375df9d419863efa9c4,58bf34c5760ed51e4ff35faee4055891caf624b2722cb375df9d419863efa9c4,True,classification,classification,classification,500,500,pass,True,False,,[],,False,False,False,,False,contract_fail_or_unavailable,14.091014862060547,11.675791727611795,85.64729684541429,,,,,,,,,,,,59,16.337128678237303,61.21026648532802,0.23316154471623243,available
performance_observation,resnet50,classification,development,b027,hailo8_to_tensorrt,orin_nx_hailo8_01,,[],,hailo8_to_trt,split,,{},,{},,unavailable,,,,,,,,,,generic,hailo8_to_tensorrt,True,True,,,,,,,,,,False,screening,inconclusive,inconclusive,,[],explicit_hailo_trt_interface_contract,contract_fail_or_unavailable,contract_fail_or_unavailable,top1_accuracy,0.808,0.812,-0.004,-0.014,0.008,0.01,500,500,management_process_pool:onnx_splitpoint_tool.quality_metrics:classification_quality_evaluator,,0.038032857002690434,,,58bf34c5760ed51e4ff35faee4055891caf624b2722cb375df9d419863efa9c4,58bf34c5760ed51e4ff35faee4055891caf624b2722cb375df9d419863efa9c4,True,classification,classification,classification,500,500,pass,True,False,,[],,False,False,False,,False,contract_fail_or_unavailable,7.147932052612305,6.115712452976203,163.51324685210656,,,,,,,,,,,,53,9.518018930680995,105.0638801291449,0.18507073912536787,available
performance_observation,resnet50,classification,development,b042,hailo8_to_tensorrt,orin_nx_hailo8_01,,[],,hailo8_to_trt,split,,{},,{},,unavailable,,,,,,,,,,generic,hailo8_to_tensorrt,True,True,,,,,,,,,,False,screening,inconclusive,inconclusive,,[],explicit_hailo_trt_interface_contract,contract_fail_or_unavailable,contract_fail_or_unavailable,top1_accuracy,0.806,0.812,-0.006,-0.018099999999999956,0.006,0.01,500,500,management_process_pool:onnx_splitpoint_tool.quality_metrics:classification_quality_evaluator,,0.1908095789840445,,,58bf34c5760ed51e4ff35faee4055891caf624b2722cb375df9d419863efa9c4,58bf34c5760ed51e4ff35faee4055891caf624b2722cb375df9d419863efa9c4,True,classification,classification,classification,500,500,pass,True,False,,[],,False,False,False,,False,contract_fail_or_unavailable,5.377006530761719,5.289330816594884,189.05983283605065,,,,,,,,,,,,30,4.727690049570109,211.51978863143333,0.13429673580452095,available
performance_observation,resnet50,classification,development,b052,hailo8_to_tensorrt,orin_nx_hailo8_01,,[],,hailo8_to_trt,split,,{},,{},,unavailable,,,,,,,,,,generic,hailo8_to_tensorrt,True,True,,,,,,,,,,False,screening,fail,fail,primary:top1_accuracy:point_estimate_below_non_inferiority_margin,"[""primary:top1_accuracy:point_estimate_below_non_inferiority_margin""]",explicit_hailo_trt_interface_contract,contract_fail_or_unavailable,contract_fail_or_unavailable,top1_accuracy,0.798,0.812,-0.014,-0.014,-0.014,0.01,500,0,management_process_pool:onnx_splitpoint_tool.quality_metrics:classification_quality_evaluator,point_estimate_below_non_inferiority_margin,0.10595789994113147,,,58bf34c5760ed51e4ff35faee4055891caf624b2722cb375df9d419863efa9c4,58bf34c5760ed51e4ff35faee4055891caf624b2722cb375df9d419863efa9c4,True,classification,classification,classification,500,500,pass,True,False,,[],,False,False,False,,False,contract_fail_or_unavailable,3.4789562225341797,3.176788773006675,314.7832832000187,,,,,,,,,,,,1,4.437384606028305,225.3579729468285,-0.1711425808259156,available
performance_observation,resnet50,classification,development,b054,hailo8_to_tensorrt,orin_nx_hailo8_01,,[],,hailo8_to_trt,split,,{},,{},,unavailable,,,,,,,,,,generic,hailo8_to_tensorrt,True,True,,,,,,,,,,False,screening,inconclusive,inconclusive,,[],explicit_hailo_trt_interface_contract,contract_fail_or_unavailable,contract_fail_or_unavailable,top1_accuracy,0.802,0.812,-0.01,-0.024,0.002,0.01,500,500,management_process_pool:onnx_splitpoint_tool.quality_metrics:classification_quality_evaluator,,0.04001482704188675,,,58bf34c5760ed51e4ff35faee4055891caf624b2722cb375df9d419863efa9c4,58bf34c5760ed51e4ff35faee4055891caf624b2722cb375df9d419863efa9c4,True,classification,classification,classification,500,500,pass,True,False,,[],,False,False,False,,False,contract_fail_or_unavailable,5.992031097412109,5.438220589315858,183.88367731250906,,,,,,,,,,,,31,4.232346075852329,236.27557436890734,0.1376479756163857,available
performance_observation,resnet50,classification,development,b056,hailo8_to_tensorrt,orin_nx_hailo8_01,,[],,hailo8_to_trt,split,,{},,{},,unavailable,,,,,,,,,,generic,hailo8_to_tensorrt,True,True,,,,,,,,,,False,screening,inconclusive,inconclusive,,[],explicit_hailo_trt_interface_contract,contract_fail_or_unavailable,contract_fail_or_unavailable,top1_accuracy,0.808,0.812,-0.004,-0.016,0.006,0.01,500,500,management_process_pool:onnx_splitpoint_tool.quality_metrics:classification_quality_evaluator,,0.09387559199240059,,,58bf34c5760ed51e4ff35faee4055891caf624b2722cb375df9d419863efa9c4,58bf34c5760ed51e4ff35faee4055891caf624b2722cb375df9d419863efa9c4,True,classification,classification,classification,500,500,pass,True,False,,[],,False,False,False,,False,contract_fail_or_unavailable,4.384613037109375,3.9663139085116033,252.12326181597146,,,,,,,,,,,,35,4.189227203995763,238.70751126751523,0.14642146301705153,available
performance_observation,resnet50,classification,development,b068,hailo8_to_tensorrt,orin_nx_hailo8_01,,[],,hailo8_to_trt,split,,{},,{},,unavailable,,,,,,,,,,generic,hailo8_to_tensorrt,True,True,,,,,,,,,,False,screening,inconclusive,inconclusive,,[],explicit_hailo_trt_interface_contract,contract_fail_or_unavailable,contract_fail_or_unavailable,top1_accuracy,0.81,0.812,-0.002,-0.014,0.01,0.01,500,500,management_process_pool:onnx_splitpoint_tool.quality_metrics:classification_quality_evaluator,,0.026933007990010083,,,58bf34c5760ed51e4ff35faee4055891caf624b2722cb375df9d419863efa9c4,58bf34c5760ed51e4ff35faee4055891caf624b2722cb375df9d419863efa9c4,True,classification,classification,classification,500,500,pass,True,False,,[],,False,False,False,,False,contract_fail_or_unavailable,3.631258010864258,3.3747324540110473,296.3197864208309,,,,,,,,,,,,12,4.7182788128562185,211.94169307571042,-0.09979656010757704,available
performance_observation,resnet50,classification,development,b074,hailo8_to_tensorrt,orin_nx_hailo8_01,,[],,hailo8_to_trt,split,,{},,{},,unavailable,,,,,,,,,,generic,hailo8_to_tensorrt,True,True,,,,,,,,,,False,screening,inconclusive,inconclusive,,[],explicit_hailo_trt_interface_contract,contract_fail_or_unavailable,contract_fail_or_unavailable,top1_accuracy,0.802,0.812,-0.01,-0.022,0.002,0.01,500,500,management_process_pool:onnx_splitpoint_tool.quality_metrics:classification_quality_evaluator,,0.148638762999326,,,58bf34c5760ed51e4ff35faee4055891caf624b2722cb375df9d419863efa9c4,58bf34c5760ed51e4ff35faee4055891caf624b2722cb375df9d419863efa9c4,True,classification,classification,classification,500,500,pass,True,False,,[],,False,False,False,,False,contract_fail_or_unavailable,3.7271976470947266,3.42217722738331,292.2116341603463,,,,,,,,,,,,19,5.006251540461524,199.75025064517843,0.03588037498426444,available
performance_observation,resnet50,classification,development,b078,hailo8_to_tensorrt,orin_nx_hailo8_01,,[],,hailo8_to_trt,split,,{},,{},,unavailable,,,,,,,,,,generic,hailo8_to_tensorrt,True,True,,,,,,,,,,False,screening,inconclusive,inconclusive,,[],explicit_hailo_trt_interface_contract,contract_fail_or_unavailable,contract_fail_or_unavailable,top1_accuracy,0.806,0.812,-0.006,-0.02,0.006,0.01,500,500,management_process_pool:onnx_splitpoint_tool.quality_metrics:classification_quality_evaluator,,0.18787168199196458,,,58bf34c5760ed51e4ff35faee4055891caf624b2722cb375df9d419863efa9c4,58bf34c5760ed51e4ff35faee4055891caf624b2722cb375df9d419863efa9c4,True,classification,classification,classification,500,500,pass,True,False,,[],,False,False,False,,False,contract_fail_or_unavailable,4.474592208862305,4.328083818439733,231.04912981109925,,,,,,,,,,,,82,5.204180209118675,192.1532229510072,0.4395656587907015,available
performance_observation,resnet50,classification,development,b091,hailo8_to_tensorrt,orin_nx_hailo8_01,,[],,hailo8_to_trt,split,,{},,{},,unavailable,,,,,,,,,,generic,hailo8_to_tensorrt,True,True,,,,,,,,,,False,screening,fail,fail,primary:top1_accuracy:point_estimate_below_non_inferiority_margin,"[""primary:top1_accuracy:point_estimate_below_non_inferiority_margin""]",explicit_hailo_trt_interface_contract,contract_fail_or_unavailable,contract_fail_or_unavailable,top1_accuracy,0.8,0.812,-0.012,-0.012,-0.012,0.01,500,0,management_process_pool:onnx_splitpoint_tool.quality_metrics:classification_quality_evaluator,point_estimate_below_non_inferiority_margin,0.08892705396283418,,,58bf34c5760ed51e4ff35faee4055891caf624b2722cb375df9d419863efa9c4,58bf34c5760ed51e4ff35faee4055891caf624b2722cb375df9d419863efa9c4,True,classification,classification,classification,500,500,pass,True,False,,[],,False,False,False,,False,contract_fail_or_unavailable,4.425811767578125,4.095732546623119,244.15656750450847,,,,,,,,,,,,93,10.575816512005005,94.55534699045342,0.823280259749183,available
performance_observation,resnet50,classification,development,b095,hailo8_to_tensorrt,orin_nx_hailo8_01,,[],,hailo8_to_trt,split,,{},,{},,unavailable,,,,,,,,,,generic,hailo8_to_tensorrt,True,True,,,,,,,,,,False,screening,inconclusive,inconclusive,,[],explicit_hailo_trt_interface_contract,contract_fail_or_unavailable,contract_fail_or_unavailable,top1_accuracy,0.806,0.812,-0.006,-0.02,0.008,0.01,500,500,management_process_pool:onnx_splitpoint_tool.quality_metrics:classification_quality_evaluator,,0.09301586297806352,,,58bf34c5760ed51e4ff35faee4055891caf624b2722cb375df9d419863efa9c4,58bf34c5760ed51e4ff35faee4055891caf624b2722cb375df9d419863efa9c4,True,classification,classification,classification,500,500,pass,True,False,,[],,False,False,False,,False,contract_fail_or_unavailable,4.187202453613281,3.839810910655863,260.42949073999944,,,,,,,,,,,,90,16.30935548306228,61.3145014245675,0.8061276910398805,available
performance_observation,resnet50,classification,development,b107,hailo8_to_tensorrt,orin_nx_hailo8_01,,[],,hailo8_to_trt,split,,{},,{},,unavailable,,,,,,,,,,generic,hailo8_to_tensorrt,True,True,,,,,,,,,,False,screening,pass,pass,,[],explicit_hailo_trt_interface_contract,contract_fail_or_unavailable,contract_fail_or_unavailable,top1_accuracy,0.82,0.812,0.008,-0.006,0.02,0.01,500,500,management_process_pool:onnx_splitpoint_tool.quality_metrics:classification_quality_evaluator,,0.17512258095666766,,,58bf34c5760ed51e4ff35faee4055891caf624b2722cb375df9d419863efa9c4,58bf34c5760ed51e4ff35faee4055891caf624b2722cb375df9d419863efa9c4,True,classification,classification,classification,500,500,pass,True,False,,[],,True,False,False,,False,contract_fail_or_unavailable,4.547929763793945,4.233766545605084,236.1963016213218,,,,,,,,,,,,109,34.72135311270184,28.800720892244772,2.0187724659699153,available
performance_observation,resnet50,classification,development,b112,hailo8_to_tensorrt,orin_nx_hailo8_01,,[],,hailo8_to_trt,split,,{},,{},,unavailable,,,,,,,,,,generic,hailo8_to_tensorrt,True,True,,,,,,,,,,False,screening,pass,pass,,[],explicit_hailo_trt_interface_contract,contract_fail_or_unavailable,contract_fail_or_unavailable,top1_accuracy,0.818,0.812,0.006,-0.006,0.018,0.01,500,500,management_process_pool:onnx_splitpoint_tool.quality_metrics:classification_quality_evaluator,,0.16722465096972883,,,58bf34c5760ed51e4ff35faee4055891caf624b2722cb375df9d419863efa9c4,58bf34c5760ed51e4ff35faee4055891caf624b2722cb375df9d419863efa9c4,True,classification,classification,classification,500,500,pass,True,False,,[],,True,False,False,,False,contract_fail_or_unavailable,4.448413848876953,4.409963045459748,226.7592697924179,,,,,,,,,,,,116,38.22826589469872,26.158654508539303,2.192904123040732,available
performance_observation,resnet50,classification,development,b118,hailo8_to_tensorrt,orin_nx_hailo8_01,,[],,hailo8_to_trt,split,,{},,{},,unavailable,,,,,,,,,,generic,hailo8_to_tensorrt,True,True,,,,,,,,,,False,screening,inconclusive,inconclusive,,[],explicit_hailo_trt_interface_contract,contract_fail_or_unavailable,contract_fail_or_unavailable,top1_accuracy,0.814,0.812,0.002,-0.012,0.016,0.01,500,500,management_process_pool:onnx_splitpoint_tool.quality_metrics:classification_quality_evaluator,,0.08776263101026416,,,58bf34c5760ed51e4ff35faee4055891caf624b2722cb375df9d419863efa9c4,58bf34c5760ed51e4ff35faee4055891caf624b2722cb375df9d419863efa9c4,True,classification,classification,classification,500,500,pass,True,False,,[],,False,False,False,,False,contract_fail_or_unavailable,6.920623779296875,6.333703773138537,157.8855020408494,,,,,,,,,,,,115,43.94970748040079,22.75327999500216,2.1755397153325595,available
performance_observation,resnet50,classification,development,b119,hailo8_to_tensorrt,orin_nx_hailo8_01,,[],,hailo8_to_trt,split,,{},,{},,unavailable,,,,,,,,,,generic,hailo8_to_tensorrt,True,True,,,,,,,,,,False,screening,pass,pass,,[],explicit_hailo_trt_interface_contract,contract_fail_or_unavailable,contract_fail_or_unavailable,top1_accuracy,0.816,0.812,0.004,-0.008,0.01609999999999991,0.01,500,500,management_process_pool:onnx_splitpoint_tool.quality_metrics:classification_quality_evaluator,,0.09789306996390224,,,58bf34c5760ed51e4ff35faee4055891caf624b2722cb375df9d419863efa9c4,58bf34c5760ed51e4ff35faee4055891caf624b2722cb375df9d419863efa9c4,True,classification,classification,classification,500,500,pass,True,False,,[],,True,False,False,,False,contract_fail_or_unavailable,6.952238082885742,6.382373500276696,156.68152294074403,,,,,,,,,,,,113,43.994864623268654,22.729925607524322,2.1755397153325595,available
performance_observation,resnet50,classification,development,b001,tensorrt,orin_nx_deepx_m1_01,,[],,ort_tensorrt,split,,{},,{},,unavailable,,,,,,,,,,generic,tensorrt_to_tensorrt,True,True,,,,,,,,,,True,screening,pass,pass,,[],explicit_structural_contract_field,screening_only,screening_only,top1_accuracy,0.812,0.812,0.0,0.0,0.0,0.01,500,0,management_process_pool:onnx_splitpoint_tool.quality_metrics:classification_quality_evaluator,candidate_reference_identical,0.7276743779657409,,,58bf34c5760ed51e4ff35faee4055891caf624b2722cb375df9d419863efa9c4,58bf34c5760ed51e4ff35faee4055891caf624b2722cb375df9d419863efa9c4,True,classification,classification,classification,500,500,pass,True,False,,[],,True,False,False,,False,screening_only,6.371927261352539,7.1075439453125,140.69557750107342,,,,,,,,,,,,22,39.508164609467144,25.311223892197084,0.08938716750274056,available
performance_observation,resnet50,classification,development,b003,tensorrt,orin_nx_deepx_m1_01,,[],,ort_tensorrt,split,,{},,{},,unavailable,,,,,,,,,,generic,tensorrt_to_tensorrt,True,True,,,,,,,,,,True,screening,pass,pass,,[],explicit_structural_contract_field,screening_only,screening_only,top1_accuracy,0.812,0.812,0.0,0.0,0.0,0.01,500,0,management_process_pool:onnx_splitpoint_tool.quality_metrics:classification_quality_evaluator,candidate_reference_identical,0.7276743779657409,,,58bf34c5760ed51e4ff35faee4055891caf624b2722cb375df9d419863efa9c4,58bf34c5760ed51e4ff35faee4055891caf624b2722cb375df9d419863efa9c4,True,classification,classification,classification,500,500,pass,True,False,,[],,True,False,False,,False,screening_only,6.539487838745117,3.995084762573242,250.3075802967189,,,,,,,,,,,,79,37.66460385508279,26.550126581646,0.37734130097709045,available
performance_observation,resnet50,classification,development,b008,tensorrt,orin_nx_deepx_m1_01,,[],,ort_tensorrt,split,,{},,{},,unavailable,,,,,,,,,,generic,tensorrt_to_tensorrt,True,True,,,,,,,,,,True,screening,pass,pass,,[],explicit_structural_contract_field,screening_only,screening_only,top1_accuracy,0.812,0.812,0.0,0.0,0.0,0.01,500,0,management_process_pool:onnx_splitpoint_tool.quality_metrics:classification_quality_evaluator,candidate_reference_identical,0.7276743779657409,,,58bf34c5760ed51e4ff35faee4055891caf624b2722cb375df9d419863efa9c4,58bf34c5760ed51e4ff35faee4055891caf624b2722cb375df9d419863efa9c4,True,classification,classification,classification,500,500,pass,True,False,,[],,True,False,False,,False,screening_only,7.564640045166016,4.068565368652344,245.7868829403216,,,,,,,,,,,,71,31.409811825576426,31.837185321362497,0.3354587496725224,available
performance_observation,resnet50,classification,development,b009,tensorrt,orin_nx_deepx_m1_01,,[],,ort_tensorrt,split,,{},,{},,unavailable,,,,,,,,,,generic,tensorrt_to_tensorrt,True,True,,,,,,,,,,True,screening,pass,pass,,[],explicit_structural_contract_field,screening_only,screening_only,top1_accuracy,0.812,0.812,0.0,0.0,0.0,0.01,500,0,management_process_pool:onnx_splitpoint_tool.quality_metrics:classification_quality_evaluator,candidate_reference_identical,0.7276743779657409,,,58bf34c5760ed51e4ff35faee4055891caf624b2722cb375df9d419863efa9c4,58bf34c5760ed51e4ff35faee4055891caf624b2722cb375df9d419863efa9c4,True,classification,classification,classification,500,500,pass,True,False,,[],,True,False,False,,False,screening_only,5.09486198425293,3.172016143798828,315.25690748925166,,,,,,,,,,,,18,31.53511658868329,31.71068028836337,0.03527342864905092,available
performance_observation,resnet50,classification,development,b020,tensorrt,orin_nx_deepx_m1_01,,[],,ort_tensorrt,split,,{},,{},,unavailable,,,,,,,,,,generic,tensorrt_to_tensorrt,True,True,,,,,,,,,,True,screening,pass,pass,,[],explicit_structural_contract_field,screening_only,screening_only,top1_accuracy,0.812,0.812,0.0,0.0,0.0,0.01,500,0,management_process_pool:onnx_splitpoint_tool.quality_metrics:classification_quality_evaluator,candidate_reference_identical,0.7276743779657409,,,58bf34c5760ed51e4ff35faee4055891caf624b2722cb375df9d419863efa9c4,58bf34c5760ed51e4ff35faee4055891caf624b2722cb375df9d419863efa9c4,True,classification,classification,classification,500,500,pass,True,False,,[],,True,False,False,,False,screening_only,6.420803070068359,3.5696029663085938,280.1432006411969,,,,,,,,,,,,61,18.202882722282492,54.93635350272741,0.24525374149775042,available
performance_observation,resnet50,classification,development,b022,tensorrt,orin_nx_deepx_m1_01,,[],,ort_tensorrt,split,,{},,{},,unavailable,,,,,,,,,,generic,tensorrt_to_tensorrt,True,True,,,,,,,,,,True,screening,pass,pass,,[],explicit_structural_contract_field,screening_only,screening_only,top1_accuracy,0.812,0.812,0.0,0.0,0.0,0.01,500,0,management_process_pool:onnx_splitpoint_tool.quality_metrics:classification_quality_evaluator,candidate_reference_identical,0.7276743779657409,,,58bf34c5760ed51e4ff35faee4055891caf624b2722cb375df9d419863efa9c4,58bf34c5760ed51e4ff35faee4055891caf624b2722cb375df9d419863efa9c4,True,classification,classification,classification,500,500,pass,True,False,,[],,True,False,False,,False,screening_only,7.577276229858398,4.179477691650391,239.26434683399887,,,,,,,,,,,,59,16.337128678237303,61.21026648532802,0.23316154471623243,available
performance_observation,resnet50,classification,development,b027,tensorrt,orin_nx_deepx_m1_01,,[],,ort_tensorrt,split,,{},,{},,unavailable,,,,,,,,,,generic,tensorrt_to_tensorrt,True,True,,,,,,,,,,True,screening,pass,pass,,[],explicit_structural_contract_field,screening_only,screening_only,top1_accuracy,0.812,0.812,0.0,0.0,0.0,0.01,500,0,management_process_pool:onnx_splitpoint_tool.quality_metrics:classification_quality_evaluator,candidate_reference_identical,0.7276743779657409,,,58bf34c5760ed51e4ff35faee4055891caf624b2722cb375df9d419863efa9c4,58bf34c5760ed51e4ff35faee4055891caf624b2722cb375df9d419863efa9c4,True,classification,classification,classification,500,500,pass,True,False,,[],,True,False,False,,False,screening_only,5.997276306152344,3.2752513885498047,305.3200751233858,,,,,,,,,,,,53,9.518018930680995,105.0638801291449,0.18507073912536787,available
performance_observation,resnet50,classification,development,b042,tensorrt,orin_nx_deepx_m1_01,,[],,ort_tensorrt,split,,{},,{},,unavailable,,,,,,,,,,generic,tensorrt_to_tensorrt,True,True,,,,,,,,,,True,screening,pass,pass,,[],explicit_structural_contract_field,screening_only,screening_only,top1_accuracy,0.812,0.812,0.0,0.0,0.0,0.01,500,0,management_process_pool:onnx_splitpoint_tool.quality_metrics:classification_quality_evaluator,candidate_reference_identical,0.7276743779657409,,,58bf34c5760ed51e4ff35faee4055891caf624b2722cb375df9d419863efa9c4,58bf34c5760ed51e4ff35faee4055891caf624b2722cb375df9d419863efa9c4,True,classification,classification,classification,500,500,pass,True,False,,[],,True,False,False,,False,screening_only,4.656839370727539,2.4322986602783203,411.1337215001274,,,,,,,,,,,,30,4.727690049570109,211.51978863143333,0.13429673580452095,available
performance_observation,resnet50,classification,development,b052,tensorrt,orin_nx_deepx_m1_01,,[],,ort_tensorrt,split,,{},,{},,unavailable,,,,,,,,,,generic,tensorrt_to_tensorrt,True,True,,,,,,,,,,True,screening,pass,pass,,[],explicit_structural_contract_field,screening_only,screening_only,top1_accuracy,0.812,0.812,0.0,0.0,0.0,0.01,500,0,management_process_pool:onnx_splitpoint_tool.quality_metrics:classification_quality_evaluator,candidate_reference_identical,0.7276743779657409,,,58bf34c5760ed51e4ff35faee4055891caf624b2722cb375df9d419863efa9c4,58bf34c5760ed51e4ff35faee4055891caf624b2722cb375df9d419863efa9c4,True,classification,classification,classification,500,500,pass,True,False,,[],,True,False,False,,False,screening_only,5.719089508056641,4.423761367797852,226.05197632931996,,,,,,,,,,,,1,4.437384606028305,225.3579729468285,-0.1711425808259156,available
performance_observation,resnet50,classification,development,b054,tensorrt,orin_nx_deepx_m1_01,,[],,ort_tensorrt,split,,{},,{},,unavailable,,,,,,,,,,generic,tensorrt_to_tensorrt,True,True,,,,,,,,,,True,screening,pass,pass,,[],explicit_structural_contract_field,screening_only,screening_only,top1_accuracy,0.812,0.812,0.0,0.0,0.0,0.01,500,0,management_process_pool:onnx_splitpoint_tool.quality_metrics:classification_quality_evaluator,candidate_reference_identical,0.7276743779657409,,,58bf34c5760ed51e4ff35faee4055891caf624b2722cb375df9d419863efa9c4,58bf34c5760ed51e4ff35faee4055891caf624b2722cb375df9d419863efa9c4,True,classification,classification,classification,500,500,pass,True,False,,[],,True,False,False,,False,screening_only,4.828929901123047,2.765512466430664,361.5966343086711,,,,,,,,,,,,31,4.232346075852329,236.27557436890734,0.1376479756163857,available
performance_observation,resnet50,classification,development,b056,tensorrt,orin_nx_deepx_m1_01,,[],,ort_tensorrt,split,,{},,{},,unavailable,,,,,,,,,,generic,tensorrt_to_tensorrt,True,True,,,,,,,,,,True,screening,pass,pass,,[],explicit_structural_contract_field,screening_only,screening_only,top1_accuracy,0.812,0.812,0.0,0.0,0.0,0.01,500,0,management_process_pool:onnx_splitpoint_tool.quality_metrics:classification_quality_evaluator,candidate_reference_identical,0.7276743779657409,,,58bf34c5760ed51e4ff35faee4055891caf624b2722cb375df9d419863efa9c4,58bf34c5760ed51e4ff35faee4055891caf624b2722cb375df9d419863efa9c4,True,classification,classification,classification,500,500,pass,True,False,,[],,True,False,False,,False,screening_only,4.420232772827148,2.415323257446289,414.0232562730737,,,,,,,,,,,,35,4.189227203995763,238.70751126751523,0.14642146301705153,available
performance_observation,resnet50,classification,development,b068,tensorrt,orin_nx_deepx_m1_01,,[],,ort_tensorrt,split,,{},,{},,unavailable,,,,,,,,,,generic,tensorrt_to_tensorrt,True,True,,,,,,,,,,True,screening,pass,pass,,[],explicit_structural_contract_field,screening_only,screening_only,top1_accuracy,0.812,0.812,0.0,0.0,0.0,0.01,500,0,management_process_pool:onnx_splitpoint_tool.quality_metrics:classification_quality_evaluator,candidate_reference_identical,0.7276743779657409,,,58bf34c5760ed51e4ff35faee4055891caf624b2722cb375df9d419863efa9c4,58bf34c5760ed51e4ff35faee4055891caf624b2722cb375df9d419863efa9c4,True,classification,classification,classification,500,500,pass,True,False,,[],,True,False,False,,False,screening_only,4.57453727722168,2.4706363677978516,404.7540192615753,,,,,,,,,,,,12,4.7182788128562185,211.94169307571042,-0.09979656010757704,available
performance_observation,resnet50,classification,development,b074,tensorrt,orin_nx_deepx_m1_01,,[],,ort_tensorrt,split,,{},,{},,unavailable,,,,,,,,,,generic,tensorrt_to_tensorrt,True,True,,,,,,,,,,True,screening,pass,pass,,[],explicit_structural_contract_field,screening_only,screening_only,top1_accuracy,0.812,0.812,0.0,0.0,0.0,0.01,500,0,management_process_pool:onnx_splitpoint_tool.quality_metrics:classification_quality_evaluator,candidate_reference_identical,0.7276743779657409,,,58bf34c5760ed51e4ff35faee4055891caf624b2722cb375df9d419863efa9c4,58bf34c5760ed51e4ff35faee4055891caf624b2722cb375df9d419863efa9c4,True,classification,classification,classification,500,500,pass,True,False,,[],,True,False,False,,False,screening_only,3.9611339569091797,2.255535125732422,443.35376939664286,,,,,,,,,,,,19,5.006251540461524,199.75025064517843,0.03588037498426444,available
performance_observation,resnet50,classification,development,b078,tensorrt,orin_nx_deepx_m1_01,,[],,ort_tensorrt,split,,{},,{},,unavailable,,,,,,,,,,generic,tensorrt_to_tensorrt,True,True,,,,,,,,,,True,screening,pass,pass,,[],explicit_structural_contract_field,screening_only,screening_only,top1_accuracy,0.812,0.812,0.0,0.0,0.0,0.01,500,0,management_process_pool:onnx_splitpoint_tool.quality_metrics:classification_quality_evaluator,candidate_reference_identical,0.7276743779657409,,,58bf34c5760ed51e4ff35faee4055891caf624b2722cb375df9d419863efa9c4,58bf34c5760ed51e4ff35faee4055891caf624b2722cb375df9d419863efa9c4,True,classification,classification,classification,500,500,pass,True,False,,[],,True,False,False,,False,screening_only,4.165506362915039,2.532529830932617,394.8620813014253,,,,,,,,,,,,82,5.204180209118675,192.1532229510072,0.4395656587907015,available
performance_observation,resnet50,classification,development,b091,tensorrt,orin_nx_deepx_m1_01,,[],,ort_tensorrt,split,,{},,{},,unavailable,,,,,,,,,,generic,tensorrt_to_tensorrt,True,True,,,,,,,,,,True,screening,pass,pass,,[],explicit_structural_contract_field,screening_only,screening_only,top1_accuracy,0.812,0.812,0.0,0.0,0.0,0.01,500,0,management_process_pool:onnx_splitpoint_tool.quality_metrics:classification_quality_evaluator,candidate_reference_identical,0.7276743779657409,,,58bf34c5760ed51e4ff35faee4055891caf624b2722cb375df9d419863efa9c4,58bf34c5760ed51e4ff35faee4055891caf624b2722cb375df9d419863efa9c4,True,classification,classification,classification,500,500,pass,True,False,,[],,True,False,False,,False,screening_only,3.9918899536132812,2.5336265563964844,394.69115820378664,,,,,,,,,,,,93,10.575816512005005,94.55534699045342,0.823280259749183,available
performance_observation,resnet50,classification,development,b095,tensorrt,orin_nx_deepx_m1_01,,[],,ort_tensorrt,split,,{},,{},,unavailable,,,,,,,,,,generic,tensorrt_to_tensorrt,True,True,,,,,,,,,,True,screening,pass,pass,,[],explicit_structural_contract_field,screening_only,screening_only,top1_accuracy,0.812,0.812,0.0,0.0,0.0,0.01,500,0,management_process_pool:onnx_splitpoint_tool.quality_metrics:classification_quality_evaluator,candidate_reference_identical,0.7276743779657409,,,58bf34c5760ed51e4ff35faee4055891caf624b2722cb375df9d419863efa9c4,58bf34c5760ed51e4ff35faee4055891caf624b2722cb375df9d419863efa9c4,True,classification,classification,classification,500,500,pass,True,False,,[],,True,False,False,,False,screening_only,4.641962051391602,2.831697463989258,353.1450703039488,,,,,,,,,,,,90,16.30935548306228,61.3145014245675,0.8061276910398805,available
performance_observation,resnet50,classification,development,b107,tensorrt,orin_nx_deepx_m1_01,,[],,ort_tensorrt,split,,{},,{},,unavailable,,,,,,,,,,generic,tensorrt_to_tensorrt,True,True,,,,,,,,,,True,screening,pass,pass,,[],explicit_structural_contract_field,screening_only,screening_only,top1_accuracy,0.812,0.812,0.0,0.0,0.0,0.01,500,0,management_process_pool:onnx_splitpoint_tool.quality_metrics:classification_quality_evaluator,candidate_reference_identical,0.7276743779657409,,,58bf34c5760ed51e4ff35faee4055891caf624b2722cb375df9d419863efa9c4,58bf34c5760ed51e4ff35faee4055891caf624b2722cb375df9d419863efa9c4,True,classification,classification,classification,500,500,pass,True,False,,[],,True,False,False,,False,screening_only,3.735685348510742,2.7518749237060547,363.38860875742927,,,,,,,,,,,,109,34.72135311270184,28.800720892244772,2.0187724659699153,available
performance_observation,resnet50,classification,development,b112,tensorrt,orin_nx_deepx_m1_01,,[],,ort_tensorrt,split,,{},,{},,unavailable,,,,,,,,,,generic,tensorrt_to_tensorrt,True,True,,,,,,,,,,True,screening,pass,pass,,[],explicit_structural_contract_field,screening_only,screening_only,top1_accuracy,0.812,0.812,0.0,0.0,0.0,0.01,500,0,management_process_pool:onnx_splitpoint_tool.quality_metrics:classification_quality_evaluator,candidate_reference_identical,0.7276743779657409,,,58bf34c5760ed51e4ff35faee4055891caf624b2722cb375df9d419863efa9c4,58bf34c5760ed51e4ff35faee4055891caf624b2722cb375df9d419863efa9c4,True,classification,classification,classification,500,500,pass,True,False,,[],,True,False,False,,False,screening_only,4.1370391845703125,3.0855655670166016,324.08969386020493,,,,,,,,,,,,116,38.22826589469872,26.158654508539303,2.192904123040732,available
performance_observation,resnet50,classification,development,b118,tensorrt,orin_nx_deepx_m1_01,,[],,ort_tensorrt,split,,{},,{},,unavailable,,,,,,,,,,generic,tensorrt_to_tensorrt,True,True,,,,,,,,,,True,screening,pass,pass,,[],explicit_structural_contract_field,screening_only,screening_only,top1_accuracy,0.812,0.812,0.0,0.0,0.0,0.01,500,0,management_process_pool:onnx_splitpoint_tool.quality_metrics:classification_quality_evaluator,candidate_reference_identical,0.7276743779657409,,,58bf34c5760ed51e4ff35faee4055891caf624b2722cb375df9d419863efa9c4,58bf34c5760ed51e4ff35faee4055891caf624b2722cb375df9d419863efa9c4,True,classification,classification,classification,500,500,pass,True,False,,[],,True,False,False,,False,screening_only,7.09538459777832,6.154298782348633,162.4880486576531,,,,,,,,,,,,115,43.94970748040079,22.75327999500216,2.1755397153325595,available
performance_observation,resnet50,classification,development,b119,tensorrt,orin_nx_deepx_m1_01,,[],,ort_tensorrt,split,,{},,{},,unavailable,,,,,,,,,,generic,tensorrt_to_tensorrt,True,True,,,,,,,,,,True,screening,pass,pass,,[],explicit_structural_contract_field,screening_only,screening_only,top1_accuracy,0.812,0.812,0.0,0.0,0.0,0.01,500,0,management_process_pool:onnx_splitpoint_tool.quality_metrics:classification_quality_evaluator,candidate_reference_identical,0.7276743779657409,,,58bf34c5760ed51e4ff35faee4055891caf624b2722cb375df9d419863efa9c4,58bf34c5760ed51e4ff35faee4055891caf624b2722cb375df9d419863efa9c4,True,classification,classification,classification,500,500,pass,True,False,,[],,True,False,False,,False,screening_only,7.018709182739258,6.213665008544922,160.93561507175198,,,,,,,,,,,,113,43.994864623268654,22.729925607524322,2.1755397153325595,available
performance_observation,resnet50,classification,development,full,tensorrt,orin_nx_deepx_m1_01,,[],,ort_tensorrt,full,fp16,{},,{},,unavailable,,,,,,,,,,generic,tensorrt,True,True,,,,,,,,,,True,screening,pass,pass,,[],explicit_structural_contract_field,screening_only,screening_only,top1_accuracy,0.812,0.812,0.0,0.0,0.0,0.01,500,0,management_process_pool:onnx_splitpoint_tool.quality_metrics:classification_quality_evaluator,candidate_reference_identical,0.017923172912560403,,,58bf34c5760ed51e4ff35faee4055891caf624b2722cb375df9d419863efa9c4,58bf34c5760ed51e4ff35faee4055891caf624b2722cb375df9d419863efa9c4,True,classification,classification,classification,500,500,pass,True,False,,[],,True,False,False,,False,screening_only,6.342411041259766,6.342411041259766,157.66874671077363,,,,,,,,,,,,,,,,available
performance_observation,yolo26s,detection,development,full,deepx_m1,orin_nx_deepx_m1_01,,[],,deepx_m1_full,full,deepx_dxnn_sha256:b76b0c27544543be5060a01717426ca9392af1195890432a22d1678698cdc396,{},,{},,unavailable,,,,,,,,,,generic,deepx_m1,True,True,,,,,,,,,,False,screening,fail,fail,guardrail:ap75:ap75:point_estimate_below_non_inferiority_margin,"[""guardrail:ap75:ap75:point_estimate_below_non_inferiority_margin""]",full_baseline_authoritative_source_source_conflict,contract_fail_or_unavailable,contract_fail_or_unavailable,coco_ap_50_95,0.4013927141680281,0.40753480524311103,-0.006142091075082956,-0.006142091075082956,-0.006142091075082956,0.01,500,0,management_process_pool:onnx_splitpoint_tool.quality_metrics:detection_quality_evaluator,point_estimate_below_non_inferiority_margin,7.10407724394463,,,58bf34c5760ed51e4ff35faee4055891caf624b2722cb375df9d419863efa9c4,58bf34c5760ed51e4ff35faee4055891caf624b2722cb375df9d419863efa9c4,True,,,,,,,,False,,[],,False,False,False,,False,contract_fail_or_unavailable,37.54186101723462,37.54186101723462,26.63693202478488,,,,,,,,,,,,,,,,available
performance_observation,yolo26s,detection,development,b001,deepx_m1_to_tensorrt,orin_nx_deepx_m1_01,,[],,deepx_m1_to_tensorrt,split,,{},,{},,unavailable,,,,,,,,,,generic,deepx_m1_to_tensorrt,True,True,,,,,,,,,,False,screening,pass,pass,,[],endpoint_contract_incomplete,contract_fail_or_unavailable,contract_fail_or_unavailable,coco_ap_50_95,0.40722766920993336,0.40753480524311103,-0.00030713603317766847,-0.0025710473138511746,0.002157709798120816,0.01,500,500,management_process_pool:onnx_splitpoint_tool.quality_metrics:detection_quality_evaluator,,259.37557219399605,,,58bf34c5760ed51e4ff35faee4055891caf624b2722cb375df9d419863efa9c4,58bf34c5760ed51e4ff35faee4055891caf624b2722cb375df9d419863efa9c4,True,detection,detection,,500,500,pass,True,False,,[],,True,False,False,,False,contract_fail_or_unavailable,115.73891639709473,83.40877447904938,11.98914630080292,,,,,,,,,,,,283,45.35157008611601,22.04995324530432,2.499916207819195,available
performance_observation,yolo26s,detection,development,b002,deepx_m1_to_tensorrt,orin_nx_deepx_m1_01,,[],,deepx_m1_to_tensorrt,split,,{},,{},,unavailable,,,,,,,,,,generic,deepx_m1_to_tensorrt,True,True,,,,,,,,,,False,screening,pass,pass,,[],endpoint_contract_incomplete,contract_fail_or_unavailable,contract_fail_or_unavailable,coco_ap_50_95,0.406738391373869,0.40753480524311103,-0.0007964138692420075,-0.00317233142763246,0.0017050282869944225,0.01,500,500,management_process_pool:onnx_splitpoint_tool.quality_metrics:detection_quality_evaluator,,260.740877720993,,,58bf34c5760ed51e4ff35faee4055891caf624b2722cb375df9d419863efa9c4,58bf34c5760ed51e4ff35faee4055891caf624b2722cb375df9d419863efa9c4,True,detection,detection,,500,500,pass,True,False,,[],,True,False,False,,False,contract_fail_or_unavailable,79.32262420654297,54.13872369504331,18.471067135473593,,,,,,,,,,,,40,43.1383200176157,23.18124580631898,0.29459773222675306,available
performance_observation,yolo26s,detection,development,b005,deepx_m1_to_tensorrt,orin_nx_deepx_m1_01,,[],,deepx_m1_to_tensorrt,split,,{},,{},,unavailable,,,,,,,,,,generic,deepx_m1_to_tensorrt,True,True,,,,,,,,,,False,screening,pass,pass,,[],endpoint_contract_incomplete,contract_fail_or_unavailable,contract_fail_or_unavailable,coco_ap_50_95,0.40704769300734905,0.40753480524311103,-0.00048711223576197726,-0.0024546408401469513,0.002109604578145488,0.01,500,500,management_process_pool:onnx_splitpoint_tool.quality_metrics:detection_quality_evaluator,,258.4695514580235,,,58bf34c5760ed51e4ff35faee4055891caf624b2722cb375df9d419863efa9c4,58bf34c5760ed51e4ff35faee4055891caf624b2722cb375df9d419863efa9c4,True,detection,detection,,500,500,pass,True,False,,[],,True,False,False,,False,contract_fail_or_unavailable,54.88724708557129,32.302421436685584,30.957431533733523,,,,,,,,,,,,11,35.708053811570345,28.004886664418933,0.06531953352650538,available
performance_observation,yolo26s,detection,development,b038,deepx_m1_to_tensorrt,orin_nx_deepx_m1_01,,[],,deepx_m1_to_tensorrt,split,,{},,{},,unavailable,,,,,,,,,,generic,deepx_m1_to_tensorrt,True,True,,,,,,,,,,False,screening,pass,pass,,[],endpoint_contract_incomplete,contract_fail_or_unavailable,contract_fail_or_unavailable,coco_ap_50_95,0.40813959853045895,0.40753480524311103,0.0006047932873479156,-0.002746816042452241,0.004135471213756373,0.01,500,500,management_process_pool:onnx_splitpoint_tool.quality_metrics:detection_quality_evaluator,,253.59084910305683,,,58bf34c5760ed51e4ff35faee4055891caf624b2722cb375df9d419863efa9c4,58bf34c5760ed51e4ff35faee4055891caf624b2722cb375df9d419863efa9c4,True,detection,detection,,500,500,pass,True,False,,[],,True,False,False,,False,contract_fail_or_unavailable,51.66182518005371,35.37856538921756,28.26570238217667,,,,,,,,,,,,1,5.700459279517279,175.42446160315018,-0.12771943044642609,available
performance_observation,yolo26s,detection,development,b042,deepx_m1_to_tensorrt,orin_nx_deepx_m1_01,,[],,deepx_m1_to_tensorrt,split,,{},,{},,unavailable,,,,,,,,,,generic,deepx_m1_to_tensorrt,True,True,,,,,,,,,,False,screening,inconclusive,inconclusive,,[],endpoint_contract_incomplete,contract_fail_or_unavailable,contract_fail_or_unavailable,coco_ap_50_95,0.40477756438864454,0.40753480524311103,-0.0027572408544664917,-0.006335999435550346,0.001372507870324685,0.01,500,500,management_process_pool:onnx_splitpoint_tool.quality_metrics:detection_quality_evaluator,,247.8697063450236,,,58bf34c5760ed51e4ff35faee4055891caf624b2722cb375df9d419863efa9c4,58bf34c5760ed51e4ff35faee4055891caf624b2722cb375df9d419863efa9c4,True,detection,detection,,500,500,pass,True,False,,[],,False,False,False,,False,contract_fail_or_unavailable,58.19592475891113,42.29339991149533,23.644351177551002,,,,,,,,,,,,17,4.774524134242805,209.44495658279686,0.13750920157238175,available
performance_observation,yolo26s,detection,development,b118,deepx_m1_to_tensorrt,orin_nx_deepx_m1_01,,[],,deepx_m1_to_tensorrt,split,,{},,{},,unavailable,,,,,,,,,,generic,deepx_m1_to_tensorrt,True,True,,,,,,,,,,False,screening,pass,pass,,[],endpoint_contract_incomplete,contract_fail_or_unavailable,contract_fail_or_unavailable,coco_ap_50_95,0.40609095166377396,0.40753480524311103,-0.0014438535793370733,-0.005448611007761863,0.0016500165574751793,0.01,500,500,management_process_pool:onnx_splitpoint_tool.quality_metrics:detection_quality_evaluator,,224.25257550308015,,,58bf34c5760ed51e4ff35faee4055891caf624b2722cb375df9d419863efa9c4,58bf34c5760ed51e4ff35faee4055891caf624b2722cb375df9d419863efa9c4,True,detection,detection,,500,500,pass,True,False,,[],,True,False,False,,False,contract_fail_or_unavailable,60.23907661437988,45.48942021337216,21.983133557416455,,,,,,,,,,,,37,4.384355141403676,228.0837130542861,0.28354411303422006,available
performance_observation,yolo26s,detection,development,b148,deepx_m1_to_tensorrt,orin_nx_deepx_m1_01,,[],,deepx_m1_to_tensorrt,split,,{},,{},,unavailable,,,,,,,,,,generic,deepx_m1_to_tensorrt,True,True,,,,,,,,,,False,screening,pass,pass,,[],endpoint_contract_incomplete,contract_fail_or_unavailable,contract_fail_or_unavailable,coco_ap_50_95,0.40740986147309927,0.40753480524311103,-0.00012494377001176504,-0.004471121136787071,0.003953485750590568,0.01,500,500,management_process_pool:onnx_splitpoint_tool.quality_metrics:detection_quality_evaluator,,226.959828682011,,,58bf34c5760ed51e4ff35faee4055891caf624b2722cb375df9d419863efa9c4,58bf34c5760ed51e4ff35faee4055891caf624b2722cb375df9d419863efa9c4,True,detection,detection,,500,500,pass,True,False,,[],,True,False,False,,False,contract_fail_or_unavailable,63.214111328125,50.86428561227639,19.660160129303854,,,,,,,,,,,,50,4.7686065351636415,209.70486716109062,0.3667764884506428,available
performance_observation,yolo26s,detection,development,b181,deepx_m1_to_tensorrt,orin_nx_deepx_m1_01,,[],,deepx_m1_to_tensorrt,split,,{},,{},,unavailable,,,,,,,,,,generic,deepx_m1_to_tensorrt,True,True,,,,,,,,,,False,screening,inconclusive,inconclusive,,[],endpoint_contract_incomplete,contract_fail_or_unavailable,contract_fail_or_unavailable,coco_ap_50_95,0.4060748610325103,0.40753480524311103,-0.0014599442106007499,-0.006295849618866038,0.0028750621094036652,0.01,500,500,management_process_pool:onnx_splitpoint_tool.quality_metrics:detection_quality_evaluator,,251.01556595100556,,,58bf34c5760ed51e4ff35faee4055891caf624b2722cb375df9d419863efa9c4,58bf34c5760ed51e4ff35faee4055891caf624b2722cb375df9d419863efa9c4,True,detection,detection,,500,500,pass,True,False,,[],,False,False,False,,False,contract_fail_or_unavailable,86.9025707244873,73.65868117599545,13.5761322906483,,,,,,,,,,,,134,6.113842970205346,163.56324571522532,0.8096950452218443,available
performance_observation,yolo26s,detection,development,b221,deepx_m1_to_tensorrt,orin_nx_deepx_m1_01,,[],,deepx_m1_to_tensorrt,split,,{},,{},,unavailable,,,,,,,,,,generic,deepx_m1_to_tensorrt,True,True,,,,,,,,,,False,screening,pass,pass,,[],endpoint_contract_incomplete,contract_fail_or_unavailable,contract_fail_or_unavailable,coco_ap_50_95,0.4097116216097378,0.40753480524311103,0.002176816366626755,-0.002307107520761623,0.005568777433123403,0.01,500,500,management_process_pool:onnx_splitpoint_tool.quality_metrics:detection_quality_evaluator,,233.22505966306198,,,58bf34c5760ed51e4ff35faee4055891caf624b2722cb375df9d419863efa9c4,58bf34c5760ed51e4ff35faee4055891caf624b2722cb375df9d419863efa9c4,True,detection,detection,,500,500,pass,True,False,,[],,True,False,False,,False,contract_fail_or_unavailable,58.89315605163574,48.54990856256336,20.597361140471765,,,,,,,,,,,,222,13.094879951213137,76.36572490359929,1.5728939304962646,available
performance_observation,yolo26s,detection,development,full,hailo10,orin_nx_hailo10_01,,[],,hailo10,full,hailo_hef_sha256:b002563960a9131192f6d0b119e64d457d5d8bba18d8ab49b989175f8eae41be,{},,{},,unavailable,,,,,,,,,,generic,hailo10,True,True,,,,,,,,,,False,screening,fail,fail,primary:coco_ap_50_95:point_estimate_below_non_inferiority_margin;guardrail:ap50:ap50:point_estimate_below_non_inferiority_margin;guardrail:ap75:ap75:point_estimate_below_non_inferiority_margin,"[""primary:coco_ap_50_95:point_estimate_below_non_inferiority_margin"",""guardrail:ap50:ap50:point_estimate_below_non_inferiority_margin"",""guardrail:ap75:ap75:point_estimate_below_non_inferiority_margin""]",raw_head_host_tail_missing,contract_fail_or_unavailable,contract_fail_or_unavailable,coco_ap_50_95,0.3507483088614253,0.40753480524311103,-0.05678649638168576,-0.05678649638168576,-0.05678649638168576,0.01,500,0,management_process_pool:onnx_splitpoint_tool.quality_metrics:detection_quality_evaluator,point_estimate_below_non_inferiority_margin,6.8111524330452085,,,58bf34c5760ed51e4ff35faee4055891caf624b2722cb375df9d419863efa9c4,58bf34c5760ed51e4ff35faee4055891caf624b2722cb375df9d419863efa9c4,True,detection,detection,,500,500,pass,True,False,,[],,False,False,False,,False,contract_fail_or_unavailable,100.84071159362793,100.84071159362793,9.916629744044661,,,,,,,,,,,,,,,,available
performance_observation,yolo26s,detection,development,b001,hailo10_to_tensorrt,orin_nx_hailo10_01,,[],,hailo10_to_trt,split,,{},,{},,unavailable,,,,,,,,,,generic,hailo10h_to_tensorrt,True,True,,,,,,,,,,False,screening,fail,fail,primary:coco_ap_50_95:point_estimate_below_non_inferiority_margin;guardrail:ap50:ap50:point_estimate_below_non_inferiority_margin;guardrail:ap75:ap75:point_estimate_below_non_inferiority_margin,"[""primary:coco_ap_50_95:point_estimate_below_non_inferiority_margin"",""guardrail:ap50:ap50:point_estimate_below_non_inferiority_margin"",""guardrail:ap75:ap75:point_estimate_below_non_inferiority_margin""]",explicit_hailo_trt_interface_contract,contract_fail_or_unavailable,contract_fail_or_unavailable,coco_ap_50_95,0.3965639200484804,0.40753480524311103,-0.01097088519463063,-0.01097088519463063,-0.01097088519463063,0.01,500,0,management_process_pool:onnx_splitpoint_tool.quality_metrics:detection_quality_evaluator,point_estimate_below_non_inferiority_margin,6.633542741998099,,,58bf34c5760ed51e4ff35faee4055891caf624b2722cb375df9d419863efa9c4,58bf34c5760ed51e4ff35faee4055891caf624b2722cb375df9d419863efa9c4,True,detection,detection,,500,500,pass,True,False,,[],,False,False,False,,False,contract_fail_or_unavailable,203.9907932281494,132.15381747779801,7.566939942298686,,,,,,,,,,,,283,45.35157008611601,22.04995324530432,2.499916207819195,available
performance_observation,yolo26s,detection,development,b002,hailo10_to_tensorrt,orin_nx_hailo10_01,,[],,hailo10_to_trt,split,,{},,{},,unavailable,,,,,,,,,,generic,hailo10h_to_tensorrt,True,True,,,,,,,,,,False,screening,fail,fail,primary:coco_ap_50_95:point_estimate_below_non_inferiority_margin;guardrail:ap50:ap50:point_estimate_below_non_inferiority_margin;guardrail:ap75:ap75:point_estimate_below_non_inferiority_margin,"[""primary:coco_ap_50_95:point_estimate_below_non_inferiority_margin"",""guardrail:ap50:ap50:point_estimate_below_non_inferiority_margin"",""guardrail:ap75:ap75:point_estimate_below_non_inferiority_margin""]",explicit_hailo_trt_interface_contract,contract_fail_or_unavailable,contract_fail_or_unavailable,coco_ap_50_95,0.3973083953707857,0.40753480524311103,-0.010226409872325315,-0.010226409872325315,-0.010226409872325315,0.01,500,0,management_process_pool:onnx_splitpoint_tool.quality_metrics:detection_quality_evaluator,point_estimate_below_non_inferiority_margin,6.5263007070170715,,,58bf34c5760ed51e4ff35faee4055891caf624b2722cb375df9d419863efa9c4,58bf34c5760ed51e4ff35faee4055891caf624b2722cb375df9d419863efa9c4,True,detection,detection,,500,500,pass,True,False,,[],,False,False,False,,False,contract_fail_or_unavailable,130.12642860412598,121.59067943550484,8.224314599133633,,,,,,,,,,,,40,43.1383200176157,23.18124580631898,0.29459773222675306,available
performance_observation,yolo26s,detection,development,b005,hailo10_to_tensorrt,orin_nx_hailo10_01,,[],,hailo10_to_trt,split,,{},,{},,unavailable,,,,,,,,,,generic,hailo10h_to_tensorrt,True,True,,,,,,,,,,False,screening,inconclusive,inconclusive,,[],explicit_hailo_trt_interface_contract,contract_fail_or_unavailable,contract_fail_or_unavailable,coco_ap_50_95,0.40235007343730783,0.40753480524311103,-0.0051847318058032,-0.01144911550337465,3.0049571180912338e-05,0.01,500,500,management_process_pool:onnx_splitpoint_tool.quality_metrics:detection_quality_evaluator,,231.9650197479641,,,58bf34c5760ed51e4ff35faee4055891caf624b2722cb375df9d419863efa9c4,58bf34c5760ed51e4ff35faee4055891caf624b2722cb375df9d419863efa9c4,True,detection,detection,,500,500,pass,True,False,,[],,False,False,False,,False,contract_fail_or_unavailable,93.48034858703613,85.38749713308947,11.711316452353055,,,,,,,,,,,,11,35.708053811570345,28.004886664418933,0.06531953352650538,available
performance_observation,yolo26s,detection,development,b038,hailo10_to_tensorrt,orin_nx_hailo10_01,,[],,hailo10_to_trt,split,,{},,{},,unavailable,,,,,,,,,,generic,hailo10h_to_tensorrt,True,True,,,,,,,,,,False,screening,fail,fail,guardrail:ap75:ap75:point_estimate_below_non_inferiority_margin,"[""guardrail:ap75:ap75:point_estimate_below_non_inferiority_margin""]",explicit_hailo_trt_interface_contract,contract_fail_or_unavailable,contract_fail_or_unavailable,coco_ap_50_95,0.40031521927814306,0.40753480524311103,-0.007219585964967967,-0.007219585964967967,-0.007219585964967967,0.01,500,0,management_process_pool:onnx_splitpoint_tool.quality_metrics:detection_quality_evaluator,point_estimate_below_non_inferiority_margin,5.81361338600982,,,58bf34c5760ed51e4ff35faee4055891caf624b2722cb375df9d419863efa9c4,58bf34c5760ed51e4ff35faee4055891caf624b2722cb375df9d419863efa9c4,True,detection,detection,,500,500,pass,True,False,,[],,False,False,False,,False,contract_fail_or_unavailable,88.86804580688477,82.05471817485017,12.186989636221806,,,,,,,,,,,,1,5.700459279517279,175.42446160315018,-0.12771943044642609,available
performance_observation,yolo26s,detection,development,b042,hailo10_to_tensorrt,orin_nx_hailo10_01,,[],,hailo10_to_trt,split,,{},,{},,unavailable,,,,,,,,,,generic,hailo10h_to_tensorrt,True,True,,,,,,,,,,False,screening,fail,fail,guardrail:ap75:ap75:point_estimate_below_non_inferiority_margin,"[""guardrail:ap75:ap75:point_estimate_below_non_inferiority_margin""]",explicit_hailo_trt_interface_contract,contract_fail_or_unavailable,contract_fail_or_unavailable,coco_ap_50_95,0.40079880626263603,0.40753480524311103,-0.006735998980475,-0.006735998980475,-0.006735998980475,0.01,500,0,management_process_pool:onnx_splitpoint_tool.quality_metrics:detection_quality_evaluator,point_estimate_below_non_inferiority_margin,5.7280746180331334,,,58bf34c5760ed51e4ff35faee4055891caf624b2722cb375df9d419863efa9c4,58bf34c5760ed51e4ff35faee4055891caf624b2722cb375df9d419863efa9c4,True,detection,detection,,500,500,pass,True,False,,[],,False,False,False,,False,contract_fail_or_unavailable,106.59680366516113,84.2264777849145,11.872751019621843,,,,,,,,,,,,17,4.774524134242805,209.44495658279686,0.13750920157238175,available
performance_observation,yolo26s,detection,development,b118,hailo10_to_tensorrt,orin_nx_hailo10_01,,[],,hailo10_to_trt,split,,{},,{},,unavailable,,,,,,,,,,generic,hailo10h_to_tensorrt,True,True,,,,,,,,,,False,screening,fail,fail,guardrail:ap75:ap75:point_estimate_below_non_inferiority_margin,"[""guardrail:ap75:ap75:point_estimate_below_non_inferiority_margin""]",explicit_hailo_trt_interface_contract,contract_fail_or_unavailable,contract_fail_or_unavailable,coco_ap_50_95,0.39781783257830095,0.40753480524311103,-0.009716972664810086,-0.009716972664810086,-0.009716972664810086,0.01,500,0,management_process_pool:onnx_splitpoint_tool.quality_metrics:detection_quality_evaluator,point_estimate_below_non_inferiority_margin,7.407099197967909,,,58bf34c5760ed51e4ff35faee4055891caf624b2722cb375df9d419863efa9c4,58bf34c5760ed51e4ff35faee4055891caf624b2722cb375df9d419863efa9c4,True,detection,detection,,500,500,pass,True,False,,[],,False,False,False,,False,contract_fail_or_unavailable,107.63764381408691,87.23487543529305,11.463305186258397,,,,,,,,,,,,37,4.384355141403676,228.0837130542861,0.28354411303422006,available
performance_observation,yolo26s,detection,development,b148,hailo10_to_tensorrt,orin_nx_hailo10_01,,[],,hailo10_to_trt,split,,{},,{},,unavailable,,,,,,,,,,generic,hailo10h_to_tensorrt,True,True,,,,,,,,,,False,screening,fail,fail,primary:coco_ap_50_95:point_estimate_below_non_inferiority_margin;guardrail:ap50:ap50:point_estimate_below_non_inferiority_margin;guardrail:ap75:ap75:point_estimate_below_non_inferiority_margin,"[""primary:coco_ap_50_95:point_estimate_below_non_inferiority_margin"",""guardrail:ap50:ap50:point_estimate_below_non_inferiority_margin"",""guardrail:ap75:ap75:point_estimate_below_non_inferiority_margin""]",explicit_hailo_trt_interface_contract,contract_fail_or_unavailable,contract_fail_or_unavailable,coco_ap_50_95,0.39185111155954766,0.40753480524311103,-0.01568369368356337,-0.01568369368356337,-0.01568369368356337,0.01,500,0,management_process_pool:onnx_splitpoint_tool.quality_metrics:detection_quality_evaluator,point_estimate_below_non_inferiority_margin,7.89753676194232,,,58bf34c5760ed51e4ff35faee4055891caf624b2722cb375df9d419863efa9c4,58bf34c5760ed51e4ff35faee4055891caf624b2722cb375df9d419863efa9c4,True,detection,detection,,500,500,pass,True,False,,[],,False,False,False,,False,contract_fail_or_unavailable,105.75547218322754,86.00915082649368,11.626669841413744,,,,,,,,,,,,50,4.7686065351636415,209.70486716109062,0.3667764884506428,available
performance_observation,yolo26s,detection,development,b181,hailo10_to_tensorrt,orin_nx_hailo10_01,,[],,hailo10_to_trt,split,,{},,{},,unavailable,,,,,,,,,,generic,hailo10h_to_tensorrt,True,True,,,,,,,,,,False,screening,fail,fail,primary:coco_ap_50_95:point_estimate_below_non_inferiority_margin;guardrail:ap50:ap50:point_estimate_below_non_inferiority_margin;guardrail:ap75:ap75:point_estimate_below_non_inferiority_margin,"[""primary:coco_ap_50_95:point_estimate_below_non_inferiority_margin"",""guardrail:ap50:ap50:point_estimate_below_non_inferiority_margin"",""guardrail:ap75:ap75:point_estimate_below_non_inferiority_margin""]",explicit_hailo_trt_interface_contract,contract_fail_or_unavailable,contract_fail_or_unavailable,coco_ap_50_95,0.39103153830892085,0.40753480524311103,-0.016503266934190186,-0.016503266934190186,-0.016503266934190186,0.01,500,0,management_process_pool:onnx_splitpoint_tool.quality_metrics:detection_quality_evaluator,point_estimate_below_non_inferiority_margin,6.778381649986841,,,58bf34c5760ed51e4ff35faee4055891caf624b2722cb375df9d419863efa9c4,58bf34c5760ed51e4ff35faee4055891caf624b2722cb375df9d419863efa9c4,True,detection,detection,,500,500,pass,True,False,,[],,False,False,False,,False,contract_fail_or_unavailable,155.56459426879883,122.77616000147131,8.144903701076954,,,,,,,,,,,,134,6.113842970205346,163.56324571522532,0.8096950452218443,available
performance_observation,yolo26s,detection,development,b221,hailo10_to_tensorrt,orin_nx_hailo10_01,,[],,hailo10_to_trt,split,,{},,{},,unavailable,,,,,,,,,,generic,hailo10h_to_tensorrt,True,True,,,,,,,,,,False,screening,fail,fail,primary:coco_ap_50_95:point_estimate_below_non_inferiority_margin;guardrail:ap50:ap50:point_estimate_below_non_inferiority_margin;guardrail:ap75:ap75:point_estimate_below_non_inferiority_margin,"[""primary:coco_ap_50_95:point_estimate_below_non_inferiority_margin"",""guardrail:ap50:ap50:point_estimate_below_non_inferiority_margin"",""guardrail:ap75:ap75:point_estimate_below_non_inferiority_margin""]",explicit_hailo_trt_interface_contract,contract_fail_or_unavailable,contract_fail_or_unavailable,coco_ap_50_95,0.36550578412175694,0.40753480524311103,-0.04202902112135409,-0.04202902112135409,-0.04202902112135409,0.01,500,0,management_process_pool:onnx_splitpoint_tool.quality_metrics:detection_quality_evaluator,point_estimate_below_non_inferiority_margin,6.69149803800974,,,58bf34c5760ed51e4ff35faee4055891caf624b2722cb375df9d419863efa9c4,58bf34c5760ed51e4ff35faee4055891caf624b2722cb375df9d419863efa9c4,True,detection,detection,,500,500,pass,True,False,,[],,False,False,False,,False,contract_fail_or_unavailable,91.1430835723877,77.49616982840487,12.903863535633311,,,,,,,,,,,,222,13.094879951213137,76.36572490359929,1.5728939304962646,available
performance_observation,yolo26s,detection,development,full,hailo8,orin_nx_hailo8_01,,[],,hailo8,full,hailo_hef_sha256:e9220c3c88801c548cec372e4b39f565ab4fd83ffe540e7f8e219ff09b6393d8,{},,{},,unavailable,,,,,,,,,,generic,hailo8,True,True,,,,,,,,,,False,screening,fail,fail,primary:coco_ap_50_95:point_estimate_below_non_inferiority_margin;guardrail:ap50:ap50:point_estimate_below_non_inferiority_margin;guardrail:ap75:ap75:point_estimate_below_non_inferiority_margin,"[""primary:coco_ap_50_95:point_estimate_below_non_inferiority_margin"",""guardrail:ap50:ap50:point_estimate_below_non_inferiority_margin"",""guardrail:ap75:ap75:point_estimate_below_non_inferiority_margin""]",raw_head_host_tail_missing,contract_fail_or_unavailable,contract_fail_or_unavailable,coco_ap_50_95,0.32956929231016424,0.40753480524311103,-0.07796551293294679,-0.07796551293294679,-0.07796551293294679,0.01,500,0,management_process_pool:onnx_splitpoint_tool.quality_metrics:detection_quality_evaluator,point_estimate_below_non_inferiority_margin,6.892953907954507,,,58bf34c5760ed51e4ff35faee4055891caf624b2722cb375df9d419863efa9c4,58bf34c5760ed51e4ff35faee4055891caf624b2722cb375df9d419863efa9c4,True,detection,detection,,500,500,pass,True,False,,[],,False,False,False,,False,contract_fail_or_unavailable,46.48423194885254,46.48423194885254,21.51267124517231,,,,,,,,,,,,,,,,available
performance_observation,yolo26s,detection,development,b001,hailo8_to_tensorrt,orin_nx_hailo8_01,,[],,hailo8_to_trt,split,,{},,{},,unavailable,,,,,,,,,,generic,hailo8_to_tensorrt,True,True,,,,,,,,,,False,screening,fail,fail,primary:coco_ap_50_95:point_estimate_below_non_inferiority_margin;guardrail:ap50:ap50:point_estimate_below_non_inferiority_margin;guardrail:ap75:ap75:point_estimate_below_non_inferiority_margin,"[""primary:coco_ap_50_95:point_estimate_below_non_inferiority_margin"",""guardrail:ap50:ap50:point_estimate_below_non_inferiority_margin"",""guardrail:ap75:ap75:point_estimate_below_non_inferiority_margin""]",explicit_hailo_trt_interface_contract,contract_fail_or_unavailable,contract_fail_or_unavailable,coco_ap_50_95,0.39660148559424024,0.40753480524311103,-0.010933319648870787,-0.010933319648870787,-0.010933319648870787,0.01,500,0,management_process_pool:onnx_splitpoint_tool.quality_metrics:detection_quality_evaluator,point_estimate_below_non_inferiority_margin,6.949232978979126,,,58bf34c5760ed51e4ff35faee4055891caf624b2722cb375df9d419863efa9c4,58bf34c5760ed51e4ff35faee4055891caf624b2722cb375df9d419863efa9c4,True,detection,detection,,500,500,pass,True,False,,[],,False,False,False,,False,contract_fail_or_unavailable,78.39179039001465,61.42904240616851,16.278944955514774,,,,,,,,,,,,283,45.35157008611601,22.04995324530432,2.499916207819195,available
performance_observation,yolo26s,detection,development,b002,hailo8_to_tensorrt,orin_nx_hailo8_01,,[],,hailo8_to_trt,split,,{},,{},,unavailable,,,,,,,,,,generic,hailo8_to_tensorrt,True,True,,,,,,,,,,False,screening,fail,fail,guardrail:ap75:ap75:point_estimate_below_non_inferiority_margin,"[""guardrail:ap75:ap75:point_estimate_below_non_inferiority_margin""]",explicit_hailo_trt_interface_contract,contract_fail_or_unavailable,contract_fail_or_unavailable,coco_ap_50_95,0.39757145604404553,0.40753480524311103,-0.009963349199065497,-0.009963349199065497,-0.009963349199065497,0.01,500,0,management_process_pool:onnx_splitpoint_tool.quality_metrics:detection_quality_evaluator,point_estimate_below_non_inferiority_margin,6.449178796028718,,,58bf34c5760ed51e4ff35faee4055891caf624b2722cb375df9d419863efa9c4,58bf34c5760ed51e4ff35faee4055891caf624b2722cb375df9d419863efa9c4,True,detection,detection,,500,500,pass,True,False,,[],,False,False,False,,False,contract_fail_or_unavailable,13.10873031616211,12.055225268175656,82.9515813893482,,,,,,,,,,,,40,43.1383200176157,23.18124580631898,0.29459773222675306,available
performance_observation,yolo26s,detection,development,b005,hailo8_to_tensorrt,orin_nx_hailo8_01,,[],,hailo8_to_trt,split,,{},,{},,unavailable,,,,,,,,,,generic,hailo8_to_tensorrt,True,True,,,,,,,,,,False,screening,inconclusive,inconclusive,,[],explicit_hailo_trt_interface_contract,contract_fail_or_unavailable,contract_fail_or_unavailable,coco_ap_50_95,0.39953693251973843,0.40753480524311103,-0.007997872723372601,-0.013676960653125693,-0.0022997847729925086,0.01,500,500,management_process_pool:onnx_splitpoint_tool.quality_metrics:detection_quality_evaluator,,227.26042425597552,,,58bf34c5760ed51e4ff35faee4055891caf624b2722cb375df9d419863efa9c4,58bf34c5760ed51e4ff35faee4055891caf624b2722cb375df9d419863efa9c4,True,detection,detection,,500,500,pass,True,False,,[],,False,False,False,,False,contract_fail_or_unavailable,9.842348098754883,9.286063686224885,107.68825562583832,,,,,,,,,,,,11,35.708053811570345,28.004886664418933,0.06531953352650538,available
performance_observation,yolo26s,detection,development,b038,hailo8_to_tensorrt,orin_nx_hailo8_01,,[],,hailo8_to_trt,split,,{},,{},,unavailable,,,,,,,,,,generic,hailo8_to_tensorrt,True,True,,,,,,,,,,False,screening,fail,fail,guardrail:ap75:ap75:point_estimate_below_non_inferiority_margin,"[""guardrail:ap75:ap75:point_estimate_below_non_inferiority_margin""]",explicit_hailo_trt_interface_contract,contract_fail_or_unavailable,contract_fail_or_unavailable,coco_ap_50_95,0.3987847275624402,0.40753480524311103,-0.00875007768067082,-0.00875007768067082,-0.00875007768067082,0.01,500,0,management_process_pool:onnx_splitpoint_tool.quality_metrics:detection_quality_evaluator,point_estimate_below_non_inferiority_margin,6.231031476985663,,,58bf34c5760ed51e4ff35faee4055891caf624b2722cb375df9d419863efa9c4,58bf34c5760ed51e4ff35faee4055891caf624b2722cb375df9d419863efa9c4,True,detection,detection,,500,500,pass,True,False,,[],,False,False,False,,False,contract_fail_or_unavailable,9.008121490478516,8.455088092225857,118.27197884779737,,,,,,,,,,,,1,5.700459279517279,175.42446160315018,-0.12771943044642609,available
performance_observation,yolo26s,detection,development,b042,hailo8_to_tensorrt,orin_nx_hailo8_01,,[],,hailo8_to_trt,split,,{},,{},,unavailable,,,,,,,,,,generic,hailo8_to_tensorrt,True,True,,,,,,,,,,False,screening,fail,fail,guardrail:ap75:ap75:point_estimate_below_non_inferiority_margin,"[""guardrail:ap75:ap75:point_estimate_below_non_inferiority_margin""]",explicit_hailo_trt_interface_contract,contract_fail_or_unavailable,contract_fail_or_unavailable,coco_ap_50_95,0.39763046905887084,0.40753480524311103,-0.009904336184240192,-0.009904336184240192,-0.009904336184240192,0.01,500,0,management_process_pool:onnx_splitpoint_tool.quality_metrics:detection_quality_evaluator,point_estimate_below_non_inferiority_margin,5.436479856958613,,,58bf34c5760ed51e4ff35faee4055891caf624b2722cb375df9d419863efa9c4,58bf34c5760ed51e4ff35faee4055891caf624b2722cb375df9d419863efa9c4,True,detection,detection,,500,500,pass,True,False,,[],,False,False,False,,False,contract_fail_or_unavailable,49.54252243041992,36.2018432775089,27.62290285426625,,,,,,,,,,,,17,4.774524134242805,209.44495658279686,0.13750920157238175,available
performance_observation,yolo26s,detection,development,b118,hailo8_to_tensorrt,orin_nx_hailo8_01,,[],,hailo8_to_trt,split,,{},,{},,unavailable,,,,,,,,,,generic,hailo8_to_tensorrt,True,True,,,,,,,,,,False,screening,inconclusive,inconclusive,,[],explicit_hailo_trt_interface_contract,contract_fail_or_unavailable,contract_fail_or_unavailable,coco_ap_50_95,0.3997995000321529,0.40753480524311103,-0.00773530521095811,-0.014088607605215747,-0.002457586841993689,0.01,500,500,management_process_pool:onnx_splitpoint_tool.quality_metrics:detection_quality_evaluator,,209.23704149900004,,,58bf34c5760ed51e4ff35faee4055891caf624b2722cb375df9d419863efa9c4,58bf34c5760ed51e4ff35faee4055891caf624b2722cb375df9d419863efa9c4,True,detection,detection,,500,500,pass,True,False,,[],,False,False,False,,False,contract_fail_or_unavailable,27.019023895263672,26.186276364817537,38.18794188483957,,,,,,,,,,,,37,4.384355141403676,228.0837130542861,0.28354411303422006,available
performance_observation,yolo26s,detection,development,b148,hailo8_to_tensorrt,orin_nx_hailo8_01,,[],,hailo8_to_trt,split,,{},,{},,unavailable,,,,,,,,,,generic,hailo8_to_tensorrt,True,True,,,,,,,,,,False,screening,fail,fail,primary:coco_ap_50_95:point_estimate_below_non_inferiority_margin;guardrail:ap50:ap50:point_estimate_below_non_inferiority_margin;guardrail:ap75:ap75:point_estimate_below_non_inferiority_margin,"[""primary:coco_ap_50_95:point_estimate_below_non_inferiority_margin"",""guardrail:ap50:ap50:point_estimate_below_non_inferiority_margin"",""guardrail:ap75:ap75:point_estimate_below_non_inferiority_margin""]",explicit_hailo_trt_interface_contract,contract_fail_or_unavailable,contract_fail_or_unavailable,coco_ap_50_95,0.39647000007446637,0.40753480524311103,-0.011064805168644665,-0.011064805168644665,-0.011064805168644665,0.01,500,0,management_process_pool:onnx_splitpoint_tool.quality_metrics:detection_quality_evaluator,point_estimate_below_non_inferiority_margin,5.737347826943733,,,58bf34c5760ed51e4ff35faee4055891caf624b2722cb375df9d419863efa9c4,58bf34c5760ed51e4ff35faee4055891caf624b2722cb375df9d419863efa9c4,True,detection,detection,,500,500,pass,True,False,,[],,False,False,False,,False,contract_fail_or_unavailable,29.247045516967773,28.050049276895482,35.65056125672082,,,,,,,,,,,,50,4.7686065351636415,209.70486716109062,0.3667764884506428,available
performance_observation,yolo26s,detection,development,b181,hailo8_to_tensorrt,orin_nx_hailo8_01,,[],,hailo8_to_trt,split,,{},,{},,unavailable,,,,,,,,,,generic,hailo8_to_tensorrt,True,True,,,,,,,,,,False,screening,fail,fail,primary:coco_ap_50_95:point_estimate_below_non_inferiority_margin;guardrail:ap50:ap50:point_estimate_below_non_inferiority_margin;guardrail:ap75:ap75:point_estimate_below_non_inferiority_margin,"[""primary:coco_ap_50_95:point_estimate_below_non_inferiority_margin"",""guardrail:ap50:ap50:point_estimate_below_non_inferiority_margin"",""guardrail:ap75:ap75:point_estimate_below_non_inferiority_margin""]",explicit_hailo_trt_interface_contract,contract_fail_or_unavailable,contract_fail_or_unavailable,coco_ap_50_95,0.3948902006104294,0.40753480524311103,-0.012644604632681633,-0.012644604632681633,-0.012644604632681633,0.01,500,0,management_process_pool:onnx_splitpoint_tool.quality_metrics:detection_quality_evaluator,point_estimate_below_non_inferiority_margin,7.834741626982577,,,58bf34c5760ed51e4ff35faee4055891caf624b2722cb375df9d419863efa9c4,58bf34c5760ed51e4ff35faee4055891caf624b2722cb375df9d419863efa9c4,True,detection,detection,,500,500,pass,True,False,,[],,False,False,False,,False,contract_fail_or_unavailable,49.950313568115234,50.51708504536443,19.795283102775986,,,,,,,,,,,,134,6.113842970205346,163.56324571522532,0.8096950452218443,available
performance_observation,yolo26s,detection,development,b221,hailo8_to_tensorrt,orin_nx_hailo8_01,,[],,hailo8_to_trt,split,,{},,{},,unavailable,,,,,,,,,,generic,hailo8_to_tensorrt,True,True,,,,,,,,,,False,screening,fail,fail,primary:coco_ap_50_95:point_estimate_below_non_inferiority_margin;guardrail:ap50:ap50:point_estimate_below_non_inferiority_margin;guardrail:ap75:ap75:point_estimate_below_non_inferiority_margin,"[""primary:coco_ap_50_95:point_estimate_below_non_inferiority_margin"",""guardrail:ap50:ap50:point_estimate_below_non_inferiority_margin"",""guardrail:ap75:ap75:point_estimate_below_non_inferiority_margin""]",explicit_hailo_trt_interface_contract,contract_fail_or_unavailable,contract_fail_or_unavailable,coco_ap_50_95,0.35789463885672534,0.40753480524311103,-0.04964016638638569,-0.04964016638638569,-0.04964016638638569,0.01,500,0,management_process_pool:onnx_splitpoint_tool.quality_metrics:detection_quality_evaluator,point_estimate_below_non_inferiority_margin,6.59424237604253,,,58bf34c5760ed51e4ff35faee4055891caf624b2722cb375df9d419863efa9c4,58bf34c5760ed51e4ff35faee4055891caf624b2722cb375df9d419863efa9c4,True,detection,detection,,500,500,pass,True,False,,[],,False,False,False,,False,contract_fail_or_unavailable,26.96061134338379,25.355003541335464,39.43994716347531,,,,,,,,,,,,222,13.094879951213137,76.36572490359929,1.5728939304962646,available
performance_observation,yolo26s,detection,development,b001,tensorrt,orin_nx_deepx_m1_01,,[],,ort_tensorrt,split,,{},,{},,unavailable,,,,,,,,,,generic,tensorrt_to_tensorrt,True,True,,,,,,,,,,False,screening,pass,pass,,[],explicit_structural_contract_field,contract_fail_or_unavailable,contract_fail_or_unavailable,coco_ap_50_95,0.4083515860652551,0.40753480524311103,0.000816780822144092,0.00020778037508725495,0.0014622087961634444,0.01,500,500,management_process_pool:onnx_splitpoint_tool.quality_metrics:detection_quality_evaluator,,326.5026436840417,,,58bf34c5760ed51e4ff35faee4055891caf624b2722cb375df9d419863efa9c4,58bf34c5760ed51e4ff35faee4055891caf624b2722cb375df9d419863efa9c4,True,detection,detection,,500,500,pass,True,False,,[],,True,False,False,,False,contract_fail_or_unavailable,27.766895294189453,15.99726676940918,62.51067850617162,,,,,,,,,,,,283,45.35157008611601,22.04995324530432,2.499916207819195,available
performance_observation,yolo26s,detection,development,b002,tensorrt,orin_nx_deepx_m1_01,,[],,ort_tensorrt,split,,{},,{},,unavailable,,,,,,,,,,generic,tensorrt_to_tensorrt,True,True,,,,,,,,,,False,screening,pass,pass,,[],explicit_structural_contract_field,contract_fail_or_unavailable,contract_fail_or_unavailable,coco_ap_50_95,0.40847637568174006,0.40753480524311103,0.0009415704386290247,0.000109058195141773,0.0016349546421838472,0.01,500,500,management_process_pool:onnx_splitpoint_tool.quality_metrics:detection_quality_evaluator,,241.80590470996685,,,58bf34c5760ed51e4ff35faee4055891caf624b2722cb375df9d419863efa9c4,58bf34c5760ed51e4ff35faee4055891caf624b2722cb375df9d419863efa9c4,True,detection,detection,,500,500,pass,True,False,,[],,True,False,False,,False,contract_fail_or_unavailable,19.501256942749023,11.916351318359375,83.91830462897752,,,,,,,,,,,,40,43.1383200176157,23.18124580631898,0.29459773222675306,available
performance_observation,yolo26s,detection,development,b005,tensorrt,orin_nx_deepx_m1_01,,[],,ort_tensorrt,split,,{},,{},,unavailable,,,,,,,,,,generic,tensorrt_to_tensorrt,True,True,,,,,,,,,,False,screening,pass,pass,,[],explicit_structural_contract_field,contract_fail_or_unavailable,contract_fail_or_unavailable,coco_ap_50_95,0.40847637568174006,0.40753480524311103,0.0009415704386290247,0.000109058195141773,0.0016349546421838472,0.01,500,500,management_process_pool:onnx_splitpoint_tool.quality_metrics:detection_quality_evaluator,,241.80590470996685,,,58bf34c5760ed51e4ff35faee4055891caf624b2722cb375df9d419863efa9c4,58bf34c5760ed51e4ff35faee4055891caf624b2722cb375df9d419863efa9c4,True,detection,detection,,500,500,pass,True,False,,[],,True,False,False,,False,contract_fail_or_unavailable,14.46218490600586,9.499406814575195,105.26973099685267,,,,,,,,,,,,11,35.708053811570345,28.004886664418933,0.06531953352650538,available
performance_observation,yolo26s,detection,development,b038,tensorrt,orin_nx_deepx_m1_01,,[],,ort_tensorrt,split,,{},,{},,unavailable,,,,,,,,,,generic,tensorrt_to_tensorrt,True,True,,,,,,,,,,False,screening,pass,pass,,[],explicit_structural_contract_field,contract_fail_or_unavailable,contract_fail_or_unavailable,coco_ap_50_95,0.40844047505931824,0.40753480524311103,0.0009056698162072108,0.00010878439554427315,0.0016270156761698429,0.01,500,500,management_process_pool:onnx_splitpoint_tool.quality_metrics:detection_quality_evaluator,,253.56990128499456,,,58bf34c5760ed51e4ff35faee4055891caf624b2722cb375df9d419863efa9c4,58bf34c5760ed51e4ff35faee4055891caf624b2722cb375df9d419863efa9c4,True,detection,detection,,500,500,pass,True,False,,[],,True,False,False,,False,contract_fail_or_unavailable,30.270767211914062,17.736339569091797,56.38141940756752,,,,,,,,,,,,1,5.700459279517279,175.42446160315018,-0.12771943044642609,available
performance_observation,yolo26s,detection,development,b042,tensorrt,orin_nx_deepx_m1_01,,[],,ort_tensorrt,split,,{},,{},,unavailable,,,,,,,,,,generic,tensorrt_to_tensorrt,True,True,,,,,,,,,,False,screening,pass,pass,,[],explicit_structural_contract_field,contract_fail_or_unavailable,contract_fail_or_unavailable,coco_ap_50_95,0.40858832738212414,0.40753480524311103,0.0010535221390131078,0.00019319566203783472,0.0019389937921701977,0.01,500,500,management_process_pool:onnx_splitpoint_tool.quality_metrics:detection_quality_evaluator,,217.8235274850158,,,58bf34c5760ed51e4ff35faee4055891caf624b2722cb375df9d419863efa9c4,58bf34c5760ed51e4ff35faee4055891caf624b2722cb375df9d419863efa9c4,True,detection,detection,,500,500,pass,True,False,,[],,True,False,False,,False,contract_fail_or_unavailable,15.206718444824219,7.689666748046875,130.04464728643714,,,,,,,,,,,,17,4.774524134242805,209.44495658279686,0.13750920157238175,available
performance_observation,yolo26s,detection,development,b118,tensorrt,orin_nx_deepx_m1_01,,[],,ort_tensorrt,split,,{},,{},,unavailable,,,,,,,,,,generic,tensorrt_to_tensorrt,True,True,,,,,,,,,,False,screening,pass,pass,,[],explicit_structural_contract_field,contract_fail_or_unavailable,contract_fail_or_unavailable,coco_ap_50_95,0.40858832738212414,0.40753480524311103,0.0010535221390131078,0.00019319566203783472,0.0019389937921701977,0.01,500,500,management_process_pool:onnx_splitpoint_tool.quality_metrics:detection_quality_evaluator,,217.8235274850158,,,58bf34c5760ed51e4ff35faee4055891caf624b2722cb375df9d419863efa9c4,58bf34c5760ed51e4ff35faee4055891caf624b2722cb375df9d419863efa9c4,True,detection,detection,,500,500,pass,True,False,,[],,True,False,False,,False,contract_fail_or_unavailable,16.294193267822266,8.872032165527344,112.71374825325164,,,,,,,,,,,,37,4.384355141403676,228.0837130542861,0.28354411303422006,available
performance_observation,yolo26s,detection,development,b148,tensorrt,orin_nx_deepx_m1_01,,[],,ort_tensorrt,split,,{},,{},,unavailable,,,,,,,,,,generic,tensorrt_to_tensorrt,True,True,,,,,,,,,,False,screening,pass,pass,,[],explicit_structural_contract_field,contract_fail_or_unavailable,contract_fail_or_unavailable,coco_ap_50_95,0.40844047505931824,0.40753480524311103,0.0009056698162072108,0.00010878439554427315,0.0016270156761698429,0.01,500,500,management_process_pool:onnx_splitpoint_tool.quality_metrics:detection_quality_evaluator,,253.56990128499456,,,58bf34c5760ed51e4ff35faee4055891caf624b2722cb375df9d419863efa9c4,58bf34c5760ed51e4ff35faee4055891caf624b2722cb375df9d419863efa9c4,True,detection,detection,,500,500,pass,True,False,,[],,True,False,False,,False,contract_fail_or_unavailable,16.133642196655273,9.303522109985352,107.48617439482545,,,,,,,,,,,,50,4.7686065351636415,209.70486716109062,0.3667764884506428,available
performance_observation,yolo26s,detection,development,b181,tensorrt,orin_nx_deepx_m1_01,,[],,ort_tensorrt,split,,{},,{},,unavailable,,,,,,,,,,generic,tensorrt_to_tensorrt,True,True,,,,,,,,,,False,screening,pass,pass,,[],explicit_structural_contract_field,contract_fail_or_unavailable,contract_fail_or_unavailable,coco_ap_50_95,0.4088287719843291,0.40753480524311103,0.0012939667412180667,0.00038497430235052987,0.0020682396264009827,0.01,500,500,management_process_pool:onnx_splitpoint_tool.quality_metrics:detection_quality_evaluator,,251.54768383793999,,,58bf34c5760ed51e4ff35faee4055891caf624b2722cb375df9d419863efa9c4,58bf34c5760ed51e4ff35faee4055891caf624b2722cb375df9d419863efa9c4,True,detection,detection,,500,500,pass,True,False,,[],,True,False,False,,False,contract_fail_or_unavailable,19.36664581298828,11.826181411743164,84.5581481615883,,,,,,,,,,,,134,6.113842970205346,163.56324571522532,0.8096950452218443,available
performance_observation,yolo26s,detection,development,b221,tensorrt,orin_nx_deepx_m1_01,,[],,ort_tensorrt,split,,{},,{},,unavailable,,,,,,,,,,generic,tensorrt_to_tensorrt,True,True,,,,,,,,,,False,screening,pass,pass,,[],explicit_structural_contract_field,contract_fail_or_unavailable,contract_fail_or_unavailable,coco_ap_50_95,0.4084762956042276,0.40753480524311103,0.0009414903611165704,0.00010878587436775617,0.0016348594197964166,0.01,500,500,management_process_pool:onnx_splitpoint_tool.quality_metrics:detection_quality_evaluator,,223.86177372199018,,,58bf34c5760ed51e4ff35faee4055891caf624b2722cb375df9d419863efa9c4,58bf34c5760ed51e4ff35faee4055891caf624b2722cb375df9d419863efa9c4,True,detection,detection,,500,500,pass,True,False,,[],,True,False,False,,False,contract_fail_or_unavailable,16.614389419555664,11.320686340332031,88.33386686435395,,,,,,,,,,,,222,13.094879951213137,76.36572490359929,1.5728939304962646,available
performance_observation,yolo26s,detection,development,full,tensorrt,orin_nx_deepx_m1_01,,[],,ort_tensorrt,full,fp16,{},,{},,unavailable,,,,,,,,,,generic,tensorrt,True,True,,,,,,,,,,False,screening,pass,pass,,[],explicit_structural_contract_field,contract_fail_or_unavailable,contract_fail_or_unavailable,coco_ap_50_95,0.40857467960222793,0.40753480524311103,0.001039874359116899,9.532078043264513e-05,0.0019260642276366386,0.01,500,500,management_process_pool:onnx_splitpoint_tool.quality_metrics:detection_quality_evaluator,,218.93239822995383,,,58bf34c5760ed51e4ff35faee4055891caf624b2722cb375df9d419863efa9c4,58bf34c5760ed51e4ff35faee4055891caf624b2722cb375df9d419863efa9c4,True,detection,detection,,500,500,pass,True,False,,[],,True,False,False,,False,contract_fail_or_unavailable,12.450265884399414,12.450265884399414,80.3195698216399,,,,,,,,,,,,,,,,available
performance_observation,yolov7_paper,detection,development,full,deepx_m1,orin_nx_deepx_m1_01,,[],,deepx_m1_full,full,deepx_dxnn_sha256:12c2e2eedeb94be7127667f12901853d14648e4783c843718a5c5a63cadaf71f,{},,{},,unavailable,,,,,,,,,,generic,deepx_m1,True,True,,,,,,,,,,False,screening,pass,pass,,[],full_baseline_authoritative_source_source_conflict,contract_fail_or_unavailable,contract_fail_or_unavailable,coco_ap_50_95,0.45629326666562375,0.4520187916528286,0.004274475012795154,0.00030419767863843486,0.010466757800677714,0.01,500,500,management_process_pool:onnx_splitpoint_tool.quality_metrics:detection_quality_evaluator,,124.87974605802447,,,58bf34c5760ed51e4ff35faee4055891caf624b2722cb375df9d419863efa9c4,58bf34c5760ed51e4ff35faee4055891caf624b2722cb375df9d419863efa9c4,True,,,,,,,,False,,[],,True,False,False,,False,contract_fail_or_unavailable,96.1584499804303,96.1584499804303,10.399502073957256,,,,,,,,,,,,,,,,available
performance_observation,yolov7_paper,detection,development,b001,deepx_m1_to_tensorrt,orin_nx_deepx_m1_01,,[],,deepx_m1_to_tensorrt,split,,{},,{},,unavailable,,,,,,,,,,generic,deepx_m1_to_tensorrt,True,True,,,,,,,,,,False,screening,pass,pass,,[],endpoint_contract_incomplete,contract_fail_or_unavailable,contract_fail_or_unavailable,coco_ap_50_95,0.4610581982409637,0.4520187916528286,0.009039406588135124,0.006125509255749843,0.01343919326646152,0.01,500,500,management_process_pool:onnx_splitpoint_tool.quality_metrics:detection_quality_evaluator,,124.8835244019283,,,58bf34c5760ed51e4ff35faee4055891caf624b2722cb375df9d419863efa9c4,58bf34c5760ed51e4ff35faee4055891caf624b2722cb375df9d419863efa9c4,True,detection,detection,,500,500,pass,True,False,,[],,True,False,False,,False,contract_fail_or_unavailable,300.50063133239746,220.6490610462978,4.53208364113625,,,,,,,,,,,,307,59.95308487620061,16.679708843422116,21.376029681922258,available
performance_observation,yolov7_paper,detection,development,b002,deepx_m1_to_tensorrt,orin_nx_deepx_m1_01,,[],,deepx_m1_to_tensorrt,split,,{},,{},,unavailable,,,,,,,,,,generic,deepx_m1_to_tensorrt,True,True,,,,,,,,,,False,screening,pass,pass,,[],endpoint_contract_incomplete,contract_fail_or_unavailable,contract_fail_or_unavailable,coco_ap_50_95,0.46109539502318764,0.4520187916528286,0.009076603370359038,0.006088864061219111,0.013616427070374885,0.01,500,500,management_process_pool:onnx_splitpoint_tool.quality_metrics:detection_quality_evaluator,,126.67603472899646,,,58bf34c5760ed51e4ff35faee4055891caf624b2722cb375df9d419863efa9c4,58bf34c5760ed51e4ff35faee4055891caf624b2722cb375df9d419863efa9c4,True,detection,detection,,500,500,pass,True,False,,[],,True,False,False,,False,contract_fail_or_unavailable,195.35303115844727,124.74890339249016,8.016102529204273,,,,,,,,,,,,303,53.17994957453266,18.804079507418148,8.492883395091992,available
performance_observation,yolov7_paper,detection,development,b013,deepx_m1_to_tensorrt,orin_nx_deepx_m1_01,,[],,deepx_m1_to_tensorrt,split,,{},,{},,unavailable,,,,,,,,,,generic,deepx_m1_to_tensorrt,True,True,,,,,,,,,,False,screening,pass,pass,,[],endpoint_contract_incomplete,contract_fail_or_unavailable,contract_fail_or_unavailable,coco_ap_50_95,0.45995121158502705,0.4520187916528286,0.007932419932198453,0.004592918900722268,0.012457272766972345,0.01,500,500,management_process_pool:onnx_splitpoint_tool.quality_metrics:detection_quality_evaluator,,125.41035799204838,,,58bf34c5760ed51e4ff35faee4055891caf624b2722cb375df9d419863efa9c4,58bf34c5760ed51e4ff35faee4055891caf624b2722cb375df9d419863efa9c4,True,detection,detection,,500,500,pass,True,False,,[],,True,False,False,,False,contract_fail_or_unavailable,106.83979988098145,58.6862616068886,17.039763185096458,,,,,,,,,,,,40,24.7772786318513,40.35955743398291,0.4530198549685827,available
performance_observation,yolov7_paper,detection,development,b044,deepx_m1_to_tensorrt,orin_nx_deepx_m1_01,,[],,deepx_m1_to_tensorrt,split,,{},,{},,unavailable,,,,,,,,,,generic,deepx_m1_to_tensorrt,True,True,,,,,,,,,,False,screening,pass,pass,,[],endpoint_contract_incomplete,contract_fail_or_unavailable,contract_fail_or_unavailable,coco_ap_50_95,0.46017623651929485,0.4520187916528286,0.008157444866466246,0.0049726171891072545,0.012946342119026432,0.01,500,500,management_process_pool:onnx_splitpoint_tool.quality_metrics:detection_quality_evaluator,,125.74068198702298,,,58bf34c5760ed51e4ff35faee4055891caf624b2722cb375df9d419863efa9c4,58bf34c5760ed51e4ff35faee4055891caf624b2722cb375df9d419863efa9c4,True,detection,detection,,500,500,pass,True,False,,[],,True,False,False,,False,contract_fail_or_unavailable,79.06785011291504,43.673666917880915,22.89709270074089,,,,,,,,,,,,1,7.520637690937109,132.96744785419853,-0.13784181518375938,available
performance_observation,yolov7_paper,detection,development,b049,deepx_m1_to_tensorrt,orin_nx_deepx_m1_01,,[],,deepx_m1_to_tensorrt,split,,{},,{},,unavailable,,,,,,,,,,generic,deepx_m1_to_tensorrt,True,True,,,,,,,,,,False,screening,pass,pass,,[],endpoint_contract_incomplete,contract_fail_or_unavailable,contract_fail_or_unavailable,coco_ap_50_95,0.45958521365861194,0.4520187916528286,0.007566422005783335,0.00430260072868805,0.012935784842634489,0.01,500,500,management_process_pool:onnx_splitpoint_tool.quality_metrics:detection_quality_evaluator,,125.10512458300218,,,58bf34c5760ed51e4ff35faee4055891caf624b2722cb375df9d419863efa9c4,58bf34c5760ed51e4ff35faee4055891caf624b2722cb375df9d419863efa9c4,True,detection,detection,,500,500,pass,True,False,,[],,True,False,False,,False,contract_fail_or_unavailable,92.64183044433594,51.94877595235796,19.249731714893464,,,,,,,,,,,,25,7.9683863802955655,125.49592254622921,0.27936909258355547,available
performance_observation,yolov7_paper,detection,development,b065,deepx_m1_to_tensorrt,orin_nx_deepx_m1_01,,[],,deepx_m1_to_tensorrt,split,,{},,{},,unavailable,,,,,,,,,,generic,deepx_m1_to_tensorrt,True,True,,,,,,,,,,False,screening,pass,pass,,[],endpoint_contract_incomplete,contract_fail_or_unavailable,contract_fail_or_unavailable,coco_ap_50_95,0.4588639991570007,0.4520187916528286,0.006845207504172113,0.003717716913724048,0.012112444158179083,0.01,500,500,management_process_pool:onnx_splitpoint_tool.quality_metrics:detection_quality_evaluator,,125.61712991294917,,,58bf34c5760ed51e4ff35faee4055891caf624b2722cb375df9d419863efa9c4,58bf34c5760ed51e4ff35faee4055891caf624b2722cb375df9d419863efa9c4,True,detection,detection,,500,500,pass,True,False,,[],,True,False,False,,False,contract_fail_or_unavailable,135.68243980407715,92.30301443629129,10.83388236134165,,,,,,,,,,,,249,9.626015446271499,103.88514391874739,2.214804263110367,available
performance_observation,yolov7_paper,detection,development,b088,deepx_m1_to_tensorrt,orin_nx_deepx_m1_01,,[],,deepx_m1_to_tensorrt,split,,{},,{},,unavailable,,,,,,,,,,generic,deepx_m1_to_tensorrt,True,True,,,,,,,,,,False,screening,pass,pass,,[],endpoint_contract_incomplete,contract_fail_or_unavailable,contract_fail_or_unavailable,coco_ap_50_95,0.4591462479168456,0.4520187916528286,0.007127456264017007,0.003406830269137836,0.012063703383125386,0.01,500,500,management_process_pool:onnx_splitpoint_tool.quality_metrics:detection_quality_evaluator,,124.97902378893923,,,58bf34c5760ed51e4ff35faee4055891caf624b2722cb375df9d419863efa9c4,58bf34c5760ed51e4ff35faee4055891caf624b2722cb375df9d419863efa9c4,True,detection,detection,,500,500,pass,True,False,,[],,True,False,False,,False,contract_fail_or_unavailable,89.81738090515137,54.69862312969306,18.28199583066199,,,,,,,,,,,,58,6.248160139461068,160.04711429919504,0.6016186979203243,available
performance_observation,yolov7_paper,detection,development,b092,deepx_m1_to_tensorrt,orin_nx_deepx_m1_01,,[],,deepx_m1_to_tensorrt,split,,{},,{},,unavailable,,,,,,,,,,generic,deepx_m1_to_tensorrt,True,True,,,,,,,,,,False,screening,pass,pass,,[],endpoint_contract_incomplete,contract_fail_or_unavailable,contract_fail_or_unavailable,coco_ap_50_95,0.4592593833410394,0.4520187916528286,0.007240591688210785,0.0032663700166883363,0.012197236580737486,0.01,500,500,management_process_pool:onnx_splitpoint_tool.quality_metrics:detection_quality_evaluator,,126.11675262101926,,,58bf34c5760ed51e4ff35faee4055891caf624b2722cb375df9d419863efa9c4,58bf34c5760ed51e4ff35faee4055891caf624b2722cb375df9d419863efa9c4,True,detection,detection,,500,500,pass,True,False,,[],,True,False,False,,False,contract_fail_or_unavailable,83.04886817932129,49.845643301049,20.061933877758882,,,,,,,,,,,,38,5.799828860244802,172.41888064224563,0.4378442538903798,available
performance_observation,yolov7_paper,detection,development,b114,deepx_m1_to_tensorrt,orin_nx_deepx_m1_01,,[],,deepx_m1_to_tensorrt,split,,{},,{},,unavailable,,,,,,,,,,generic,deepx_m1_to_tensorrt,True,True,,,,,,,,,,False,screening,pass,pass,,[],endpoint_contract_incomplete,contract_fail_or_unavailable,contract_fail_or_unavailable,coco_ap_50_95,0.4596399703546252,0.4520187916528286,0.007621178701796627,0.003721779099656117,0.012304229286485514,0.01,500,500,management_process_pool:onnx_splitpoint_tool.quality_metrics:detection_quality_evaluator,,125.93167552200612,,,58bf34c5760ed51e4ff35faee4055891caf624b2722cb375df9d419863efa9c4,58bf34c5760ed51e4ff35faee4055891caf624b2722cb375df9d419863efa9c4,True,detection,detection,,500,500,pass,True,False,,[],,True,False,False,,False,contract_fail_or_unavailable,77.60634422302246,49.15443595762,20.344043838936134,,,,,,,,,,,,89,6.811648103891737,146.8073489334636,0.7182121028938664,available
performance_observation,yolov7_paper,detection,development,b134,deepx_m1_to_tensorrt,orin_nx_deepx_m1_01,,[],,deepx_m1_to_tensorrt,split,,{},,{},,unavailable,,,,,,,,,,generic,deepx_m1_to_tensorrt,True,True,,,,,,,,,,False,screening,pass,pass,,[],endpoint_contract_incomplete,contract_fail_or_unavailable,contract_fail_or_unavailable,coco_ap_50_95,0.4584668666915507,0.4520187916528286,0.006448075038722079,0.002665130458924439,0.011830175928528149,0.01,500,500,management_process_pool:onnx_splitpoint_tool.quality_metrics:detection_quality_evaluator,,125.14007854601368,,,58bf34c5760ed51e4ff35faee4055891caf624b2722cb375df9d419863efa9c4,58bf34c5760ed51e4ff35faee4055891caf624b2722cb375df9d419863efa9c4,True,detection,detection,,500,500,pass,True,False,,[],,True,False,False,,False,contract_fail_or_unavailable,74.59025382995605,47.221218347144514,21.176920778463362,,,,,,,,,,,,135,6.89380477142582,145.05777769409818,0.9436513801263406,available
performance_observation,yolov7_paper,detection,development,b155,deepx_m1_to_tensorrt,orin_nx_deepx_m1_01,,[],,deepx_m1_to_tensorrt,split,,{},,{},,unavailable,,,,,,,,,,generic,deepx_m1_to_tensorrt,True,True,,,,,,,,,,False,screening,pass,pass,,[],endpoint_contract_incomplete,contract_fail_or_unavailable,contract_fail_or_unavailable,coco_ap_50_95,0.4598131156536649,0.4520187916528286,0.007794324000836295,0.004333041516704373,0.012648455480434749,0.01,500,500,management_process_pool:onnx_splitpoint_tool.quality_metrics:detection_quality_evaluator,,125.89613997691777,,,58bf34c5760ed51e4ff35faee4055891caf624b2722cb375df9d419863efa9c4,58bf34c5760ed51e4ff35faee4055891caf624b2722cb375df9d419863efa9c4,True,detection,detection,,500,500,pass,True,False,,[],,True,False,False,,False,contract_fail_or_unavailable,74.05433654785156,48.63549921276939,20.561113100232085,,,,,,,,,,,,86,7.355628200665632,135.95031895569534,0.7145201084166644,available
performance_observation,yolov7_paper,detection,development,b165,deepx_m1_to_tensorrt,orin_nx_deepx_m1_01,,[],,deepx_m1_to_tensorrt,split,,{},,{},,unavailable,,,,,,,,,,generic,deepx_m1_to_tensorrt,True,True,,,,,,,,,,False,screening,pass,pass,,[],endpoint_contract_incomplete,contract_fail_or_unavailable,contract_fail_or_unavailable,coco_ap_50_95,0.45950003466089384,0.4520187916528286,0.0074812430080652415,0.004355207960314637,0.012885686794268405,0.01,500,500,management_process_pool:onnx_splitpoint_tool.quality_metrics:detection_quality_evaluator,,125.45651894400362,,,58bf34c5760ed51e4ff35faee4055891caf624b2722cb375df9d419863efa9c4,58bf34c5760ed51e4ff35faee4055891caf624b2722cb375df9d419863efa9c4,True,detection,detection,,500,500,pass,True,False,,[],,True,False,False,,False,contract_fail_or_unavailable,71.38962745666504,47.43937339188288,21.079536437787457,,,,,,,,,,,,101,7.522258355279364,132.93880012751325,0.7724601470911209,available
performance_observation,yolov7_paper,detection,development,b186,deepx_m1_to_tensorrt,orin_nx_deepx_m1_01,,[],,deepx_m1_to_tensorrt,split,,{},,{},,unavailable,,,,,,,,,,generic,deepx_m1_to_tensorrt,True,True,,,,,,,,,,False,screening,pass,pass,,[],endpoint_contract_incomplete,contract_fail_or_unavailable,contract_fail_or_unavailable,coco_ap_50_95,0.45792357467903316,0.4520187916528286,0.005904783026204563,0.0020749779834927547,0.01195333192322836,0.01,500,500,management_process_pool:onnx_splitpoint_tool.quality_metrics:detection_quality_evaluator,,124.75067957502324,,,58bf34c5760ed51e4ff35faee4055891caf624b2722cb375df9d419863efa9c4,58bf34c5760ed51e4ff35faee4055891caf624b2722cb375df9d419863efa9c4,True,detection,detection,,500,500,pass,True,False,,[],,True,False,False,,False,contract_fail_or_unavailable,88.79656791687012,64.39139008643511,15.530026586748019,,,,,,,,,,,,206,9.406133065514092,106.31361400428423,1.8331855975495257,available
performance_observation,yolov7_paper,detection,development,b189,deepx_m1_to_tensorrt,orin_nx_deepx_m1_01,,[],,deepx_m1_to_tensorrt,split,,{},,{},,unavailable,,,,,,,,,,generic,deepx_m1_to_tensorrt,True,True,,,,,,,,,,False,screening,pass,pass,,[],endpoint_contract_incomplete,contract_fail_or_unavailable,contract_fail_or_unavailable,coco_ap_50_95,0.4573579721177679,0.4520187916528286,0.005339180464939308,0.0017577993763830603,0.011530155590471419,0.01,500,500,management_process_pool:onnx_splitpoint_tool.quality_metrics:detection_quality_evaluator,,125.57734860491473,,,58bf34c5760ed51e4ff35faee4055891caf624b2722cb375df9d419863efa9c4,58bf34c5760ed51e4ff35faee4055891caf624b2722cb375df9d419863efa9c4,True,detection,detection,,500,500,pass,True,False,,[],,True,False,False,,False,contract_fail_or_unavailable,69.28482055664062,47.59875813033432,21.008951478561954,,,,,,,,,,,,105,9.70444317104506,103.04558256198342,0.7799857210314258,available
performance_observation,yolov7_paper,detection,development,b222,deepx_m1_to_tensorrt,orin_nx_deepx_m1_01,,[],,deepx_m1_to_tensorrt,split,,{},,{},,unavailable,,,,,,,,,,generic,deepx_m1_to_tensorrt,True,True,,,,,,,,,,False,screening,pass,pass,,[],endpoint_contract_incomplete,contract_fail_or_unavailable,contract_fail_or_unavailable,coco_ap_50_95,0.457007319020006,0.4520187916528286,0.00498852736717742,0.0011852319928780824,0.011206588315756938,0.01,500,500,management_process_pool:onnx_splitpoint_tool.quality_metrics:detection_quality_evaluator,,126.75590168195777,,,58bf34c5760ed51e4ff35faee4055891caf624b2722cb375df9d419863efa9c4,58bf34c5760ed51e4ff35faee4055891caf624b2722cb375df9d419863efa9c4,True,detection,detection,,500,500,pass,True,False,,[],,True,False,False,,False,contract_fail_or_unavailable,108.26258659362793,86.22495891303633,11.597570037795753,,,,,,,,,,,,271,23.628554785904644,42.32167430724706,2.4308325643094415,available
performance_observation,yolov7_paper,detection,development,b228,deepx_m1_to_tensorrt,orin_nx_deepx_m1_01,,[],,deepx_m1_to_tensorrt,split,,{},,{},,unavailable,,,,,,,,,,generic,deepx_m1_to_tensorrt,True,True,,,,,,,,,,False,screening,pass,pass,,[],endpoint_contract_incomplete,contract_fail_or_unavailable,contract_fail_or_unavailable,coco_ap_50_95,0.45708150440951495,0.4520187916528286,0.0050627127566863495,0.0010980899838900938,0.011388270571208359,0.01,500,500,management_process_pool:onnx_splitpoint_tool.quality_metrics:detection_quality_evaluator,,124.75715178402606,,,58bf34c5760ed51e4ff35faee4055891caf624b2722cb375df9d419863efa9c4,58bf34c5760ed51e4ff35faee4055891caf624b2722cb375df9d419863efa9c4,True,detection,detection,,500,500,pass,True,False,,[],,True,False,False,,False,contract_fail_or_unavailable,111.1229419708252,90.79148938737647,11.014248215857979,,,,,,,,,,,,293,23.966431437761397,41.72502704864124,2.7405088602705403,available
performance_observation,yolov7_paper,detection,development,b262,deepx_m1_to_tensorrt,orin_nx_deepx_m1_01,,[],,deepx_m1_to_tensorrt,split,,{},,{},,unavailable,,,,,,,,,,generic,deepx_m1_to_tensorrt,True,True,,,,,,,,,,False,screening,pass,pass,,[],endpoint_contract_incomplete,contract_fail_or_unavailable,contract_fail_or_unavailable,coco_ap_50_95,0.4593660031972305,0.4520187916528286,0.007347211544401877,0.003772464024788313,0.012911769327325696,0.01,500,500,management_process_pool:onnx_splitpoint_tool.quality_metrics:detection_quality_evaluator,,125.3206079719821,,,58bf34c5760ed51e4ff35faee4055891caf624b2722cb375df9d419863efa9c4,58bf34c5760ed51e4ff35faee4055891caf624b2722cb375df9d419863efa9c4,True,detection,detection,,500,500,pass,True,False,,[],,True,False,False,,False,contract_fail_or_unavailable,114.09783363342285,66.0693210893837,15.135617916326435,,,,,,,,,,,,265,36.02218913298625,27.760667079621758,2.363282085904022,available
performance_observation,yolov7_paper,detection,development,b270,deepx_m1_to_tensorrt,orin_nx_deepx_m1_01,,[],,deepx_m1_to_tensorrt,split,,{},,{},,unavailable,,,,,,,,,,generic,deepx_m1_to_tensorrt,True,True,,,,,,,,,,False,screening,pass,pass,,[],endpoint_contract_incomplete,contract_fail_or_unavailable,contract_fail_or_unavailable,coco_ap_50_95,0.4590185002817099,0.4520187916528286,0.006999708628881274,0.0034415886888048376,0.01243856164538061,0.01,500,500,management_process_pool:onnx_splitpoint_tool.quality_metrics:detection_quality_evaluator,,125.07432394800708,,,58bf34c5760ed51e4ff35faee4055891caf624b2722cb375df9d419863efa9c4,58bf34c5760ed51e4ff35faee4055891caf624b2722cb375df9d419863efa9c4,True,detection,detection,,500,500,pass,True,False,,[],,True,False,False,,False,contract_fail_or_unavailable,113.01913261413574,59.598931698533505,16.778824242324568,,,,,,,,,,,,280,36.48984250683673,27.404886710942645,2.528947493862988,available
performance_observation,yolov7_paper,detection,development,b306,deepx_m1_to_tensorrt,orin_nx_deepx_m1_01,,[],,deepx_m1_to_tensorrt,split,,{},,{},,unavailable,,,,,,,,,,generic,deepx_m1_to_tensorrt,True,True,,,,,,,,,,False,screening,pass,pass,,[],endpoint_contract_incomplete,contract_fail_or_unavailable,contract_fail_or_unavailable,coco_ap_50_95,0.46075455615822564,0.4520187916528286,0.008735764505397037,0.005478925678086009,0.013247561106102207,0.01,500,500,management_process_pool:onnx_splitpoint_tool.quality_metrics:detection_quality_evaluator,,125.62816277996171,,,58bf34c5760ed51e4ff35faee4055891caf624b2722cb375df9d419863efa9c4,58bf34c5760ed51e4ff35faee4055891caf624b2722cb375df9d419863efa9c4,True,detection,detection,,500,500,pass,True,False,,[],,True,False,False,,False,contract_fail_or_unavailable,74.57528114318848,34.00583495385945,29.406718034032753,,,,,,,,,,,,243,48.92188028444748,20.4407515448237,2.1790000000000003,available
performance_observation,yolov7_paper,detection,development,b307,deepx_m1_to_tensorrt,orin_nx_deepx_m1_01,,[],,deepx_m1_to_tensorrt,split,,{},,{},,unavailable,,,,,,,,,,generic,deepx_m1_to_tensorrt,True,True,,,,,,,,,,False,screening,pass,pass,,[],endpoint_contract_incomplete,contract_fail_or_unavailable,contract_fail_or_unavailable,coco_ap_50_95,0.46055526027741783,0.4520187916528286,0.008536468624589233,0.005339283685216035,0.012998033558820829,0.01,500,500,management_process_pool:onnx_splitpoint_tool.quality_metrics:detection_quality_evaluator,,125.0854895390803,,,58bf34c5760ed51e4ff35faee4055891caf624b2722cb375df9d419863efa9c4,58bf34c5760ed51e4ff35faee4055891caf624b2722cb375df9d419863efa9c4,True,detection,detection,,500,500,pass,True,False,,[],,True,False,False,,False,contract_fail_or_unavailable,72.52836227416992,32.23078030303282,31.026242324822118,,,,,,,,,,,,244,48.92188028444748,20.4407515448237,2.1790000000000003,available
performance_observation,yolov7_paper,detection,development,full,hailo10,orin_nx_hailo10_01,,[],,hailo10,full,hailo_hef_sha256:a2b2ef77a60b64b07dadeb0fc66b6ff0a6caa663795fdc6f722671902473f564,{},,{},,unavailable,,,,,,,,,,generic,hailo10,True,True,,,,,,,,,,False,screening,fail,fail,primary:coco_ap_50_95:point_estimate_below_non_inferiority_margin;guardrail:ap75:ap75:point_estimate_below_non_inferiority_margin,"[""primary:coco_ap_50_95:point_estimate_below_non_inferiority_margin"",""guardrail:ap75:ap75:point_estimate_below_non_inferiority_margin""]",raw_head_host_tail_missing,contract_fail_or_unavailable,contract_fail_or_unavailable,coco_ap_50_95,0.4201404886113683,0.4520187916528286,-0.031878303041460276,-0.031878303041460276,-0.031878303041460276,0.01,500,0,management_process_pool:onnx_splitpoint_tool.quality_metrics:detection_quality_evaluator,point_estimate_below_non_inferiority_margin,3.8887893370119855,,,58bf34c5760ed51e4ff35faee4055891caf624b2722cb375df9d419863efa9c4,58bf34c5760ed51e4ff35faee4055891caf624b2722cb375df9d419863efa9c4,True,detection,detection,,500,500,pass,True,False,,[],,False,False,False,,False,contract_fail_or_unavailable,150.28438568115234,150.28438568115234,6.654051220741113,,,,,,,,,,,,,,,,available
performance_observation,yolov7_paper,detection,development,b001,hailo10_to_tensorrt,orin_nx_hailo10_01,,[],,hailo10_to_trt,split,,{},,{},,unavailable,,,,,,,,,,generic,hailo10h_to_tensorrt,True,True,,,,,,,,,,False,screening,fail,fail,primary:coco_ap_50_95:point_estimate_below_non_inferiority_margin;guardrail:ap50:ap50:point_estimate_below_non_inferiority_margin;guardrail:ap75:ap75:point_estimate_below_non_inferiority_margin,"[""primary:coco_ap_50_95:point_estimate_below_non_inferiority_margin"",""guardrail:ap50:ap50:point_estimate_below_non_inferiority_margin"",""guardrail:ap75:ap75:point_estimate_below_non_inferiority_margin""]",explicit_hailo_trt_interface_contract,contract_fail_or_unavailable,contract_fail_or_unavailable,coco_ap_50_95,0.09912039145089613,0.4520187916528286,-0.35289840020193247,-0.35289840020193247,-0.35289840020193247,0.01,500,0,management_process_pool:onnx_splitpoint_tool.quality_metrics:detection_quality_evaluator,point_estimate_below_non_inferiority_margin,3.028684691991657,,,58bf34c5760ed51e4ff35faee4055891caf624b2722cb375df9d419863efa9c4,58bf34c5760ed51e4ff35faee4055891caf624b2722cb375df9d419863efa9c4,True,detection,detection,,500,500,pass,True,False,,[],,False,False,False,,False,contract_fail_or_unavailable,701.5252590179443,393.7060197400253,2.5399662434938817,,,,,,,,,,,,307,59.95308487620061,16.679708843422116,21.376029681922258,available
performance_observation,yolov7_paper,detection,development,b002,hailo10_to_tensorrt,orin_nx_hailo10_01,,[],,hailo10_to_trt,split,,{},,{},,unavailable,,,,,,,,,,generic,hailo10h_to_tensorrt,True,True,,,,,,,,,,False,screening,pass,pass,,[],explicit_hailo_trt_interface_contract,contract_fail_or_unavailable,contract_fail_or_unavailable,coco_ap_50_95,0.4588716165501035,0.4520187916528286,0.006852824897274901,0.002282420116006534,0.012029893812061878,0.01,500,500,management_process_pool:onnx_splitpoint_tool.quality_metrics:detection_quality_evaluator,,125.21099128306378,,,58bf34c5760ed51e4ff35faee4055891caf624b2722cb375df9d419863efa9c4,58bf34c5760ed51e4ff35faee4055891caf624b2722cb375df9d419863efa9c4,True,detection,detection,,500,500,pass,True,False,,[],,True,False,False,,False,contract_fail_or_unavailable,370.0043201446533,350.91157734859735,2.849720740352191,,,,,,,,,,,,303,53.17994957453266,18.804079507418148,8.492883395091992,available
performance_observation,yolov7_paper,detection,development,b013,hailo10_to_tensorrt,orin_nx_hailo10_01,,[],,hailo10_to_trt,split,,{},,{},,unavailable,,,,,,,,,,generic,hailo10h_to_tensorrt,True,True,,,,,,,,,,False,screening,pass,pass,,[],explicit_hailo_trt_interface_contract,contract_fail_or_unavailable,contract_fail_or_unavailable,coco_ap_50_95,0.4576292513715711,0.4520187916528286,0.005610459718742522,0.0006658119074121121,0.010859451518582995,0.01,500,500,management_process_pool:onnx_splitpoint_tool.quality_metrics:detection_quality_evaluator,,125.82464618305676,,,58bf34c5760ed51e4ff35faee4055891caf624b2722cb375df9d419863efa9c4,58bf34c5760ed51e4ff35faee4055891caf624b2722cb375df9d419863efa9c4,True,detection,detection,,500,500,pass,True,False,,[],,True,False,False,,False,contract_fail_or_unavailable,132.8634262084961,91.878180604671,10.883976950988524,,,,,,,,,,,,40,24.7772786318513,40.35955743398291,0.4530198549685827,available
performance_observation,yolov7_paper,detection,development,b044,hailo10_to_tensorrt,orin_nx_hailo10_01,,[],,hailo10_to_trt,split,,{},,{},,unavailable,,,,,,,,,,generic,hailo10h_to_tensorrt,True,True,,,,,,,,,,False,screening,pass,pass,,[],explicit_hailo_trt_interface_contract,contract_fail_or_unavailable,contract_fail_or_unavailable,coco_ap_50_95,0.4577133862205809,0.4520187916528286,0.005694594567752287,0.0008323505285200042,0.010951035589931048,0.01,500,500,management_process_pool:onnx_splitpoint_tool.quality_metrics:detection_quality_evaluator,,125.46522957191337,,,58bf34c5760ed51e4ff35faee4055891caf624b2722cb375df9d419863efa9c4,58bf34c5760ed51e4ff35faee4055891caf624b2722cb375df9d419863efa9c4,True,detection,detection,,500,500,pass,True,False,,[],,True,False,False,,False,contract_fail_or_unavailable,98.13647270202637,84.42840465020551,11.844355038367599,,,,,,,,,,,,1,7.520637690937109,132.96744785419853,-0.13784181518375938,available
performance_observation,yolov7_paper,detection,development,b049,hailo10_to_tensorrt,orin_nx_hailo10_01,,[],,hailo10_to_trt,split,,{},,{},,unavailable,,,,,,,,,,generic,hailo10h_to_tensorrt,True,True,,,,,,,,,,False,screening,fail,fail,primary:coco_ap_50_95:point_estimate_below_non_inferiority_margin;guardrail:ap50:ap50:point_estimate_below_non_inferiority_margin;guardrail:ap75:ap75:point_estimate_below_non_inferiority_margin,"[""primary:coco_ap_50_95:point_estimate_below_non_inferiority_margin"",""guardrail:ap50:ap50:point_estimate_below_non_inferiority_margin"",""guardrail:ap75:ap75:point_estimate_below_non_inferiority_margin""]",explicit_hailo_trt_interface_contract,contract_fail_or_unavailable,contract_fail_or_unavailable,coco_ap_50_95,0.42730763093743585,0.4520187916528286,-0.024711160715392755,-0.024711160715392755,-0.024711160715392755,0.01,500,0,management_process_pool:onnx_splitpoint_tool.quality_metrics:detection_quality_evaluator,point_estimate_below_non_inferiority_margin,3.6576951389433816,,,58bf34c5760ed51e4ff35faee4055891caf624b2722cb375df9d419863efa9c4,58bf34c5760ed51e4ff35faee4055891caf624b2722cb375df9d419863efa9c4,True,detection,detection,,500,500,pass,True,False,,[],,False,False,False,,False,contract_fail_or_unavailable,102.71286964416504,75.29619135185267,13.280884225964172,,,,,,,,,,,,25,7.9683863802955655,125.49592254622921,0.27936909258355547,available
performance_observation,yolov7_paper,detection,development,b065,hailo10_to_tensorrt,orin_nx_hailo10_01,,[],,hailo10_to_trt,split,,{},,{},,unavailable,,,,,,,,,,generic,hailo10h_to_tensorrt,True,True,,,,,,,,,,False,screening,fail,fail,primary:coco_ap_50_95:point_estimate_below_non_inferiority_margin;guardrail:ap50:ap50:point_estimate_below_non_inferiority_margin;guardrail:ap75:ap75:point_estimate_below_non_inferiority_margin,"[""primary:coco_ap_50_95:point_estimate_below_non_inferiority_margin"",""guardrail:ap50:ap50:point_estimate_below_non_inferiority_margin"",""guardrail:ap75:ap75:point_estimate_below_non_inferiority_margin""]",explicit_hailo_trt_interface_contract,contract_fail_or_unavailable,contract_fail_or_unavailable,coco_ap_50_95,0.0,0.4520187916528286,-0.4520187916528286,-0.4520187916528286,-0.4520187916528286,0.01,500,0,management_process_pool:onnx_splitpoint_tool.quality_metrics:detection_quality_evaluator,point_estimate_below_non_inferiority_margin,2.702466791961342,,,58bf34c5760ed51e4ff35faee4055891caf624b2722cb375df9d419863efa9c4,58bf34c5760ed51e4ff35faee4055891caf624b2722cb375df9d419863efa9c4,True,detection,detection,,500,500,pass,True,False,,[],,False,False,False,,False,contract_fail_or_unavailable,218.38417053222656,137.38972978140026,7.278564428295276,,,,,,,,,,,,249,9.626015446271499,103.88514391874739,2.214804263110367,available
performance_observation,yolov7_paper,detection,development,b088,hailo10_to_tensorrt,orin_nx_hailo10_01,,[],,hailo10_to_trt,split,,{},,{},,unavailable,,,,,,,,,,generic,hailo10h_to_tensorrt,True,True,,,,,,,,,,False,screening,fail,fail,primary:coco_ap_50_95:point_estimate_below_non_inferiority_margin;guardrail:ap50:ap50:point_estimate_below_non_inferiority_margin;guardrail:ap75:ap75:point_estimate_below_non_inferiority_margin,"[""primary:coco_ap_50_95:point_estimate_below_non_inferiority_margin"",""guardrail:ap50:ap50:point_estimate_below_non_inferiority_margin"",""guardrail:ap75:ap75:point_estimate_below_non_inferiority_margin""]",explicit_hailo_trt_interface_contract,contract_fail_or_unavailable,contract_fail_or_unavailable,coco_ap_50_95,0.3424253230717144,0.4520187916528286,-0.10959346858111418,-0.10959346858111418,-0.10959346858111418,0.01,500,0,management_process_pool:onnx_splitpoint_tool.quality_metrics:detection_quality_evaluator,point_estimate_below_non_inferiority_margin,3.945312808966264,,,58bf34c5760ed51e4ff35faee4055891caf624b2722cb375df9d419863efa9c4,58bf34c5760ed51e4ff35faee4055891caf624b2722cb375df9d419863efa9c4,True,detection,detection,,500,500,pass,True,False,,[],,False,False,False,,False,contract_fail_or_unavailable,101.70102119445801,77.59750291259716,12.887012628825975,,,,,,,,,,,,58,6.248160139461068,160.04711429919504,0.6016186979203243,available
performance_observation,yolov7_paper,detection,development,b092,hailo10_to_tensorrt,orin_nx_hailo10_01,,[],,hailo10_to_trt,split,,{},,{},,unavailable,,,,,,,,,,generic,hailo10h_to_tensorrt,True,True,,,,,,,,,,False,screening,pass,pass,,[],explicit_hailo_trt_interface_contract,contract_fail_or_unavailable,contract_fail_or_unavailable,coco_ap_50_95,0.45835966131327177,0.4520187916528286,0.006340869660443171,0.0010870686688765744,0.012239060311257897,0.01,500,500,management_process_pool:onnx_splitpoint_tool.quality_metrics:detection_quality_evaluator,,125.82800951297395,,,58bf34c5760ed51e4ff35faee4055891caf624b2722cb375df9d419863efa9c4,58bf34c5760ed51e4ff35faee4055891caf624b2722cb375df9d419863efa9c4,True,detection,detection,,500,500,pass,True,False,,[],,True,False,False,,False,contract_fail_or_unavailable,97.6006031036377,76.81805282608484,13.017773338566498,,,,,,,,,,,,38,5.799828860244802,172.41888064224563,0.4378442538903798,available
performance_observation,yolov7_paper,detection,development,b114,hailo10_to_tensorrt,orin_nx_hailo10_01,,[],,hailo10_to_trt,split,,{},,{},,unavailable,,,,,,,,,,generic,hailo10h_to_tensorrt,True,True,,,,,,,,,,False,screening,fail,fail,guardrail:ap50:ap50:point_estimate_below_non_inferiority_margin,"[""guardrail:ap50:ap50:point_estimate_below_non_inferiority_margin""]",explicit_hailo_trt_interface_contract,contract_fail_or_unavailable,contract_fail_or_unavailable,coco_ap_50_95,0.4431108741491737,0.4520187916528286,-0.008907917503654883,-0.008907917503654883,-0.008907917503654883,0.01,500,0,management_process_pool:onnx_splitpoint_tool.quality_metrics:detection_quality_evaluator,point_estimate_below_non_inferiority_margin,3.792077852995135,,,58bf34c5760ed51e4ff35faee4055891caf624b2722cb375df9d419863efa9c4,58bf34c5760ed51e4ff35faee4055891caf624b2722cb375df9d419863efa9c4,True,detection,detection,,500,500,pass,True,False,,[],,False,False,False,,False,contract_fail_or_unavailable,95.08504867553711,77.19267848069254,12.954596467981357,,,,,,,,,,,,89,6.811648103891737,146.8073489334636,0.7182121028938664,available
performance_observation,yolov7_paper,detection,development,b134,hailo10_to_tensorrt,orin_nx_hailo10_01,,[],,hailo10_to_trt,split,,{},,{},,unavailable,,,,,,,,,,generic,hailo10h_to_tensorrt,True,True,,,,,,,,,,False,screening,pass,pass,,[],explicit_hailo_trt_interface_contract,contract_fail_or_unavailable,contract_fail_or_unavailable,coco_ap_50_95,0.4596181937095037,0.4520187916528286,0.007599402056675086,0.002403278599020161,0.013473499443162083,0.01,500,500,management_process_pool:onnx_splitpoint_tool.quality_metrics:detection_quality_evaluator,,125.36363821104169,,,58bf34c5760ed51e4ff35faee4055891caf624b2722cb375df9d419863efa9c4,58bf34c5760ed51e4ff35faee4055891caf624b2722cb375df9d419863efa9c4,True,detection,detection,,500,500,pass,True,False,,[],,True,False,False,,False,contract_fail_or_unavailable,94.4157600402832,77.91018308363046,12.835292646233146,,,,,,,,,,,,135,6.89380477142582,145.05777769409818,0.9436513801263406,available
performance_observation,yolov7_paper,detection,development,b155,hailo10_to_tensorrt,orin_nx_hailo10_01,,[],,hailo10_to_trt,split,,{},,{},,unavailable,,,,,,,,,,generic,hailo10h_to_tensorrt,True,True,,,,,,,,,,False,screening,pass,pass,,[],explicit_hailo_trt_interface_contract,contract_fail_or_unavailable,contract_fail_or_unavailable,coco_ap_50_95,0.458034860913983,0.4520187916528286,0.006016069261154389,0.0013397796537846544,0.010597787784696179,0.01,500,500,management_process_pool:onnx_splitpoint_tool.quality_metrics:detection_quality_evaluator,,124.46181652799714,,,58bf34c5760ed51e4ff35faee4055891caf624b2722cb375df9d419863efa9c4,58bf34c5760ed51e4ff35faee4055891caf624b2722cb375df9d419863efa9c4,True,detection,detection,,500,500,pass,True,False,,[],,True,False,False,,False,contract_fail_or_unavailable,93.21451187133789,77.337271822414,12.930375955027918,,,,,,,,,,,,86,7.355628200665632,135.95031895569534,0.7145201084166644,available
performance_observation,yolov7_paper,detection,development,b165,hailo10_to_tensorrt,orin_nx_hailo10_01,,[],,hailo10_to_trt,split,,{},,{},,unavailable,,,,,,,,,,generic,hailo10h_to_tensorrt,True,True,,,,,,,,,,False,screening,pass,pass,,[],explicit_hailo_trt_interface_contract,contract_fail_or_unavailable,contract_fail_or_unavailable,coco_ap_50_95,0.45787046946972454,0.4520187916528286,0.005851677816895939,0.0008782519508700855,0.011198934226801745,0.01,500,500,management_process_pool:onnx_splitpoint_tool.quality_metrics:detection_quality_evaluator,,145.32679641305003,,,58bf34c5760ed51e4ff35faee4055891caf624b2722cb375df9d419863efa9c4,58bf34c5760ed51e4ff35faee4055891caf624b2722cb375df9d419863efa9c4,True,detection,detection,,500,500,pass,True,False,,[],,True,False,False,,False,contract_fail_or_unavailable,90.19699096679688,74.86652573773071,13.35710439540307,,,,,,,,,,,,101,7.522258355279364,132.93880012751325,0.7724601470911209,available
performance_observation,yolov7_paper,detection,development,b186,hailo10_to_tensorrt,orin_nx_hailo10_01,,[],,hailo10_to_trt,split,,{},,{},,unavailable,,,,,,,,,,generic,hailo10h_to_tensorrt,True,True,,,,,,,,,,False,screening,pass,pass,,[],explicit_hailo_trt_interface_contract,contract_fail_or_unavailable,contract_fail_or_unavailable,coco_ap_50_95,0.453577002891118,0.4520187916528286,0.0015582112382894198,-0.00446024996229121,0.007730795394805259,0.01,500,500,management_process_pool:onnx_splitpoint_tool.quality_metrics:detection_quality_evaluator,,129.58682982693426,,,58bf34c5760ed51e4ff35faee4055891caf624b2722cb375df9d419863efa9c4,58bf34c5760ed51e4ff35faee4055891caf624b2722cb375df9d419863efa9c4,True,detection,detection,,500,500,pass,True,False,,[],,True,False,False,,False,contract_fail_or_unavailable,106.0159683227539,84.30488247667317,11.861709199069177,,,,,,,,,,,,206,9.406133065514092,106.31361400428423,1.8331855975495257,available
performance_observation,yolov7_paper,detection,development,b189,hailo10_to_tensorrt,orin_nx_hailo10_01,,[],,hailo10_to_trt,split,,{},,{},,unavailable,,,,,,,,,,generic,hailo10h_to_tensorrt,True,True,,,,,,,,,,False,screening,pass,pass,,[],explicit_hailo_trt_interface_contract,contract_fail_or_unavailable,contract_fail_or_unavailable,coco_ap_50_95,0.45779526457568587,0.4520187916528286,0.0057764729228572675,0.0012278304044377251,0.011740438734658633,0.01,500,500,management_process_pool:onnx_splitpoint_tool.quality_metrics:detection_quality_evaluator,,125.81011932098772,,,58bf34c5760ed51e4ff35faee4055891caf624b2722cb375df9d419863efa9c4,58bf34c5760ed51e4ff35faee4055891caf624b2722cb375df9d419863efa9c4,True,detection,detection,,500,500,pass,True,False,,[],,True,False,False,,False,contract_fail_or_unavailable,90.48843383789062,75.82918373847623,13.187534807823512,,,,,,,,,,,,105,9.70444317104506,103.04558256198342,0.7799857210314258,available
performance_observation,yolov7_paper,detection,development,b222,hailo10_to_tensorrt,orin_nx_hailo10_01,,[],,hailo10_to_trt,split,,{},,{},,unavailable,,,,,,,,,,generic,hailo10h_to_tensorrt,True,True,,,,,,,,,,False,screening,pass,pass,,[],explicit_hailo_trt_interface_contract,contract_fail_or_unavailable,contract_fail_or_unavailable,coco_ap_50_95,0.4590818199915535,0.4520187916528286,0.007063028338724908,0.0019390153956272559,0.012432157550288246,0.01,500,500,management_process_pool:onnx_splitpoint_tool.quality_metrics:detection_quality_evaluator,,126.51474739401601,,,58bf34c5760ed51e4ff35faee4055891caf624b2722cb375df9d419863efa9c4,58bf34c5760ed51e4ff35faee4055891caf624b2722cb375df9d419863efa9c4,True,detection,detection,,500,500,pass,True,False,,[],,True,False,False,,False,contract_fail_or_unavailable,150.3385066986084,109.04851878244106,9.170230014724597,,,,,,,,,,,,271,23.628554785904644,42.32167430724706,2.4308325643094415,available
performance_observation,yolov7_paper,detection,development,b228,hailo10_to_tensorrt,orin_nx_hailo10_01,,[],,hailo10_to_trt,split,,{},,{},,unavailable,,,,,,,,,,generic,hailo10h_to_tensorrt,True,True,,,,,,,,,,False,screening,fail,fail,primary:coco_ap_50_95:point_estimate_below_non_inferiority_margin;guardrail:ap50:ap50:point_estimate_below_non_inferiority_margin;guardrail:ap75:ap75:point_estimate_below_non_inferiority_margin,"[""primary:coco_ap_50_95:point_estimate_below_non_inferiority_margin"",""guardrail:ap50:ap50:point_estimate_below_non_inferiority_margin"",""guardrail:ap75:ap75:point_estimate_below_non_inferiority_margin""]",explicit_hailo_trt_interface_contract,contract_fail_or_unavailable,contract_fail_or_unavailable,coco_ap_50_95,0.42494736107684083,0.4520187916528286,-0.027071430575987765,-0.027071430575987765,-0.027071430575987765,0.01,500,0,management_process_pool:onnx_splitpoint_tool.quality_metrics:detection_quality_evaluator,point_estimate_below_non_inferiority_margin,3.668606854043901,,,58bf34c5760ed51e4ff35faee4055891caf624b2722cb375df9d419863efa9c4,58bf34c5760ed51e4ff35faee4055891caf624b2722cb375df9d419863efa9c4,True,detection,detection,,500,500,pass,True,False,,[],,False,False,False,,False,contract_fail_or_unavailable,151.64556503295898,109.80553278173117,9.107009225006687,,,,,,,,,,,,293,23.966431437761397,41.72502704864124,2.7405088602705403,available
performance_observation,yolov7_paper,detection,development,b262,hailo10_to_tensorrt,orin_nx_hailo10_01,,[],,hailo10_to_trt,split,,{},,{},,unavailable,,,,,,,,,,generic,hailo10h_to_tensorrt,True,True,,,,,,,,,,False,screening,pass,pass,,[],explicit_hailo_trt_interface_contract,contract_fail_or_unavailable,contract_fail_or_unavailable,coco_ap_50_95,0.45934119960869496,0.4520187916528286,0.007322407955866361,0.0023752528304967963,0.013191810164503055,0.01,500,500,management_process_pool:onnx_splitpoint_tool.quality_metrics:detection_quality_evaluator,,124.38849585596472,,,58bf34c5760ed51e4ff35faee4055891caf624b2722cb375df9d419863efa9c4,58bf34c5760ed51e4ff35faee4055891caf624b2722cb375df9d419863efa9c4,True,detection,detection,,500,500,pass,True,False,,[],,True,False,False,,False,contract_fail_or_unavailable,120.55315971374512,90.21217734856612,11.084977986244056,,,,,,,,,,,,265,36.02218913298625,27.760667079621758,2.363282085904022,available
performance_observation,yolov7_paper,detection,development,b270,hailo10_to_tensorrt,orin_nx_hailo10_01,,[],,hailo10_to_trt,split,,{},,{},,unavailable,,,,,,,,,,generic,hailo10h_to_tensorrt,True,True,,,,,,,,,,False,screening,fail,fail,primary:coco_ap_50_95:point_estimate_below_non_inferiority_margin;guardrail:ap50:ap50:point_estimate_below_non_inferiority_margin;guardrail:ap75:ap75:point_estimate_below_non_inferiority_margin,"[""primary:coco_ap_50_95:point_estimate_below_non_inferiority_margin"",""guardrail:ap50:ap50:point_estimate_below_non_inferiority_margin"",""guardrail:ap75:ap75:point_estimate_below_non_inferiority_margin""]",explicit_hailo_trt_interface_contract,contract_fail_or_unavailable,contract_fail_or_unavailable,coco_ap_50_95,0.3823770014959673,0.4520187916528286,-0.06964179015686128,-0.06964179015686128,-0.06964179015686128,0.01,500,0,management_process_pool:onnx_splitpoint_tool.quality_metrics:detection_quality_evaluator,point_estimate_below_non_inferiority_margin,3.972275501000695,,,58bf34c5760ed51e4ff35faee4055891caf624b2722cb375df9d419863efa9c4,58bf34c5760ed51e4ff35faee4055891caf624b2722cb375df9d419863efa9c4,True,detection,detection,,500,500,pass,True,False,,[],,False,False,False,,False,contract_fail_or_unavailable,117.60401725769043,90.37421856318478,11.065102591187042,,,,,,,,,,,,280,36.48984250683673,27.404886710942645,2.528947493862988,available
performance_observation,yolov7_paper,detection,development,b306,hailo10_to_tensorrt,orin_nx_hailo10_01,,[],,hailo10_to_trt,split,,{},,{},,unavailable,,,,,,,,,,generic,hailo10h_to_tensorrt,True,True,,,,,,,,,,False,screening,fail,fail,primary:coco_ap_50_95:point_estimate_below_non_inferiority_margin,"[""primary:coco_ap_50_95:point_estimate_below_non_inferiority_margin""]",explicit_hailo_trt_interface_contract,contract_fail_or_unavailable,contract_fail_or_unavailable,coco_ap_50_95,0.4413691041401431,0.4520187916528286,-0.010649687512685524,-0.010649687512685524,-0.010649687512685524,0.01,500,0,management_process_pool:onnx_splitpoint_tool.quality_metrics:detection_quality_evaluator,point_estimate_below_non_inferiority_margin,4.571530958986841,,,58bf34c5760ed51e4ff35faee4055891caf624b2722cb375df9d419863efa9c4,58bf34c5760ed51e4ff35faee4055891caf624b2722cb375df9d419863efa9c4,True,detection,detection,,500,500,pass,True,False,,[],,False,False,False,,False,contract_fail_or_unavailable,87.9918098449707,70.65022443218723,14.154236706775617,,,,,,,,,,,,243,48.92188028444748,20.4407515448237,2.1790000000000003,available
performance_observation,yolov7_paper,detection,development,b307,hailo10_to_tensorrt,orin_nx_hailo10_01,,[],,hailo10_to_trt,split,,{},,{},,unavailable,,,,,,,,,,generic,hailo10h_to_tensorrt,True,True,,,,,,,,,,False,screening,fail,fail,primary:coco_ap_50_95:point_estimate_below_non_inferiority_margin;guardrail:ap50:ap50:point_estimate_below_non_inferiority_margin;guardrail:ap75:ap75:point_estimate_below_non_inferiority_margin,"[""primary:coco_ap_50_95:point_estimate_below_non_inferiority_margin"",""guardrail:ap50:ap50:point_estimate_below_non_inferiority_margin"",""guardrail:ap75:ap75:point_estimate_below_non_inferiority_margin""]",explicit_hailo_trt_interface_contract,contract_fail_or_unavailable,contract_fail_or_unavailable,coco_ap_50_95,0.23960393527904061,0.4520187916528286,-0.21241485637378799,-0.21241485637378799,-0.21241485637378799,0.01,500,0,management_process_pool:onnx_splitpoint_tool.quality_metrics:detection_quality_evaluator,point_estimate_below_non_inferiority_margin,6.253335236920975,,,58bf34c5760ed51e4ff35faee4055891caf624b2722cb375df9d419863efa9c4,58bf34c5760ed51e4ff35faee4055891caf624b2722cb375df9d419863efa9c4,True,detection,detection,,500,500,pass,True,False,,[],,False,False,False,,False,contract_fail_or_unavailable,88.03563117980957,70.6467386537596,14.154935090507298,,,,,,,,,,,,244,48.92188028444748,20.4407515448237,2.1790000000000003,available
performance_observation,yolov7_paper,detection,development,full,hailo8,orin_nx_hailo8_01,,[],,hailo8,full,hailo_hef_sha256:2e860dc38a585f0890a1040ca033c595e3c23e281083039f6ec93621317f7c88,{},,{},,unavailable,,,,,,,,,,generic,hailo8,True,True,,,,,,,,,,False,screening,fail,fail,primary:coco_ap_50_95:point_estimate_below_non_inferiority_margin;guardrail:ap75:ap75:point_estimate_below_non_inferiority_margin,"[""primary:coco_ap_50_95:point_estimate_below_non_inferiority_margin"",""guardrail:ap75:ap75:point_estimate_below_non_inferiority_margin""]",raw_head_host_tail_missing,contract_fail_or_unavailable,contract_fail_or_unavailable,coco_ap_50_95,0.4147833804028238,0.4520187916528286,-0.03723541125000479,-0.03723541125000479,-0.03723541125000479,0.01,500,0,management_process_pool:onnx_splitpoint_tool.quality_metrics:detection_quality_evaluator,point_estimate_below_non_inferiority_margin,3.8077679499983788,,,58bf34c5760ed51e4ff35faee4055891caf624b2722cb375df9d419863efa9c4,58bf34c5760ed51e4ff35faee4055891caf624b2722cb375df9d419863efa9c4,True,detection,detection,,500,500,pass,True,False,,[],,False,False,False,,False,contract_fail_or_unavailable,62.752389907836914,62.752389907836914,15.935648052108908,,,,,,,,,,,,,,,,available
performance_observation,yolov7_paper,detection,development,b001,hailo8_to_tensorrt,orin_nx_hailo8_01,,[],,hailo8_to_trt,split,,{},,{},,unavailable,,,,,,,,,,generic,hailo8_to_tensorrt,True,True,,,,,,,,,,False,screening,fail,fail,primary:coco_ap_50_95:point_estimate_below_non_inferiority_margin;guardrail:ap50:ap50:point_estimate_below_non_inferiority_margin;guardrail:ap75:ap75:point_estimate_below_non_inferiority_margin,"[""primary:coco_ap_50_95:point_estimate_below_non_inferiority_margin"",""guardrail:ap50:ap50:point_estimate_below_non_inferiority_margin"",""guardrail:ap75:ap75:point_estimate_below_non_inferiority_margin""]",explicit_hailo_trt_interface_contract,contract_fail_or_unavailable,contract_fail_or_unavailable,coco_ap_50_95,0.09912039145089613,0.4520187916528286,-0.35289840020193247,-0.35289840020193247,-0.35289840020193247,0.01,500,0,management_process_pool:onnx_splitpoint_tool.quality_metrics:detection_quality_evaluator,point_estimate_below_non_inferiority_margin,3.028684691991657,,,58bf34c5760ed51e4ff35faee4055891caf624b2722cb375df9d419863efa9c4,58bf34c5760ed51e4ff35faee4055891caf624b2722cb375df9d419863efa9c4,True,detection,detection,,500,500,pass,True,False,,[],,False,False,False,,False,contract_fail_or_unavailable,340.8487319946289,338.78787454556334,2.95169950028867,,,,,,,,,,,,307,59.95308487620061,16.679708843422116,21.376029681922258,available
performance_observation,yolov7_paper,detection,development,b002,hailo8_to_tensorrt,orin_nx_hailo8_01,,[],,hailo8_to_trt,split,,{},,{},,unavailable,,,,,,,,,,generic,hailo8_to_tensorrt,True,True,,,,,,,,,,False,screening,pass,pass,,[],explicit_hailo_trt_interface_contract,contract_fail_or_unavailable,contract_fail_or_unavailable,coco_ap_50_95,0.4587314063775363,0.4520187916528286,0.006712614724707688,0.0024090168350983546,0.011122337159582017,0.01,500,500,management_process_pool:onnx_splitpoint_tool.quality_metrics:detection_quality_evaluator,,127.12299523397814,,,58bf34c5760ed51e4ff35faee4055891caf624b2722cb375df9d419863efa9c4,58bf34c5760ed51e4ff35faee4055891caf624b2722cb375df9d419863efa9c4,True,detection,detection,,500,500,pass,True,False,,[],,True,False,False,,False,contract_fail_or_unavailable,35.6778621673584,32.78988186502829,30.49721264981255,,,,,,,,,,,,303,53.17994957453266,18.804079507418148,8.492883395091992,available
performance_observation,yolov7_paper,detection,development,b044,hailo8_to_tensorrt,orin_nx_hailo8_01,,[],,hailo8_to_trt,split,,{},,{},,unavailable,,,,,,,,,,generic,hailo8_to_tensorrt,True,True,,,,,,,,,,False,screening,pass,pass,,[],explicit_hailo_trt_interface_contract,contract_fail_or_unavailable,contract_fail_or_unavailable,coco_ap_50_95,0.45956771792687184,0.4520187916528286,0.007548926274043244,0.003577840706221379,0.012367651551625352,0.01,500,500,management_process_pool:onnx_splitpoint_tool.quality_metrics:detection_quality_evaluator,,126.27757145604119,,,58bf34c5760ed51e4ff35faee4055891caf624b2722cb375df9d419863efa9c4,58bf34c5760ed51e4ff35faee4055891caf624b2722cb375df9d419863efa9c4,True,detection,detection,,500,500,pass,True,False,,[],,True,False,False,,False,contract_fail_or_unavailable,19.47650909423828,18.489209315951236,54.08560111530934,,,,,,,,,,,,1,7.520637690937109,132.96744785419853,-0.13784181518375938,available
performance_observation,yolov7_paper,detection,development,b049,hailo8_to_tensorrt,orin_nx_hailo8_01,,[],,hailo8_to_trt,split,,{},,{},,unavailable,,,,,,,,,,generic,hailo8_to_tensorrt,True,True,,,,,,,,,,False,screening,fail,fail,primary:coco_ap_50_95:point_estimate_below_non_inferiority_margin;guardrail:ap50:ap50:point_estimate_below_non_inferiority_margin;guardrail:ap75:ap75:point_estimate_below_non_inferiority_margin,"[""primary:coco_ap_50_95:point_estimate_below_non_inferiority_margin"",""guardrail:ap50:ap50:point_estimate_below_non_inferiority_margin"",""guardrail:ap75:ap75:point_estimate_below_non_inferiority_margin""]",explicit_hailo_trt_interface_contract,contract_fail_or_unavailable,contract_fail_or_unavailable,coco_ap_50_95,0.4268020798423614,0.4520187916528286,-0.025216711810467196,-0.025216711810467196,-0.025216711810467196,0.01,500,0,management_process_pool:onnx_splitpoint_tool.quality_metrics:detection_quality_evaluator,point_estimate_below_non_inferiority_margin,3.9439953620312735,,,58bf34c5760ed51e4ff35faee4055891caf624b2722cb375df9d419863efa9c4,58bf34c5760ed51e4ff35faee4055891caf624b2722cb375df9d419863efa9c4,True,detection,detection,,500,500,pass,True,False,,[],,False,False,False,,False,contract_fail_or_unavailable,34.925127029418945,30.72758663488044,32.54404623058973,,,,,,,,,,,,25,7.9683863802955655,125.49592254622921,0.27936909258355547,available
performance_observation,yolov7_paper,detection,development,b065,hailo8_to_tensorrt,orin_nx_hailo8_01,,[],,hailo8_to_trt,split,,{},,{},,unavailable,,,,,,,,,,generic,hailo8_to_tensorrt,True,True,,,,,,,,,,False,screening,fail,fail,primary:coco_ap_50_95:point_estimate_below_non_inferiority_margin;guardrail:ap50:ap50:point_estimate_below_non_inferiority_margin;guardrail:ap75:ap75:point_estimate_below_non_inferiority_margin,"[""primary:coco_ap_50_95:point_estimate_below_non_inferiority_margin"",""guardrail:ap50:ap50:point_estimate_below_non_inferiority_margin"",""guardrail:ap75:ap75:point_estimate_below_non_inferiority_margin""]",explicit_hailo_trt_interface_contract,contract_fail_or_unavailable,contract_fail_or_unavailable,coco_ap_50_95,0.0,0.4520187916528286,-0.4520187916528286,-0.4520187916528286,-0.4520187916528286,0.01,500,0,management_process_pool:onnx_splitpoint_tool.quality_metrics:detection_quality_evaluator,point_estimate_below_non_inferiority_margin,2.702466791961342,,,58bf34c5760ed51e4ff35faee4055891caf624b2722cb375df9d419863efa9c4,58bf34c5760ed51e4ff35faee4055891caf624b2722cb375df9d419863efa9c4,True,detection,detection,,500,500,pass,True,False,,[],,False,False,False,,False,contract_fail_or_unavailable,84.64775085449219,61.57513913719661,16.240320590618285,,,,,,,,,,,,249,9.626015446271499,103.88514391874739,2.214804263110367,available
performance_observation,yolov7_paper,detection,development,b088,hailo8_to_tensorrt,orin_nx_hailo8_01,,[],,hailo8_to_trt,split,,{},,{},,unavailable,,,,,,,,,,generic,hailo8_to_tensorrt,True,True,,,,,,,,,,False,screening,fail,fail,primary:coco_ap_50_95:point_estimate_below_non_inferiority_margin;guardrail:ap50:ap50:point_estimate_below_non_inferiority_margin;guardrail:ap75:ap75:point_estimate_below_non_inferiority_margin,"[""primary:coco_ap_50_95:point_estimate_below_non_inferiority_margin"",""guardrail:ap50:ap50:point_estimate_below_non_inferiority_margin"",""guardrail:ap75:ap75:point_estimate_below_non_inferiority_margin""]",explicit_hailo_trt_interface_contract,contract_fail_or_unavailable,contract_fail_or_unavailable,coco_ap_50_95,0.3297681702077757,0.4520187916528286,-0.12225062144505289,-0.12225062144505289,-0.12225062144505289,0.01,500,0,management_process_pool:onnx_splitpoint_tool.quality_metrics:detection_quality_evaluator,point_estimate_below_non_inferiority_margin,3.6308911530068144,,,58bf34c5760ed51e4ff35faee4055891caf624b2722cb375df9d419863efa9c4,58bf34c5760ed51e4ff35faee4055891caf624b2722cb375df9d419863efa9c4,True,detection,detection,,500,500,pass,True,False,,[],,False,False,False,,False,contract_fail_or_unavailable,31.986427307128906,29.760678589809686,33.601384356283084,,,,,,,,,,,,58,6.248160139461068,160.04711429919504,0.6016186979203243,available
performance_observation,yolov7_paper,detection,development,b092,hailo8_to_tensorrt,orin_nx_hailo8_01,,[],,hailo8_to_trt,split,,{},,{},,unavailable,,,,,,,,,,generic,hailo8_to_tensorrt,True,True,,,,,,,,,,False,screening,pass,pass,,[],explicit_hailo_trt_interface_contract,contract_fail_or_unavailable,contract_fail_or_unavailable,coco_ap_50_95,0.45661532382130393,0.4520187916528286,0.004596532168475331,-0.00025653685055229073,0.00904207684815582,0.01,500,500,management_process_pool:onnx_splitpoint_tool.quality_metrics:detection_quality_evaluator,,125.7600353830494,,,58bf34c5760ed51e4ff35faee4055891caf624b2722cb375df9d419863efa9c4,58bf34c5760ed51e4ff35faee4055891caf624b2722cb375df9d419863efa9c4,True,detection,detection,,500,500,pass,True,False,,[],,True,False,False,,False,contract_fail_or_unavailable,29.62212562561035,27.291108589534733,36.641970652063144,,,,,,,,,,,,38,5.799828860244802,172.41888064224563,0.4378442538903798,available
performance_observation,yolov7_paper,detection,development,b114,hailo8_to_tensorrt,orin_nx_hailo8_01,,[],,hailo8_to_trt,split,,{},,{},,unavailable,,,,,,,,,,generic,hailo8_to_tensorrt,True,True,,,,,,,,,,False,screening,fail,fail,primary:coco_ap_50_95:point_estimate_below_non_inferiority_margin;guardrail:ap50:ap50:point_estimate_below_non_inferiority_margin,"[""primary:coco_ap_50_95:point_estimate_below_non_inferiority_margin"",""guardrail:ap50:ap50:point_estimate_below_non_inferiority_margin""]",explicit_hailo_trt_interface_contract,contract_fail_or_unavailable,contract_fail_or_unavailable,coco_ap_50_95,0.4409272954786787,0.4520187916528286,-0.011091496174149895,-0.011091496174149895,-0.011091496174149895,0.01,500,0,management_process_pool:onnx_splitpoint_tool.quality_metrics:detection_quality_evaluator,point_estimate_below_non_inferiority_margin,4.095973305986263,,,58bf34c5760ed51e4ff35faee4055891caf624b2722cb375df9d419863efa9c4,58bf34c5760ed51e4ff35faee4055891caf624b2722cb375df9d419863efa9c4,True,detection,detection,,500,500,pass,True,False,,[],,False,False,False,,False,contract_fail_or_unavailable,28.155088424682617,26.951977459248155,37.103028952588616,,,,,,,,,,,,89,6.811648103891737,146.8073489334636,0.7182121028938664,available
performance_observation,yolov7_paper,detection,development,b134,hailo8_to_tensorrt,orin_nx_hailo8_01,,[],,hailo8_to_trt,split,,{},,{},,unavailable,,,,,,,,,,generic,hailo8_to_tensorrt,True,True,,,,,,,,,,False,screening,pass,pass,,[],explicit_hailo_trt_interface_contract,contract_fail_or_unavailable,contract_fail_or_unavailable,coco_ap_50_95,0.45776005489382854,0.4520187916528286,0.005741263240999939,0.00025362591825436686,0.010969573132603102,0.01,500,500,management_process_pool:onnx_splitpoint_tool.quality_metrics:detection_quality_evaluator,,125.0138047549408,,,58bf34c5760ed51e4ff35faee4055891caf624b2722cb375df9d419863efa9c4,58bf34c5760ed51e4ff35faee4055891caf624b2722cb375df9d419863efa9c4,True,detection,detection,,500,500,pass,True,False,,[],,True,False,False,,False,contract_fail_or_unavailable,28.613662719726562,27.628692681901157,36.194256873220574,,,,,,,,,,,,135,6.89380477142582,145.05777769409818,0.9436513801263406,available
performance_observation,yolov7_paper,detection,development,b155,hailo8_to_tensorrt,orin_nx_hailo8_01,,[],,hailo8_to_trt,split,,{},,{},,unavailable,,,,,,,,,,generic,hailo8_to_tensorrt,True,True,,,,,,,,,,False,screening,pass,pass,,[],explicit_hailo_trt_interface_contract,contract_fail_or_unavailable,contract_fail_or_unavailable,coco_ap_50_95,0.4591742136663214,0.4520187916528286,0.007155422013492785,0.0019197340055277048,0.01196721297519531,0.01,500,500,management_process_pool:onnx_splitpoint_tool.quality_metrics:detection_quality_evaluator,,125.7865262820851,,,58bf34c5760ed51e4ff35faee4055891caf624b2722cb375df9d419863efa9c4,58bf34c5760ed51e4ff35faee4055891caf624b2722cb375df9d419863efa9c4,True,detection,detection,,500,500,pass,True,False,,[],,True,False,False,,False,contract_fail_or_unavailable,34.162330627441406,32.379851771772586,30.883402649537718,,,,,,,,,,,,86,7.355628200665632,135.95031895569534,0.7145201084166644,available
performance_observation,yolov7_paper,detection,development,b165,hailo8_to_tensorrt,orin_nx_hailo8_01,,[],,hailo8_to_trt,split,,{},,{},,unavailable,,,,,,,,,,generic,hailo8_to_tensorrt,True,True,,,,,,,,,,False,screening,pass,pass,,[],explicit_hailo_trt_interface_contract,contract_fail_or_unavailable,contract_fail_or_unavailable,coco_ap_50_95,0.4596249747562157,0.4520187916528286,0.007606183103387121,0.002436218386645498,0.012832842349197975,0.01,500,500,management_process_pool:onnx_splitpoint_tool.quality_metrics:detection_quality_evaluator,,124.56027948204428,,,58bf34c5760ed51e4ff35faee4055891caf624b2722cb375df9d419863efa9c4,58bf34c5760ed51e4ff35faee4055891caf624b2722cb375df9d419863efa9c4,True,detection,detection,,500,500,pass,True,False,,[],,True,False,False,,False,contract_fail_or_unavailable,30.2915096282959,28.822951770218257,34.69457285194728,,,,,,,,,,,,101,7.522258355279364,132.93880012751325,0.7724601470911209,available
performance_observation,yolov7_paper,detection,development,b186,hailo8_to_tensorrt,orin_nx_hailo8_01,,[],,hailo8_to_trt,split,,{},,{},,unavailable,,,,,,,,,,generic,hailo8_to_tensorrt,True,True,,,,,,,,,,False,screening,inconclusive,inconclusive,,[],explicit_hailo_trt_interface_contract,contract_fail_or_unavailable,contract_fail_or_unavailable,coco_ap_50_95,0.45198745152235287,0.4520187916528286,-3.134013047573214e-05,-0.006666955409836149,0.0060867604611625535,0.01,500,500,management_process_pool:onnx_splitpoint_tool.quality_metrics:detection_quality_evaluator,,125.20735453406814,,,58bf34c5760ed51e4ff35faee4055891caf624b2722cb375df9d419863efa9c4,58bf34c5760ed51e4ff35faee4055891caf624b2722cb375df9d419863efa9c4,True,detection,detection,,500,500,pass,True,False,,[],,False,False,False,,False,contract_fail_or_unavailable,38.347673416137695,36.084552681793205,27.7126893831376,,,,,,,,,,,,206,9.406133065514092,106.31361400428423,1.8331855975495257,available
performance_observation,yolov7_paper,detection,development,b189,hailo8_to_tensorrt,orin_nx_hailo8_01,,[],,hailo8_to_trt,split,,{},,{},,unavailable,,,,,,,,,,generic,hailo8_to_tensorrt,True,True,,,,,,,,,,False,screening,pass,pass,,[],explicit_hailo_trt_interface_contract,contract_fail_or_unavailable,contract_fail_or_unavailable,coco_ap_50_95,0.45885675363560746,0.4520187916528286,0.006837961982778862,0.0014769441309135363,0.011408484432176694,0.01,500,500,management_process_pool:onnx_splitpoint_tool.quality_metrics:detection_quality_evaluator,,124.77522399299778,,,58bf34c5760ed51e4ff35faee4055891caf624b2722cb375df9d419863efa9c4,58bf34c5760ed51e4ff35faee4055891caf624b2722cb375df9d419863efa9c4,True,detection,detection,,500,500,pass,True,False,,[],,True,False,False,,False,contract_fail_or_unavailable,31.166553497314453,28.17923340692439,35.48712576951342,,,,,,,,,,,,105,9.70444317104506,103.04558256198342,0.7799857210314258,available
performance_observation,yolov7_paper,detection,development,b222,hailo8_to_tensorrt,orin_nx_hailo8_01,,[],,hailo8_to_trt,split,,{},,{},,unavailable,,,,,,,,,,generic,hailo8_to_tensorrt,True,True,,,,,,,,,,False,screening,pass,pass,,[],explicit_hailo_trt_interface_contract,contract_fail_or_unavailable,contract_fail_or_unavailable,coco_ap_50_95,0.457985521055675,0.4520187916528286,0.005966729402846427,0.0005418115872028304,0.011871474366259401,0.01,500,500,management_process_pool:onnx_splitpoint_tool.quality_metrics:detection_quality_evaluator,,124.83986682607792,,,58bf34c5760ed51e4ff35faee4055891caf624b2722cb375df9d419863efa9c4,58bf34c5760ed51e4ff35faee4055891caf624b2722cb375df9d419863efa9c4,True,detection,detection,,500,500,pass,True,False,,[],,True,False,False,,False,contract_fail_or_unavailable,62.91961669921875,57.57739567938684,17.36792691299179,,,,,,,,,,,,271,23.628554785904644,42.32167430724706,2.4308325643094415,available
performance_observation,yolov7_paper,detection,development,b228,hailo8_to_tensorrt,orin_nx_hailo8_01,,[],,hailo8_to_trt,split,,{},,{},,unavailable,,,,,,,,,,generic,hailo8_to_tensorrt,True,True,,,,,,,,,,False,screening,fail,fail,primary:coco_ap_50_95:point_estimate_below_non_inferiority_margin;guardrail:ap50:ap50:point_estimate_below_non_inferiority_margin;guardrail:ap75:ap75:point_estimate_below_non_inferiority_margin,"[""primary:coco_ap_50_95:point_estimate_below_non_inferiority_margin"",""guardrail:ap50:ap50:point_estimate_below_non_inferiority_margin"",""guardrail:ap75:ap75:point_estimate_below_non_inferiority_margin""]",explicit_hailo_trt_interface_contract,contract_fail_or_unavailable,contract_fail_or_unavailable,coco_ap_50_95,0.4247915140520043,0.4520187916528286,-0.027227277600824273,-0.027227277600824273,-0.027227277600824273,0.01,500,0,management_process_pool:onnx_splitpoint_tool.quality_metrics:detection_quality_evaluator,point_estimate_below_non_inferiority_margin,3.7963890730170533,,,58bf34c5760ed51e4ff35faee4055891caf624b2722cb375df9d419863efa9c4,58bf34c5760ed51e4ff35faee4055891caf624b2722cb375df9d419863efa9c4,True,detection,detection,,500,500,pass,True,False,,[],,False,False,False,,False,contract_fail_or_unavailable,63.32135200500488,51.46873635980724,19.42927048002904,,,,,,,,,,,,293,23.966431437761397,41.72502704864124,2.7405088602705403,available
performance_observation,yolov7_paper,detection,development,b262,hailo8_to_tensorrt,orin_nx_hailo8_01,,[],,hailo8_to_trt,split,,{},,{},,unavailable,,,,,,,,,,generic,hailo8_to_tensorrt,True,True,,,,,,,,,,False,screening,pass,pass,,[],explicit_hailo_trt_interface_contract,contract_fail_or_unavailable,contract_fail_or_unavailable,coco_ap_50_95,0.46009992551275225,0.4520187916528286,0.00808113385992365,0.0022957360823552464,0.013484806169751732,0.01,500,500,management_process_pool:onnx_splitpoint_tool.quality_metrics:detection_quality_evaluator,,125.26267231092788,,,58bf34c5760ed51e4ff35faee4055891caf624b2722cb375df9d419863efa9c4,58bf34c5760ed51e4ff35faee4055891caf624b2722cb375df9d419863efa9c4,True,detection,detection,,500,500,pass,True,False,,[],,True,False,False,,False,contract_fail_or_unavailable,51.88121795654297,48.43757450263101,20.64512953566002,,,,,,,,,,,,265,36.02218913298625,27.760667079621758,2.363282085904022,available
performance_observation,yolov7_paper,detection,development,b270,hailo8_to_tensorrt,orin_nx_hailo8_01,,[],,hailo8_to_trt,split,,{},,{},,unavailable,,,,,,,,,,generic,hailo8_to_tensorrt,True,True,,,,,,,,,,False,screening,fail,fail,primary:coco_ap_50_95:point_estimate_below_non_inferiority_margin;guardrail:ap50:ap50:point_estimate_below_non_inferiority_margin;guardrail:ap75:ap75:point_estimate_below_non_inferiority_margin,"[""primary:coco_ap_50_95:point_estimate_below_non_inferiority_margin"",""guardrail:ap50:ap50:point_estimate_below_non_inferiority_margin"",""guardrail:ap75:ap75:point_estimate_below_non_inferiority_margin""]",explicit_hailo_trt_interface_contract,contract_fail_or_unavailable,contract_fail_or_unavailable,coco_ap_50_95,0.3810732876351287,0.4520187916528286,-0.07094550401769989,-0.07094550401769989,-0.07094550401769989,0.01,500,0,management_process_pool:onnx_splitpoint_tool.quality_metrics:detection_quality_evaluator,point_estimate_below_non_inferiority_margin,4.228217185009271,,,58bf34c5760ed51e4ff35faee4055891caf624b2722cb375df9d419863efa9c4,58bf34c5760ed51e4ff35faee4055891caf624b2722cb375df9d419863efa9c4,True,detection,detection,,500,500,pass,True,False,,[],,False,False,False,,False,contract_fail_or_unavailable,50.13232231140137,45.05545968211002,22.194868436711694,,,,,,,,,,,,280,36.48984250683673,27.404886710942645,2.528947493862988,available
performance_observation,yolov7_paper,detection,development,b307,hailo8_to_tensorrt,orin_nx_hailo8_01,,[],,hailo8_to_trt,split,,{},,{},,unavailable,,,,,,,,,,generic,hailo8_to_tensorrt,True,True,,,,,,,,,,False,screening,fail,fail,primary:coco_ap_50_95:point_estimate_below_non_inferiority_margin;guardrail:ap50:ap50:point_estimate_below_non_inferiority_margin;guardrail:ap75:ap75:point_estimate_below_non_inferiority_margin,"[""primary:coco_ap_50_95:point_estimate_below_non_inferiority_margin"",""guardrail:ap50:ap50:point_estimate_below_non_inferiority_margin"",""guardrail:ap75:ap75:point_estimate_below_non_inferiority_margin""]",explicit_hailo_trt_interface_contract,contract_fail_or_unavailable,contract_fail_or_unavailable,coco_ap_50_95,0.24805540501003903,0.4520187916528286,-0.20396338664278957,-0.20396338664278957,-0.20396338664278957,0.01,500,0,management_process_pool:onnx_splitpoint_tool.quality_metrics:detection_quality_evaluator,point_estimate_below_non_inferiority_margin,6.002771716099232,,,58bf34c5760ed51e4ff35faee4055891caf624b2722cb375df9d419863efa9c4,58bf34c5760ed51e4ff35faee4055891caf624b2722cb375df9d419863efa9c4,True,detection,detection,,500,500,pass,True,False,,[],,False,False,False,,False,contract_fail_or_unavailable,41.21088981628418,37.94469327179038,26.354146358153343,,,,,,,,,,,,244,48.92188028444748,20.4407515448237,2.1790000000000003,available
performance_observation,yolov7_paper,detection,development,b001,tensorrt,orin_nx_deepx_m1_01,,[],,ort_tensorrt,split,,{},,{},,unavailable,,,,,,,,,,generic,tensorrt_to_tensorrt,True,True,,,,,,,,,,False,screening,pass,pass,,[],explicit_structural_contract_field,contract_fail_or_unavailable,contract_fail_or_unavailable,coco_ap_50_95,0.4605183051227787,0.4520187916528286,0.008499513469950093,0.006040873033723684,0.012846245990248471,0.01,500,500,management_process_pool:onnx_splitpoint_tool.quality_metrics:detection_quality_evaluator,,125.21122796693817,,,58bf34c5760ed51e4ff35faee4055891caf624b2722cb375df9d419863efa9c4,58bf34c5760ed51e4ff35faee4055891caf624b2722cb375df9d419863efa9c4,True,detection,detection,,500,500,pass,True,False,,[],,True,False,False,,False,contract_fail_or_unavailable,99.86929893493652,48.38242530822754,20.668662094331758,,,,,,,,,,,,307,59.95308487620061,16.679708843422116,21.376029681922258,available
performance_observation,yolov7_paper,detection,development,b002,tensorrt,orin_nx_deepx_m1_01,,[],,ort_tensorrt,split,,{},,{},,unavailable,,,,,,,,,,generic,tensorrt_to_tensorrt,True,True,,,,,,,,,,False,screening,pass,pass,,[],explicit_structural_contract_field,contract_fail_or_unavailable,contract_fail_or_unavailable,coco_ap_50_95,0.46118156813961075,0.4520187916528286,0.009162776486782154,0.006580631804296733,0.013581146061114253,0.01,500,500,management_process_pool:onnx_splitpoint_tool.quality_metrics:detection_quality_evaluator,,127.82710468000732,,,58bf34c5760ed51e4ff35faee4055891caf624b2722cb375df9d419863efa9c4,58bf34c5760ed51e4ff35faee4055891caf624b2722cb375df9d419863efa9c4,True,detection,detection,,500,500,pass,True,False,,[],,True,False,False,,False,contract_fail_or_unavailable,63.34090232849121,36.994171142578125,27.03128544618367,,,,,,,,,,,,303,53.17994957453266,18.804079507418148,8.492883395091992,available
performance_observation,yolov7_paper,detection,development,b013,tensorrt,orin_nx_deepx_m1_01,,[],,ort_tensorrt,split,,{},,{},,unavailable,,,,,,,,,,generic,tensorrt_to_tensorrt,True,True,,,,,,,,,,False,screening,pass,pass,,[],explicit_structural_contract_field,contract_fail_or_unavailable,contract_fail_or_unavailable,coco_ap_50_95,0.4611325281291352,0.4520187916528286,0.009113736476306589,0.00653182456579246,0.013314939987709358,0.01,500,500,management_process_pool:onnx_splitpoint_tool.quality_metrics:detection_quality_evaluator,,126.12120620103087,,,58bf34c5760ed51e4ff35faee4055891caf624b2722cb375df9d419863efa9c4,58bf34c5760ed51e4ff35faee4055891caf624b2722cb375df9d419863efa9c4,True,detection,detection,,500,500,pass,True,False,,[],,True,False,False,,False,contract_fail_or_unavailable,37.02397346496582,24.295616149902344,41.15968880270688,,,,,,,,,,,,40,24.7772786318513,40.35955743398291,0.4530198549685827,available
performance_observation,yolov7_paper,detection,development,b044,tensorrt,orin_nx_deepx_m1_01,,[],,ort_tensorrt,split,,{},,{},,unavailable,,,,,,,,,,generic,tensorrt_to_tensorrt,True,True,,,,,,,,,,False,screening,pass,pass,,[],explicit_structural_contract_field,contract_fail_or_unavailable,contract_fail_or_unavailable,coco_ap_50_95,0.46127505310663575,0.4520187916528286,0.009256261453807146,0.0066167569430968555,0.013665378700161643,0.01,500,500,management_process_pool:onnx_splitpoint_tool.quality_metrics:detection_quality_evaluator,,125.6849843179807,,,58bf34c5760ed51e4ff35faee4055891caf624b2722cb375df9d419863efa9c4,58bf34c5760ed51e4ff35faee4055891caf624b2722cb375df9d419863efa9c4,True,detection,detection,,500,500,pass,True,False,,[],,True,False,False,,False,contract_fail_or_unavailable,52.982521057128906,26.6542911529541,37.51741114635381,,,,,,,,,,,,1,7.520637690937109,132.96744785419853,-0.13784181518375938,available
performance_observation,yolov7_paper,detection,development,b049,tensorrt,orin_nx_deepx_m1_01,,[],,ort_tensorrt,split,,{},,{},,unavailable,,,,,,,,,,generic,tensorrt_to_tensorrt,True,True,,,,,,,,,,False,screening,pass,pass,,[],explicit_structural_contract_field,contract_fail_or_unavailable,contract_fail_or_unavailable,coco_ap_50_95,0.4609584331089206,0.4520187916528286,0.008939641456091996,0.006307949530515264,0.013257185161333283,0.01,500,500,management_process_pool:onnx_splitpoint_tool.quality_metrics:detection_quality_evaluator,,125.44443580601364,,,58bf34c5760ed51e4ff35faee4055891caf624b2722cb375df9d419863efa9c4,58bf34c5760ed51e4ff35faee4055891caf624b2722cb375df9d419863efa9c4,True,detection,detection,,500,500,pass,True,False,,[],,True,False,False,,False,contract_fail_or_unavailable,34.4362735748291,19.643640518188477,50.907060688372816,,,,,,,,,,,,25,7.9683863802955655,125.49592254622921,0.27936909258355547,available
performance_observation,yolov7_paper,detection,development,b065,tensorrt,orin_nx_deepx_m1_01,,[],,ort_tensorrt,split,,{},,{},,unavailable,,,,,,,,,,generic,tensorrt_to_tensorrt,True,True,,,,,,,,,,False,screening,pass,pass,,[],explicit_structural_contract_field,contract_fail_or_unavailable,contract_fail_or_unavailable,coco_ap_50_95,0.4610004640391816,0.4520187916528286,0.008981672386353001,0.006392007287637809,0.013471280069298852,0.01,500,500,management_process_pool:onnx_splitpoint_tool.quality_metrics:detection_quality_evaluator,,124.81237891700584,,,58bf34c5760ed51e4ff35faee4055891caf624b2722cb375df9d419863efa9c4,58bf34c5760ed51e4ff35faee4055891caf624b2722cb375df9d419863efa9c4,True,detection,detection,,500,500,pass,True,False,,[],,True,False,False,,False,contract_fail_or_unavailable,56.18729591369629,26.947641372680664,37.108999120561,,,,,,,,,,,,249,9.626015446271499,103.88514391874739,2.214804263110367,available
performance_observation,yolov7_paper,detection,development,b088,tensorrt,orin_nx_deepx_m1_01,,[],,ort_tensorrt,split,,{},,{},,unavailable,,,,,,,,,,generic,tensorrt_to_tensorrt,True,True,,,,,,,,,,False,screening,pass,pass,,[],explicit_structural_contract_field,contract_fail_or_unavailable,contract_fail_or_unavailable,coco_ap_50_95,0.46102693984589294,0.4520187916528286,0.009008148193064336,0.006374171933569537,0.013376174882628064,0.01,500,500,management_process_pool:onnx_splitpoint_tool.quality_metrics:detection_quality_evaluator,,125.36351523606572,,,58bf34c5760ed51e4ff35faee4055891caf624b2722cb375df9d419863efa9c4,58bf34c5760ed51e4ff35faee4055891caf624b2722cb375df9d419863efa9c4,True,detection,detection,,500,500,pass,True,False,,[],,True,False,False,,False,contract_fail_or_unavailable,35.77933311462402,17.0687198638916,58.58670175468003,,,,,,,,,,,,58,6.248160139461068,160.04711429919504,0.6016186979203243,available
performance_observation,yolov7_paper,detection,development,b092,tensorrt,orin_nx_deepx_m1_01,,[],,ort_tensorrt,split,,{},,{},,unavailable,,,,,,,,,,generic,tensorrt_to_tensorrt,True,True,,,,,,,,,,False,screening,pass,pass,,[],explicit_structural_contract_field,contract_fail_or_unavailable,contract_fail_or_unavailable,coco_ap_50_95,0.4611445196133365,0.4520187916528286,0.009125727960507923,0.006549037334011397,0.013548117676737118,0.01,500,500,management_process_pool:onnx_splitpoint_tool.quality_metrics:detection_quality_evaluator,,126.1385378818959,,,58bf34c5760ed51e4ff35faee4055891caf624b2722cb375df9d419863efa9c4,58bf34c5760ed51e4ff35faee4055891caf624b2722cb375df9d419863efa9c4,True,detection,detection,,500,500,pass,True,False,,[],,True,False,False,,False,contract_fail_or_unavailable,34.25555229187012,16.83664321899414,59.394262086153674,,,,,,,,,,,,38,5.799828860244802,172.41888064224563,0.4378442538903798,available
performance_observation,yolov7_paper,detection,development,b114,tensorrt,orin_nx_deepx_m1_01,,[],,ort_tensorrt,split,,{},,{},,unavailable,,,,,,,,,,generic,tensorrt_to_tensorrt,True,True,,,,,,,,,,False,screening,pass,pass,,[],explicit_structural_contract_field,contract_fail_or_unavailable,contract_fail_or_unavailable,coco_ap_50_95,0.46111439598088,0.4520187916528286,0.009095604328051399,0.006392223433503716,0.013436977786413676,0.01,500,500,management_process_pool:onnx_splitpoint_tool.quality_metrics:detection_quality_evaluator,,126.90703433693852,,,58bf34c5760ed51e4ff35faee4055891caf624b2722cb375df9d419863efa9c4,58bf34c5760ed51e4ff35faee4055891caf624b2722cb375df9d419863efa9c4,True,detection,detection,,500,500,pass,True,False,,[],,True,False,False,,False,contract_fail_or_unavailable,30.47189712524414,16.827917098999023,59.42506099340619,,,,,,,,,,,,89,6.811648103891737,146.8073489334636,0.7182121028938664,available
performance_observation,yolov7_paper,detection,development,b134,tensorrt,orin_nx_deepx_m1_01,,[],,ort_tensorrt,split,,{},,{},,unavailable,,,,,,,,,,generic,tensorrt_to_tensorrt,True,True,,,,,,,,,,False,screening,pass,pass,,[],explicit_structural_contract_field,contract_fail_or_unavailable,contract_fail_or_unavailable,coco_ap_50_95,0.46111985262916744,0.4520187916528286,0.009101060976338837,0.006522186299224847,0.013377773210108794,0.01,500,500,management_process_pool:onnx_splitpoint_tool.quality_metrics:detection_quality_evaluator,,125.437526510912,,,58bf34c5760ed51e4ff35faee4055891caf624b2722cb375df9d419863efa9c4,58bf34c5760ed51e4ff35faee4055891caf624b2722cb375df9d419863efa9c4,True,detection,detection,,500,500,pass,True,False,,[],,True,False,False,,False,contract_fail_or_unavailable,32.509756088256836,19.190406799316406,52.10936956456919,,,,,,,,,,,,135,6.89380477142582,145.05777769409818,0.9436513801263406,available
performance_observation,yolov7_paper,detection,development,b155,tensorrt,orin_nx_deepx_m1_01,,[],,ort_tensorrt,split,,{},,{},,unavailable,,,,,,,,,,generic,tensorrt_to_tensorrt,True,True,,,,,,,,,,False,screening,pass,pass,,[],explicit_structural_contract_field,contract_fail_or_unavailable,contract_fail_or_unavailable,coco_ap_50_95,0.4610787257596408,0.4520187916528286,0.009059934106812217,0.006507175860802389,0.013464500154575705,0.01,500,500,management_process_pool:onnx_splitpoint_tool.quality_metrics:detection_quality_evaluator,,125.56101951689925,,,58bf34c5760ed51e4ff35faee4055891caf624b2722cb375df9d419863efa9c4,58bf34c5760ed51e4ff35faee4055891caf624b2722cb375df9d419863efa9c4,True,detection,detection,,500,500,pass,True,False,,[],,True,False,False,,False,contract_fail_or_unavailable,31.199312210083008,18.07260513305664,55.332365900635864,,,,,,,,,,,,86,7.355628200665632,135.95031895569534,0.7145201084166644,available
performance_observation,yolov7_paper,detection,development,b165,tensorrt,orin_nx_deepx_m1_01,,[],,ort_tensorrt,split,,{},,{},,unavailable,,,,,,,,,,generic,tensorrt_to_tensorrt,True,True,,,,,,,,,,False,screening,pass,pass,,[],explicit_structural_contract_field,contract_fail_or_unavailable,contract_fail_or_unavailable,coco_ap_50_95,0.46088890280436257,0.4520187916528286,0.008870111151533966,0.006226680090040063,0.013165111027593273,0.01,500,500,management_process_pool:onnx_splitpoint_tool.quality_metrics:detection_quality_evaluator,,126.44398166798055,,,58bf34c5760ed51e4ff35faee4055891caf624b2722cb375df9d419863efa9c4,58bf34c5760ed51e4ff35faee4055891caf624b2722cb375df9d419863efa9c4,True,detection,detection,,500,500,pass,True,False,,[],,True,False,False,,False,contract_fail_or_unavailable,31.783056259155273,19.453954696655273,51.40343007850894,,,,,,,,,,,,101,7.522258355279364,132.93880012751325,0.7724601470911209,available
performance_observation,yolov7_paper,detection,development,b186,tensorrt,orin_nx_deepx_m1_01,,[],,ort_tensorrt,split,,{},,{},,unavailable,,,,,,,,,,generic,tensorrt_to_tensorrt,True,True,,,,,,,,,,False,screening,pass,pass,,[],explicit_structural_contract_field,contract_fail_or_unavailable,contract_fail_or_unavailable,coco_ap_50_95,0.46079437706066234,0.4520187916528286,0.008775585407833741,0.006206566101341108,0.01319593965813958,0.01,500,500,management_process_pool:onnx_splitpoint_tool.quality_metrics:detection_quality_evaluator,,125.12367236299906,,,58bf34c5760ed51e4ff35faee4055891caf624b2722cb375df9d419863efa9c4,58bf34c5760ed51e4ff35faee4055891caf624b2722cb375df9d419863efa9c4,True,detection,detection,,500,500,pass,True,False,,[],,True,False,False,,False,contract_fail_or_unavailable,37.67828941345215,21.590900421142578,46.31580807166173,,,,,,,,,,,,206,9.406133065514092,106.31361400428423,1.8331855975495257,available
performance_observation,yolov7_paper,detection,development,b189,tensorrt,orin_nx_deepx_m1_01,,[],,ort_tensorrt,split,,{},,{},,unavailable,,,,,,,,,,generic,tensorrt_to_tensorrt,True,True,,,,,,,,,,False,screening,pass,pass,,[],explicit_structural_contract_field,contract_fail_or_unavailable,contract_fail_or_unavailable,coco_ap_50_95,0.4609416003562141,0.4520187916528286,0.00892280870338552,0.006391054987635967,0.013334893014630471,0.01,500,500,management_process_pool:onnx_splitpoint_tool.quality_metrics:detection_quality_evaluator,,126.17865885409992,,,58bf34c5760ed51e4ff35faee4055891caf624b2722cb375df9d419863efa9c4,58bf34c5760ed51e4ff35faee4055891caf624b2722cb375df9d419863efa9c4,True,detection,detection,,500,500,pass,True,False,,[],,True,False,False,,False,contract_fail_or_unavailable,30.5178165435791,18.662452697753906,53.58352496295161,,,,,,,,,,,,105,9.70444317104506,103.04558256198342,0.7799857210314258,available
performance_observation,yolov7_paper,detection,development,b222,tensorrt,orin_nx_deepx_m1_01,,[],,ort_tensorrt,split,,{},,{},,unavailable,,,,,,,,,,generic,tensorrt_to_tensorrt,True,True,,,,,,,,,,False,screening,pass,pass,,[],explicit_structural_contract_field,contract_fail_or_unavailable,contract_fail_or_unavailable,coco_ap_50_95,0.460779193203048,0.4520187916528286,0.008760401550219399,0.006171564365571156,0.013114976539469553,0.01,500,500,management_process_pool:onnx_splitpoint_tool.quality_metrics:detection_quality_evaluator,,125.25050767697394,,,58bf34c5760ed51e4ff35faee4055891caf624b2722cb375df9d419863efa9c4,58bf34c5760ed51e4ff35faee4055891caf624b2722cb375df9d419863efa9c4,True,detection,detection,,500,500,pass,True,False,,[],,True,False,False,,False,contract_fail_or_unavailable,41.67013168334961,26.475811004638672,37.77032551806613,,,,,,,,,,,,271,23.628554785904644,42.32167430724706,2.4308325643094415,available
performance_observation,yolov7_paper,detection,development,b228,tensorrt,orin_nx_deepx_m1_01,,[],,ort_tensorrt,split,,{},,{},,unavailable,,,,,,,,,,generic,tensorrt_to_tensorrt,True,True,,,,,,,,,,False,screening,pass,pass,,[],explicit_structural_contract_field,contract_fail_or_unavailable,contract_fail_or_unavailable,coco_ap_50_95,0.46090181996990554,0.4520187916528286,0.008883028317076935,0.006224177636213052,0.01329686745325487,0.01,500,500,management_process_pool:onnx_splitpoint_tool.quality_metrics:detection_quality_evaluator,,125.73833475098945,,,58bf34c5760ed51e4ff35faee4055891caf624b2722cb375df9d419863efa9c4,58bf34c5760ed51e4ff35faee4055891caf624b2722cb375df9d419863efa9c4,True,detection,detection,,500,500,pass,True,False,,[],,True,False,False,,False,contract_fail_or_unavailable,42.181396484375,28.165912628173828,35.50390904073596,,,,,,,,,,,,293,23.966431437761397,41.72502704864124,2.7405088602705403,available
performance_observation,yolov7_paper,detection,development,b262,tensorrt,orin_nx_deepx_m1_01,,[],,ort_tensorrt,split,,{},,{},,unavailable,,,,,,,,,,generic,tensorrt_to_tensorrt,True,True,,,,,,,,,,False,screening,pass,pass,,[],explicit_structural_contract_field,contract_fail_or_unavailable,contract_fail_or_unavailable,coco_ap_50_95,0.46112347930605235,0.4520187916528286,0.009104687653223753,0.006432908467081639,0.013515518825267355,0.01,500,500,management_process_pool:onnx_splitpoint_tool.quality_metrics:detection_quality_evaluator,,125.37235169892665,,,58bf34c5760ed51e4ff35faee4055891caf624b2722cb375df9d419863efa9c4,58bf34c5760ed51e4ff35faee4055891caf624b2722cb375df9d419863efa9c4,True,detection,detection,,500,500,pass,True,False,,[],,True,False,False,,False,contract_fail_or_unavailable,50.05784034729004,25.455474853515625,39.28427993406264,,,,,,,,,,,,265,36.02218913298625,27.760667079621758,2.363282085904022,available
performance_observation,yolov7_paper,detection,development,b270,tensorrt,orin_nx_deepx_m1_01,,[],,ort_tensorrt,split,,{},,{},,unavailable,,,,,,,,,,generic,tensorrt_to_tensorrt,True,True,,,,,,,,,,False,screening,pass,pass,,[],explicit_structural_contract_field,contract_fail_or_unavailable,contract_fail_or_unavailable,coco_ap_50_95,0.4610741175199388,0.4520187916528286,0.00905532586711022,0.00643540709234296,0.013436674604914638,0.01,500,500,management_process_pool:onnx_splitpoint_tool.quality_metrics:detection_quality_evaluator,,124.76286342309322,,,58bf34c5760ed51e4ff35faee4055891caf624b2722cb375df9d419863efa9c4,58bf34c5760ed51e4ff35faee4055891caf624b2722cb375df9d419863efa9c4,True,detection,detection,,500,500,pass,True,False,,[],,True,False,False,,False,contract_fail_or_unavailable,47.79019355773926,24.78938102722168,40.33985354058988,,,,,,,,,,,,280,36.48984250683673,27.404886710942645,2.528947493862988,available
performance_observation,yolov7_paper,detection,development,b306,tensorrt,orin_nx_deepx_m1_01,,[],,ort_tensorrt,split,,{},,{},,unavailable,,,,,,,,,,generic,tensorrt_to_tensorrt,True,True,,,,,,,,,,False,screening,pass,pass,,[],explicit_structural_contract_field,contract_fail_or_unavailable,contract_fail_or_unavailable,coco_ap_50_95,0.461277171412741,0.4520187916528286,0.009258379759912394,0.006691590061770861,0.013633593253918034,0.01,500,500,management_process_pool:onnx_splitpoint_tool.quality_metrics:detection_quality_evaluator,,125.40805304504465,,,58bf34c5760ed51e4ff35faee4055891caf624b2722cb375df9d419863efa9c4,58bf34c5760ed51e4ff35faee4055891caf624b2722cb375df9d419863efa9c4,True,detection,detection,,500,500,pass,True,False,,[],,True,False,False,,False,contract_fail_or_unavailable,43.05424690246582,21.762847900390625,45.9498685363716,,,,,,,,,,,,243,48.92188028444748,20.4407515448237,2.1790000000000003,available
performance_observation,yolov7_paper,detection,development,b307,tensorrt,orin_nx_deepx_m1_01,,[],,ort_tensorrt,split,,{},,{},,unavailable,,,,,,,,,,generic,tensorrt_to_tensorrt,True,True,,,,,,,,,,False,screening,pass,pass,,[],explicit_structural_contract_field,contract_fail_or_unavailable,contract_fail_or_unavailable,coco_ap_50_95,0.4611303251829589,0.4520187916528286,0.009111533530130278,0.006422042550224153,0.013487047927258274,0.01,500,500,management_process_pool:onnx_splitpoint_tool.quality_metrics:detection_quality_evaluator,,125.87089693197049,,,58bf34c5760ed51e4ff35faee4055891caf624b2722cb375df9d419863efa9c4,58bf34c5760ed51e4ff35faee4055891caf624b2722cb375df9d419863efa9c4,True,detection,detection,,500,500,pass,True,False,,[],,True,False,False,,False,contract_fail_or_unavailable,43.12944412231445,21.74525260925293,45.98704912604626,,,,,,,,,,,,244,48.92188028444748,20.4407515448237,2.1790000000000003,available
performance_observation,yolov7_paper,detection,development,full,tensorrt,orin_nx_deepx_m1_01,,[],,ort_tensorrt,full,fp16,{},,{},,unavailable,,,,,,,,,,generic,tensorrt,True,True,,,,,,,,,,False,screening,pass,pass,,[],explicit_structural_contract_field,contract_fail_or_unavailable,contract_fail_or_unavailable,coco_ap_50_95,0.4610997713935368,0.4520187916528286,0.009080979740708206,0.006380598614734707,0.013434966803201078,0.01,500,500,management_process_pool:onnx_splitpoint_tool.quality_metrics:detection_quality_evaluator,,124.77755104890093,,,58bf34c5760ed51e4ff35faee4055891caf624b2722cb375df9d419863efa9c4,58bf34c5760ed51e4ff35faee4055891caf624b2722cb375df9d419863efa9c4,True,detection,detection,,500,500,pass,True,False,,[],,True,False,False,,False,contract_fail_or_unavailable,31.04076385498047,31.04076385498047,32.2157020578458,,,,,,,,,,,,,,,,available
