model_id,task,case_id,backend,setup_id,run_id,source_run_id,variant,execution_role,technical_status,task_quality_tier,task_quality_status,task_quality_decision,task_quality_gate_reason,contract_gate_reason,eligibility_gate_reason,task_quality_metric,task_quality_candidate,task_quality_reference,task_quality_delta,task_quality_ci_low,task_quality_ci_high,task_quality_margin,task_quality_bootstrap_repetitions_requested,task_quality_bootstrap_repetitions,task_quality_bootstrap_engine,task_quality_bootstrap_skipped_reason,task_quality_bootstrap_elapsed_s,task_quality_ap50_candidate,task_quality_ap50_reference,task_quality_ap50_delta,task_quality_ap50_ci_low,task_quality_ap50_ci_high,task_quality_ap50_margin,task_quality_ap50_decision,task_quality_ap75_candidate,task_quality_ap75_reference,task_quality_ap75_delta,task_quality_ap75_ci_low,task_quality_ap75_ci_high,task_quality_ap75_margin,task_quality_ap75_decision,task_quality_bootstrap_candidate_event_count,task_quality_bootstrap_reference_event_count,validation_requested_count,validation_evaluated_count,validation_cardinality_status,validation_cardinality_pass,contract_consistent,ranking_eligible,exclusion_reason,quality_result_id,source_task_quality_decision,algorithm_version,quality_result_contract_version,metric_gate_config,configured_guardrails,missing_guardrails,guardrail_contract_complete,reference_predictions_sha256,candidate_predictions_sha256,annotations_sha256,source_request_sha256,producer_identity_sha256
resnet50,classification,full,deepx_m1,orin_nx_deepx_m1_01,deepx_m1_full,deepx_m1_full,full,,completed,screening,inconclusive,inconclusive,primary:top1_accuracy:decision:inconclusive;guardrail:top5_accuracy:decision:pass,,,top1_accuracy,0.802,0.812,-0.01,-0.02,0.0,0.01,500,500,management_process_pool:onnx_splitpoint_tool.quality_metrics:classification_quality_evaluator,,0.09151309891603887,,,,,,,,,,,,,,,,,,500,,,,,,32554ce492cd6ac2277e23d6f2f7cbe7c6e41ffaed66a7a0ce954a76a79eb458,inconclusive,management_paired_quality_v2:classification-accuracy-v2,2,"{""guardrails"":{""top5_accuracy_margin"":0.01},""non_inferiority_margin"":0.01,""primary_metric"":""top1_accuracy""}","[""top5_accuracy""]",[],True,24df52d0032a21e600cf61db63d747d1ca56a8bd72da3b1829d0fe6f22262d40,31324cd3af5eea1f8b444719fe2eec2c178532c71d2949185cded4f33a8dc4dd,76dda7ff292d4dbeced4967385462d82dcb3e8aef54eb532b6729189951f4f48,e851500c8d7d1cfb8384be38665ba403b28371cfb9e9f9ce5139697f23d7a523,
resnet50,classification,b001,deepx_to_trt,orin_nx_deepx_m1_01,deepx_to_trt,deepx_to_trt,composed,,completed,screening,fail,fail,primary:top1_accuracy:decision:fail;primary:top1_accuracy:bootstrap_skipped_reason:point_estimate_below_non_inferiority_margin;guardrail:top5_accuracy:decision:fail;guardrail:top5_accuracy:bootstrap_skipped_reason:point_estimate_below_non_inferiority_margin,,,top1_accuracy,0.766,0.812,-0.046,-0.046,-0.046,0.01,500,0,management_process_pool:onnx_splitpoint_tool.quality_metrics:classification_quality_evaluator,point_estimate_below_non_inferiority_margin,0.21846458897925913,,,,,,,,,,,,,,,,,,500,,,,,,72ad873922e4d22ed36f7acd47c4331a95e47030257c574ea3e9f8e7004192e8,fail,management_paired_quality_v2:classification-accuracy-v2,2,"{""guardrails"":{""top5_accuracy_margin"":0.01},""non_inferiority_margin"":0.01,""primary_metric"":""top1_accuracy""}","[""top5_accuracy""]",[],True,24df52d0032a21e600cf61db63d747d1ca56a8bd72da3b1829d0fe6f22262d40,ff4002dd1a1d7ccf34d0cc5b9e5b6cbea51e231c73f9efb391a2da0358307a74,059b455d572771f5264a580d38027ff35c7c066fc160eaec4a249500ac1286e9,8238e2dfd1e1158cd590d5db63d460bfb8fb8d90bb57b3fa319b691f6f543668,
resnet50,classification,b003,deepx_to_trt,orin_nx_deepx_m1_01,deepx_to_trt,deepx_to_trt,composed,,completed,screening,fail,fail,primary:top1_accuracy:decision:fail;primary:top1_accuracy:bootstrap_skipped_reason:point_estimate_below_non_inferiority_margin;guardrail:top5_accuracy:decision:fail;guardrail:top5_accuracy:bootstrap_skipped_reason:point_estimate_below_non_inferiority_margin,,,top1_accuracy,0.764,0.812,-0.048,-0.048,-0.048,0.01,500,0,management_process_pool:onnx_splitpoint_tool.quality_metrics:classification_quality_evaluator,point_estimate_below_non_inferiority_margin,0.12248469691257924,,,,,,,,,,,,,,,,,,500,,,,,,5a2c3d0ba2f8e6bec02af346b789f05e97ebdfb0bd631df1d3b2ce5d86b6ce86,fail,management_paired_quality_v2:classification-accuracy-v2,2,"{""guardrails"":{""top5_accuracy_margin"":0.01},""non_inferiority_margin"":0.01,""primary_metric"":""top1_accuracy""}","[""top5_accuracy""]",[],True,24df52d0032a21e600cf61db63d747d1ca56a8bd72da3b1829d0fe6f22262d40,3498e32b3a6500d414636a90c3fa47de893c5c8ee59e2651c0470a0cfce994d1,059b455d572771f5264a580d38027ff35c7c066fc160eaec4a249500ac1286e9,f558c00c45a68a926641f571014f8ec5f90541d7f5d2eaccb5a162fd5b609507,
resnet50,classification,b008,deepx_to_trt,orin_nx_deepx_m1_01,deepx_to_trt,deepx_to_trt,composed,,completed,screening,fail,fail,primary:top1_accuracy:decision:fail;primary:top1_accuracy:bootstrap_skipped_reason:point_estimate_below_non_inferiority_margin;guardrail:top5_accuracy:decision:fail;guardrail:top5_accuracy:bootstrap_skipped_reason:point_estimate_below_non_inferiority_margin,,,top1_accuracy,0.768,0.812,-0.044,-0.044,-0.044,0.01,500,0,management_process_pool:onnx_splitpoint_tool.quality_metrics:classification_quality_evaluator,point_estimate_below_non_inferiority_margin,0.1609079570043832,,,,,,,,,,,,,,,,,,500,,,,,,0efe2844a645dadba90132f583902a4fdb7a28a7262554b5097ee3bb9ee4bfc7,fail,management_paired_quality_v2:classification-accuracy-v2,2,"{""guardrails"":{""top5_accuracy_margin"":0.01},""non_inferiority_margin"":0.01,""primary_metric"":""top1_accuracy""}","[""top5_accuracy""]",[],True,24df52d0032a21e600cf61db63d747d1ca56a8bd72da3b1829d0fe6f22262d40,1c54a9d204a32843f9fca7001a73af291cca6d2a4036e2588c488ddc71a933e7,059b455d572771f5264a580d38027ff35c7c066fc160eaec4a249500ac1286e9,3e5318a012568adfbd00147466b409466645721af1de4092449389fe5f676a53,
resnet50,classification,b009,deepx_to_trt,orin_nx_deepx_m1_01,deepx_to_trt,deepx_to_trt,composed,,completed,screening,fail,fail,primary:top1_accuracy:decision:fail;primary:top1_accuracy:bootstrap_skipped_reason:point_estimate_below_non_inferiority_margin;guardrail:top5_accuracy:decision:fail;guardrail:top5_accuracy:bootstrap_skipped_reason:point_estimate_below_non_inferiority_margin,,,top1_accuracy,0.76,0.812,-0.052,-0.052,-0.052,0.01,500,0,management_process_pool:onnx_splitpoint_tool.quality_metrics:classification_quality_evaluator,point_estimate_below_non_inferiority_margin,0.11923423793632537,,,,,,,,,,,,,,,,,,500,,,,,,5fc9278a0d8eb987747172e34319bf02aabfb27b33d77096ed5550c2c85a8e52,fail,management_paired_quality_v2:classification-accuracy-v2,2,"{""guardrails"":{""top5_accuracy_margin"":0.01},""non_inferiority_margin"":0.01,""primary_metric"":""top1_accuracy""}","[""top5_accuracy""]",[],True,24df52d0032a21e600cf61db63d747d1ca56a8bd72da3b1829d0fe6f22262d40,4e74deeb7d76690668af72f6b22ef04900daf8cfbbb7cf336c363e87c5be49a8,059b455d572771f5264a580d38027ff35c7c066fc160eaec4a249500ac1286e9,6c8da550e2f57cbfb45acbabcabe127af08888cc45a50f56f497490e5a7cac54,
resnet50,classification,b020,deepx_to_trt,orin_nx_deepx_m1_01,deepx_to_trt,deepx_to_trt,composed,,completed,screening,fail,fail,primary:top1_accuracy:decision:fail;primary:top1_accuracy:bootstrap_skipped_reason:point_estimate_below_non_inferiority_margin;guardrail:top5_accuracy:decision:fail;guardrail:top5_accuracy:bootstrap_skipped_reason:point_estimate_below_non_inferiority_margin,,,top1_accuracy,0.764,0.812,-0.048,-0.048,-0.048,0.01,500,0,management_process_pool:onnx_splitpoint_tool.quality_metrics:classification_quality_evaluator,point_estimate_below_non_inferiority_margin,0.09340424998663366,,,,,,,,,,,,,,,,,,500,,,,,,65c792e7fa8dfeb1f9eb5ae7fae1161809b8268286244f429d84ea536f044740,fail,management_paired_quality_v2:classification-accuracy-v2,2,"{""guardrails"":{""top5_accuracy_margin"":0.01},""non_inferiority_margin"":0.01,""primary_metric"":""top1_accuracy""}","[""top5_accuracy""]",[],True,24df52d0032a21e600cf61db63d747d1ca56a8bd72da3b1829d0fe6f22262d40,217c47938cf575b4d7f54a5b43671c257cd0ae910940d45b80b5ebb54824dfbe,059b455d572771f5264a580d38027ff35c7c066fc160eaec4a249500ac1286e9,c13ea25da04aa6c962f2835b27c8186113e48240a586e8b3d8c5bddb4c9bd471,
resnet50,classification,b022,deepx_to_trt,orin_nx_deepx_m1_01,deepx_to_trt,deepx_to_trt,composed,,completed,screening,fail,fail,primary:top1_accuracy:decision:fail;primary:top1_accuracy:bootstrap_skipped_reason:point_estimate_below_non_inferiority_margin;guardrail:top5_accuracy:decision:fail;guardrail:top5_accuracy:bootstrap_skipped_reason:point_estimate_below_non_inferiority_margin,,,top1_accuracy,0.764,0.812,-0.048,-0.048,-0.048,0.01,500,0,management_process_pool:onnx_splitpoint_tool.quality_metrics:classification_quality_evaluator,point_estimate_below_non_inferiority_margin,0.17830206896178424,,,,,,,,,,,,,,,,,,500,,,,,,274ee6229319eb2b3794833ef04eac4155450d531d85d30cc87cd11fc0b09ac7,fail,management_paired_quality_v2:classification-accuracy-v2,2,"{""guardrails"":{""top5_accuracy_margin"":0.01},""non_inferiority_margin"":0.01,""primary_metric"":""top1_accuracy""}","[""top5_accuracy""]",[],True,24df52d0032a21e600cf61db63d747d1ca56a8bd72da3b1829d0fe6f22262d40,678e2fb4d460cc2e5a84e81f7a77f46af884456a923d60b3535227df10c157a4,059b455d572771f5264a580d38027ff35c7c066fc160eaec4a249500ac1286e9,cd52d56adba624610b438f85b1c2da97d4abff34a168e0f3ca7aa62a1c3ffbd9,
resnet50,classification,b027,deepx_to_trt,orin_nx_deepx_m1_01,deepx_to_trt,deepx_to_trt,composed,,completed,screening,fail,fail,primary:top1_accuracy:decision:fail;primary:top1_accuracy:bootstrap_skipped_reason:point_estimate_below_non_inferiority_margin;guardrail:top5_accuracy:decision:fail;guardrail:top5_accuracy:bootstrap_skipped_reason:point_estimate_below_non_inferiority_margin,,,top1_accuracy,0.768,0.812,-0.044,-0.044,-0.044,0.01,500,0,management_process_pool:onnx_splitpoint_tool.quality_metrics:classification_quality_evaluator,point_estimate_below_non_inferiority_margin,0.14430497796274722,,,,,,,,,,,,,,,,,,500,,,,,,cd98e933e8bd728af8df6f0d824fbf73b412d3499a6c259b7fb06c8c3d858354,fail,management_paired_quality_v2:classification-accuracy-v2,2,"{""guardrails"":{""top5_accuracy_margin"":0.01},""non_inferiority_margin"":0.01,""primary_metric"":""top1_accuracy""}","[""top5_accuracy""]",[],True,24df52d0032a21e600cf61db63d747d1ca56a8bd72da3b1829d0fe6f22262d40,5d2a7b8217141aa71d61fd54c05be7b9159c1eda07177a3336528416022577f4,059b455d572771f5264a580d38027ff35c7c066fc160eaec4a249500ac1286e9,4fcf4a92ac4eeadcbfa24c74b44abe4df23a6a7c788388580849a87bf0ff6224,
resnet50,classification,b042,deepx_to_trt,orin_nx_deepx_m1_01,deepx_to_trt,deepx_to_trt,composed,,completed,screening,fail,fail,primary:top1_accuracy:decision:fail;primary:top1_accuracy:bootstrap_skipped_reason:point_estimate_below_non_inferiority_margin;guardrail:top5_accuracy:decision:fail;guardrail:top5_accuracy:bootstrap_skipped_reason:point_estimate_below_non_inferiority_margin,,,top1_accuracy,0.77,0.812,-0.042,-0.042,-0.042,0.01,500,0,management_process_pool:onnx_splitpoint_tool.quality_metrics:classification_quality_evaluator,point_estimate_below_non_inferiority_margin,0.15034195699263364,,,,,,,,,,,,,,,,,,500,,,,,,b606570ee705e77f82427a919ca4d2e8d648b9b5b8737e85e1af0b5a6403fb90,fail,management_paired_quality_v2:classification-accuracy-v2,2,"{""guardrails"":{""top5_accuracy_margin"":0.01},""non_inferiority_margin"":0.01,""primary_metric"":""top1_accuracy""}","[""top5_accuracy""]",[],True,24df52d0032a21e600cf61db63d747d1ca56a8bd72da3b1829d0fe6f22262d40,96e2629cce18b4a0ec9877096ac2a2c10c45fa07e1260ae59039306a37e583b4,059b455d572771f5264a580d38027ff35c7c066fc160eaec4a249500ac1286e9,472499910bbd8b99345e3acbd2013607b7d87fcb44e3fdd6858b649958b5bd8c,
resnet50,classification,b052,deepx_to_trt,orin_nx_deepx_m1_01,deepx_to_trt,deepx_to_trt,composed,,completed,screening,fail,fail,primary:top1_accuracy:decision:fail;primary:top1_accuracy:bootstrap_skipped_reason:point_estimate_below_non_inferiority_margin;guardrail:top5_accuracy:decision:fail;guardrail:top5_accuracy:bootstrap_skipped_reason:point_estimate_below_non_inferiority_margin,,,top1_accuracy,0.768,0.812,-0.044,-0.044,-0.044,0.01,500,0,management_process_pool:onnx_splitpoint_tool.quality_metrics:classification_quality_evaluator,point_estimate_below_non_inferiority_margin,0.08495203603524715,,,,,,,,,,,,,,,,,,500,,,,,,e7440f9cf37b96ea0232fef66101d9604cedbb924e55c2b92d0b414533314043,fail,management_paired_quality_v2:classification-accuracy-v2,2,"{""guardrails"":{""top5_accuracy_margin"":0.01},""non_inferiority_margin"":0.01,""primary_metric"":""top1_accuracy""}","[""top5_accuracy""]",[],True,24df52d0032a21e600cf61db63d747d1ca56a8bd72da3b1829d0fe6f22262d40,a11e344dcd7b1e29ca929c204501bdb1a759dcdebfec41f6fe856f772ac1c8f6,059b455d572771f5264a580d38027ff35c7c066fc160eaec4a249500ac1286e9,785ba2b2fce469b6cb9d9cf1686d631d9c609b948d3ec7b56eff9726ab75f704,
resnet50,classification,b054,deepx_to_trt,orin_nx_deepx_m1_01,deepx_to_trt,deepx_to_trt,composed,,completed,screening,fail,fail,primary:top1_accuracy:decision:fail;primary:top1_accuracy:bootstrap_skipped_reason:point_estimate_below_non_inferiority_margin;guardrail:top5_accuracy:decision:fail;guardrail:top5_accuracy:bootstrap_skipped_reason:point_estimate_below_non_inferiority_margin,,,top1_accuracy,0.766,0.812,-0.046,-0.046,-0.046,0.01,500,0,management_process_pool:onnx_splitpoint_tool.quality_metrics:classification_quality_evaluator,point_estimate_below_non_inferiority_margin,0.16376068501267582,,,,,,,,,,,,,,,,,,500,,,,,,e78446fe7f162185c962b30db4ed9513f603df913bb8f6c4fc9924fa4ea4e58f,fail,management_paired_quality_v2:classification-accuracy-v2,2,"{""guardrails"":{""top5_accuracy_margin"":0.01},""non_inferiority_margin"":0.01,""primary_metric"":""top1_accuracy""}","[""top5_accuracy""]",[],True,24df52d0032a21e600cf61db63d747d1ca56a8bd72da3b1829d0fe6f22262d40,14f644064644aee815bad40724db2641b9ba4d32cdaed3431b536f20798edecb,059b455d572771f5264a580d38027ff35c7c066fc160eaec4a249500ac1286e9,c42d09ea31a02af6cde2abd7f433662b794d7b5ee46393eb59ca425af8dcd605,
resnet50,classification,b056,deepx_to_trt,orin_nx_deepx_m1_01,deepx_to_trt,deepx_to_trt,composed,,completed,screening,fail,fail,primary:top1_accuracy:decision:fail;primary:top1_accuracy:bootstrap_skipped_reason:point_estimate_below_non_inferiority_margin;guardrail:top5_accuracy:decision:fail;guardrail:top5_accuracy:bootstrap_skipped_reason:point_estimate_below_non_inferiority_margin,,,top1_accuracy,0.768,0.812,-0.044,-0.044,-0.044,0.01,500,0,management_process_pool:onnx_splitpoint_tool.quality_metrics:classification_quality_evaluator,point_estimate_below_non_inferiority_margin,0.15038098802324384,,,,,,,,,,,,,,,,,,500,,,,,,e9823d714b8157b657fc52de3ced4e7362e51b8ca6d937a2064f1ea97bf9330a,fail,management_paired_quality_v2:classification-accuracy-v2,2,"{""guardrails"":{""top5_accuracy_margin"":0.01},""non_inferiority_margin"":0.01,""primary_metric"":""top1_accuracy""}","[""top5_accuracy""]",[],True,24df52d0032a21e600cf61db63d747d1ca56a8bd72da3b1829d0fe6f22262d40,7f512b61d6c2ac27bf962e40551c29ba3dd8ea20cdae405ffbcdb1fc14697c5c,059b455d572771f5264a580d38027ff35c7c066fc160eaec4a249500ac1286e9,239e41b8b26e3971467efc462eab97a5755268e5b5be7c537be8745f278388e5,
resnet50,classification,b068,deepx_to_trt,orin_nx_deepx_m1_01,deepx_to_trt,deepx_to_trt,composed,,completed,screening,fail,fail,primary:top1_accuracy:decision:fail;primary:top1_accuracy:bootstrap_skipped_reason:point_estimate_below_non_inferiority_margin;guardrail:top5_accuracy:decision:fail;guardrail:top5_accuracy:bootstrap_skipped_reason:point_estimate_below_non_inferiority_margin,,,top1_accuracy,0.768,0.812,-0.044,-0.044,-0.044,0.01,500,0,management_process_pool:onnx_splitpoint_tool.quality_metrics:classification_quality_evaluator,point_estimate_below_non_inferiority_margin,0.2301688640145585,,,,,,,,,,,,,,,,,,500,,,,,,36877e06e6fc1d2a656190673ab0f7a74422e5cd9211fbb6267f1ab555b5a992,fail,management_paired_quality_v2:classification-accuracy-v2,2,"{""guardrails"":{""top5_accuracy_margin"":0.01},""non_inferiority_margin"":0.01,""primary_metric"":""top1_accuracy""}","[""top5_accuracy""]",[],True,24df52d0032a21e600cf61db63d747d1ca56a8bd72da3b1829d0fe6f22262d40,0bad50657cb513ca42fe1c1a58dba876e3c3b8776a82a45b83cf4baa1ed9269d,059b455d572771f5264a580d38027ff35c7c066fc160eaec4a249500ac1286e9,1a6263e8eca7414ce49044c4ca8cb3ac2b7ea13f6b7fe071f894369055182c4d,
resnet50,classification,b074,deepx_to_trt,orin_nx_deepx_m1_01,deepx_to_trt,deepx_to_trt,composed,,completed,screening,fail,fail,primary:top1_accuracy:decision:fail;primary:top1_accuracy:bootstrap_skipped_reason:point_estimate_below_non_inferiority_margin;guardrail:top5_accuracy:decision:fail;guardrail:top5_accuracy:bootstrap_skipped_reason:point_estimate_below_non_inferiority_margin,,,top1_accuracy,0.768,0.812,-0.044,-0.044,-0.044,0.01,500,0,management_process_pool:onnx_splitpoint_tool.quality_metrics:classification_quality_evaluator,point_estimate_below_non_inferiority_margin,0.12073834892362356,,,,,,,,,,,,,,,,,,500,,,,,,e1958c71f05a45012c0395f6567929d6066147dc35b4c075a6530ed11cb0782b,fail,management_paired_quality_v2:classification-accuracy-v2,2,"{""guardrails"":{""top5_accuracy_margin"":0.01},""non_inferiority_margin"":0.01,""primary_metric"":""top1_accuracy""}","[""top5_accuracy""]",[],True,24df52d0032a21e600cf61db63d747d1ca56a8bd72da3b1829d0fe6f22262d40,8152359dd49d8b876e229269ef3ba729e1247302bf26df27c7056ae9cb2a0be9,059b455d572771f5264a580d38027ff35c7c066fc160eaec4a249500ac1286e9,8a6e61a26b3e5ff8db8082bceee90ae32aa0fb6f4d4240c9ac0aefe60cde7271,
resnet50,classification,b078,deepx_to_trt,orin_nx_deepx_m1_01,deepx_to_trt,deepx_to_trt,composed,,completed,screening,fail,fail,primary:top1_accuracy:decision:fail;primary:top1_accuracy:bootstrap_skipped_reason:point_estimate_below_non_inferiority_margin;guardrail:top5_accuracy:decision:fail;guardrail:top5_accuracy:bootstrap_skipped_reason:point_estimate_below_non_inferiority_margin,,,top1_accuracy,0.768,0.812,-0.044,-0.044,-0.044,0.01,500,0,management_process_pool:onnx_splitpoint_tool.quality_metrics:classification_quality_evaluator,point_estimate_below_non_inferiority_margin,0.019244647002778947,,,,,,,,,,,,,,,,,,500,,,,,,962bcb5f0af265966ddb7f8a4ca511900605b138793d61538ccf475be25ed119,fail,management_paired_quality_v2:classification-accuracy-v2,2,"{""guardrails"":{""top5_accuracy_margin"":0.01},""non_inferiority_margin"":0.01,""primary_metric"":""top1_accuracy""}","[""top5_accuracy""]",[],True,24df52d0032a21e600cf61db63d747d1ca56a8bd72da3b1829d0fe6f22262d40,8152359dd49d8b876e229269ef3ba729e1247302bf26df27c7056ae9cb2a0be9,059b455d572771f5264a580d38027ff35c7c066fc160eaec4a249500ac1286e9,f7f50f7adaa739b7b265f80d3027d896d42c07eade282e4568c808bda7dd4e7c,
resnet50,classification,b091,deepx_to_trt,orin_nx_deepx_m1_01,deepx_to_trt,deepx_to_trt,composed,,completed,screening,fail,fail,primary:top1_accuracy:decision:fail;primary:top1_accuracy:bootstrap_skipped_reason:point_estimate_below_non_inferiority_margin;guardrail:top5_accuracy:decision:fail;guardrail:top5_accuracy:bootstrap_skipped_reason:point_estimate_below_non_inferiority_margin,,,top1_accuracy,0.766,0.812,-0.046,-0.046,-0.046,0.01,500,0,management_process_pool:onnx_splitpoint_tool.quality_metrics:classification_quality_evaluator,point_estimate_below_non_inferiority_margin,0.0807776270667091,,,,,,,,,,,,,,,,,,500,,,,,,808a40dc11bd15ce2bb23b4a85ef61b76103cab521d3bfe9f647b06ee92c4d62,fail,management_paired_quality_v2:classification-accuracy-v2,2,"{""guardrails"":{""top5_accuracy_margin"":0.01},""non_inferiority_margin"":0.01,""primary_metric"":""top1_accuracy""}","[""top5_accuracy""]",[],True,24df52d0032a21e600cf61db63d747d1ca56a8bd72da3b1829d0fe6f22262d40,56ca1580db338d31edd6442c92822538e910f92f4340ea63a9f9754f712c9e79,059b455d572771f5264a580d38027ff35c7c066fc160eaec4a249500ac1286e9,4050f8edd65524829ef2d233915ab5a2f348fbd11291dfe8fb5ae38ca722cc74,
resnet50,classification,b095,deepx_to_trt,orin_nx_deepx_m1_01,deepx_to_trt,deepx_to_trt,composed,,completed,screening,fail,fail,primary:top1_accuracy:decision:fail;primary:top1_accuracy:bootstrap_skipped_reason:point_estimate_below_non_inferiority_margin;guardrail:top5_accuracy:decision:fail;guardrail:top5_accuracy:bootstrap_skipped_reason:point_estimate_below_non_inferiority_margin,,,top1_accuracy,0.764,0.812,-0.048,-0.048,-0.048,0.01,500,0,management_process_pool:onnx_splitpoint_tool.quality_metrics:classification_quality_evaluator,point_estimate_below_non_inferiority_margin,0.18013287300709635,,,,,,,,,,,,,,,,,,500,,,,,,e5ea6c19874168e2cc4679152c4c84dd612753502d30aa714aaa3ce0fc3cbe34,fail,management_paired_quality_v2:classification-accuracy-v2,2,"{""guardrails"":{""top5_accuracy_margin"":0.01},""non_inferiority_margin"":0.01,""primary_metric"":""top1_accuracy""}","[""top5_accuracy""]",[],True,24df52d0032a21e600cf61db63d747d1ca56a8bd72da3b1829d0fe6f22262d40,8c784a63b82e838790c25147b7e361778b164efd13d39b06c90baa8490be4233,059b455d572771f5264a580d38027ff35c7c066fc160eaec4a249500ac1286e9,c0138484cfe9d784a4b9756d74949165dafc3a227b8ce4acf352d7228739fb31,
resnet50,classification,b107,deepx_to_trt,orin_nx_deepx_m1_01,deepx_to_trt,deepx_to_trt,composed,,completed,screening,fail,fail,primary:top1_accuracy:decision:fail;primary:top1_accuracy:bootstrap_skipped_reason:point_estimate_below_non_inferiority_margin;guardrail:top5_accuracy:decision:fail;guardrail:top5_accuracy:bootstrap_skipped_reason:point_estimate_below_non_inferiority_margin,,,top1_accuracy,0.764,0.812,-0.048,-0.048,-0.048,0.01,500,0,management_process_pool:onnx_splitpoint_tool.quality_metrics:classification_quality_evaluator,point_estimate_below_non_inferiority_margin,0.07431901595555246,,,,,,,,,,,,,,,,,,500,,,,,,0a1132efec914906fe925b899e065eeb18d844c4315abb5596738a1e1e492c7b,fail,management_paired_quality_v2:classification-accuracy-v2,2,"{""guardrails"":{""top5_accuracy_margin"":0.01},""non_inferiority_margin"":0.01,""primary_metric"":""top1_accuracy""}","[""top5_accuracy""]",[],True,24df52d0032a21e600cf61db63d747d1ca56a8bd72da3b1829d0fe6f22262d40,82119a8279e21875550c7929dcbe02072513adf38d4da24b5bc380e27eb775b0,059b455d572771f5264a580d38027ff35c7c066fc160eaec4a249500ac1286e9,7d99eaf6f24f5bd76caaee3ccc7babb22e93365ed6e015eee5e9b5a6172ad41f,
resnet50,classification,b112,deepx_to_trt,orin_nx_deepx_m1_01,deepx_to_trt,deepx_to_trt,composed,,completed,screening,fail,fail,primary:top1_accuracy:decision:fail;primary:top1_accuracy:bootstrap_skipped_reason:point_estimate_below_non_inferiority_margin;guardrail:top5_accuracy:decision:fail;guardrail:top5_accuracy:bootstrap_skipped_reason:point_estimate_below_non_inferiority_margin,,,top1_accuracy,0.76,0.812,-0.052,-0.052,-0.052,0.01,500,0,management_process_pool:onnx_splitpoint_tool.quality_metrics:classification_quality_evaluator,point_estimate_below_non_inferiority_margin,0.02986861893441528,,,,,,,,,,,,,,,,,,500,,,,,,f57860fcb73f7604430ec5a0a5f82e8f52172570464efe02a22c67b4572531a7,fail,management_paired_quality_v2:classification-accuracy-v2,2,"{""guardrails"":{""top5_accuracy_margin"":0.01},""non_inferiority_margin"":0.01,""primary_metric"":""top1_accuracy""}","[""top5_accuracy""]",[],True,24df52d0032a21e600cf61db63d747d1ca56a8bd72da3b1829d0fe6f22262d40,84c1673538930334a0802d5fb9889817b0b6c208f4e7ba6add3baafe2edb5b6b,059b455d572771f5264a580d38027ff35c7c066fc160eaec4a249500ac1286e9,b8724e3318cf7bb5f8e55052cd1b2382d470ee8d7cbd8df55d6d807483abd694,
resnet50,classification,b118,deepx_to_trt,orin_nx_deepx_m1_01,deepx_to_trt,deepx_to_trt,composed,,completed,screening,fail,fail,primary:top1_accuracy:decision:fail;primary:top1_accuracy:bootstrap_skipped_reason:point_estimate_below_non_inferiority_margin;guardrail:top5_accuracy:decision:fail;guardrail:top5_accuracy:bootstrap_skipped_reason:point_estimate_below_non_inferiority_margin,,,top1_accuracy,0.762,0.812,-0.05,-0.05,-0.05,0.01,500,0,management_process_pool:onnx_splitpoint_tool.quality_metrics:classification_quality_evaluator,point_estimate_below_non_inferiority_margin,0.07731987908482552,,,,,,,,,,,,,,,,,,500,,,,,,35b26b7296d19417414ce6e0a7da329f856317751467c60c919a68a764661712,fail,management_paired_quality_v2:classification-accuracy-v2,2,"{""guardrails"":{""top5_accuracy_margin"":0.01},""non_inferiority_margin"":0.01,""primary_metric"":""top1_accuracy""}","[""top5_accuracy""]",[],True,24df52d0032a21e600cf61db63d747d1ca56a8bd72da3b1829d0fe6f22262d40,69c2a4bd76b40b23fa376255459d8e2b3485888f8b713d8ecec121e7237c7eeb,059b455d572771f5264a580d38027ff35c7c066fc160eaec4a249500ac1286e9,e4082f82dbf57b48f3cd3f62c16483be5edcfa61b7084e11d7161f97146c29be,
resnet50,classification,b119,deepx_to_trt,orin_nx_deepx_m1_01,deepx_to_trt,deepx_to_trt,composed,,completed,screening,fail,fail,primary:top1_accuracy:decision:fail;primary:top1_accuracy:bootstrap_skipped_reason:point_estimate_below_non_inferiority_margin;guardrail:top5_accuracy:decision:fail;guardrail:top5_accuracy:bootstrap_skipped_reason:point_estimate_below_non_inferiority_margin,,,top1_accuracy,0.76,0.812,-0.052,-0.052,-0.052,0.01,500,0,management_process_pool:onnx_splitpoint_tool.quality_metrics:classification_quality_evaluator,point_estimate_below_non_inferiority_margin,0.14699499297421426,,,,,,,,,,,,,,,,,,500,,,,,,7f337a6ef66235d9f45a10920d35d06e91d2bc8264e5d5b065732bc4b378b40d,fail,management_paired_quality_v2:classification-accuracy-v2,2,"{""guardrails"":{""top5_accuracy_margin"":0.01},""non_inferiority_margin"":0.01,""primary_metric"":""top1_accuracy""}","[""top5_accuracy""]",[],True,24df52d0032a21e600cf61db63d747d1ca56a8bd72da3b1829d0fe6f22262d40,f8818f7905ba23bd9b8efa1ee88f0bd0c13f99f985b40116cbb3601e733e9f04,059b455d572771f5264a580d38027ff35c7c066fc160eaec4a249500ac1286e9,70a0db0e3bd6922df7eb2e901c9eec8df16bffb687c0cce63bc92a682eae774f,
resnet50,classification,b119,hailo10,orin_nx_hailo10_01,hailo10,hailo10,full,,completed,screening,inconclusive,inconclusive,primary:top1_accuracy:decision:inconclusive;guardrail:top5_accuracy:decision:pass,,,top1_accuracy,0.812,0.812,0.0,-0.012,0.012,0.01,500,500,management_process_pool:onnx_splitpoint_tool.quality_metrics:classification_quality_evaluator,,0.08104246004950255,,,,,,,,,,,,,,,,,,500,,,,,,cd12ce1c0e879f39affd171a0df1bc3fea36996e68a6a6505907fcfbfdb67ce4,inconclusive,management_paired_quality_v2:classification-accuracy-v2,2,"{""guardrails"":{""top5_accuracy_margin"":0.01},""non_inferiority_margin"":0.01,""primary_metric"":""top1_accuracy""}","[""top5_accuracy""]",[],True,24df52d0032a21e600cf61db63d747d1ca56a8bd72da3b1829d0fe6f22262d40,31289042a581a1b06d459b70b0692998ebd50ffacdcbd18daad47a78a4dcf90d,059b455d572771f5264a580d38027ff35c7c066fc160eaec4a249500ac1286e9,7670a3a411b8632ae203844aff304f9c8778b23a0913f47eb9b0a9578aabcae3,
resnet50,classification,b001,hailo10h_to_trt,orin_nx_hailo10_01,hailo10h_to_trt,hailo10h_to_trt,composed,,completed,screening,fail,fail,primary:top1_accuracy:decision:fail;primary:top1_accuracy:bootstrap_skipped_reason:point_estimate_below_non_inferiority_margin;guardrail:top5_accuracy:decision:pass;guardrail:top5_accuracy:bootstrap_skipped_reason:point_estimate_below_non_inferiority_margin,,,top1_accuracy,0.8,0.812,-0.012,-0.012,-0.012,0.01,500,0,management_process_pool:onnx_splitpoint_tool.quality_metrics:classification_quality_evaluator,point_estimate_below_non_inferiority_margin,0.16685751208569854,,,,,,,,,,,,,,,,,,500,,,,,,acadd0e8b7f9ed94daf25bdd15c66810f9100d57b130f04c8e849a7f2ea4244c,fail,management_paired_quality_v2:classification-accuracy-v2,2,"{""guardrails"":{""top5_accuracy_margin"":0.01},""non_inferiority_margin"":0.01,""primary_metric"":""top1_accuracy""}","[""top5_accuracy""]",[],True,24df52d0032a21e600cf61db63d747d1ca56a8bd72da3b1829d0fe6f22262d40,242d42734077455da38167d6a61773c270e332c4b05779879bffb4bae03993e6,059b455d572771f5264a580d38027ff35c7c066fc160eaec4a249500ac1286e9,53cd4e3470f5d4d47a6d94e97c751d09102daffcd9a1e363ce083be5cf1b880e,
resnet50,classification,b003,hailo10h_to_trt,orin_nx_hailo10_01,hailo10h_to_trt,hailo10h_to_trt,composed,,completed,screening,fail,fail,primary:top1_accuracy:decision:fail;primary:top1_accuracy:bootstrap_skipped_reason:point_estimate_below_non_inferiority_margin;guardrail:top5_accuracy:decision:pass;guardrail:top5_accuracy:bootstrap_skipped_reason:point_estimate_below_non_inferiority_margin,,,top1_accuracy,0.8,0.812,-0.012,-0.012,-0.012,0.01,500,0,management_process_pool:onnx_splitpoint_tool.quality_metrics:classification_quality_evaluator,point_estimate_below_non_inferiority_margin,0.01718855695798993,,,,,,,,,,,,,,,,,,500,,,,,,16894557ce395ef7351db9e78a869ff4b0ace1ed5f9fd075950ef7a134331b9b,fail,management_paired_quality_v2:classification-accuracy-v2,2,"{""guardrails"":{""top5_accuracy_margin"":0.01},""non_inferiority_margin"":0.01,""primary_metric"":""top1_accuracy""}","[""top5_accuracy""]",[],True,24df52d0032a21e600cf61db63d747d1ca56a8bd72da3b1829d0fe6f22262d40,b4452402cb1501127f300c8d58685a269206bf03c3c0bbb9c8813af83e1074ca,059b455d572771f5264a580d38027ff35c7c066fc160eaec4a249500ac1286e9,ea96ebd05f3acf50796d28b035216c863494f1401b8e78a177071365f5bcb888,
resnet50,classification,b008,hailo10h_to_trt,orin_nx_hailo10_01,hailo10h_to_trt,hailo10h_to_trt,composed,,completed,screening,inconclusive,inconclusive,primary:top1_accuracy:decision:pass;guardrail:top5_accuracy:decision:inconclusive,,,top1_accuracy,0.814,0.812,0.002,-0.01,0.014,0.01,500,500,management_process_pool:onnx_splitpoint_tool.quality_metrics:classification_quality_evaluator,,0.08353509393054992,,,,,,,,,,,,,,,,,,500,,,,,,1650e3619255b1ab8bc932fa313a9301dc95a4a18afd644b6a3350955bf0985e,inconclusive,management_paired_quality_v2:classification-accuracy-v2,2,"{""guardrails"":{""top5_accuracy_margin"":0.01},""non_inferiority_margin"":0.01,""primary_metric"":""top1_accuracy""}","[""top5_accuracy""]",[],True,24df52d0032a21e600cf61db63d747d1ca56a8bd72da3b1829d0fe6f22262d40,b34b68c3defe486d21f9e93d5983f469dae2f8d7e384a144775cb1d966d88635,059b455d572771f5264a580d38027ff35c7c066fc160eaec4a249500ac1286e9,256436b5afaf46e5fbd068769e96a5af7d675584373ee6d946364713733e6895,
resnet50,classification,b009,hailo10h_to_trt,orin_nx_hailo10_01,hailo10h_to_trt,hailo10h_to_trt,composed,,completed,screening,inconclusive,inconclusive,primary:top1_accuracy:decision:inconclusive;guardrail:top5_accuracy:decision:pass,,,top1_accuracy,0.812,0.812,0.0,-0.012,0.012,0.01,500,500,management_process_pool:onnx_splitpoint_tool.quality_metrics:classification_quality_evaluator,,0.09995664900634438,,,,,,,,,,,,,,,,,,500,,,,,,b51cc396dd994262a875ba3fd1891aa3a3c74cc631054ad5a65229e999f945a4,inconclusive,management_paired_quality_v2:classification-accuracy-v2,2,"{""guardrails"":{""top5_accuracy_margin"":0.01},""non_inferiority_margin"":0.01,""primary_metric"":""top1_accuracy""}","[""top5_accuracy""]",[],True,24df52d0032a21e600cf61db63d747d1ca56a8bd72da3b1829d0fe6f22262d40,eaa4668d26efe094191d43b01e0906498e0e9aec2f70760de9359055cfd47604,059b455d572771f5264a580d38027ff35c7c066fc160eaec4a249500ac1286e9,c85cf9a3b95ee9a8e0dfcaeabb199e1d4a722edfaefcd3839eaa1504f69ba070,
resnet50,classification,b020,hailo10h_to_trt,orin_nx_hailo10_01,hailo10h_to_trt,hailo10h_to_trt,composed,,completed,screening,inconclusive,inconclusive,primary:top1_accuracy:decision:inconclusive;guardrail:top5_accuracy:decision:inconclusive,,,top1_accuracy,0.81,0.812,-0.002,-0.014,0.008,0.01,500,500,management_process_pool:onnx_splitpoint_tool.quality_metrics:classification_quality_evaluator,,0.04315780207980424,,,,,,,,,,,,,,,,,,500,,,,,,8b5b7b52da695c80a032ca47881d8e341ceed6994dd9534d5ad4b6bc330aeecb,inconclusive,management_paired_quality_v2:classification-accuracy-v2,2,"{""guardrails"":{""top5_accuracy_margin"":0.01},""non_inferiority_margin"":0.01,""primary_metric"":""top1_accuracy""}","[""top5_accuracy""]",[],True,24df52d0032a21e600cf61db63d747d1ca56a8bd72da3b1829d0fe6f22262d40,539a10275ed8d72f6e2f67fdcf5bc07c90dd1bb00aa304ccbddbe467aa899260,059b455d572771f5264a580d38027ff35c7c066fc160eaec4a249500ac1286e9,3c3270172b2e7c7acd525598d1fc847e5467a7e2f489a8b975bf459d6e02b115,
resnet50,classification,b022,hailo10h_to_trt,orin_nx_hailo10_01,hailo10h_to_trt,hailo10h_to_trt,composed,,completed,screening,inconclusive,inconclusive,primary:top1_accuracy:decision:pass;guardrail:top5_accuracy:decision:inconclusive,,,top1_accuracy,0.82,0.812,0.008,-0.004,0.022,0.01,500,500,management_process_pool:onnx_splitpoint_tool.quality_metrics:classification_quality_evaluator,,0.25691231701057404,,,,,,,,,,,,,,,,,,500,,,,,,d408638e4951d79e6b2c5d4d814c74c27a07681d06fc131fb54564d640cc833c,inconclusive,management_paired_quality_v2:classification-accuracy-v2,2,"{""guardrails"":{""top5_accuracy_margin"":0.01},""non_inferiority_margin"":0.01,""primary_metric"":""top1_accuracy""}","[""top5_accuracy""]",[],True,24df52d0032a21e600cf61db63d747d1ca56a8bd72da3b1829d0fe6f22262d40,258c4a2bf734873cfa99369fc88535d0f400367e08c28b106092e0ea935f2a08,059b455d572771f5264a580d38027ff35c7c066fc160eaec4a249500ac1286e9,a964442986b54131e354870a353da169a2f7eddd0a24cb079b67eb47696880f2,
resnet50,classification,b027,hailo10h_to_trt,orin_nx_hailo10_01,hailo10h_to_trt,hailo10h_to_trt,composed,,completed,screening,inconclusive,inconclusive,primary:top1_accuracy:decision:inconclusive;guardrail:top5_accuracy:decision:inconclusive,,,top1_accuracy,0.804,0.812,-0.008,-0.02,0.004,0.01,500,500,management_process_pool:onnx_splitpoint_tool.quality_metrics:classification_quality_evaluator,,0.06492352299392223,,,,,,,,,,,,,,,,,,500,,,,,,3899ab936a8d3bbb77c86fafb095e681b5a91dd420a0c5436f3029b310dc5543,inconclusive,management_paired_quality_v2:classification-accuracy-v2,2,"{""guardrails"":{""top5_accuracy_margin"":0.01},""non_inferiority_margin"":0.01,""primary_metric"":""top1_accuracy""}","[""top5_accuracy""]",[],True,24df52d0032a21e600cf61db63d747d1ca56a8bd72da3b1829d0fe6f22262d40,68dd86f22703c2d0db4f4f4e56ece0f4aaa58b651cb316c4e76c0bac581f4406,059b455d572771f5264a580d38027ff35c7c066fc160eaec4a249500ac1286e9,5a72bdcb2c972dc66142fe0183392fcaf41e5b2f9483b6ca942f7b46f15dbdf4,
resnet50,classification,b042,hailo10h_to_trt,orin_nx_hailo10_01,hailo10h_to_trt,hailo10h_to_trt,composed,,completed,screening,fail,fail,primary:top1_accuracy:decision:fail;primary:top1_accuracy:bootstrap_skipped_reason:point_estimate_below_non_inferiority_margin;guardrail:top5_accuracy:decision:pass;guardrail:top5_accuracy:bootstrap_skipped_reason:point_estimate_below_non_inferiority_margin,,,top1_accuracy,0.8,0.812,-0.012,-0.012,-0.012,0.01,500,0,management_process_pool:onnx_splitpoint_tool.quality_metrics:classification_quality_evaluator,point_estimate_below_non_inferiority_margin,0.07980547798797488,,,,,,,,,,,,,,,,,,500,,,,,,264a96945b07c9ab485625f3ec225bdb2bfd49037cf94941194573590714eb25,fail,management_paired_quality_v2:classification-accuracy-v2,2,"{""guardrails"":{""top5_accuracy_margin"":0.01},""non_inferiority_margin"":0.01,""primary_metric"":""top1_accuracy""}","[""top5_accuracy""]",[],True,24df52d0032a21e600cf61db63d747d1ca56a8bd72da3b1829d0fe6f22262d40,983ae0b6151e6ac29c1dce9bf3cb3415b319f176a7bc62406b4dea53492c227c,059b455d572771f5264a580d38027ff35c7c066fc160eaec4a249500ac1286e9,cf84dff8e92d0046889330d7ce40dca0c3d990f97ee63535a6d230cc985facfb,
resnet50,classification,b052,hailo10h_to_trt,orin_nx_hailo10_01,hailo10h_to_trt,hailo10h_to_trt,composed,,completed,screening,fail,fail,primary:top1_accuracy:decision:fail;primary:top1_accuracy:bootstrap_skipped_reason:point_estimate_below_non_inferiority_margin;guardrail:top5_accuracy:decision:pass;guardrail:top5_accuracy:bootstrap_skipped_reason:point_estimate_below_non_inferiority_margin,,,top1_accuracy,0.8,0.812,-0.012,-0.012,-0.012,0.01,500,0,management_process_pool:onnx_splitpoint_tool.quality_metrics:classification_quality_evaluator,point_estimate_below_non_inferiority_margin,0.03463550505694002,,,,,,,,,,,,,,,,,,500,,,,,,3cd6b13e4718ac88c93850310e5ede1f379245a67eae7b5ed65df55525247600,fail,management_paired_quality_v2:classification-accuracy-v2,2,"{""guardrails"":{""top5_accuracy_margin"":0.01},""non_inferiority_margin"":0.01,""primary_metric"":""top1_accuracy""}","[""top5_accuracy""]",[],True,24df52d0032a21e600cf61db63d747d1ca56a8bd72da3b1829d0fe6f22262d40,0c14e0e856407a337020f61addc323839789746dd6e612ba8c2a78c27cf77fc9,059b455d572771f5264a580d38027ff35c7c066fc160eaec4a249500ac1286e9,ea001f6f7ac038318ab9071a6888377aa1c5f1a3ef66b3b88a83925c8c033d26,
resnet50,classification,b054,hailo10h_to_trt,orin_nx_hailo10_01,hailo10h_to_trt,hailo10h_to_trt,composed,,completed,screening,inconclusive,inconclusive,primary:top1_accuracy:decision:inconclusive;guardrail:top5_accuracy:decision:inconclusive,,,top1_accuracy,0.804,0.812,-0.008,-0.022,0.006,0.01,500,500,management_process_pool:onnx_splitpoint_tool.quality_metrics:classification_quality_evaluator,,0.16536578501109034,,,,,,,,,,,,,,,,,,500,,,,,,71ec51bad2422b48a4a2b915907c0455b1231caacaa3f9852358e9c08975c550,inconclusive,management_paired_quality_v2:classification-accuracy-v2,2,"{""guardrails"":{""top5_accuracy_margin"":0.01},""non_inferiority_margin"":0.01,""primary_metric"":""top1_accuracy""}","[""top5_accuracy""]",[],True,24df52d0032a21e600cf61db63d747d1ca56a8bd72da3b1829d0fe6f22262d40,6a7d9f80c4f4a51b67df1d3b28cb8a9ec0b3ef33d52d5e71ff668793562cb7d7,059b455d572771f5264a580d38027ff35c7c066fc160eaec4a249500ac1286e9,029c325c80561018dc2cb031273c49fdd5d3506e34ad23847f207a57b0213454,
resnet50,classification,b056,hailo10h_to_trt,orin_nx_hailo10_01,hailo10h_to_trt,hailo10h_to_trt,composed,,completed,screening,inconclusive,inconclusive,primary:top1_accuracy:decision:inconclusive;guardrail:top5_accuracy:decision:inconclusive,,,top1_accuracy,0.806,0.812,-0.006,-0.016,0.006,0.01,500,500,management_process_pool:onnx_splitpoint_tool.quality_metrics:classification_quality_evaluator,,0.22634667297825217,,,,,,,,,,,,,,,,,,500,,,,,,0bac16ed30bb7ce59efed4f73894babc2dc00278bd7db520fe0c09ad0e6bc56c,inconclusive,management_paired_quality_v2:classification-accuracy-v2,2,"{""guardrails"":{""top5_accuracy_margin"":0.01},""non_inferiority_margin"":0.01,""primary_metric"":""top1_accuracy""}","[""top5_accuracy""]",[],True,24df52d0032a21e600cf61db63d747d1ca56a8bd72da3b1829d0fe6f22262d40,5149421d8893358cdbd20dfc88a3a18cea2c054cb4c588440f01748fe8dbc21a,059b455d572771f5264a580d38027ff35c7c066fc160eaec4a249500ac1286e9,b812d0704fd3edc964cda7bde929e1ccad7099ea6df36181f06e18f0c44d19f6,
resnet50,classification,b068,hailo10h_to_trt,orin_nx_hailo10_01,hailo10h_to_trt,hailo10h_to_trt,composed,,completed,screening,inconclusive,inconclusive,primary:top1_accuracy:decision:inconclusive;guardrail:top5_accuracy:decision:pass,,,top1_accuracy,0.804,0.812,-0.008,-0.022,0.004099999999999909,0.01,500,500,management_process_pool:onnx_splitpoint_tool.quality_metrics:classification_quality_evaluator,,0.07787006406579167,,,,,,,,,,,,,,,,,,500,,,,,,29b0f1d3ceb3aa3185de9d42d4b8b2b3c37b4f720ab0861020702d0a81090dee,inconclusive,management_paired_quality_v2:classification-accuracy-v2,2,"{""guardrails"":{""top5_accuracy_margin"":0.01},""non_inferiority_margin"":0.01,""primary_metric"":""top1_accuracy""}","[""top5_accuracy""]",[],True,24df52d0032a21e600cf61db63d747d1ca56a8bd72da3b1829d0fe6f22262d40,32f8abfdb852cacf085d687b38681b89b9e1fdda99b3bb58d2cfaade9489cb30,059b455d572771f5264a580d38027ff35c7c066fc160eaec4a249500ac1286e9,da9a686cdd9bcf77abe19a6df2a167350d016f3c7314fee150d19d76438a0f4e,
resnet50,classification,b074,hailo10h_to_trt,orin_nx_hailo10_01,hailo10h_to_trt,hailo10h_to_trt,composed,,completed,screening,inconclusive,inconclusive,primary:top1_accuracy:decision:inconclusive;guardrail:top5_accuracy:decision:pass,,,top1_accuracy,0.812,0.812,0.0,-0.01409999999999996,0.014,0.01,500,500,management_process_pool:onnx_splitpoint_tool.quality_metrics:classification_quality_evaluator,,0.17384455597493798,,,,,,,,,,,,,,,,,,500,,,,,,cfe348bbba6d7c2ff464cf58b8fe3fd8ee4dc0e1906b77f8b8d830becd658933,inconclusive,management_paired_quality_v2:classification-accuracy-v2,2,"{""guardrails"":{""top5_accuracy_margin"":0.01},""non_inferiority_margin"":0.01,""primary_metric"":""top1_accuracy""}","[""top5_accuracy""]",[],True,24df52d0032a21e600cf61db63d747d1ca56a8bd72da3b1829d0fe6f22262d40,fb9c02c9c5fa20318b74f8990945507f97e7746c5e54aefa3898afdeff34d446,059b455d572771f5264a580d38027ff35c7c066fc160eaec4a249500ac1286e9,1905fc3e15db6823cc78ad2839ce9dbdc5e7d88d39883c373faa4bc0591789dd,
resnet50,classification,b078,hailo10h_to_trt,orin_nx_hailo10_01,hailo10h_to_trt,hailo10h_to_trt,composed,,completed,screening,inconclusive,inconclusive,primary:top1_accuracy:decision:inconclusive;guardrail:top5_accuracy:decision:pass,,,top1_accuracy,0.806,0.812,-0.006,-0.02,0.006,0.01,500,500,management_process_pool:onnx_splitpoint_tool.quality_metrics:classification_quality_evaluator,,0.2374238409101963,,,,,,,,,,,,,,,,,,500,,,,,,952ad5c562a537af5042f643b88580628c38c1ef39c88723f2e20575f6a61fb5,inconclusive,management_paired_quality_v2:classification-accuracy-v2,2,"{""guardrails"":{""top5_accuracy_margin"":0.01},""non_inferiority_margin"":0.01,""primary_metric"":""top1_accuracy""}","[""top5_accuracy""]",[],True,24df52d0032a21e600cf61db63d747d1ca56a8bd72da3b1829d0fe6f22262d40,8148120da11772c6655368f12924d55a4b7ccd889ba946fb3ed8f4074dfece4e,059b455d572771f5264a580d38027ff35c7c066fc160eaec4a249500ac1286e9,aac0d310f9a856740c086fd16018f0217f6aebcfc5a64f582cc7278db77bf244,
resnet50,classification,b091,hailo10h_to_trt,orin_nx_hailo10_01,hailo10h_to_trt,hailo10h_to_trt,composed,,completed,screening,inconclusive,inconclusive,primary:top1_accuracy:decision:inconclusive;guardrail:top5_accuracy:decision:pass,,,top1_accuracy,0.804,0.812,-0.008,-0.022,0.006,0.01,500,500,management_process_pool:onnx_splitpoint_tool.quality_metrics:classification_quality_evaluator,,0.23816395306494087,,,,,,,,,,,,,,,,,,500,,,,,,fa0be42c69e1269d5de48e2a96ff7d3034409887991a8dd10b6eebfb3f67add8,inconclusive,management_paired_quality_v2:classification-accuracy-v2,2,"{""guardrails"":{""top5_accuracy_margin"":0.01},""non_inferiority_margin"":0.01,""primary_metric"":""top1_accuracy""}","[""top5_accuracy""]",[],True,24df52d0032a21e600cf61db63d747d1ca56a8bd72da3b1829d0fe6f22262d40,78a0efcc0b235916c781e9c24799380de60948e0a6574354d1fbcc2e9be55a08,059b455d572771f5264a580d38027ff35c7c066fc160eaec4a249500ac1286e9,c7c0039ee41b8990ee072a8850aa1df6f54d210df2cef9ddcb0bb829c4a1ecbf,
resnet50,classification,b095,hailo10h_to_trt,orin_nx_hailo10_01,hailo10h_to_trt,hailo10h_to_trt,composed,,completed,screening,inconclusive,inconclusive,primary:top1_accuracy:decision:inconclusive;guardrail:top5_accuracy:decision:inconclusive,,,top1_accuracy,0.81,0.812,-0.002,-0.016,0.012,0.01,500,500,management_process_pool:onnx_splitpoint_tool.quality_metrics:classification_quality_evaluator,,0.02611483004875481,,,,,,,,,,,,,,,,,,500,,,,,,fab5af8f7d83aaf8d2da7141e5f8692348ba363e8da25ecee77a07eace5f7905,inconclusive,management_paired_quality_v2:classification-accuracy-v2,2,"{""guardrails"":{""top5_accuracy_margin"":0.01},""non_inferiority_margin"":0.01,""primary_metric"":""top1_accuracy""}","[""top5_accuracy""]",[],True,24df52d0032a21e600cf61db63d747d1ca56a8bd72da3b1829d0fe6f22262d40,89931ca76bff896dca353ee72fb6117975a60e7a647d636bfd04f8584aa22275,059b455d572771f5264a580d38027ff35c7c066fc160eaec4a249500ac1286e9,ddd217a3031042e3708ca08f44e4aa38484f8d938704cbbf3a100a67c0ef473d,
resnet50,classification,b107,hailo10h_to_trt,orin_nx_hailo10_01,hailo10h_to_trt,hailo10h_to_trt,composed,,completed,screening,pass,pass,primary:top1_accuracy:decision:pass;guardrail:top5_accuracy:decision:pass,,,top1_accuracy,0.814,0.812,0.002,-0.01,0.014,0.01,500,500,management_process_pool:onnx_splitpoint_tool.quality_metrics:classification_quality_evaluator,,0.21948744100518525,,,,,,,,,,,,,,,,,,500,,,,,,8a4ddde0c1e7635780ef42c7e81d1c2d22fbdd8ad8c25d360d8b3c27174984e7,pass,management_paired_quality_v2:classification-accuracy-v2,2,"{""guardrails"":{""top5_accuracy_margin"":0.01},""non_inferiority_margin"":0.01,""primary_metric"":""top1_accuracy""}","[""top5_accuracy""]",[],True,24df52d0032a21e600cf61db63d747d1ca56a8bd72da3b1829d0fe6f22262d40,68e4984769f23bfb43c8a02873eb95cfe41be7fc88c783e1642788d77e0b670e,059b455d572771f5264a580d38027ff35c7c066fc160eaec4a249500ac1286e9,fac6a4521af6d17de24bad15c1944d757417da152a2874eeb56721d8ca50f55f,
resnet50,classification,b112,hailo10h_to_trt,orin_nx_hailo10_01,hailo10h_to_trt,hailo10h_to_trt,composed,,completed,screening,inconclusive,inconclusive,primary:top1_accuracy:decision:inconclusive;guardrail:top5_accuracy:decision:pass,,,top1_accuracy,0.814,0.812,0.002,-0.012,0.016,0.01,500,500,management_process_pool:onnx_splitpoint_tool.quality_metrics:classification_quality_evaluator,,0.0929184480337426,,,,,,,,,,,,,,,,,,500,,,,,,ef7eb6bf9d2c38860d14400905065193fb06d7d32e8084e260f1b888eb89fbc7,inconclusive,management_paired_quality_v2:classification-accuracy-v2,2,"{""guardrails"":{""top5_accuracy_margin"":0.01},""non_inferiority_margin"":0.01,""primary_metric"":""top1_accuracy""}","[""top5_accuracy""]",[],True,24df52d0032a21e600cf61db63d747d1ca56a8bd72da3b1829d0fe6f22262d40,b38f26fcfcde2f290c928c1a83556e68906462687e3d0b5d3a3f92ddf7131575,059b455d572771f5264a580d38027ff35c7c066fc160eaec4a249500ac1286e9,c58b85c2db185700cfe10644dd40d5bbb3efe4f8856e7052094cc412a66b1e11,
resnet50,classification,b118,hailo10h_to_trt,orin_nx_hailo10_01,hailo10h_to_trt,hailo10h_to_trt,composed,,completed,screening,inconclusive,inconclusive,primary:top1_accuracy:decision:inconclusive;guardrail:top5_accuracy:decision:pass,,,top1_accuracy,0.812,0.812,0.0,-0.014,0.014,0.01,500,500,management_process_pool:onnx_splitpoint_tool.quality_metrics:classification_quality_evaluator,,0.19754206796642393,,,,,,,,,,,,,,,,,,500,,,,,,dfbcc300d7f50ae79422fd96969041739d2dfaf2550f8413b4942171c81ace0c,inconclusive,management_paired_quality_v2:classification-accuracy-v2,2,"{""guardrails"":{""top5_accuracy_margin"":0.01},""non_inferiority_margin"":0.01,""primary_metric"":""top1_accuracy""}","[""top5_accuracy""]",[],True,24df52d0032a21e600cf61db63d747d1ca56a8bd72da3b1829d0fe6f22262d40,dedb4975a7ba2d7b43c327f473c6a76f19ef738456ee2e28072c06750bdc4da4,059b455d572771f5264a580d38027ff35c7c066fc160eaec4a249500ac1286e9,ff4056c452479404acd144a20d1f65322352c7b20cf59a0d4d04f55a2c2177b9,
resnet50,classification,b119,hailo10h_to_trt,orin_nx_hailo10_01,hailo10h_to_trt,hailo10h_to_trt,composed,,completed,screening,pass,pass,primary:top1_accuracy:decision:pass;guardrail:top5_accuracy:decision:pass,,,top1_accuracy,0.816,0.812,0.004,-0.01,0.018,0.01,500,500,management_process_pool:onnx_splitpoint_tool.quality_metrics:classification_quality_evaluator,,0.022970805992372334,,,,,,,,,,,,,,,,,,500,,,,,,49186983106d7cb193abb387c072971cb72b877f263a84ed4f5fd8c5c2a6002a,pass,management_paired_quality_v2:classification-accuracy-v2,2,"{""guardrails"":{""top5_accuracy_margin"":0.01},""non_inferiority_margin"":0.01,""primary_metric"":""top1_accuracy""}","[""top5_accuracy""]",[],True,24df52d0032a21e600cf61db63d747d1ca56a8bd72da3b1829d0fe6f22262d40,4edb3a62c959976e0126413474498102bfd58cb791f88b363b9940f61e21ae1f,059b455d572771f5264a580d38027ff35c7c066fc160eaec4a249500ac1286e9,79a1f2402d7aad188f24a800858578e3865ef5ecb0d21481afa4947d5e63be53,
resnet50,classification,b119,hailo8,orin_nx_hailo8_01,hailo8,hailo8,full,,completed,screening,inconclusive,inconclusive,primary:top1_accuracy:decision:inconclusive;guardrail:top5_accuracy:decision:pass,,,top1_accuracy,0.81,0.812,-0.002,-0.014,0.008,0.01,500,500,management_process_pool:onnx_splitpoint_tool.quality_metrics:classification_quality_evaluator,,0.10690155089832842,,,,,,,,,,,,,,,,,,500,,,,,,9a66acf540a940face0770ae8175b0cfdfb8f71d543f243b054474bb48954cbd,inconclusive,management_paired_quality_v2:classification-accuracy-v2,2,"{""guardrails"":{""top5_accuracy_margin"":0.01},""non_inferiority_margin"":0.01,""primary_metric"":""top1_accuracy""}","[""top5_accuracy""]",[],True,24df52d0032a21e600cf61db63d747d1ca56a8bd72da3b1829d0fe6f22262d40,e035fb0ec2da5b10f04d746c8f053f0bfe0199e995d59b859c9ad6c31ab81ed0,059b455d572771f5264a580d38027ff35c7c066fc160eaec4a249500ac1286e9,8a99d7d323d03a775a61aee50f49ca897a49a885e8a92319abf2c283fcea6666,
resnet50,classification,b001,hailo8_to_trt,orin_nx_hailo8_01,hailo8_to_trt,hailo8_to_trt,composed,,completed,screening,fail,fail,primary:top1_accuracy:decision:fail;primary:top1_accuracy:bootstrap_skipped_reason:point_estimate_below_non_inferiority_margin;guardrail:top5_accuracy:decision:pass;guardrail:top5_accuracy:bootstrap_skipped_reason:point_estimate_below_non_inferiority_margin,,,top1_accuracy,0.8,0.812,-0.012,-0.012,-0.012,0.01,500,0,management_process_pool:onnx_splitpoint_tool.quality_metrics:classification_quality_evaluator,point_estimate_below_non_inferiority_margin,0.1587979409378022,,,,,,,,,,,,,,,,,,500,,,,,,edb031e6578d228af6bce71e50b77d1cecf550973222c3a65f7be2b3b71660a7,fail,management_paired_quality_v2:classification-accuracy-v2,2,"{""guardrails"":{""top5_accuracy_margin"":0.01},""non_inferiority_margin"":0.01,""primary_metric"":""top1_accuracy""}","[""top5_accuracy""]",[],True,24df52d0032a21e600cf61db63d747d1ca56a8bd72da3b1829d0fe6f22262d40,242d42734077455da38167d6a61773c270e332c4b05779879bffb4bae03993e6,059b455d572771f5264a580d38027ff35c7c066fc160eaec4a249500ac1286e9,f7a0ca6802bf52872d33904fec1dd7aca278120c393d8060a0e2d4ede6575232,
resnet50,classification,b003,hailo8_to_trt,orin_nx_hailo8_01,hailo8_to_trt,hailo8_to_trt,composed,,completed,screening,inconclusive,inconclusive,primary:top1_accuracy:decision:inconclusive;guardrail:top5_accuracy:decision:pass,,,top1_accuracy,0.802,0.812,-0.01,-0.024,0.002,0.01,500,500,management_process_pool:onnx_splitpoint_tool.quality_metrics:classification_quality_evaluator,,0.033401407999917865,,,,,,,,,,,,,,,,,,500,,,,,,485e212a3bf861dd9005340b32689280f43d9bc8a609ef0bb7e58b1319e32703,inconclusive,management_paired_quality_v2:classification-accuracy-v2,2,"{""guardrails"":{""top5_accuracy_margin"":0.01},""non_inferiority_margin"":0.01,""primary_metric"":""top1_accuracy""}","[""top5_accuracy""]",[],True,24df52d0032a21e600cf61db63d747d1ca56a8bd72da3b1829d0fe6f22262d40,da0699468c59872d154db93e4be999f5cfc98310e9e3c93365c9b6614f907228,059b455d572771f5264a580d38027ff35c7c066fc160eaec4a249500ac1286e9,db36fcbecbdc509a974db6f0d24f8e9224934c9a8f9f1e0a869e2c4f3395072c,
resnet50,classification,b008,hailo8_to_trt,orin_nx_hailo8_01,hailo8_to_trt,hailo8_to_trt,composed,,completed,screening,inconclusive,inconclusive,primary:top1_accuracy:decision:inconclusive;guardrail:top5_accuracy:decision:pass,,,top1_accuracy,0.812,0.812,0.0,-0.012,0.012,0.01,500,500,management_process_pool:onnx_splitpoint_tool.quality_metrics:classification_quality_evaluator,,0.07963502395432442,,,,,,,,,,,,,,,,,,500,,,,,,3314c049f45044f20232d130db8cbeecb06c815f04d1cdd5c6c76256fb3b3363,inconclusive,management_paired_quality_v2:classification-accuracy-v2,2,"{""guardrails"":{""top5_accuracy_margin"":0.01},""non_inferiority_margin"":0.01,""primary_metric"":""top1_accuracy""}","[""top5_accuracy""]",[],True,24df52d0032a21e600cf61db63d747d1ca56a8bd72da3b1829d0fe6f22262d40,82098fe0adaab16569184422adbba91452f7367e433ce88f72ffbc4f713dee1c,059b455d572771f5264a580d38027ff35c7c066fc160eaec4a249500ac1286e9,437a550f0ae5c6da5819ec90070e97adf9ef3692f72aac8df89db2903d3269f9,
resnet50,classification,b009,hailo8_to_trt,orin_nx_hailo8_01,hailo8_to_trt,hailo8_to_trt,composed,,completed,screening,inconclusive,inconclusive,primary:top1_accuracy:decision:inconclusive;guardrail:top5_accuracy:decision:inconclusive,,,top1_accuracy,0.812,0.812,0.0,-0.012,0.012,0.01,500,500,management_process_pool:onnx_splitpoint_tool.quality_metrics:classification_quality_evaluator,,0.07301649206783623,,,,,,,,,,,,,,,,,,500,,,,,,4e86de305914186ad417eaa3ecc1b31fb9c90c50d3847ebcee4c6060ae817e8e,inconclusive,management_paired_quality_v2:classification-accuracy-v2,2,"{""guardrails"":{""top5_accuracy_margin"":0.01},""non_inferiority_margin"":0.01,""primary_metric"":""top1_accuracy""}","[""top5_accuracy""]",[],True,24df52d0032a21e600cf61db63d747d1ca56a8bd72da3b1829d0fe6f22262d40,6bd133b3beba541cc1a211e2f9c1fab9a901a41c1111a1aef623f86885097f55,059b455d572771f5264a580d38027ff35c7c066fc160eaec4a249500ac1286e9,6c488474babb7e4aada019d882dd636ff0163d951d28f3865b27deb1e9aa1959,
resnet50,classification,b020,hailo8_to_trt,orin_nx_hailo8_01,hailo8_to_trt,hailo8_to_trt,composed,,completed,screening,inconclusive,inconclusive,primary:top1_accuracy:decision:inconclusive;guardrail:top5_accuracy:decision:inconclusive,,,top1_accuracy,0.81,0.812,-0.002,-0.014,0.008,0.01,500,500,management_process_pool:onnx_splitpoint_tool.quality_metrics:classification_quality_evaluator,,0.04315780207980424,,,,,,,,,,,,,,,,,,500,,,,,,8b5b7b52da695c80a032ca47881d8e341ceed6994dd9534d5ad4b6bc330aeecb,inconclusive,management_paired_quality_v2:classification-accuracy-v2,2,"{""guardrails"":{""top5_accuracy_margin"":0.01},""non_inferiority_margin"":0.01,""primary_metric"":""top1_accuracy""}","[""top5_accuracy""]",[],True,24df52d0032a21e600cf61db63d747d1ca56a8bd72da3b1829d0fe6f22262d40,539a10275ed8d72f6e2f67fdcf5bc07c90dd1bb00aa304ccbddbe467aa899260,059b455d572771f5264a580d38027ff35c7c066fc160eaec4a249500ac1286e9,3c3270172b2e7c7acd525598d1fc847e5467a7e2f489a8b975bf459d6e02b115,
resnet50,classification,b022,hailo8_to_trt,orin_nx_hailo8_01,hailo8_to_trt,hailo8_to_trt,composed,,completed,screening,inconclusive,inconclusive,primary:top1_accuracy:decision:pass;guardrail:top5_accuracy:decision:inconclusive,,,top1_accuracy,0.818,0.812,0.006,-0.008,0.02,0.01,500,500,management_process_pool:onnx_splitpoint_tool.quality_metrics:classification_quality_evaluator,,0.028450762969441712,,,,,,,,,,,,,,,,,,500,,,,,,d1ec6b6c624fa9774b4dbc8e048c2fda808cec0f285ad139ecc71fe4ba983567,inconclusive,management_paired_quality_v2:classification-accuracy-v2,2,"{""guardrails"":{""top5_accuracy_margin"":0.01},""non_inferiority_margin"":0.01,""primary_metric"":""top1_accuracy""}","[""top5_accuracy""]",[],True,24df52d0032a21e600cf61db63d747d1ca56a8bd72da3b1829d0fe6f22262d40,7bde05269af36129b102a1daeaf4c6560fa8c919989bcec8b09685ba77cd205f,059b455d572771f5264a580d38027ff35c7c066fc160eaec4a249500ac1286e9,688eb2b5edb9d419e26e6e4a87ca421dba4bc562d7f9c8445937ae1b2f3c3062,
resnet50,classification,b027,hailo8_to_trt,orin_nx_hailo8_01,hailo8_to_trt,hailo8_to_trt,composed,,completed,screening,inconclusive,inconclusive,primary:top1_accuracy:decision:inconclusive;guardrail:top5_accuracy:decision:inconclusive,,,top1_accuracy,0.808,0.812,-0.004,-0.014,0.008,0.01,500,500,management_process_pool:onnx_splitpoint_tool.quality_metrics:classification_quality_evaluator,,0.038032857002690434,,,,,,,,,,,,,,,,,,500,,,,,,570ccb367828684763add52d6e419448276583bd96040f96f8a4d73c55f11dbb,inconclusive,management_paired_quality_v2:classification-accuracy-v2,2,"{""guardrails"":{""top5_accuracy_margin"":0.01},""non_inferiority_margin"":0.01,""primary_metric"":""top1_accuracy""}","[""top5_accuracy""]",[],True,24df52d0032a21e600cf61db63d747d1ca56a8bd72da3b1829d0fe6f22262d40,bef1bb9c3907fc064c116a5d1a84284587af7f8d8e9916842f550c846608e448,059b455d572771f5264a580d38027ff35c7c066fc160eaec4a249500ac1286e9,24d7507421089dfb0387bf087039863c12b34da9805e8612d7f1d8059f326ae5,
resnet50,classification,b042,hailo8_to_trt,orin_nx_hailo8_01,hailo8_to_trt,hailo8_to_trt,composed,,completed,screening,inconclusive,inconclusive,primary:top1_accuracy:decision:inconclusive;guardrail:top5_accuracy:decision:inconclusive,,,top1_accuracy,0.806,0.812,-0.006,-0.018099999999999956,0.006,0.01,500,500,management_process_pool:onnx_splitpoint_tool.quality_metrics:classification_quality_evaluator,,0.1908095789840445,,,,,,,,,,,,,,,,,,500,,,,,,d86a257aedd89f71f17e9e916ca667a0a25bcd03ddaf967d30bcf8e2d8860eb2,inconclusive,management_paired_quality_v2:classification-accuracy-v2,2,"{""guardrails"":{""top5_accuracy_margin"":0.01},""non_inferiority_margin"":0.01,""primary_metric"":""top1_accuracy""}","[""top5_accuracy""]",[],True,24df52d0032a21e600cf61db63d747d1ca56a8bd72da3b1829d0fe6f22262d40,41b21d785531b55eff1f0aea45bf2ff77845e19a5b6d0cc005035cf7c69311d4,059b455d572771f5264a580d38027ff35c7c066fc160eaec4a249500ac1286e9,573308f8d8c1683ca15663342558136ec410dc20058b18c6d4ec66967fe11aa2,
resnet50,classification,b052,hailo8_to_trt,orin_nx_hailo8_01,hailo8_to_trt,hailo8_to_trt,composed,,completed,screening,fail,fail,primary:top1_accuracy:decision:fail;primary:top1_accuracy:bootstrap_skipped_reason:point_estimate_below_non_inferiority_margin;guardrail:top5_accuracy:decision:pass;guardrail:top5_accuracy:bootstrap_skipped_reason:point_estimate_below_non_inferiority_margin,,,top1_accuracy,0.798,0.812,-0.014,-0.014,-0.014,0.01,500,0,management_process_pool:onnx_splitpoint_tool.quality_metrics:classification_quality_evaluator,point_estimate_below_non_inferiority_margin,0.10595789994113147,,,,,,,,,,,,,,,,,,500,,,,,,df967f37c2497ee62b42ce3b173f1c303c8694b737e3e1044cc86cb671facfcd,fail,management_paired_quality_v2:classification-accuracy-v2,2,"{""guardrails"":{""top5_accuracy_margin"":0.01},""non_inferiority_margin"":0.01,""primary_metric"":""top1_accuracy""}","[""top5_accuracy""]",[],True,24df52d0032a21e600cf61db63d747d1ca56a8bd72da3b1829d0fe6f22262d40,0bf7562b5be9a6d590579be69b183b08ba16972f2d52cb361a3bda7f2792c04e,059b455d572771f5264a580d38027ff35c7c066fc160eaec4a249500ac1286e9,6c6670391c4b579e5422c517fcd561d320a41b1500dcb053cd978f546024a4e1,
resnet50,classification,b054,hailo8_to_trt,orin_nx_hailo8_01,hailo8_to_trt,hailo8_to_trt,composed,,completed,screening,inconclusive,inconclusive,primary:top1_accuracy:decision:inconclusive;guardrail:top5_accuracy:decision:inconclusive,,,top1_accuracy,0.802,0.812,-0.01,-0.024,0.002,0.01,500,500,management_process_pool:onnx_splitpoint_tool.quality_metrics:classification_quality_evaluator,,0.04001482704188675,,,,,,,,,,,,,,,,,,500,,,,,,b5412bc8639bade5d3ac106ef895d4d3064b732b28b896f1d25e3ba94f0b4289,inconclusive,management_paired_quality_v2:classification-accuracy-v2,2,"{""guardrails"":{""top5_accuracy_margin"":0.01},""non_inferiority_margin"":0.01,""primary_metric"":""top1_accuracy""}","[""top5_accuracy""]",[],True,24df52d0032a21e600cf61db63d747d1ca56a8bd72da3b1829d0fe6f22262d40,9e29c480d69250e6083582f6848f9178ad4cbbc2ff02291a44ad1ec9257e72b8,059b455d572771f5264a580d38027ff35c7c066fc160eaec4a249500ac1286e9,cb398f2b4dd9dceb9713a8c63d5418c67f1a01a9b3dcbc9d0b13e1296a41cda2,
resnet50,classification,b056,hailo8_to_trt,orin_nx_hailo8_01,hailo8_to_trt,hailo8_to_trt,composed,,completed,screening,inconclusive,inconclusive,primary:top1_accuracy:decision:inconclusive;guardrail:top5_accuracy:decision:inconclusive,,,top1_accuracy,0.808,0.812,-0.004,-0.016,0.006,0.01,500,500,management_process_pool:onnx_splitpoint_tool.quality_metrics:classification_quality_evaluator,,0.09387559199240059,,,,,,,,,,,,,,,,,,500,,,,,,dce9965b612906f6bfe2297911efeacc5cb1d23ffcb05aea3081bd7483e25984,inconclusive,management_paired_quality_v2:classification-accuracy-v2,2,"{""guardrails"":{""top5_accuracy_margin"":0.01},""non_inferiority_margin"":0.01,""primary_metric"":""top1_accuracy""}","[""top5_accuracy""]",[],True,24df52d0032a21e600cf61db63d747d1ca56a8bd72da3b1829d0fe6f22262d40,0e2e5395da4e8c0ddc0007d56cce8aef76d83e57f6a3063acfc0e5929985d16b,059b455d572771f5264a580d38027ff35c7c066fc160eaec4a249500ac1286e9,f4e43b049adf44027527f12d77eb0e843ee86eca0d29fa8b98b92f5be188d576,
resnet50,classification,b068,hailo8_to_trt,orin_nx_hailo8_01,hailo8_to_trt,hailo8_to_trt,composed,,completed,screening,inconclusive,inconclusive,primary:top1_accuracy:decision:inconclusive;guardrail:top5_accuracy:decision:pass,,,top1_accuracy,0.81,0.812,-0.002,-0.014,0.01,0.01,500,500,management_process_pool:onnx_splitpoint_tool.quality_metrics:classification_quality_evaluator,,0.026933007990010083,,,,,,,,,,,,,,,,,,500,,,,,,0d818d81bc67651eb4992d73a9f77f95c73a041f46ec9223b324cfb36762d392,inconclusive,management_paired_quality_v2:classification-accuracy-v2,2,"{""guardrails"":{""top5_accuracy_margin"":0.01},""non_inferiority_margin"":0.01,""primary_metric"":""top1_accuracy""}","[""top5_accuracy""]",[],True,24df52d0032a21e600cf61db63d747d1ca56a8bd72da3b1829d0fe6f22262d40,fc0883a3b24a5cfd650b6132ae3208cc4db0e505b97a83d05365f08f92dd4f70,059b455d572771f5264a580d38027ff35c7c066fc160eaec4a249500ac1286e9,0f2151a285d875082304bc3ad2d19da3f77f4be61d1510c9288b789e34647cf9,
resnet50,classification,b074,hailo8_to_trt,orin_nx_hailo8_01,hailo8_to_trt,hailo8_to_trt,composed,,completed,screening,inconclusive,inconclusive,primary:top1_accuracy:decision:inconclusive;guardrail:top5_accuracy:decision:pass,,,top1_accuracy,0.802,0.812,-0.01,-0.022,0.002,0.01,500,500,management_process_pool:onnx_splitpoint_tool.quality_metrics:classification_quality_evaluator,,0.148638762999326,,,,,,,,,,,,,,,,,,500,,,,,,f24a7b038a77869c30964d282b9261e1e49439bf0d14c2fc37530cee67ae35a5,inconclusive,management_paired_quality_v2:classification-accuracy-v2,2,"{""guardrails"":{""top5_accuracy_margin"":0.01},""non_inferiority_margin"":0.01,""primary_metric"":""top1_accuracy""}","[""top5_accuracy""]",[],True,24df52d0032a21e600cf61db63d747d1ca56a8bd72da3b1829d0fe6f22262d40,9a5c1f23be3405e8572919e11297e3add730812c25ca5df8e43abd259692410a,059b455d572771f5264a580d38027ff35c7c066fc160eaec4a249500ac1286e9,17f6f3506945be1612ac615a43f045d20a450c17c08068f0ed7542c3e94f1d7e,
resnet50,classification,b078,hailo8_to_trt,orin_nx_hailo8_01,hailo8_to_trt,hailo8_to_trt,composed,,completed,screening,inconclusive,inconclusive,primary:top1_accuracy:decision:inconclusive;guardrail:top5_accuracy:decision:inconclusive,,,top1_accuracy,0.806,0.812,-0.006,-0.02,0.006,0.01,500,500,management_process_pool:onnx_splitpoint_tool.quality_metrics:classification_quality_evaluator,,0.18787168199196458,,,,,,,,,,,,,,,,,,500,,,,,,679025ccbc8d28d32a4bfc7edd7bc41caa020556856dca05d729a83426aa2ea0,inconclusive,management_paired_quality_v2:classification-accuracy-v2,2,"{""guardrails"":{""top5_accuracy_margin"":0.01},""non_inferiority_margin"":0.01,""primary_metric"":""top1_accuracy""}","[""top5_accuracy""]",[],True,24df52d0032a21e600cf61db63d747d1ca56a8bd72da3b1829d0fe6f22262d40,0037a4bff22fdfcaca471077af80c096a7ae93e4aaf38d1deee6ca343f3ffc57,059b455d572771f5264a580d38027ff35c7c066fc160eaec4a249500ac1286e9,f1614a969d13abdaeee5f985de59ebcbf831390061c9b194ec51b15a70a3c087,
resnet50,classification,b091,hailo8_to_trt,orin_nx_hailo8_01,hailo8_to_trt,hailo8_to_trt,composed,,completed,screening,fail,fail,primary:top1_accuracy:decision:fail;primary:top1_accuracy:bootstrap_skipped_reason:point_estimate_below_non_inferiority_margin;guardrail:top5_accuracy:decision:pass;guardrail:top5_accuracy:bootstrap_skipped_reason:point_estimate_below_non_inferiority_margin,,,top1_accuracy,0.8,0.812,-0.012,-0.012,-0.012,0.01,500,0,management_process_pool:onnx_splitpoint_tool.quality_metrics:classification_quality_evaluator,point_estimate_below_non_inferiority_margin,0.08892705396283418,,,,,,,,,,,,,,,,,,500,,,,,,7d4dc99d876b295c4fa2ba5e6eb334b13dce5aedee9ac4ae174684270003cbc1,fail,management_paired_quality_v2:classification-accuracy-v2,2,"{""guardrails"":{""top5_accuracy_margin"":0.01},""non_inferiority_margin"":0.01,""primary_metric"":""top1_accuracy""}","[""top5_accuracy""]",[],True,24df52d0032a21e600cf61db63d747d1ca56a8bd72da3b1829d0fe6f22262d40,ac80483f7109140004d213427b99f2210baa08455c4acffff138fcfda27bcc36,059b455d572771f5264a580d38027ff35c7c066fc160eaec4a249500ac1286e9,77127f3bd296306e7249590c4bff259a0f91796bdc9710b350d88fff6dc41173,
resnet50,classification,b095,hailo8_to_trt,orin_nx_hailo8_01,hailo8_to_trt,hailo8_to_trt,composed,,completed,screening,inconclusive,inconclusive,primary:top1_accuracy:decision:inconclusive;guardrail:top5_accuracy:decision:inconclusive,,,top1_accuracy,0.806,0.812,-0.006,-0.02,0.008,0.01,500,500,management_process_pool:onnx_splitpoint_tool.quality_metrics:classification_quality_evaluator,,0.09301586297806352,,,,,,,,,,,,,,,,,,500,,,,,,6705f2d52bed5836ee076e2391b0203a3ff2508578a9eb2a90d70ab2830412cb,inconclusive,management_paired_quality_v2:classification-accuracy-v2,2,"{""guardrails"":{""top5_accuracy_margin"":0.01},""non_inferiority_margin"":0.01,""primary_metric"":""top1_accuracy""}","[""top5_accuracy""]",[],True,24df52d0032a21e600cf61db63d747d1ca56a8bd72da3b1829d0fe6f22262d40,28bb39ed37175324d10c8622271959f79afd89e0a24fb7b64e735fb64ce6e065,059b455d572771f5264a580d38027ff35c7c066fc160eaec4a249500ac1286e9,6ced7265b6efcfb549239479d350a4eb4cffb16f3b01ca20fc83fffff084a50f,
resnet50,classification,b107,hailo8_to_trt,orin_nx_hailo8_01,hailo8_to_trt,hailo8_to_trt,composed,,completed,screening,pass,pass,primary:top1_accuracy:decision:pass;guardrail:top5_accuracy:decision:pass,,,top1_accuracy,0.82,0.812,0.008,-0.006,0.02,0.01,500,500,management_process_pool:onnx_splitpoint_tool.quality_metrics:classification_quality_evaluator,,0.17512258095666766,,,,,,,,,,,,,,,,,,500,,,,,,6c6d4c46e7af0d8c9755784014c10a052eb8b9efd527c05ee17d3b42d958358f,pass,management_paired_quality_v2:classification-accuracy-v2,2,"{""guardrails"":{""top5_accuracy_margin"":0.01},""non_inferiority_margin"":0.01,""primary_metric"":""top1_accuracy""}","[""top5_accuracy""]",[],True,24df52d0032a21e600cf61db63d747d1ca56a8bd72da3b1829d0fe6f22262d40,54d967f6850972aee5fdb97b4ded6e929377fa7cb80b3afb087a020ec0badbc8,059b455d572771f5264a580d38027ff35c7c066fc160eaec4a249500ac1286e9,ce25762759caac17ae2ee6b8ffe59bc99a10cb30aa3c523ac58064fb2764a559,
resnet50,classification,b112,hailo8_to_trt,orin_nx_hailo8_01,hailo8_to_trt,hailo8_to_trt,composed,,completed,screening,pass,pass,primary:top1_accuracy:decision:pass;guardrail:top5_accuracy:decision:pass,,,top1_accuracy,0.818,0.812,0.006,-0.006,0.018,0.01,500,500,management_process_pool:onnx_splitpoint_tool.quality_metrics:classification_quality_evaluator,,0.16722465096972883,,,,,,,,,,,,,,,,,,500,,,,,,2d28e2fbe80512cc1838054fc83023d54d7f54ba46364917c747d3191460ed73,pass,management_paired_quality_v2:classification-accuracy-v2,2,"{""guardrails"":{""top5_accuracy_margin"":0.01},""non_inferiority_margin"":0.01,""primary_metric"":""top1_accuracy""}","[""top5_accuracy""]",[],True,24df52d0032a21e600cf61db63d747d1ca56a8bd72da3b1829d0fe6f22262d40,14a65fdfbbba93caf5800bbbd6d80cda3dfd8e418be3d7e8fcdd3443a62bd556,059b455d572771f5264a580d38027ff35c7c066fc160eaec4a249500ac1286e9,0d4732baa44b01f7a51af9291bb3f51395ef3be17174087143c859c88e3d42eb,
resnet50,classification,b118,hailo8_to_trt,orin_nx_hailo8_01,hailo8_to_trt,hailo8_to_trt,composed,,completed,screening,inconclusive,inconclusive,primary:top1_accuracy:decision:inconclusive;guardrail:top5_accuracy:decision:pass,,,top1_accuracy,0.814,0.812,0.002,-0.012,0.016,0.01,500,500,management_process_pool:onnx_splitpoint_tool.quality_metrics:classification_quality_evaluator,,0.08776263101026416,,,,,,,,,,,,,,,,,,500,,,,,,d7bdd847dd4128cf38e174e1c42654d3460919f5aac1b633f199347f35b2d69a,inconclusive,management_paired_quality_v2:classification-accuracy-v2,2,"{""guardrails"":{""top5_accuracy_margin"":0.01},""non_inferiority_margin"":0.01,""primary_metric"":""top1_accuracy""}","[""top5_accuracy""]",[],True,24df52d0032a21e600cf61db63d747d1ca56a8bd72da3b1829d0fe6f22262d40,10a6723c81763fa1b5451258c8bbb50cda801e5c8c1b34eeca109211be5a4c43,059b455d572771f5264a580d38027ff35c7c066fc160eaec4a249500ac1286e9,6073727c5739dca3efeadcb00e7899589d78673a92d70fa9508b979fee693661,
resnet50,classification,b119,hailo8_to_trt,orin_nx_hailo8_01,hailo8_to_trt,hailo8_to_trt,composed,,completed,screening,pass,pass,primary:top1_accuracy:decision:pass;guardrail:top5_accuracy:decision:pass,,,top1_accuracy,0.816,0.812,0.004,-0.008,0.01609999999999991,0.01,500,500,management_process_pool:onnx_splitpoint_tool.quality_metrics:classification_quality_evaluator,,0.09789306996390224,,,,,,,,,,,,,,,,,,500,,,,,,6c2cbc938c5228fc410e918f0ee0f6dcb36bc56034343e41afe63f5fe08c48b5,pass,management_paired_quality_v2:classification-accuracy-v2,2,"{""guardrails"":{""top5_accuracy_margin"":0.01},""non_inferiority_margin"":0.01,""primary_metric"":""top1_accuracy""}","[""top5_accuracy""]",[],True,24df52d0032a21e600cf61db63d747d1ca56a8bd72da3b1829d0fe6f22262d40,1f70f57afb46a90a7a5a881f28769fcdfc34c35192b8f1cf304c7193323f5565,059b455d572771f5264a580d38027ff35c7c066fc160eaec4a249500ac1286e9,cbf20c87b2aaa20a9dae3631f46f91c45fa3b09093db34f50b1948da7648c776,
resnet50,classification,full,tensorrt,orin_nx_deepx_m1_01,native_full_tensorrt,native_full_tensorrt,full,full_quality_only,completed,screening,pass,pass,primary:top1_accuracy:decision:pass;primary:top1_accuracy:bootstrap_skipped_reason:candidate_reference_identical;guardrail:top5_accuracy:decision:pass;guardrail:top5_accuracy:bootstrap_skipped_reason:candidate_reference_identical,,,top1_accuracy,0.812,0.812,0.0,0.0,0.0,0.01,500,0,management_process_pool:onnx_splitpoint_tool.quality_metrics:classification_quality_evaluator,candidate_reference_identical,0.07441166799981147,,,,,,,,,,,,,,,,,,500,,,,,,28385f6c25d1e341b1251b46a629f2ea715208b1389bb6101be4e26a0ecc59e9,pass,management_paired_quality_v2:classification-accuracy-v2,2,"{""guardrails"":{""top5_accuracy_margin"":0.01},""non_inferiority_margin"":0.01,""primary_metric"":""top1_accuracy""}","[""top5_accuracy""]",[],True,24df52d0032a21e600cf61db63d747d1ca56a8bd72da3b1829d0fe6f22262d40,24df52d0032a21e600cf61db63d747d1ca56a8bd72da3b1829d0fe6f22262d40,059b455d572771f5264a580d38027ff35c7c066fc160eaec4a249500ac1286e9,5023554a2800ea4b70a76f6218d1dad8d69b4b6b897039965c62b60db526da23,81acd6ecb812dd5d9013bf0cc3ef0b3f623f36bbf98c7035c8a2d6247f83b6ec
resnet50,classification,full,tensorrt,orin_nx_hailo10_01,native_full_tensorrt,native_full_tensorrt,full,full_quality_only,completed,screening,pass,pass,primary:top1_accuracy:decision:pass;primary:top1_accuracy:bootstrap_skipped_reason:candidate_reference_identical;guardrail:top5_accuracy:decision:pass;guardrail:top5_accuracy:bootstrap_skipped_reason:candidate_reference_identical,,,top1_accuracy,0.812,0.812,0.0,0.0,0.0,0.01,500,0,management_process_pool:onnx_splitpoint_tool.quality_metrics:classification_quality_evaluator,candidate_reference_identical,0.06574563100002706,,,,,,,,,,,,,,,,,,500,,,,,,43ec7d86a6fa86f905b40cd93f1d3ce064d8380d5eb8733fac150c52807b3b6b,pass,management_paired_quality_v2:classification-accuracy-v2,2,"{""guardrails"":{""top5_accuracy_margin"":0.01},""non_inferiority_margin"":0.01,""primary_metric"":""top1_accuracy""}","[""top5_accuracy""]",[],True,24df52d0032a21e600cf61db63d747d1ca56a8bd72da3b1829d0fe6f22262d40,24df52d0032a21e600cf61db63d747d1ca56a8bd72da3b1829d0fe6f22262d40,059b455d572771f5264a580d38027ff35c7c066fc160eaec4a249500ac1286e9,b2105e1b9a5bb886f00d1ed99dda9555204d68990fc91b65d9979ae0dc727a5d,3f07e1aa40abe23dfb06fc1338fd1ca2098cba618a859b1f19196554e6fe8470
resnet50,classification,full,tensorrt,orin_nx_hailo8_01,native_full_tensorrt,native_full_tensorrt,full,full_quality_only,completed,screening,pass,pass,primary:top1_accuracy:decision:pass;primary:top1_accuracy:bootstrap_skipped_reason:candidate_reference_identical;guardrail:top5_accuracy:decision:pass;guardrail:top5_accuracy:bootstrap_skipped_reason:candidate_reference_identical,,,top1_accuracy,0.812,0.812,0.0,0.0,0.0,0.01,500,0,management_process_pool:onnx_splitpoint_tool.quality_metrics:classification_quality_evaluator,candidate_reference_identical,0.0035605370067059994,,,,,,,,,,,,,,,,,,500,,,,,,bdd9b116bd515aab875ade20169acd94bb370ec810a4122f303fcd424ffd883d,pass,management_paired_quality_v2:classification-accuracy-v2,2,"{""guardrails"":{""top5_accuracy_margin"":0.01},""non_inferiority_margin"":0.01,""primary_metric"":""top1_accuracy""}","[""top5_accuracy""]",[],True,24df52d0032a21e600cf61db63d747d1ca56a8bd72da3b1829d0fe6f22262d40,24df52d0032a21e600cf61db63d747d1ca56a8bd72da3b1829d0fe6f22262d40,059b455d572771f5264a580d38027ff35c7c066fc160eaec4a249500ac1286e9,f0b4ed2679bfb540cdd0ecd76f7cb9b9c68c92fa03453070df2be16b0e4cdbc1,f5aec2b25b3bfc49aafc0d08fab38b4464d171913eaeca227ff183adb146b7f3
resnet50,classification,b001,ort_tensorrt,orin_nx_deepx_m1_01,ort_tensorrt,ort_tensorrt,composed,,completed,screening,pass,pass,primary:top1_accuracy:decision:pass;primary:top1_accuracy:bootstrap_skipped_reason:candidate_reference_identical;guardrail:top5_accuracy:decision:pass;guardrail:top5_accuracy:bootstrap_skipped_reason:candidate_reference_identical,,,top1_accuracy,0.812,0.812,0.0,0.0,0.0,0.01,500,0,management_process_pool:onnx_splitpoint_tool.quality_metrics:classification_quality_evaluator,candidate_reference_identical,0.7276743779657409,,,,,,,,,,,,,,,,,,500,,,,,,9e0a6b42efe81233e093f79484c1c8b0d2caafa1c49185bfa97009b35b687015,pass,management_paired_quality_v2:classification-accuracy-v2,2,"{""guardrails"":{""top5_accuracy_margin"":0.01},""non_inferiority_margin"":0.01,""primary_metric"":""top1_accuracy""}","[""top5_accuracy""]",[],True,24df52d0032a21e600cf61db63d747d1ca56a8bd72da3b1829d0fe6f22262d40,24df52d0032a21e600cf61db63d747d1ca56a8bd72da3b1829d0fe6f22262d40,059b455d572771f5264a580d38027ff35c7c066fc160eaec4a249500ac1286e9,342d9a132920cbfbf5089ae84a9e34bf6c0914a1f16f5c145b041f1223e2d062,
resnet50,classification,b003,ort_tensorrt,orin_nx_deepx_m1_01,ort_tensorrt,ort_tensorrt,composed,,completed,screening,pass,pass,primary:top1_accuracy:decision:pass;primary:top1_accuracy:bootstrap_skipped_reason:candidate_reference_identical;guardrail:top5_accuracy:decision:pass;guardrail:top5_accuracy:bootstrap_skipped_reason:candidate_reference_identical,,,top1_accuracy,0.812,0.812,0.0,0.0,0.0,0.01,500,0,management_process_pool:onnx_splitpoint_tool.quality_metrics:classification_quality_evaluator,candidate_reference_identical,0.7276743779657409,,,,,,,,,,,,,,,,,,500,,,,,,9e0a6b42efe81233e093f79484c1c8b0d2caafa1c49185bfa97009b35b687015,pass,management_paired_quality_v2:classification-accuracy-v2,2,"{""guardrails"":{""top5_accuracy_margin"":0.01},""non_inferiority_margin"":0.01,""primary_metric"":""top1_accuracy""}","[""top5_accuracy""]",[],True,24df52d0032a21e600cf61db63d747d1ca56a8bd72da3b1829d0fe6f22262d40,24df52d0032a21e600cf61db63d747d1ca56a8bd72da3b1829d0fe6f22262d40,059b455d572771f5264a580d38027ff35c7c066fc160eaec4a249500ac1286e9,5e9e5d295e34a984cafe65c054dbe511ab7f7481bace096ff6dd1e3f84a2ee66,
resnet50,classification,b008,ort_tensorrt,orin_nx_deepx_m1_01,ort_tensorrt,ort_tensorrt,composed,,completed,screening,pass,pass,primary:top1_accuracy:decision:pass;primary:top1_accuracy:bootstrap_skipped_reason:candidate_reference_identical;guardrail:top5_accuracy:decision:pass;guardrail:top5_accuracy:bootstrap_skipped_reason:candidate_reference_identical,,,top1_accuracy,0.812,0.812,0.0,0.0,0.0,0.01,500,0,management_process_pool:onnx_splitpoint_tool.quality_metrics:classification_quality_evaluator,candidate_reference_identical,0.7276743779657409,,,,,,,,,,,,,,,,,,500,,,,,,9e0a6b42efe81233e093f79484c1c8b0d2caafa1c49185bfa97009b35b687015,pass,management_paired_quality_v2:classification-accuracy-v2,2,"{""guardrails"":{""top5_accuracy_margin"":0.01},""non_inferiority_margin"":0.01,""primary_metric"":""top1_accuracy""}","[""top5_accuracy""]",[],True,24df52d0032a21e600cf61db63d747d1ca56a8bd72da3b1829d0fe6f22262d40,24df52d0032a21e600cf61db63d747d1ca56a8bd72da3b1829d0fe6f22262d40,059b455d572771f5264a580d38027ff35c7c066fc160eaec4a249500ac1286e9,97d2f4d01141d3bf12e85eb16c1bab1885e7c8f773784c1a10f35bd9f2be173d,
resnet50,classification,b009,ort_tensorrt,orin_nx_deepx_m1_01,ort_tensorrt,ort_tensorrt,composed,,completed,screening,pass,pass,primary:top1_accuracy:decision:pass;primary:top1_accuracy:bootstrap_skipped_reason:candidate_reference_identical;guardrail:top5_accuracy:decision:pass;guardrail:top5_accuracy:bootstrap_skipped_reason:candidate_reference_identical,,,top1_accuracy,0.812,0.812,0.0,0.0,0.0,0.01,500,0,management_process_pool:onnx_splitpoint_tool.quality_metrics:classification_quality_evaluator,candidate_reference_identical,0.7276743779657409,,,,,,,,,,,,,,,,,,500,,,,,,9e0a6b42efe81233e093f79484c1c8b0d2caafa1c49185bfa97009b35b687015,pass,management_paired_quality_v2:classification-accuracy-v2,2,"{""guardrails"":{""top5_accuracy_margin"":0.01},""non_inferiority_margin"":0.01,""primary_metric"":""top1_accuracy""}","[""top5_accuracy""]",[],True,24df52d0032a21e600cf61db63d747d1ca56a8bd72da3b1829d0fe6f22262d40,24df52d0032a21e600cf61db63d747d1ca56a8bd72da3b1829d0fe6f22262d40,059b455d572771f5264a580d38027ff35c7c066fc160eaec4a249500ac1286e9,ef9771983df70add53541ae3aac0401b08c0eb5abddf2b844d40645cea0eaced,
resnet50,classification,b020,ort_tensorrt,orin_nx_deepx_m1_01,ort_tensorrt,ort_tensorrt,composed,,completed,screening,pass,pass,primary:top1_accuracy:decision:pass;primary:top1_accuracy:bootstrap_skipped_reason:candidate_reference_identical;guardrail:top5_accuracy:decision:pass;guardrail:top5_accuracy:bootstrap_skipped_reason:candidate_reference_identical,,,top1_accuracy,0.812,0.812,0.0,0.0,0.0,0.01,500,0,management_process_pool:onnx_splitpoint_tool.quality_metrics:classification_quality_evaluator,candidate_reference_identical,0.7276743779657409,,,,,,,,,,,,,,,,,,500,,,,,,9e0a6b42efe81233e093f79484c1c8b0d2caafa1c49185bfa97009b35b687015,pass,management_paired_quality_v2:classification-accuracy-v2,2,"{""guardrails"":{""top5_accuracy_margin"":0.01},""non_inferiority_margin"":0.01,""primary_metric"":""top1_accuracy""}","[""top5_accuracy""]",[],True,24df52d0032a21e600cf61db63d747d1ca56a8bd72da3b1829d0fe6f22262d40,24df52d0032a21e600cf61db63d747d1ca56a8bd72da3b1829d0fe6f22262d40,059b455d572771f5264a580d38027ff35c7c066fc160eaec4a249500ac1286e9,e15153cb5c8a20a547bfd34f10395b2c76b017249159598e5f2025e6f7c63e60,
resnet50,classification,b022,ort_tensorrt,orin_nx_deepx_m1_01,ort_tensorrt,ort_tensorrt,composed,,completed,screening,pass,pass,primary:top1_accuracy:decision:pass;primary:top1_accuracy:bootstrap_skipped_reason:candidate_reference_identical;guardrail:top5_accuracy:decision:pass;guardrail:top5_accuracy:bootstrap_skipped_reason:candidate_reference_identical,,,top1_accuracy,0.812,0.812,0.0,0.0,0.0,0.01,500,0,management_process_pool:onnx_splitpoint_tool.quality_metrics:classification_quality_evaluator,candidate_reference_identical,0.7276743779657409,,,,,,,,,,,,,,,,,,500,,,,,,9e0a6b42efe81233e093f79484c1c8b0d2caafa1c49185bfa97009b35b687015,pass,management_paired_quality_v2:classification-accuracy-v2,2,"{""guardrails"":{""top5_accuracy_margin"":0.01},""non_inferiority_margin"":0.01,""primary_metric"":""top1_accuracy""}","[""top5_accuracy""]",[],True,24df52d0032a21e600cf61db63d747d1ca56a8bd72da3b1829d0fe6f22262d40,24df52d0032a21e600cf61db63d747d1ca56a8bd72da3b1829d0fe6f22262d40,059b455d572771f5264a580d38027ff35c7c066fc160eaec4a249500ac1286e9,309c4bbfc0d742c95d2d55b28e472c7a6946e9c8c9d89411efd40aa67102d1a3,
resnet50,classification,b027,ort_tensorrt,orin_nx_deepx_m1_01,ort_tensorrt,ort_tensorrt,composed,,completed,screening,pass,pass,primary:top1_accuracy:decision:pass;primary:top1_accuracy:bootstrap_skipped_reason:candidate_reference_identical;guardrail:top5_accuracy:decision:pass;guardrail:top5_accuracy:bootstrap_skipped_reason:candidate_reference_identical,,,top1_accuracy,0.812,0.812,0.0,0.0,0.0,0.01,500,0,management_process_pool:onnx_splitpoint_tool.quality_metrics:classification_quality_evaluator,candidate_reference_identical,0.7276743779657409,,,,,,,,,,,,,,,,,,500,,,,,,9e0a6b42efe81233e093f79484c1c8b0d2caafa1c49185bfa97009b35b687015,pass,management_paired_quality_v2:classification-accuracy-v2,2,"{""guardrails"":{""top5_accuracy_margin"":0.01},""non_inferiority_margin"":0.01,""primary_metric"":""top1_accuracy""}","[""top5_accuracy""]",[],True,24df52d0032a21e600cf61db63d747d1ca56a8bd72da3b1829d0fe6f22262d40,24df52d0032a21e600cf61db63d747d1ca56a8bd72da3b1829d0fe6f22262d40,059b455d572771f5264a580d38027ff35c7c066fc160eaec4a249500ac1286e9,0dbb84043a26a449b3fe92a38e21781f4edf434ed6e620ea40889aa0ede00b61,
resnet50,classification,b042,ort_tensorrt,orin_nx_deepx_m1_01,ort_tensorrt,ort_tensorrt,composed,,completed,screening,pass,pass,primary:top1_accuracy:decision:pass;primary:top1_accuracy:bootstrap_skipped_reason:candidate_reference_identical;guardrail:top5_accuracy:decision:pass;guardrail:top5_accuracy:bootstrap_skipped_reason:candidate_reference_identical,,,top1_accuracy,0.812,0.812,0.0,0.0,0.0,0.01,500,0,management_process_pool:onnx_splitpoint_tool.quality_metrics:classification_quality_evaluator,candidate_reference_identical,0.7276743779657409,,,,,,,,,,,,,,,,,,500,,,,,,9e0a6b42efe81233e093f79484c1c8b0d2caafa1c49185bfa97009b35b687015,pass,management_paired_quality_v2:classification-accuracy-v2,2,"{""guardrails"":{""top5_accuracy_margin"":0.01},""non_inferiority_margin"":0.01,""primary_metric"":""top1_accuracy""}","[""top5_accuracy""]",[],True,24df52d0032a21e600cf61db63d747d1ca56a8bd72da3b1829d0fe6f22262d40,24df52d0032a21e600cf61db63d747d1ca56a8bd72da3b1829d0fe6f22262d40,059b455d572771f5264a580d38027ff35c7c066fc160eaec4a249500ac1286e9,f99b7cb7b2fdedf34b1147428bda5cd9237e3b261f598982662ff9ad721cc729,
resnet50,classification,b052,ort_tensorrt,orin_nx_deepx_m1_01,ort_tensorrt,ort_tensorrt,composed,,completed,screening,pass,pass,primary:top1_accuracy:decision:pass;primary:top1_accuracy:bootstrap_skipped_reason:candidate_reference_identical;guardrail:top5_accuracy:decision:pass;guardrail:top5_accuracy:bootstrap_skipped_reason:candidate_reference_identical,,,top1_accuracy,0.812,0.812,0.0,0.0,0.0,0.01,500,0,management_process_pool:onnx_splitpoint_tool.quality_metrics:classification_quality_evaluator,candidate_reference_identical,0.7276743779657409,,,,,,,,,,,,,,,,,,500,,,,,,9e0a6b42efe81233e093f79484c1c8b0d2caafa1c49185bfa97009b35b687015,pass,management_paired_quality_v2:classification-accuracy-v2,2,"{""guardrails"":{""top5_accuracy_margin"":0.01},""non_inferiority_margin"":0.01,""primary_metric"":""top1_accuracy""}","[""top5_accuracy""]",[],True,24df52d0032a21e600cf61db63d747d1ca56a8bd72da3b1829d0fe6f22262d40,24df52d0032a21e600cf61db63d747d1ca56a8bd72da3b1829d0fe6f22262d40,059b455d572771f5264a580d38027ff35c7c066fc160eaec4a249500ac1286e9,d641f018647f992b8cf1bbdc6d21829ed0202fa86f4cda256ec8da34cf4dc6ee,
resnet50,classification,b054,ort_tensorrt,orin_nx_deepx_m1_01,ort_tensorrt,ort_tensorrt,composed,,completed,screening,pass,pass,primary:top1_accuracy:decision:pass;primary:top1_accuracy:bootstrap_skipped_reason:candidate_reference_identical;guardrail:top5_accuracy:decision:pass;guardrail:top5_accuracy:bootstrap_skipped_reason:candidate_reference_identical,,,top1_accuracy,0.812,0.812,0.0,0.0,0.0,0.01,500,0,management_process_pool:onnx_splitpoint_tool.quality_metrics:classification_quality_evaluator,candidate_reference_identical,0.7276743779657409,,,,,,,,,,,,,,,,,,500,,,,,,9e0a6b42efe81233e093f79484c1c8b0d2caafa1c49185bfa97009b35b687015,pass,management_paired_quality_v2:classification-accuracy-v2,2,"{""guardrails"":{""top5_accuracy_margin"":0.01},""non_inferiority_margin"":0.01,""primary_metric"":""top1_accuracy""}","[""top5_accuracy""]",[],True,24df52d0032a21e600cf61db63d747d1ca56a8bd72da3b1829d0fe6f22262d40,24df52d0032a21e600cf61db63d747d1ca56a8bd72da3b1829d0fe6f22262d40,059b455d572771f5264a580d38027ff35c7c066fc160eaec4a249500ac1286e9,a0e670f1715ea66e715d565558edc7c048e3bf00bcf85e24865ada6da77715ea,
resnet50,classification,b056,ort_tensorrt,orin_nx_deepx_m1_01,ort_tensorrt,ort_tensorrt,composed,,completed,screening,pass,pass,primary:top1_accuracy:decision:pass;primary:top1_accuracy:bootstrap_skipped_reason:candidate_reference_identical;guardrail:top5_accuracy:decision:pass;guardrail:top5_accuracy:bootstrap_skipped_reason:candidate_reference_identical,,,top1_accuracy,0.812,0.812,0.0,0.0,0.0,0.01,500,0,management_process_pool:onnx_splitpoint_tool.quality_metrics:classification_quality_evaluator,candidate_reference_identical,0.7276743779657409,,,,,,,,,,,,,,,,,,500,,,,,,9e0a6b42efe81233e093f79484c1c8b0d2caafa1c49185bfa97009b35b687015,pass,management_paired_quality_v2:classification-accuracy-v2,2,"{""guardrails"":{""top5_accuracy_margin"":0.01},""non_inferiority_margin"":0.01,""primary_metric"":""top1_accuracy""}","[""top5_accuracy""]",[],True,24df52d0032a21e600cf61db63d747d1ca56a8bd72da3b1829d0fe6f22262d40,24df52d0032a21e600cf61db63d747d1ca56a8bd72da3b1829d0fe6f22262d40,059b455d572771f5264a580d38027ff35c7c066fc160eaec4a249500ac1286e9,c3758adebfbaaa1236dff660b3b913bb0b12ac0b9d491980659daac8c0aa9032,
resnet50,classification,b068,ort_tensorrt,orin_nx_deepx_m1_01,ort_tensorrt,ort_tensorrt,composed,,completed,screening,pass,pass,primary:top1_accuracy:decision:pass;primary:top1_accuracy:bootstrap_skipped_reason:candidate_reference_identical;guardrail:top5_accuracy:decision:pass;guardrail:top5_accuracy:bootstrap_skipped_reason:candidate_reference_identical,,,top1_accuracy,0.812,0.812,0.0,0.0,0.0,0.01,500,0,management_process_pool:onnx_splitpoint_tool.quality_metrics:classification_quality_evaluator,candidate_reference_identical,0.7276743779657409,,,,,,,,,,,,,,,,,,500,,,,,,9e0a6b42efe81233e093f79484c1c8b0d2caafa1c49185bfa97009b35b687015,pass,management_paired_quality_v2:classification-accuracy-v2,2,"{""guardrails"":{""top5_accuracy_margin"":0.01},""non_inferiority_margin"":0.01,""primary_metric"":""top1_accuracy""}","[""top5_accuracy""]",[],True,24df52d0032a21e600cf61db63d747d1ca56a8bd72da3b1829d0fe6f22262d40,24df52d0032a21e600cf61db63d747d1ca56a8bd72da3b1829d0fe6f22262d40,059b455d572771f5264a580d38027ff35c7c066fc160eaec4a249500ac1286e9,f88f1e222f49b9807235456abc9248bdd4a90ba3a662f1160c4646fc2a8faaaa,
resnet50,classification,b074,ort_tensorrt,orin_nx_deepx_m1_01,ort_tensorrt,ort_tensorrt,composed,,completed,screening,pass,pass,primary:top1_accuracy:decision:pass;primary:top1_accuracy:bootstrap_skipped_reason:candidate_reference_identical;guardrail:top5_accuracy:decision:pass;guardrail:top5_accuracy:bootstrap_skipped_reason:candidate_reference_identical,,,top1_accuracy,0.812,0.812,0.0,0.0,0.0,0.01,500,0,management_process_pool:onnx_splitpoint_tool.quality_metrics:classification_quality_evaluator,candidate_reference_identical,0.7276743779657409,,,,,,,,,,,,,,,,,,500,,,,,,9e0a6b42efe81233e093f79484c1c8b0d2caafa1c49185bfa97009b35b687015,pass,management_paired_quality_v2:classification-accuracy-v2,2,"{""guardrails"":{""top5_accuracy_margin"":0.01},""non_inferiority_margin"":0.01,""primary_metric"":""top1_accuracy""}","[""top5_accuracy""]",[],True,24df52d0032a21e600cf61db63d747d1ca56a8bd72da3b1829d0fe6f22262d40,24df52d0032a21e600cf61db63d747d1ca56a8bd72da3b1829d0fe6f22262d40,059b455d572771f5264a580d38027ff35c7c066fc160eaec4a249500ac1286e9,b03efc88c97797cc6e08047e1ae29ed0c6572cd7a9ed49d59c1ec89ad4604ade,
resnet50,classification,b078,ort_tensorrt,orin_nx_deepx_m1_01,ort_tensorrt,ort_tensorrt,composed,,completed,screening,pass,pass,primary:top1_accuracy:decision:pass;primary:top1_accuracy:bootstrap_skipped_reason:candidate_reference_identical;guardrail:top5_accuracy:decision:pass;guardrail:top5_accuracy:bootstrap_skipped_reason:candidate_reference_identical,,,top1_accuracy,0.812,0.812,0.0,0.0,0.0,0.01,500,0,management_process_pool:onnx_splitpoint_tool.quality_metrics:classification_quality_evaluator,candidate_reference_identical,0.7276743779657409,,,,,,,,,,,,,,,,,,500,,,,,,9e0a6b42efe81233e093f79484c1c8b0d2caafa1c49185bfa97009b35b687015,pass,management_paired_quality_v2:classification-accuracy-v2,2,"{""guardrails"":{""top5_accuracy_margin"":0.01},""non_inferiority_margin"":0.01,""primary_metric"":""top1_accuracy""}","[""top5_accuracy""]",[],True,24df52d0032a21e600cf61db63d747d1ca56a8bd72da3b1829d0fe6f22262d40,24df52d0032a21e600cf61db63d747d1ca56a8bd72da3b1829d0fe6f22262d40,059b455d572771f5264a580d38027ff35c7c066fc160eaec4a249500ac1286e9,97c3be024125bde18a56ca17ae142cd2d9674fa03e6515f21f5e195c03dbdc1d,
resnet50,classification,b091,ort_tensorrt,orin_nx_deepx_m1_01,ort_tensorrt,ort_tensorrt,composed,,completed,screening,pass,pass,primary:top1_accuracy:decision:pass;primary:top1_accuracy:bootstrap_skipped_reason:candidate_reference_identical;guardrail:top5_accuracy:decision:pass;guardrail:top5_accuracy:bootstrap_skipped_reason:candidate_reference_identical,,,top1_accuracy,0.812,0.812,0.0,0.0,0.0,0.01,500,0,management_process_pool:onnx_splitpoint_tool.quality_metrics:classification_quality_evaluator,candidate_reference_identical,0.7276743779657409,,,,,,,,,,,,,,,,,,500,,,,,,9e0a6b42efe81233e093f79484c1c8b0d2caafa1c49185bfa97009b35b687015,pass,management_paired_quality_v2:classification-accuracy-v2,2,"{""guardrails"":{""top5_accuracy_margin"":0.01},""non_inferiority_margin"":0.01,""primary_metric"":""top1_accuracy""}","[""top5_accuracy""]",[],True,24df52d0032a21e600cf61db63d747d1ca56a8bd72da3b1829d0fe6f22262d40,24df52d0032a21e600cf61db63d747d1ca56a8bd72da3b1829d0fe6f22262d40,059b455d572771f5264a580d38027ff35c7c066fc160eaec4a249500ac1286e9,24e748f45cb4df7afe135b21eb67fb41022a7ed0d2e4d2df5c330c7343716712,
resnet50,classification,b095,ort_tensorrt,orin_nx_deepx_m1_01,ort_tensorrt,ort_tensorrt,composed,,completed,screening,pass,pass,primary:top1_accuracy:decision:pass;primary:top1_accuracy:bootstrap_skipped_reason:candidate_reference_identical;guardrail:top5_accuracy:decision:pass;guardrail:top5_accuracy:bootstrap_skipped_reason:candidate_reference_identical,,,top1_accuracy,0.812,0.812,0.0,0.0,0.0,0.01,500,0,management_process_pool:onnx_splitpoint_tool.quality_metrics:classification_quality_evaluator,candidate_reference_identical,0.7276743779657409,,,,,,,,,,,,,,,,,,500,,,,,,9e0a6b42efe81233e093f79484c1c8b0d2caafa1c49185bfa97009b35b687015,pass,management_paired_quality_v2:classification-accuracy-v2,2,"{""guardrails"":{""top5_accuracy_margin"":0.01},""non_inferiority_margin"":0.01,""primary_metric"":""top1_accuracy""}","[""top5_accuracy""]",[],True,24df52d0032a21e600cf61db63d747d1ca56a8bd72da3b1829d0fe6f22262d40,24df52d0032a21e600cf61db63d747d1ca56a8bd72da3b1829d0fe6f22262d40,059b455d572771f5264a580d38027ff35c7c066fc160eaec4a249500ac1286e9,07a542988e8ed2db9125d22251d9e8cfdf7a5dceeacefc6135360d31d38a9d32,
resnet50,classification,b107,ort_tensorrt,orin_nx_deepx_m1_01,ort_tensorrt,ort_tensorrt,composed,,completed,screening,pass,pass,primary:top1_accuracy:decision:pass;primary:top1_accuracy:bootstrap_skipped_reason:candidate_reference_identical;guardrail:top5_accuracy:decision:pass;guardrail:top5_accuracy:bootstrap_skipped_reason:candidate_reference_identical,,,top1_accuracy,0.812,0.812,0.0,0.0,0.0,0.01,500,0,management_process_pool:onnx_splitpoint_tool.quality_metrics:classification_quality_evaluator,candidate_reference_identical,0.7276743779657409,,,,,,,,,,,,,,,,,,500,,,,,,9e0a6b42efe81233e093f79484c1c8b0d2caafa1c49185bfa97009b35b687015,pass,management_paired_quality_v2:classification-accuracy-v2,2,"{""guardrails"":{""top5_accuracy_margin"":0.01},""non_inferiority_margin"":0.01,""primary_metric"":""top1_accuracy""}","[""top5_accuracy""]",[],True,24df52d0032a21e600cf61db63d747d1ca56a8bd72da3b1829d0fe6f22262d40,24df52d0032a21e600cf61db63d747d1ca56a8bd72da3b1829d0fe6f22262d40,059b455d572771f5264a580d38027ff35c7c066fc160eaec4a249500ac1286e9,9070f507e5e93a48636175bbbb245865390179d36725fab9a8b1ffe62405f967,
resnet50,classification,b112,ort_tensorrt,orin_nx_deepx_m1_01,ort_tensorrt,ort_tensorrt,composed,,completed,screening,pass,pass,primary:top1_accuracy:decision:pass;primary:top1_accuracy:bootstrap_skipped_reason:candidate_reference_identical;guardrail:top5_accuracy:decision:pass;guardrail:top5_accuracy:bootstrap_skipped_reason:candidate_reference_identical,,,top1_accuracy,0.812,0.812,0.0,0.0,0.0,0.01,500,0,management_process_pool:onnx_splitpoint_tool.quality_metrics:classification_quality_evaluator,candidate_reference_identical,0.7276743779657409,,,,,,,,,,,,,,,,,,500,,,,,,9e0a6b42efe81233e093f79484c1c8b0d2caafa1c49185bfa97009b35b687015,pass,management_paired_quality_v2:classification-accuracy-v2,2,"{""guardrails"":{""top5_accuracy_margin"":0.01},""non_inferiority_margin"":0.01,""primary_metric"":""top1_accuracy""}","[""top5_accuracy""]",[],True,24df52d0032a21e600cf61db63d747d1ca56a8bd72da3b1829d0fe6f22262d40,24df52d0032a21e600cf61db63d747d1ca56a8bd72da3b1829d0fe6f22262d40,059b455d572771f5264a580d38027ff35c7c066fc160eaec4a249500ac1286e9,e7747f30b373652fbe0138b6422ec88d3ef2768bc93f8d554306ecbc9fd0371a,
resnet50,classification,b118,ort_tensorrt,orin_nx_deepx_m1_01,ort_tensorrt,ort_tensorrt,composed,,completed,screening,pass,pass,primary:top1_accuracy:decision:pass;primary:top1_accuracy:bootstrap_skipped_reason:candidate_reference_identical;guardrail:top5_accuracy:decision:pass;guardrail:top5_accuracy:bootstrap_skipped_reason:candidate_reference_identical,,,top1_accuracy,0.812,0.812,0.0,0.0,0.0,0.01,500,0,management_process_pool:onnx_splitpoint_tool.quality_metrics:classification_quality_evaluator,candidate_reference_identical,0.7276743779657409,,,,,,,,,,,,,,,,,,500,,,,,,9e0a6b42efe81233e093f79484c1c8b0d2caafa1c49185bfa97009b35b687015,pass,management_paired_quality_v2:classification-accuracy-v2,2,"{""guardrails"":{""top5_accuracy_margin"":0.01},""non_inferiority_margin"":0.01,""primary_metric"":""top1_accuracy""}","[""top5_accuracy""]",[],True,24df52d0032a21e600cf61db63d747d1ca56a8bd72da3b1829d0fe6f22262d40,24df52d0032a21e600cf61db63d747d1ca56a8bd72da3b1829d0fe6f22262d40,059b455d572771f5264a580d38027ff35c7c066fc160eaec4a249500ac1286e9,1393366f1a3f62ce680001f3f4739a7bde78506143d035637cef29670efef219,
resnet50,classification,b119,ort_tensorrt,orin_nx_deepx_m1_01,ort_tensorrt,ort_tensorrt,composed,,completed,screening,pass,pass,primary:top1_accuracy:decision:pass;primary:top1_accuracy:bootstrap_skipped_reason:candidate_reference_identical;guardrail:top5_accuracy:decision:pass;guardrail:top5_accuracy:bootstrap_skipped_reason:candidate_reference_identical,,,top1_accuracy,0.812,0.812,0.0,0.0,0.0,0.01,500,0,management_process_pool:onnx_splitpoint_tool.quality_metrics:classification_quality_evaluator,candidate_reference_identical,0.7276743779657409,,,,,,,,,,,,,,,,,,500,,,,,,9e0a6b42efe81233e093f79484c1c8b0d2caafa1c49185bfa97009b35b687015,pass,management_paired_quality_v2:classification-accuracy-v2,2,"{""guardrails"":{""top5_accuracy_margin"":0.01},""non_inferiority_margin"":0.01,""primary_metric"":""top1_accuracy""}","[""top5_accuracy""]",[],True,24df52d0032a21e600cf61db63d747d1ca56a8bd72da3b1829d0fe6f22262d40,24df52d0032a21e600cf61db63d747d1ca56a8bd72da3b1829d0fe6f22262d40,059b455d572771f5264a580d38027ff35c7c066fc160eaec4a249500ac1286e9,ffcd4668ab35d47d68710a850340758706a91e9d33a4261a4c8dc24fc653baee,
resnet50,classification,b119,ort_tensorrt,orin_nx_deepx_m1_01,ort_tensorrt,ort_tensorrt,full,,completed,screening,pass,pass,primary:top1_accuracy:decision:pass;primary:top1_accuracy:bootstrap_skipped_reason:candidate_reference_identical;guardrail:top5_accuracy:decision:pass;guardrail:top5_accuracy:bootstrap_skipped_reason:candidate_reference_identical,,,top1_accuracy,0.812,0.812,0.0,0.0,0.0,0.01,500,0,management_process_pool:onnx_splitpoint_tool.quality_metrics:classification_quality_evaluator,candidate_reference_identical,0.017923172912560403,,,,,,,,,,,,,,,,,,500,,,,,,d782b32850de3ef1051bf8a381b5a50201cf6ce1d72c027a02db2b04845b9c8d,pass,management_paired_quality_v2:classification-accuracy-v2,2,"{""guardrails"":{""top5_accuracy_margin"":0.01},""non_inferiority_margin"":0.01,""primary_metric"":""top1_accuracy""}","[""top5_accuracy""]",[],True,24df52d0032a21e600cf61db63d747d1ca56a8bd72da3b1829d0fe6f22262d40,24df52d0032a21e600cf61db63d747d1ca56a8bd72da3b1829d0fe6f22262d40,059b455d572771f5264a580d38027ff35c7c066fc160eaec4a249500ac1286e9,ab3c8de5b8ddff29f82752211e221da1d2f1dbb4ce06efb5f9a991cbfed6ac1f,
yolo26s,detection,full,deepx_m1,orin_nx_deepx_m1_01,deepx_m1_full,deepx_m1_full,full,,completed,screening,fail,fail,primary:coco_ap_50_95:decision:pass;primary:coco_ap_50_95:bootstrap_skipped_reason:point_estimate_below_non_inferiority_margin;guardrail:ap50:decision:pass;guardrail:ap50:bootstrap_skipped_reason:point_estimate_below_non_inferiority_margin;guardrail:ap75:decision:fail;guardrail:ap75:bootstrap_skipped_reason:point_estimate_below_non_inferiority_margin,,,coco_ap_50_95,0.4013927141680281,0.40753480524311103,-0.006142091075082956,-0.006142091075082956,-0.006142091075082956,0.01,500,0,management_process_pool:onnx_splitpoint_tool.quality_metrics:detection_quality_evaluator,point_estimate_below_non_inferiority_margin,7.10407724394463,0.5309947824621997,0.5296159954391199,0.0013787870230798083,0.0013787870230798083,0.0013787870230798083,0.01,pass,0.4366680600689632,0.45168933952503865,-0.015021279456075454,-0.015021279456075454,-0.015021279456075454,0.01,fail,,,,500,,,,,,e12243ad1499d6c3aec421f20ceef41a8ca494bc4890467d49da4cdbd559d7bc,fail,management_paired_quality_v2:detection-cached-matching-v2-ap75,2,"{""guardrails"":{""ap50_margin"":0.01,""ap75_margin"":0.01},""non_inferiority_margin"":0.01,""primary_metric"":""coco_ap_50_95""}","[""ap50"",""ap75""]",[],True,c241f9c79098479b6c2990e8718aa662d82b60994f252f8e33603e419627937d,e5907313b6b24fd4068a0885531b84413e88626c654f9698528613129a5c5105,cc762beff133abf33a162f6036465117cd0a245679f0871b23f2021c6708ff3c,acd0e38b1d3e642cd5755673a947dd541fa6895bc51b9d2332c71212ac255154,
yolo26s,detection,b001,deepx_to_trt,orin_nx_deepx_m1_01,deepx_to_trt,deepx_to_trt,composed,,completed,screening,pass,pass,primary:coco_ap_50_95:decision:pass;guardrail:ap50:decision:pass;guardrail:ap75:decision:pass,,,coco_ap_50_95,0.40722766920993336,0.40753480524311103,-0.00030713603317766847,-0.0025710473138511746,0.002157709798120816,0.01,500,500,management_process_pool:onnx_splitpoint_tool.quality_metrics:detection_quality_evaluator,,259.37557219399605,0.5278080545753093,0.5296159954391199,-0.001807940863810531,-0.004890608662582374,0.0014308413048044807,0.01,pass,0.4511735335490343,0.45168933952503865,-0.0005158059760043687,-0.003981215053281627,0.0029776393388624392,0.01,pass,,,,500,,,,,,4526f8229d62a114bc686816c8ac0a5a6c6dab69054fff8cf6e11b8d5a34389d,pass,management_paired_quality_v2:detection-cached-matching-v2-ap75,2,"{""guardrails"":{""ap50_margin"":0.01,""ap75_margin"":0.01},""non_inferiority_margin"":0.01,""primary_metric"":""coco_ap_50_95""}","[""ap50"",""ap75""]",[],True,c241f9c79098479b6c2990e8718aa662d82b60994f252f8e33603e419627937d,9022483af212f1ba1b201d887b571e5ae47b297e6704020f29684a24fc197519,cc762beff133abf33a162f6036465117cd0a245679f0871b23f2021c6708ff3c,ff5167ded585334c963ba287bd514e5a5f8c18328cc93dbd5211f07a0ecc1c68,
yolo26s,detection,b002,deepx_to_trt,orin_nx_deepx_m1_01,deepx_to_trt,deepx_to_trt,composed,,completed,screening,pass,pass,primary:coco_ap_50_95:decision:pass;guardrail:ap50:decision:pass;guardrail:ap75:decision:pass,,,coco_ap_50_95,0.406738391373869,0.40753480524311103,-0.0007964138692420075,-0.00317233142763246,0.0017050282869944225,0.01,500,500,management_process_pool:onnx_splitpoint_tool.quality_metrics:detection_quality_evaluator,,260.740877720993,0.5274602498840725,0.5296159954391199,-0.0021557455550473836,-0.005650162947215004,0.0011540221357441921,0.01,pass,0.44984216663691373,0.45168933952503865,-0.001847172888124915,-0.005174766586182317,0.0011521548364717663,0.01,pass,,,,500,,,,,,38cc70b1699676427e71059c94181eb2fb8b5319f2b772bb998d355c542d0448,pass,management_paired_quality_v2:detection-cached-matching-v2-ap75,2,"{""guardrails"":{""ap50_margin"":0.01,""ap75_margin"":0.01},""non_inferiority_margin"":0.01,""primary_metric"":""coco_ap_50_95""}","[""ap50"",""ap75""]",[],True,c241f9c79098479b6c2990e8718aa662d82b60994f252f8e33603e419627937d,d727369a822f6731cf2dd747f82c0456c9ada55e9ca221ed4ff64c9770736c8d,cc762beff133abf33a162f6036465117cd0a245679f0871b23f2021c6708ff3c,249fb5ec6387b3e2d3dc1a03d45a9dadd9935027d646d40e881d1e6a8f9c8538,
yolo26s,detection,b005,deepx_to_trt,orin_nx_deepx_m1_01,deepx_to_trt,deepx_to_trt,composed,,completed,screening,pass,pass,primary:coco_ap_50_95:decision:pass;guardrail:ap50:decision:pass;guardrail:ap75:decision:pass,,,coco_ap_50_95,0.40704769300734905,0.40753480524311103,-0.00048711223576197726,-0.0024546408401469513,0.002109604578145488,0.01,500,500,management_process_pool:onnx_splitpoint_tool.quality_metrics:detection_quality_evaluator,,258.4695514580235,0.5293860126913774,0.5296159954391199,-0.00022998274774244098,-0.0033580885530333057,0.0033085369152042626,0.01,pass,0.4494757143946567,0.45168933952503865,-0.0022136251303819243,-0.0060379636698558664,0.0017909149140994721,0.01,pass,,,,500,,,,,,1551006a87047e7da07bdea013c391d46d146983d67785bd4616171d823a8f5b,pass,management_paired_quality_v2:detection-cached-matching-v2-ap75,2,"{""guardrails"":{""ap50_margin"":0.01,""ap75_margin"":0.01},""non_inferiority_margin"":0.01,""primary_metric"":""coco_ap_50_95""}","[""ap50"",""ap75""]",[],True,c241f9c79098479b6c2990e8718aa662d82b60994f252f8e33603e419627937d,2829e631417b7aeeec03ae86360268582d4b90d0f8e8f5b755c7237e3bab9020,cc762beff133abf33a162f6036465117cd0a245679f0871b23f2021c6708ff3c,bcab92f516ec09170660a91f3b12a4888fbbd8572895b95b9032f00213f6102d,
yolo26s,detection,b038,deepx_to_trt,orin_nx_deepx_m1_01,deepx_to_trt,deepx_to_trt,composed,,completed,screening,pass,pass,primary:coco_ap_50_95:decision:pass;guardrail:ap50:decision:pass;guardrail:ap75:decision:pass,,,coco_ap_50_95,0.40813959853045895,0.40753480524311103,0.0006047932873479156,-0.002746816042452241,0.004135471213756373,0.01,500,500,management_process_pool:onnx_splitpoint_tool.quality_metrics:detection_quality_evaluator,,253.59084910305683,0.5311122974675924,0.5296159954391199,0.001496302028472507,-0.0024505164295361252,0.005711251469629074,0.01,pass,0.44894176573852196,0.45168933952503865,-0.0027475737865166883,-0.008164063539425531,0.0024809755286502016,0.01,pass,,,,500,,,,,,f2e5275c84303cab65e7b0d23fccc40884311805018d7cf571a3249c62ae42b4,pass,management_paired_quality_v2:detection-cached-matching-v2-ap75,2,"{""guardrails"":{""ap50_margin"":0.01,""ap75_margin"":0.01},""non_inferiority_margin"":0.01,""primary_metric"":""coco_ap_50_95""}","[""ap50"",""ap75""]",[],True,c241f9c79098479b6c2990e8718aa662d82b60994f252f8e33603e419627937d,4477cdc5df628ea22f643d58044832f33d223be7c82a4540f8baf75723e2c18a,cc762beff133abf33a162f6036465117cd0a245679f0871b23f2021c6708ff3c,411a4d501a078eb37afc6700ab70bfca72d1539adf6efd1be4a1fbc6e2516a2a,
yolo26s,detection,b042,deepx_to_trt,orin_nx_deepx_m1_01,deepx_to_trt,deepx_to_trt,composed,,completed,screening,inconclusive,inconclusive,primary:coco_ap_50_95:decision:pass;guardrail:ap50:decision:pass;guardrail:ap75:decision:inconclusive,,,coco_ap_50_95,0.40477756438864454,0.40753480524311103,-0.0027572408544664917,-0.006335999435550346,0.001372507870324685,0.01,500,500,management_process_pool:onnx_splitpoint_tool.quality_metrics:detection_quality_evaluator,,247.8697063450236,0.5275889717189982,0.5296159954391199,-0.0020270237201216457,-0.006735393415044222,0.0031591031171996757,0.01,pass,0.44681873144858547,0.45168933952503865,-0.004870608076453176,-0.011448733509240418,0.0004745563880394088,0.01,inconclusive,,,,500,,,,,,d957d3f16f611e979be64a4eb8c6adb7b94ba5bcaed6a7e80c101efd0c91475e,inconclusive,management_paired_quality_v2:detection-cached-matching-v2-ap75,2,"{""guardrails"":{""ap50_margin"":0.01,""ap75_margin"":0.01},""non_inferiority_margin"":0.01,""primary_metric"":""coco_ap_50_95""}","[""ap50"",""ap75""]",[],True,c241f9c79098479b6c2990e8718aa662d82b60994f252f8e33603e419627937d,ac5b3439f80c2726eada5f3f0e72ec55ebd10a80d072c8564bce1ef13fa2834e,cc762beff133abf33a162f6036465117cd0a245679f0871b23f2021c6708ff3c,a20bd755deb061a9b917bc18e5d054ea6b16522d952929cb248a3553cd2b1482,
yolo26s,detection,b118,deepx_to_trt,orin_nx_deepx_m1_01,deepx_to_trt,deepx_to_trt,composed,,completed,screening,pass,pass,primary:coco_ap_50_95:decision:pass;guardrail:ap50:decision:pass;guardrail:ap75:decision:pass,,,coco_ap_50_95,0.40609095166377396,0.40753480524311103,-0.0014438535793370733,-0.005448611007761863,0.0016500165574751793,0.01,500,500,management_process_pool:onnx_splitpoint_tool.quality_metrics:detection_quality_evaluator,,224.25257550308015,0.5278239346634928,0.5296159954391199,-0.0017920607756271023,-0.007278781601208648,0.0016826804624039827,0.01,pass,0.4492220020972856,0.45168933952503865,-0.002467337427753069,-0.009001295255462666,0.0019230629382010456,0.01,pass,,,,500,,,,,,c7cce4f28a8cceb64ac5096b2ae9bf6980a05c8ba74667548f3f7636f6a97a9d,pass,management_paired_quality_v2:detection-cached-matching-v2-ap75,2,"{""guardrails"":{""ap50_margin"":0.01,""ap75_margin"":0.01},""non_inferiority_margin"":0.01,""primary_metric"":""coco_ap_50_95""}","[""ap50"",""ap75""]",[],True,c241f9c79098479b6c2990e8718aa662d82b60994f252f8e33603e419627937d,b7bffa3857fe0915f81efcd5c07ecce3a905c603381f1b938249ad40f66ee0ca,cc762beff133abf33a162f6036465117cd0a245679f0871b23f2021c6708ff3c,3d8b133e6327dc54d07487072540f1239f8a3141135cbd7d78ba5d4ca7b1ecb1,
yolo26s,detection,b148,deepx_to_trt,orin_nx_deepx_m1_01,deepx_to_trt,deepx_to_trt,composed,,completed,screening,pass,pass,primary:coco_ap_50_95:decision:pass;guardrail:ap50:decision:pass;guardrail:ap75:decision:pass,,,coco_ap_50_95,0.40740986147309927,0.40753480524311103,-0.00012494377001176504,-0.004471121136787071,0.003953485750590568,0.01,500,500,management_process_pool:onnx_splitpoint_tool.quality_metrics:detection_quality_evaluator,,226.959828682011,0.528102480376711,0.5296159954391199,-0.0015135150624088212,-0.007835018905090268,0.003543350684405793,0.01,pass,0.4502922702801994,0.45168933952503865,-0.001397069244839233,-0.008651167566946769,0.0042288070781544606,0.01,pass,,,,500,,,,,,43c4209ddf274e7d42c6631c2a754e25c12a1f3409f79353976fb56719e77af8,pass,management_paired_quality_v2:detection-cached-matching-v2-ap75,2,"{""guardrails"":{""ap50_margin"":0.01,""ap75_margin"":0.01},""non_inferiority_margin"":0.01,""primary_metric"":""coco_ap_50_95""}","[""ap50"",""ap75""]",[],True,c241f9c79098479b6c2990e8718aa662d82b60994f252f8e33603e419627937d,4ff971f1a65595f360250c5fd892b0f5a766da502e3b93e5ea99eeb7be83c8d9,cc762beff133abf33a162f6036465117cd0a245679f0871b23f2021c6708ff3c,812e498e9ccec509fc652cddf4dd0d1f3ab381ef2cccbd46efc3c8d1f677bd21,
yolo26s,detection,b181,deepx_to_trt,orin_nx_deepx_m1_01,deepx_to_trt,deepx_to_trt,composed,,completed,screening,inconclusive,inconclusive,primary:coco_ap_50_95:decision:pass;guardrail:ap50:decision:pass;guardrail:ap75:decision:inconclusive,,,coco_ap_50_95,0.4060748610325103,0.40753480524311103,-0.0014599442106007499,-0.006295849618866038,0.0028750621094036652,0.01,500,500,management_process_pool:onnx_splitpoint_tool.quality_metrics:detection_quality_evaluator,,251.01556595100556,0.5279848440559489,0.5296159954391199,-0.0016311513831709368,-0.007589501332898369,0.003777384987703884,0.01,pass,0.4433679661648993,0.45168933952503865,-0.008321373360139328,-0.018867566132025657,0.000816608401820024,0.01,inconclusive,,,,500,,,,,,9a1ff374221023859ca7baff8ace4b81ba79c6c664a3beacddeb20407ea7a4f1,inconclusive,management_paired_quality_v2:detection-cached-matching-v2-ap75,2,"{""guardrails"":{""ap50_margin"":0.01,""ap75_margin"":0.01},""non_inferiority_margin"":0.01,""primary_metric"":""coco_ap_50_95""}","[""ap50"",""ap75""]",[],True,c241f9c79098479b6c2990e8718aa662d82b60994f252f8e33603e419627937d,23e7fb47ba4587aa298dd71b6e55a82a9e860249bb941d8e941dad5b65d3a9db,cc762beff133abf33a162f6036465117cd0a245679f0871b23f2021c6708ff3c,7214c4981f1e0fdd2baf80c5196f0e581cd161664e299c2a835836b2c577ccb9,
yolo26s,detection,b221,deepx_to_trt,orin_nx_deepx_m1_01,deepx_to_trt,deepx_to_trt,composed,,completed,screening,pass,pass,primary:coco_ap_50_95:decision:pass;guardrail:ap50:decision:pass;guardrail:ap75:decision:pass,,,coco_ap_50_95,0.4097116216097378,0.40753480524311103,0.002176816366626755,-0.002307107520761623,0.005568777433123403,0.01,500,500,management_process_pool:onnx_splitpoint_tool.quality_metrics:detection_quality_evaluator,,233.22505966306198,0.5334364709250703,0.5296159954391199,0.0038204754859504364,-0.002862595377544358,0.008160712226623637,0.01,pass,0.45289277490043994,0.45168933952503865,0.001203435375401296,-0.005473555190317013,0.0064981961313053446,0.01,pass,,,,500,,,,,,199a540fe674817cffea35d99e6da9fef0a8776e40629c05da4208d8ad02c381,pass,management_paired_quality_v2:detection-cached-matching-v2-ap75,2,"{""guardrails"":{""ap50_margin"":0.01,""ap75_margin"":0.01},""non_inferiority_margin"":0.01,""primary_metric"":""coco_ap_50_95""}","[""ap50"",""ap75""]",[],True,c241f9c79098479b6c2990e8718aa662d82b60994f252f8e33603e419627937d,1bd62a7e160ced67249cf6a20cb5148037a124c12a6312cd5da9187486c6dde8,cc762beff133abf33a162f6036465117cd0a245679f0871b23f2021c6708ff3c,bad0f6443367f51c246c92ce6711ad7cc5c13e2b9ba2d74c8e2c2462280aa8f2,
yolo26s,detection,b001,hailo10,orin_nx_hailo10_01,hailo10,hailo10,full,,completed,screening,fail,fail,primary:coco_ap_50_95:decision:fail;primary:coco_ap_50_95:bootstrap_skipped_reason:point_estimate_below_non_inferiority_margin;guardrail:ap50:decision:fail;guardrail:ap50:bootstrap_skipped_reason:point_estimate_below_non_inferiority_margin;guardrail:ap75:decision:fail;guardrail:ap75:bootstrap_skipped_reason:point_estimate_below_non_inferiority_margin,,,coco_ap_50_95,0.3507483088614253,0.40753480524311103,-0.05678649638168576,-0.05678649638168576,-0.05678649638168576,0.01,500,0,management_process_pool:onnx_splitpoint_tool.quality_metrics:detection_quality_evaluator,point_estimate_below_non_inferiority_margin,6.8111524330452085,0.4745307212086892,0.5296159954391199,-0.055085274230430636,-0.055085274230430636,-0.055085274230430636,0.01,fail,0.39002034718004774,0.45168933952503865,-0.0616689923449909,-0.0616689923449909,-0.0616689923449909,0.01,fail,,,,500,,,,,,5045bdd90153011409dfe2bff782920bff56679a8b5ef3390a770efe8aa7f150,fail,management_paired_quality_v2:detection-cached-matching-v2-ap75,2,"{""guardrails"":{""ap50_margin"":0.01,""ap75_margin"":0.01},""non_inferiority_margin"":0.01,""primary_metric"":""coco_ap_50_95""}","[""ap50"",""ap75""]",[],True,c241f9c79098479b6c2990e8718aa662d82b60994f252f8e33603e419627937d,7fa466e002a5540720400130b5bdaf9c954647aa64753e3528a360c535547dd4,cc762beff133abf33a162f6036465117cd0a245679f0871b23f2021c6708ff3c,15c238a974e9119b762dd413f37690cacfec34d58ba974c3dfe588c2feca305f,
yolo26s,detection,b001,hailo10h_to_trt,orin_nx_hailo10_01,hailo10h_to_trt,hailo10h_to_trt,composed,,completed,screening,fail,fail,primary:coco_ap_50_95:decision:fail;primary:coco_ap_50_95:bootstrap_skipped_reason:point_estimate_below_non_inferiority_margin;guardrail:ap50:decision:fail;guardrail:ap50:bootstrap_skipped_reason:point_estimate_below_non_inferiority_margin;guardrail:ap75:decision:fail;guardrail:ap75:bootstrap_skipped_reason:point_estimate_below_non_inferiority_margin,,,coco_ap_50_95,0.3965639200484804,0.40753480524311103,-0.01097088519463063,-0.01097088519463063,-0.01097088519463063,0.01,500,0,management_process_pool:onnx_splitpoint_tool.quality_metrics:detection_quality_evaluator,point_estimate_below_non_inferiority_margin,6.633542741998099,0.5165111951714401,0.5296159954391199,-0.013104800267679795,-0.013104800267679795,-0.013104800267679795,0.01,fail,0.433541308048338,0.45168933952503865,-0.018148031476700632,-0.018148031476700632,-0.018148031476700632,0.01,fail,,,,500,,,,,,e8dfa2284c47fe4a4f8a48e9be4dd836c8c43137aea2daca6ec03b8ed11507fe,fail,management_paired_quality_v2:detection-cached-matching-v2-ap75,2,"{""guardrails"":{""ap50_margin"":0.01,""ap75_margin"":0.01},""non_inferiority_margin"":0.01,""primary_metric"":""coco_ap_50_95""}","[""ap50"",""ap75""]",[],True,c241f9c79098479b6c2990e8718aa662d82b60994f252f8e33603e419627937d,9ee65a177932b7cbef7e087a329c798d031c244bc851522633adb2fe44a08b60,cc762beff133abf33a162f6036465117cd0a245679f0871b23f2021c6708ff3c,840c000d712a228a126501fc48975bbd664845ccbb8914901188704aa1758f0f,
yolo26s,detection,b002,hailo10h_to_trt,orin_nx_hailo10_01,hailo10h_to_trt,hailo10h_to_trt,composed,,completed,screening,fail,fail,primary:coco_ap_50_95:decision:fail;primary:coco_ap_50_95:bootstrap_skipped_reason:point_estimate_below_non_inferiority_margin;guardrail:ap50:decision:fail;guardrail:ap50:bootstrap_skipped_reason:point_estimate_below_non_inferiority_margin;guardrail:ap75:decision:fail;guardrail:ap75:bootstrap_skipped_reason:point_estimate_below_non_inferiority_margin,,,coco_ap_50_95,0.3973083953707857,0.40753480524311103,-0.010226409872325315,-0.010226409872325315,-0.010226409872325315,0.01,500,0,management_process_pool:onnx_splitpoint_tool.quality_metrics:detection_quality_evaluator,point_estimate_below_non_inferiority_margin,6.5263007070170715,0.5194842723170572,0.5296159954391199,-0.010131723122062675,-0.010131723122062675,-0.010131723122062675,0.01,fail,0.4373997046234142,0.45168933952503865,-0.014289634901624437,-0.014289634901624437,-0.014289634901624437,0.01,fail,,,,500,,,,,,ca0dec29df9568251b35c01727af9050a2f98b534619d41ede5dda806b8d3cc3,fail,management_paired_quality_v2:detection-cached-matching-v2-ap75,2,"{""guardrails"":{""ap50_margin"":0.01,""ap75_margin"":0.01},""non_inferiority_margin"":0.01,""primary_metric"":""coco_ap_50_95""}","[""ap50"",""ap75""]",[],True,c241f9c79098479b6c2990e8718aa662d82b60994f252f8e33603e419627937d,c801d748a5dc4d04d2e1c8e37b70943a85fef7143b3b035a5d62335bb4dc0c79,cc762beff133abf33a162f6036465117cd0a245679f0871b23f2021c6708ff3c,ca354d027864140d0684a5673f79a66b12fb1061ba0a2fde6b44afbb621fb3a5,
yolo26s,detection,b005,hailo10h_to_trt,orin_nx_hailo10_01,hailo10h_to_trt,hailo10h_to_trt,composed,,completed,screening,inconclusive,inconclusive,primary:coco_ap_50_95:decision:inconclusive;guardrail:ap50:decision:inconclusive;guardrail:ap75:decision:inconclusive,,,coco_ap_50_95,0.40235007343730783,0.40753480524311103,-0.0051847318058032,-0.01144911550337465,3.0049571180912338e-05,0.01,500,500,management_process_pool:onnx_splitpoint_tool.quality_metrics:detection_quality_evaluator,,231.9650197479641,0.5261653805206908,0.5296159954391199,-0.003450614918429018,-0.011652320947832783,0.0027843905670809827,0.01,inconclusive,0.4420423803832566,0.45168933952503865,-0.009646959141782041,-0.018771632625042705,-0.0022418989805190635,0.01,inconclusive,,,,500,,,,,,d3aa6e6224fe58ca4f213e42b252c7ff905a6e581edc5ba6f7f6a2b32bcf84f8,inconclusive,management_paired_quality_v2:detection-cached-matching-v2-ap75,2,"{""guardrails"":{""ap50_margin"":0.01,""ap75_margin"":0.01},""non_inferiority_margin"":0.01,""primary_metric"":""coco_ap_50_95""}","[""ap50"",""ap75""]",[],True,c241f9c79098479b6c2990e8718aa662d82b60994f252f8e33603e419627937d,87b4e6afafc7ee52e6afc79dc061572851c40108bdb76da1bd1928e3fb0b3e74,cc762beff133abf33a162f6036465117cd0a245679f0871b23f2021c6708ff3c,4d1fd37c5c52455b5560a965d9849ac9311fd4b03ea408d3ff6e151812d05b75,
yolo26s,detection,b038,hailo10h_to_trt,orin_nx_hailo10_01,hailo10h_to_trt,hailo10h_to_trt,composed,,completed,screening,fail,fail,primary:coco_ap_50_95:decision:pass;primary:coco_ap_50_95:bootstrap_skipped_reason:point_estimate_below_non_inferiority_margin;guardrail:ap50:decision:pass;guardrail:ap50:bootstrap_skipped_reason:point_estimate_below_non_inferiority_margin;guardrail:ap75:decision:fail;guardrail:ap75:bootstrap_skipped_reason:point_estimate_below_non_inferiority_margin,,,coco_ap_50_95,0.40031521927814306,0.40753480524311103,-0.007219585964967967,-0.007219585964967967,-0.007219585964967967,0.01,500,0,management_process_pool:onnx_splitpoint_tool.quality_metrics:detection_quality_evaluator,point_estimate_below_non_inferiority_margin,5.81361338600982,0.5254240886262148,0.5296159954391199,-0.004191906812905044,-0.004191906812905044,-0.004191906812905044,0.01,pass,0.440900601522241,0.45168933952503865,-0.010788738002797671,-0.010788738002797671,-0.010788738002797671,0.01,fail,,,,500,,,,,,31762c6540341772fcedd6098925c303aebdac12f8366d6b7aa9215e01994353,fail,management_paired_quality_v2:detection-cached-matching-v2-ap75,2,"{""guardrails"":{""ap50_margin"":0.01,""ap75_margin"":0.01},""non_inferiority_margin"":0.01,""primary_metric"":""coco_ap_50_95""}","[""ap50"",""ap75""]",[],True,c241f9c79098479b6c2990e8718aa662d82b60994f252f8e33603e419627937d,4bf314a89e88d1d2d15b1d3db4eae2b56794056870f9b1da05277d07ecff355a,cc762beff133abf33a162f6036465117cd0a245679f0871b23f2021c6708ff3c,657ee2cb2e1c99314511cddbabaf872b59747fca49a06c8baa7113e8aefb4343,
yolo26s,detection,b042,hailo10h_to_trt,orin_nx_hailo10_01,hailo10h_to_trt,hailo10h_to_trt,composed,,completed,screening,fail,fail,primary:coco_ap_50_95:decision:pass;primary:coco_ap_50_95:bootstrap_skipped_reason:point_estimate_below_non_inferiority_margin;guardrail:ap50:decision:pass;guardrail:ap50:bootstrap_skipped_reason:point_estimate_below_non_inferiority_margin;guardrail:ap75:decision:fail;guardrail:ap75:bootstrap_skipped_reason:point_estimate_below_non_inferiority_margin,,,coco_ap_50_95,0.40079880626263603,0.40753480524311103,-0.006735998980475,-0.006735998980475,-0.006735998980475,0.01,500,0,management_process_pool:onnx_splitpoint_tool.quality_metrics:detection_quality_evaluator,point_estimate_below_non_inferiority_margin,5.7280746180331334,0.5231605918248101,0.5296159954391199,-0.00645540361430974,-0.00645540361430974,-0.00645540361430974,0.01,pass,0.4411561883063895,0.45168933952503865,-0.010533151218649173,-0.010533151218649173,-0.010533151218649173,0.01,fail,,,,500,,,,,,9789b58bbc9c565574f70ab748499685994c0871a31ce3387bb70e3208300405,fail,management_paired_quality_v2:detection-cached-matching-v2-ap75,2,"{""guardrails"":{""ap50_margin"":0.01,""ap75_margin"":0.01},""non_inferiority_margin"":0.01,""primary_metric"":""coco_ap_50_95""}","[""ap50"",""ap75""]",[],True,c241f9c79098479b6c2990e8718aa662d82b60994f252f8e33603e419627937d,a49626152e3072c51fec5678d30b910ef652db7eee81ab0f1bd4f1c9e0021e51,cc762beff133abf33a162f6036465117cd0a245679f0871b23f2021c6708ff3c,63c2dbc2734af9697f26cfe42e480cce8fc2fd3a12d60b890affad8913738240,
yolo26s,detection,b118,hailo10h_to_trt,orin_nx_hailo10_01,hailo10h_to_trt,hailo10h_to_trt,composed,,completed,screening,fail,fail,primary:coco_ap_50_95:decision:pass;primary:coco_ap_50_95:bootstrap_skipped_reason:point_estimate_below_non_inferiority_margin;guardrail:ap50:decision:pass;guardrail:ap50:bootstrap_skipped_reason:point_estimate_below_non_inferiority_margin;guardrail:ap75:decision:fail;guardrail:ap75:bootstrap_skipped_reason:point_estimate_below_non_inferiority_margin,,,coco_ap_50_95,0.39781783257830095,0.40753480524311103,-0.009716972664810086,-0.009716972664810086,-0.009716972664810086,0.01,500,0,management_process_pool:onnx_splitpoint_tool.quality_metrics:detection_quality_evaluator,point_estimate_below_non_inferiority_margin,7.407099197967909,0.5208479185026176,0.5296159954391199,-0.008768076936502278,-0.008768076936502278,-0.008768076936502278,0.01,pass,0.43944588876928725,0.45168933952503865,-0.012243450755751395,-0.012243450755751395,-0.012243450755751395,0.01,fail,,,,500,,,,,,1ed606b728588571b3a154194ead9d75b9d848896ffc0b3af5dbecae03711df9,fail,management_paired_quality_v2:detection-cached-matching-v2-ap75,2,"{""guardrails"":{""ap50_margin"":0.01,""ap75_margin"":0.01},""non_inferiority_margin"":0.01,""primary_metric"":""coco_ap_50_95""}","[""ap50"",""ap75""]",[],True,c241f9c79098479b6c2990e8718aa662d82b60994f252f8e33603e419627937d,13ac97f753500f243f388cac25ad033d655e92e56effe2435519f366ab5ce3e6,cc762beff133abf33a162f6036465117cd0a245679f0871b23f2021c6708ff3c,eee0d378feda49933bf419ce92974fcb9814c96baedfdd4f73200eb4612cc50c,
yolo26s,detection,b148,hailo10h_to_trt,orin_nx_hailo10_01,hailo10h_to_trt,hailo10h_to_trt,composed,,completed,screening,fail,fail,primary:coco_ap_50_95:decision:fail;primary:coco_ap_50_95:bootstrap_skipped_reason:point_estimate_below_non_inferiority_margin;guardrail:ap50:decision:fail;guardrail:ap50:bootstrap_skipped_reason:point_estimate_below_non_inferiority_margin;guardrail:ap75:decision:fail;guardrail:ap75:bootstrap_skipped_reason:point_estimate_below_non_inferiority_margin,,,coco_ap_50_95,0.39185111155954766,0.40753480524311103,-0.01568369368356337,-0.01568369368356337,-0.01568369368356337,0.01,500,0,management_process_pool:onnx_splitpoint_tool.quality_metrics:detection_quality_evaluator,point_estimate_below_non_inferiority_margin,7.89753676194232,0.5124359207762644,0.5296159954391199,-0.017180074662855427,-0.017180074662855427,-0.017180074662855427,0.01,fail,0.4308227124338103,0.45168933952503865,-0.02086662709122833,-0.02086662709122833,-0.02086662709122833,0.01,fail,,,,500,,,,,,e7bf4f0f255ad7a574fca7327f73c54bc1b086462cdd7fc754f4680ea29ab28a,fail,management_paired_quality_v2:detection-cached-matching-v2-ap75,2,"{""guardrails"":{""ap50_margin"":0.01,""ap75_margin"":0.01},""non_inferiority_margin"":0.01,""primary_metric"":""coco_ap_50_95""}","[""ap50"",""ap75""]",[],True,c241f9c79098479b6c2990e8718aa662d82b60994f252f8e33603e419627937d,c7bfd53b01872f8c99d6532ffb5d8f81629206275ae01a04f03091e0cbf9919a,cc762beff133abf33a162f6036465117cd0a245679f0871b23f2021c6708ff3c,e519e371bee6d692b6534df5b13c723678c59fd19ea21dc04a7e572953929d20,
yolo26s,detection,b181,hailo10h_to_trt,orin_nx_hailo10_01,hailo10h_to_trt,hailo10h_to_trt,composed,,completed,screening,fail,fail,primary:coco_ap_50_95:decision:fail;primary:coco_ap_50_95:bootstrap_skipped_reason:point_estimate_below_non_inferiority_margin;guardrail:ap50:decision:fail;guardrail:ap50:bootstrap_skipped_reason:point_estimate_below_non_inferiority_margin;guardrail:ap75:decision:fail;guardrail:ap75:bootstrap_skipped_reason:point_estimate_below_non_inferiority_margin,,,coco_ap_50_95,0.39103153830892085,0.40753480524311103,-0.016503266934190186,-0.016503266934190186,-0.016503266934190186,0.01,500,0,management_process_pool:onnx_splitpoint_tool.quality_metrics:detection_quality_evaluator,point_estimate_below_non_inferiority_margin,6.778381649986841,0.5133973464959919,0.5296159954391199,-0.016218648943127967,-0.016218648943127967,-0.016218648943127967,0.01,fail,0.42966013760259836,0.45168933952503865,-0.02202920192244029,-0.02202920192244029,-0.02202920192244029,0.01,fail,,,,500,,,,,,13de529a4ad3fdb574b7ee6e0993f61415de3de7eee37cebb3360202bcc42c88,fail,management_paired_quality_v2:detection-cached-matching-v2-ap75,2,"{""guardrails"":{""ap50_margin"":0.01,""ap75_margin"":0.01},""non_inferiority_margin"":0.01,""primary_metric"":""coco_ap_50_95""}","[""ap50"",""ap75""]",[],True,c241f9c79098479b6c2990e8718aa662d82b60994f252f8e33603e419627937d,c1e72dbdddee6176f48042bd257b375d33b29023e59b0e09098579dd45262078,cc762beff133abf33a162f6036465117cd0a245679f0871b23f2021c6708ff3c,537e1ea111c0a87cc1ef529bea40bb16313f963f390668c5909cf36564bbdbca,
yolo26s,detection,b221,hailo10h_to_trt,orin_nx_hailo10_01,hailo10h_to_trt,hailo10h_to_trt,composed,,completed,screening,fail,fail,primary:coco_ap_50_95:decision:fail;primary:coco_ap_50_95:bootstrap_skipped_reason:point_estimate_below_non_inferiority_margin;guardrail:ap50:decision:fail;guardrail:ap50:bootstrap_skipped_reason:point_estimate_below_non_inferiority_margin;guardrail:ap75:decision:fail;guardrail:ap75:bootstrap_skipped_reason:point_estimate_below_non_inferiority_margin,,,coco_ap_50_95,0.36550578412175694,0.40753480524311103,-0.04202902112135409,-0.04202902112135409,-0.04202902112135409,0.01,500,0,management_process_pool:onnx_splitpoint_tool.quality_metrics:detection_quality_evaluator,point_estimate_below_non_inferiority_margin,6.69149803800974,0.49700108009141564,0.5296159954391199,-0.03261491534770422,-0.03261491534770422,-0.03261491534770422,0.01,fail,0.3920228093659671,0.45168933952503865,-0.05966653015907153,-0.05966653015907153,-0.05966653015907153,0.01,fail,,,,500,,,,,,3d9641e42f7704153e089e656f24e4b7bff7d550a3f8b37a2616f7118362bef1,fail,management_paired_quality_v2:detection-cached-matching-v2-ap75,2,"{""guardrails"":{""ap50_margin"":0.01,""ap75_margin"":0.01},""non_inferiority_margin"":0.01,""primary_metric"":""coco_ap_50_95""}","[""ap50"",""ap75""]",[],True,c241f9c79098479b6c2990e8718aa662d82b60994f252f8e33603e419627937d,425738b67104bc7ef7bb800edd58498de23f021284a2eb0e1c16728a1dc462c3,cc762beff133abf33a162f6036465117cd0a245679f0871b23f2021c6708ff3c,78ce697014c5e392f673f108c9e2b3ef1d43d8b818af1131cde303843161863a,
yolo26s,detection,b001,hailo8,orin_nx_hailo8_01,hailo8,hailo8,full,,completed,screening,fail,fail,primary:coco_ap_50_95:decision:fail;primary:coco_ap_50_95:bootstrap_skipped_reason:point_estimate_below_non_inferiority_margin;guardrail:ap50:decision:fail;guardrail:ap50:bootstrap_skipped_reason:point_estimate_below_non_inferiority_margin;guardrail:ap75:decision:fail;guardrail:ap75:bootstrap_skipped_reason:point_estimate_below_non_inferiority_margin,,,coco_ap_50_95,0.32956929231016424,0.40753480524311103,-0.07796551293294679,-0.07796551293294679,-0.07796551293294679,0.01,500,0,management_process_pool:onnx_splitpoint_tool.quality_metrics:detection_quality_evaluator,point_estimate_below_non_inferiority_margin,6.892953907954507,0.4399975664249741,0.5296159954391199,-0.08961842901414574,-0.08961842901414574,-0.08961842901414574,0.01,fail,0.36892845481634134,0.45168933952503865,-0.0827608847086973,-0.0827608847086973,-0.0827608847086973,0.01,fail,,,,500,,,,,,ef9be6c98c2faf46ccc29d32ebf29713f7c511d8681be10ebab84ecdf8e30098,fail,management_paired_quality_v2:detection-cached-matching-v2-ap75,2,"{""guardrails"":{""ap50_margin"":0.01,""ap75_margin"":0.01},""non_inferiority_margin"":0.01,""primary_metric"":""coco_ap_50_95""}","[""ap50"",""ap75""]",[],True,c241f9c79098479b6c2990e8718aa662d82b60994f252f8e33603e419627937d,03d22441249cbe94e7c3c17f2df2dc819eba1158f0a42e2fc834b3eac50177e9,cc762beff133abf33a162f6036465117cd0a245679f0871b23f2021c6708ff3c,627c428e5aed6e1bef68ce22c4c571210c1dcaea66a1e1994527ee6d43b70719,
yolo26s,detection,b001,hailo8_to_trt,orin_nx_hailo8_01,hailo8_to_trt,hailo8_to_trt,composed,,completed,screening,fail,fail,primary:coco_ap_50_95:decision:fail;primary:coco_ap_50_95:bootstrap_skipped_reason:point_estimate_below_non_inferiority_margin;guardrail:ap50:decision:fail;guardrail:ap50:bootstrap_skipped_reason:point_estimate_below_non_inferiority_margin;guardrail:ap75:decision:fail;guardrail:ap75:bootstrap_skipped_reason:point_estimate_below_non_inferiority_margin,,,coco_ap_50_95,0.39660148559424024,0.40753480524311103,-0.010933319648870787,-0.010933319648870787,-0.010933319648870787,0.01,500,0,management_process_pool:onnx_splitpoint_tool.quality_metrics:detection_quality_evaluator,point_estimate_below_non_inferiority_margin,6.949232978979126,0.5161325487833801,0.5296159954391199,-0.01348344665573975,-0.01348344665573975,-0.01348344665573975,0.01,fail,0.4344989699523637,0.45168933952503865,-0.017190369572674946,-0.017190369572674946,-0.017190369572674946,0.01,fail,,,,500,,,,,,a464120a9b9f91082252b5e07f7e2e97641dca7fc5630f02d0836d3fd08cdfc1,fail,management_paired_quality_v2:detection-cached-matching-v2-ap75,2,"{""guardrails"":{""ap50_margin"":0.01,""ap75_margin"":0.01},""non_inferiority_margin"":0.01,""primary_metric"":""coco_ap_50_95""}","[""ap50"",""ap75""]",[],True,c241f9c79098479b6c2990e8718aa662d82b60994f252f8e33603e419627937d,2060c998cc308a3b4674bffc893fbba8d6dd4632ab6181e965f3ee0a43157935,cc762beff133abf33a162f6036465117cd0a245679f0871b23f2021c6708ff3c,5be0ed05f0c658da63c0320f7ba319179b9ead26e7e72bd8fdf24da4966d8126,
yolo26s,detection,b002,hailo8_to_trt,orin_nx_hailo8_01,hailo8_to_trt,hailo8_to_trt,composed,,completed,screening,fail,fail,primary:coco_ap_50_95:decision:pass;primary:coco_ap_50_95:bootstrap_skipped_reason:point_estimate_below_non_inferiority_margin;guardrail:ap50:decision:pass;guardrail:ap50:bootstrap_skipped_reason:point_estimate_below_non_inferiority_margin;guardrail:ap75:decision:fail;guardrail:ap75:bootstrap_skipped_reason:point_estimate_below_non_inferiority_margin,,,coco_ap_50_95,0.39757145604404553,0.40753480524311103,-0.009963349199065497,-0.009963349199065497,-0.009963349199065497,0.01,500,0,management_process_pool:onnx_splitpoint_tool.quality_metrics:detection_quality_evaluator,point_estimate_below_non_inferiority_margin,6.449178796028718,0.5214563665468946,0.5296159954391199,-0.008159628892225212,-0.008159628892225212,-0.008159628892225212,0.01,pass,0.4376255718732972,0.45168933952503865,-0.014063767651741443,-0.014063767651741443,-0.014063767651741443,0.01,fail,,,,500,,,,,,bc41407475435e4a9c4fb5c5344fc41e05a055532e234253cb9bf90dfc0fdabb,fail,management_paired_quality_v2:detection-cached-matching-v2-ap75,2,"{""guardrails"":{""ap50_margin"":0.01,""ap75_margin"":0.01},""non_inferiority_margin"":0.01,""primary_metric"":""coco_ap_50_95""}","[""ap50"",""ap75""]",[],True,c241f9c79098479b6c2990e8718aa662d82b60994f252f8e33603e419627937d,6fa97b22bf8b933fd0e2f24332b7c4ddc0656101ec61e64c72fc1dcbcbb8c352,cc762beff133abf33a162f6036465117cd0a245679f0871b23f2021c6708ff3c,b21506d18ac9a96a10a83416c4d065be7a305038bd7532c4841192bc31c0b92e,
yolo26s,detection,b005,hailo8_to_trt,orin_nx_hailo8_01,hailo8_to_trt,hailo8_to_trt,composed,,completed,screening,inconclusive,inconclusive,primary:coco_ap_50_95:decision:inconclusive;guardrail:ap50:decision:inconclusive;guardrail:ap75:decision:inconclusive,,,coco_ap_50_95,0.39953693251973843,0.40753480524311103,-0.007997872723372601,-0.013676960653125693,-0.0022997847729925086,0.01,500,500,management_process_pool:onnx_splitpoint_tool.quality_metrics:detection_quality_evaluator,,227.26042425597552,0.5226551892364969,0.5296159954391199,-0.00696080620262296,-0.015637824676697467,0.0004304706057746869,0.01,inconclusive,0.4423295450572035,0.45168933952503865,-0.009359794467835136,-0.018372300345011323,-0.0024626042582068367,0.01,inconclusive,,,,500,,,,,,ae7673b0f35d7351498b801843d2d1913e051fa78ad668e73ddddba4f6a89e11,inconclusive,management_paired_quality_v2:detection-cached-matching-v2-ap75,2,"{""guardrails"":{""ap50_margin"":0.01,""ap75_margin"":0.01},""non_inferiority_margin"":0.01,""primary_metric"":""coco_ap_50_95""}","[""ap50"",""ap75""]",[],True,c241f9c79098479b6c2990e8718aa662d82b60994f252f8e33603e419627937d,98813f903eccee7b27827a396aa6ca01061b99520be6fc238ef357b5540d5f78,cc762beff133abf33a162f6036465117cd0a245679f0871b23f2021c6708ff3c,f0519d6987c767459f1349d007cfa7667f1804c9fe2915663426008d652f1b58,
yolo26s,detection,b038,hailo8_to_trt,orin_nx_hailo8_01,hailo8_to_trt,hailo8_to_trt,composed,,completed,screening,fail,fail,primary:coco_ap_50_95:decision:pass;primary:coco_ap_50_95:bootstrap_skipped_reason:point_estimate_below_non_inferiority_margin;guardrail:ap50:decision:pass;guardrail:ap50:bootstrap_skipped_reason:point_estimate_below_non_inferiority_margin;guardrail:ap75:decision:fail;guardrail:ap75:bootstrap_skipped_reason:point_estimate_below_non_inferiority_margin,,,coco_ap_50_95,0.3987847275624402,0.40753480524311103,-0.00875007768067082,-0.00875007768067082,-0.00875007768067082,0.01,500,0,management_process_pool:onnx_splitpoint_tool.quality_metrics:detection_quality_evaluator,point_estimate_below_non_inferiority_margin,6.231031476985663,0.5214031663050156,0.5296159954391199,-0.00821282913410426,-0.00821282913410426,-0.00821282913410426,0.01,pass,0.4413430925237365,0.45168933952503865,-0.010346247001302156,-0.010346247001302156,-0.010346247001302156,0.01,fail,,,,500,,,,,,e511199b8d83e3b09aab7a3b36ab0641298bfaafec15618a7cb150808deb3c20,fail,management_paired_quality_v2:detection-cached-matching-v2-ap75,2,"{""guardrails"":{""ap50_margin"":0.01,""ap75_margin"":0.01},""non_inferiority_margin"":0.01,""primary_metric"":""coco_ap_50_95""}","[""ap50"",""ap75""]",[],True,c241f9c79098479b6c2990e8718aa662d82b60994f252f8e33603e419627937d,1665e546de3e5d456d302093c45c88a1f0e1a4978b3976008abd9f44dfdf6d46,cc762beff133abf33a162f6036465117cd0a245679f0871b23f2021c6708ff3c,c4a3beb46f335a130d5fb24bbdbb1a820895d42d3962501dcdc47a63bd4080aa,
yolo26s,detection,b042,hailo8_to_trt,orin_nx_hailo8_01,hailo8_to_trt,hailo8_to_trt,composed,,completed,screening,fail,fail,primary:coco_ap_50_95:decision:pass;primary:coco_ap_50_95:bootstrap_skipped_reason:point_estimate_below_non_inferiority_margin;guardrail:ap50:decision:pass;guardrail:ap50:bootstrap_skipped_reason:point_estimate_below_non_inferiority_margin;guardrail:ap75:decision:fail;guardrail:ap75:bootstrap_skipped_reason:point_estimate_below_non_inferiority_margin,,,coco_ap_50_95,0.39763046905887084,0.40753480524311103,-0.009904336184240192,-0.009904336184240192,-0.009904336184240192,0.01,500,0,management_process_pool:onnx_splitpoint_tool.quality_metrics:detection_quality_evaluator,point_estimate_below_non_inferiority_margin,5.436479856958613,0.5204371919099352,0.5296159954391199,-0.009178803529184654,-0.009178803529184654,-0.009178803529184654,0.01,pass,0.43884039558839083,0.45168933952503865,-0.012848943936647816,-0.012848943936647816,-0.012848943936647816,0.01,fail,,,,500,,,,,,ff5b1bb0566abfbd626247c9bc2697bb5f9bd91832ee6c48de5e3367b37dfb80,fail,management_paired_quality_v2:detection-cached-matching-v2-ap75,2,"{""guardrails"":{""ap50_margin"":0.01,""ap75_margin"":0.01},""non_inferiority_margin"":0.01,""primary_metric"":""coco_ap_50_95""}","[""ap50"",""ap75""]",[],True,c241f9c79098479b6c2990e8718aa662d82b60994f252f8e33603e419627937d,f84a9b02e837431bf9690b2034c5a899957278e86b7f857a3db135f6bc878609,cc762beff133abf33a162f6036465117cd0a245679f0871b23f2021c6708ff3c,1f7ec6a920f67739d64c345f7998d67ecb84208bdfee87858848ae1788b20f5c,
yolo26s,detection,b118,hailo8_to_trt,orin_nx_hailo8_01,hailo8_to_trt,hailo8_to_trt,composed,,completed,screening,inconclusive,inconclusive,primary:coco_ap_50_95:decision:inconclusive;guardrail:ap50:decision:inconclusive;guardrail:ap75:decision:inconclusive,,,coco_ap_50_95,0.3997995000321529,0.40753480524311103,-0.00773530521095811,-0.014088607605215747,-0.002457586841993689,0.01,500,500,management_process_pool:onnx_splitpoint_tool.quality_metrics:detection_quality_evaluator,,209.23704149900004,0.5218701109474544,0.5296159954391199,-0.007745884491665467,-0.016927207235829432,-0.0013956899848921907,0.01,inconclusive,0.44252249484900197,0.45168933952503865,-0.009166844676036678,-0.018420612613334133,-0.002251289638109563,0.01,inconclusive,,,,500,,,,,,81f30f3729a0963af3bfcaab5c55c3953025b163209ada8fa3eaff36d9a121a2,inconclusive,management_paired_quality_v2:detection-cached-matching-v2-ap75,2,"{""guardrails"":{""ap50_margin"":0.01,""ap75_margin"":0.01},""non_inferiority_margin"":0.01,""primary_metric"":""coco_ap_50_95""}","[""ap50"",""ap75""]",[],True,c241f9c79098479b6c2990e8718aa662d82b60994f252f8e33603e419627937d,b678dd16fa495e9106039ed3871c86938eb274bbf52b79ae2faa8396ee6d80cf,cc762beff133abf33a162f6036465117cd0a245679f0871b23f2021c6708ff3c,87af6a4afea32238faa30b6432b38a867458a456518b69a4ec494f77a4438bc9,
yolo26s,detection,b148,hailo8_to_trt,orin_nx_hailo8_01,hailo8_to_trt,hailo8_to_trt,composed,,completed,screening,fail,fail,primary:coco_ap_50_95:decision:fail;primary:coco_ap_50_95:bootstrap_skipped_reason:point_estimate_below_non_inferiority_margin;guardrail:ap50:decision:fail;guardrail:ap50:bootstrap_skipped_reason:point_estimate_below_non_inferiority_margin;guardrail:ap75:decision:fail;guardrail:ap75:bootstrap_skipped_reason:point_estimate_below_non_inferiority_margin,,,coco_ap_50_95,0.39647000007446637,0.40753480524311103,-0.011064805168644665,-0.011064805168644665,-0.011064805168644665,0.01,500,0,management_process_pool:onnx_splitpoint_tool.quality_metrics:detection_quality_evaluator,point_estimate_below_non_inferiority_margin,5.737347826943733,0.5195812475969002,0.5296159954391199,-0.010034747842219693,-0.010034747842219693,-0.010034747842219693,0.01,fail,0.4381437876455411,0.45168933952503865,-0.01354555187949752,-0.01354555187949752,-0.01354555187949752,0.01,fail,,,,500,,,,,,83f57d5bd0f15424d26e72579144a13a52b2d803404b6e2c27b959613329a35f,fail,management_paired_quality_v2:detection-cached-matching-v2-ap75,2,"{""guardrails"":{""ap50_margin"":0.01,""ap75_margin"":0.01},""non_inferiority_margin"":0.01,""primary_metric"":""coco_ap_50_95""}","[""ap50"",""ap75""]",[],True,c241f9c79098479b6c2990e8718aa662d82b60994f252f8e33603e419627937d,8e075b1b25aa704178b24eae961084072a7a4a3a607ade180445e9d6566a0fbc,cc762beff133abf33a162f6036465117cd0a245679f0871b23f2021c6708ff3c,70c1f0c2648df3bf876afc9435574270185778c36dd7911a2775382f6e59b17a,
yolo26s,detection,b181,hailo8_to_trt,orin_nx_hailo8_01,hailo8_to_trt,hailo8_to_trt,composed,,completed,screening,fail,fail,primary:coco_ap_50_95:decision:fail;primary:coco_ap_50_95:bootstrap_skipped_reason:point_estimate_below_non_inferiority_margin;guardrail:ap50:decision:fail;guardrail:ap50:bootstrap_skipped_reason:point_estimate_below_non_inferiority_margin;guardrail:ap75:decision:fail;guardrail:ap75:bootstrap_skipped_reason:point_estimate_below_non_inferiority_margin,,,coco_ap_50_95,0.3948902006104294,0.40753480524311103,-0.012644604632681633,-0.012644604632681633,-0.012644604632681633,0.01,500,0,management_process_pool:onnx_splitpoint_tool.quality_metrics:detection_quality_evaluator,point_estimate_below_non_inferiority_margin,7.834741626982577,0.5169565832924725,0.5296159954391199,-0.012659412146647342,-0.012659412146647342,-0.012659412146647342,0.01,fail,0.435303218391641,0.45168933952503865,-0.016386121133397658,-0.016386121133397658,-0.016386121133397658,0.01,fail,,,,500,,,,,,556ed4c980f64f66280afca487d885671ba0aca632acdbe36f2aa05699004925,fail,management_paired_quality_v2:detection-cached-matching-v2-ap75,2,"{""guardrails"":{""ap50_margin"":0.01,""ap75_margin"":0.01},""non_inferiority_margin"":0.01,""primary_metric"":""coco_ap_50_95""}","[""ap50"",""ap75""]",[],True,c241f9c79098479b6c2990e8718aa662d82b60994f252f8e33603e419627937d,78c1bd362ef0e8441ca4c53d85215dddc6ccc2c2916598990c06fce2262ab8c0,cc762beff133abf33a162f6036465117cd0a245679f0871b23f2021c6708ff3c,f2a7ec47606abcd58dee8064d4e2c97e67efa29155ec6ed1d24780cd174be0f5,
yolo26s,detection,b221,hailo8_to_trt,orin_nx_hailo8_01,hailo8_to_trt,hailo8_to_trt,composed,,completed,screening,fail,fail,primary:coco_ap_50_95:decision:fail;primary:coco_ap_50_95:bootstrap_skipped_reason:point_estimate_below_non_inferiority_margin;guardrail:ap50:decision:fail;guardrail:ap50:bootstrap_skipped_reason:point_estimate_below_non_inferiority_margin;guardrail:ap75:decision:fail;guardrail:ap75:bootstrap_skipped_reason:point_estimate_below_non_inferiority_margin,,,coco_ap_50_95,0.35789463885672534,0.40753480524311103,-0.04964016638638569,-0.04964016638638569,-0.04964016638638569,0.01,500,0,management_process_pool:onnx_splitpoint_tool.quality_metrics:detection_quality_evaluator,point_estimate_below_non_inferiority_margin,6.59424237604253,0.48491411262219497,0.5296159954391199,-0.04470188281692489,-0.04470188281692489,-0.04470188281692489,0.01,fail,0.38019394561611486,0.45168933952503865,-0.07149539390892379,-0.07149539390892379,-0.07149539390892379,0.01,fail,,,,500,,,,,,b66f4931a20180a419d1ede3b825db0877c1bfa7f5ec0df2df1d29c3eb376a14,fail,management_paired_quality_v2:detection-cached-matching-v2-ap75,2,"{""guardrails"":{""ap50_margin"":0.01,""ap75_margin"":0.01},""non_inferiority_margin"":0.01,""primary_metric"":""coco_ap_50_95""}","[""ap50"",""ap75""]",[],True,c241f9c79098479b6c2990e8718aa662d82b60994f252f8e33603e419627937d,f7c804bac9fb0f8a6ad2c3f48b6eeccec2c55d57e3bf971cba22e4b0e50443b8,cc762beff133abf33a162f6036465117cd0a245679f0871b23f2021c6708ff3c,db7aa04040d8bd0901bdb661698cdfec6aa523ff18ea276e6094ae3f20c0c0a3,
yolo26s,detection,full,tensorrt,orin_nx_deepx_m1_01,native_full_tensorrt,native_full_tensorrt,full,full_quality_only,completed,screening,pass,pass,primary:coco_ap_50_95:decision:pass;guardrail:ap50:decision:pass;guardrail:ap75:decision:pass,,,coco_ap_50_95,0.40857467960222793,0.40753480524311103,0.001039874359116899,9.532078043264513e-05,0.0019260642276366386,0.01,500,500,management_process_pool:onnx_splitpoint_tool.quality_metrics:detection_quality_evaluator,,242.09386734396685,0.5310165965911186,0.5296159954391199,0.0014006011519986927,3.195320658628821e-05,0.0030189321465675153,0.01,pass,0.45148864717102877,0.45168933952503865,-0.00020069235400987928,-0.0018520565712731888,0.0009301274598414478,0.01,pass,,,,500,,,,,,6cb3be007888269bcd67faad6337e4a8c7c2244660451b13119572f5dedf410b,pass,management_paired_quality_v2:detection-cached-matching-v2-ap75,2,"{""guardrails"":{""ap50_margin"":0.01,""ap75_margin"":0.01},""non_inferiority_margin"":0.01,""primary_metric"":""coco_ap_50_95""}","[""ap50"",""ap75""]",[],True,c241f9c79098479b6c2990e8718aa662d82b60994f252f8e33603e419627937d,20244704a833877cd903cad8a8c6d57b2e0237fed22a698bb74d40ca4e96c628,cc762beff133abf33a162f6036465117cd0a245679f0871b23f2021c6708ff3c,803bcf296f9c9f87a454fe8c7a0066b2c0011d003c233f25f95a2d59e50b091b,edec36e983a6cd0d14f83c5033b7591f770f0ede5975e7ad9b53ae69c6962755
yolo26s,detection,full,tensorrt,orin_nx_hailo10_01,native_full_tensorrt,native_full_tensorrt,full,full_quality_only,completed,screening,pass,pass,primary:coco_ap_50_95:decision:pass;guardrail:ap50:decision:pass;guardrail:ap75:decision:pass,,,coco_ap_50_95,0.40819548491549923,0.40753480524311103,0.000660679672388198,-5.545747992671266e-05,0.0012516839275107064,0.01,500,500,management_process_pool:onnx_splitpoint_tool.quality_metrics:detection_quality_evaluator,,240.62131287902594,0.5300248836784964,0.5296159954391199,0.00040888823937657026,-0.000612517563012993,0.001390444659922651,0.01,pass,0.4516362350618485,0.45168933952503865,-5.310446319012341e-05,-0.0009151378039750301,0.0003977027279957938,0.01,pass,,,,500,,,,,,99c10bb158a37b952bb0d7500998de866c22ef3c0a807c09066c023d6775d746,pass,management_paired_quality_v2:detection-cached-matching-v2-ap75,2,"{""guardrails"":{""ap50_margin"":0.01,""ap75_margin"":0.01},""non_inferiority_margin"":0.01,""primary_metric"":""coco_ap_50_95""}","[""ap50"",""ap75""]",[],True,c241f9c79098479b6c2990e8718aa662d82b60994f252f8e33603e419627937d,349cc468ad161bc34f4fa0c40dff3d889b0c73b019069c154f2761a98f21cffb,cc762beff133abf33a162f6036465117cd0a245679f0871b23f2021c6708ff3c,008d6732bb08dd44205b05ca34760a6eb21f988e46c95f4843a1c59b8ff85c54,a49e7a066066761ceaf881961de5570472cfc3923ee3789d2e0253476a6260f0
yolo26s,detection,full,tensorrt,orin_nx_hailo8_01,native_full_tensorrt,native_full_tensorrt,full,full_quality_only,completed,screening,pass,pass,primary:coco_ap_50_95:decision:pass;guardrail:ap50:decision:pass;guardrail:ap75:decision:pass,,,coco_ap_50_95,0.40857495478174577,0.40753480524311103,0.0010401495386347381,4.1585061592619476e-05,0.0018301409267973382,0.01,500,500,management_process_pool:onnx_splitpoint_tool.quality_metrics:detection_quality_evaluator,,229.03759473003447,0.5303876419653102,0.5296159954391199,0.0007716465261903283,-0.00036382347491019644,0.0019878267142546253,0.01,pass,0.45130044078399045,0.45168933952503865,-0.00038889874104819366,-0.002142795691160884,0.00038375063771667507,0.01,pass,,,,500,,,,,,5c2dfac82927e85c9846910eed251e08acc2cdf4358922acbae4628e1f5760e3,pass,management_paired_quality_v2:detection-cached-matching-v2-ap75,2,"{""guardrails"":{""ap50_margin"":0.01,""ap75_margin"":0.01},""non_inferiority_margin"":0.01,""primary_metric"":""coco_ap_50_95""}","[""ap50"",""ap75""]",[],True,c241f9c79098479b6c2990e8718aa662d82b60994f252f8e33603e419627937d,2eb2dc10cd7b974340af5f84d2d870ed093b774c083442e6f89c4bb6fb2141aa,cc762beff133abf33a162f6036465117cd0a245679f0871b23f2021c6708ff3c,b63a6fc9d20225252ab42ecfd98dc1687f391789d67d6df8d01b1754bfaabd89,4a19d43b435aaa821bc7d909ad126bad9bf42561beee898a5bcf1cbb97b2c114
yolo26s,detection,b001,ort_tensorrt,orin_nx_deepx_m1_01,ort_tensorrt,ort_tensorrt,composed,,completed,screening,pass,pass,primary:coco_ap_50_95:decision:pass;guardrail:ap50:decision:pass;guardrail:ap75:decision:pass,,,coco_ap_50_95,0.4083515860652551,0.40753480524311103,0.000816780822144092,0.00020778037508725495,0.0014622087961634444,0.01,500,500,management_process_pool:onnx_splitpoint_tool.quality_metrics:detection_quality_evaluator,,326.5026436840417,0.5302260590256145,0.5296159954391199,0.0006100635864946247,-0.0002277583604709475,0.001686486741895641,0.01,pass,0.4511745951295194,0.45168933952503865,-0.0005147443955192399,-0.0018131926342021033,0.00028382278241152466,0.01,pass,,,,500,,,,,,696fdf05cbb4c467225ca7f54b7681dd9222b2603ffb83da138d1adeca13583b,pass,management_paired_quality_v2:detection-cached-matching-v2-ap75,2,"{""guardrails"":{""ap50_margin"":0.01,""ap75_margin"":0.01},""non_inferiority_margin"":0.01,""primary_metric"":""coco_ap_50_95""}","[""ap50"",""ap75""]",[],True,c241f9c79098479b6c2990e8718aa662d82b60994f252f8e33603e419627937d,c8a563eef14bb325f047d72a5d9fd09918590c2a28e611d275cf1c7419696bda,cc762beff133abf33a162f6036465117cd0a245679f0871b23f2021c6708ff3c,15af755a15e043e7573921528f55fe3b55dabf15a3b27e399dbbf2ee88d8a7b6,
yolo26s,detection,b001,ort_tensorrt,orin_nx_deepx_m1_01,ort_tensorrt,ort_tensorrt,full,,completed,screening,pass,pass,primary:coco_ap_50_95:decision:pass;guardrail:ap50:decision:pass;guardrail:ap75:decision:pass,,,coco_ap_50_95,0.40857467960222793,0.40753480524311103,0.001039874359116899,9.532078043264513e-05,0.0019260642276366386,0.01,500,500,management_process_pool:onnx_splitpoint_tool.quality_metrics:detection_quality_evaluator,,218.93239822995383,0.5310165965911186,0.5296159954391199,0.0014006011519986927,3.195320658628821e-05,0.0030189321465675153,0.01,pass,0.45148864717102877,0.45168933952503865,-0.00020069235400987928,-0.0018520565712731888,0.0009301274598414478,0.01,pass,,,,500,,,,,,b8371742e35048ea01457cb510f0e9b743e9ac8cf00fdb0ca2addf71fab61d58,pass,management_paired_quality_v2:detection-cached-matching-v2-ap75,2,"{""guardrails"":{""ap50_margin"":0.01,""ap75_margin"":0.01},""non_inferiority_margin"":0.01,""primary_metric"":""coco_ap_50_95""}","[""ap50"",""ap75""]",[],True,c241f9c79098479b6c2990e8718aa662d82b60994f252f8e33603e419627937d,20244704a833877cd903cad8a8c6d57b2e0237fed22a698bb74d40ca4e96c628,cc762beff133abf33a162f6036465117cd0a245679f0871b23f2021c6708ff3c,0a4743e3fed5d0921cdeaba3741eaf563e6fded478eec922c7ef15e1fe3c5189,
yolo26s,detection,b002,ort_tensorrt,orin_nx_deepx_m1_01,ort_tensorrt,ort_tensorrt,composed,,completed,screening,pass,pass,primary:coco_ap_50_95:decision:pass;guardrail:ap50:decision:pass;guardrail:ap75:decision:pass,,,coco_ap_50_95,0.40847637568174006,0.40753480524311103,0.0009415704386290247,0.000109058195141773,0.0016349546421838472,0.01,500,500,management_process_pool:onnx_splitpoint_tool.quality_metrics:detection_quality_evaluator,,241.80590470996685,0.5307475994128993,0.5296159954391199,0.001131603973779427,-4.13808281118363e-05,0.0024936806283977356,0.01,pass,0.45124152213113733,0.45168933952503865,-0.0004478173939013175,-0.0022111383216019066,0.0005943618629590436,0.01,pass,,,,500,,,,,,7f22ef7af4010c135d09fb907117834ca6623b36b2dc018cc2b9f6da8d84c13b,pass,management_paired_quality_v2:detection-cached-matching-v2-ap75,2,"{""guardrails"":{""ap50_margin"":0.01,""ap75_margin"":0.01},""non_inferiority_margin"":0.01,""primary_metric"":""coco_ap_50_95""}","[""ap50"",""ap75""]",[],True,c241f9c79098479b6c2990e8718aa662d82b60994f252f8e33603e419627937d,4889795219a55fca5e0859562bb5597c7e2bc9be5431374c0f6c3f0b69028a7a,cc762beff133abf33a162f6036465117cd0a245679f0871b23f2021c6708ff3c,fb830c56f2a169109ff03fd2fefa1c2715555bac9c64df8012e9338e91ebc669,
yolo26s,detection,b005,ort_tensorrt,orin_nx_deepx_m1_01,ort_tensorrt,ort_tensorrt,composed,,completed,screening,pass,pass,primary:coco_ap_50_95:decision:pass;guardrail:ap50:decision:pass;guardrail:ap75:decision:pass,,,coco_ap_50_95,0.40847637568174006,0.40753480524311103,0.0009415704386290247,0.000109058195141773,0.0016349546421838472,0.01,500,500,management_process_pool:onnx_splitpoint_tool.quality_metrics:detection_quality_evaluator,,241.80590470996685,0.5307475994128993,0.5296159954391199,0.001131603973779427,-4.13808281118363e-05,0.0024936806283977356,0.01,pass,0.45124152213113733,0.45168933952503865,-0.0004478173939013175,-0.0022111383216019066,0.0005943618629590436,0.01,pass,,,,500,,,,,,7f22ef7af4010c135d09fb907117834ca6623b36b2dc018cc2b9f6da8d84c13b,pass,management_paired_quality_v2:detection-cached-matching-v2-ap75,2,"{""guardrails"":{""ap50_margin"":0.01,""ap75_margin"":0.01},""non_inferiority_margin"":0.01,""primary_metric"":""coco_ap_50_95""}","[""ap50"",""ap75""]",[],True,c241f9c79098479b6c2990e8718aa662d82b60994f252f8e33603e419627937d,4889795219a55fca5e0859562bb5597c7e2bc9be5431374c0f6c3f0b69028a7a,cc762beff133abf33a162f6036465117cd0a245679f0871b23f2021c6708ff3c,6b7f0409cdf5402299cdfa7c2b043f654c44565d7cb2579a68d58ad12428fe02,
yolo26s,detection,b038,ort_tensorrt,orin_nx_deepx_m1_01,ort_tensorrt,ort_tensorrt,composed,,completed,screening,pass,pass,primary:coco_ap_50_95:decision:pass;guardrail:ap50:decision:pass;guardrail:ap75:decision:pass,,,coco_ap_50_95,0.40844047505931824,0.40753480524311103,0.0009056698162072108,0.00010878439554427315,0.0016270156761698429,0.01,500,500,management_process_pool:onnx_splitpoint_tool.quality_metrics:detection_quality_evaluator,,253.56990128499456,0.5303123568728714,0.5296159954391199,0.0006963614337515134,-0.00020221993018992295,0.0015671859856498653,0.01,pass,0.4514043356559359,0.45168933952503865,-0.0002850038691027401,-0.0020494499071363713,0.0007937291282074598,0.01,pass,,,,500,,,,,,f3cc73bef089936e12f6f07cbb3bfb63a6d2a7ce81bc49694529c9264083785b,pass,management_paired_quality_v2:detection-cached-matching-v2-ap75,2,"{""guardrails"":{""ap50_margin"":0.01,""ap75_margin"":0.01},""non_inferiority_margin"":0.01,""primary_metric"":""coco_ap_50_95""}","[""ap50"",""ap75""]",[],True,c241f9c79098479b6c2990e8718aa662d82b60994f252f8e33603e419627937d,95b907531146e590e593f86c93c6f88f55943e8d86f43170207232fa860bbc59,cc762beff133abf33a162f6036465117cd0a245679f0871b23f2021c6708ff3c,54c2efe62e27da254ff6103b87501aa67c02c7bf26bd8ee61b9fef526794898c,
yolo26s,detection,b042,ort_tensorrt,orin_nx_deepx_m1_01,ort_tensorrt,ort_tensorrt,composed,,completed,screening,pass,pass,primary:coco_ap_50_95:decision:pass;guardrail:ap50:decision:pass;guardrail:ap75:decision:pass,,,coco_ap_50_95,0.40858832738212414,0.40753480524311103,0.0010535221390131078,0.00019319566203783472,0.0019389937921701977,0.01,500,500,management_process_pool:onnx_splitpoint_tool.quality_metrics:detection_quality_evaluator,,217.8235274850158,0.5308613694245272,0.5296159954391199,0.0012453739854073609,-2.1308230597799573e-05,0.002697470704702215,0.01,pass,0.4523796795323344,0.45168933952503865,0.0006903400072957311,-0.00019161555187613964,0.0016059843488243817,0.01,pass,,,,500,,,,,,cc37f1403c4cc1d4fdf721116710779d4d16fbba65ea71e508772127583ba63e,pass,management_paired_quality_v2:detection-cached-matching-v2-ap75,2,"{""guardrails"":{""ap50_margin"":0.01,""ap75_margin"":0.01},""non_inferiority_margin"":0.01,""primary_metric"":""coco_ap_50_95""}","[""ap50"",""ap75""]",[],True,c241f9c79098479b6c2990e8718aa662d82b60994f252f8e33603e419627937d,048542a6c4d75501c928c3c020d51a7a9762872ecd7e37d82b7864ed5f6c993a,cc762beff133abf33a162f6036465117cd0a245679f0871b23f2021c6708ff3c,8471909387271b390a5a0ac9e76291a1a9f0bc405e565547c0d46c87b757d152,
yolo26s,detection,b118,ort_tensorrt,orin_nx_deepx_m1_01,ort_tensorrt,ort_tensorrt,composed,,completed,screening,pass,pass,primary:coco_ap_50_95:decision:pass;guardrail:ap50:decision:pass;guardrail:ap75:decision:pass,,,coco_ap_50_95,0.40858832738212414,0.40753480524311103,0.0010535221390131078,0.00019319566203783472,0.0019389937921701977,0.01,500,500,management_process_pool:onnx_splitpoint_tool.quality_metrics:detection_quality_evaluator,,217.8235274850158,0.5308613694245272,0.5296159954391199,0.0012453739854073609,-2.1308230597799573e-05,0.002697470704702215,0.01,pass,0.4523796795323344,0.45168933952503865,0.0006903400072957311,-0.00019161555187613964,0.0016059843488243817,0.01,pass,,,,500,,,,,,cc37f1403c4cc1d4fdf721116710779d4d16fbba65ea71e508772127583ba63e,pass,management_paired_quality_v2:detection-cached-matching-v2-ap75,2,"{""guardrails"":{""ap50_margin"":0.01,""ap75_margin"":0.01},""non_inferiority_margin"":0.01,""primary_metric"":""coco_ap_50_95""}","[""ap50"",""ap75""]",[],True,c241f9c79098479b6c2990e8718aa662d82b60994f252f8e33603e419627937d,048542a6c4d75501c928c3c020d51a7a9762872ecd7e37d82b7864ed5f6c993a,cc762beff133abf33a162f6036465117cd0a245679f0871b23f2021c6708ff3c,2bc4b0cd7d83408b5d086ec4d1b83eb2a9e31cadba9098c14fc57c3bf9b0fb23,
yolo26s,detection,b148,ort_tensorrt,orin_nx_deepx_m1_01,ort_tensorrt,ort_tensorrt,composed,,completed,screening,pass,pass,primary:coco_ap_50_95:decision:pass;guardrail:ap50:decision:pass;guardrail:ap75:decision:pass,,,coco_ap_50_95,0.40844047505931824,0.40753480524311103,0.0009056698162072108,0.00010878439554427315,0.0016270156761698429,0.01,500,500,management_process_pool:onnx_splitpoint_tool.quality_metrics:detection_quality_evaluator,,253.56990128499456,0.5303123568728714,0.5296159954391199,0.0006963614337515134,-0.00020221993018992295,0.0015671859856498653,0.01,pass,0.4514043356559359,0.45168933952503865,-0.0002850038691027401,-0.0020494499071363713,0.0007937291282074598,0.01,pass,,,,500,,,,,,f3cc73bef089936e12f6f07cbb3bfb63a6d2a7ce81bc49694529c9264083785b,pass,management_paired_quality_v2:detection-cached-matching-v2-ap75,2,"{""guardrails"":{""ap50_margin"":0.01,""ap75_margin"":0.01},""non_inferiority_margin"":0.01,""primary_metric"":""coco_ap_50_95""}","[""ap50"",""ap75""]",[],True,c241f9c79098479b6c2990e8718aa662d82b60994f252f8e33603e419627937d,95b907531146e590e593f86c93c6f88f55943e8d86f43170207232fa860bbc59,cc762beff133abf33a162f6036465117cd0a245679f0871b23f2021c6708ff3c,95323906d6e106c76d5eba85f5a413bafbebee29d234b1274ab2d88dbfdfd6a3,
yolo26s,detection,b181,ort_tensorrt,orin_nx_deepx_m1_01,ort_tensorrt,ort_tensorrt,composed,,completed,screening,pass,pass,primary:coco_ap_50_95:decision:pass;guardrail:ap50:decision:pass;guardrail:ap75:decision:pass,,,coco_ap_50_95,0.4088287719843291,0.40753480524311103,0.0012939667412180667,0.00038497430235052987,0.0020682396264009827,0.01,500,500,management_process_pool:onnx_splitpoint_tool.quality_metrics:detection_quality_evaluator,,251.54768383793999,0.5306144403791664,0.5296159954391199,0.0009984449400465278,-6.9183891078578e-05,0.001898506749260253,0.01,pass,0.45245394619679685,0.45168933952503865,0.0007646066717582056,-8.423258464684552e-05,0.0017281898151864648,0.01,pass,,,,500,,,,,,104718c9193a47a02a1049b642358bbe711777d12e4d73836d79ef0c8c130afc,pass,management_paired_quality_v2:detection-cached-matching-v2-ap75,2,"{""guardrails"":{""ap50_margin"":0.01,""ap75_margin"":0.01},""non_inferiority_margin"":0.01,""primary_metric"":""coco_ap_50_95""}","[""ap50"",""ap75""]",[],True,c241f9c79098479b6c2990e8718aa662d82b60994f252f8e33603e419627937d,97b8de18e0d956a84a2a285bd864aa710ada7a5d2b1c10de80177e6208ea6dc3,cc762beff133abf33a162f6036465117cd0a245679f0871b23f2021c6708ff3c,fe3a7d3074d72b0b44dca8cdbcff7b0f442fa3948a71fe84b44285983ae4cd03,
yolo26s,detection,b221,ort_tensorrt,orin_nx_deepx_m1_01,ort_tensorrt,ort_tensorrt,composed,,completed,screening,pass,pass,primary:coco_ap_50_95:decision:pass;guardrail:ap50:decision:pass;guardrail:ap75:decision:pass,,,coco_ap_50_95,0.4084762956042276,0.40753480524311103,0.0009414903611165704,0.00010878587436775617,0.0016348594197964166,0.01,500,500,management_process_pool:onnx_splitpoint_tool.quality_metrics:detection_quality_evaluator,,223.86177372199018,0.5307475994128993,0.5296159954391199,0.001131603973779427,-4.13808281118363e-05,0.0024936806283977356,0.01,pass,0.45124152213113733,0.45168933952503865,-0.0004478173939013175,-0.0022111383216019066,0.0005943618629590436,0.01,pass,,,,500,,,,,,ae67dcb2e17b95349b2db2608066639d5f9756730ae74489f4bb196757d47ea9,pass,management_paired_quality_v2:detection-cached-matching-v2-ap75,2,"{""guardrails"":{""ap50_margin"":0.01,""ap75_margin"":0.01},""non_inferiority_margin"":0.01,""primary_metric"":""coco_ap_50_95""}","[""ap50"",""ap75""]",[],True,c241f9c79098479b6c2990e8718aa662d82b60994f252f8e33603e419627937d,a2c66aa99a71cc875f3cc4fae4be306570bf9b8ce4e6c281bfa1fc098c2232f9,cc762beff133abf33a162f6036465117cd0a245679f0871b23f2021c6708ff3c,b92cd4d00f1bc380b90f42b82ad8509442df8054929a24e70e1327d13d387482,
yolov7_paper,detection,full,deepx_m1,orin_nx_deepx_m1_01,deepx_m1_full,deepx_m1_full,full,,completed,screening,pass,pass,primary:coco_ap_50_95:decision:pass;guardrail:ap50:decision:pass;guardrail:ap75:decision:pass,,,coco_ap_50_95,0.45629326666562375,0.4520187916528286,0.004274475012795154,0.00030419767863843486,0.010466757800677714,0.01,500,500,management_process_pool:onnx_splitpoint_tool.quality_metrics:detection_quality_evaluator,,124.87974605802447,0.6053738276649377,0.5973630231150453,0.008010804549892447,0.002133698080214538,0.016085233889405765,0.01,pass,0.4928043056445399,0.4885298674409785,0.004274438203561437,-0.0014633213571034883,0.012383564704156646,0.01,pass,,,,500,,,,,,d69959392320d818c80866e90fe2e0b6ebec0f39b041833dba496f7ce1e0805d,pass,management_paired_quality_v2:detection-cached-matching-v2-ap75,2,"{""guardrails"":{""ap50_margin"":0.01,""ap75_margin"":0.01},""non_inferiority_margin"":0.01,""primary_metric"":""coco_ap_50_95""}","[""ap50"",""ap75""]",[],True,5703b639d90fdcce74bf36e604d7015ab98a484fdb99d13fd48e72e8d7500ebc,a1f7e4e7f45edc3db26fcdeb4572e287c22d69323da7e25c010714072f9031ed,cc762beff133abf33a162f6036465117cd0a245679f0871b23f2021c6708ff3c,abd6fc61be692bf79b03a2099c0fe053853970ec1e4c6e341f31d8b96fa78026,
yolov7_paper,detection,b001,deepx_to_trt,orin_nx_deepx_m1_01,deepx_to_trt,deepx_to_trt,composed,,completed,screening,pass,pass,primary:coco_ap_50_95:decision:pass;guardrail:ap50:decision:pass;guardrail:ap75:decision:pass,,,coco_ap_50_95,0.4610581982409637,0.4520187916528286,0.009039406588135124,0.006125509255749843,0.01343919326646152,0.01,500,500,management_process_pool:onnx_splitpoint_tool.quality_metrics:detection_quality_evaluator,,124.8835244019283,0.6106216241006214,0.5973630231150453,0.013258600985576074,0.009204574406220805,0.018506152291767265,0.01,pass,0.4973688519937863,0.4885298674409785,0.008838984552807794,0.004691300881193914,0.014060165059125392,0.01,pass,,,,500,,,,,,919c150906e62b1d85bc69e39a4d64c672200ce219237e4dd4d4bd1c8102c8ef,pass,management_paired_quality_v2:detection-cached-matching-v2-ap75,2,"{""guardrails"":{""ap50_margin"":0.01,""ap75_margin"":0.01},""non_inferiority_margin"":0.01,""primary_metric"":""coco_ap_50_95""}","[""ap50"",""ap75""]",[],True,5703b639d90fdcce74bf36e604d7015ab98a484fdb99d13fd48e72e8d7500ebc,0fb1348f209fbe875db1a4a1f3b3280be26d82b0fd5b2d375b90cb95da603213,cc762beff133abf33a162f6036465117cd0a245679f0871b23f2021c6708ff3c,35fd0211fbf59ab5054693155a6108df2147d0c67672265bdda2b014c8e78256,
yolov7_paper,detection,b002,deepx_to_trt,orin_nx_deepx_m1_01,deepx_to_trt,deepx_to_trt,composed,,completed,screening,pass,pass,primary:coco_ap_50_95:decision:pass;guardrail:ap50:decision:pass;guardrail:ap75:decision:pass,,,coco_ap_50_95,0.46109539502318764,0.4520187916528286,0.009076603370359038,0.006088864061219111,0.013616427070374885,0.01,500,500,management_process_pool:onnx_splitpoint_tool.quality_metrics:detection_quality_evaluator,,126.67603472899646,0.6105616969010322,0.5973630231150453,0.013198673785986936,0.0090978846516728,0.018514889788746526,0.01,pass,0.4974397724365244,0.4885298674409785,0.008909904995545892,0.004505920819332876,0.013948236860658358,0.01,pass,,,,500,,,,,,a9cea6c2cb6a9fdc22fcd549a436bda5c254a83735b947dd8c76ca4cf656882a,pass,management_paired_quality_v2:detection-cached-matching-v2-ap75,2,"{""guardrails"":{""ap50_margin"":0.01,""ap75_margin"":0.01},""non_inferiority_margin"":0.01,""primary_metric"":""coco_ap_50_95""}","[""ap50"",""ap75""]",[],True,5703b639d90fdcce74bf36e604d7015ab98a484fdb99d13fd48e72e8d7500ebc,78f4ed727c0669e161c0ff0e4112d2dcb226e6359cfdd723cf7c331002d2f1e9,cc762beff133abf33a162f6036465117cd0a245679f0871b23f2021c6708ff3c,f50bb598887bbe7a296e6e8fd145c2b924b8d6fca6ed96a211839487d03d9df6,
yolov7_paper,detection,b013,deepx_to_trt,orin_nx_deepx_m1_01,deepx_to_trt,deepx_to_trt,composed,,completed,screening,pass,pass,primary:coco_ap_50_95:decision:pass;guardrail:ap50:decision:pass;guardrail:ap75:decision:pass,,,coco_ap_50_95,0.45995121158502705,0.4520187916528286,0.007932419932198453,0.004592918900722268,0.012457272766972345,0.01,500,500,management_process_pool:onnx_splitpoint_tool.quality_metrics:detection_quality_evaluator,,125.41035799204838,0.6084092909543969,0.5973630231150453,0.011046267839351587,0.005874915600815059,0.016748252843303772,0.01,pass,0.49760622090964324,0.4885298674409785,0.009076353468664755,0.0040424675784416,0.015200466377003863,0.01,pass,,,,500,,,,,,35a8a76c6d8082b32622b9ce4a1d6d1bf467d207bbbe506c5477ec5e07c0b566,pass,management_paired_quality_v2:detection-cached-matching-v2-ap75,2,"{""guardrails"":{""ap50_margin"":0.01,""ap75_margin"":0.01},""non_inferiority_margin"":0.01,""primary_metric"":""coco_ap_50_95""}","[""ap50"",""ap75""]",[],True,5703b639d90fdcce74bf36e604d7015ab98a484fdb99d13fd48e72e8d7500ebc,e463278f54502c3e99b0e3e3fa28b5f44b0691ef87b987cea386880edaba85b5,cc762beff133abf33a162f6036465117cd0a245679f0871b23f2021c6708ff3c,8dd7a6c67efbd97c24703d4de142a548038acb2f3125515dc175e2f53c5ac292,
yolov7_paper,detection,b044,deepx_to_trt,orin_nx_deepx_m1_01,deepx_to_trt,deepx_to_trt,composed,,completed,screening,pass,pass,primary:coco_ap_50_95:decision:pass;guardrail:ap50:decision:pass;guardrail:ap75:decision:pass,,,coco_ap_50_95,0.46017623651929485,0.4520187916528286,0.008157444866466246,0.0049726171891072545,0.012946342119026432,0.01,500,500,management_process_pool:onnx_splitpoint_tool.quality_metrics:detection_quality_evaluator,,125.74068198702298,0.609906553287096,0.5973630231150453,0.012543530172050676,0.0075217110297962474,0.01851865071034909,0.01,pass,0.4979801197619279,0.4885298674409785,0.009450252320949426,0.004405236058984141,0.015267429159803994,0.01,pass,,,,500,,,,,,4ac9705db765064b55f953fbc471ee4edaf2384562674c59ff1daca55b1ef43e,pass,management_paired_quality_v2:detection-cached-matching-v2-ap75,2,"{""guardrails"":{""ap50_margin"":0.01,""ap75_margin"":0.01},""non_inferiority_margin"":0.01,""primary_metric"":""coco_ap_50_95""}","[""ap50"",""ap75""]",[],True,5703b639d90fdcce74bf36e604d7015ab98a484fdb99d13fd48e72e8d7500ebc,1fb2320b33393625df88ee5da910600dc1c8704756a63c59a371bcbe1259ded2,cc762beff133abf33a162f6036465117cd0a245679f0871b23f2021c6708ff3c,3df8078f029e66ef937943c46e9fecb22eb27908237caee87918f791327d78d5,
yolov7_paper,detection,b049,deepx_to_trt,orin_nx_deepx_m1_01,deepx_to_trt,deepx_to_trt,composed,,completed,screening,pass,pass,primary:coco_ap_50_95:decision:pass;guardrail:ap50:decision:pass;guardrail:ap75:decision:pass,,,coco_ap_50_95,0.45958521365861194,0.4520187916528286,0.007566422005783335,0.00430260072868805,0.012935784842634489,0.01,500,500,management_process_pool:onnx_splitpoint_tool.quality_metrics:detection_quality_evaluator,,125.10512458300218,0.6087115520334775,0.5973630231150453,0.011348528918432188,0.006416667441868285,0.018147433222118592,0.01,pass,0.4982944742435276,0.4885298674409785,0.009764606802549092,0.005493346248380003,0.01644647865820516,0.01,pass,,,,500,,,,,,254e9b81adf793706b392c639bd040f732bc4f82ed461ca1baedc733d895f032,pass,management_paired_quality_v2:detection-cached-matching-v2-ap75,2,"{""guardrails"":{""ap50_margin"":0.01,""ap75_margin"":0.01},""non_inferiority_margin"":0.01,""primary_metric"":""coco_ap_50_95""}","[""ap50"",""ap75""]",[],True,5703b639d90fdcce74bf36e604d7015ab98a484fdb99d13fd48e72e8d7500ebc,7eceb791c95cab2affe1abfc3cabd8200f5a7fba2c61b134c5d667ed985e0935,cc762beff133abf33a162f6036465117cd0a245679f0871b23f2021c6708ff3c,ac2fe3ba7c8fd6adcefed6a012b054f30b90e9fd4cacb38949df9fc3d948de18,
yolov7_paper,detection,b065,deepx_to_trt,orin_nx_deepx_m1_01,deepx_to_trt,deepx_to_trt,composed,,completed,screening,pass,pass,primary:coco_ap_50_95:decision:pass;guardrail:ap50:decision:pass;guardrail:ap75:decision:pass,,,coco_ap_50_95,0.4588639991570007,0.4520187916528286,0.006845207504172113,0.003717716913724048,0.012112444158179083,0.01,500,500,management_process_pool:onnx_splitpoint_tool.quality_metrics:detection_quality_evaluator,,125.61712991294917,0.6082193461624851,0.5973630231150453,0.010856323047439775,0.005986738444121077,0.017573334176186083,0.01,pass,0.49735149235307874,0.4885298674409785,0.008821624912100257,0.003732330372446302,0.015073241071640042,0.01,pass,,,,500,,,,,,a09b559a4abbb3ef88ba16b30cd30952b039e1d260ef20115a9faf601093a982,pass,management_paired_quality_v2:detection-cached-matching-v2-ap75,2,"{""guardrails"":{""ap50_margin"":0.01,""ap75_margin"":0.01},""non_inferiority_margin"":0.01,""primary_metric"":""coco_ap_50_95""}","[""ap50"",""ap75""]",[],True,5703b639d90fdcce74bf36e604d7015ab98a484fdb99d13fd48e72e8d7500ebc,ed3539d5702b58da2ac40cbb10141dfd9d008402bba947def854e9825b1c9482,cc762beff133abf33a162f6036465117cd0a245679f0871b23f2021c6708ff3c,4207ead353edee3014aa051714b8f2ce6e30dbbd04985a82804f69ef642b3431,
yolov7_paper,detection,b088,deepx_to_trt,orin_nx_deepx_m1_01,deepx_to_trt,deepx_to_trt,composed,,completed,screening,pass,pass,primary:coco_ap_50_95:decision:pass;guardrail:ap50:decision:pass;guardrail:ap75:decision:pass,,,coco_ap_50_95,0.4591462479168456,0.4520187916528286,0.007127456264017007,0.003406830269137836,0.012063703383125386,0.01,500,500,management_process_pool:onnx_splitpoint_tool.quality_metrics:detection_quality_evaluator,,124.97902378893923,0.6084509353310165,0.5973630231150453,0.011087912215971163,0.005898009062849052,0.017294514848472414,0.01,pass,0.49749994524339625,0.4885298674409785,0.008970077802417764,0.0036298707081938663,0.0149184617340068,0.01,pass,,,,500,,,,,,65c9421246d80fc8b4b17b95a5b85b0f507a0e3ca3d5633038189029286772cb,pass,management_paired_quality_v2:detection-cached-matching-v2-ap75,2,"{""guardrails"":{""ap50_margin"":0.01,""ap75_margin"":0.01},""non_inferiority_margin"":0.01,""primary_metric"":""coco_ap_50_95""}","[""ap50"",""ap75""]",[],True,5703b639d90fdcce74bf36e604d7015ab98a484fdb99d13fd48e72e8d7500ebc,0db1130883279912444cae1e0dfb6bbb275bb067e93691c27a31e79290d0c8e4,cc762beff133abf33a162f6036465117cd0a245679f0871b23f2021c6708ff3c,3069b478385e0f1aa93ca6c061730002cfd48c4298241d82b9c1d6a90b55931e,
yolov7_paper,detection,b092,deepx_to_trt,orin_nx_deepx_m1_01,deepx_to_trt,deepx_to_trt,composed,,completed,screening,pass,pass,primary:coco_ap_50_95:decision:pass;guardrail:ap50:decision:pass;guardrail:ap75:decision:pass,,,coco_ap_50_95,0.4592593833410394,0.4520187916528286,0.007240591688210785,0.0032663700166883363,0.012197236580737486,0.01,500,500,management_process_pool:onnx_splitpoint_tool.quality_metrics:detection_quality_evaluator,,126.11675262101926,0.608377526158301,0.5973630231150453,0.011014503043255686,0.005888978231563003,0.017127706240255572,0.01,pass,0.4982090310258145,0.4885298674409785,0.009679163584836004,0.0042223089986216334,0.015769204520595204,0.01,pass,,,,500,,,,,,05e2c97a8c5d7795fd2f58b0cc54b910e56f9adc9a00035a5e95b4a47e11072e,pass,management_paired_quality_v2:detection-cached-matching-v2-ap75,2,"{""guardrails"":{""ap50_margin"":0.01,""ap75_margin"":0.01},""non_inferiority_margin"":0.01,""primary_metric"":""coco_ap_50_95""}","[""ap50"",""ap75""]",[],True,5703b639d90fdcce74bf36e604d7015ab98a484fdb99d13fd48e72e8d7500ebc,660f43314e3539c720f754bfd83477e111311bf4d06752a9c1ec35f74c14bcad,cc762beff133abf33a162f6036465117cd0a245679f0871b23f2021c6708ff3c,d4604c804ad4b8c5b146efd47dd6e4ac49789159b7d015ab6d40eebb42a76a4b,
yolov7_paper,detection,b114,deepx_to_trt,orin_nx_deepx_m1_01,deepx_to_trt,deepx_to_trt,composed,,completed,screening,pass,pass,primary:coco_ap_50_95:decision:pass;guardrail:ap50:decision:pass;guardrail:ap75:decision:pass,,,coco_ap_50_95,0.4596399703546252,0.4520187916528286,0.007621178701796627,0.003721779099656117,0.012304229286485514,0.01,500,500,management_process_pool:onnx_splitpoint_tool.quality_metrics:detection_quality_evaluator,,125.93167552200612,0.6094303417489817,0.5973630231150453,0.012067318633936397,0.006639312485844234,0.018190361837844584,0.01,pass,0.4985133703964034,0.4885298674409785,0.009983502955424939,0.004348259148084062,0.016147630192208086,0.01,pass,,,,500,,,,,,cf7dbeb96cc9d666aefdbd5b8ab1aa8bdedda7882c86de30a2de512cdab840f4,pass,management_paired_quality_v2:detection-cached-matching-v2-ap75,2,"{""guardrails"":{""ap50_margin"":0.01,""ap75_margin"":0.01},""non_inferiority_margin"":0.01,""primary_metric"":""coco_ap_50_95""}","[""ap50"",""ap75""]",[],True,5703b639d90fdcce74bf36e604d7015ab98a484fdb99d13fd48e72e8d7500ebc,9a1c3c739d04c42c3cf6a57ab9e71ab02788d70a3b94df2259c1cd2b63e80864,cc762beff133abf33a162f6036465117cd0a245679f0871b23f2021c6708ff3c,be1c341ef3e986319bc9c024c0541c4658550ef17b81479263aa6c5a4467d8d2,
yolov7_paper,detection,b134,deepx_to_trt,orin_nx_deepx_m1_01,deepx_to_trt,deepx_to_trt,composed,,completed,screening,pass,pass,primary:coco_ap_50_95:decision:pass;guardrail:ap50:decision:pass;guardrail:ap75:decision:pass,,,coco_ap_50_95,0.4584668666915507,0.4520187916528286,0.006448075038722079,0.002665130458924439,0.011830175928528149,0.01,500,500,management_process_pool:onnx_splitpoint_tool.quality_metrics:detection_quality_evaluator,,125.14007854601368,0.6076710974410324,0.5973630231150453,0.010308074325987127,0.004947400097983481,0.017434741108675225,0.01,pass,0.49668321204141225,0.4885298674409785,0.008153344600433765,0.00284319881958162,0.014661524634273431,0.01,pass,,,,500,,,,,,ca4017b77f98913d659f32e48edd076b05fd349e46586fccb935678a3b7eb114,pass,management_paired_quality_v2:detection-cached-matching-v2-ap75,2,"{""guardrails"":{""ap50_margin"":0.01,""ap75_margin"":0.01},""non_inferiority_margin"":0.01,""primary_metric"":""coco_ap_50_95""}","[""ap50"",""ap75""]",[],True,5703b639d90fdcce74bf36e604d7015ab98a484fdb99d13fd48e72e8d7500ebc,0022a07f606899269ed5aaff1d4663649670c5341285d06eff59f920c4c58468,cc762beff133abf33a162f6036465117cd0a245679f0871b23f2021c6708ff3c,ba8b26b272bfdca09222b7130e2f42016f28a5f492db432533055a37375e575c,
yolov7_paper,detection,b155,deepx_to_trt,orin_nx_deepx_m1_01,deepx_to_trt,deepx_to_trt,composed,,completed,screening,pass,pass,primary:coco_ap_50_95:decision:pass;guardrail:ap50:decision:pass;guardrail:ap75:decision:pass,,,coco_ap_50_95,0.4598131156536649,0.4520187916528286,0.007794324000836295,0.004333041516704373,0.012648455480434749,0.01,500,500,management_process_pool:onnx_splitpoint_tool.quality_metrics:detection_quality_evaluator,,125.89613997691777,0.6090320731633077,0.5973630231150453,0.011669050048262353,0.006502468152797281,0.01809537406459401,0.01,pass,0.4979513345157156,0.4885298674409785,0.009421467074737122,0.004346296681054634,0.01591863031443761,0.01,pass,,,,500,,,,,,de32d06dfdf203578808310d3be21af69ed206e0e3fbf15e8969664746278a65,pass,management_paired_quality_v2:detection-cached-matching-v2-ap75,2,"{""guardrails"":{""ap50_margin"":0.01,""ap75_margin"":0.01},""non_inferiority_margin"":0.01,""primary_metric"":""coco_ap_50_95""}","[""ap50"",""ap75""]",[],True,5703b639d90fdcce74bf36e604d7015ab98a484fdb99d13fd48e72e8d7500ebc,3144d8e931da8423cb879b0f400b7ebdcf5de778b44a25da29368d12df28b7ce,cc762beff133abf33a162f6036465117cd0a245679f0871b23f2021c6708ff3c,2a88faa88d0984f1dd11704ed889fcfa7cbb0a744f4d5d96ac5004362da457f8,
yolov7_paper,detection,b165,deepx_to_trt,orin_nx_deepx_m1_01,deepx_to_trt,deepx_to_trt,composed,,completed,screening,pass,pass,primary:coco_ap_50_95:decision:pass;guardrail:ap50:decision:pass;guardrail:ap75:decision:pass,,,coco_ap_50_95,0.45950003466089384,0.4520187916528286,0.0074812430080652415,0.004355207960314637,0.012885686794268405,0.01,500,500,management_process_pool:onnx_splitpoint_tool.quality_metrics:detection_quality_evaluator,,125.45651894400362,0.6084440985971158,0.5973630231150453,0.01108107548207049,0.006321765497552873,0.017576263232026094,0.01,pass,0.49770303317299575,0.4885298674409785,0.009173165732017263,0.004513826447972425,0.016062193867488583,0.01,pass,,,,500,,,,,,3cac6887908ccea525b43f4ac71e9cbf573c9613a7d816ee949ac51ad0c2e2e8,pass,management_paired_quality_v2:detection-cached-matching-v2-ap75,2,"{""guardrails"":{""ap50_margin"":0.01,""ap75_margin"":0.01},""non_inferiority_margin"":0.01,""primary_metric"":""coco_ap_50_95""}","[""ap50"",""ap75""]",[],True,5703b639d90fdcce74bf36e604d7015ab98a484fdb99d13fd48e72e8d7500ebc,ccc75678deca0dc8a4682620ccbe17c0288677bbecc1253d9cd32343c0d3d3a3,cc762beff133abf33a162f6036465117cd0a245679f0871b23f2021c6708ff3c,75acb0f8ce9124d8f53e9cea529054af65ee5d9af02c5549a26045124eea92b0,
yolov7_paper,detection,b186,deepx_to_trt,orin_nx_deepx_m1_01,deepx_to_trt,deepx_to_trt,composed,,completed,screening,pass,pass,primary:coco_ap_50_95:decision:pass;guardrail:ap50:decision:pass;guardrail:ap75:decision:pass,,,coco_ap_50_95,0.45792357467903316,0.4520187916528286,0.005904783026204563,0.0020749779834927547,0.01195333192322836,0.01,500,500,management_process_pool:onnx_splitpoint_tool.quality_metrics:detection_quality_evaluator,,124.75067957502324,0.6077729958819575,0.5973630231150453,0.010409972766912245,0.004908537345817322,0.017378490773909853,0.01,pass,0.495763823744094,0.4885298674409785,0.0072339563031155185,0.0022456817477388485,0.014537901330789324,0.01,pass,,,,500,,,,,,c890a4bb805e60559b76bd3273730ec8f5cf8342855f636927e38d3d31a7ddcc,pass,management_paired_quality_v2:detection-cached-matching-v2-ap75,2,"{""guardrails"":{""ap50_margin"":0.01,""ap75_margin"":0.01},""non_inferiority_margin"":0.01,""primary_metric"":""coco_ap_50_95""}","[""ap50"",""ap75""]",[],True,5703b639d90fdcce74bf36e604d7015ab98a484fdb99d13fd48e72e8d7500ebc,a64c330ce55b1f14741021a3917e2433259fc5cf62fbfacb015544348bb6163b,cc762beff133abf33a162f6036465117cd0a245679f0871b23f2021c6708ff3c,10d65307283a68b959c63f9a5315074ee576acbd7a3ee8568baf4f21f2a73721,
yolov7_paper,detection,b189,deepx_to_trt,orin_nx_deepx_m1_01,deepx_to_trt,deepx_to_trt,composed,,completed,screening,pass,pass,primary:coco_ap_50_95:decision:pass;guardrail:ap50:decision:pass;guardrail:ap75:decision:pass,,,coco_ap_50_95,0.4573579721177679,0.4520187916528286,0.005339180464939308,0.0017577993763830603,0.011530155590471419,0.01,500,500,management_process_pool:onnx_splitpoint_tool.quality_metrics:detection_quality_evaluator,,125.57734860491473,0.6068270486253914,0.5973630231150453,0.009464025510346086,0.004092979155167161,0.016768886330695724,0.01,pass,0.49571389586913706,0.4885298674409785,0.007184028428158573,0.00224858750945194,0.014664575648716345,0.01,pass,,,,500,,,,,,2a92cf01a007daf3353962aa452eea0e27c3e69ce326cf59641f8b76f3135c3d,pass,management_paired_quality_v2:detection-cached-matching-v2-ap75,2,"{""guardrails"":{""ap50_margin"":0.01,""ap75_margin"":0.01},""non_inferiority_margin"":0.01,""primary_metric"":""coco_ap_50_95""}","[""ap50"",""ap75""]",[],True,5703b639d90fdcce74bf36e604d7015ab98a484fdb99d13fd48e72e8d7500ebc,601d20bb25d709df2816d060bbdc6e0df30cffdd88b6ebec41ac8f4fd1fbf52b,cc762beff133abf33a162f6036465117cd0a245679f0871b23f2021c6708ff3c,ba462a9a74e5105f1709a65f80ed96b0da1540e0a845d59d56a2e8329097b962,
yolov7_paper,detection,b222,deepx_to_trt,orin_nx_deepx_m1_01,deepx_to_trt,deepx_to_trt,composed,,completed,screening,pass,pass,primary:coco_ap_50_95:decision:pass;guardrail:ap50:decision:pass;guardrail:ap75:decision:pass,,,coco_ap_50_95,0.457007319020006,0.4520187916528286,0.00498852736717742,0.0011852319928780824,0.011206588315756938,0.01,500,500,management_process_pool:onnx_splitpoint_tool.quality_metrics:detection_quality_evaluator,,126.75590168195777,0.6044439190906463,0.5973630231150453,0.00708089597560102,0.001370997019525329,0.015085186238463834,0.01,pass,0.49371589087318657,0.4885298674409785,0.005186023432208087,-0.000591130672520671,0.013096265383296895,0.01,pass,,,,500,,,,,,bdd3affdbf0ba0feed6b8ed952e27bde5427ccccd37e72da56d2c5b6cca6194e,pass,management_paired_quality_v2:detection-cached-matching-v2-ap75,2,"{""guardrails"":{""ap50_margin"":0.01,""ap75_margin"":0.01},""non_inferiority_margin"":0.01,""primary_metric"":""coco_ap_50_95""}","[""ap50"",""ap75""]",[],True,5703b639d90fdcce74bf36e604d7015ab98a484fdb99d13fd48e72e8d7500ebc,a1370b3825f4f6f5ea374564938da15e37f8c2defb3bd39869100e8966b483e1,cc762beff133abf33a162f6036465117cd0a245679f0871b23f2021c6708ff3c,587cf66c81fd854f555d8eb2c69b396a2001970bf3d5803499560612ac2535ae,
yolov7_paper,detection,b228,deepx_to_trt,orin_nx_deepx_m1_01,deepx_to_trt,deepx_to_trt,composed,,completed,screening,pass,pass,primary:coco_ap_50_95:decision:pass;guardrail:ap50:decision:pass;guardrail:ap75:decision:pass,,,coco_ap_50_95,0.45708150440951495,0.4520187916528286,0.0050627127566863495,0.0010980899838900938,0.011388270571208359,0.01,500,500,management_process_pool:onnx_splitpoint_tool.quality_metrics:detection_quality_evaluator,,124.75715178402606,0.6053044900224351,0.5973630231150453,0.007941466907389838,0.0022942671344090997,0.016380880057701035,0.01,pass,0.4936814767151776,0.4885298674409785,0.005151609274199109,-0.0008455147774152749,0.012877582318069588,0.01,pass,,,,500,,,,,,cc924c1ae64c0a79669e93198d6506a575e1e41d1da5e017f59f43fac987037e,pass,management_paired_quality_v2:detection-cached-matching-v2-ap75,2,"{""guardrails"":{""ap50_margin"":0.01,""ap75_margin"":0.01},""non_inferiority_margin"":0.01,""primary_metric"":""coco_ap_50_95""}","[""ap50"",""ap75""]",[],True,5703b639d90fdcce74bf36e604d7015ab98a484fdb99d13fd48e72e8d7500ebc,76ccf161c5fce2ba939628d190ff7cef0eef8d06313e1065a486beb4a16404a0,cc762beff133abf33a162f6036465117cd0a245679f0871b23f2021c6708ff3c,4fa00f4c8056aa8449b1583be045eace70e18068f7f17da9f37ef489a9133cbc,
yolov7_paper,detection,b262,deepx_to_trt,orin_nx_deepx_m1_01,deepx_to_trt,deepx_to_trt,composed,,completed,screening,pass,pass,primary:coco_ap_50_95:decision:pass;guardrail:ap50:decision:pass;guardrail:ap75:decision:pass,,,coco_ap_50_95,0.4593660031972305,0.4520187916528286,0.007347211544401877,0.003772464024788313,0.012911769327325696,0.01,500,500,management_process_pool:onnx_splitpoint_tool.quality_metrics:detection_quality_evaluator,,125.3206079719821,0.6086718207206763,0.5973630231150453,0.011308797605630971,0.006230029011666769,0.017683935899549023,0.01,pass,0.4958358801163659,0.4885298674409785,0.007306012675387441,0.0027883176545812523,0.014407486280118073,0.01,pass,,,,500,,,,,,fc49fa0aa6abd66f60147d7f53ff6c255ad519d23fc67e668c786691b7c0a887,pass,management_paired_quality_v2:detection-cached-matching-v2-ap75,2,"{""guardrails"":{""ap50_margin"":0.01,""ap75_margin"":0.01},""non_inferiority_margin"":0.01,""primary_metric"":""coco_ap_50_95""}","[""ap50"",""ap75""]",[],True,5703b639d90fdcce74bf36e604d7015ab98a484fdb99d13fd48e72e8d7500ebc,827c09feabc48bb5855b4030c6b35a28cc4a08e7e2467b54bac69cf633cf9711,cc762beff133abf33a162f6036465117cd0a245679f0871b23f2021c6708ff3c,ec2b334d69a07192f7d27d2075673fd414d8dcc7af08e6a3435ddf007278213c,
yolov7_paper,detection,b270,deepx_to_trt,orin_nx_deepx_m1_01,deepx_to_trt,deepx_to_trt,composed,,completed,screening,pass,pass,primary:coco_ap_50_95:decision:pass;guardrail:ap50:decision:pass;guardrail:ap75:decision:pass,,,coco_ap_50_95,0.4590185002817099,0.4520187916528286,0.006999708628881274,0.0034415886888048376,0.01243856164538061,0.01,500,500,management_process_pool:onnx_splitpoint_tool.quality_metrics:detection_quality_evaluator,,125.07432394800708,0.6082723735822457,0.5973630231150453,0.01090935046720043,0.005796746245705293,0.017268852867500677,0.01,pass,0.49556247239913975,0.4885298674409785,0.00703260495816127,0.002414952514019953,0.014118812032139511,0.01,pass,,,,500,,,,,,d04556d3a59e5e06f5c27819adfad21674ba6da77676294d3e1a1e0267547b7c,pass,management_paired_quality_v2:detection-cached-matching-v2-ap75,2,"{""guardrails"":{""ap50_margin"":0.01,""ap75_margin"":0.01},""non_inferiority_margin"":0.01,""primary_metric"":""coco_ap_50_95""}","[""ap50"",""ap75""]",[],True,5703b639d90fdcce74bf36e604d7015ab98a484fdb99d13fd48e72e8d7500ebc,704343afa38c73728b0d289f38387d11ce7847ac4547035325d0297b1fffe12e,cc762beff133abf33a162f6036465117cd0a245679f0871b23f2021c6708ff3c,deda5bd0dce65f639279e9b914adf6a5643cd627536e9972df140f0b701556a8,
yolov7_paper,detection,b306,deepx_to_trt,orin_nx_deepx_m1_01,deepx_to_trt,deepx_to_trt,composed,,completed,screening,pass,pass,primary:coco_ap_50_95:decision:pass;guardrail:ap50:decision:pass;guardrail:ap75:decision:pass,,,coco_ap_50_95,0.46075455615822564,0.4520187916528286,0.008735764505397037,0.005478925678086009,0.013247561106102207,0.01,500,500,management_process_pool:onnx_splitpoint_tool.quality_metrics:detection_quality_evaluator,,125.62816277996171,0.6103166318231142,0.5973630231150453,0.012953608708068942,0.008953339262625032,0.018821897732444408,0.01,pass,0.49925426209880275,0.4885298674409785,0.010724394657824265,0.006660538281470849,0.016616020539476792,0.01,pass,,,,500,,,,,,76d402487979f4d362a45bb60c6ae68b4cf8eb29aa329b7f7f404220b52e8a69,pass,management_paired_quality_v2:detection-cached-matching-v2-ap75,2,"{""guardrails"":{""ap50_margin"":0.01,""ap75_margin"":0.01},""non_inferiority_margin"":0.01,""primary_metric"":""coco_ap_50_95""}","[""ap50"",""ap75""]",[],True,5703b639d90fdcce74bf36e604d7015ab98a484fdb99d13fd48e72e8d7500ebc,31bd665b4fe04e4005b582a11c53ea95e4062605d6fd569f78cbbf5fd78cbe19,cc762beff133abf33a162f6036465117cd0a245679f0871b23f2021c6708ff3c,9b395cfe01fcd2ffdbe59b568806d10373ee08729e5bd3e9b81e12363a893171,
yolov7_paper,detection,b307,deepx_to_trt,orin_nx_deepx_m1_01,deepx_to_trt,deepx_to_trt,composed,,completed,screening,pass,pass,primary:coco_ap_50_95:decision:pass;guardrail:ap50:decision:pass;guardrail:ap75:decision:pass,,,coco_ap_50_95,0.46055526027741783,0.4520187916528286,0.008536468624589233,0.005339283685216035,0.012998033558820829,0.01,500,500,management_process_pool:onnx_splitpoint_tool.quality_metrics:detection_quality_evaluator,,125.0854895390803,0.6099550994961421,0.5973630231150453,0.012592076381096828,0.008596031454895799,0.018330650018841654,0.01,pass,0.498414366705214,0.4885298674409785,0.009884499264235513,0.006016165925614063,0.01528081776822409,0.01,pass,,,,500,,,,,,645971631e97a9a2ef51a797bbbbc84294ff028b99dcda92033f934042c80a0c,pass,management_paired_quality_v2:detection-cached-matching-v2-ap75,2,"{""guardrails"":{""ap50_margin"":0.01,""ap75_margin"":0.01},""non_inferiority_margin"":0.01,""primary_metric"":""coco_ap_50_95""}","[""ap50"",""ap75""]",[],True,5703b639d90fdcce74bf36e604d7015ab98a484fdb99d13fd48e72e8d7500ebc,b127302acc273066bd09832517240f6e1477ccfb057a70d028bc3f6dd2cd8c9d,cc762beff133abf33a162f6036465117cd0a245679f0871b23f2021c6708ff3c,b3536dd3950b7c6eb265351500584c9dea526c82eb086766f72f03fa88d30533,
yolov7_paper,detection,b306,hailo10,orin_nx_hailo10_01,hailo10,hailo10,full,,completed,screening,fail,fail,primary:coco_ap_50_95:decision:fail;primary:coco_ap_50_95:bootstrap_skipped_reason:point_estimate_below_non_inferiority_margin;guardrail:ap50:decision:pass;guardrail:ap50:bootstrap_skipped_reason:point_estimate_below_non_inferiority_margin;guardrail:ap75:decision:fail;guardrail:ap75:bootstrap_skipped_reason:point_estimate_below_non_inferiority_margin,,,coco_ap_50_95,0.4201404886113683,0.4520187916528286,-0.031878303041460276,-0.031878303041460276,-0.031878303041460276,0.01,500,0,management_process_pool:onnx_splitpoint_tool.quality_metrics:detection_quality_evaluator,point_estimate_below_non_inferiority_margin,3.8887893370119855,0.6097865460846241,0.5973630231150453,0.012423522969578826,0.012423522969578826,0.012423522969578826,0.01,pass,0.47163900919443014,0.4885298674409785,-0.016890858246548346,-0.016890858246548346,-0.016890858246548346,0.01,fail,,,,500,,,,,,c7c0ffc1929d243c0f92c15a37ee7ea292392be1ff73ba0f67f16883e1b16b62,fail,management_paired_quality_v2:detection-cached-matching-v2-ap75,2,"{""guardrails"":{""ap50_margin"":0.01,""ap75_margin"":0.01},""non_inferiority_margin"":0.01,""primary_metric"":""coco_ap_50_95""}","[""ap50"",""ap75""]",[],True,5703b639d90fdcce74bf36e604d7015ab98a484fdb99d13fd48e72e8d7500ebc,2748126a1da04a2c569e0125468addeda6a8d19311746532e70f108d8b7f33e5,cc762beff133abf33a162f6036465117cd0a245679f0871b23f2021c6708ff3c,ef2a866823c39052bf468907d5e6363a8b7fcc3e70e2e38cef0023ea44fdc994,
yolov7_paper,detection,b001,hailo10h_to_trt,orin_nx_hailo10_01,hailo10h_to_trt,hailo10h_to_trt,composed,,completed,screening,fail,fail,primary:coco_ap_50_95:decision:fail;primary:coco_ap_50_95:bootstrap_skipped_reason:point_estimate_below_non_inferiority_margin;guardrail:ap50:decision:fail;guardrail:ap50:bootstrap_skipped_reason:point_estimate_below_non_inferiority_margin;guardrail:ap75:decision:fail;guardrail:ap75:bootstrap_skipped_reason:point_estimate_below_non_inferiority_margin,,,coco_ap_50_95,0.09912039145089613,0.4520187916528286,-0.35289840020193247,-0.35289840020193247,-0.35289840020193247,0.01,500,0,management_process_pool:onnx_splitpoint_tool.quality_metrics:detection_quality_evaluator,point_estimate_below_non_inferiority_margin,3.028684691991657,0.12858941354373896,0.5973630231150453,-0.4687736095713063,-0.4687736095713063,-0.4687736095713063,0.01,fail,0.10571646768562863,0.4885298674409785,-0.38281339975534984,-0.38281339975534984,-0.38281339975534984,0.01,fail,,,,500,,,,,,29c9db0d87a3469818fdfd4bf32fa62dc2f1dbcd5e7cae2e266f6d603b595e8b,fail,management_paired_quality_v2:detection-cached-matching-v2-ap75,2,"{""guardrails"":{""ap50_margin"":0.01,""ap75_margin"":0.01},""non_inferiority_margin"":0.01,""primary_metric"":""coco_ap_50_95""}","[""ap50"",""ap75""]",[],True,5703b639d90fdcce74bf36e604d7015ab98a484fdb99d13fd48e72e8d7500ebc,9ab002382aabb252e7744cbb38e09c9fb23f01d915a54588d380bd0bbf0f3a00,cc762beff133abf33a162f6036465117cd0a245679f0871b23f2021c6708ff3c,e272a859f0f04b1c16473c9cc4edbcdf501e4caaf88a46367d9cb8c3d2f0a8c5,
yolov7_paper,detection,b002,hailo10h_to_trt,orin_nx_hailo10_01,hailo10h_to_trt,hailo10h_to_trt,composed,,completed,screening,pass,pass,primary:coco_ap_50_95:decision:pass;guardrail:ap50:decision:pass;guardrail:ap75:decision:pass,,,coco_ap_50_95,0.4588716165501035,0.4520187916528286,0.006852824897274901,0.002282420116006534,0.012029893812061878,0.01,500,500,management_process_pool:onnx_splitpoint_tool.quality_metrics:detection_quality_evaluator,,125.21099128306378,0.6073220306472613,0.5973630231150453,0.009959007532216013,0.0032766959460900544,0.016840296351894893,0.01,pass,0.49782199662289406,0.4885298674409785,0.009292129181915576,0.0037352661161245207,0.015992878390056236,0.01,pass,,,,500,,,,,,2cbc213b8cc1af639434325b90955691d41fd59991f58cc07c888efb35db5d93,pass,management_paired_quality_v2:detection-cached-matching-v2-ap75,2,"{""guardrails"":{""ap50_margin"":0.01,""ap75_margin"":0.01},""non_inferiority_margin"":0.01,""primary_metric"":""coco_ap_50_95""}","[""ap50"",""ap75""]",[],True,5703b639d90fdcce74bf36e604d7015ab98a484fdb99d13fd48e72e8d7500ebc,e2680daee687996ba64de424e1fe2cc0e7f354eb665c8b8ab43c46c27cb98877,cc762beff133abf33a162f6036465117cd0a245679f0871b23f2021c6708ff3c,d8f1cfe5d39883b8ae3452fab33f88e498132caa60eccfe15ecbe8bbc7f62b53,
yolov7_paper,detection,b013,hailo10h_to_trt,orin_nx_hailo10_01,hailo10h_to_trt,hailo10h_to_trt,composed,,completed,screening,pass,pass,primary:coco_ap_50_95:decision:pass;guardrail:ap50:decision:pass;guardrail:ap75:decision:pass,,,coco_ap_50_95,0.4576292513715711,0.4520187916528286,0.005610459718742522,0.0006658119074121121,0.010859451518582995,0.01,500,500,management_process_pool:onnx_splitpoint_tool.quality_metrics:detection_quality_evaluator,,125.82464618305676,0.6058061144969399,0.5973630231150453,0.008443091381894585,0.0022062400404725684,0.015196883488206716,0.01,pass,0.49466567329582894,0.4885298674409785,0.006135805854850462,0.00012546432663144237,0.013996048915080063,0.01,pass,,,,500,,,,,,e0d85757beafef31a0a3c4037206afee97d24437e4d59e09aa2206da6cbcb1d0,pass,management_paired_quality_v2:detection-cached-matching-v2-ap75,2,"{""guardrails"":{""ap50_margin"":0.01,""ap75_margin"":0.01},""non_inferiority_margin"":0.01,""primary_metric"":""coco_ap_50_95""}","[""ap50"",""ap75""]",[],True,5703b639d90fdcce74bf36e604d7015ab98a484fdb99d13fd48e72e8d7500ebc,89b8139979c67ae7173d9cbe85be8677dadb4715a87131a9cea906cf2d7912bd,cc762beff133abf33a162f6036465117cd0a245679f0871b23f2021c6708ff3c,e90057ba9faecaa7ffdd5310021798bb978c9d4a284756a678e3c8070466472b,
yolov7_paper,detection,b044,hailo10h_to_trt,orin_nx_hailo10_01,hailo10h_to_trt,hailo10h_to_trt,composed,,completed,screening,pass,pass,primary:coco_ap_50_95:decision:pass;guardrail:ap50:decision:pass;guardrail:ap75:decision:pass,,,coco_ap_50_95,0.4577133862205809,0.4520187916528286,0.005694594567752287,0.0008323505285200042,0.010951035589931048,0.01,500,500,management_process_pool:onnx_splitpoint_tool.quality_metrics:detection_quality_evaluator,,125.46522957191337,0.6082680561072609,0.5973630231150453,0.010905032992215569,0.0048473175043381505,0.017294496795177652,0.01,pass,0.4944479615363006,0.4885298674409785,0.005918094095322124,0.00021209122645992674,0.013234332910554621,0.01,pass,,,,500,,,,,,486d81983d5b458c298c58ede2cec895c412204d3ff9fdbbfb3230625bc78722,pass,management_paired_quality_v2:detection-cached-matching-v2-ap75,2,"{""guardrails"":{""ap50_margin"":0.01,""ap75_margin"":0.01},""non_inferiority_margin"":0.01,""primary_metric"":""coco_ap_50_95""}","[""ap50"",""ap75""]",[],True,5703b639d90fdcce74bf36e604d7015ab98a484fdb99d13fd48e72e8d7500ebc,84e3cf4f9f3890427ecde4c1df0e6c87125320760967f28c927ad4af833706e7,cc762beff133abf33a162f6036465117cd0a245679f0871b23f2021c6708ff3c,013ecb5859e9e6205644e2e73fe96d7b8a94b412e6050576ce35ca88cf7ba4a1,
yolov7_paper,detection,b049,hailo10h_to_trt,orin_nx_hailo10_01,hailo10h_to_trt,hailo10h_to_trt,composed,,completed,screening,fail,fail,primary:coco_ap_50_95:decision:fail;primary:coco_ap_50_95:bootstrap_skipped_reason:point_estimate_below_non_inferiority_margin;guardrail:ap50:decision:fail;guardrail:ap50:bootstrap_skipped_reason:point_estimate_below_non_inferiority_margin;guardrail:ap75:decision:fail;guardrail:ap75:bootstrap_skipped_reason:point_estimate_below_non_inferiority_margin,,,coco_ap_50_95,0.42730763093743585,0.4520187916528286,-0.024711160715392755,-0.024711160715392755,-0.024711160715392755,0.01,500,0,management_process_pool:onnx_splitpoint_tool.quality_metrics:detection_quality_evaluator,point_estimate_below_non_inferiority_margin,3.6576951389433816,0.5704243375523256,0.5973630231150453,-0.026938685562719722,-0.026938685562719722,-0.026938685562719722,0.01,fail,0.4673756061841061,0.4885298674409785,-0.021154261256872364,-0.021154261256872364,-0.021154261256872364,0.01,fail,,,,500,,,,,,fc92f1cbf62514e9e204efa7214dba37b16b5401b40c4f78b79348202f44277d,fail,management_paired_quality_v2:detection-cached-matching-v2-ap75,2,"{""guardrails"":{""ap50_margin"":0.01,""ap75_margin"":0.01},""non_inferiority_margin"":0.01,""primary_metric"":""coco_ap_50_95""}","[""ap50"",""ap75""]",[],True,5703b639d90fdcce74bf36e604d7015ab98a484fdb99d13fd48e72e8d7500ebc,e4eaadd4149d1bf3ce37b9f6a30daf9f056b61f946b71c5d5a6fafc1c9bf3aaa,cc762beff133abf33a162f6036465117cd0a245679f0871b23f2021c6708ff3c,1cedfef60bb6c6a9398a9c1c2341a99fee8bc8aea0eb49d8bde66bad40dd31d6,
yolov7_paper,detection,b065,hailo10h_to_trt,orin_nx_hailo10_01,hailo10h_to_trt,hailo10h_to_trt,composed,,completed,screening,fail,fail,primary:coco_ap_50_95:decision:fail;primary:coco_ap_50_95:bootstrap_skipped_reason:point_estimate_below_non_inferiority_margin;guardrail:ap50:decision:fail;guardrail:ap50:bootstrap_skipped_reason:point_estimate_below_non_inferiority_margin;guardrail:ap75:decision:fail;guardrail:ap75:bootstrap_skipped_reason:point_estimate_below_non_inferiority_margin,,,coco_ap_50_95,0.0,0.4520187916528286,-0.4520187916528286,-0.4520187916528286,-0.4520187916528286,0.01,500,0,management_process_pool:onnx_splitpoint_tool.quality_metrics:detection_quality_evaluator,point_estimate_below_non_inferiority_margin,2.702466791961342,0.0,0.5973630231150453,-0.5973630231150453,-0.5973630231150453,-0.5973630231150453,0.01,fail,0.0,0.4885298674409785,-0.4885298674409785,-0.4885298674409785,-0.4885298674409785,0.01,fail,,,,500,,,,,,3b788387288a9269a9b7084de9ac012a1a9805616a696494e6b96ae12a181abd,fail,management_paired_quality_v2:detection-cached-matching-v2-ap75,2,"{""guardrails"":{""ap50_margin"":0.01,""ap75_margin"":0.01},""non_inferiority_margin"":0.01,""primary_metric"":""coco_ap_50_95""}","[""ap50"",""ap75""]",[],True,5703b639d90fdcce74bf36e604d7015ab98a484fdb99d13fd48e72e8d7500ebc,d2cc717d2c4bff7487e00a8da29805a31eebf74e9bc39ce5551f78a9e9672eb4,cc762beff133abf33a162f6036465117cd0a245679f0871b23f2021c6708ff3c,0583d75295e0c8257525609eb36eb1bbf356de178eeb479d8e20bd1567f3f0a5,
yolov7_paper,detection,b088,hailo10h_to_trt,orin_nx_hailo10_01,hailo10h_to_trt,hailo10h_to_trt,composed,,completed,screening,fail,fail,primary:coco_ap_50_95:decision:fail;primary:coco_ap_50_95:bootstrap_skipped_reason:point_estimate_below_non_inferiority_margin;guardrail:ap50:decision:fail;guardrail:ap50:bootstrap_skipped_reason:point_estimate_below_non_inferiority_margin;guardrail:ap75:decision:fail;guardrail:ap75:bootstrap_skipped_reason:point_estimate_below_non_inferiority_margin,,,coco_ap_50_95,0.3424253230717144,0.4520187916528286,-0.10959346858111418,-0.10959346858111418,-0.10959346858111418,0.01,500,0,management_process_pool:onnx_splitpoint_tool.quality_metrics:detection_quality_evaluator,point_estimate_below_non_inferiority_margin,3.945312808966264,0.46375666873548005,0.5973630231150453,-0.13360635437956525,-0.13360635437956525,-0.13360635437956525,0.01,fail,0.3681547360420964,0.4885298674409785,-0.12037513139888206,-0.12037513139888206,-0.12037513139888206,0.01,fail,,,,500,,,,,,c5afe6203a3918fd15286e7c54a65935479498aef75c1bee86a146e9a936d077,fail,management_paired_quality_v2:detection-cached-matching-v2-ap75,2,"{""guardrails"":{""ap50_margin"":0.01,""ap75_margin"":0.01},""non_inferiority_margin"":0.01,""primary_metric"":""coco_ap_50_95""}","[""ap50"",""ap75""]",[],True,5703b639d90fdcce74bf36e604d7015ab98a484fdb99d13fd48e72e8d7500ebc,fdf366d40c506c61846c8a477b1226d5817d45c343ba3f3758dd742205bb2957,cc762beff133abf33a162f6036465117cd0a245679f0871b23f2021c6708ff3c,e12e99760015b5e0c89257013422f84119e0ca1c50efc0b9983ae17307bc297b,
yolov7_paper,detection,b092,hailo10h_to_trt,orin_nx_hailo10_01,hailo10h_to_trt,hailo10h_to_trt,composed,,completed,screening,pass,pass,primary:coco_ap_50_95:decision:pass;guardrail:ap50:decision:pass;guardrail:ap75:decision:pass,,,coco_ap_50_95,0.45835966131327177,0.4520187916528286,0.006340869660443171,0.0010870686688765744,0.012239060311257897,0.01,500,500,management_process_pool:onnx_splitpoint_tool.quality_metrics:detection_quality_evaluator,,125.82800951297395,0.6087601285298715,0.5973630231150453,0.011397105414826192,0.005169360855698591,0.018768986905807767,0.01,pass,0.4962267507918843,0.4885298674409785,0.007696883350905792,0.0014486458079078907,0.015821473433311934,0.01,pass,,,,500,,,,,,e2b3a6d40f7b2f637da84ac07e4b8d06924c86c5e024f74d7fb16795280e30a6,pass,management_paired_quality_v2:detection-cached-matching-v2-ap75,2,"{""guardrails"":{""ap50_margin"":0.01,""ap75_margin"":0.01},""non_inferiority_margin"":0.01,""primary_metric"":""coco_ap_50_95""}","[""ap50"",""ap75""]",[],True,5703b639d90fdcce74bf36e604d7015ab98a484fdb99d13fd48e72e8d7500ebc,ba76da3e756f9af2923ba381cd3a20ac3f0db078520f87bf26c3c64a64d08cbe,cc762beff133abf33a162f6036465117cd0a245679f0871b23f2021c6708ff3c,252efd3540c7664f9a8fc461e0f399ed828151f404219f70f72cd7129556dfdc,
yolov7_paper,detection,b114,hailo10h_to_trt,orin_nx_hailo10_01,hailo10h_to_trt,hailo10h_to_trt,composed,,completed,screening,fail,fail,primary:coco_ap_50_95:decision:pass;primary:coco_ap_50_95:bootstrap_skipped_reason:point_estimate_below_non_inferiority_margin;guardrail:ap50:decision:fail;guardrail:ap50:bootstrap_skipped_reason:point_estimate_below_non_inferiority_margin;guardrail:ap75:decision:pass;guardrail:ap75:bootstrap_skipped_reason:point_estimate_below_non_inferiority_margin,,,coco_ap_50_95,0.4431108741491737,0.4520187916528286,-0.008907917503654883,-0.008907917503654883,-0.008907917503654883,0.01,500,0,management_process_pool:onnx_splitpoint_tool.quality_metrics:detection_quality_evaluator,point_estimate_below_non_inferiority_margin,3.792077852995135,0.5864398663254953,0.5973630231150453,-0.010923156789550026,-0.010923156789550026,-0.010923156789550026,0.01,fail,0.48335833944896656,0.4885298674409785,-0.005171527992011926,-0.005171527992011926,-0.005171527992011926,0.01,pass,,,,500,,,,,,e25d55738397b49de6346808d54a28543244b9dd955900ddf10cf20290dd718c,fail,management_paired_quality_v2:detection-cached-matching-v2-ap75,2,"{""guardrails"":{""ap50_margin"":0.01,""ap75_margin"":0.01},""non_inferiority_margin"":0.01,""primary_metric"":""coco_ap_50_95""}","[""ap50"",""ap75""]",[],True,5703b639d90fdcce74bf36e604d7015ab98a484fdb99d13fd48e72e8d7500ebc,93144b99ecfcc3d00e8f8e55e553a6a60d16669911bc34bf676d7a9c5c83f895,cc762beff133abf33a162f6036465117cd0a245679f0871b23f2021c6708ff3c,75030bf74aceaa12a20568cd5139f56a426e142c8ef364cf5dcef1df8147b627,
yolov7_paper,detection,b134,hailo10h_to_trt,orin_nx_hailo10_01,hailo10h_to_trt,hailo10h_to_trt,composed,,completed,screening,pass,pass,primary:coco_ap_50_95:decision:pass;guardrail:ap50:decision:pass;guardrail:ap75:decision:pass,,,coco_ap_50_95,0.4596181937095037,0.4520187916528286,0.007599402056675086,0.002403278599020161,0.013473499443162083,0.01,500,500,management_process_pool:onnx_splitpoint_tool.quality_metrics:detection_quality_evaluator,,125.36363821104169,0.610249095513384,0.5973630231150453,0.012886072398338722,0.006476581614519989,0.019933947809501657,0.01,pass,0.49846415368489705,0.4885298674409785,0.009934286243918566,0.003518318617112937,0.017836750899792274,0.01,pass,,,,500,,,,,,4c85f34987911cd0aa8ff4a675e6743d3c33028cb72696710449086c96e75811,pass,management_paired_quality_v2:detection-cached-matching-v2-ap75,2,"{""guardrails"":{""ap50_margin"":0.01,""ap75_margin"":0.01},""non_inferiority_margin"":0.01,""primary_metric"":""coco_ap_50_95""}","[""ap50"",""ap75""]",[],True,5703b639d90fdcce74bf36e604d7015ab98a484fdb99d13fd48e72e8d7500ebc,a95a145daba497a9ac6f5dc858d3ffe6edc20340f0f2ff471e575ba029edf654,cc762beff133abf33a162f6036465117cd0a245679f0871b23f2021c6708ff3c,a57dba76f9335ee274a68746dce84591a9d344da1650774b113dec73a7d7e623,
yolov7_paper,detection,b155,hailo10h_to_trt,orin_nx_hailo10_01,hailo10h_to_trt,hailo10h_to_trt,composed,,completed,screening,pass,pass,primary:coco_ap_50_95:decision:pass;guardrail:ap50:decision:pass;guardrail:ap75:decision:pass,,,coco_ap_50_95,0.458034860913983,0.4520187916528286,0.006016069261154389,0.0013397796537846544,0.010597787784696179,0.01,500,500,management_process_pool:onnx_splitpoint_tool.quality_metrics:detection_quality_evaluator,,124.46181652799714,0.6074114141819795,0.5973630231150453,0.010048391066934226,0.004261347536674148,0.015873902239362657,0.01,pass,0.4962313645104371,0.4885298674409785,0.007701497069458607,0.0017683549679412564,0.014292058276304568,0.01,pass,,,,500,,,,,,d67896f5745fa1ed72e37610753053989339e83c1fdf213d9a6c9e5946bfeb0a,pass,management_paired_quality_v2:detection-cached-matching-v2-ap75,2,"{""guardrails"":{""ap50_margin"":0.01,""ap75_margin"":0.01},""non_inferiority_margin"":0.01,""primary_metric"":""coco_ap_50_95""}","[""ap50"",""ap75""]",[],True,5703b639d90fdcce74bf36e604d7015ab98a484fdb99d13fd48e72e8d7500ebc,e7b795afc288ec7d79ee6d55637b7a8b63da2feb467bee18de234a3040f3e7fc,cc762beff133abf33a162f6036465117cd0a245679f0871b23f2021c6708ff3c,654ecb01a996dc1cfb36501e5fe3bf114a71a49acc2ec42d656fcc8f10e2aef1,
yolov7_paper,detection,b165,hailo10h_to_trt,orin_nx_hailo10_01,hailo10h_to_trt,hailo10h_to_trt,composed,,completed,screening,pass,pass,primary:coco_ap_50_95:decision:pass;guardrail:ap50:decision:pass;guardrail:ap75:decision:pass,,,coco_ap_50_95,0.45787046946972454,0.4520187916528286,0.005851677816895939,0.0008782519508700855,0.011198934226801745,0.01,500,500,management_process_pool:onnx_splitpoint_tool.quality_metrics:detection_quality_evaluator,,145.32679641305003,0.6081130035184692,0.5973630231150453,0.010749980403423898,0.004230511559959927,0.017909590465212614,0.01,pass,0.49575145566227413,0.4885298674409785,0.0072215882212956495,0.0009189471695112558,0.014648866415038974,0.01,pass,,,,500,,,,,,d2b8287ad6d40da4ed11200e6b97c2cabd1780ce355decf2a9fe6d4bf993a6ba,pass,management_paired_quality_v2:detection-cached-matching-v2-ap75,2,"{""guardrails"":{""ap50_margin"":0.01,""ap75_margin"":0.01},""non_inferiority_margin"":0.01,""primary_metric"":""coco_ap_50_95""}","[""ap50"",""ap75""]",[],True,5703b639d90fdcce74bf36e604d7015ab98a484fdb99d13fd48e72e8d7500ebc,6042fb91ba608932904fa69185909bfe6eba0d066e278bacd3b790cd44c349a7,cc762beff133abf33a162f6036465117cd0a245679f0871b23f2021c6708ff3c,cf84343c5a4c0bc1a6b0156db7248f682c2c6c04d17a5364355120f5a0966f58,
yolov7_paper,detection,b186,hailo10h_to_trt,orin_nx_hailo10_01,hailo10h_to_trt,hailo10h_to_trt,composed,,completed,screening,pass,pass,primary:coco_ap_50_95:decision:pass;guardrail:ap50:decision:pass;guardrail:ap75:decision:pass,,,coco_ap_50_95,0.453577002891118,0.4520187916528286,0.0015582112382894198,-0.00446024996229121,0.007730795394805259,0.01,500,500,management_process_pool:onnx_splitpoint_tool.quality_metrics:detection_quality_evaluator,,129.58682982693426,0.600438186666458,0.5973630231150453,0.003075163551412685,-0.00480852752893695,0.011689901965149843,0.01,pass,0.4895484130608268,0.4885298674409785,0.0010185456198483211,-0.007651290965436624,0.009302976961146191,0.01,pass,,,,500,,,,,,b7112d594b2229815595370febc4dbb65cbec4d9d48f92f580c41c1dd7906d9f,pass,management_paired_quality_v2:detection-cached-matching-v2-ap75,2,"{""guardrails"":{""ap50_margin"":0.01,""ap75_margin"":0.01},""non_inferiority_margin"":0.01,""primary_metric"":""coco_ap_50_95""}","[""ap50"",""ap75""]",[],True,5703b639d90fdcce74bf36e604d7015ab98a484fdb99d13fd48e72e8d7500ebc,7b9f457a0e17854b178b8d7fdfc698c3e17a5d3443f2291118913195b8d44c0a,cc762beff133abf33a162f6036465117cd0a245679f0871b23f2021c6708ff3c,cdd85e77c38962aa6fb06b3ab477a5fb1b7a73a64db59391ad398b9291325f3e,
yolov7_paper,detection,b189,hailo10h_to_trt,orin_nx_hailo10_01,hailo10h_to_trt,hailo10h_to_trt,composed,,completed,screening,pass,pass,primary:coco_ap_50_95:decision:pass;guardrail:ap50:decision:pass;guardrail:ap75:decision:pass,,,coco_ap_50_95,0.45779526457568587,0.4520187916528286,0.0057764729228572675,0.0012278304044377251,0.011740438734658633,0.01,500,500,management_process_pool:onnx_splitpoint_tool.quality_metrics:detection_quality_evaluator,,125.81011932098772,0.6102714188489141,0.5973630231150453,0.012908395733868816,0.006714818038951498,0.021068296949880348,0.01,pass,0.4953195803291579,0.4885298674409785,0.006789712888179422,0.0009197819389255797,0.014174873110942019,0.01,pass,,,,500,,,,,,a961c36e804257bd60eb5fad8c7b0f5cd0371fd928a62a64fc608201fb3f3420,pass,management_paired_quality_v2:detection-cached-matching-v2-ap75,2,"{""guardrails"":{""ap50_margin"":0.01,""ap75_margin"":0.01},""non_inferiority_margin"":0.01,""primary_metric"":""coco_ap_50_95""}","[""ap50"",""ap75""]",[],True,5703b639d90fdcce74bf36e604d7015ab98a484fdb99d13fd48e72e8d7500ebc,40ea3f05dde6ad51a1c70afca5406c6f912c859b5f434cea8bc7e9bcf92f47fb,cc762beff133abf33a162f6036465117cd0a245679f0871b23f2021c6708ff3c,a71483247f4621e634a75e67d9d1c6b666a16b505b6218d8324071f44daa31cc,
yolov7_paper,detection,b222,hailo10h_to_trt,orin_nx_hailo10_01,hailo10h_to_trt,hailo10h_to_trt,composed,,completed,screening,pass,pass,primary:coco_ap_50_95:decision:pass;guardrail:ap50:decision:pass;guardrail:ap75:decision:pass,,,coco_ap_50_95,0.4590818199915535,0.4520187916528286,0.007063028338724908,0.0019390153956272559,0.012432157550288246,0.01,500,500,management_process_pool:onnx_splitpoint_tool.quality_metrics:detection_quality_evaluator,,126.51474739401601,0.6113938893624905,0.5973630231150453,0.014030866247445206,0.007152577280860196,0.021594098328769344,0.01,pass,0.4991708256912851,0.4885298674409785,0.010640958250306642,0.003729117208478408,0.018793238870871688,0.01,pass,,,,500,,,,,,0b554bc671d82970c308530534fbe9eb4eec22ee505d35d918ae4c2360e59df1,pass,management_paired_quality_v2:detection-cached-matching-v2-ap75,2,"{""guardrails"":{""ap50_margin"":0.01,""ap75_margin"":0.01},""non_inferiority_margin"":0.01,""primary_metric"":""coco_ap_50_95""}","[""ap50"",""ap75""]",[],True,5703b639d90fdcce74bf36e604d7015ab98a484fdb99d13fd48e72e8d7500ebc,db2b5443ca637d2929843b62a6f97b8578a15dafb546a36655b0358321909867,cc762beff133abf33a162f6036465117cd0a245679f0871b23f2021c6708ff3c,51cf7caafa2594653746e18d2e253e7b31537af17c64485c2113eb999cb24ea5,
yolov7_paper,detection,b228,hailo10h_to_trt,orin_nx_hailo10_01,hailo10h_to_trt,hailo10h_to_trt,composed,,completed,screening,fail,fail,primary:coco_ap_50_95:decision:fail;primary:coco_ap_50_95:bootstrap_skipped_reason:point_estimate_below_non_inferiority_margin;guardrail:ap50:decision:fail;guardrail:ap50:bootstrap_skipped_reason:point_estimate_below_non_inferiority_margin;guardrail:ap75:decision:fail;guardrail:ap75:bootstrap_skipped_reason:point_estimate_below_non_inferiority_margin,,,coco_ap_50_95,0.42494736107684083,0.4520187916528286,-0.027071430575987765,-0.027071430575987765,-0.027071430575987765,0.01,500,0,management_process_pool:onnx_splitpoint_tool.quality_metrics:detection_quality_evaluator,point_estimate_below_non_inferiority_margin,3.668606854043901,0.5507231328378219,0.5973630231150453,-0.04663989027722337,-0.04663989027722337,-0.04663989027722337,0.01,fail,0.46135851253598636,0.4885298674409785,-0.027171354904992118,-0.027171354904992118,-0.027171354904992118,0.01,fail,,,,500,,,,,,dd5a7e0287884310751c3f44a803cb1334ca7f17f5b948dc307f2e313fef7708,fail,management_paired_quality_v2:detection-cached-matching-v2-ap75,2,"{""guardrails"":{""ap50_margin"":0.01,""ap75_margin"":0.01},""non_inferiority_margin"":0.01,""primary_metric"":""coco_ap_50_95""}","[""ap50"",""ap75""]",[],True,5703b639d90fdcce74bf36e604d7015ab98a484fdb99d13fd48e72e8d7500ebc,332fc7948d224dad9e0842d68d559e384bff5b54aabfa4cafef8f7ee43985b8a,cc762beff133abf33a162f6036465117cd0a245679f0871b23f2021c6708ff3c,4c4d942bde27965b26ccd2d5086135ac73e8e26f73479ce3b388798aed01b965,
yolov7_paper,detection,b262,hailo10h_to_trt,orin_nx_hailo10_01,hailo10h_to_trt,hailo10h_to_trt,composed,,completed,screening,pass,pass,primary:coco_ap_50_95:decision:pass;guardrail:ap50:decision:pass;guardrail:ap75:decision:pass,,,coco_ap_50_95,0.45934119960869496,0.4520187916528286,0.007322407955866361,0.0023752528304967963,0.013191810164503055,0.01,500,500,management_process_pool:onnx_splitpoint_tool.quality_metrics:detection_quality_evaluator,,124.38849585596472,0.6123409910570129,0.5973630231150453,0.014977967941967596,0.00843446466338947,0.022199630643929595,0.01,pass,0.49547236811295897,0.4885298674409785,0.006942500671980489,0.000376068160891165,0.014303002629963889,0.01,pass,,,,500,,,,,,2e238ac7c52260f0eabc51f2dd5539207f15598a2e4640869261893d51c74808,pass,management_paired_quality_v2:detection-cached-matching-v2-ap75,2,"{""guardrails"":{""ap50_margin"":0.01,""ap75_margin"":0.01},""non_inferiority_margin"":0.01,""primary_metric"":""coco_ap_50_95""}","[""ap50"",""ap75""]",[],True,5703b639d90fdcce74bf36e604d7015ab98a484fdb99d13fd48e72e8d7500ebc,8f48193615d620e2bc3c755970cf072047d8f7735a74bf0f9f27c147719d2eb8,cc762beff133abf33a162f6036465117cd0a245679f0871b23f2021c6708ff3c,836dc828e47aea3af7577be3f96be93b6c2a7d1523aa29df3f4c4333b8ce321d,
yolov7_paper,detection,b270,hailo10h_to_trt,orin_nx_hailo10_01,hailo10h_to_trt,hailo10h_to_trt,composed,,completed,screening,fail,fail,primary:coco_ap_50_95:decision:fail;primary:coco_ap_50_95:bootstrap_skipped_reason:point_estimate_below_non_inferiority_margin;guardrail:ap50:decision:fail;guardrail:ap50:bootstrap_skipped_reason:point_estimate_below_non_inferiority_margin;guardrail:ap75:decision:fail;guardrail:ap75:bootstrap_skipped_reason:point_estimate_below_non_inferiority_margin,,,coco_ap_50_95,0.3823770014959673,0.4520187916528286,-0.06964179015686128,-0.06964179015686128,-0.06964179015686128,0.01,500,0,management_process_pool:onnx_splitpoint_tool.quality_metrics:detection_quality_evaluator,point_estimate_below_non_inferiority_margin,3.972275501000695,0.5129635263400355,0.5973630231150453,-0.0843994967750098,-0.0843994967750098,-0.0843994967750098,0.01,fail,0.41407068255034707,0.4885298674409785,-0.07445918489063141,-0.07445918489063141,-0.07445918489063141,0.01,fail,,,,500,,,,,,70bab2ecf219499efaa828a1d9a6b0c369bec51b0a93017a4cc800363401ec69,fail,management_paired_quality_v2:detection-cached-matching-v2-ap75,2,"{""guardrails"":{""ap50_margin"":0.01,""ap75_margin"":0.01},""non_inferiority_margin"":0.01,""primary_metric"":""coco_ap_50_95""}","[""ap50"",""ap75""]",[],True,5703b639d90fdcce74bf36e604d7015ab98a484fdb99d13fd48e72e8d7500ebc,0aa5837bec3c64819b3c9b00c6b8d4608206fe9a32a888b0918993d0a293b333,cc762beff133abf33a162f6036465117cd0a245679f0871b23f2021c6708ff3c,4f3aa624bf2e9c70c71d973ca45d3ac5b5a05e4789f7eb33aeb793d1d5a7236b,
yolov7_paper,detection,b306,hailo10h_to_trt,orin_nx_hailo10_01,hailo10h_to_trt,hailo10h_to_trt,composed,,completed,screening,fail,fail,primary:coco_ap_50_95:decision:fail;primary:coco_ap_50_95:bootstrap_skipped_reason:point_estimate_below_non_inferiority_margin;guardrail:ap50:decision:pass;guardrail:ap50:bootstrap_skipped_reason:point_estimate_below_non_inferiority_margin;guardrail:ap75:decision:pass;guardrail:ap75:bootstrap_skipped_reason:point_estimate_below_non_inferiority_margin,,,coco_ap_50_95,0.4413691041401431,0.4520187916528286,-0.010649687512685524,-0.010649687512685524,-0.010649687512685524,0.01,500,0,management_process_pool:onnx_splitpoint_tool.quality_metrics:detection_quality_evaluator,point_estimate_below_non_inferiority_margin,4.571530958986841,0.6107366992953687,0.5973630231150453,0.013373676180323368,0.013373676180323368,0.013373676180323368,0.01,pass,0.4915524482763935,0.4885298674409785,0.003022580835415012,0.003022580835415012,0.003022580835415012,0.01,pass,,,,500,,,,,,309a9a886907f3940077a659bee28e57d852cb23fc0c3bc920b8b47a9259252e,fail,management_paired_quality_v2:detection-cached-matching-v2-ap75,2,"{""guardrails"":{""ap50_margin"":0.01,""ap75_margin"":0.01},""non_inferiority_margin"":0.01,""primary_metric"":""coco_ap_50_95""}","[""ap50"",""ap75""]",[],True,5703b639d90fdcce74bf36e604d7015ab98a484fdb99d13fd48e72e8d7500ebc,1c205e002d7b957b74a40bf6ef37ceafc705c4fa4f0ed5c217848edc2b651362,cc762beff133abf33a162f6036465117cd0a245679f0871b23f2021c6708ff3c,201b0014636c65d5dda9fd6874b8ccc63c12b961bdf1f979cb9fa9417021b1d3,
yolov7_paper,detection,b307,hailo10h_to_trt,orin_nx_hailo10_01,hailo10h_to_trt,hailo10h_to_trt,composed,,completed,screening,fail,fail,primary:coco_ap_50_95:decision:fail;primary:coco_ap_50_95:bootstrap_skipped_reason:point_estimate_below_non_inferiority_margin;guardrail:ap50:decision:fail;guardrail:ap50:bootstrap_skipped_reason:point_estimate_below_non_inferiority_margin;guardrail:ap75:decision:fail;guardrail:ap75:bootstrap_skipped_reason:point_estimate_below_non_inferiority_margin,,,coco_ap_50_95,0.23960393527904061,0.4520187916528286,-0.21241485637378799,-0.21241485637378799,-0.21241485637378799,0.01,500,0,management_process_pool:onnx_splitpoint_tool.quality_metrics:detection_quality_evaluator,point_estimate_below_non_inferiority_margin,6.253335236920975,0.3166228655372005,0.5973630231150453,-0.2807401575778448,-0.2807401575778448,-0.2807401575778448,0.01,fail,0.2625724281435936,0.4885298674409785,-0.22595743929738488,-0.22595743929738488,-0.22595743929738488,0.01,fail,,,,500,,,,,,31163d790c512e32aa78da28711a09b4f42cbba2b9e9d45151306c6fe958d99c,fail,management_paired_quality_v2:detection-cached-matching-v2-ap75,2,"{""guardrails"":{""ap50_margin"":0.01,""ap75_margin"":0.01},""non_inferiority_margin"":0.01,""primary_metric"":""coco_ap_50_95""}","[""ap50"",""ap75""]",[],True,5703b639d90fdcce74bf36e604d7015ab98a484fdb99d13fd48e72e8d7500ebc,904b63d2e90bea297d22d2627610cc9bb0fd67eb1e884869eda2f708bb243820,cc762beff133abf33a162f6036465117cd0a245679f0871b23f2021c6708ff3c,55175b1001d7a4b89578bab67a68111ebc658d3858eb613c766762349e809da2,
yolov7_paper,detection,b306,hailo8,orin_nx_hailo8_01,hailo8,hailo8,full,,completed,screening,fail,fail,primary:coco_ap_50_95:decision:fail;primary:coco_ap_50_95:bootstrap_skipped_reason:point_estimate_below_non_inferiority_margin;guardrail:ap50:decision:pass;guardrail:ap50:bootstrap_skipped_reason:point_estimate_below_non_inferiority_margin;guardrail:ap75:decision:fail;guardrail:ap75:bootstrap_skipped_reason:point_estimate_below_non_inferiority_margin,,,coco_ap_50_95,0.4147833804028238,0.4520187916528286,-0.03723541125000479,-0.03723541125000479,-0.03723541125000479,0.01,500,0,management_process_pool:onnx_splitpoint_tool.quality_metrics:detection_quality_evaluator,point_estimate_below_non_inferiority_margin,3.8077679499983788,0.5976476361403371,0.5973630231150453,0.0002846130252918133,0.0002846130252918133,0.0002846130252918133,0.01,pass,0.4672885338711266,0.4885298674409785,-0.02124133356985186,-0.02124133356985186,-0.02124133356985186,0.01,fail,,,,500,,,,,,ee4a16c45daa16ea768c38de71e02d90d9de0dc8a51343fa9b591c12802acb4d,fail,management_paired_quality_v2:detection-cached-matching-v2-ap75,2,"{""guardrails"":{""ap50_margin"":0.01,""ap75_margin"":0.01},""non_inferiority_margin"":0.01,""primary_metric"":""coco_ap_50_95""}","[""ap50"",""ap75""]",[],True,5703b639d90fdcce74bf36e604d7015ab98a484fdb99d13fd48e72e8d7500ebc,0747bc441454397e9451b75bc8a30b00a329e8e78e6713ccd7bde4cf997cad2e,cc762beff133abf33a162f6036465117cd0a245679f0871b23f2021c6708ff3c,346f8b0d20cc0740450f0cf9fef6ca13c5537d2af7a42be8bfb58b54223c5e77,
yolov7_paper,detection,b001,hailo8_to_trt,orin_nx_hailo8_01,hailo8_to_trt,hailo8_to_trt,composed,,completed,screening,fail,fail,primary:coco_ap_50_95:decision:fail;primary:coco_ap_50_95:bootstrap_skipped_reason:point_estimate_below_non_inferiority_margin;guardrail:ap50:decision:fail;guardrail:ap50:bootstrap_skipped_reason:point_estimate_below_non_inferiority_margin;guardrail:ap75:decision:fail;guardrail:ap75:bootstrap_skipped_reason:point_estimate_below_non_inferiority_margin,,,coco_ap_50_95,0.09912039145089613,0.4520187916528286,-0.35289840020193247,-0.35289840020193247,-0.35289840020193247,0.01,500,0,management_process_pool:onnx_splitpoint_tool.quality_metrics:detection_quality_evaluator,point_estimate_below_non_inferiority_margin,3.028684691991657,0.12858941354373896,0.5973630231150453,-0.4687736095713063,-0.4687736095713063,-0.4687736095713063,0.01,fail,0.10571646768562863,0.4885298674409785,-0.38281339975534984,-0.38281339975534984,-0.38281339975534984,0.01,fail,,,,500,,,,,,29c9db0d87a3469818fdfd4bf32fa62dc2f1dbcd5e7cae2e266f6d603b595e8b,fail,management_paired_quality_v2:detection-cached-matching-v2-ap75,2,"{""guardrails"":{""ap50_margin"":0.01,""ap75_margin"":0.01},""non_inferiority_margin"":0.01,""primary_metric"":""coco_ap_50_95""}","[""ap50"",""ap75""]",[],True,5703b639d90fdcce74bf36e604d7015ab98a484fdb99d13fd48e72e8d7500ebc,9ab002382aabb252e7744cbb38e09c9fb23f01d915a54588d380bd0bbf0f3a00,cc762beff133abf33a162f6036465117cd0a245679f0871b23f2021c6708ff3c,e272a859f0f04b1c16473c9cc4edbcdf501e4caaf88a46367d9cb8c3d2f0a8c5,
yolov7_paper,detection,b002,hailo8_to_trt,orin_nx_hailo8_01,hailo8_to_trt,hailo8_to_trt,composed,,completed,screening,pass,pass,primary:coco_ap_50_95:decision:pass;guardrail:ap50:decision:pass;guardrail:ap75:decision:pass,,,coco_ap_50_95,0.4587314063775363,0.4520187916528286,0.006712614724707688,0.0024090168350983546,0.011122337159582017,0.01,500,500,management_process_pool:onnx_splitpoint_tool.quality_metrics:detection_quality_evaluator,,127.12299523397814,0.6071218522615952,0.5973630231150453,0.009758829146549908,0.0032639651670761448,0.015949455230939408,0.01,pass,0.4973797611597151,0.4885298674409785,0.008849893718736623,0.0032807908136058385,0.015168568490693835,0.01,pass,,,,500,,,,,,7842a10c19fc273699645e75dd7b09106740bc51882296a9723a5ef85a090eb4,pass,management_paired_quality_v2:detection-cached-matching-v2-ap75,2,"{""guardrails"":{""ap50_margin"":0.01,""ap75_margin"":0.01},""non_inferiority_margin"":0.01,""primary_metric"":""coco_ap_50_95""}","[""ap50"",""ap75""]",[],True,5703b639d90fdcce74bf36e604d7015ab98a484fdb99d13fd48e72e8d7500ebc,3bbb94153d92eaebbdf20edb34a19af1fe283c4928d6b17bf69e439b3b578f65,cc762beff133abf33a162f6036465117cd0a245679f0871b23f2021c6708ff3c,2fb25d89151f6cb2eabb37901518d3828789994177b4ef85ffd0c8895af86200,
yolov7_paper,detection,b013,hailo8_to_trt,orin_nx_hailo8_01,hailo8_to_trt,hailo8_to_trt,composed,,completed,screening,pass,pass,primary:coco_ap_50_95:decision:pass;guardrail:ap50:decision:pass;guardrail:ap75:decision:pass,,,coco_ap_50_95,0.4580689586278992,0.4520187916528286,0.006050166975070603,0.0013843443825416863,0.01074762089964344,0.01,500,500,management_process_pool:onnx_splitpoint_tool.quality_metrics:detection_quality_evaluator,,126.3723065770464,0.6061276271386017,0.5973630231150453,0.008764604023556388,0.0025179260851592726,0.015192381843703025,0.01,pass,0.496431376858808,0.4885298674409785,0.007901509417829522,0.0015838403216102861,0.014637397711247195,0.01,pass,,,,500,,,,,,7564649db284972c70d5bc4f830e01d8bcbe3f3ca36a239ff84a6cee8d1f077b,pass,management_paired_quality_v2:detection-cached-matching-v2-ap75,2,"{""guardrails"":{""ap50_margin"":0.01,""ap75_margin"":0.01},""non_inferiority_margin"":0.01,""primary_metric"":""coco_ap_50_95""}","[""ap50"",""ap75""]",[],True,5703b639d90fdcce74bf36e604d7015ab98a484fdb99d13fd48e72e8d7500ebc,88897d4816c21a697abcb93a0096ec85857e5da22e1f7b79ebd3641dfbb0d5da,cc762beff133abf33a162f6036465117cd0a245679f0871b23f2021c6708ff3c,e7a2e751d4f3546bffadfb6d3384d6163226429e2a1702a8929bc3afdb4c9ca9,
yolov7_paper,detection,b044,hailo8_to_trt,orin_nx_hailo8_01,hailo8_to_trt,hailo8_to_trt,composed,,completed,screening,pass,pass,primary:coco_ap_50_95:decision:pass;guardrail:ap50:decision:pass;guardrail:ap75:decision:pass,,,coco_ap_50_95,0.45956771792687184,0.4520187916528286,0.007548926274043244,0.003577840706221379,0.012367651551625352,0.01,500,500,management_process_pool:onnx_splitpoint_tool.quality_metrics:detection_quality_evaluator,,126.27757145604119,0.6070568613412947,0.5973630231150453,0.009693838226249363,0.004148033757809955,0.01537984595825324,0.01,pass,0.4973655593129668,0.4885298674409785,0.008835691871988294,0.0033684829771501753,0.01579774947852784,0.01,pass,,,,500,,,,,,c78b3d1a52bb5e7a996c63aa9f4511cc56c6c2486527b485ba3de733665f6497,pass,management_paired_quality_v2:detection-cached-matching-v2-ap75,2,"{""guardrails"":{""ap50_margin"":0.01,""ap75_margin"":0.01},""non_inferiority_margin"":0.01,""primary_metric"":""coco_ap_50_95""}","[""ap50"",""ap75""]",[],True,5703b639d90fdcce74bf36e604d7015ab98a484fdb99d13fd48e72e8d7500ebc,ee838a45783f35668eb0f31072baa7d5bd77d1be7e2d443e9b194689a55c6f07,cc762beff133abf33a162f6036465117cd0a245679f0871b23f2021c6708ff3c,62efbecbf2439532ffac6fd3f8e57801b7f345a71cf6768613b7d07307eaa127,
yolov7_paper,detection,b049,hailo8_to_trt,orin_nx_hailo8_01,hailo8_to_trt,hailo8_to_trt,composed,,completed,screening,fail,fail,primary:coco_ap_50_95:decision:fail;primary:coco_ap_50_95:bootstrap_skipped_reason:point_estimate_below_non_inferiority_margin;guardrail:ap50:decision:fail;guardrail:ap50:bootstrap_skipped_reason:point_estimate_below_non_inferiority_margin;guardrail:ap75:decision:fail;guardrail:ap75:bootstrap_skipped_reason:point_estimate_below_non_inferiority_margin,,,coco_ap_50_95,0.4268020798423614,0.4520187916528286,-0.025216711810467196,-0.025216711810467196,-0.025216711810467196,0.01,500,0,management_process_pool:onnx_splitpoint_tool.quality_metrics:detection_quality_evaluator,point_estimate_below_non_inferiority_margin,3.9439953620312735,0.5683639568673207,0.5973630231150453,-0.028999066247724636,-0.028999066247724636,-0.028999066247724636,0.01,fail,0.4668957864441493,0.4885298674409785,-0.021634080996829175,-0.021634080996829175,-0.021634080996829175,0.01,fail,,,,500,,,,,,082bbc8674d01ad8ac6c9a63cc702fb9d3d920d42744419b4839b9667035923e,fail,management_paired_quality_v2:detection-cached-matching-v2-ap75,2,"{""guardrails"":{""ap50_margin"":0.01,""ap75_margin"":0.01},""non_inferiority_margin"":0.01,""primary_metric"":""coco_ap_50_95""}","[""ap50"",""ap75""]",[],True,5703b639d90fdcce74bf36e604d7015ab98a484fdb99d13fd48e72e8d7500ebc,ae01dd5a5d03a429bc013fba335f5e3d5cfc5cfa39e943db1096c85f7dc78bb7,cc762beff133abf33a162f6036465117cd0a245679f0871b23f2021c6708ff3c,8c97829242b732042e53d3733fe198860c33126d583c8c4b5fe6b82ae8ef0df4,
yolov7_paper,detection,b065,hailo8_to_trt,orin_nx_hailo8_01,hailo8_to_trt,hailo8_to_trt,composed,,completed,screening,fail,fail,primary:coco_ap_50_95:decision:fail;primary:coco_ap_50_95:bootstrap_skipped_reason:point_estimate_below_non_inferiority_margin;guardrail:ap50:decision:fail;guardrail:ap50:bootstrap_skipped_reason:point_estimate_below_non_inferiority_margin;guardrail:ap75:decision:fail;guardrail:ap75:bootstrap_skipped_reason:point_estimate_below_non_inferiority_margin,,,coco_ap_50_95,0.0,0.4520187916528286,-0.4520187916528286,-0.4520187916528286,-0.4520187916528286,0.01,500,0,management_process_pool:onnx_splitpoint_tool.quality_metrics:detection_quality_evaluator,point_estimate_below_non_inferiority_margin,2.702466791961342,0.0,0.5973630231150453,-0.5973630231150453,-0.5973630231150453,-0.5973630231150453,0.01,fail,0.0,0.4885298674409785,-0.4885298674409785,-0.4885298674409785,-0.4885298674409785,0.01,fail,,,,500,,,,,,3b788387288a9269a9b7084de9ac012a1a9805616a696494e6b96ae12a181abd,fail,management_paired_quality_v2:detection-cached-matching-v2-ap75,2,"{""guardrails"":{""ap50_margin"":0.01,""ap75_margin"":0.01},""non_inferiority_margin"":0.01,""primary_metric"":""coco_ap_50_95""}","[""ap50"",""ap75""]",[],True,5703b639d90fdcce74bf36e604d7015ab98a484fdb99d13fd48e72e8d7500ebc,d2cc717d2c4bff7487e00a8da29805a31eebf74e9bc39ce5551f78a9e9672eb4,cc762beff133abf33a162f6036465117cd0a245679f0871b23f2021c6708ff3c,0583d75295e0c8257525609eb36eb1bbf356de178eeb479d8e20bd1567f3f0a5,
yolov7_paper,detection,b088,hailo8_to_trt,orin_nx_hailo8_01,hailo8_to_trt,hailo8_to_trt,composed,,completed,screening,fail,fail,primary:coco_ap_50_95:decision:fail;primary:coco_ap_50_95:bootstrap_skipped_reason:point_estimate_below_non_inferiority_margin;guardrail:ap50:decision:fail;guardrail:ap50:bootstrap_skipped_reason:point_estimate_below_non_inferiority_margin;guardrail:ap75:decision:fail;guardrail:ap75:bootstrap_skipped_reason:point_estimate_below_non_inferiority_margin,,,coco_ap_50_95,0.3297681702077757,0.4520187916528286,-0.12225062144505289,-0.12225062144505289,-0.12225062144505289,0.01,500,0,management_process_pool:onnx_splitpoint_tool.quality_metrics:detection_quality_evaluator,point_estimate_below_non_inferiority_margin,3.6308911530068144,0.4409693151989048,0.5973630231150453,-0.1563937079161405,-0.1563937079161405,-0.1563937079161405,0.01,fail,0.3530636475246289,0.4885298674409785,-0.1354662199163496,-0.1354662199163496,-0.1354662199163496,0.01,fail,,,,500,,,,,,4a48cc632da1a35f4cbe937f2fadae17862e613d5801957cda7153efb5b4a175,fail,management_paired_quality_v2:detection-cached-matching-v2-ap75,2,"{""guardrails"":{""ap50_margin"":0.01,""ap75_margin"":0.01},""non_inferiority_margin"":0.01,""primary_metric"":""coco_ap_50_95""}","[""ap50"",""ap75""]",[],True,5703b639d90fdcce74bf36e604d7015ab98a484fdb99d13fd48e72e8d7500ebc,444bd6be02c5b8de787328d81a7b41eda81abc923f4eeb8c470bd1625b1f64d8,cc762beff133abf33a162f6036465117cd0a245679f0871b23f2021c6708ff3c,f63de1987c70e1bd22cb52ee825dc1275eeb9ab605c79765ff2d10a29af892a7,
yolov7_paper,detection,b092,hailo8_to_trt,orin_nx_hailo8_01,hailo8_to_trt,hailo8_to_trt,composed,,completed,screening,pass,pass,primary:coco_ap_50_95:decision:pass;guardrail:ap50:decision:pass;guardrail:ap75:decision:pass,,,coco_ap_50_95,0.45661532382130393,0.4520187916528286,0.004596532168475331,-0.00025653685055229073,0.00904207684815582,0.01,500,500,management_process_pool:onnx_splitpoint_tool.quality_metrics:detection_quality_evaluator,,125.7600353830494,0.6018311236330336,0.5973630231150453,0.004468100517988294,-0.0020231624131534114,0.010633698625231924,0.01,pass,0.4951750565264927,0.4885298674409785,0.006645189085514203,-0.00024233935408141482,0.013979563513918736,0.01,pass,,,,500,,,,,,b2ebda7f8f6564dd431e47ea81e43cfe61e2e762713746a4e0b7ea076bcb7a51,pass,management_paired_quality_v2:detection-cached-matching-v2-ap75,2,"{""guardrails"":{""ap50_margin"":0.01,""ap75_margin"":0.01},""non_inferiority_margin"":0.01,""primary_metric"":""coco_ap_50_95""}","[""ap50"",""ap75""]",[],True,5703b639d90fdcce74bf36e604d7015ab98a484fdb99d13fd48e72e8d7500ebc,ec58c62181b80f24a2538b9efd853738799e6925965d50870943ff433377b09f,cc762beff133abf33a162f6036465117cd0a245679f0871b23f2021c6708ff3c,9a9872489679000c22c4ae82e9a1fb35e4b5e1add4781c08995a7672a4a87ef4,
yolov7_paper,detection,b114,hailo8_to_trt,orin_nx_hailo8_01,hailo8_to_trt,hailo8_to_trt,composed,,completed,screening,fail,fail,primary:coco_ap_50_95:decision:fail;primary:coco_ap_50_95:bootstrap_skipped_reason:point_estimate_below_non_inferiority_margin;guardrail:ap50:decision:fail;guardrail:ap50:bootstrap_skipped_reason:point_estimate_below_non_inferiority_margin;guardrail:ap75:decision:pass;guardrail:ap75:bootstrap_skipped_reason:point_estimate_below_non_inferiority_margin,,,coco_ap_50_95,0.4409272954786787,0.4520187916528286,-0.011091496174149895,-0.011091496174149895,-0.011091496174149895,0.01,500,0,management_process_pool:onnx_splitpoint_tool.quality_metrics:detection_quality_evaluator,point_estimate_below_non_inferiority_margin,4.095973305986263,0.5806088449212142,0.5973630231150453,-0.01675417819383107,-0.01675417819383107,-0.01675417819383107,0.01,fail,0.47972422627049804,0.4885298674409785,-0.008805641170480438,-0.008805641170480438,-0.008805641170480438,0.01,pass,,,,500,,,,,,99309c58dec3721b84b4ef477e91117e382728ea7ddcc4180b0a5466a41e26da,fail,management_paired_quality_v2:detection-cached-matching-v2-ap75,2,"{""guardrails"":{""ap50_margin"":0.01,""ap75_margin"":0.01},""non_inferiority_margin"":0.01,""primary_metric"":""coco_ap_50_95""}","[""ap50"",""ap75""]",[],True,5703b639d90fdcce74bf36e604d7015ab98a484fdb99d13fd48e72e8d7500ebc,22402937cc06af9cfc633431a1cb0f8a0af492affe17b2fae422b94e8e8684ae,cc762beff133abf33a162f6036465117cd0a245679f0871b23f2021c6708ff3c,39340ec652e6b334874315f5b6b69c0c0b64d3b851566e04baefb1ccba78cd87,
yolov7_paper,detection,b134,hailo8_to_trt,orin_nx_hailo8_01,hailo8_to_trt,hailo8_to_trt,composed,,completed,screening,pass,pass,primary:coco_ap_50_95:decision:pass;guardrail:ap50:decision:pass;guardrail:ap75:decision:pass,,,coco_ap_50_95,0.45776005489382854,0.4520187916528286,0.005741263240999939,0.00025362591825436686,0.010969573132603102,0.01,500,500,management_process_pool:onnx_splitpoint_tool.quality_metrics:detection_quality_evaluator,,125.0138047549408,0.6042761850899251,0.5973630231150453,0.006913161974879789,0.000437810610020799,0.014327326415019008,0.01,pass,0.4974900219239073,0.4885298674409785,0.008960154482928806,0.0016128643007224833,0.017217011188104047,0.01,pass,,,,500,,,,,,d4ec0dfbab5024ad1c49ffbf38dd33dd432104a06f316f3c3a85cd9166ff9f61,pass,management_paired_quality_v2:detection-cached-matching-v2-ap75,2,"{""guardrails"":{""ap50_margin"":0.01,""ap75_margin"":0.01},""non_inferiority_margin"":0.01,""primary_metric"":""coco_ap_50_95""}","[""ap50"",""ap75""]",[],True,5703b639d90fdcce74bf36e604d7015ab98a484fdb99d13fd48e72e8d7500ebc,29d0814435d3eb23c9021f2facc9d3fa9034b27307ad18b5629e9c8305c33c8c,cc762beff133abf33a162f6036465117cd0a245679f0871b23f2021c6708ff3c,3b65c4354fc8f784524b665eab108c84d9afb6dabcde63f49b40f9f649c45206,
yolov7_paper,detection,b155,hailo8_to_trt,orin_nx_hailo8_01,hailo8_to_trt,hailo8_to_trt,composed,,completed,screening,pass,pass,primary:coco_ap_50_95:decision:pass;guardrail:ap50:decision:pass;guardrail:ap75:decision:pass,,,coco_ap_50_95,0.4591742136663214,0.4520187916528286,0.007155422013492785,0.0019197340055277048,0.01196721297519531,0.01,500,500,management_process_pool:onnx_splitpoint_tool.quality_metrics:detection_quality_evaluator,,125.7865262820851,0.6051522220125293,0.5973630231150453,0.007789198897483973,0.001410290460218479,0.01425238711298401,0.01,pass,0.4994893820532182,0.4885298674409785,0.010959514612239707,0.003780587895656819,0.018593960931287165,0.01,pass,,,,500,,,,,,2f63c4900a5e3f4d4e743836b3326ad398eb24bc33fe8ed76440429c1726318c,pass,management_paired_quality_v2:detection-cached-matching-v2-ap75,2,"{""guardrails"":{""ap50_margin"":0.01,""ap75_margin"":0.01},""non_inferiority_margin"":0.01,""primary_metric"":""coco_ap_50_95""}","[""ap50"",""ap75""]",[],True,5703b639d90fdcce74bf36e604d7015ab98a484fdb99d13fd48e72e8d7500ebc,3bcc97b724c1ad5607decf61167303c9f894be760f1d8824cf0dbb8cfc7d3375,cc762beff133abf33a162f6036465117cd0a245679f0871b23f2021c6708ff3c,fe62fea17bfc19c1206de1e4f62ef0866d799ee09aad9c0cc8521995578f1a9c,
yolov7_paper,detection,b165,hailo8_to_trt,orin_nx_hailo8_01,hailo8_to_trt,hailo8_to_trt,composed,,completed,screening,pass,pass,primary:coco_ap_50_95:decision:pass;guardrail:ap50:decision:pass;guardrail:ap75:decision:pass,,,coco_ap_50_95,0.4596249747562157,0.4520187916528286,0.007606183103387121,0.002436218386645498,0.012832842349197975,0.01,500,500,management_process_pool:onnx_splitpoint_tool.quality_metrics:detection_quality_evaluator,,124.56027948204428,0.6050130336849702,0.5973630231150453,0.00765001056992487,0.0010397533124177631,0.015272023692298742,0.01,pass,0.49993238033044457,0.4885298674409785,0.011402512889466088,0.004075282136465309,0.01961709113224482,0.01,pass,,,,500,,,,,,2264602716e3bb1dafbb25e258ba33d5a3bc445194405fdf383fa2ffe29bcfa3,pass,management_paired_quality_v2:detection-cached-matching-v2-ap75,2,"{""guardrails"":{""ap50_margin"":0.01,""ap75_margin"":0.01},""non_inferiority_margin"":0.01,""primary_metric"":""coco_ap_50_95""}","[""ap50"",""ap75""]",[],True,5703b639d90fdcce74bf36e604d7015ab98a484fdb99d13fd48e72e8d7500ebc,8614a9e3e0c406fddbcc9a22f957eb77463b204653f6449e3c37bd1499b727ec,cc762beff133abf33a162f6036465117cd0a245679f0871b23f2021c6708ff3c,af69b21522eaa2d5f519859ffb75da8ad95128dc6f4a33f659df788a63f687a5,
yolov7_paper,detection,b186,hailo8_to_trt,orin_nx_hailo8_01,hailo8_to_trt,hailo8_to_trt,composed,,completed,screening,inconclusive,inconclusive,primary:coco_ap_50_95:decision:pass;guardrail:ap50:decision:inconclusive;guardrail:ap75:decision:pass,,,coco_ap_50_95,0.45198745152235287,0.4520187916528286,-3.134013047573214e-05,-0.006666955409836149,0.0060867604611625535,0.01,500,500,management_process_pool:onnx_splitpoint_tool.quality_metrics:detection_quality_evaluator,,125.20735453406814,0.5949593209689207,0.5973630231150453,-0.00240370214612462,-0.011418771080894452,0.00624851509354421,0.01,inconclusive,0.4907495602817818,0.4885298674409785,0.002219692840803311,-0.009440355537932512,0.01089104395664605,0.01,pass,,,,500,,,,,,50faff207f26ba1255886d031f8fcf6a308d298b1d53c8edfc67d8e9b8a34e38,inconclusive,management_paired_quality_v2:detection-cached-matching-v2-ap75,2,"{""guardrails"":{""ap50_margin"":0.01,""ap75_margin"":0.01},""non_inferiority_margin"":0.01,""primary_metric"":""coco_ap_50_95""}","[""ap50"",""ap75""]",[],True,5703b639d90fdcce74bf36e604d7015ab98a484fdb99d13fd48e72e8d7500ebc,1a5a7040e0c317efbc55102b1833c52e72779e10c74a2134f7c3ae6424cd3328,cc762beff133abf33a162f6036465117cd0a245679f0871b23f2021c6708ff3c,da13cb2bb92121f25c9bf6be7a070504d0e2071dff4d096d12ad25a44fb8b2fc,
yolov7_paper,detection,b189,hailo8_to_trt,orin_nx_hailo8_01,hailo8_to_trt,hailo8_to_trt,composed,,completed,screening,pass,pass,primary:coco_ap_50_95:decision:pass;guardrail:ap50:decision:pass;guardrail:ap75:decision:pass,,,coco_ap_50_95,0.45885675363560746,0.4520187916528286,0.006837961982778862,0.0014769441309135363,0.011408484432176694,0.01,500,500,management_process_pool:onnx_splitpoint_tool.quality_metrics:detection_quality_evaluator,,124.77522399299778,0.6042651294463194,0.5973630231150453,0.006902106331274083,0.0008240118922002023,0.013711826671538177,0.01,pass,0.5005691873647347,0.4885298674409785,0.012039319923756175,0.004865298047833164,0.019565714610519164,0.01,pass,,,,500,,,,,,265432739da3a7f40a210556aec8eaa329f6f23cf62dfa60d0bd05cb1292274a,pass,management_paired_quality_v2:detection-cached-matching-v2-ap75,2,"{""guardrails"":{""ap50_margin"":0.01,""ap75_margin"":0.01},""non_inferiority_margin"":0.01,""primary_metric"":""coco_ap_50_95""}","[""ap50"",""ap75""]",[],True,5703b639d90fdcce74bf36e604d7015ab98a484fdb99d13fd48e72e8d7500ebc,038fed2b5eb6add5107626537771b38c6fb126700dc5c71661d717e057fbe544,cc762beff133abf33a162f6036465117cd0a245679f0871b23f2021c6708ff3c,47c3c5ec19140ffa4192fd81ab28fd8fa23396d7e028c405d97e795b7c8d019e,
yolov7_paper,detection,b222,hailo8_to_trt,orin_nx_hailo8_01,hailo8_to_trt,hailo8_to_trt,composed,,completed,screening,pass,pass,primary:coco_ap_50_95:decision:pass;guardrail:ap50:decision:pass;guardrail:ap75:decision:pass,,,coco_ap_50_95,0.457985521055675,0.4520187916528286,0.005966729402846427,0.0005418115872028304,0.011871474366259401,0.01,500,500,management_process_pool:onnx_splitpoint_tool.quality_metrics:detection_quality_evaluator,,124.83986682607792,0.6022580920783158,0.5973630231150453,0.004895068963270521,-0.0022555134522617435,0.013008833572467852,0.01,pass,0.4956616162718966,0.4885298674409785,0.007131748830918105,0.00042641202249547405,0.014798707518100727,0.01,pass,,,,500,,,,,,77fc9e2ae073fe1a9aea9fb35c2c3629ea25894eb2fbf139c076223033e2847d,pass,management_paired_quality_v2:detection-cached-matching-v2-ap75,2,"{""guardrails"":{""ap50_margin"":0.01,""ap75_margin"":0.01},""non_inferiority_margin"":0.01,""primary_metric"":""coco_ap_50_95""}","[""ap50"",""ap75""]",[],True,5703b639d90fdcce74bf36e604d7015ab98a484fdb99d13fd48e72e8d7500ebc,dec9ca80bec78fb4e46a524b317e38e4b04fca08e094e0e7c54d1c6dbed48bc9,cc762beff133abf33a162f6036465117cd0a245679f0871b23f2021c6708ff3c,881f0334ddb7012240b6e7b8088f01dc1e852f6c68b36e4b3780fc22f56db0a9,
yolov7_paper,detection,b228,hailo8_to_trt,orin_nx_hailo8_01,hailo8_to_trt,hailo8_to_trt,composed,,completed,screening,fail,fail,primary:coco_ap_50_95:decision:fail;primary:coco_ap_50_95:bootstrap_skipped_reason:point_estimate_below_non_inferiority_margin;guardrail:ap50:decision:fail;guardrail:ap50:bootstrap_skipped_reason:point_estimate_below_non_inferiority_margin;guardrail:ap75:decision:fail;guardrail:ap75:bootstrap_skipped_reason:point_estimate_below_non_inferiority_margin,,,coco_ap_50_95,0.4247915140520043,0.4520187916528286,-0.027227277600824273,-0.027227277600824273,-0.027227277600824273,0.01,500,0,management_process_pool:onnx_splitpoint_tool.quality_metrics:detection_quality_evaluator,point_estimate_below_non_inferiority_margin,3.7963890730170533,0.549223677098456,0.5973630231150453,-0.04813934601658931,-0.04813934601658931,-0.04813934601658931,0.01,fail,0.45951120296474735,0.4885298674409785,-0.029018664476231137,-0.029018664476231137,-0.029018664476231137,0.01,fail,,,,500,,,,,,f73669daba9208195740cefe0d8e77ca0e5fa66965b4c7751eda3bbad3a97f35,fail,management_paired_quality_v2:detection-cached-matching-v2-ap75,2,"{""guardrails"":{""ap50_margin"":0.01,""ap75_margin"":0.01},""non_inferiority_margin"":0.01,""primary_metric"":""coco_ap_50_95""}","[""ap50"",""ap75""]",[],True,5703b639d90fdcce74bf36e604d7015ab98a484fdb99d13fd48e72e8d7500ebc,e8309219d4186da2906bf30e7405bd8183fafd5786cd8f7325baf3eb2a5d5cfc,cc762beff133abf33a162f6036465117cd0a245679f0871b23f2021c6708ff3c,9e66d87d49a9b95219200308c8c3c914785a8bda84ffef02742c85268552211c,
yolov7_paper,detection,b262,hailo8_to_trt,orin_nx_hailo8_01,hailo8_to_trt,hailo8_to_trt,composed,,completed,screening,pass,pass,primary:coco_ap_50_95:decision:pass;guardrail:ap50:decision:pass;guardrail:ap75:decision:pass,,,coco_ap_50_95,0.46009992551275225,0.4520187916528286,0.00808113385992365,0.0022957360823552464,0.013484806169751732,0.01,500,500,management_process_pool:onnx_splitpoint_tool.quality_metrics:detection_quality_evaluator,,125.26267231092788,0.607513503022123,0.5973630231150453,0.010150479907077736,0.0038040973443849253,0.017113543047438104,0.01,pass,0.5021890571027404,0.4885298674409785,0.013659189661761939,0.005777122396440073,0.021693334817834618,0.01,pass,,,,500,,,,,,d744a81c120dcceda239227ceccbedc43d0c95bb02e6ad8facf01afea53578a9,pass,management_paired_quality_v2:detection-cached-matching-v2-ap75,2,"{""guardrails"":{""ap50_margin"":0.01,""ap75_margin"":0.01},""non_inferiority_margin"":0.01,""primary_metric"":""coco_ap_50_95""}","[""ap50"",""ap75""]",[],True,5703b639d90fdcce74bf36e604d7015ab98a484fdb99d13fd48e72e8d7500ebc,8d917fe502f7eb31cf4cb82fe96500ae908f99ca707c1127b5763b6e4599600a,cc762beff133abf33a162f6036465117cd0a245679f0871b23f2021c6708ff3c,0d9fc1c076cb2873423f0741f7233497be9bd7b921c7d6691007b43aa3b409b7,
yolov7_paper,detection,b270,hailo8_to_trt,orin_nx_hailo8_01,hailo8_to_trt,hailo8_to_trt,composed,,completed,screening,fail,fail,primary:coco_ap_50_95:decision:fail;primary:coco_ap_50_95:bootstrap_skipped_reason:point_estimate_below_non_inferiority_margin;guardrail:ap50:decision:fail;guardrail:ap50:bootstrap_skipped_reason:point_estimate_below_non_inferiority_margin;guardrail:ap75:decision:fail;guardrail:ap75:bootstrap_skipped_reason:point_estimate_below_non_inferiority_margin,,,coco_ap_50_95,0.3810732876351287,0.4520187916528286,-0.07094550401769989,-0.07094550401769989,-0.07094550401769989,0.01,500,0,management_process_pool:onnx_splitpoint_tool.quality_metrics:detection_quality_evaluator,point_estimate_below_non_inferiority_margin,4.228217185009271,0.5112983410412648,0.5973630231150453,-0.08606468207378049,-0.08606468207378049,-0.08606468207378049,0.01,fail,0.4113909820509649,0.4885298674409785,-0.07713888539001357,-0.07713888539001357,-0.07713888539001357,0.01,fail,,,,500,,,,,,5a7c47138e8291250c9dda142204d9d19855317daf6f0327a59eead9153c7d86,fail,management_paired_quality_v2:detection-cached-matching-v2-ap75,2,"{""guardrails"":{""ap50_margin"":0.01,""ap75_margin"":0.01},""non_inferiority_margin"":0.01,""primary_metric"":""coco_ap_50_95""}","[""ap50"",""ap75""]",[],True,5703b639d90fdcce74bf36e604d7015ab98a484fdb99d13fd48e72e8d7500ebc,02b0e1e66d1f846fd56f3abc897abac5a0e020810fbceb67f129465c4c994224,cc762beff133abf33a162f6036465117cd0a245679f0871b23f2021c6708ff3c,97d32c855ee0f723dcfe2d45a19d721d418a649f83c517748090c51b0ac20a2d,
yolov7_paper,detection,b306,hailo8_to_trt,orin_nx_hailo8_01,hailo8_to_trt,hailo8_to_trt,composed,,completed,screening,fail,fail,primary:coco_ap_50_95:decision:fail;primary:coco_ap_50_95:bootstrap_skipped_reason:point_estimate_below_non_inferiority_margin;guardrail:ap50:decision:pass;guardrail:ap50:bootstrap_skipped_reason:point_estimate_below_non_inferiority_margin;guardrail:ap75:decision:pass;guardrail:ap75:bootstrap_skipped_reason:point_estimate_below_non_inferiority_margin,,,coco_ap_50_95,0.44141001366973304,0.4520187916528286,-0.010608777983095563,-0.010608777983095563,-0.010608777983095563,0.01,500,0,management_process_pool:onnx_splitpoint_tool.quality_metrics:detection_quality_evaluator,point_estimate_below_non_inferiority_margin,3.58629923989065,0.6094343824035461,0.5973630231150453,0.012071359288500783,0.012071359288500783,0.012071359288500783,0.01,pass,0.49151881070494063,0.4885298674409785,0.0029889432639621516,0.0029889432639621516,0.0029889432639621516,0.01,pass,,,,500,,,,,,240a8a9a01c16422309135440431c38dc34add0e134242edb05b9ad466f0ff91,fail,management_paired_quality_v2:detection-cached-matching-v2-ap75,2,"{""guardrails"":{""ap50_margin"":0.01,""ap75_margin"":0.01},""non_inferiority_margin"":0.01,""primary_metric"":""coco_ap_50_95""}","[""ap50"",""ap75""]",[],True,5703b639d90fdcce74bf36e604d7015ab98a484fdb99d13fd48e72e8d7500ebc,e3d82465a20167cb8dcac59b0144c85d5cc88e8c935e24dd860357a3e23af57b,cc762beff133abf33a162f6036465117cd0a245679f0871b23f2021c6708ff3c,4401f1164d13f0399558701a85c310596a345bbb0d895c40ac09b12ddfc828d0,
yolov7_paper,detection,b307,hailo8_to_trt,orin_nx_hailo8_01,hailo8_to_trt,hailo8_to_trt,composed,,completed,screening,fail,fail,primary:coco_ap_50_95:decision:fail;primary:coco_ap_50_95:bootstrap_skipped_reason:point_estimate_below_non_inferiority_margin;guardrail:ap50:decision:fail;guardrail:ap50:bootstrap_skipped_reason:point_estimate_below_non_inferiority_margin;guardrail:ap75:decision:fail;guardrail:ap75:bootstrap_skipped_reason:point_estimate_below_non_inferiority_margin,,,coco_ap_50_95,0.24805540501003903,0.4520187916528286,-0.20396338664278957,-0.20396338664278957,-0.20396338664278957,0.01,500,0,management_process_pool:onnx_splitpoint_tool.quality_metrics:detection_quality_evaluator,point_estimate_below_non_inferiority_margin,6.002771716099232,0.32887227802252395,0.5973630231150453,-0.26849074509252135,-0.26849074509252135,-0.26849074509252135,0.01,fail,0.27181486246599074,0.4885298674409785,-0.21671500497498775,-0.21671500497498775,-0.21671500497498775,0.01,fail,,,,500,,,,,,dd43208593df1ed4a7292de4f716cb21d785512a6be62ab2813b2b2ede32a49c,fail,management_paired_quality_v2:detection-cached-matching-v2-ap75,2,"{""guardrails"":{""ap50_margin"":0.01,""ap75_margin"":0.01},""non_inferiority_margin"":0.01,""primary_metric"":""coco_ap_50_95""}","[""ap50"",""ap75""]",[],True,5703b639d90fdcce74bf36e604d7015ab98a484fdb99d13fd48e72e8d7500ebc,5f510f5777b9582745564e977ced30a362bae93915a165ac8a683637c11a7bbb,cc762beff133abf33a162f6036465117cd0a245679f0871b23f2021c6708ff3c,2488fbfabd24b45498b7e87834c7184cd888dcc6a2802705fcdd2402febe889f,
yolov7_paper,detection,full,tensorrt,orin_nx_deepx_m1_01,native_full_tensorrt,native_full_tensorrt,full,full_quality_only,completed,screening,pass,pass,primary:coco_ap_50_95:decision:pass;guardrail:ap50:decision:pass;guardrail:ap75:decision:pass,,,coco_ap_50_95,0.4610997713935368,0.4520187916528286,0.009080979740708206,0.006380598614734707,0.013434966803201078,0.01,500,500,management_process_pool:onnx_splitpoint_tool.quality_metrics:detection_quality_evaluator,,124.65256546495948,0.6101725048892715,0.5973630231150453,0.01280948177422625,0.009274250732246145,0.018534854947829648,0.01,pass,0.4986393684853274,0.4885298674409785,0.010109501044348934,0.006913634865670099,0.015124422654664647,0.01,pass,,,,500,,,,,,75e62ec1e8d0c38662334054f3f790b252141a655b4b8ab11deaca6832a02529,pass,management_paired_quality_v2:detection-cached-matching-v2-ap75,2,"{""guardrails"":{""ap50_margin"":0.01,""ap75_margin"":0.01},""non_inferiority_margin"":0.01,""primary_metric"":""coco_ap_50_95""}","[""ap50"",""ap75""]",[],True,5703b639d90fdcce74bf36e604d7015ab98a484fdb99d13fd48e72e8d7500ebc,2288eca2fb457b59e72a7b427bd344546e2b051e04dab3dea0867aa80e760b85,cc762beff133abf33a162f6036465117cd0a245679f0871b23f2021c6708ff3c,0658516e4fa4c14f805a76c0e94927b0d9d7338d322948922580b47018a123c4,4177c44c93b36896c960d5955a55dad72b1e27f58c4ae33035e7f374a195d843
yolov7_paper,detection,full,tensorrt,orin_nx_hailo10_01,native_full_tensorrt,native_full_tensorrt,full,full_quality_only,completed,screening,pass,pass,primary:coco_ap_50_95:decision:pass;guardrail:ap50:decision:pass;guardrail:ap75:decision:pass,,,coco_ap_50_95,0.461172669130276,0.4520187916528286,0.009153877477447392,0.006637458913705789,0.01345474277025796,0.01,500,500,management_process_pool:onnx_splitpoint_tool.quality_metrics:detection_quality_evaluator,,126.10625658603385,0.6101317939837232,0.5973630231150453,0.012768770868677892,0.00919987066510133,0.01837805086888551,0.01,pass,0.4985239738893538,0.4885298674409785,0.00999410644837534,0.00674752462996478,0.014866349732836936,0.01,pass,,,,500,,,,,,ebcf230008bf05ed0bf7eb0ba873d64e3fce86cf9b24b1ba8cc8d504bbf0006b,pass,management_paired_quality_v2:detection-cached-matching-v2-ap75,2,"{""guardrails"":{""ap50_margin"":0.01,""ap75_margin"":0.01},""non_inferiority_margin"":0.01,""primary_metric"":""coco_ap_50_95""}","[""ap50"",""ap75""]",[],True,5703b639d90fdcce74bf36e604d7015ab98a484fdb99d13fd48e72e8d7500ebc,e7981707538ad0f5131b9dae4da900034f17776413ea77b3567b828d7a47d57c,cc762beff133abf33a162f6036465117cd0a245679f0871b23f2021c6708ff3c,e44fd9452aef5e1daec06587c68365d4ff57d0352cad9831f80b084f6aa32724,e9e8dd0bfaff923a4790e26d5201b0d98bba6f11b3c0e0a2ecc6388cb7a67656
yolov7_paper,detection,full,tensorrt,orin_nx_hailo8_01,native_full_tensorrt,native_full_tensorrt,full,full_quality_only,completed,screening,pass,pass,primary:coco_ap_50_95:decision:pass;guardrail:ap50:decision:pass;guardrail:ap75:decision:pass,,,coco_ap_50_95,0.46113080632771447,0.4520187916528286,0.009112014674885871,0.006601054861565779,0.013398193817211471,0.01,500,500,management_process_pool:onnx_splitpoint_tool.quality_metrics:detection_quality_evaluator,,125.69736709492281,0.6101877480874409,0.5973630231150453,0.012824724972395618,0.009312580133991832,0.018446066120664562,0.01,pass,0.49851112794499874,0.4885298674409785,0.009981260504020262,0.006813572876819326,0.014935090287684792,0.01,pass,,,,500,,,,,,54a8a4ed5bb5fc03cfcc6e1b19a3c6797c2795f73e7cb12d7dd142e6ac80f6f7,pass,management_paired_quality_v2:detection-cached-matching-v2-ap75,2,"{""guardrails"":{""ap50_margin"":0.01,""ap75_margin"":0.01},""non_inferiority_margin"":0.01,""primary_metric"":""coco_ap_50_95""}","[""ap50"",""ap75""]",[],True,5703b639d90fdcce74bf36e604d7015ab98a484fdb99d13fd48e72e8d7500ebc,52ec6726a2ca30785bb0e90e89e8f86ecbaed90654432b5b28c3d893b667b3ba,cc762beff133abf33a162f6036465117cd0a245679f0871b23f2021c6708ff3c,42616243fe5948de341bfc26ae753dfec0d5187c7060c90c930ae498de318d90,6a08fede581d8038d0985a9b922a6d5da85d544f39cf769b02f61e7ebd4ea939
yolov7_paper,detection,b001,ort_tensorrt,orin_nx_deepx_m1_01,ort_tensorrt,ort_tensorrt,composed,,completed,screening,pass,pass,primary:coco_ap_50_95:decision:pass;guardrail:ap50:decision:pass;guardrail:ap75:decision:pass,,,coco_ap_50_95,0.4605183051227787,0.4520187916528286,0.008499513469950093,0.006040873033723684,0.012846245990248471,0.01,500,500,management_process_pool:onnx_splitpoint_tool.quality_metrics:detection_quality_evaluator,,125.21122796693817,0.608732178521407,0.5973630231150453,0.011369155406361742,0.006688246977311147,0.01725994389246021,0.01,pass,0.49829847774477576,0.4885298674409785,0.009768610303797276,0.006535976146172732,0.014642595277711742,0.01,pass,,,,500,,,,,,411cb527935aacd5c61a9993beea6a694a463503c029ab4acbae2ba020a202bf,pass,management_paired_quality_v2:detection-cached-matching-v2-ap75,2,"{""guardrails"":{""ap50_margin"":0.01,""ap75_margin"":0.01},""non_inferiority_margin"":0.01,""primary_metric"":""coco_ap_50_95""}","[""ap50"",""ap75""]",[],True,5703b639d90fdcce74bf36e604d7015ab98a484fdb99d13fd48e72e8d7500ebc,99389d9915408e52b1abde9191858ab7fceb8d73803eca52853eba9cf853db46,cc762beff133abf33a162f6036465117cd0a245679f0871b23f2021c6708ff3c,2ed6cd2f77dd3571d28d2181da1d07b410c49e1778b8feeb3f81f2c50744e1dd,
yolov7_paper,detection,b002,ort_tensorrt,orin_nx_deepx_m1_01,ort_tensorrt,ort_tensorrt,composed,,completed,screening,pass,pass,primary:coco_ap_50_95:decision:pass;guardrail:ap50:decision:pass;guardrail:ap75:decision:pass,,,coco_ap_50_95,0.46118156813961075,0.4520187916528286,0.009162776486782154,0.006580631804296733,0.013581146061114253,0.01,500,500,management_process_pool:onnx_splitpoint_tool.quality_metrics:detection_quality_evaluator,,127.82710468000732,0.6098608998692419,0.5973630231150453,0.012497876754196557,0.009006058040836956,0.017999108469854877,0.01,pass,0.4989956868959978,0.4885298674409785,0.010465819455019343,0.006980519998563839,0.015747634808632793,0.01,pass,,,,500,,,,,,889bdf1545662edc767d9dbc8fd0fe286682fb4a6f7447e41101c8b161fc7bd4,pass,management_paired_quality_v2:detection-cached-matching-v2-ap75,2,"{""guardrails"":{""ap50_margin"":0.01,""ap75_margin"":0.01},""non_inferiority_margin"":0.01,""primary_metric"":""coco_ap_50_95""}","[""ap50"",""ap75""]",[],True,5703b639d90fdcce74bf36e604d7015ab98a484fdb99d13fd48e72e8d7500ebc,a075cef45581657d26fe7bcf6ab02a57640f0a97862e852eabf4497b5745d632,cc762beff133abf33a162f6036465117cd0a245679f0871b23f2021c6708ff3c,d0ea879eae04003bb5517137e969d091b92c50f97e6a533a5a861301804c8bef,
yolov7_paper,detection,b013,ort_tensorrt,orin_nx_deepx_m1_01,ort_tensorrt,ort_tensorrt,composed,,completed,screening,pass,pass,primary:coco_ap_50_95:decision:pass;guardrail:ap50:decision:pass;guardrail:ap75:decision:pass,,,coco_ap_50_95,0.4611325281291352,0.4520187916528286,0.009113736476306589,0.00653182456579246,0.013314939987709358,0.01,500,500,management_process_pool:onnx_splitpoint_tool.quality_metrics:detection_quality_evaluator,,126.12120620103087,0.6100028695833712,0.5973630231150453,0.012639846468325944,0.009247139151543595,0.018343119306457194,0.01,pass,0.4985279885093027,0.4885298674409785,0.009998121068324206,0.006902971072522057,0.0147565141539227,0.01,pass,,,,500,,,,,,d7111c759a2fb349de81bc12ac9f6548949409c99063fe1d6bc12fe8a10803fe,pass,management_paired_quality_v2:detection-cached-matching-v2-ap75,2,"{""guardrails"":{""ap50_margin"":0.01,""ap75_margin"":0.01},""non_inferiority_margin"":0.01,""primary_metric"":""coco_ap_50_95""}","[""ap50"",""ap75""]",[],True,5703b639d90fdcce74bf36e604d7015ab98a484fdb99d13fd48e72e8d7500ebc,d15e3b7fb4c4a4fbf6129e6af7c0ceb34174927679f83509337a8902379c33aa,cc762beff133abf33a162f6036465117cd0a245679f0871b23f2021c6708ff3c,b64793e25f36eb8015e200ffba52063e061e96c104757eff34afd5be4a4dbb2d,
yolov7_paper,detection,b044,ort_tensorrt,orin_nx_deepx_m1_01,ort_tensorrt,ort_tensorrt,composed,,completed,screening,pass,pass,primary:coco_ap_50_95:decision:pass;guardrail:ap50:decision:pass;guardrail:ap75:decision:pass,,,coco_ap_50_95,0.46127505310663575,0.4520187916528286,0.009256261453807146,0.0066167569430968555,0.013665378700161643,0.01,500,500,management_process_pool:onnx_splitpoint_tool.quality_metrics:detection_quality_evaluator,,125.6849843179807,0.6104695506928728,0.5973630231150453,0.013106527577827487,0.009558793789541392,0.018915061700358848,0.01,pass,0.49879436259628224,0.4885298674409785,0.010264495155303754,0.006963263993446341,0.015375242493018379,0.01,pass,,,,500,,,,,,005008f3abd033936f1e04b6e3b001d3cec48650c2b0caa2089734b3ddaef198,pass,management_paired_quality_v2:detection-cached-matching-v2-ap75,2,"{""guardrails"":{""ap50_margin"":0.01,""ap75_margin"":0.01},""non_inferiority_margin"":0.01,""primary_metric"":""coco_ap_50_95""}","[""ap50"",""ap75""]",[],True,5703b639d90fdcce74bf36e604d7015ab98a484fdb99d13fd48e72e8d7500ebc,10fc40a058d2516c67326b521101920b6ae8d685bf06f9033fd9013b864bff98,cc762beff133abf33a162f6036465117cd0a245679f0871b23f2021c6708ff3c,0d6a6c81f3dfc80f2a55979a7a712b038ee29817421cbb9d3ce0693baa8e0ef4,
yolov7_paper,detection,b049,ort_tensorrt,orin_nx_deepx_m1_01,ort_tensorrt,ort_tensorrt,composed,,completed,screening,pass,pass,primary:coco_ap_50_95:decision:pass;guardrail:ap50:decision:pass;guardrail:ap75:decision:pass,,,coco_ap_50_95,0.4609584331089206,0.4520187916528286,0.008939641456091996,0.006307949530515264,0.013257185161333283,0.01,500,500,management_process_pool:onnx_splitpoint_tool.quality_metrics:detection_quality_evaluator,,125.44443580601364,0.6100290154005483,0.5973630231150453,0.012665992285503025,0.009070336962613702,0.018248921384518176,0.01,pass,0.4983279755523447,0.4885298674409785,0.009798108111366222,0.006470138907735102,0.014835480283705516,0.01,pass,,,,500,,,,,,2faf2b8d4a941d1a5a288e0f01c78ac0bb82c2a3d53cd84c839e6895c7355915,pass,management_paired_quality_v2:detection-cached-matching-v2-ap75,2,"{""guardrails"":{""ap50_margin"":0.01,""ap75_margin"":0.01},""non_inferiority_margin"":0.01,""primary_metric"":""coco_ap_50_95""}","[""ap50"",""ap75""]",[],True,5703b639d90fdcce74bf36e604d7015ab98a484fdb99d13fd48e72e8d7500ebc,58df26467bd725df0fd5130c68d7e717efd462c7ad38f553ce892be9c2565a54,cc762beff133abf33a162f6036465117cd0a245679f0871b23f2021c6708ff3c,75463edfbcb71eaf6b12d58f115a0741db8b0dd463277ab2c81688e5f993b717,
yolov7_paper,detection,b065,ort_tensorrt,orin_nx_deepx_m1_01,ort_tensorrt,ort_tensorrt,composed,,completed,screening,pass,pass,primary:coco_ap_50_95:decision:pass;guardrail:ap50:decision:pass;guardrail:ap75:decision:pass,,,coco_ap_50_95,0.4610004640391816,0.4520187916528286,0.008981672386353001,0.006392007287637809,0.013471280069298852,0.01,500,500,management_process_pool:onnx_splitpoint_tool.quality_metrics:detection_quality_evaluator,,124.81237891700584,0.6101495257975293,0.5973630231150453,0.012786502682484047,0.009122239134020826,0.01840504028774206,0.01,pass,0.4986299855376382,0.4885298674409785,0.010100118096659727,0.006949162183532329,0.014915706274622768,0.01,pass,,,,500,,,,,,a7f05098ecd5a2849cc5d9b17e52596d7efa24777fdb508d6ac4d559a0030540,pass,management_paired_quality_v2:detection-cached-matching-v2-ap75,2,"{""guardrails"":{""ap50_margin"":0.01,""ap75_margin"":0.01},""non_inferiority_margin"":0.01,""primary_metric"":""coco_ap_50_95""}","[""ap50"",""ap75""]",[],True,5703b639d90fdcce74bf36e604d7015ab98a484fdb99d13fd48e72e8d7500ebc,b54bf4169894bd91b319f625a1234dfa106277cf9e0f39601e3c96fe0ef3a484,cc762beff133abf33a162f6036465117cd0a245679f0871b23f2021c6708ff3c,1571a9a3c14c1c5c9c48edfdca7829d847684c93e177728835925ca9480665cd,
yolov7_paper,detection,b088,ort_tensorrt,orin_nx_deepx_m1_01,ort_tensorrt,ort_tensorrt,composed,,completed,screening,pass,pass,primary:coco_ap_50_95:decision:pass;guardrail:ap50:decision:pass;guardrail:ap75:decision:pass,,,coco_ap_50_95,0.46102693984589294,0.4520187916528286,0.009008148193064336,0.006374171933569537,0.013376174882628064,0.01,500,500,management_process_pool:onnx_splitpoint_tool.quality_metrics:detection_quality_evaluator,,125.36351523606572,0.6100823434106637,0.5973630231150453,0.012719320295618397,0.009117890528687273,0.0182545857158341,0.01,pass,0.49859013889575066,0.4885298674409785,0.010060271454772174,0.0068567066889563075,0.014940487887822887,0.01,pass,,,,500,,,,,,6d2cd951c4da01525a5d28b0d6bc131aa99df10dd261c24877d3f3055eee5185,pass,management_paired_quality_v2:detection-cached-matching-v2-ap75,2,"{""guardrails"":{""ap50_margin"":0.01,""ap75_margin"":0.01},""non_inferiority_margin"":0.01,""primary_metric"":""coco_ap_50_95""}","[""ap50"",""ap75""]",[],True,5703b639d90fdcce74bf36e604d7015ab98a484fdb99d13fd48e72e8d7500ebc,eec768cbe324dbc5cb5a9155460f953ff4bfbba707e056d4c425707705488dd0,cc762beff133abf33a162f6036465117cd0a245679f0871b23f2021c6708ff3c,bbbebcb439a9a3ec5f842f52703bc6f1be07dada7618bdfb30af584b22a28c03,
yolov7_paper,detection,b092,ort_tensorrt,orin_nx_deepx_m1_01,ort_tensorrt,ort_tensorrt,composed,,completed,screening,pass,pass,primary:coco_ap_50_95:decision:pass;guardrail:ap50:decision:pass;guardrail:ap75:decision:pass,,,coco_ap_50_95,0.4611445196133365,0.4520187916528286,0.009125727960507923,0.006549037334011397,0.013548117676737118,0.01,500,500,management_process_pool:onnx_splitpoint_tool.quality_metrics:detection_quality_evaluator,,126.1385378818959,0.6101182807218468,0.5973630231150453,0.012755257606801518,0.009233942584100619,0.018497346022553384,0.01,pass,0.4982646295542617,0.4885298674409785,0.009734762113283224,0.006706331736946594,0.014750143404143032,0.01,pass,,,,500,,,,,,0485f8162cddc1d417efe207ef0ee8e8399b5a403f5af6b325a5d1ffe14a9caf,pass,management_paired_quality_v2:detection-cached-matching-v2-ap75,2,"{""guardrails"":{""ap50_margin"":0.01,""ap75_margin"":0.01},""non_inferiority_margin"":0.01,""primary_metric"":""coco_ap_50_95""}","[""ap50"",""ap75""]",[],True,5703b639d90fdcce74bf36e604d7015ab98a484fdb99d13fd48e72e8d7500ebc,037743728e08c7856bbdab3a2cbd471076ba81b6bb28321a6dcf8289b14ec1bd,cc762beff133abf33a162f6036465117cd0a245679f0871b23f2021c6708ff3c,3e384bfa1d438aab54886b217e31ddd686a06140f104499ff714c1e71874b1df,
yolov7_paper,detection,b114,ort_tensorrt,orin_nx_deepx_m1_01,ort_tensorrt,ort_tensorrt,composed,,completed,screening,pass,pass,primary:coco_ap_50_95:decision:pass;guardrail:ap50:decision:pass;guardrail:ap75:decision:pass,,,coco_ap_50_95,0.46111439598088,0.4520187916528286,0.009095604328051399,0.006392223433503716,0.013436977786413676,0.01,500,500,management_process_pool:onnx_splitpoint_tool.quality_metrics:detection_quality_evaluator,,126.90703433693852,0.6100456760532342,0.5973630231150453,0.012682652938188932,0.00916404045475659,0.018489350210976842,0.01,pass,0.4985033968684844,0.4885298674409785,0.0099735294275059,0.006775935597577377,0.014895095770401571,0.01,pass,,,,500,,,,,,95a3106d7ed0cee9a7d5e136c123caff4e696f55786e96e9908d9686636e44f5,pass,management_paired_quality_v2:detection-cached-matching-v2-ap75,2,"{""guardrails"":{""ap50_margin"":0.01,""ap75_margin"":0.01},""non_inferiority_margin"":0.01,""primary_metric"":""coco_ap_50_95""}","[""ap50"",""ap75""]",[],True,5703b639d90fdcce74bf36e604d7015ab98a484fdb99d13fd48e72e8d7500ebc,43a489d4bce22ac1659da4a0c8e11b0a92eeb7d63be17b90dd8a982168c4a449,cc762beff133abf33a162f6036465117cd0a245679f0871b23f2021c6708ff3c,947075aa0a8bd8067a11f419c928d44bb022430cccecee4fc43a3907a39be722,
yolov7_paper,detection,b134,ort_tensorrt,orin_nx_deepx_m1_01,ort_tensorrt,ort_tensorrt,composed,,completed,screening,pass,pass,primary:coco_ap_50_95:decision:pass;guardrail:ap50:decision:pass;guardrail:ap75:decision:pass,,,coco_ap_50_95,0.46111985262916744,0.4520187916528286,0.009101060976338837,0.006522186299224847,0.013377773210108794,0.01,500,500,management_process_pool:onnx_splitpoint_tool.quality_metrics:detection_quality_evaluator,,125.437526510912,0.610007356035311,0.5973630231150453,0.012644332920265677,0.009099304190004315,0.018262779971130075,0.01,pass,0.49857493725854274,0.4885298674409785,0.010045069817564256,0.006825023259193075,0.01478976482099641,0.01,pass,,,,500,,,,,,02d6e3ed62b1c5539206bbad486ef3bcc765aeccdfdf94bc0e1707f1025339f4,pass,management_paired_quality_v2:detection-cached-matching-v2-ap75,2,"{""guardrails"":{""ap50_margin"":0.01,""ap75_margin"":0.01},""non_inferiority_margin"":0.01,""primary_metric"":""coco_ap_50_95""}","[""ap50"",""ap75""]",[],True,5703b639d90fdcce74bf36e604d7015ab98a484fdb99d13fd48e72e8d7500ebc,801bb5e7fa1eb28720cd61f2e0423f67a1293941d8faba119a2c5bfd102a5917,cc762beff133abf33a162f6036465117cd0a245679f0871b23f2021c6708ff3c,340a0ce4ea67e43c9d2f9b2ac9f232638ed2e2a555e641b3cba9cdcd9d80f162,
yolov7_paper,detection,b155,ort_tensorrt,orin_nx_deepx_m1_01,ort_tensorrt,ort_tensorrt,composed,,completed,screening,pass,pass,primary:coco_ap_50_95:decision:pass;guardrail:ap50:decision:pass;guardrail:ap75:decision:pass,,,coco_ap_50_95,0.4610787257596408,0.4520187916528286,0.009059934106812217,0.006507175860802389,0.013464500154575705,0.01,500,500,management_process_pool:onnx_splitpoint_tool.quality_metrics:detection_quality_evaluator,,125.56101951689925,0.6101405352409376,0.5973630231150453,0.012777512125892287,0.009253168835349147,0.018427309135870158,0.01,pass,0.498469251613732,0.4885298674409785,0.00993938417275353,0.006755690418621757,0.014871229982830853,0.01,pass,,,,500,,,,,,bee21df3f6d1f8797d0191386ef749eceb24c5f4229e8b8d941b3d370afa22e9,pass,management_paired_quality_v2:detection-cached-matching-v2-ap75,2,"{""guardrails"":{""ap50_margin"":0.01,""ap75_margin"":0.01},""non_inferiority_margin"":0.01,""primary_metric"":""coco_ap_50_95""}","[""ap50"",""ap75""]",[],True,5703b639d90fdcce74bf36e604d7015ab98a484fdb99d13fd48e72e8d7500ebc,9583f759ae98d69a65bdba180d867640d2d3f2fb94a5ed3ddc74b49b09e86a96,cc762beff133abf33a162f6036465117cd0a245679f0871b23f2021c6708ff3c,f52cfce29466dad6b2a9c9b20afd47b7f21e3a5b7956a62027ec974538802a0c,
yolov7_paper,detection,b165,ort_tensorrt,orin_nx_deepx_m1_01,ort_tensorrt,ort_tensorrt,composed,,completed,screening,pass,pass,primary:coco_ap_50_95:decision:pass;guardrail:ap50:decision:pass;guardrail:ap75:decision:pass,,,coco_ap_50_95,0.46088890280436257,0.4520187916528286,0.008870111151533966,0.006226680090040063,0.013165111027593273,0.01,500,500,management_process_pool:onnx_splitpoint_tool.quality_metrics:detection_quality_evaluator,,126.44398166798055,0.6098243636678499,0.5973630231150453,0.012461340552804567,0.008697127579241124,0.018109300727694788,0.01,pass,0.4983292877471241,0.4885298674409785,0.009799420306145612,0.006656878154343226,0.014728331475075985,0.01,pass,,,,500,,,,,,97ee46f6506111efe1bcd9051208e617014cc0cbe31a2d693181ccf9feb5a073,pass,management_paired_quality_v2:detection-cached-matching-v2-ap75,2,"{""guardrails"":{""ap50_margin"":0.01,""ap75_margin"":0.01},""non_inferiority_margin"":0.01,""primary_metric"":""coco_ap_50_95""}","[""ap50"",""ap75""]",[],True,5703b639d90fdcce74bf36e604d7015ab98a484fdb99d13fd48e72e8d7500ebc,1b295c1e187acf91922902eed1fdbd90f22058ea1893ba9b6640c6df0e8925bb,cc762beff133abf33a162f6036465117cd0a245679f0871b23f2021c6708ff3c,195350171567c226a2e07c2abfc4e8ef068688bae75bb1865b1d30c438548642,
yolov7_paper,detection,b186,ort_tensorrt,orin_nx_deepx_m1_01,ort_tensorrt,ort_tensorrt,composed,,completed,screening,pass,pass,primary:coco_ap_50_95:decision:pass;guardrail:ap50:decision:pass;guardrail:ap75:decision:pass,,,coco_ap_50_95,0.46079437706066234,0.4520187916528286,0.008775585407833741,0.006206566101341108,0.01319593965813958,0.01,500,500,management_process_pool:onnx_splitpoint_tool.quality_metrics:detection_quality_evaluator,,125.12367236299906,0.609873165291651,0.5973630231150453,0.012510142176605732,0.008950608408082766,0.018221973425988434,0.01,pass,0.4981351198370357,0.4885298674409785,0.009605252396057196,0.006506369451812816,0.01463670631494148,0.01,pass,,,,500,,,,,,41d8a17902715bf6960b35089dd4d157f9362c84ef71361ae8962d795d15a9e0,pass,management_paired_quality_v2:detection-cached-matching-v2-ap75,2,"{""guardrails"":{""ap50_margin"":0.01,""ap75_margin"":0.01},""non_inferiority_margin"":0.01,""primary_metric"":""coco_ap_50_95""}","[""ap50"",""ap75""]",[],True,5703b639d90fdcce74bf36e604d7015ab98a484fdb99d13fd48e72e8d7500ebc,b8a8735f25ff7ec43eee6743bd7d7f361d72e98991549eadb777cce22dd9f016,cc762beff133abf33a162f6036465117cd0a245679f0871b23f2021c6708ff3c,0e2eeeaaa3addac4767e845dc04d140f5e911650d2017b05c13e7f9d3af9751e,
yolov7_paper,detection,b189,ort_tensorrt,orin_nx_deepx_m1_01,ort_tensorrt,ort_tensorrt,composed,,completed,screening,pass,pass,primary:coco_ap_50_95:decision:pass;guardrail:ap50:decision:pass;guardrail:ap75:decision:pass,,,coco_ap_50_95,0.4609416003562141,0.4520187916528286,0.00892280870338552,0.006391054987635967,0.013334893014630471,0.01,500,500,management_process_pool:onnx_splitpoint_tool.quality_metrics:detection_quality_evaluator,,126.17865885409992,0.6100475720415759,0.5973630231150453,0.012684548926530592,0.009093332747877098,0.018283669205316697,0.01,pass,0.4984709498629269,0.4885298674409785,0.00994108242194841,0.006737662905292297,0.014697277808136039,0.01,pass,,,,500,,,,,,0df3669f45440aa515ea338ae25280f531f608ceb17787761230a04c3a2fa6c2,pass,management_paired_quality_v2:detection-cached-matching-v2-ap75,2,"{""guardrails"":{""ap50_margin"":0.01,""ap75_margin"":0.01},""non_inferiority_margin"":0.01,""primary_metric"":""coco_ap_50_95""}","[""ap50"",""ap75""]",[],True,5703b639d90fdcce74bf36e604d7015ab98a484fdb99d13fd48e72e8d7500ebc,09eb86ce272647ab7465f7db2465516b7c47478c746d0186ea6146ef9603dd98,cc762beff133abf33a162f6036465117cd0a245679f0871b23f2021c6708ff3c,0d4180e9955d3faff1e4dfe3382ee49b82ed1171859cafdf4303249b25449998,
yolov7_paper,detection,b222,ort_tensorrt,orin_nx_deepx_m1_01,ort_tensorrt,ort_tensorrt,composed,,completed,screening,pass,pass,primary:coco_ap_50_95:decision:pass;guardrail:ap50:decision:pass;guardrail:ap75:decision:pass,,,coco_ap_50_95,0.460779193203048,0.4520187916528286,0.008760401550219399,0.006171564365571156,0.013114976539469553,0.01,500,500,management_process_pool:onnx_splitpoint_tool.quality_metrics:detection_quality_evaluator,,125.25050767697394,0.6099280250083544,0.5973630231150453,0.012565001893309113,0.008878013872816693,0.018284873880876188,0.01,pass,0.49819651786237956,0.4885298674409785,0.00966665042140108,0.006403187419843466,0.0146165785088487,0.01,pass,,,,500,,,,,,75b6fe1c6a4a69d60ee54b2f3a3fad2ba3ed365c6a5b00302e30ef2a95b90379,pass,management_paired_quality_v2:detection-cached-matching-v2-ap75,2,"{""guardrails"":{""ap50_margin"":0.01,""ap75_margin"":0.01},""non_inferiority_margin"":0.01,""primary_metric"":""coco_ap_50_95""}","[""ap50"",""ap75""]",[],True,5703b639d90fdcce74bf36e604d7015ab98a484fdb99d13fd48e72e8d7500ebc,9ae21e2cb38de5193bc495a8ca9bf44a44870382da2691ceb4f1e260eac0e4bd,cc762beff133abf33a162f6036465117cd0a245679f0871b23f2021c6708ff3c,eb07b3ff54b010184b42555c9b9c37381efe2bee7065864bfbf17eec2a6daae3,
yolov7_paper,detection,b228,ort_tensorrt,orin_nx_deepx_m1_01,ort_tensorrt,ort_tensorrt,composed,,completed,screening,pass,pass,primary:coco_ap_50_95:decision:pass;guardrail:ap50:decision:pass;guardrail:ap75:decision:pass,,,coco_ap_50_95,0.46090181996990554,0.4520187916528286,0.008883028317076935,0.006224177636213052,0.01329686745325487,0.01,500,500,management_process_pool:onnx_splitpoint_tool.quality_metrics:detection_quality_evaluator,,125.73833475098945,0.6098651671745252,0.5973630231150453,0.012502144059479914,0.009014429105307363,0.018243112395688075,0.01,pass,0.4982541547719352,0.4885298674409785,0.009724287330956705,0.006631737223299148,0.014626235326091813,0.01,pass,,,,500,,,,,,cea82014aca7371f2cc454f5bfee974a72502e46b6f4d299f93eecd5d5facf89,pass,management_paired_quality_v2:detection-cached-matching-v2-ap75,2,"{""guardrails"":{""ap50_margin"":0.01,""ap75_margin"":0.01},""non_inferiority_margin"":0.01,""primary_metric"":""coco_ap_50_95""}","[""ap50"",""ap75""]",[],True,5703b639d90fdcce74bf36e604d7015ab98a484fdb99d13fd48e72e8d7500ebc,eaa2a907bbfe8508edd2cc6e412f400ce200fd07fe0b775ffd3aeb4188852559,cc762beff133abf33a162f6036465117cd0a245679f0871b23f2021c6708ff3c,1c0023153beede524a8a0491e1212e2537317e3eeb7f243e4e798a4fba7c76ad,
yolov7_paper,detection,b262,ort_tensorrt,orin_nx_deepx_m1_01,ort_tensorrt,ort_tensorrt,composed,,completed,screening,pass,pass,primary:coco_ap_50_95:decision:pass;guardrail:ap50:decision:pass;guardrail:ap75:decision:pass,,,coco_ap_50_95,0.46112347930605235,0.4520187916528286,0.009104687653223753,0.006432908467081639,0.013515518825267355,0.01,500,500,management_process_pool:onnx_splitpoint_tool.quality_metrics:detection_quality_evaluator,,125.37235169892665,0.6100057809161815,0.5973630231150453,0.012642757801136217,0.00901530430687978,0.018300551724957398,0.01,pass,0.49857048201051973,0.4885298674409785,0.01004061456954125,0.006919481222726629,0.014823677885281349,0.01,pass,,,,500,,,,,,6531525e94f15ca29ece6446873983e824db757f2b2f49118656dc5c78fba0f9,pass,management_paired_quality_v2:detection-cached-matching-v2-ap75,2,"{""guardrails"":{""ap50_margin"":0.01,""ap75_margin"":0.01},""non_inferiority_margin"":0.01,""primary_metric"":""coco_ap_50_95""}","[""ap50"",""ap75""]",[],True,5703b639d90fdcce74bf36e604d7015ab98a484fdb99d13fd48e72e8d7500ebc,0dcdb6b7538dda3f0eabeaef480cbedd885c12d2b232735532400953ce8bc7ce,cc762beff133abf33a162f6036465117cd0a245679f0871b23f2021c6708ff3c,be195b3fa15afd02ad2700a0fe50cd1dfad6a452cc15148c64da9535912cd4bf,
yolov7_paper,detection,b270,ort_tensorrt,orin_nx_deepx_m1_01,ort_tensorrt,ort_tensorrt,composed,,completed,screening,pass,pass,primary:coco_ap_50_95:decision:pass;guardrail:ap50:decision:pass;guardrail:ap75:decision:pass,,,coco_ap_50_95,0.4610741175199388,0.4520187916528286,0.00905532586711022,0.00643540709234296,0.013436674604914638,0.01,500,500,management_process_pool:onnx_splitpoint_tool.quality_metrics:detection_quality_evaluator,,124.76286342309322,0.6098650601295994,0.5973630231150453,0.012502037014554102,0.008883083856037564,0.017942725242816992,0.01,pass,0.4985489899624545,0.4885298674409785,0.01001912252147602,0.006835254462824004,0.014812851177865903,0.01,pass,,,,500,,,,,,03c3c8a8c58454252725bde4bfdc1ad99dfc3664e09ca9bd5ce0d060affdc602,pass,management_paired_quality_v2:detection-cached-matching-v2-ap75,2,"{""guardrails"":{""ap50_margin"":0.01,""ap75_margin"":0.01},""non_inferiority_margin"":0.01,""primary_metric"":""coco_ap_50_95""}","[""ap50"",""ap75""]",[],True,5703b639d90fdcce74bf36e604d7015ab98a484fdb99d13fd48e72e8d7500ebc,6aa7ca6e89e4335f99b9434717da31e2d48c0f40dbb599099be6c5df98d26a14,cc762beff133abf33a162f6036465117cd0a245679f0871b23f2021c6708ff3c,f666c6a49196f7cdc891c459b403951af4ab7bd591fabae293adca773774b391,
yolov7_paper,detection,b306,ort_tensorrt,orin_nx_deepx_m1_01,ort_tensorrt,ort_tensorrt,composed,,completed,screening,pass,pass,primary:coco_ap_50_95:decision:pass;guardrail:ap50:decision:pass;guardrail:ap75:decision:pass,,,coco_ap_50_95,0.461277171412741,0.4520187916528286,0.009258379759912394,0.006691590061770861,0.013633593253918034,0.01,500,500,management_process_pool:onnx_splitpoint_tool.quality_metrics:detection_quality_evaluator,,125.40805304504465,0.6101054271240487,0.5973630231150453,0.012742404009003394,0.009289579167795528,0.018408400995400104,0.01,pass,0.49939720235433016,0.4885298674409785,0.010867334913351678,0.007360534245710343,0.016187268983454295,0.01,pass,,,,500,,,,,,cf837af888bc1a1e7ffa65fe22daed4a832049f3c5ea16ae4fb87166d7f90cfe,pass,management_paired_quality_v2:detection-cached-matching-v2-ap75,2,"{""guardrails"":{""ap50_margin"":0.01,""ap75_margin"":0.01},""non_inferiority_margin"":0.01,""primary_metric"":""coco_ap_50_95""}","[""ap50"",""ap75""]",[],True,5703b639d90fdcce74bf36e604d7015ab98a484fdb99d13fd48e72e8d7500ebc,b18f81861c8b953f95b2129a9e69446c89f1af69412430e06570c9e6a965b44c,cc762beff133abf33a162f6036465117cd0a245679f0871b23f2021c6708ff3c,450c7e7bfeb6c1bca69e386c7a54ade8ecc37234b7d56e356909fd05f07dca0d,
yolov7_paper,detection,b306,ort_tensorrt,orin_nx_deepx_m1_01,ort_tensorrt,ort_tensorrt,full,,completed,screening,pass,pass,primary:coco_ap_50_95:decision:pass;guardrail:ap50:decision:pass;guardrail:ap75:decision:pass,,,coco_ap_50_95,0.4610997713935368,0.4520187916528286,0.009080979740708206,0.006380598614734707,0.013434966803201078,0.01,500,500,management_process_pool:onnx_splitpoint_tool.quality_metrics:detection_quality_evaluator,,124.77755104890093,0.6101725048892715,0.5973630231150453,0.01280948177422625,0.009274250732246145,0.018534854947829648,0.01,pass,0.4986393684853274,0.4885298674409785,0.010109501044348934,0.006913634865670099,0.015124422654664647,0.01,pass,,,,500,,,,,,0b2b0a1adefefddbcbd53c301c75bde01c09394945ab16df48e0cbf5a1b0f1b6,pass,management_paired_quality_v2:detection-cached-matching-v2-ap75,2,"{""guardrails"":{""ap50_margin"":0.01,""ap75_margin"":0.01},""non_inferiority_margin"":0.01,""primary_metric"":""coco_ap_50_95""}","[""ap50"",""ap75""]",[],True,5703b639d90fdcce74bf36e604d7015ab98a484fdb99d13fd48e72e8d7500ebc,2288eca2fb457b59e72a7b427bd344546e2b051e04dab3dea0867aa80e760b85,cc762beff133abf33a162f6036465117cd0a245679f0871b23f2021c6708ff3c,aeef92e3e05d044f06acad87dd62e1126c2f451dcf73afa9c9c018c20f61d7f1,
yolov7_paper,detection,b307,ort_tensorrt,orin_nx_deepx_m1_01,ort_tensorrt,ort_tensorrt,composed,,completed,screening,pass,pass,primary:coco_ap_50_95:decision:pass;guardrail:ap50:decision:pass;guardrail:ap75:decision:pass,,,coco_ap_50_95,0.4611303251829589,0.4520187916528286,0.009111533530130278,0.006422042550224153,0.013487047927258274,0.01,500,500,management_process_pool:onnx_splitpoint_tool.quality_metrics:detection_quality_evaluator,,125.87089693197049,0.6099363341466477,0.5973630231150453,0.012573311031602419,0.009072460426522603,0.018135595328180897,0.01,pass,0.4986305611208081,0.4885298674409785,0.010100693679829631,0.006912767351189928,0.014936578855681542,0.01,pass,,,,500,,,,,,0a2b7fd3277aef1908444bef2eed08f62362a74658443bdbd51b89d3a6bf46ea,pass,management_paired_quality_v2:detection-cached-matching-v2-ap75,2,"{""guardrails"":{""ap50_margin"":0.01,""ap75_margin"":0.01},""non_inferiority_margin"":0.01,""primary_metric"":""coco_ap_50_95""}","[""ap50"",""ap75""]",[],True,5703b639d90fdcce74bf36e604d7015ab98a484fdb99d13fd48e72e8d7500ebc,16c29853e847758c552a358a2a96f19905d64be6c2979652fb554e5f8ff48e45,cc762beff133abf33a162f6036465117cd0a245679f0871b23f2021c6708ff3c,689fb094480c26ef43158af9034ffe2cb9a7d18d65f6f3ad1c9ee1abfc64b50f,
